mtllib SM_Antenna_01_LOD2.mtl
g SM_Antenna_01_LOD2
#Vertices 4197
#Indices 13053
#Section 0 Offset 0 NumIndices 6024 MaterialIndex 1 MI_Antenna_Plastic_02
#Section 1 Offset 6024 NumIndices 5547 MaterialIndex 2 MI_Antenna_Plastic_01
#Section 2 Offset 11571 NumIndices 1458 MaterialIndex 3 MI_Antenna_Metal_3
#Section 3 Offset 13029 NumIndices 24 MaterialIndex 0 MI_Antenna_Plastic_03
v 0.450292 2.358507 -0.252263
v 0.447020 2.361779 -0.252265
v 0.450216 2.361681 -0.244209
v 0.086732 2.361678 -0.244398
v 0.089939 2.361779 -0.252451
v 0.086666 2.358507 -0.252452
v 0.472677 1.749210 0.255281
v 0.476353 1.751771 0.256908
v 0.441337 1.749115 0.202813
v 0.450235 1.857577 -0.244210
v 0.086740 1.857603 -0.244399
v 0.089939 1.857593 -0.252451
v 0.447020 1.857593 -0.252265
v 0.089939 2.361779 -0.252451
v 0.086732 2.361678 -0.244398
v 0.450216 2.361681 -0.244209
v 0.447020 2.361779 -0.252265
v 0.089939 2.605674 -0.252451
v 0.447020 2.605674 -0.252265
v 0.450254 2.605675 -0.244211
v 0.086684 2.605680 -0.244400
v 0.463577 2.444663 0.393451
v 0.163992 2.444663 0.587761
v 0.156893 2.444663 0.582767
v 0.461922 2.444669 0.384927
v 0.460381 1.822482 0.393975
v 0.160257 1.822482 0.587450
v 0.153208 1.822463 0.582413
v 0.458678 1.822494 0.385491
v 0.153245 2.192393 0.582389
v 0.160257 2.192395 0.587450
v 0.460381 2.192395 0.393975
v 0.458669 2.192386 0.385497
v 0.030394 1.509814 -0.000000
v 0.030394 0.000000 0.000000
v 0.281447 0.000000 0.000000
v 0.281447 1.509814 -0.000000
v 0.290596 0.000000 0.003790
v 0.290596 1.509814 0.003790
v 0.308051 1.509814 0.021244
v 0.308051 0.000000 0.021244
v 0.311841 0.000000 0.030394
v 0.311841 1.509814 0.030394
v 0.311841 0.000000 0.166718
v 0.311841 1.509814 0.166718
v 0.306531 0.000000 0.179536
v 0.306531 1.509814 0.179536
v 0.213224 1.509814 0.272844
v 0.213224 0.000000 0.272844
v 0.200406 0.000000 0.278153
v 0.200406 1.509814 0.278153
v 0.111435 0.000000 0.278153
v 0.111435 1.509814 0.278153
v 0.098617 0.000000 0.272844
v 0.098617 1.509814 0.272844
v 0.005309 1.509814 0.179536
v 0.005309 0.000000 0.179536
v 0.000000 0.000000 0.166718
v 0.000000 1.509814 0.166718
v 0.000000 0.000000 0.030394
v 0.000000 1.509814 0.030394
v 0.003790 0.000000 0.021244
v 0.003790 1.509814 0.021244
v 0.021244 1.509814 0.003790
v 0.021244 0.000000 0.003790
v 0.030394 0.000000 0.000000
v 0.030394 1.509814 -0.000000
v 0.993068 0.000827 0.011855
v 0.993166 0.000001 0.433314
v 0.993223 0.021065 0.433783
v 0.993004 0.021303 0.011671
v 0.990982 0.025478 0.433483
v 0.991030 0.025418 0.010819
v 0.978786 0.035142 0.222523
v 0.978590 0.035184 0.016861
v 0.978760 0.034991 0.428377
v 0.314883 0.000827 0.433253
v 0.314784 0.000001 0.011795
v 0.314728 0.021062 0.011319
v 0.314947 0.021303 0.433437
v 0.316968 0.025470 0.011517
v 0.316921 0.025418 0.434290
v 0.329165 0.035142 0.222587
v 0.329360 0.035184 0.428247
v 0.329192 0.034991 0.016727
v 0.182320 2.135308 0.372936
v 0.074469 2.135308 0.447983
v 0.077568 2.147996 0.439424
v 0.173217 2.147996 0.372867
v 0.063542 2.172552 0.419267
v 0.159191 2.172552 0.352711
v 0.042198 2.172552 0.388593
v 0.046217 2.172552 0.366187
v 0.115440 2.172552 0.318018
v 0.137847 2.172552 0.322037
v 0.318466 2.246709 -0.082094
v 0.449859 2.246709 -0.082094
v 0.442426 2.259398 -0.076838
v 0.325899 2.259398 -0.076838
v 0.442426 2.283953 -0.052282
v 0.325899 2.283953 -0.052282
v 0.442426 2.283953 -0.014913
v 0.426329 2.283953 0.001184
v 0.341996 2.283953 0.001184
v 0.325899 2.283953 -0.014913
v 0.177493 3.233412 0.370629
v 0.067767 3.233412 0.442907
v 0.071083 3.246100 0.434429
v 0.168395 3.246100 0.370328
v 0.057575 3.270657 0.413923
v 0.154887 3.270657 0.349822
v 0.037018 3.270657 0.382716
v 0.041606 3.270657 0.360418
v 0.112032 3.270657 0.314027
v 0.134330 3.270657 0.318615
v 0.318466 3.397097 -0.082094
v 0.449859 3.397097 -0.082094
v 0.442426 3.409786 -0.076838
v 0.325899 3.409786 -0.076838
v 0.442426 3.434341 -0.052282
v 0.325899 3.434342 -0.052282
v 0.442426 3.434342 -0.014913
v 0.426329 3.434342 0.001184
v 0.341996 3.434342 0.001184
v 0.325899 3.434342 -0.014913
v 0.450292 2.358507 -0.252263
v 0.450216 2.361681 -0.244209
v 0.450235 1.857577 -0.244210
v 0.450292 1.860865 -0.252263
v 0.447020 1.857593 -0.252265
v 0.516428 1.820879 -0.228873
v 0.516461 1.819924 -0.156731
v 0.518416 1.825117 -0.154943
v 0.518438 1.825117 -0.223724
v 0.518368 2.398440 -0.154087
v 0.518438 2.394255 -0.223724
v 0.516370 2.398444 -0.229018
v 0.515144 1.787594 -0.154945
v 0.513563 1.801487 -0.155584
v 0.508984 1.811188 -0.164386
v 0.516320 1.784060 -0.157605
v 0.508985 1.815470 -0.219525
v 0.518404 1.786833 -0.226503
v 0.489587 1.801763 -0.254492
v 0.489942 1.787594 -0.255515
v 0.480333 1.811794 -0.243686
v 0.047020 1.797379 -0.255745
v 0.047020 1.787594 -0.255745
v 0.020858 1.784243 -0.226936
v 0.047925 1.802911 -0.253558
v 0.056581 1.811794 -0.243368
v 0.032057 1.811248 -0.220050
v 0.020486 1.805171 -0.223596
v 0.020688 1.784220 -0.158194
v 0.027612 1.811432 -0.164503
v 0.021713 1.787594 -0.155201
v 0.023407 1.801851 -0.156286
v 0.086666 1.860865 -0.252452
v 0.089939 1.857593 -0.252451
v 0.086740 1.857603 -0.244399
v 0.086666 2.358507 -0.252452
v 0.086732 2.361678 -0.244398
v 0.524747 1.811882 -0.135616
v 0.010224 1.812680 -0.137397
v 0.005581 1.802628 -0.144247
v 0.533940 1.800021 -0.145496
v 0.004402 1.787594 -0.145858
v 0.532446 1.787594 -0.145583
v 0.533567 1.784290 -0.142467
v 0.508984 2.408184 -0.164386
v 0.027612 2.407940 -0.164503
v 0.023407 2.417521 -0.156286
v 0.513563 2.417885 -0.155584
v 0.021713 2.431778 -0.155201
v 0.515144 2.431778 -0.154945
v 0.020613 2.398422 -0.229322
v 0.020398 2.399448 -0.156989
v 0.018441 2.394255 -0.155203
v 0.018492 2.394255 -0.223984
v 0.018441 1.825117 -0.155203
v 0.018492 1.825117 -0.223984
v 0.020450 1.820847 -0.229081
v 0.020398 1.819924 -0.156989
v 0.005581 2.416744 -0.144247
v 0.004402 2.431778 -0.145858
v 0.003649 2.435117 -0.142943
v 0.010224 2.406692 -0.137397
v 0.003084 2.435236 -0.081605
v 0.009392 2.406474 -0.088905
v 0.004345 2.431778 -0.078869
v 0.006757 2.416901 -0.080367
v 0.015045 2.407456 -0.088864
v 0.521743 2.407456 -0.088600
v 0.530138 2.417007 -0.079608
v 0.532433 2.431778 -0.078595
v 0.527637 2.406220 -0.088364
v 0.533739 2.435138 -0.081599
v 0.533940 2.419351 -0.145496
v 0.524747 2.407490 -0.135616
v 0.533567 2.435082 -0.142468
v 0.532433 2.431778 -0.078595
v 0.004345 2.431778 -0.078869
v 0.003084 2.435236 -0.081605
v 0.533739 2.435138 -0.081599
v 0.003649 2.435117 -0.142943
v 0.533567 2.435082 -0.142468
v 0.532446 2.431778 -0.145583
v 0.004402 2.431778 -0.145858
v 0.450292 3.612225 -0.252263
v 0.450289 3.615372 -0.244211
v 0.450254 2.605675 -0.244211
v 0.450292 2.608946 -0.252263
v 0.447020 2.605674 -0.252265
v 0.450289 3.615372 -0.244211
v 0.450292 3.612225 -0.252263
v 0.447020 3.615497 -0.252265
v 0.086664 3.615379 -0.244400
v 0.089939 3.615497 -0.252451
v 0.086666 3.612225 -0.252453
v 0.515144 2.535675 -0.154945
v 0.513456 2.550072 -0.155826
v 0.509256 2.559513 -0.164252
v 0.516330 2.532143 -0.157604
v 0.509020 2.563643 -0.219505
v 0.518404 2.534914 -0.226502
v 0.489573 2.550380 -0.254195
v 0.480333 2.559875 -0.243686
v 0.489942 2.535675 -0.255515
v 0.056581 2.559875 -0.243368
v 0.047672 2.550290 -0.254859
v 0.047020 2.535675 -0.255745
v 0.027582 2.563902 -0.219568
v 0.021329 2.532222 -0.227624
v 0.020697 2.532301 -0.158194
v 0.027884 2.559269 -0.164636
v 0.021713 2.535675 -0.155201
v 0.023286 2.549312 -0.156003
v 0.086666 2.608946 -0.252452
v 0.089939 2.605674 -0.252451
v 0.086684 2.605680 -0.244400
v 0.086666 3.612225 -0.252453
v 0.086664 3.615379 -0.244400
v 0.524747 2.559963 -0.135616
v 0.010223 2.560762 -0.137397
v 0.005581 2.550709 -0.144247
v 0.533940 2.548103 -0.145496
v 0.004402 2.535675 -0.145858
v 0.532446 2.535675 -0.145583
v 0.533567 2.532371 -0.142468
v 0.161247 3.451213 0.589541
v 0.156864 3.454361 0.582786
v 0.156893 2.444663 0.582767
v 0.161246 2.447935 0.589541
v 0.163992 2.444663 0.587761
v 0.156864 3.454361 0.582786
v 0.161247 3.451213 0.589541
v 0.163992 3.454486 0.587761
v 0.461939 3.454368 0.384916
v 0.463577 3.454486 0.393451
v 0.466322 3.451213 0.391671
v 0.053856 2.374664 0.543239
v 0.055752 2.389061 0.543058
v 0.063864 2.398502 0.547838
v 0.054310 2.371132 0.546115
v 0.094152 2.402632 0.594050
v 0.090092 2.373903 0.605029
v 0.129354 2.389369 0.612554
v 0.131380 2.398864 0.598708
v 0.129763 2.374664 0.613862
v 0.486607 2.398864 0.367667
v 0.500338 2.389279 0.372453
v 0.501367 2.374664 0.372841
v 0.497967 2.402890 0.331913
v 0.507599 2.371211 0.335265
v 0.470318 2.371290 0.276690
v 0.467799 2.398258 0.286007
v 0.467836 2.374664 0.274734
v 0.466954 2.388301 0.276262
v 0.466322 2.447935 0.391671
v 0.463577 2.444663 0.393451
v 0.461922 2.444669 0.384927
v 0.466322 3.451213 0.391671
v 0.461939 3.454368 0.384916
v 0.035276 2.398952 0.532257
v 0.467776 2.399751 0.253544
v 0.475400 2.389699 0.256761
v 0.032946 2.387092 0.545550
v 0.477267 2.374664 0.257470
v 0.034247 2.374664 0.544810
v 0.031610 2.371360 0.542807
v 0.089144 1.785722 0.605374
v 0.050107 1.784813 0.544837
v 0.047495 1.790006 0.544395
v 0.084774 1.790006 0.602196
v 0.047495 2.224871 0.544395
v 0.084774 2.224871 0.602196
v 0.089280 2.229123 0.605484
v 0.050107 2.230064 0.544837
v 0.050245 1.752483 0.542622
v 0.051920 1.766376 0.542301
v 0.060541 1.776077 0.547214
v 0.050700 1.748949 0.545494
v 0.090440 1.780360 0.593543
v 0.086310 1.751722 0.604514
v 0.125700 1.766653 0.612404
v 0.125956 1.752483 0.613456
v 0.127615 1.776683 0.598307
v 0.498228 1.762268 0.373471
v 0.498228 1.752483 0.373471
v 0.504588 1.749132 0.335078
v 0.496282 1.767800 0.372123
v 0.483483 1.776683 0.368255
v 0.491444 1.776137 0.335365
v 0.503089 1.770060 0.332070
v 0.467454 1.749110 0.277228
v 0.465058 1.776321 0.286284
v 0.464970 1.752483 0.275270
v 0.464136 1.766740 0.277099
v 0.463131 1.825754 0.392202
v 0.460381 1.822482 0.393975
v 0.458678 1.822494 0.385491
v 0.463131 2.189123 0.392202
v 0.458669 2.192386 0.385497
v 0.460381 2.192395 0.393975
v 0.031696 1.776772 0.531588
v 0.464970 1.777570 0.254080
v 0.472585 1.767517 0.257318
v 0.029329 1.764911 0.544875
v 0.476353 1.751771 0.256908
v 0.030632 1.752483 0.544138
v 0.027069 1.749236 0.542891
v 0.060541 2.238800 0.547214
v 0.465058 2.238556 0.286284
v 0.464136 2.248137 0.277099
v 0.051920 2.248501 0.542301
v 0.464970 2.262394 0.275270
v 0.050245 2.262394 0.542622
v 0.472585 2.247360 0.257318
v 0.474449 2.262394 0.258032
v 0.473501 2.265733 0.255174
v 0.464970 2.237308 0.254080
v 0.440714 2.265851 0.203332
v 0.439372 2.237090 0.212885
v 0.438172 2.262394 0.201716
v 0.436957 2.247517 0.204283
v 0.434601 2.238072 0.215916
v 0.008725 2.238072 0.490457
v -0.003205 2.247623 0.487453
v -0.005683 2.262394 0.487847
v 0.003645 2.236835 0.493454
v -0.005150 2.265754 0.491079
v 0.029329 2.249967 0.544875
v 0.028000 2.265698 0.542128
v 0.031696 2.238106 0.531588
v -0.005683 2.262394 0.487847
v 0.438172 2.262394 0.201716
v 0.440714 2.265851 0.203332
v -0.005150 2.265754 0.491079
v 0.473501 2.265733 0.255174
v 0.028000 2.265698 0.542128
v 0.030632 2.262394 0.544138
v 0.474449 2.262394 0.258032
v 0.722924 0.351136 0.006656
v 0.423301 0.351136 0.006656
v 0.423301 0.351136 0.045851
v 0.722924 0.351136 0.045851
v 0.728975 0.345084 0.006656
v 0.728975 0.345084 0.045851
v 0.728975 0.247203 0.006656
v 0.728975 0.247203 0.045851
v 0.722924 0.241152 0.006656
v 0.722924 0.241152 0.045851
v 0.423301 0.241152 0.006656
v 0.423301 0.241152 0.045851
v 0.417249 0.247203 0.006656
v 0.417249 0.247203 0.045851
v 0.417249 0.345084 0.006656
v 0.417249 0.345084 0.045851
v 0.423301 0.351136 0.006656
v 0.423301 0.351136 0.045851
v 0.023407 1.801851 -0.156286
v 0.027612 1.811432 -0.164503
v 0.508984 1.811188 -0.164386
v 0.513563 1.801487 -0.155584
v 0.021713 1.787594 -0.155201
v 0.515144 1.787594 -0.154945
v 0.003649 1.784254 -0.142943
v 0.004402 1.787594 -0.145858
v 0.005581 1.802628 -0.144247
v 0.010224 1.812680 -0.137397
v 0.003084 1.784136 -0.081605
v 0.009392 1.812898 -0.088905
v 0.004345 1.787594 -0.078869
v 0.006757 1.802471 -0.080367
v 0.015045 1.811916 -0.088864
v 0.521743 1.811916 -0.088600
v 0.530138 1.802365 -0.079607
v 0.532433 1.787594 -0.078595
v 0.527637 1.813152 -0.088364
v 0.533739 1.784234 -0.081599
v 0.533940 1.800021 -0.145496
v 0.533567 1.784290 -0.142467
v 0.524747 1.811882 -0.135616
v 0.003084 1.784136 -0.081605
v 0.004345 1.787594 -0.078869
v 0.532433 1.787594 -0.078595
v 0.533739 1.784234 -0.081599
v 0.003649 1.784254 -0.142943
v 0.533567 1.784290 -0.142467
v 0.532446 1.787594 -0.145583
v 0.004402 1.787594 -0.145858
v 0.508984 2.408184 -0.164386
v 0.513563 2.417885 -0.155584
v 0.515144 2.431778 -0.154945
v 0.516320 2.435312 -0.157605
v 0.508985 2.403902 -0.219525
v 0.518404 2.432539 -0.226503
v 0.489587 2.417609 -0.254492
v 0.489942 2.431778 -0.255515
v 0.480333 2.407578 -0.243686
v 0.047020 2.421993 -0.255745
v 0.047020 2.431778 -0.255745
v 0.020858 2.435129 -0.226936
v 0.047925 2.416461 -0.253558
v 0.056581 2.407578 -0.243368
v 0.032057 2.408124 -0.220050
v 0.020486 2.414201 -0.223596
v 0.020688 2.435152 -0.158194
v 0.027612 2.407940 -0.164503
v 0.021713 2.431778 -0.155201
v 0.023407 2.417521 -0.156286
v 0.018441 2.394255 -0.155203
v 0.020398 2.399448 -0.156989
v 0.023905 2.398579 -0.150917
v 0.006368 2.398411 -0.144451
v 0.018441 1.825117 -0.155203
v 0.024372 1.820796 -0.150761
v 0.020398 1.819924 -0.156989
v 0.006039 1.820807 -0.144918
v 0.001145 1.819983 -0.142687
v 0.001093 2.399376 -0.142680
v 0.000983 1.825117 -0.085654
v 0.002612 1.819692 -0.080897
v 0.000983 2.394255 -0.085654
v 0.002614 2.399681 -0.080898
v 0.005581 2.416744 -0.144247
v 0.010224 2.406692 -0.137397
v 0.524747 2.407490 -0.135616
v 0.533940 2.419351 -0.145496
v 0.004402 2.431778 -0.145858
v 0.532446 2.431778 -0.145583
v 0.533567 2.435082 -0.142468
v 0.003649 2.532336 -0.142943
v 0.004402 2.535675 -0.145858
v 0.005581 2.550709 -0.144247
v 0.010223 2.560762 -0.137397
v 0.003084 2.532218 -0.081605
v 0.009392 2.560978 -0.088902
v 0.004345 2.535675 -0.078869
v 0.006437 2.549979 -0.080058
v 0.015045 2.559998 -0.088864
v 0.529852 2.550907 -0.079903
v 0.521743 2.559998 -0.088600
v 0.532433 2.535675 -0.078595
v 0.527636 2.561235 -0.088366
v 0.533739 2.532316 -0.081599
v 0.533940 2.548103 -0.145496
v 0.533567 2.532371 -0.142468
v 0.524747 2.559963 -0.135616
v 0.003084 2.532218 -0.081605
v 0.004345 2.535675 -0.078869
v 0.532433 2.535675 -0.078595
v 0.533739 2.532316 -0.081599
v 0.003649 2.532336 -0.142943
v 0.533567 2.532371 -0.142468
v 0.532446 2.535675 -0.145583
v 0.004402 2.535675 -0.145858
v 0.476310 2.371325 0.254615
v 0.477267 2.374664 0.257470
v 0.475400 2.389699 0.256761
v 0.467776 2.399751 0.253544
v 0.443380 2.371207 0.202863
v 0.442064 2.399967 0.212418
v 0.440833 2.374664 0.201255
v 0.439725 2.388968 0.203391
v 0.437301 2.398987 0.215465
v 0.000653 2.389896 0.488310
v 0.012191 2.398987 0.491189
v -0.002224 2.374664 0.488620
v 0.007121 2.400224 0.494203
v -0.001683 2.371305 0.491851
v 0.032946 2.387092 0.545550
v 0.031610 2.371360 0.542807
v 0.035276 2.398952 0.532257
v 0.443380 2.371207 0.202863
v 0.440833 2.374664 0.201255
v -0.002224 2.374664 0.488620
v -0.001683 2.371305 0.491851
v 0.476310 2.371325 0.254615
v 0.031610 2.371360 0.542807
v 0.034247 2.374664 0.544810
v 0.477267 2.374664 0.257470
v 0.464136 1.766740 0.277099
v 0.465058 1.776321 0.286284
v 0.060541 1.776077 0.547214
v 0.051920 1.766376 0.542301
v 0.464970 1.752483 0.275270
v 0.050245 1.752483 0.542622
v 0.153208 1.822463 0.582413
v 0.160257 1.822482 0.587450
v 0.157506 1.825754 0.589223
v 0.157506 2.189123 0.589223
v 0.153245 2.192393 0.582389
v 0.160257 2.192395 0.587450
v 0.472585 1.767517 0.257318
v 0.464970 1.777570 0.254080
v 0.476353 1.751771 0.256908
v 0.441337 1.749115 0.202813
v 0.439372 1.777787 0.212885
v 0.438172 1.752483 0.201716
v 0.436957 1.767360 0.204283
v 0.434601 1.776806 0.215916
v 0.008725 1.776806 0.490457
v -0.003205 1.767254 0.487453
v -0.005683 1.752483 0.487847
v 0.003645 1.778042 0.493454
v -0.005773 1.749153 0.491350
v 0.029329 1.764911 0.544875
v 0.027069 1.749236 0.542891
v 0.031696 1.776772 0.531588
v 0.441337 1.749115 0.202813
v 0.438172 1.752483 0.201716
v -0.005683 1.752483 0.487847
v -0.005773 1.749153 0.491350
v 0.472677 1.749210 0.255281
v 0.027069 1.749236 0.542891
v 0.030632 1.752483 0.544138
v 0.476353 1.751771 0.256908
v 0.060541 2.238800 0.547214
v 0.051920 2.248501 0.542301
v 0.050245 2.262394 0.542622
v 0.050700 2.265928 0.545494
v 0.090440 2.234518 0.593543
v 0.086309 2.263155 0.604513
v 0.125700 2.248225 0.612404
v 0.125956 2.262394 0.613456
v 0.127615 2.238194 0.598307
v 0.498228 2.252609 0.373470
v 0.498228 2.262394 0.373470
v 0.504588 2.265745 0.335078
v 0.496282 2.247077 0.372123
v 0.483483 2.238194 0.368255
v 0.491444 2.238740 0.335365
v 0.503089 2.244817 0.332070
v 0.467454 2.265768 0.277228
v 0.465058 2.238556 0.286284
v 0.464970 2.262394 0.275270
v 0.464136 2.248137 0.277099
v 0.467184 2.229073 0.272862
v 0.504975 2.224871 0.331314
v 0.506091 2.229073 0.336868
v 0.467721 1.790006 0.273497
v 0.504975 1.790006 0.331314
v 0.506086 1.785662 0.336503
v 0.462358 1.787314 0.274130
v 0.472585 2.247360 0.257318
v 0.464970 2.237308 0.254080
v 0.031696 2.238106 0.531588
v 0.029329 2.249967 0.544875
v 0.474449 2.262394 0.258032
v 0.030632 2.262394 0.544138
v 0.028000 2.265698 0.542128
v 0.068435 1.875216 0.441714
v 0.066579 1.882649 0.452061
v 0.174430 1.882649 0.377014
v 0.164084 1.875216 0.375158
v 0.038327 1.875216 0.370264
v 0.034308 1.875217 0.392671
v 0.107551 1.875217 0.322096
v 0.129957 1.875217 0.326115
v 0.451231 1.907778 -0.073502
v 0.435134 1.907778 0.002343
v 0.451231 1.907778 -0.013754
v 0.350801 1.907778 0.002343
v 0.334704 1.907778 -0.073502
v 0.334704 1.907778 -0.013754
v 0.458664 1.915211 -0.080935
v 0.327272 1.915211 -0.080935
v 0.061895 2.817150 0.436487
v 0.033615 2.817150 0.364294
v 0.029027 2.817150 0.386591
v 0.104041 2.817150 0.317903
v 0.159206 2.817150 0.372386
v 0.126339 2.817150 0.322490
v 0.059776 2.824582 0.446783
v 0.169502 2.824582 0.374504
v 0.451231 2.980835 -0.073502
v 0.435134 2.980835 0.002343
v 0.451231 2.980835 -0.013754
v 0.350801 2.980835 0.002343
v 0.334704 2.980835 -0.073502
v 0.334704 2.980835 -0.013754
v 0.458664 2.988267 -0.080935
v 0.327272 2.988267 -0.080935
v 0.020688 1.784220 -0.158194
v 0.021713 1.787594 -0.155201
v 0.515144 1.787594 -0.154945
v 0.516320 1.784060 -0.157605
v 0.515145 1.784321 -0.225073
v 0.518404 1.786833 -0.226503
v 0.020858 1.784243 -0.226936
v 0.488585 1.784321 -0.252243
v 0.489942 1.787594 -0.255515
v 0.048374 1.784321 -0.252472
v 0.047020 1.787594 -0.255745
v 0.516428 1.820879 -0.228873
v 0.518438 1.825117 -0.223724
v 0.518438 2.394255 -0.223724
v 0.516370 2.398444 -0.229018
v 0.492255 1.825117 -0.253200
v 0.488250 1.819971 -0.253432
v 0.492255 2.394255 -0.253200
v 0.488250 2.399401 -0.253432
v 0.486064 1.826252 -0.255580
v 0.486099 2.392995 -0.255550
v 0.055536 2.394255 -0.255741
v 0.048710 2.399401 -0.253661
v 0.051104 1.826075 -0.255814
v 0.048710 1.819971 -0.253661
v 0.453491 1.854174 -0.255538
v 0.453600 2.365154 -0.255543
v 0.044705 1.825117 -0.253433
v 0.020450 1.820847 -0.229081
v 0.020613 2.398422 -0.229322
v 0.018492 1.825117 -0.223984
v 0.018492 2.394255 -0.223984
v 0.044705 2.394255 -0.253433
v 0.050293 2.390171 -0.255744
v 0.083510 1.854144 -0.255734
v 0.083400 2.365197 -0.255742
v 0.447020 1.857593 -0.252265
v 0.089939 1.857593 -0.252451
v 0.450292 1.860865 -0.252263
v 0.086666 1.860865 -0.252452
v 0.450292 2.358507 -0.252263
v 0.086666 2.358507 -0.252452
v 0.447020 2.361779 -0.252265
v 0.089939 2.361779 -0.252451
v 0.515144 2.431778 -0.154945
v 0.021713 2.431778 -0.155201
v 0.020688 2.435152 -0.158194
v 0.516320 2.435312 -0.157605
v 0.515145 2.435051 -0.225073
v 0.518404 2.432539 -0.226503
v 0.020858 2.435129 -0.226936
v 0.488585 2.435051 -0.252243
v 0.489942 2.431778 -0.255515
v 0.048374 2.435051 -0.252472
v 0.047020 2.431778 -0.255745
v 0.518416 2.573198 -0.154943
v 0.518420 3.751067 -0.154943
v 0.518438 3.680931 -0.223724
v 0.518438 2.573198 -0.223724
v 0.516335 2.569033 -0.229048
v 0.516461 2.568005 -0.156731
v 0.027884 2.559269 -0.164636
v 0.509256 2.559513 -0.164252
v 0.513456 2.550072 -0.155826
v 0.023286 2.549312 -0.156003
v 0.021713 2.535675 -0.155201
v 0.515144 2.535675 -0.154945
v 0.018492 3.680931 -0.223984
v 0.018438 3.751067 -0.155203
v 0.018441 2.573198 -0.155203
v 0.018492 2.573198 -0.223984
v 0.020599 2.569015 -0.229303
v 0.022553 2.570071 -0.151828
v 0.020697 2.532301 -0.158194
v 0.021713 2.535675 -0.155201
v 0.515144 2.535675 -0.154945
v 0.516330 2.532143 -0.157604
v 0.515145 2.532403 -0.225073
v 0.518404 2.534914 -0.226502
v 0.021329 2.532222 -0.227624
v 0.488585 2.532403 -0.252243
v 0.489942 2.535675 -0.255515
v 0.048374 2.532403 -0.252472
v 0.047020 2.535675 -0.255745
v 0.051111 2.412187 0.545019
v 0.051108 3.590056 0.545021
v 0.088551 3.519919 0.602717
v 0.088551 2.412187 0.602717
v 0.093214 2.408022 0.606037
v 0.053724 2.406994 0.545454
v 0.467799 2.398258 0.286007
v 0.063864 2.398502 0.547838
v 0.055752 2.389061 0.543058
v 0.466954 2.388301 0.276262
v 0.467836 2.374664 0.274734
v 0.053856 2.374664 0.543239
v 0.507997 3.519919 0.330667
v 0.470584 3.590056 0.272951
v 0.470581 2.412187 0.272953
v 0.507996 2.412187 0.330667
v 0.509126 2.408004 0.336275
v 0.465294 2.409060 0.272362
v 0.470318 2.371290 0.276690
v 0.467836 2.374664 0.274734
v 0.053856 2.374664 0.543239
v 0.054310 2.371132 0.546115
v 0.092047 2.371392 0.602056
v 0.090092 2.373903 0.605029
v 0.507599 2.371211 0.335265
v 0.129120 2.371392 0.610379
v 0.129763 2.374664 0.613862
v 0.498449 2.371392 0.370833
v 0.501367 2.374664 0.372841
v 0.467454 1.749110 0.277228
v 0.464970 1.752483 0.275270
v 0.050245 1.752483 0.542622
v 0.050700 1.748949 0.545494
v 0.088272 1.749210 0.601545
v 0.086310 1.751722 0.604514
v 0.504588 1.749132 0.335078
v 0.125322 1.749210 0.609971
v 0.125956 1.752483 0.613456
v 0.495316 1.749210 0.371454
v 0.498228 1.752483 0.373471
v 0.089144 1.785722 0.605374
v 0.084774 1.790006 0.602196
v 0.084774 2.224871 0.602196
v 0.089280 2.229123 0.605484
v 0.122757 1.790006 0.612765
v 0.126248 1.784860 0.610789
v 0.122757 2.224871 0.612765
v 0.126248 2.230017 0.610789
v 0.129318 1.791055 0.611365
v 0.129302 2.223689 0.611343
v 0.494771 1.790856 0.375780
v 0.495678 1.784860 0.372636
v 0.156636 1.819084 0.593682
v 0.494649 2.223862 0.375835
v 0.495678 2.230017 0.372635
v 0.498920 1.790006 0.370272
v 0.506086 1.785662 0.336503
v 0.506091 2.229073 0.336868
v 0.504975 1.790006 0.331314
v 0.504975 2.224871 0.331314
v 0.498920 2.224871 0.370272
v 0.467521 1.819047 0.393277
v 0.156520 2.195748 0.593762
v 0.467644 2.195796 0.393205
v 0.160257 1.822482 0.587450
v 0.460381 1.822482 0.393975
v 0.157506 1.825754 0.589223
v 0.463131 1.825754 0.392202
v 0.157506 2.189123 0.589223
v 0.463131 2.189123 0.392202
v 0.160257 2.192395 0.587450
v 0.460381 2.192395 0.393975
v 0.475503 2.230005 0.253597
v 0.440727 2.230298 0.202483
v 0.444675 2.224871 0.205594
v 0.444675 1.790006 0.205594
v 0.475450 1.784840 0.253637
v 0.440730 1.784581 0.202479
v 0.474951 2.229223 0.258486
v 0.474923 1.785013 0.258582
v 0.463279 2.224871 0.270795
v 0.462358 1.787314 0.274130
v 0.460327 2.229192 0.272982
v 0.467721 1.790006 0.273497
v 0.467184 2.229073 0.272862
v 0.050245 2.262394 0.542622
v 0.464970 2.262394 0.275270
v 0.467454 2.265768 0.277228
v 0.050700 2.265928 0.545494
v 0.088272 2.265667 0.601545
v 0.086309 2.263155 0.604513
v 0.504588 2.265745 0.335078
v 0.125322 2.265667 0.609971
v 0.125956 2.262394 0.613456
v 0.495316 2.265667 0.371454
v 0.498228 2.262394 0.373470
v 0.314728 0.021062 0.011319
v 0.314784 0.000001 0.011795
v 0.341020 -0.000000 -0.013669
v 0.347157 0.020950 -0.016117
v 0.346626 -0.000000 -0.015991
v 0.316968 0.025470 0.011517
v 0.961325 0.020592 -0.015991
v 0.961512 -0.000002 -0.016121
v 0.348055 0.025923 -0.013406
v 0.348104 0.035926 0.002656
v 0.329192 0.034991 0.016727
v 0.352594 0.034636 -0.001998
v 0.955357 0.034636 -0.001998
v 0.960074 0.025878 -0.013388
v 0.959829 0.036139 0.002602
v 0.966801 0.023162 -0.013646
v 0.978590 0.035184 0.016861
v 0.993068 0.000827 0.011855
v 0.991030 0.025418 0.010819
v 0.993004 0.021303 0.011671
v 0.993223 0.021065 0.433783
v 0.993166 0.000001 0.433314
v 0.966930 0.000000 0.458777
v 0.960797 0.020949 0.461226
v 0.961325 0.000000 0.461099
v 0.990982 0.025478 0.433483
v 0.346626 0.020593 0.461099
v 0.346439 -0.000002 0.461229
v 0.959898 0.025923 0.458514
v 0.959869 0.035923 0.442434
v 0.978760 0.034991 0.428377
v 0.955357 0.034636 0.447107
v 0.352594 0.034636 0.447107
v 0.347876 0.025878 0.458496
v 0.348120 0.036139 0.442504
v 0.341150 0.023162 0.458755
v 0.329360 0.035184 0.428247
v 0.314883 0.000827 0.433253
v 0.316921 0.025418 0.434290
v 0.314947 0.021303 0.433437
v 0.517428 1.811202 -0.087952
v 0.524211 1.811202 -0.094731
v 0.019360 1.811202 -0.088211
v 0.012620 1.811202 -0.132480
v 0.524214 1.811202 -0.132214
v 0.012583 1.811202 -0.094998
v 0.001145 1.819983 -0.142687
v 0.002612 1.819692 -0.080897
v 0.014973 1.812395 -0.137692
v 0.006039 1.820807 -0.144918
v 0.521866 1.812395 -0.137428
v 0.024372 1.820796 -0.150761
v 0.510201 1.820809 -0.149771
v 0.503795 1.811202 -0.164951
v 0.516461 1.819924 -0.156731
v 0.033072 1.811202 -0.165196
v 0.508421 1.811202 -0.169573
v 0.028452 1.811202 -0.169822
v 0.516428 1.820879 -0.228873
v 0.020398 1.819924 -0.156989
v 0.504886 1.811172 -0.219756
v 0.020450 1.820847 -0.229081
v 0.488250 1.819971 -0.253432
v 0.032056 1.811177 -0.220070
v 0.480333 1.811202 -0.243686
v 0.048710 1.819971 -0.253661
v 0.056581 1.811202 -0.243367
v 0.524211 2.408170 -0.094731
v 0.517428 2.408170 -0.087952
v 0.019360 2.408170 -0.088211
v 0.012620 2.408170 -0.132480
v 0.524214 2.408170 -0.132214
v 0.012583 2.408170 -0.094998
v 0.002614 2.399681 -0.080898
v 0.001093 2.399376 -0.142680
v 0.014973 2.406977 -0.137692
v 0.006368 2.398411 -0.144451
v 0.521866 2.406977 -0.137428
v 0.023905 2.398579 -0.150917
v 0.510583 2.398554 -0.149657
v 0.503795 2.408170 -0.164951
v 0.033072 2.408170 -0.165196
v 0.508421 2.408170 -0.169573
v 0.020398 2.399448 -0.156989
v 0.518368 2.398440 -0.154087
v 0.028452 2.408170 -0.169822
v 0.516370 2.398444 -0.229018
v 0.020613 2.398422 -0.229322
v 0.504884 2.408200 -0.219761
v 0.032054 2.408195 -0.220065
v 0.488250 2.399401 -0.253432
v 0.048710 2.399401 -0.253661
v 0.480333 2.408170 -0.243686
v 0.056581 2.408170 -0.243368
v 0.517428 2.559283 -0.087952
v 0.524211 2.559283 -0.094731
v 0.019360 2.559283 -0.088211
v 0.012620 2.559283 -0.132480
v 0.524214 2.559283 -0.132214
v 0.012583 2.559283 -0.094998
v 0.001061 2.568075 -0.142620
v 0.002614 2.567774 -0.080897
v 0.014973 2.560476 -0.137692
v 0.004251 2.568247 -0.146601
v 0.521866 2.560476 -0.137428
v 0.022553 2.570071 -0.151828
v 0.031449 2.568842 -0.151288
v 0.510589 2.568900 -0.149650
v 0.033072 2.559283 -0.165196
v 0.503795 2.559283 -0.164951
v 0.028452 2.559283 -0.169822
v 0.508421 2.559283 -0.169573
v 0.020599 2.569015 -0.229303
v 0.516461 2.568005 -0.156731
v 0.032054 2.559258 -0.220066
v 0.516335 2.569033 -0.229048
v 0.048710 2.568052 -0.253661
v 0.504884 2.559253 -0.219761
v 0.056581 2.559283 -0.243368
v 0.488250 2.568052 -0.253432
v 0.480333 2.559283 -0.243686
v 0.015457 2.398272 0.488296
v 0.013460 2.398272 0.497676
v 0.433327 2.398272 0.217267
v 0.463088 2.398272 0.250725
v 0.033870 2.398272 0.529113
v 0.442706 2.398272 0.219268
v 0.478305 2.407064 0.252934
v 0.443388 2.406763 0.202013
v 0.463953 2.399465 0.256377
v 0.477798 2.407236 0.258011
v 0.038679 2.399465 0.532208
v 0.465294 2.409060 0.272362
v 0.457539 2.407831 0.276753
v 0.054793 2.407889 0.536318
v 0.463752 2.398272 0.289302
v 0.068824 2.398272 0.545450
v 0.470147 2.398272 0.290666
v 0.067461 2.398272 0.551846
v 0.509126 2.408004 0.336275
v 0.053724 2.406994 0.545454
v 0.494488 2.398247 0.334766
v 0.093214 2.408022 0.606037
v 0.498815 2.407041 0.372014
v 0.097760 2.398242 0.592012
v 0.486607 2.398272 0.367667
v 0.130048 2.407041 0.611194
v 0.131380 2.398272 0.598708
v 0.430622 1.776091 0.217707
v 0.011999 1.776091 0.487572
v 0.009975 1.776091 0.496947
v 0.460290 1.776091 0.251248
v 0.439995 1.776091 0.219735
v 0.030299 1.776091 0.528441
v 0.475450 1.784840 0.253637
v 0.440730 1.784581 0.202479
v 0.461139 1.777284 0.256903
v 0.474923 1.785013 0.258582
v 0.035099 1.777284 0.531549
v 0.462358 1.787314 0.274130
v 0.454668 1.785650 0.277260
v 0.051207 1.785708 0.535703
v 0.460846 1.776091 0.289826
v 0.467237 1.776091 0.291208
v 0.065207 1.776091 0.544875
v 0.506086 1.785662 0.336503
v 0.063826 1.776091 0.551267
v 0.491455 1.776066 0.335377
v 0.050107 1.784813 0.544837
v 0.495678 1.784860 0.372636
v 0.089144 1.785722 0.605374
v 0.483483 1.776091 0.368255
v 0.094013 1.776061 0.591517
v 0.126248 1.784860 0.610789
v 0.127615 1.776091 0.598307
v 0.052793 2.229195 0.535485
v 0.050107 2.230064 0.544837
v 0.047495 2.224871 0.544395
v 0.031861 2.226217 0.541672
v 0.035099 2.237593 0.531549
v 0.047495 1.790006 0.544395
v 0.050107 1.784813 0.544837
v 0.051207 1.785708 0.535703
v 0.046868 1.790007 0.539235
v 0.030876 1.788442 0.544880
v 0.035099 1.777284 0.531549
v 0.025969 2.224993 0.543294
v 0.030299 2.238786 0.528441
v 0.009975 2.238786 0.496947
v -0.005026 2.230876 0.490391
v -0.004836 2.224871 0.495371
v 0.025981 1.789955 0.543245
v 0.030299 1.776091 0.528441
v -0.004836 1.790006 0.495371
v 0.009975 1.776091 0.496947
v -0.005029 1.784000 0.490392
v 0.009975 2.238786 0.496947
v 0.011999 2.238786 0.487572
v 0.430622 2.238786 0.217707
v 0.460290 2.238786 0.251248
v 0.030299 2.238786 0.528441
v 0.439995 2.238786 0.219735
v 0.440727 2.230298 0.202483
v 0.475503 2.230005 0.253597
v 0.461139 2.237593 0.256903
v 0.474951 2.229223 0.258486
v 0.035099 2.237593 0.531549
v 0.460327 2.229192 0.272982
v 0.052793 2.229195 0.535485
v 0.065207 2.238786 0.544875
v 0.050107 2.230064 0.544837
v 0.460846 2.238786 0.289826
v 0.063826 2.238786 0.551266
v 0.467237 2.238786 0.291208
v 0.089280 2.229123 0.605484
v 0.467184 2.229073 0.272862
v 0.094009 2.238816 0.591515
v 0.506091 2.229073 0.336868
v 0.126248 2.230017 0.610789
v 0.491456 2.238811 0.335382
v 0.127615 2.238786 0.598307
v 0.495678 2.230017 0.372635
v 0.483483 2.238786 0.368255
v 0.000983 2.573198 -0.085654
v 0.002614 2.567774 -0.080897
v 0.001061 2.568075 -0.142620
v 0.000983 3.752233 -0.085654
v 0.001028 3.752233 -0.142588
v 0.004195 3.751868 -0.146611
v 0.004251 2.568247 -0.146601
v 0.020704 3.749963 -0.150525
v 0.022553 2.570071 -0.151828
v 0.018441 2.573198 -0.155203
v 0.018438 3.751067 -0.155203
v 0.020284 3.758423 -0.152313
v 0.447347 2.412187 0.205115
v 0.443388 2.406763 0.202013
v 0.478305 2.407064 0.252934
v 0.447347 3.591222 0.205114
v 0.478315 3.591222 0.252889
v 0.477849 3.590857 0.257988
v 0.477798 2.407236 0.258011
v 0.466136 3.588952 0.270262
v 0.465294 2.409060 0.272362
v 0.470581 2.412187 0.272953
v 0.470584 3.590056 0.272951
v 0.467462 3.597412 0.271532
v 0.974465 0.039922 0.427773
v 0.978760 0.034991 0.428377
v 0.959869 0.035923 0.442434
v 0.974465 0.425574 0.427773
v 0.960056 0.425574 0.442182
v 0.974374 0.430978 0.427375
v 0.954451 0.425574 0.444504
v 0.954152 0.431193 0.442199
v 0.959756 0.445667 0.427885
v 0.954451 0.445588 0.427773
v 0.353500 0.445588 0.427773
v 0.353500 0.431180 0.442182
v 0.348100 0.445500 0.427374
v 0.353500 0.425574 0.444504
v 0.347873 0.425303 0.442208
v 0.333409 0.430881 0.427883
v 0.333486 0.425574 0.427773
v 0.333486 0.039922 0.427773
v 0.329360 0.035184 0.428247
v 0.348120 0.036139 0.442504
v 0.353500 0.039922 0.444504
v 0.352594 0.034636 0.447107
v 0.954451 0.039922 0.444504
v 0.955357 0.034636 0.447107
v 0.333486 0.039921 0.017335
v 0.329192 0.034991 0.016727
v 0.348104 0.035926 0.002656
v 0.333486 0.425574 0.017335
v 0.347894 0.425574 0.002926
v 0.333434 0.430726 0.017231
v 0.353800 0.431194 0.002909
v 0.348079 0.445584 0.017831
v 0.353500 0.445588 0.017335
v 0.954451 0.445588 0.017335
v 0.353500 0.425574 0.000604
v 0.954451 0.431180 0.002926
v 0.959600 0.445642 0.017232
v 0.954451 0.425574 0.000604
v 0.960077 0.425301 0.002900
v 0.974460 0.430995 0.017833
v 0.974465 0.425574 0.017335
v 0.974465 0.039921 0.017335
v 0.978590 0.035184 0.016861
v 0.959829 0.036139 0.002602
v 0.954451 0.039921 0.000605
v 0.955357 0.034636 -0.001998
v 0.353500 0.039921 0.000605
v 0.352594 0.034636 -0.001998
v 0.735027 0.235100 0.000605
v 0.735027 0.357188 0.000604
v 0.411197 0.235100 0.000605
v 0.411197 0.357188 0.000604
v 0.728975 0.247203 0.006656
v 0.722924 0.241152 0.006656
v 0.728975 0.345084 0.006656
v 0.423301 0.241152 0.006656
v 0.722924 0.351136 0.006656
v 0.417249 0.247203 0.006656
v 0.423301 0.351136 0.006656
v 0.417249 0.345084 0.006656
v 0.002612 1.819692 -0.080897
v 0.019360 1.811202 -0.088211
v 0.012583 1.811202 -0.094998
v 0.517428 1.811202 -0.087952
v 0.524211 1.811202 -0.094731
v 0.533267 1.819115 -0.081085
v 0.529018 1.825117 -0.078596
v 0.535802 1.825117 -0.085376
v 0.535802 2.394255 -0.085376
v 0.007760 1.825117 -0.078868
v 0.000983 1.825117 -0.085654
v 0.000983 2.394255 -0.085654
v 0.529018 2.394255 -0.078596
v 0.007760 2.394255 -0.078868
v 0.002614 2.399681 -0.080898
v 0.533265 2.400256 -0.081085
v 0.012583 2.408170 -0.094998
v 0.019360 2.408170 -0.088211
v 0.517428 2.408170 -0.087952
v 0.524211 2.408170 -0.094731
v 0.516149 3.749963 -0.150268
v 0.512008 3.757715 -0.147342
v 0.516167 3.758950 -0.152823
v 0.518420 3.751067 -0.154943
v 0.518416 2.573198 -0.154943
v 0.516461 2.568005 -0.156731
v 0.510589 2.568900 -0.149650
v 0.516145 2.573199 -0.150267
v 0.532634 2.571682 -0.146341
v 0.532653 3.751868 -0.146335
v 0.521866 2.560476 -0.137428
v 0.535833 2.573212 -0.142316
v 0.535816 3.752233 -0.142309
v 0.524214 2.559283 -0.132214
v 0.535802 3.752233 -0.085376
v 0.524211 2.559283 -0.094731
v 0.535802 2.573198 -0.085376
v 0.533273 2.567204 -0.081079
v 0.002614 2.567774 -0.080897
v 0.019360 2.559283 -0.088211
v 0.012583 2.559283 -0.094998
v 0.517428 2.559283 -0.087952
v 0.524211 2.559283 -0.094731
v 0.533273 2.567204 -0.081079
v 0.529018 2.573198 -0.078596
v 0.535802 2.573198 -0.085376
v 0.535802 3.752233 -0.085376
v 0.529018 3.752233 -0.078597
v 0.007760 3.752233 -0.078868
v 0.007760 2.573198 -0.078868
v 0.000983 2.573198 -0.085654
v 0.000983 3.752233 -0.085654
v 0.050467 3.588952 0.539863
v 0.052347 3.596704 0.535155
v 0.051843 3.597939 0.542016
v 0.051108 3.590056 0.545021
v 0.051111 2.412187 0.545019
v 0.053724 2.406994 0.545454
v 0.054793 2.407889 0.536318
v 0.050470 2.412188 0.539861
v 0.034502 2.410671 0.545547
v 0.034483 3.590857 0.545553
v 0.038679 2.399465 0.532208
v 0.029627 2.412201 0.543914
v 0.029638 3.591222 0.543899
v 0.033870 2.398272 0.529113
v -0.001356 3.591222 0.496141
v 0.013460 2.398272 0.497676
v -0.001356 2.412187 0.496141
v -0.001575 2.406193 0.491161
v 0.443388 2.406763 0.202013
v 0.433327 2.398272 0.217267
v 0.442706 2.398272 0.219268
v 0.015457 2.398272 0.488296
v 0.013460 2.398272 0.497676
v -0.001575 2.406193 0.491161
v 0.000641 2.412187 0.486761
v -0.001356 2.412187 0.496141
v -0.001356 3.591222 0.496141
v 0.000642 3.591222 0.486761
v 0.437967 3.591222 0.203114
v 0.437967 2.412187 0.203114
v 0.447347 2.412187 0.205115
v 0.447347 3.591222 0.205114
v 0.440730 1.784581 0.202479
v 0.430622 1.776091 0.217707
v 0.439995 1.776091 0.219735
v 0.011999 1.776091 0.487572
v 0.009975 1.776091 0.496947
v -0.005029 1.784000 0.490392
v -0.002812 1.790006 0.485996
v -0.004836 1.790006 0.495371
v -0.004836 2.224871 0.495371
v 0.435301 1.790006 0.203567
v 0.444675 1.790006 0.205594
v 0.444675 2.224871 0.205594
v -0.002812 2.224871 0.485996
v 0.435301 2.224871 0.203567
v 0.440727 2.230298 0.202483
v -0.005026 2.230876 0.490391
v 0.439995 2.238786 0.219735
v 0.430622 2.238786 0.217707
v 0.011999 2.238786 0.487572
v 0.009975 2.238786 0.496947
v 0.333470 0.431196 0.213588
v 0.333434 0.430726 0.017231
v 0.348079 0.445584 0.017831
v 0.347878 0.445604 0.213588
v 0.333201 0.429594 0.218225
v 0.353500 0.447910 0.022940
v 0.353500 0.445588 0.017335
v 0.954451 0.445588 0.017335
v 0.954451 0.447910 0.022940
v 0.959600 0.445642 0.017232
v 0.353500 0.447932 0.213588
v 0.954451 0.447932 0.213588
v 0.960072 0.445604 0.213588
v 0.958463 0.446052 0.218102
v 0.353956 0.446533 0.217922
v 0.355051 0.444099 0.228014
v 0.958536 0.445503 0.227653
v 0.347968 0.445353 0.226616
v 0.333710 0.429524 0.227760
v 0.333472 0.431198 0.231520
v 0.333409 0.430881 0.427883
v 0.348100 0.445500 0.427374
v 0.353500 0.447932 0.231520
v 0.353500 0.447910 0.422168
v 0.353500 0.445588 0.427773
v 0.954451 0.447932 0.231520
v 0.960073 0.445604 0.231520
v 0.954451 0.447910 0.422168
v 0.954451 0.445588 0.427773
v 0.959756 0.445667 0.427885
v 0.960072 0.445604 0.213588
v 0.959600 0.445642 0.017232
v 0.974460 0.430995 0.017833
v 0.974479 0.431198 0.213588
v 0.958463 0.446052 0.218102
v 0.976787 0.425574 0.022940
v 0.974465 0.425574 0.017335
v 0.974465 0.039921 0.017335
v 0.976787 0.039921 0.022940
v 0.978590 0.035184 0.016861
v 0.976813 0.425574 0.213573
v 0.976856 0.039806 0.213521
v 0.978786 0.035142 0.222523
v 0.974300 0.425079 0.217035
v 0.973603 0.040897 0.217144
v 0.974231 0.431102 0.226618
v 0.958536 0.445503 0.227653
v 0.960073 0.445604 0.231520
v 0.959756 0.445667 0.427885
v 0.974374 0.430978 0.427375
v 0.975358 0.425142 0.227216
v 0.975717 0.040565 0.227377
v 0.976813 0.425577 0.231535
v 0.976856 0.039806 0.231587
v 0.976787 0.039922 0.422168
v 0.978760 0.034991 0.428377
v 0.974465 0.039922 0.427773
v 0.974465 0.425574 0.427773
v 0.976787 0.425574 0.422168
v 0.516149 3.749963 -0.150268
v 0.532653 3.751868 -0.146335
v 0.512008 3.757715 -0.147342
v 0.529033 3.759016 -0.142313
v 0.535816 3.752233 -0.142309
v 0.529019 3.759016 -0.085380
v 0.535802 3.752233 -0.085376
v 0.529018 3.752233 -0.078597
v 0.007760 3.752233 -0.078868
v 0.007811 3.759016 -0.142584
v 0.007766 3.759016 -0.085651
v 0.000983 3.752233 -0.085654
v 0.001028 3.752233 -0.142588
v 0.004195 3.751868 -0.146611
v 0.020284 3.758423 -0.152313
v 0.020704 3.749963 -0.150525
v 0.516167 3.758950 -0.152823
v 0.048661 3.759016 -0.187550
v 0.488230 3.759016 -0.187321
v 0.486653 3.756702 -0.192908
v 0.492239 3.756182 -0.190153
v 0.516167 3.758950 -0.152823
v 0.050244 3.756702 -0.193135
v 0.516125 3.685656 -0.226900
v 0.518420 3.751067 -0.154943
v 0.518438 3.680931 -0.223724
v 0.492254 3.695546 -0.250789
v 0.516125 3.679835 -0.229311
v 0.518438 2.573198 -0.223724
v 0.516335 2.569033 -0.229048
v 0.492255 3.689725 -0.253200
v 0.492255 2.573198 -0.253200
v 0.488250 2.568052 -0.253432
v 0.486669 3.696407 -0.253203
v 0.484626 3.690820 -0.255518
v 0.486320 2.574583 -0.255540
v 0.055536 2.573198 -0.255741
v 0.048710 2.568052 -0.253661
v 0.453624 3.618600 -0.255536
v 0.453610 2.602249 -0.255544
v 0.050293 2.577283 -0.255744
v 0.450292 3.612225 -0.252263
v 0.450292 2.608946 -0.252263
v 0.447020 3.615497 -0.252265
v 0.447020 2.605674 -0.252265
v 0.083298 3.618701 -0.255729
v 0.089939 3.615497 -0.252451
v 0.086666 3.612225 -0.252453
v 0.083385 2.602223 -0.255739
v 0.089939 2.605674 -0.252451
v 0.086666 2.608946 -0.252452
v 0.052336 3.690820 -0.255743
v 0.044705 2.573198 -0.253433
v 0.020599 2.569015 -0.229303
v 0.050291 3.696407 -0.253430
v 0.044705 3.689725 -0.253433
v 0.020809 3.679835 -0.229569
v 0.018492 2.573198 -0.223984
v 0.018492 3.680931 -0.223984
v 0.044703 3.695546 -0.251022
v 0.020808 3.685656 -0.227158
v 0.018438 3.751067 -0.155203
v 0.020284 3.758423 -0.152313
v 0.044655 3.756182 -0.190386
v 0.050467 3.588952 0.539863
v 0.034483 3.590857 0.545553
v 0.052347 3.596704 0.535155
v 0.035328 3.598005 0.540208
v 0.029638 3.591222 0.543899
v 0.004334 3.598005 0.492451
v -0.001356 3.591222 0.496141
v 0.000642 3.591222 0.486761
v 0.437967 3.591222 0.203114
v 0.472624 3.598005 0.256580
v 0.441657 3.598005 0.208805
v 0.447347 3.591222 0.205114
v 0.478315 3.591222 0.252889
v 0.477849 3.590857 0.257988
v 0.467462 3.597412 0.271532
v 0.466136 3.588952 0.270262
v 0.051843 3.597939 0.542016
v 0.462851 3.598005 0.316539
v 0.094061 3.598005 0.555735
v 0.098426 3.595691 0.559562
v 0.092241 3.595170 0.560293
v 0.051843 3.597939 0.542016
v 0.464566 3.595691 0.322086
v 0.092220 3.524645 0.604121
v 0.051108 3.590056 0.545021
v 0.088551 3.519919 0.602717
v 0.125250 3.534534 0.611157
v 0.093533 3.518824 0.606144
v 0.088551 2.412187 0.602717
v 0.093214 2.408022 0.606037
v 0.126563 3.528713 0.613180
v 0.126563 2.412187 0.613180
v 0.130048 2.407041 0.611194
v 0.131249 3.535396 0.610140
v 0.134224 3.529809 0.610969
v 0.132814 2.413572 0.611910
v 0.494222 2.412187 0.377476
v 0.498815 2.407041 0.372014
v 0.160235 3.457589 0.594100
v 0.160251 2.441238 0.594100
v 0.498621 2.416271 0.374622
v 0.161247 3.451213 0.589541
v 0.161246 2.447935 0.589541
v 0.163992 3.454486 0.587761
v 0.163992 2.444663 0.587761
v 0.470932 3.457690 0.392584
v 0.463577 3.454486 0.393451
v 0.466322 3.451213 0.391671
v 0.470865 2.441211 0.392640
v 0.463577 2.444663 0.393451
v 0.466322 2.447935 0.391671
v 0.496907 3.529809 0.375734
v 0.502049 2.412187 0.369641
v 0.509126 2.408004 0.336275
v 0.497363 3.535396 0.372681
v 0.502049 3.528713 0.369641
v 0.509094 3.518824 0.336613
v 0.507996 2.412187 0.330667
v 0.507997 3.519919 0.330667
v 0.500738 3.534534 0.367618
v 0.507782 3.524645 0.334590
v 0.470584 3.590056 0.272951
v 0.467462 3.597412 0.271532
v 0.467756 3.595170 0.316737
v 0.518416 1.825117 -0.154943
v 0.516461 1.819924 -0.156731
v 0.510201 1.820809 -0.149771
v 0.516145 1.825117 -0.150267
v 0.516145 2.394255 -0.150267
v 0.518368 2.398440 -0.154087
v 0.510583 2.398554 -0.149657
v 0.532640 1.823542 -0.146339
v 0.521866 1.812395 -0.137428
v 0.532648 2.395853 -0.146338
v 0.521866 2.406977 -0.137428
v 0.535856 1.825090 -0.142311
v 0.524214 1.811202 -0.132214
v 0.524211 1.811202 -0.094731
v 0.533267 1.819115 -0.081085
v 0.535802 1.825117 -0.085376
v 0.535802 2.394255 -0.085376
v 0.535886 2.394334 -0.142339
v 0.533265 2.400256 -0.081085
v 0.524214 2.408170 -0.132214
v 0.524211 2.408170 -0.094731
v 0.173217 2.147996 0.372867
v 0.159191 2.172552 0.352711
v 0.163534 2.165120 0.345938
v 0.182320 2.135308 0.372936
v 0.137847 2.172552 0.322037
v 0.134300 1.882649 0.319342
v 0.174430 1.882649 0.377014
v 0.164084 1.875216 0.375158
v 0.129957 1.875217 0.326115
v 0.142190 2.165120 0.315264
v 0.115440 2.172552 0.318018
v 0.105832 1.882649 0.314236
v 0.107551 1.875217 0.322096
v 0.113722 2.165120 0.310159
v 0.046217 2.172552 0.366187
v 0.031555 1.882649 0.365922
v 0.038327 1.875216 0.370264
v 0.039444 2.165120 0.361844
v 0.042198 2.172552 0.388593
v 0.026449 1.882649 0.394389
v 0.034308 1.875217 0.392671
v 0.068435 1.875216 0.441714
v 0.066579 1.882649 0.452061
v 0.074469 2.135308 0.447983
v 0.034339 2.165120 0.390312
v 0.055683 2.165120 0.420986
v 0.077568 2.147996 0.439424
v 0.063542 2.172552 0.419267
v 0.325899 2.259398 -0.076838
v 0.325899 2.283953 -0.052282
v 0.318466 2.276520 -0.049204
v 0.318466 2.246709 -0.082094
v 0.325899 2.283953 -0.014913
v 0.327272 1.915211 -0.010675
v 0.327272 1.915211 -0.080935
v 0.334704 1.907778 -0.073502
v 0.334704 1.907778 -0.013754
v 0.350801 1.907778 0.002343
v 0.318466 2.276520 -0.011834
v 0.338917 2.276520 0.008617
v 0.341996 2.283953 0.001184
v 0.347722 1.915211 0.009776
v 0.435134 1.907778 0.002343
v 0.429408 2.276520 0.008617
v 0.426329 2.283953 0.001184
v 0.438213 1.915211 0.009776
v 0.451231 1.907778 -0.013754
v 0.449859 2.276520 -0.011834
v 0.442426 2.283953 -0.014913
v 0.458664 1.915211 -0.010675
v 0.451231 1.907778 -0.073502
v 0.458664 1.915211 -0.080935
v 0.449859 2.246709 -0.082094
v 0.449859 2.276520 -0.049204
v 0.442426 2.283953 -0.052282
v 0.442426 2.259398 -0.076838
v 0.168395 3.246100 0.370328
v 0.154887 3.270657 0.349822
v 0.159400 3.263224 0.343162
v 0.177493 3.233412 0.370629
v 0.134330 3.270657 0.318615
v 0.130852 2.824582 0.315830
v 0.169502 2.824582 0.374504
v 0.159206 2.817150 0.372386
v 0.126339 2.817150 0.322490
v 0.104041 2.817150 0.317903
v 0.138843 3.263224 0.311955
v 0.110515 3.263224 0.306126
v 0.112032 3.270657 0.314027
v 0.102524 2.824582 0.310002
v 0.033615 2.817150 0.364294
v 0.034946 3.263224 0.355905
v 0.041606 3.270657 0.360418
v 0.026955 2.824582 0.359781
v 0.029027 2.817150 0.386591
v 0.029117 3.263224 0.384233
v 0.037018 3.270657 0.382716
v 0.021126 2.824582 0.388109
v 0.061895 2.817150 0.436487
v 0.059776 2.824582 0.446783
v 0.067767 3.233412 0.442907
v 0.049674 3.263224 0.415441
v 0.057575 3.270657 0.413923
v 0.071083 3.246100 0.434429
v 0.325899 3.409786 -0.076838
v 0.325899 3.434342 -0.052282
v 0.318466 3.426909 -0.049204
v 0.318466 3.397097 -0.082094
v 0.325899 3.434342 -0.014913
v 0.327272 2.988267 -0.010675
v 0.327272 2.988267 -0.080935
v 0.334704 2.980835 -0.073502
v 0.334704 2.980835 -0.013754
v 0.350801 2.980835 0.002343
v 0.318466 3.426909 -0.011834
v 0.338917 3.426909 0.008617
v 0.341996 3.434342 0.001184
v 0.347722 2.988267 0.009776
v 0.435134 2.980835 0.002343
v 0.429408 3.426909 0.008617
v 0.426329 3.434342 0.001184
v 0.438213 2.988267 0.009776
v 0.451231 2.980835 -0.013754
v 0.449859 3.426909 -0.011834
v 0.442426 3.434342 -0.014913
v 0.458664 2.988267 -0.010675
v 0.451231 2.980835 -0.073502
v 0.458664 2.988267 -0.080935
v 0.449859 3.397097 -0.082094
v 0.449859 3.426909 -0.049204
v 0.442426 3.434341 -0.052282
v 0.442426 3.409786 -0.076838
v 0.329192 0.034991 0.016727
v 0.333486 0.039921 0.017335
v 0.331164 0.039921 0.022940
v 0.333486 0.425574 0.017335
v 0.329165 0.035142 0.222587
v 0.331164 0.425574 0.022940
v 0.333434 0.430726 0.017231
v 0.331138 0.425577 0.213573
v 0.333470 0.431196 0.213588
v 0.333201 0.429594 0.218225
v 0.331094 0.039806 0.213521
v 0.332233 0.040566 0.217730
v 0.334265 0.040976 0.227875
v 0.333710 0.429524 0.227760
v 0.331094 0.039806 0.231588
v 0.329360 0.035184 0.428247
v 0.331137 0.425574 0.231535
v 0.333472 0.431198 0.231520
v 0.331164 0.039922 0.422168
v 0.333486 0.039922 0.427773
v 0.331164 0.425574 0.422168
v 0.333409 0.430881 0.427883
v 0.333486 0.425574 0.427773
v 0.517742 1.986258 -0.142505
v 0.530312 1.986976 -0.142478
v 0.527844 1.986258 -0.208460
v 0.517822 1.986253 -0.219968
v 0.531405 1.989395 -0.207419
v 0.530867 2.003054 -0.142466
v 0.517864 2.003988 -0.220911
v 0.531153 2.001163 -0.207960
v 0.527844 2.004081 -0.208460
v 0.517742 2.004081 -0.142505
v 0.019102 1.986258 -0.142765
v 0.019103 1.986253 -0.220228
v 0.009069 1.986258 -0.208730
v 0.006532 1.986976 -0.142750
v 0.005507 1.989395 -0.207692
v 0.019063 2.003988 -0.221171
v 0.005978 2.003054 -0.142739
v 0.005759 2.001163 -0.208234
v 0.009069 2.004081 -0.208730
v 0.019102 2.004081 -0.142765
v 0.517742 2.233114 -0.142505
v 0.517822 2.233119 -0.219968
v 0.527844 2.233114 -0.208461
v 0.530312 2.232396 -0.142478
v 0.531405 2.229977 -0.207419
v 0.517864 2.215384 -0.220911
v 0.530867 2.216318 -0.142466
v 0.531153 2.218209 -0.207960
v 0.527844 2.215291 -0.208461
v 0.517742 2.215291 -0.142505
v 0.019102 2.233114 -0.142765
v 0.006532 2.232396 -0.142750
v 0.009069 2.233114 -0.208730
v 0.019103 2.233119 -0.220228
v 0.005507 2.229977 -0.207692
v 0.005978 2.216318 -0.142739
v 0.019063 2.215384 -0.221171
v 0.005759 2.218209 -0.208234
v 0.009069 2.215291 -0.208730
v 0.019102 2.215291 -0.142765
v 0.517742 3.616617 -0.142505
v 0.530312 3.617335 -0.142478
v 0.527844 3.616617 -0.208461
v 0.517822 3.616611 -0.219969
v 0.531405 3.619754 -0.207419
v 0.530867 3.633413 -0.142466
v 0.517864 3.634347 -0.220912
v 0.531153 3.631522 -0.207960
v 0.527844 3.634440 -0.208461
v 0.517742 3.634440 -0.142505
v 0.517742 3.396177 -0.142505
v 0.530312 3.396895 -0.142478
v 0.527844 3.396177 -0.208461
v 0.517822 3.396172 -0.219969
v 0.531405 3.399315 -0.207419
v 0.530867 3.412973 -0.142466
v 0.517864 3.413907 -0.220912
v 0.531153 3.411082 -0.207960
v 0.527844 3.414000 -0.208461
v 0.517742 3.414000 -0.142505
v 0.517742 3.175541 -0.142505
v 0.530312 3.176260 -0.142478
v 0.527844 3.175541 -0.208461
v 0.517822 3.175535 -0.219969
v 0.531405 3.178679 -0.207419
v 0.530867 3.192337 -0.142466
v 0.517864 3.193271 -0.220911
v 0.531153 3.190446 -0.207960
v 0.527844 3.193364 -0.208461
v 0.517742 3.193364 -0.142505
v 0.517742 2.955102 -0.142505
v 0.530312 2.955820 -0.142478
v 0.527844 2.955102 -0.208461
v 0.517822 2.955096 -0.219968
v 0.531405 2.958239 -0.207419
v 0.530867 2.971898 -0.142466
v 0.517864 2.972831 -0.220912
v 0.531153 2.970007 -0.207960
v 0.527844 2.972924 -0.208461
v 0.517742 2.972924 -0.142505
v 0.517742 2.734339 -0.142505
v 0.530312 2.735058 -0.142478
v 0.527844 2.734339 -0.208461
v 0.517822 2.734334 -0.219968
v 0.531405 2.737477 -0.207419
v 0.530867 2.751136 -0.142466
v 0.517864 2.752069 -0.220911
v 0.531153 2.749245 -0.207960
v 0.527844 2.752162 -0.208461
v 0.517742 2.752162 -0.142505
v 0.019102 3.616617 -0.142765
v 0.019103 3.616611 -0.220228
v 0.009069 3.616617 -0.208731
v 0.006532 3.617335 -0.142750
v 0.005507 3.619754 -0.207693
v 0.019063 3.634347 -0.221171
v 0.005978 3.633413 -0.142739
v 0.005759 3.631522 -0.208234
v 0.009069 3.634440 -0.208731
v 0.019102 3.634440 -0.142765
v 0.019102 3.396177 -0.142765
v 0.019103 3.396172 -0.220228
v 0.009069 3.396177 -0.208731
v 0.006532 3.396895 -0.142750
v 0.005507 3.399315 -0.207692
v 0.019062 3.413907 -0.221171
v 0.005978 3.412973 -0.142739
v 0.005759 3.411082 -0.208234
v 0.009069 3.414000 -0.208731
v 0.019102 3.414000 -0.142765
v 0.019102 3.175541 -0.142765
v 0.019103 3.175535 -0.220228
v 0.009069 3.175541 -0.208731
v 0.006532 3.176259 -0.142750
v 0.005507 3.178679 -0.207692
v 0.019063 3.193271 -0.221171
v 0.005978 3.192337 -0.142739
v 0.005759 3.190446 -0.208234
v 0.009069 3.193364 -0.208731
v 0.019102 3.193364 -0.142765
v 0.019102 2.955102 -0.142765
v 0.019103 2.955096 -0.220228
v 0.009069 2.955102 -0.208731
v 0.006532 2.955820 -0.142750
v 0.005507 2.958239 -0.207693
v 0.019063 2.972831 -0.221171
v 0.005978 2.971898 -0.142739
v 0.005759 2.970007 -0.208234
v 0.009069 2.972924 -0.208731
v 0.019102 2.972924 -0.142765
v 0.019102 2.734339 -0.142765
v 0.019103 2.734334 -0.220228
v 0.009069 2.734339 -0.208731
v 0.006532 2.735058 -0.142750
v 0.005507 2.737477 -0.207692
v 0.019063 2.752069 -0.221171
v 0.005978 2.751136 -0.142739
v 0.005759 2.749245 -0.208234
v 0.009069 2.752162 -0.208731
v 0.019102 2.752162 -0.142765
v 0.044903 3.455606 0.534220
v 0.034345 3.456324 0.541043
v 0.072349 3.455606 0.595038
v 0.087022 3.455600 0.599232
v 0.068796 3.458743 0.596104
v 0.033874 3.472402 0.541335
v 0.087501 3.473336 0.600046
v 0.069302 3.470511 0.596421
v 0.072349 3.473429 0.595038
v 0.044903 3.473429 0.534220
v 0.044903 3.235166 0.534221
v 0.034345 3.235884 0.541043
v 0.072349 3.235166 0.595038
v 0.087022 3.235161 0.599232
v 0.068796 3.238304 0.596104
v 0.033874 3.251962 0.541335
v 0.087501 3.252896 0.600046
v 0.069302 3.250072 0.596421
v 0.072349 3.252989 0.595038
v 0.044903 3.252989 0.534220
v 0.044903 3.014530 0.534221
v 0.034346 3.015248 0.541043
v 0.072349 3.014530 0.595038
v 0.087022 3.014525 0.599232
v 0.068796 3.017667 0.596104
v 0.033874 3.031326 0.541335
v 0.087501 3.032260 0.600046
v 0.069302 3.029435 0.596421
v 0.072349 3.032353 0.595038
v 0.044903 3.032353 0.534221
v 0.044903 2.794091 0.534221
v 0.034345 2.794809 0.541043
v 0.072349 2.794091 0.595038
v 0.087022 2.794085 0.599232
v 0.068796 2.797228 0.596104
v 0.033874 2.810887 0.541335
v 0.087501 2.811820 0.600046
v 0.069302 2.808996 0.596421
v 0.072349 2.811913 0.595038
v 0.044903 2.811913 0.534221
v 0.044903 2.573328 0.534221
v 0.034345 2.574047 0.541043
v 0.072349 2.573328 0.595038
v 0.087022 2.573323 0.599232
v 0.068796 2.576466 0.596104
v 0.033874 2.590125 0.541335
v 0.087501 2.591058 0.600046
v 0.069302 2.588234 0.596421
v 0.072349 2.591151 0.595038
v 0.044903 2.591151 0.534221
v 0.463253 3.455606 0.262881
v 0.505438 3.455600 0.327850
v 0.507592 3.455606 0.312742
v 0.473787 3.456324 0.256023
v 0.510014 3.458743 0.309932
v 0.505986 3.473336 0.328618
v 0.474246 3.472402 0.255712
v 0.510097 3.470511 0.310523
v 0.507592 3.473429 0.312742
v 0.463253 3.473429 0.262881
v 0.463253 3.235166 0.262881
v 0.505438 3.235161 0.327850
v 0.507592 3.235166 0.312742
v 0.473787 3.235884 0.256023
v 0.510014 3.238304 0.309932
v 0.505986 3.252896 0.328618
v 0.474246 3.251962 0.255712
v 0.510097 3.250071 0.310523
v 0.507592 3.252989 0.312742
v 0.463253 3.252989 0.262881
v 0.463253 3.014530 0.262881
v 0.505438 3.014525 0.327850
v 0.507592 3.014530 0.312742
v 0.473787 3.015248 0.256023
v 0.510014 3.017667 0.309932
v 0.505986 3.032260 0.328618
v 0.474246 3.031326 0.255712
v 0.510097 3.029435 0.310523
v 0.507592 3.032353 0.312742
v 0.463253 3.032353 0.262881
v 0.463253 2.794091 0.262881
v 0.505438 2.794085 0.327850
v 0.507592 2.794091 0.312742
v 0.473787 2.794809 0.256023
v 0.510014 2.797228 0.309932
v 0.505986 2.811820 0.328618
v 0.474246 2.810887 0.255712
v 0.510097 2.808996 0.310523
v 0.507592 2.811913 0.312742
v 0.463253 2.811913 0.262881
v 0.463253 2.573328 0.262881
v 0.505438 2.573323 0.327850
v 0.507592 2.573328 0.312742
v 0.473787 2.574047 0.256023
v 0.510014 2.576466 0.309932
v 0.505986 2.591058 0.328618
v 0.474246 2.590124 0.255712
v 0.510097 2.588233 0.310523
v 0.507592 2.591151 0.312742
v 0.463253 2.591151 0.262881
v 0.041317 1.951147 0.533579
v 0.030741 1.951866 0.540372
v 0.068594 1.951147 0.594473
v 0.083255 1.951142 0.598707
v 0.065037 1.954285 0.595528
v 0.030268 1.967944 0.540663
v 0.083731 1.968877 0.599522
v 0.065542 1.966053 0.595847
v 0.068594 1.968970 0.594473
v 0.041317 1.968970 0.533579
v 0.460420 1.951147 0.263404
v 0.502424 1.951142 0.328490
v 0.504621 1.951147 0.313389
v 0.470974 1.951866 0.256576
v 0.507050 1.954285 0.310585
v 0.502970 1.968877 0.329260
v 0.471433 1.967943 0.256266
v 0.507132 1.966053 0.311177
v 0.504621 1.968970 0.313389
v 0.460420 1.968970 0.263404
v 0.041317 2.063730 0.533579
v 0.083255 2.063735 0.598707
v 0.068594 2.063730 0.594473
v 0.030741 2.063011 0.540372
v 0.065037 2.060592 0.595528
v 0.083731 2.046000 0.599522
v 0.030268 2.046934 0.540663
v 0.065542 2.048825 0.595847
v 0.068594 2.045907 0.594473
v 0.041317 2.045907 0.533579
v 0.460420 2.063730 0.263404
v 0.470974 2.063011 0.256576
v 0.504621 2.063730 0.313389
v 0.502424 2.063735 0.328490
v 0.507050 2.060592 0.310585
v 0.471433 2.046934 0.256266
v 0.502970 2.046000 0.329260
v 0.507132 2.048825 0.311177
v 0.504621 2.045907 0.313389
v 0.460420 2.045907 0.263404
v 0.277995 1.516616 0.007490
v 0.290596 1.509814 0.003790
v 0.308051 1.509814 0.021244
v 0.281447 1.509814 -0.000000
v 0.304176 1.516449 0.027187
v 0.311841 1.509814 0.030394
v 0.032732 1.516504 0.007600
v 0.030394 1.509814 -0.000000
v 0.311841 1.509814 0.166718
v 0.021244 1.509814 0.003790
v 0.299860 1.516490 0.175262
v 0.306531 1.509814 0.179536
v 0.213224 1.509814 0.272844
v 0.007703 1.516452 0.028362
v 0.003790 1.509814 0.021244
v 0.000000 1.509814 0.030394
v 0.205855 1.516465 0.269650
v 0.200406 1.509814 0.278153
v 0.111435 1.509814 0.278153
v 0.007633 1.516463 0.168932
v 0.000000 1.509814 0.166718
v 0.005309 1.509814 0.179536
v 0.103024 1.516638 0.266522
v 0.098617 1.509814 0.272844
v 0.423301 0.351136 0.045851
v 0.417249 0.345084 0.045851
v 0.423301 0.345084 0.051903
v 0.417249 0.247203 0.045851
v 0.722924 0.345084 0.051903
v 0.722924 0.351136 0.045851
v 0.728975 0.345084 0.045851
v 0.423301 0.247203 0.051903
v 0.423301 0.241152 0.045851
v 0.722924 0.241152 0.045851
v 0.722924 0.247203 0.051903
v 0.728975 0.247203 0.045851
v 0.380957 2.961964 -0.047510
v 0.407074 2.956794 -0.055389
v 0.383528 2.961039 -0.055796
v 0.384853 2.959192 -0.019149
v 0.407538 2.961097 -0.022925
v 0.414475 2.957754 -0.035458
v 0.423171 0.451704 0.093429
v 0.419863 0.472684 0.094255
v 0.430891 0.476442 0.085376
v 0.468753 0.451978 0.097735
v 0.460392 0.477450 0.091205
v 0.473443 0.474221 0.123921
v 0.460452 0.451801 0.147875
v 0.451973 0.473775 0.152207
v 0.422418 0.451715 0.149542
v 0.424235 0.473975 0.149996
v 0.406165 0.473791 0.127937
v 0.404818 0.451626 0.116816
v 0.419863 0.472684 0.094255
v 0.423171 0.451704 0.093429
v 0.485296 0.449789 0.144836
v 0.484542 0.465324 0.145043
v 0.489858 0.465207 0.115161
v 0.485351 0.449076 0.084270
v 0.475918 0.462521 0.080230
v 0.400768 0.451308 0.075823
v 0.429687 0.463759 0.067195
v 0.387428 0.462602 0.111113
v 0.399907 0.467375 0.087194
v 0.401589 0.453473 0.173516
v 0.396351 0.462993 0.151065
v 0.444236 0.463656 0.176121
v 0.485296 0.449789 0.144836
v 0.484542 0.465324 0.145043
v 0.066447 1.516453 0.077395
v 0.065920 1.543363 0.077560
v 0.083588 1.544742 0.049042
v 0.083913 1.516538 0.041748
v 0.066451 1.540995 0.016086
v 0.036646 1.516532 0.002649
v 0.033398 1.542845 0.009356
v 0.002117 1.541590 0.045882
v 0.004442 1.516538 0.051730
v 0.028525 1.544762 0.082687
v 0.034332 1.516453 0.085146
v 0.065920 1.543363 0.077560
v 0.066447 1.516453 0.077395
v 0.168801 1.516453 0.269960
v 0.168801 1.540995 0.269960
v 0.194676 1.544349 0.248703
v 0.198527 1.516908 0.223166
v 0.187747 1.540995 0.211651
v 0.156855 1.542319 0.192592
v 0.152098 1.516538 0.194188
v 0.120046 1.543680 0.218387
v 0.118684 1.516453 0.224080
v 0.125744 1.544635 0.254053
v 0.133056 1.516453 0.266342
v 0.151029 1.543811 0.271751
v 0.168801 1.540995 0.269960
v 0.168801 1.516453 0.269960
v 0.269496 1.516453 0.082776
v 0.269496 1.540995 0.082776
v 0.295371 1.544349 0.061518
v 0.299222 1.516908 0.035981
v 0.288442 1.540995 0.024467
v 0.257550 1.542319 0.005407
v 0.252793 1.516538 0.007004
v 0.220742 1.543680 0.031202
v 0.219379 1.516453 0.036896
v 0.226440 1.544635 0.066869
v 0.233751 1.516453 0.079157
v 0.251724 1.543811 0.084566
v 0.269496 1.540995 0.082776
v 0.269496 1.516453 0.082776
v 0.116760 1.983757 0.219085
v 0.116760 2.017318 0.219085
v 0.114821 2.017318 0.243344
v 0.118405 1.982120 0.257174
v 0.134478 2.018122 0.273532
v 0.161485 1.982903 0.279887
v 0.182593 2.019024 0.271520
v 0.199714 1.982306 0.249784
v 0.202122 2.018235 0.226417
v 0.195176 1.983757 0.214135
v 0.169608 2.018692 0.191543
v 0.164938 1.982070 0.189550
v 0.131506 2.017318 0.199726
v 0.133416 1.981290 0.201840
v 0.116760 2.017318 0.219085
v 0.116760 1.983757 0.219085
v 0.188069 1.981267 0.218233
v 0.182638 1.967391 0.218482
v 0.187305 1.967619 0.240123
v 0.186076 1.979963 0.245382
v 0.175209 1.968660 0.261101
v 0.167641 1.980190 0.263521
v 0.144497 1.967337 0.263977
v 0.141365 1.979639 0.262357
v 0.126794 1.967398 0.239523
v 0.122117 1.981412 0.229213
v 0.130907 1.968764 0.215831
v 0.133416 1.981290 0.201840
v 0.154178 1.967371 0.203486
v 0.164136 1.979607 0.203564
v 0.182638 1.967391 0.218482
v 0.188069 1.981267 0.218233
v 0.134674 2.033660 0.255416
v 0.135095 2.020885 0.256155
v 0.120894 2.020103 0.229872
v 0.125637 2.033677 0.229666
v 0.136071 2.019606 0.206792
v 0.139520 2.032284 0.209219
v 0.163980 2.021436 0.203312
v 0.167697 2.033421 0.204444
v 0.184307 2.020885 0.219953
v 0.187919 2.033857 0.226881
v 0.185573 2.021160 0.247605
v 0.181553 2.033196 0.253705
v 0.159262 2.021396 0.266467
v 0.157187 2.032312 0.266629
v 0.135095 2.020885 0.256155
v 0.134674 2.033660 0.255416
v 0.131784 2.022962 0.270552
v 0.131829 2.072579 0.270515
v 0.128892 2.072215 0.304734
v 0.129019 2.025551 0.305915
v 0.158380 2.069788 0.350334
v 0.158542 2.025388 0.351469
v 0.212151 2.069929 0.352216
v 0.213223 2.023263 0.351699
v 0.240763 2.072507 0.331248
v 0.240840 2.022950 0.331128
v 0.253296 2.072172 0.298747
v 0.254660 2.026095 0.278884
v 0.247382 2.072659 0.265932
v 0.219518 2.072911 0.234028
v 0.221276 2.025551 0.238048
v 0.184439 2.023266 0.230163
v 0.153340 2.069929 0.242336
v 0.152412 2.023268 0.243174
v 0.131829 2.072579 0.270515
v 0.131784 2.022962 0.270552
v 0.215482 2.089471 0.328532
v 0.183336 2.090713 0.333884
v 0.234144 2.090729 0.289678
v 0.152843 2.091200 0.311925
v 0.210492 2.090997 0.257328
v 0.155179 2.091216 0.279481
v 0.184621 2.089286 0.251323
v 0.152808 2.088807 0.271173
v 0.210737 2.021983 0.256972
v 0.210737 2.007831 0.256972
v 0.228111 2.004425 0.276717
v 0.231121 2.021751 0.284415
v 0.231401 2.006002 0.307658
v 0.223494 2.021983 0.318070
v 0.198800 2.005205 0.336185
v 0.193109 2.021240 0.335399
v 0.160153 2.004367 0.320494
v 0.155170 2.021710 0.315266
v 0.147372 2.005049 0.290770
v 0.152077 2.021983 0.278295
v 0.167709 2.004784 0.257486
v 0.176238 2.021194 0.253481
v 0.210737 2.007831 0.256972
v 0.210737 2.021983 0.256972
v 0.188043 2.073496 0.251837
v 0.184621 2.089286 0.251323
v 0.152808 2.088807 0.271173
v 0.154573 2.074173 0.269240
v 0.152843 2.091200 0.311925
v 0.153259 2.074199 0.313240
v 0.183336 2.090713 0.333884
v 0.190463 2.073761 0.335006
v 0.215482 2.089471 0.328532
v 0.223494 2.073496 0.318070
v 0.234144 2.090729 0.289678
v 0.232127 2.074240 0.284175
v 0.210492 2.090997 0.257328
v 0.210737 2.073496 0.256972
v 0.184621 2.089286 0.251323
v 0.188043 2.073496 0.251837
v 0.181553 2.033196 0.253705
v 0.157187 2.032312 0.266629
v 0.134674 2.033660 0.255416
v 0.187919 2.033857 0.226881
v 0.125637 2.033677 0.229666
v 0.167697 2.033421 0.204444
v 0.139520 2.032284 0.209219
v 0.154178 1.967371 0.203486
v 0.130907 1.968764 0.215831
v 0.126794 1.967398 0.239523
v 0.182638 1.967391 0.218482
v 0.144497 1.967337 0.263977
v 0.187305 1.967619 0.240123
v 0.175209 1.968660 0.261101
v 0.235595 2.011348 0.025351
v 0.235272 1.998869 0.025623
v 0.259608 1.999766 0.012882
v 0.265432 2.012600 0.009378
v 0.286511 1.998449 0.028261
v 0.288215 2.010798 0.031464
v 0.287048 1.998500 0.057730
v 0.290474 2.012638 0.059965
v 0.270752 1.999921 0.075116
v 0.272652 2.011582 0.077754
v 0.244341 1.999092 0.072148
v 0.240791 2.013086 0.074900
v 0.228395 1.998391 0.051095
v 0.227659 2.010834 0.050128
v 0.235272 1.998869 0.025623
v 0.235595 2.011348 0.025351
v 0.300762 2.054219 0.030313
v 0.300710 2.103737 0.030306
v 0.322860 2.103373 0.004059
v 0.323439 2.056709 0.003021
v 0.325103 2.100946 -0.050198
v 0.316694 2.053087 -0.064105
v 0.282280 2.101087 -0.082773
v 0.278182 2.054350 -0.083550
v 0.246915 2.103688 -0.082187
v 0.245751 2.054401 -0.081664
v 0.218189 2.103375 -0.063196
v 0.217285 2.054064 -0.062435
v 0.203881 2.103437 -0.033284
v 0.203216 2.056709 -0.029823
v 0.208044 2.104069 0.009485
v 0.208928 2.056709 0.005187
v 0.232670 2.054435 0.031696
v 0.266879 2.101087 0.040900
v 0.266979 2.054122 0.040955
v 0.300710 2.103737 0.030306
v 0.300762 2.054219 0.030313
v 0.265890 2.120629 -0.065356
v 0.295228 2.121871 -0.051171
v 0.228223 2.121887 -0.044401
v 0.307453 2.122358 -0.015638
v 0.228862 2.122155 -0.004332
v 0.286819 2.122374 0.009507
v 0.246523 2.120444 0.015505
v 0.283959 2.119965 0.017659
v 0.288667 2.053141 0.012266
v 0.288667 2.038990 0.012266
v 0.266526 2.036869 0.019381
v 0.266470 2.053141 0.019242
v 0.235538 2.035860 0.008817
v 0.234002 2.052438 0.006265
v 0.224902 2.035640 -0.025850
v 0.226958 2.052648 -0.039436
v 0.240818 2.037227 -0.057482
v 0.264528 2.052637 -0.063286
v 0.285008 2.036431 -0.061875
v 0.296380 2.053141 -0.049670
v 0.308481 2.038026 -0.025242
v 0.307474 2.052352 -0.016862
v 0.288667 2.038990 0.012266
v 0.288667 2.053141 0.012266
v 0.244025 2.104655 0.013110
v 0.246523 2.120444 0.015505
v 0.283959 2.119965 0.017659
v 0.281402 2.105331 0.018219
v 0.307453 2.122358 -0.015638
v 0.307872 2.105358 -0.016952
v 0.295228 2.121871 -0.051171
v 0.290057 2.104919 -0.056201
v 0.265890 2.120629 -0.065356
v 0.253308 2.104655 -0.061437
v 0.228223 2.121887 -0.044401
v 0.226693 2.105398 -0.038743
v 0.228862 2.122155 -0.004332
v 0.228458 2.104655 -0.004183
v 0.246523 2.120444 0.015505
v 0.244025 2.104655 0.013110
v 0.243580 2.055985 0.068846
v 0.232366 2.064916 0.059296
v 0.278402 2.065712 0.071954
v 0.229673 2.065005 0.033400
v 0.289702 2.064842 0.041926
v 0.250251 2.064368 0.015354
v 0.277760 2.063470 0.018842
v 0.244341 1.999092 0.072148
v 0.270752 1.999921 0.075116
v 0.287048 1.998500 0.057730
v 0.228395 1.998391 0.051095
v 0.286511 1.998449 0.028261
v 0.235272 1.998869 0.025623
v 0.259608 1.999766 0.012882
v 0.116760 2.547380 0.219085
v 0.116760 2.580941 0.219085
v 0.114821 2.580941 0.243344
v 0.118405 2.545743 0.257174
v 0.134478 2.581745 0.273532
v 0.161485 2.546526 0.279887
v 0.182593 2.582647 0.271520
v 0.199714 2.545929 0.249784
v 0.202122 2.581858 0.226416
v 0.195176 2.547380 0.214135
v 0.169608 2.582316 0.191543
v 0.164938 2.545693 0.189549
v 0.131506 2.580941 0.199726
v 0.133416 2.544914 0.201840
v 0.116760 2.580941 0.219085
v 0.116760 2.547380 0.219085
v 0.188069 2.544890 0.218233
v 0.182638 2.531015 0.218482
v 0.187305 2.531243 0.240123
v 0.186076 2.543586 0.245382
v 0.175209 2.532283 0.261101
v 0.167641 2.543813 0.263521
v 0.144497 2.530960 0.263976
v 0.141365 2.543262 0.262357
v 0.126794 2.531021 0.239523
v 0.122117 2.545035 0.229213
v 0.130907 2.532387 0.215830
v 0.133416 2.544914 0.201840
v 0.154178 2.530994 0.203486
v 0.164136 2.543231 0.203564
v 0.182638 2.531015 0.218482
v 0.188069 2.544890 0.218233
v 0.134674 2.597283 0.255416
v 0.135095 2.584508 0.256155
v 0.120894 2.583726 0.229872
v 0.125637 2.597301 0.229666
v 0.136071 2.583229 0.206792
v 0.139520 2.595907 0.209219
v 0.163980 2.585059 0.203312
v 0.167697 2.597045 0.204444
v 0.184307 2.584508 0.219953
v 0.187919 2.597481 0.226881
v 0.185573 2.584783 0.247605
v 0.181553 2.596819 0.253705
v 0.159262 2.585020 0.266467
v 0.157187 2.595935 0.266629
v 0.135095 2.584508 0.256155
v 0.134674 2.597283 0.255416
v 0.131784 2.586586 0.270552
v 0.131829 2.636202 0.270515
v 0.128892 2.635838 0.304733
v 0.129019 2.589174 0.305915
v 0.158380 2.633411 0.350334
v 0.158542 2.589012 0.351469
v 0.212151 2.633552 0.352216
v 0.213223 2.586886 0.351699
v 0.240763 2.636130 0.331248
v 0.240840 2.586573 0.331128
v 0.253296 2.635796 0.298746
v 0.254660 2.589718 0.278884
v 0.247382 2.636282 0.265932
v 0.219518 2.636534 0.234028
v 0.221276 2.589174 0.238048
v 0.184439 2.586889 0.230163
v 0.153340 2.633552 0.242336
v 0.152412 2.586891 0.243174
v 0.131829 2.636202 0.270515
v 0.131784 2.586586 0.270552
v 0.215482 2.653094 0.328532
v 0.183336 2.654336 0.333884
v 0.234144 2.654352 0.289678
v 0.152843 2.654823 0.311925
v 0.210492 2.654620 0.257327
v 0.155179 2.654839 0.279481
v 0.184621 2.652909 0.251323
v 0.152808 2.652431 0.271173
v 0.210737 2.585606 0.256972
v 0.210737 2.571455 0.256972
v 0.228111 2.568048 0.276716
v 0.231121 2.585374 0.284415
v 0.231401 2.569625 0.307658
v 0.223494 2.585606 0.318070
v 0.198800 2.568828 0.336185
v 0.193109 2.584864 0.335399
v 0.160153 2.567990 0.320494
v 0.155170 2.585333 0.315266
v 0.147372 2.568672 0.290769
v 0.152077 2.585606 0.278294
v 0.167709 2.568408 0.257486
v 0.176238 2.584817 0.253481
v 0.210737 2.571455 0.256972
v 0.210737 2.585606 0.256972
v 0.188043 2.637120 0.251837
v 0.184621 2.652909 0.251323
v 0.152808 2.652431 0.271173
v 0.154573 2.637796 0.269240
v 0.152843 2.654823 0.311925
v 0.153259 2.637823 0.313240
v 0.183336 2.654336 0.333884
v 0.190463 2.637384 0.335006
v 0.215482 2.653094 0.328532
v 0.223494 2.637120 0.318070
v 0.234144 2.654352 0.289678
v 0.232127 2.637863 0.284175
v 0.210492 2.654620 0.257327
v 0.210737 2.637120 0.256972
v 0.184621 2.652909 0.251323
v 0.188043 2.637120 0.251837
v 0.181553 2.596819 0.253705
v 0.157187 2.595935 0.266629
v 0.134674 2.597283 0.255416
v 0.187919 2.597481 0.226881
v 0.125637 2.597301 0.229666
v 0.167697 2.597045 0.204444
v 0.139520 2.595907 0.209219
v 0.154178 2.530994 0.203486
v 0.130907 2.532387 0.215830
v 0.126794 2.531021 0.239523
v 0.182638 2.531015 0.218482
v 0.144497 2.530960 0.263976
v 0.187305 2.531243 0.240123
v 0.175209 2.532283 0.261101
v 0.235595 2.708777 0.025351
v 0.235273 2.696299 0.025623
v 0.259608 2.697196 0.012882
v 0.265432 2.710030 0.009378
v 0.286511 2.695879 0.028261
v 0.288215 2.708227 0.031463
v 0.287048 2.695930 0.057730
v 0.290474 2.710067 0.059965
v 0.270752 2.697351 0.075116
v 0.272651 2.709011 0.077754
v 0.244341 2.696521 0.072148
v 0.240791 2.710515 0.074900
v 0.228395 2.695821 0.051094
v 0.227659 2.708264 0.050128
v 0.235273 2.696299 0.025623
v 0.235595 2.708777 0.025351
v 0.300762 2.751648 0.030313
v 0.300710 2.801167 0.030306
v 0.322860 2.800803 0.004059
v 0.323439 2.754138 0.003021
v 0.325103 2.798376 -0.050198
v 0.316694 2.750516 -0.064105
v 0.282280 2.798517 -0.082773
v 0.278182 2.751780 -0.083550
v 0.246916 2.801118 -0.082187
v 0.245751 2.751831 -0.081664
v 0.218189 2.800804 -0.063196
v 0.217285 2.751493 -0.062435
v 0.203881 2.800867 -0.033284
v 0.203216 2.754138 -0.029823
v 0.208044 2.801498 0.009484
v 0.208928 2.754138 0.005187
v 0.232670 2.751864 0.031696
v 0.266879 2.798517 0.040900
v 0.266979 2.751552 0.040955
v 0.300710 2.801167 0.030306
v 0.300762 2.751648 0.030313
v 0.265890 2.818059 -0.065356
v 0.295228 2.819301 -0.051171
v 0.228223 2.819317 -0.044402
v 0.307453 2.819788 -0.015638
v 0.228862 2.819585 -0.004332
v 0.286819 2.819803 0.009507
v 0.246523 2.817874 0.015504
v 0.283959 2.817395 0.017659
v 0.288667 2.750571 0.012266
v 0.288667 2.736419 0.012266
v 0.266526 2.734298 0.019381
v 0.266470 2.750571 0.019242
v 0.235538 2.733289 0.008816
v 0.234002 2.749868 0.006264
v 0.224902 2.733070 -0.025850
v 0.226958 2.750078 -0.039436
v 0.240818 2.734657 -0.057482
v 0.264528 2.750067 -0.063286
v 0.285009 2.733860 -0.061875
v 0.296380 2.750571 -0.049670
v 0.308481 2.735456 -0.025242
v 0.307474 2.749782 -0.016862
v 0.288667 2.736419 0.012266
v 0.288667 2.750571 0.012266
v 0.244025 2.802084 0.013110
v 0.246523 2.817874 0.015504
v 0.283959 2.817395 0.017659
v 0.281402 2.802761 0.018219
v 0.307453 2.819788 -0.015638
v 0.307872 2.802788 -0.016952
v 0.295228 2.819301 -0.051171
v 0.290057 2.802349 -0.056201
v 0.265890 2.818059 -0.065356
v 0.253308 2.802084 -0.061438
v 0.228223 2.819317 -0.044402
v 0.226693 2.802827 -0.038743
v 0.228862 2.819585 -0.004332
v 0.228458 2.802084 -0.004183
v 0.246523 2.817874 0.015504
v 0.244025 2.802084 0.013110
v 0.243580 2.753414 0.068846
v 0.232365 2.762346 0.059296
v 0.278402 2.763142 0.071954
v 0.229674 2.762434 0.033400
v 0.289702 2.762272 0.041926
v 0.250251 2.761797 0.015354
v 0.277760 2.760900 0.018842
v 0.244341 2.696521 0.072148
v 0.270752 2.697351 0.075116
v 0.287048 2.695930 0.057730
v 0.228395 2.695821 0.051094
v 0.286511 2.695879 0.028261
v 0.235273 2.696299 0.025623
v 0.259608 2.697196 0.012882
v 0.116760 3.354645 0.219085
v 0.116760 3.388206 0.219085
v 0.114821 3.388206 0.243344
v 0.118405 3.353008 0.257174
v 0.134478 3.389010 0.273531
v 0.161485 3.353790 0.279886
v 0.182593 3.389912 0.271520
v 0.199714 3.353194 0.249784
v 0.202122 3.389123 0.226416
v 0.195176 3.354645 0.214135
v 0.169608 3.389580 0.191543
v 0.164938 3.352958 0.189549
v 0.131506 3.388206 0.199726
v 0.133416 3.352179 0.201840
v 0.116760 3.388206 0.219085
v 0.116760 3.354645 0.219085
v 0.188069 3.352155 0.218233
v 0.182638 3.338279 0.218482
v 0.187305 3.338507 0.240123
v 0.186076 3.350851 0.245382
v 0.175209 3.339548 0.261101
v 0.167641 3.351078 0.263521
v 0.144497 3.338225 0.263976
v 0.141365 3.350527 0.262357
v 0.126794 3.338286 0.239523
v 0.122117 3.352300 0.229213
v 0.130907 3.339652 0.215830
v 0.133416 3.352179 0.201840
v 0.154177 3.338259 0.203486
v 0.164136 3.350495 0.203564
v 0.182638 3.338279 0.218482
v 0.188069 3.352155 0.218233
v 0.134674 3.404548 0.255416
v 0.135095 3.391773 0.256155
v 0.120894 3.390991 0.229872
v 0.125637 3.404566 0.229666
v 0.136071 3.390494 0.206792
v 0.139520 3.403172 0.209219
v 0.163980 3.392324 0.203312
v 0.167697 3.404310 0.204444
v 0.184307 3.391773 0.219953
v 0.187919 3.404746 0.226881
v 0.185573 3.392047 0.247604
v 0.181553 3.404084 0.253705
v 0.159262 3.392284 0.266466
v 0.157187 3.403200 0.266629
v 0.135095 3.391773 0.256155
v 0.134674 3.404548 0.255416
v 0.131784 3.393851 0.270552
v 0.131829 3.443467 0.270515
v 0.128892 3.443103 0.304733
v 0.129019 3.396439 0.305915
v 0.158380 3.440676 0.350334
v 0.158542 3.396277 0.351469
v 0.212151 3.440817 0.352215
v 0.213222 3.394151 0.351699
v 0.240763 3.443395 0.331248
v 0.240840 3.393838 0.331128
v 0.253296 3.443060 0.298746
v 0.254660 3.396983 0.278884
v 0.247382 3.443547 0.265932
v 0.219518 3.443799 0.234028
v 0.221276 3.396439 0.238048
v 0.184439 3.394154 0.230163
v 0.153340 3.440817 0.242336
v 0.152412 3.394156 0.243174
v 0.131829 3.443467 0.270515
v 0.131784 3.393851 0.270552
v 0.215482 3.460359 0.328532
v 0.183336 3.461601 0.333883
v 0.234144 3.461617 0.289678
v 0.152843 3.462088 0.311924
v 0.210492 3.461885 0.257327
v 0.155179 3.462104 0.279481
v 0.184621 3.460174 0.251323
v 0.152808 3.459695 0.271173
v 0.210737 3.392871 0.256972
v 0.210737 3.378720 0.256972
v 0.228111 3.375313 0.276716
v 0.231121 3.392639 0.284415
v 0.231401 3.376890 0.307658
v 0.223494 3.392871 0.318070
v 0.198800 3.376093 0.336185
v 0.193109 3.392128 0.335398
v 0.160153 3.375255 0.320494
v 0.155170 3.392598 0.315266
v 0.147372 3.375937 0.290769
v 0.152077 3.392871 0.278294
v 0.167709 3.375672 0.257486
v 0.176238 3.392082 0.253481
v 0.210737 3.378720 0.256972
v 0.210737 3.392871 0.256972
v 0.188043 3.444385 0.251836
v 0.184621 3.460174 0.251323
v 0.152808 3.459695 0.271173
v 0.154573 3.445061 0.269240
v 0.152843 3.462088 0.311924
v 0.153259 3.445088 0.313240
v 0.183336 3.461601 0.333883
v 0.190463 3.444649 0.335006
v 0.215482 3.460359 0.328532
v 0.223494 3.444385 0.318070
v 0.234144 3.461617 0.289678
v 0.232127 3.445128 0.284175
v 0.210492 3.461885 0.257327
v 0.210737 3.444385 0.256972
v 0.184621 3.460174 0.251323
v 0.188043 3.444385 0.251836
v 0.181553 3.404084 0.253705
v 0.157187 3.403200 0.266629
v 0.134674 3.404548 0.255416
v 0.187919 3.404746 0.226881
v 0.125637 3.404566 0.229666
v 0.167697 3.404310 0.204444
v 0.139520 3.403172 0.209219
v 0.154177 3.338259 0.203486
v 0.130907 3.339652 0.215830
v 0.126794 3.338286 0.239523
v 0.182638 3.338279 0.218482
v 0.144497 3.338225 0.263976
v 0.187305 3.338507 0.240123
v 0.175209 3.339548 0.261101
v 0.235595 3.511657 0.025351
v 0.235273 3.499178 0.025623
v 0.259608 3.500075 0.012882
v 0.265432 3.512909 0.009377
v 0.286511 3.498758 0.028261
v 0.288215 3.511107 0.031463
v 0.287048 3.498809 0.057730
v 0.290474 3.512947 0.059965
v 0.270752 3.500230 0.075116
v 0.272651 3.511891 0.077754
v 0.244341 3.499400 0.072148
v 0.240791 3.513395 0.074900
v 0.228395 3.498700 0.051094
v 0.227659 3.511143 0.050128
v 0.235273 3.499178 0.025623
v 0.235595 3.511657 0.025351
v 0.300762 3.554528 0.030313
v 0.300710 3.604046 0.030306
v 0.322860 3.603682 0.004059
v 0.323439 3.557018 0.003021
v 0.325103 3.601255 -0.050198
v 0.316694 3.553396 -0.064105
v 0.282280 3.601396 -0.082773
v 0.278182 3.554659 -0.083550
v 0.246915 3.603997 -0.082187
v 0.245751 3.554710 -0.081664
v 0.218189 3.603684 -0.063196
v 0.217285 3.554373 -0.062435
v 0.203881 3.603747 -0.033284
v 0.203216 3.557018 -0.029824
v 0.208044 3.604378 0.009484
v 0.208928 3.557018 0.005187
v 0.232670 3.554743 0.031696
v 0.266879 3.601396 0.040900
v 0.266980 3.554431 0.040955
v 0.300710 3.604046 0.030306
v 0.300762 3.554528 0.030313
v 0.265890 3.620938 -0.065356
v 0.295228 3.622180 -0.051171
v 0.228222 3.622196 -0.044402
v 0.307453 3.622667 -0.015638
v 0.228862 3.622464 -0.004332
v 0.286819 3.622683 0.009506
v 0.246523 3.620753 0.015504
v 0.283959 3.620274 0.017659
v 0.288667 3.553450 0.012266
v 0.288667 3.539299 0.012266
v 0.266526 3.537178 0.019381
v 0.266470 3.553450 0.019242
v 0.235538 3.536169 0.008816
v 0.234002 3.552747 0.006264
v 0.224902 3.535949 -0.025850
v 0.226958 3.552958 -0.039436
v 0.240818 3.537536 -0.057482
v 0.264528 3.552946 -0.063286
v 0.285008 3.536740 -0.061875
v 0.296380 3.553450 -0.049671
v 0.308481 3.538335 -0.025242
v 0.307474 3.552661 -0.016862
v 0.288667 3.539299 0.012266
v 0.288667 3.553450 0.012266
v 0.244025 3.604964 0.013110
v 0.246523 3.620753 0.015504
v 0.283959 3.620274 0.017659
v 0.281402 3.605640 0.018219
v 0.307453 3.622667 -0.015638
v 0.307872 3.605667 -0.016952
v 0.295228 3.622180 -0.051171
v 0.290057 3.605228 -0.056201
v 0.265890 3.620938 -0.065356
v 0.253308 3.604964 -0.061438
v 0.228222 3.622196 -0.044402
v 0.226693 3.605707 -0.038743
v 0.228862 3.622464 -0.004332
v 0.228458 3.604964 -0.004183
v 0.246523 3.620753 0.015504
v 0.244025 3.604964 0.013110
v 0.243580 3.556294 0.068846
v 0.232366 3.565225 0.059296
v 0.278402 3.566021 0.071954
v 0.229674 3.565314 0.033400
v 0.289702 3.565151 0.041926
v 0.250251 3.564677 0.015354
v 0.277760 3.563779 0.018842
v 0.244341 3.499400 0.072148
v 0.270752 3.500230 0.075116
v 0.287048 3.498809 0.057730
v 0.228395 3.498700 0.051094
v 0.286511 3.498758 0.028261
v 0.235273 3.499178 0.025623
v 0.259608 3.500075 0.012882
v 0.652018 0.309697 0.030489
v 0.670536 0.307869 0.031418
v 0.669352 0.308386 0.052093
v 0.645385 0.307142 0.051755
v 0.641670 0.289658 0.031794
v 0.651263 0.269572 0.051742
v 0.653168 0.274285 0.032551
v 0.669932 0.275040 0.031283
v 0.680547 0.291629 0.052220
v 0.678907 0.293709 0.031366
v 0.670536 0.307869 0.031418
v 0.669352 0.308386 0.052093
v 0.540722 0.310396 0.032586
v 0.550559 0.293053 0.030409
v 0.542662 0.313624 0.052193
v 0.544309 0.274129 0.052033
v 0.544931 0.277755 0.031974
v 0.523213 0.269452 0.031761
v 0.510004 0.276214 0.051478
v 0.507666 0.292649 0.030544
v 0.513388 0.310501 0.051784
v 0.522611 0.314399 0.031715
v 0.542662 0.313624 0.052193
v 0.540722 0.310396 0.032586
v 0.487523 0.309421 0.030660
v 0.494884 0.285825 0.033053
v 0.487495 0.314174 0.051868
v 0.486849 0.273342 0.051731
v 0.486136 0.274980 0.031128
v 0.468121 0.270867 0.031126
v 0.453538 0.277916 0.051220
v 0.450745 0.288960 0.030083
v 0.459305 0.310716 0.051557
v 0.464906 0.312272 0.030277
v 0.487495 0.314174 0.051868
v 0.487523 0.309421 0.030660
v 0.071135 1.874587 0.375817
v 0.076602 1.854364 0.393954
v 0.074909 1.854175 0.371682
v 0.094709 1.874597 0.403838
v 0.086440 1.853803 0.398007
v 0.106520 1.855222 0.398471
v 0.113101 1.874621 0.390724
v 0.114427 1.855193 0.377941
v 0.101239 1.874689 0.359544
v 0.097889 1.855032 0.362618
v 0.074909 1.854175 0.371682
v 0.071135 1.874587 0.375817
v 0.111895 1.875604 0.384869
v 0.104551 1.855253 0.395533
v 0.111213 1.855508 0.380613
v 0.076737 1.875105 0.396620
v 0.086440 1.853803 0.398007
v 0.080487 1.855135 0.373357
v 0.095894 1.875552 0.364076
v 0.096387 1.854907 0.366685
v 0.111213 1.855508 0.380613
v 0.111895 1.875604 0.384869
v 0.380948 1.908153 -0.049715
v 0.397495 1.908040 -0.055646
v 0.385142 1.888236 -0.051765
v 0.405183 1.887476 -0.052883
v 0.414717 1.908056 -0.038687
v 0.411714 1.887386 -0.030622
v 0.393800 1.907994 -0.022438
v 0.391613 1.887464 -0.023849
v 0.379770 1.887738 -0.036615
v 0.380948 1.908153 -0.049715
v 0.385142 1.888236 -0.051765
v 0.070467 2.797022 0.387984
v 0.073845 2.792714 0.369859
v 0.066726 2.816521 0.367322
v 0.074011 2.816660 0.393957
v 0.090096 2.796195 0.397083
v 0.105999 2.816481 0.393786
v 0.110431 2.796077 0.379381
v 0.103664 2.816530 0.362458
v 0.094787 2.796740 0.358209
v 0.066726 2.816521 0.367322
v 0.073845 2.792714 0.369859
v 0.090096 2.796195 0.397083
v 0.105521 2.796379 0.377160
v 0.104356 2.817417 0.379335
v 0.089541 2.817378 0.395236
v 0.080133 2.797322 0.391734
v 0.071700 2.817366 0.377967
v 0.073845 2.792714 0.369859
v 0.092526 2.817449 0.359339
v 0.093580 2.796780 0.362701
v 0.105521 2.796379 0.377160
v 0.104356 2.817417 0.379335
v 0.414475 2.957754 -0.035458
v 0.407538 2.961097 -0.022925
v 0.409279 2.980330 -0.018821
v 0.417288 2.980136 -0.047901
v 0.407074 2.956794 -0.055389
v 0.393310 2.980222 -0.060235
v 0.383528 2.961039 -0.055796
v 0.373513 2.980243 -0.038341
v 0.380957 2.961964 -0.047510
v 0.384853 2.959192 -0.019149
v 0.409279 2.980330 -0.018821
v 0.407538 2.961097 -0.022925
v 0.407074 2.956794 -0.055389
v 0.380957 2.961964 -0.047510
v 0.381376 2.981050 -0.050039
v 0.414562 2.981641 -0.048047
v 0.414475 2.957754 -0.035458
v 0.393799 2.981051 -0.022438
v 0.384853 2.959192 -0.019149
v 0.380957 2.961964 -0.047510
v 0.381376 2.981050 -0.050039
v 0.278402 2.065712 0.071954
v 0.259912 2.050838 0.085285
v 0.243580 2.055985 0.068846
v 0.284362 2.051996 0.068642
v 0.289702 2.064842 0.041926
v 0.292959 2.050744 0.040653
v 0.277760 2.063470 0.018842
v 0.280451 2.050957 0.014678
v 0.250251 2.064368 0.015354
v 0.240490 2.051369 0.014047
v 0.229673 2.065005 0.033400
v 0.228113 2.052723 0.049790
v 0.232366 2.064916 0.059296
v 0.243580 2.055985 0.068846
v 0.278402 2.763142 0.071954
v 0.259912 2.748267 0.085284
v 0.243580 2.753414 0.068846
v 0.284362 2.749426 0.068642
v 0.289702 2.762272 0.041926
v 0.292959 2.748173 0.040654
v 0.277760 2.760900 0.018842
v 0.280451 2.748387 0.014678
v 0.250251 2.761797 0.015354
v 0.240490 2.748799 0.014046
v 0.229674 2.762434 0.033400
v 0.228113 2.750153 0.049790
v 0.232365 2.762346 0.059296
v 0.243580 2.753414 0.068846
v 0.278402 3.566021 0.071954
v 0.259912 3.551147 0.085284
v 0.243580 3.556294 0.068846
v 0.284362 3.552305 0.068642
v 0.289702 3.565151 0.041926
v 0.292959 3.551053 0.040654
v 0.277760 3.563779 0.018842
v 0.280451 3.551266 0.014678
v 0.250251 3.564677 0.015354
v 0.240490 3.551678 0.014046
v 0.229674 3.565314 0.033400
v 0.228113 3.553032 0.049790
v 0.232366 3.565225 0.059296
v 0.243580 3.556294 0.068846
v 0.544931 0.277755 0.031974
v 0.550559 0.293053 0.030409
v 0.523213 0.269452 0.031761
v 0.507666 0.292649 0.030544
v 0.522611 0.314399 0.031715
v 0.540722 0.310396 0.032586
v 0.669932 0.275040 0.031283
v 0.641670 0.289658 0.031794
v 0.653168 0.274285 0.032551
v 0.652018 0.309697 0.030489
v 0.670536 0.307869 0.031418
v 0.678907 0.293709 0.031366
v 0.004196 0.997520 0.066026
v -0.029588 0.957975 0.126913
v -0.005198 0.958697 0.066000
v -0.025396 1.001058 0.119457
v -0.051241 0.999498 0.168129
v -0.046554 0.958558 0.168750
v -0.017743 0.958237 0.175807
v -0.019297 0.998162 0.179829
v -0.000170 0.999888 0.176901
v -0.001899 0.997758 0.180599
v 0.039842 0.959059 0.222090
v 0.039408 0.998466 0.221555
v 0.004196 1.448980 0.066026
v -0.029588 1.409435 0.126913
v -0.005198 1.410157 0.066000
v -0.025396 1.452517 0.119456
v -0.051241 1.450958 0.168129
v -0.046554 1.410018 0.168750
v -0.017743 1.409697 0.175807
v -0.019297 1.449622 0.179829
v -0.000171 1.451348 0.176901
v -0.001899 1.449218 0.180599
v 0.039842 1.410519 0.222090
v 0.039408 1.449925 0.221555
v 0.407936 1.907182 -0.023108
v 0.417288 1.907079 -0.047903
v 0.411025 1.888247 -0.023026
v 0.415109 1.887283 -0.047826
v 0.401692 1.888004 -0.058776
v 0.379790 1.907135 -0.058728
v 0.384515 1.888018 -0.056183
v 0.375966 1.887703 -0.035674
v 0.384628 1.907309 -0.020439
v 0.390877 1.886916 -0.019752
v 0.411025 1.888247 -0.023026
v 0.407936 1.907182 -0.023108
v 0.168801 1.540995 0.269960
v 0.151029 1.543811 0.271751
v 0.194676 1.544349 0.248703
v 0.125744 1.544635 0.254053
v 0.184465 1.544853 0.214036
v 0.187747 1.540995 0.211651
v 0.161749 1.544944 0.199717
v 0.120046 1.543680 0.218387
v 0.156855 1.542319 0.192592
v 0.269496 1.540995 0.082776
v 0.251724 1.543811 0.084566
v 0.295371 1.544349 0.061518
v 0.226440 1.544635 0.066869
v 0.285160 1.544853 0.026851
v 0.288442 1.540995 0.024467
v 0.262444 1.544944 0.012532
v 0.220742 1.543680 0.031202
v 0.257550 1.542319 0.005407
v 0.198800 2.005205 0.336185
v 0.231401 2.006002 0.307658
v 0.228111 2.004425 0.276717
v 0.160153 2.004367 0.320494
v 0.197389 2.004255 0.254466
v 0.210737 2.007831 0.256972
v 0.147372 2.005049 0.290770
v 0.167709 2.004784 0.257486
v 0.283328 2.014915 0.081001
v 0.283328 2.048476 0.081001
v 0.305152 2.050175 0.045015
v 0.298914 2.014915 0.062312
v 0.298073 2.015440 0.027217
v 0.283611 2.048656 0.007261
v 0.273991 2.013042 0.002337
v 0.234195 2.048223 0.005608
v 0.231269 2.013624 0.009218
v 0.214377 2.050230 0.049406
v 0.215107 2.013555 0.054781
v 0.234545 2.050137 0.079853
v 0.241743 2.013217 0.087480
v 0.259912 2.050838 0.085285
v 0.283328 2.048476 0.081001
v 0.283328 2.014915 0.081001
v 0.198800 2.568828 0.336185
v 0.231401 2.569625 0.307658
v 0.228111 2.568048 0.276716
v 0.160153 2.567990 0.320494
v 0.197389 2.567879 0.254466
v 0.210737 2.571455 0.256972
v 0.147372 2.568672 0.290769
v 0.167709 2.568408 0.257486
v 0.283328 2.712345 0.081001
v 0.283328 2.745905 0.081001
v 0.305152 2.747604 0.045015
v 0.298914 2.712345 0.062311
v 0.298073 2.712870 0.027217
v 0.283611 2.746085 0.007261
v 0.273991 2.710472 0.002337
v 0.234195 2.745652 0.005608
v 0.231269 2.711053 0.009218
v 0.214377 2.747659 0.049406
v 0.215107 2.710985 0.054781
v 0.234545 2.747566 0.079853
v 0.241743 2.710646 0.087480
v 0.259912 2.748267 0.085284
v 0.283328 2.745905 0.081001
v 0.283328 2.712345 0.081001
v 0.198800 3.376093 0.336185
v 0.231401 3.376890 0.307658
v 0.228111 3.375313 0.276716
v 0.160153 3.375255 0.320494
v 0.197389 3.375144 0.254466
v 0.210737 3.378720 0.256972
v 0.147372 3.375937 0.290769
v 0.167709 3.375672 0.257486
v 0.283328 3.515224 0.081001
v 0.283328 3.548785 0.081001
v 0.305152 3.550483 0.045015
v 0.298914 3.515224 0.062311
v 0.298073 3.515749 0.027217
v 0.283611 3.548964 0.007261
v 0.273991 3.513351 0.002337
v 0.234195 3.548531 0.005608
v 0.231269 3.513933 0.009218
v 0.214377 3.550539 0.049406
v 0.215107 3.513864 0.054781
v 0.234545 3.550446 0.079853
v 0.241743 3.513526 0.087480
v 0.259912 3.551147 0.085284
v 0.283328 3.548785 0.081001
v 0.283328 3.515224 0.081001
v 0.487523 0.309421 0.030660
v 0.486136 0.274980 0.031128
v 0.494884 0.285825 0.033053
v 0.450745 0.288960 0.030083
v 0.464906 0.312272 0.030277
v 0.468121 0.270867 0.031126
v 0.285008 2.036431 -0.061875
v 0.240818 2.037227 -0.057482
v 0.224902 2.035640 -0.025850
v 0.303166 2.035422 -0.028157
v 0.235538 2.035860 0.008817
v 0.308481 2.038026 -0.025242
v 0.298268 2.035321 -0.001072
v 0.266526 2.036869 0.019381
v 0.288667 2.038990 0.012266
v 0.285009 2.733860 -0.061875
v 0.240818 2.734657 -0.057482
v 0.224902 2.733070 -0.025850
v 0.303166 2.732852 -0.028157
v 0.235538 2.733289 0.008816
v 0.308481 2.735456 -0.025242
v 0.298268 2.732750 -0.001072
v 0.266526 2.734298 0.019381
v 0.288667 2.736419 0.012266
v 0.285008 3.536740 -0.061875
v 0.240818 3.537536 -0.057482
v 0.224902 3.535949 -0.025850
v 0.303166 3.535731 -0.028158
v 0.235538 3.536169 0.008816
v 0.308481 3.538335 -0.025242
v 0.298268 3.535630 -0.001072
v 0.266526 3.537178 0.019381
v 0.288667 3.539299 0.012266
v 0.405395 2.976094 -0.041862
v 0.397023 2.976278 -0.047328
v 0.391896 2.872509 -0.042963
v 0.394986 2.815908 -0.032596
v 0.379160 2.781638 -0.031620
v 0.404864 2.976540 -0.031886
v 0.321871 2.532405 0.019099
v 0.399751 2.873063 -0.027534
v 0.390878 2.874300 -0.023049
v 0.390570 2.977404 -0.028317
v 0.384017 2.766674 -0.013536
v 0.321089 2.488554 0.032165
v 0.308045 2.445736 0.030688
v 0.301903 2.349429 0.034857
v 0.332289 2.547311 0.032427
v 0.374080 2.762041 -0.008003
v 0.377703 2.822514 -0.024626
v 0.388120 2.976908 -0.042819
v 0.322789 2.545230 0.037321
v 0.315879 2.446225 0.046131
v 0.310283 2.349422 0.040322
v 0.335335 0.829445 0.062022
v 0.307016 2.447604 0.050596
v 0.345308 0.771646 0.068535
v 0.342848 0.750562 0.064201
v 0.309735 2.349738 0.050303
v 0.361956 0.691620 0.074391
v 0.300808 2.350061 0.054820
v 0.369451 0.696084 0.079402
v 0.434196 0.566857 0.117819
v 0.344593 0.779088 0.078331
v 0.441110 0.572555 0.122149
v 0.449740 0.509272 0.127815
v 0.368497 0.698053 0.089175
v 0.335627 0.777963 0.082838
v 0.458045 0.510810 0.133362
v 0.451122 0.436671 0.126777
v 0.457727 0.437128 0.143972
v 0.438551 0.578334 0.131486
v 0.453289 0.510419 0.148188
v 0.448757 0.437124 0.148391
v 0.430848 0.574038 0.136171
v 0.360048 0.695558 0.093938
v 0.424208 0.569750 0.131810
v 0.440111 0.509262 0.142213
v 0.438606 0.436976 0.137777
v 0.356278 0.681395 0.091141
v 0.423267 0.572038 0.120980
v 0.440773 0.508498 0.132241
v 0.451122 0.436671 0.126777
v 0.449740 0.509272 0.127815
v 0.434196 0.566857 0.117819
v 0.357257 0.680098 0.081227
v 0.361956 0.691620 0.074391
v 0.342848 0.750562 0.064201
v 0.327907 0.774920 0.067487
v 0.335335 0.829445 0.062022
v 0.301903 2.349429 0.034857
v 0.327566 0.770379 0.077926
v 0.292976 2.349752 0.039374
v 0.308045 2.445736 0.030688
v 0.292429 2.350069 0.049355
v 0.299183 2.447114 0.035153
v 0.321871 2.532405 0.019099
v 0.303534 2.491720 0.041342
v 0.315753 2.548938 0.021265
v 0.379160 2.781638 -0.031620
v 0.367409 2.767220 -0.024478
v 0.391896 2.872509 -0.042963
v 0.383023 2.873747 -0.038479
v 0.397023 2.976278 -0.047328
v 0.387261 1.895952 -0.045326
v 0.386596 1.896478 -0.032855
v 0.383202 1.783192 -0.028262
v 0.383847 1.782045 -0.040709
v 0.398398 1.895390 -0.050974
v 0.371179 1.665335 -0.011378
v 0.394965 1.780841 -0.046330
v 0.408871 1.895352 -0.044150
v 0.371570 1.662545 -0.023565
v 0.330130 1.454754 0.034979
v 0.329515 1.458211 0.047237
v 0.322628 1.358500 0.055306
v 0.382268 1.659384 -0.028403
v 0.323325 1.358063 0.042826
v 0.319750 0.829184 0.055623
v 0.341041 1.452423 0.029743
v 0.320907 0.781898 0.043063
v 0.327619 0.749094 0.057287
v 0.350940 0.685136 0.067913
v 0.334480 1.357512 0.037191
v 0.393876 1.663675 -0.022606
v 0.405438 1.780785 -0.039505
v 0.404792 1.781932 -0.027059
v 0.403872 1.896219 -0.026445
v 0.351914 1.453366 0.036284
v 0.392630 1.662119 -0.009639
v 0.393674 1.783135 -0.021438
v 0.386596 1.896478 -0.032855
v 0.383202 1.783192 -0.028262
v 0.380687 1.659555 -0.002861
v 0.371179 1.665335 -0.011378
v 0.329515 1.458211 0.047237
v 0.350925 1.454069 0.049122
v 0.340285 1.456423 0.053772
v 0.333086 1.358386 0.062151
v 0.322628 1.358500 0.055306
v 0.344241 1.357835 0.056517
v 0.330219 0.829740 0.062458
v 0.319750 0.829184 0.055623
v 0.341374 0.830196 0.056812
v 0.344938 1.357398 0.044037
v 0.342060 0.830096 0.044331
v 0.331592 0.829540 0.037496
v 0.354589 0.725038 0.060567
v 0.349622 0.752997 0.045909
v 0.339375 0.750108 0.039134
v 0.353127 0.681902 0.056069
v 0.362505 0.687501 0.049318
v 0.420457 0.587133 0.091170
v 0.421552 0.585620 0.104637
v 0.440499 0.516949 0.115042
v 0.372657 0.690897 0.056202
v 0.433010 0.588181 0.086028
v 0.441373 0.516084 0.102584
v 0.442464 0.432773 0.116345
v 0.447805 0.432618 0.098664
v 0.452576 0.517236 0.097073
v 0.464915 0.433127 0.105353
v 0.442769 0.590584 0.092829
v 0.462905 0.519252 0.104021
v 0.464057 0.433300 0.117823
v 0.437063 0.601396 0.103076
v 0.462031 0.520117 0.116479
v 0.450828 0.518965 0.121990
v 0.452832 0.433123 0.123318
v 0.430114 0.590893 0.110719
v 0.442464 0.432773 0.116345
v 0.440499 0.516949 0.115042
v 0.421552 0.585620 0.104637
v 0.360185 0.691187 0.074185
v 0.350940 0.685136 0.067913
v 0.327619 0.749094 0.057287
v 0.337866 0.751983 0.064063
v 0.082925 2.814090 0.369549
v 0.077911 2.813623 0.378189
v 0.079642 2.710160 0.373599
v 0.086646 2.646249 0.359047
v 0.085128 2.595154 0.357332
v 0.092923 2.814256 0.369572
v 0.100657 2.391368 0.312099
v 0.096329 2.657092 0.360309
v 0.106449 2.381531 0.301363
v 0.106879 2.283323 0.295705
v 0.098618 2.813801 0.382099
v 0.112705 2.255154 0.283989
v 0.109771 2.157475 0.290362
v 0.120064 2.327967 0.291335
v 0.101447 2.650187 0.367438
v 0.119895 2.071036 0.282697
v 0.134302 1.862889 0.293945
v 0.124608 2.187194 0.282073
v 0.125176 2.329802 0.299533
v 0.138724 1.866265 0.285406
v 0.177268 1.523557 0.294316
v 0.132756 2.028605 0.283454
v 0.182633 1.521610 0.285310
v 0.206699 1.306883 0.286884
v 0.167777 1.710615 0.286555
v 0.130273 2.151088 0.290740
v 0.152648 1.879066 0.293902
v 0.211811 1.381186 0.282142
v 0.228558 1.177868 0.270479
v 0.225960 1.159166 0.276438
v 0.246159 1.058479 0.260599
v 0.195421 1.538510 0.294210
v 0.250797 1.061271 0.252175
v 0.289372 0.913580 0.225740
v 0.240678 1.162565 0.267918
v 0.226526 1.309511 0.286971
v 0.283970 0.947607 0.225272
v 0.245706 1.162413 0.276562
v 0.394864 0.616966 0.131312
v 0.388338 0.619129 0.140857
v 0.416249 0.506203 0.113004
v 0.273830 1.010201 0.242002
v 0.420982 0.508469 0.104444
v 0.418295 0.440086 0.102334
v 0.434429 0.441782 0.095506
v 0.403110 0.623130 0.132422
v 0.430919 0.509911 0.104383
v 0.432286 0.539666 0.118094
v 0.438787 0.440014 0.110914
v 0.303918 0.935171 0.230686
v 0.431391 0.506822 0.121442
v 0.265612 1.063185 0.260947
v 0.403795 0.619658 0.149315
v 0.421454 0.505380 0.121503
v 0.424872 0.439028 0.112858
v 0.418295 0.440086 0.102334
v 0.416249 0.506203 0.113004
v 0.388338 0.619129 0.140857
v 0.392554 0.621742 0.150406
v 0.289372 0.913580 0.225740
v 0.265412 1.002052 0.258311
v 0.246159 1.058479 0.260599
v 0.225960 1.159166 0.276438
v 0.297474 0.935918 0.239953
v 0.230989 1.159015 0.285083
v 0.206699 1.306883 0.286884
v 0.260974 1.060393 0.269371
v 0.240862 1.160638 0.285145
v 0.202049 1.378429 0.299408
v 0.177268 1.523557 0.294316
v 0.213056 1.372106 0.299353
v 0.157766 1.709478 0.303833
v 0.134302 1.862889 0.293945
v 0.168375 1.704978 0.303950
v 0.123588 2.013379 0.300703
v 0.109771 2.157475 0.290362
v 0.132595 2.024252 0.300688
v 0.114551 2.186425 0.299349
v 0.106879 2.283323 0.295705
v 0.122632 2.251824 0.301307
v 0.110231 2.325617 0.308660
v 0.100657 2.391368 0.312099
v 0.116500 2.378808 0.318440
v 0.100019 2.596264 0.366392
v 0.086328 2.653032 0.377168
v 0.085128 2.595154 0.357332
v 0.079642 2.710160 0.373599
v 0.077911 2.813623 0.378189
v 0.082897 2.813322 0.386852
v 0.094629 2.709853 0.382278
v 0.104487 1.864478 0.382791
v 0.097872 1.864529 0.372185
v 0.106142 1.653639 0.365388
v 0.111049 1.677799 0.377333
v 0.128213 1.474510 0.347292
v 0.098614 1.864054 0.393818
v 0.143179 1.415324 0.351140
v 0.162030 1.284391 0.321859
v 0.106438 1.661515 0.387316
v 0.086127 1.863680 0.394238
v 0.194753 1.171786 0.314853
v 0.205905 1.109900 0.293677
v 0.239125 1.006070 0.275513
v 0.089901 1.734097 0.391260
v 0.079512 1.863732 0.383632
v 0.141237 1.392360 0.359032
v 0.109159 1.517915 0.375049
v 0.086534 1.675880 0.378256
v 0.085384 1.864156 0.372605
v 0.152942 1.267101 0.342059
v 0.092583 1.664036 0.366523
v 0.097872 1.864529 0.372185
v 0.106142 1.653639 0.365388
v 0.118595 1.412684 0.352009
v 0.125846 1.402357 0.339509
v 0.128213 1.474510 0.347292
v 0.162030 1.284391 0.321859
v 0.170501 1.165654 0.315151
v 0.176713 1.165652 0.303836
v 0.205905 1.109900 0.293677
v 0.211888 1.043810 0.305347
v 0.227331 1.001912 0.275469
v 0.239125 1.006070 0.275513
v 0.222062 0.997916 0.286086
v 0.271994 0.888568 0.249664
v 0.284991 0.889802 0.248585
v 0.372388 0.694615 0.179096
v 0.269609 0.877220 0.257938
v 0.388622 0.619625 0.155658
v 0.410754 0.588037 0.146338
v 0.379971 0.625460 0.169159
v 0.277103 0.875332 0.267871
v 0.366735 0.674959 0.196562
v 0.420379 0.497236 0.129196
v 0.432668 0.499599 0.128773
v 0.445238 0.402696 0.121564
v 0.427632 0.400067 0.126283
v 0.414826 0.494711 0.140150
v 0.433880 0.399583 0.143616
v 0.415809 0.527458 0.154638
v 0.446263 0.401224 0.143140
v 0.399968 0.628568 0.178901
v 0.433850 0.496913 0.150259
v 0.451942 0.402781 0.132114
v 0.439404 0.499437 0.139305
v 0.445238 0.402696 0.121564
v 0.432668 0.499599 0.128773
v 0.404685 0.632241 0.168295
v 0.410754 0.588037 0.146338
v 0.372388 0.694615 0.179096
v 0.287124 0.883847 0.269306
v 0.292984 0.886512 0.258374
v 0.284991 0.889802 0.248585
v 0.240382 1.002236 0.296790
v 0.245650 1.006232 0.286173
v 0.192922 1.155400 0.323173
v 0.080133 2.797322 0.391734
v 0.073845 2.792714 0.369859
v 0.070467 2.797022 0.387984
v 0.090096 2.796195 0.397083
v 0.093580 2.796780 0.362701
v 0.094787 2.796740 0.358209
v 0.110431 2.796077 0.379381
v 0.105521 2.796379 0.377160
v 0.028525 1.544762 0.082687
v 0.083588 1.544742 0.049042
v 0.065920 1.543363 0.077560
v 0.008744 1.544976 0.045330
v 0.002117 1.541590 0.045882
v 0.033398 1.542845 0.009356
v 0.064067 1.544853 0.019368
v 0.066451 1.540995 0.016086
v 0.106520 1.855222 0.398471
v 0.104551 1.855253 0.395533
v 0.086440 1.853803 0.398007
v 0.114427 1.855193 0.377941
v 0.111213 1.855508 0.380613
v 0.097889 1.855032 0.362618
v 0.096387 1.854907 0.366685
v 0.074909 1.854175 0.371682
v 0.080487 1.855135 0.373357
v 0.076602 1.854364 0.393954
v 0.164136 1.979607 0.203564
v 0.164938 1.982070 0.189550
v 0.133416 1.981290 0.201840
v 0.188069 1.981267 0.218233
v 0.195176 1.983757 0.214135
v 0.199714 1.982306 0.249784
v 0.186076 1.979963 0.245382
v 0.167641 1.980190 0.263521
v 0.161485 1.982903 0.279887
v 0.141365 1.979639 0.262357
v 0.118405 1.982120 0.257174
v 0.122117 1.981412 0.229213
v 0.116760 1.983757 0.219085
v 0.234545 2.050137 0.079853
v 0.243580 2.055985 0.068846
v 0.259912 2.050838 0.085285
v 0.214377 2.050230 0.049406
v 0.228113 2.052723 0.049790
v 0.240490 2.051369 0.014047
v 0.234195 2.048223 0.005608
v 0.283611 2.048656 0.007261
v 0.280451 2.050957 0.014678
v 0.305152 2.050175 0.045015
v 0.292959 2.050744 0.040653
v 0.284362 2.051996 0.068642
v 0.283328 2.048476 0.081001
v 0.164136 2.543231 0.203564
v 0.164938 2.545693 0.189549
v 0.133416 2.544914 0.201840
v 0.188069 2.544890 0.218233
v 0.195176 2.547380 0.214135
v 0.199714 2.545929 0.249784
v 0.186076 2.543586 0.245382
v 0.167641 2.543813 0.263521
v 0.161485 2.546526 0.279887
v 0.141365 2.543262 0.262357
v 0.118405 2.545743 0.257174
v 0.122117 2.545035 0.229213
v 0.116760 2.547380 0.219085
v 0.234545 2.747566 0.079853
v 0.243580 2.753414 0.068846
v 0.259912 2.748267 0.085284
v 0.214377 2.747659 0.049406
v 0.228113 2.750153 0.049790
v 0.240490 2.748799 0.014046
v 0.234195 2.745652 0.005608
v 0.283611 2.746085 0.007261
v 0.280451 2.748387 0.014678
v 0.305152 2.747604 0.045015
v 0.292959 2.748173 0.040654
v 0.284362 2.749426 0.068642
v 0.283328 2.745905 0.081001
v 0.164136 3.350495 0.203564
v 0.164938 3.352958 0.189549
v 0.133416 3.352179 0.201840
v 0.188069 3.352155 0.218233
v 0.195176 3.354645 0.214135
v 0.199714 3.353194 0.249784
v 0.186076 3.350851 0.245382
v 0.167641 3.351078 0.263521
v 0.161485 3.353790 0.279886
v 0.141365 3.350527 0.262357
v 0.118405 3.353008 0.257174
v 0.122117 3.352300 0.229213
v 0.116760 3.354645 0.219085
v 0.234545 3.550446 0.079853
v 0.243580 3.556294 0.068846
v 0.259912 3.551147 0.085284
v 0.214377 3.550539 0.049406
v 0.228113 3.553032 0.049790
v 0.240490 3.551678 0.014046
v 0.234195 3.548531 0.005608
v 0.283611 3.548964 0.007261
v 0.280451 3.551266 0.014678
v 0.305152 3.550483 0.045015
v 0.292959 3.551053 0.040654
v 0.284362 3.552305 0.068642
v 0.283328 3.548785 0.081001
v 0.120894 2.020103 0.229872
v 0.114821 2.017318 0.243344
v 0.116760 2.017318 0.219085
v 0.131506 2.017318 0.199726
v 0.134478 2.018122 0.273532
v 0.136071 2.019606 0.206792
v 0.135095 2.020885 0.256155
v 0.169608 2.018692 0.191543
v 0.159262 2.021396 0.266467
v 0.163980 2.021436 0.203312
v 0.182593 2.019024 0.271520
v 0.202122 2.018235 0.226417
v 0.185573 2.021160 0.247605
v 0.184307 2.020885 0.219953
v 0.120894 2.583726 0.229872
v 0.114821 2.580941 0.243344
v 0.116760 2.580941 0.219085
v 0.131506 2.580941 0.199726
v 0.134478 2.581745 0.273532
v 0.136071 2.583229 0.206792
v 0.135095 2.584508 0.256155
v 0.169608 2.582316 0.191543
v 0.159262 2.585020 0.266467
v 0.163980 2.585059 0.203312
v 0.182593 2.582647 0.271520
v 0.202122 2.581858 0.226416
v 0.185573 2.584783 0.247605
v 0.184307 2.584508 0.219953
v 0.120894 3.390991 0.229872
v 0.114821 3.388206 0.243344
v 0.116760 3.388206 0.219085
v 0.131506 3.388206 0.199726
v 0.134478 3.389010 0.273531
v 0.136071 3.390494 0.206792
v 0.135095 3.391773 0.256155
v 0.169608 3.389580 0.191543
v 0.159262 3.392284 0.266466
v 0.163980 3.392324 0.203312
v 0.182593 3.389912 0.271520
v 0.202122 3.389123 0.226416
v 0.185573 3.392047 0.247604
v 0.184307 3.391773 0.219953
v 0.205631 2.052979 -0.014573
v 0.203216 2.056709 -0.029823
v 0.208928 2.056709 0.005187
v 0.232670 2.054435 0.031696
v 0.217285 2.054064 -0.062435
v 0.234002 2.052438 0.006265
v 0.266979 2.054122 0.040955
v 0.226958 2.052648 -0.039436
v 0.266470 2.053141 0.019242
v 0.264528 2.052637 -0.063286
v 0.300762 2.054219 0.030313
v 0.245751 2.054401 -0.081664
v 0.288667 2.053141 0.012266
v 0.278182 2.054350 -0.083550
v 0.296380 2.053141 -0.049670
v 0.327217 2.052873 -0.019621
v 0.323439 2.056709 0.003021
v 0.307474 2.052352 -0.016862
v 0.316694 2.053087 -0.064105
v 0.310011 2.053141 -0.061941
v 0.205631 2.750409 -0.014573
v 0.203216 2.754138 -0.029823
v 0.208928 2.754138 0.005187
v 0.232670 2.751864 0.031696
v 0.217285 2.751493 -0.062435
v 0.234002 2.749868 0.006264
v 0.266979 2.751552 0.040955
v 0.226958 2.750078 -0.039436
v 0.266470 2.750571 0.019242
v 0.264528 2.750067 -0.063286
v 0.300762 2.751648 0.030313
v 0.245751 2.751831 -0.081664
v 0.288667 2.750571 0.012266
v 0.278182 2.751780 -0.083550
v 0.296380 2.750571 -0.049670
v 0.327217 2.750302 -0.019621
v 0.323439 2.754138 0.003021
v 0.307474 2.749782 -0.016862
v 0.316694 2.750516 -0.064105
v 0.310011 2.750571 -0.061941
v 0.205631 3.553288 -0.014573
v 0.203216 3.557018 -0.029824
v 0.208928 3.557018 0.005187
v 0.232670 3.554743 0.031696
v 0.217285 3.554373 -0.062435
v 0.234002 3.552747 0.006264
v 0.266980 3.554431 0.040955
v 0.226958 3.552958 -0.039436
v 0.266470 3.553450 0.019242
v 0.264528 3.552946 -0.063286
v 0.300762 3.554528 0.030313
v 0.245751 3.554710 -0.081664
v 0.288667 3.553450 0.012266
v 0.278182 3.554659 -0.083550
v 0.296380 3.553450 -0.049671
v 0.327217 3.553181 -0.019621
v 0.323439 3.557018 0.003021
v 0.307474 3.552661 -0.016862
v 0.316694 3.553396 -0.064105
v 0.310011 3.553450 -0.061941
v 0.402428 0.473011 0.145793
v 0.396351 0.462993 0.151065
v 0.387428 0.462602 0.111113
v 0.444236 0.463656 0.176121
v 0.399907 0.467375 0.087194
v 0.442921 0.473116 0.164113
v 0.484542 0.465324 0.145043
v 0.406165 0.473791 0.127937
v 0.424235 0.473975 0.149996
v 0.419863 0.472684 0.094255
v 0.451973 0.473775 0.152207
v 0.430891 0.476442 0.085376
v 0.473443 0.474221 0.123921
v 0.429687 0.463759 0.067195
v 0.489858 0.465207 0.115161
v 0.460392 0.477450 0.091205
v 0.475918 0.462521 0.080230
v 0.298073 2.015440 0.027217
v 0.288215 2.010798 0.031464
v 0.290474 2.012638 0.059965
v 0.265432 2.012600 0.009378
v 0.298914 2.014915 0.062312
v 0.273991 2.013042 0.002337
v 0.272652 2.011582 0.077754
v 0.231269 2.013624 0.009218
v 0.283328 2.014915 0.081001
v 0.235595 2.011348 0.025351
v 0.241743 2.013217 0.087480
v 0.215107 2.013555 0.054781
v 0.240791 2.013086 0.074900
v 0.227659 2.010834 0.050128
v 0.298073 2.712870 0.027217
v 0.288215 2.708227 0.031463
v 0.290474 2.710067 0.059965
v 0.265432 2.710030 0.009378
v 0.298914 2.712345 0.062311
v 0.273991 2.710472 0.002337
v 0.272651 2.709011 0.077754
v 0.231269 2.711053 0.009218
v 0.283328 2.712345 0.081001
v 0.235595 2.708777 0.025351
v 0.241743 2.710646 0.087480
v 0.215107 2.710985 0.054781
v 0.240791 2.710515 0.074900
v 0.227659 2.708264 0.050128
v 0.298073 3.515749 0.027217
v 0.288215 3.511107 0.031463
v 0.290474 3.512947 0.059965
v 0.265432 3.512909 0.009377
v 0.298914 3.515224 0.062311
v 0.273991 3.513351 0.002337
v 0.272651 3.511891 0.077754
v 0.231269 3.513933 0.009218
v 0.283328 3.515224 0.081001
v 0.235595 3.511657 0.025351
v 0.241743 3.513526 0.087480
v 0.215107 3.513864 0.054781
v 0.240791 3.513395 0.074900
v 0.227659 3.511143 0.050128
v 0.411025 1.888247 -0.023026
v 0.415109 1.887283 -0.047826
v 0.411714 1.887386 -0.030622
v 0.390877 1.886916 -0.019752
v 0.405183 1.887476 -0.052883
v 0.391613 1.887464 -0.023849
v 0.401692 1.888004 -0.058776
v 0.375966 1.887703 -0.035674
v 0.385142 1.888236 -0.051765
v 0.379770 1.887738 -0.036615
v 0.384515 1.888018 -0.056183
v 0.176238 2.021194 0.253481
v 0.184439 2.023266 0.230163
v 0.152412 2.023268 0.243174
v 0.131784 2.022962 0.270552
v 0.210737 2.021983 0.256972
v 0.152077 2.021983 0.278295
v 0.219660 2.021983 0.240950
v 0.231121 2.021751 0.284415
v 0.221276 2.025551 0.238048
v 0.132270 2.021983 0.305237
v 0.129019 2.025551 0.305915
v 0.155170 2.021710 0.315266
v 0.158542 2.025388 0.351469
v 0.159649 2.021833 0.345117
v 0.193109 2.021240 0.335399
v 0.213223 2.023263 0.351699
v 0.240840 2.022950 0.331128
v 0.223494 2.021983 0.318070
v 0.249566 2.021786 0.275422
v 0.254660 2.026095 0.278884
v 0.232127 2.074240 0.284175
v 0.247382 2.072659 0.265932
v 0.253296 2.072172 0.298747
v 0.240763 2.072507 0.331248
v 0.210737 2.073496 0.256972
v 0.223494 2.073496 0.318070
v 0.219660 2.073496 0.240950
v 0.188043 2.073496 0.251837
v 0.219518 2.072911 0.234028
v 0.211016 2.073496 0.349094
v 0.212151 2.069929 0.352216
v 0.190463 2.073761 0.335006
v 0.158380 2.069788 0.350334
v 0.162697 2.073648 0.346817
v 0.153259 2.074199 0.313240
v 0.128892 2.072215 0.304734
v 0.131829 2.072579 0.270515
v 0.154573 2.074173 0.269240
v 0.175335 2.073698 0.233694
v 0.153340 2.069929 0.242336
v 0.226693 2.105398 -0.038743
v 0.203881 2.103437 -0.033284
v 0.218189 2.103375 -0.063196
v 0.246915 2.103688 -0.082187
v 0.228458 2.104655 -0.004183
v 0.253308 2.104655 -0.061437
v 0.211922 2.104655 0.003750
v 0.244025 2.104655 0.013110
v 0.208044 2.104069 0.009485
v 0.281405 2.104655 -0.079569
v 0.282280 2.101087 -0.082773
v 0.290057 2.104919 -0.056201
v 0.325103 2.100946 -0.050198
v 0.319547 2.104806 -0.049819
v 0.307872 2.105358 -0.016952
v 0.322860 2.103373 0.004059
v 0.300710 2.103737 0.030306
v 0.281402 2.105331 0.018219
v 0.243929 2.104856 0.035261
v 0.266879 2.101087 0.040900
v 0.176238 2.584817 0.253481
v 0.184439 2.586889 0.230163
v 0.152412 2.586891 0.243174
v 0.131784 2.586586 0.270552
v 0.210737 2.585606 0.256972
v 0.152077 2.585606 0.278294
v 0.219660 2.585606 0.240950
v 0.231121 2.585374 0.284415
v 0.221276 2.589174 0.238048
v 0.132270 2.585606 0.305236
v 0.129019 2.589174 0.305915
v 0.155170 2.585333 0.315266
v 0.158542 2.589012 0.351469
v 0.159649 2.585457 0.345117
v 0.193109 2.584864 0.335399
v 0.213223 2.586886 0.351699
v 0.240840 2.586573 0.331128
v 0.223494 2.585606 0.318070
v 0.249566 2.585409 0.275422
v 0.254660 2.589718 0.278884
v 0.232127 2.637863 0.284175
v 0.247382 2.636282 0.265932
v 0.253296 2.635796 0.298746
v 0.240763 2.636130 0.331248
v 0.210737 2.637120 0.256972
v 0.223494 2.637120 0.318070
v 0.219660 2.637120 0.240950
v 0.188043 2.637120 0.251837
v 0.219518 2.636534 0.234028
v 0.211016 2.637120 0.349094
v 0.212151 2.633552 0.352216
v 0.190463 2.637384 0.335006
v 0.158380 2.633411 0.350334
v 0.162697 2.637271 0.346817
v 0.153259 2.637823 0.313240
v 0.128892 2.635838 0.304733
v 0.131829 2.636202 0.270515
v 0.154573 2.637796 0.269240
v 0.175335 2.637321 0.233694
v 0.153340 2.633552 0.242336
v 0.226693 2.802827 -0.038743
v 0.203881 2.800867 -0.033284
v 0.218189 2.800804 -0.063196
v 0.246916 2.801118 -0.082187
v 0.228458 2.802084 -0.004183
v 0.253308 2.802084 -0.061438
v 0.211922 2.802084 0.003750
v 0.244025 2.802084 0.013110
v 0.208044 2.801498 0.009484
v 0.281405 2.802084 -0.079569
v 0.282280 2.798517 -0.082773
v 0.290057 2.802349 -0.056201
v 0.325103 2.798376 -0.050198
v 0.319547 2.802236 -0.049819
v 0.307872 2.802788 -0.016952
v 0.322860 2.800803 0.004059
v 0.300710 2.801167 0.030306
v 0.281402 2.802761 0.018219
v 0.243930 2.802285 0.035261
v 0.266879 2.798517 0.040900
v 0.176238 3.392082 0.253481
v 0.184439 3.394154 0.230163
v 0.152412 3.394156 0.243174
v 0.131784 3.393851 0.270552
v 0.210737 3.392871 0.256972
v 0.152077 3.392871 0.278294
v 0.219660 3.392871 0.240949
v 0.231121 3.392639 0.284415
v 0.221276 3.396439 0.238048
v 0.132270 3.392871 0.305236
v 0.129019 3.396439 0.305915
v 0.155170 3.392598 0.315266
v 0.158542 3.396277 0.351469
v 0.159649 3.392722 0.345116
v 0.193109 3.392128 0.335398
v 0.213222 3.394151 0.351699
v 0.240840 3.393838 0.331128
v 0.223494 3.392871 0.318070
v 0.249566 3.392674 0.275422
v 0.254660 3.396983 0.278884
v 0.232127 3.445128 0.284175
v 0.247382 3.443547 0.265932
v 0.253296 3.443060 0.298746
v 0.240763 3.443395 0.331248
v 0.210737 3.444385 0.256972
v 0.223494 3.444385 0.318070
v 0.219660 3.444385 0.240949
v 0.188043 3.444385 0.251836
v 0.219518 3.443799 0.234028
v 0.211016 3.444385 0.349094
v 0.212151 3.440817 0.352215
v 0.190463 3.444649 0.335006
v 0.158380 3.440676 0.350334
v 0.162697 3.444536 0.346817
v 0.153259 3.445088 0.313240
v 0.128892 3.443103 0.304733
v 0.131829 3.443467 0.270515
v 0.154573 3.445061 0.269240
v 0.175335 3.444586 0.233694
v 0.153340 3.440817 0.242336
v 0.226693 3.605707 -0.038743
v 0.203881 3.603747 -0.033284
v 0.218189 3.603684 -0.063196
v 0.246915 3.603997 -0.082187
v 0.228458 3.604964 -0.004183
v 0.253308 3.604964 -0.061438
v 0.211922 3.604964 0.003750
v 0.244025 3.604964 0.013110
v 0.208044 3.604378 0.009484
v 0.281405 3.604964 -0.079569
v 0.282280 3.601396 -0.082773
v 0.290057 3.605228 -0.056201
v 0.325103 3.601255 -0.050198
v 0.319547 3.605115 -0.049819
v 0.307872 3.605667 -0.016952
v 0.322860 3.603682 0.004059
v 0.300710 3.604046 0.030306
v 0.281402 3.605640 0.018219
v 0.243930 3.605165 0.035261
v 0.266879 3.601396 0.040900
v 0.274248 1.542900 0.063199
v 0.274189 4.356092 0.063273
v 0.281066 4.354741 0.046739
v 0.281066 1.542900 0.046739
v 0.274960 4.356173 0.031168
v 0.274248 1.542900 0.030278
v 0.257787 4.354741 0.023460
v 0.257787 1.542900 0.023460
v 0.242159 4.355941 0.029621
v 0.241327 1.542900 0.030278
v 0.234508 4.354741 0.046739
v 0.234508 1.542900 0.046739
v 0.240628 4.356269 0.062337
v 0.241327 1.542900 0.063199
v 0.257787 4.354741 0.070017
v 0.257787 1.542900 0.070018
v 0.274189 4.356092 0.063273
v 0.274248 1.542900 0.063199
v 0.244881 1.819659 0.058346
v 0.155448 1.820557 0.212173
v 0.153600 1.808638 0.211118
v 0.243033 1.807740 0.057291
v 0.161607 1.800836 0.215768
v 0.251040 1.799938 0.061941
v 0.171461 1.804953 0.221473
v 0.260894 1.804055 0.067646
v 0.173308 1.816872 0.222528
v 0.262741 1.815974 0.068701
v 0.165302 1.824674 0.217878
v 0.254735 1.823776 0.064051
v 0.155448 1.820557 0.212173
v 0.244881 1.819659 0.058346
v -0.001464 0.855307 0.165555
v -0.001501 5.322867 0.165586
v 0.005263 5.324953 0.149607
v 0.005317 0.857149 0.149126
v -0.001424 5.324515 0.132725
v -0.001501 0.857149 0.132665
v -0.017962 5.322867 0.125847
v -0.017962 0.857149 0.125847
v -0.034527 5.324467 0.132731
v -0.034351 0.855492 0.132550
v -0.041241 5.322867 0.149125
v -0.041241 0.857149 0.149126
v -0.034679 5.324827 0.165281
v -0.034423 0.857149 0.165586
v -0.017872 5.324823 0.172420
v -0.017962 0.857149 0.172405
v -0.001501 5.322867 0.165586
v -0.001464 0.855307 0.165555
v -0.001501 5.322867 0.165586
v -0.017872 5.324823 0.172420
v 0.005263 5.324953 0.149607
v -0.034679 5.324827 0.165281
v -0.001424 5.324515 0.132725
v -0.034527 5.324467 0.132731
v -0.041241 5.322867 0.149125
v -0.017962 5.322867 0.125847
v 0.206071 1.792836 0.315079
v 0.206071 2.413527 0.315079
v 0.217474 2.415766 0.296811
v 0.217130 1.792836 0.297718
v 0.212675 2.413527 0.277622
v 0.212675 1.792836 0.277622
v 0.195315 2.413527 0.266562
v 0.195315 1.792836 0.266562
v 0.175218 2.413527 0.271017
v 0.175218 1.792836 0.271017
v 0.164159 2.413527 0.288378
v 0.164158 1.792836 0.288378
v 0.168855 2.415720 0.309025
v 0.168614 1.792836 0.308474
v 0.185974 2.413527 0.319534
v 0.185974 1.792836 0.319534
v 0.206071 2.413527 0.315079
v 0.206071 1.792836 0.315079
v 0.203911 2.454170 0.315809
v 0.203911 3.731656 0.315810
v 0.215580 3.731656 0.298852
v 0.215579 2.454170 0.298852
v 0.211840 3.731656 0.278611
v 0.211840 2.454170 0.278610
v 0.194883 3.731656 0.266942
v 0.194882 2.454170 0.266942
v 0.174641 3.731656 0.270681
v 0.174641 2.454170 0.270681
v 0.162972 3.731656 0.287639
v 0.162972 2.454170 0.287639
v 0.166853 3.733791 0.308227
v 0.166711 2.454170 0.307880
v 0.183669 3.731656 0.319549
v 0.183669 2.454170 0.319549
v 0.203911 3.731656 0.315810
v 0.203911 2.454170 0.315809
v 0.265192 1.822388 -0.048155
v 0.265213 2.445337 -0.048120
v 0.246195 2.445337 -0.040243
v 0.246195 1.824646 -0.040243
v 0.238318 2.445337 -0.021226
v 0.238318 1.824646 -0.021226
v 0.246195 2.445337 -0.002208
v 0.246195 1.824646 -0.002208
v 0.265213 2.445337 0.005669
v 0.265213 1.824646 0.005669
v 0.284230 2.445337 -0.002208
v 0.283684 1.822406 -0.001407
v 0.292107 2.445337 -0.021226
v 0.292107 1.824646 -0.021226
v 0.284230 2.445337 -0.040243
v 0.284230 1.824646 -0.040243
v 0.265213 2.445337 -0.048120
v 0.265192 1.822388 -0.048155
v 0.265174 2.614883 -0.048134
v 0.265213 3.894591 -0.048121
v 0.246195 3.894591 -0.040244
v 0.246195 2.617105 -0.040243
v 0.238318 3.894591 -0.021226
v 0.238318 2.617105 -0.021226
v 0.246195 3.894591 -0.002209
v 0.246195 2.617105 -0.002208
v 0.265213 3.894591 0.005668
v 0.265213 2.617105 0.005669
v 0.284230 3.894591 -0.002209
v 0.284230 2.617105 -0.002208
v 0.292107 3.894591 -0.021226
v 0.292107 2.617105 -0.021226
v 0.284230 3.894591 -0.040244
v 0.284230 2.617105 -0.040243
v 0.265213 3.894591 -0.048121
v 0.265174 2.614883 -0.048134
v 0.180371 1.542900 0.233923
v 0.173552 1.542900 0.250384
v 0.173588 4.356137 0.250367
v 0.180371 4.354741 0.233923
v 0.173552 1.542900 0.217463
v 0.173730 4.356360 0.217553
v 0.157092 1.542900 0.210645
v 0.157092 4.354741 0.210644
v 0.140631 1.542900 0.217463
v 0.140840 4.355971 0.217147
v 0.133813 1.542900 0.233923
v 0.133813 4.354741 0.233923
v 0.140631 1.542900 0.250384
v 0.140352 4.356262 0.250208
v 0.157092 1.542900 0.257202
v 0.157092 4.354741 0.257202
v 0.173552 1.542900 0.250384
v 0.173588 4.356137 0.250367
v 0.067456 1.542900 0.046739
v 0.060638 1.542900 0.063199
v 0.060696 4.356926 0.063156
v 0.067456 4.354741 0.046739
v 0.060638 1.542900 0.030278
v 0.060921 4.356477 0.030485
v 0.044177 1.542900 0.023460
v 0.043897 4.356622 0.023484
v 0.027717 1.542900 0.030278
v 0.027717 4.354741 0.030278
v 0.020898 1.542900 0.046739
v 0.020848 4.356070 0.046635
v 0.027717 1.542900 0.063199
v 0.027717 4.354741 0.063199
v 0.044177 1.542900 0.070018
v 0.043687 4.356472 0.070093
v 0.060638 1.542900 0.063199
v 0.060696 4.356926 0.063156
v 0.053222 4.339630 0.063097
v 0.062303 4.333576 0.057854
v 0.154959 4.333576 0.217856
v 0.145878 4.339630 0.223099
v 0.044141 4.333576 0.068339
v 0.136798 4.333576 0.228342
v 0.044141 4.321468 0.068339
v 0.136798 4.321468 0.228342
v 0.053222 4.315414 0.063097
v 0.145878 4.315414 0.223099
v 0.062303 4.321468 0.057854
v 0.154959 4.321468 0.217856
v 0.062303 4.333576 0.057854
v 0.154959 4.333576 0.217856
v 0.242779 4.319335 0.057464
v 0.238957 4.330682 0.055669
v 0.156185 4.328404 0.213166
v 0.160007 4.317057 0.214961
v 0.253378 4.317315 0.062955
v 0.170606 4.315036 0.220453
v 0.260156 4.326641 0.066652
v 0.177384 4.324363 0.224150
v 0.256335 4.337988 0.064858
v 0.173562 4.335710 0.222355
v 0.245735 4.340009 0.059366
v 0.162963 4.337731 0.216863
v 0.238957 4.330682 0.055669
v 0.156185 4.328404 0.213166
v 0.242233 4.339630 0.043283
v 0.242233 4.333576 0.053768
v 0.058856 4.333576 0.053768
v 0.058856 4.339630 0.043283
v 0.242233 4.333576 0.032798
v 0.058856 4.333576 0.032798
v 0.242233 4.321468 0.032798
v 0.058856 4.321468 0.032798
v 0.242233 4.315414 0.043283
v 0.058856 4.315414 0.043283
v 0.242233 4.321468 0.053768
v 0.058856 4.321468 0.053768
v 0.242233 4.333576 0.053768
v 0.058856 4.333576 0.053768
v 0.252696 3.811914 0.066599
v 0.241975 3.812521 0.061006
v 0.159280 3.816104 0.218520
v 0.170001 3.815498 0.224113
v 0.258629 3.822081 0.069433
v 0.175934 3.825665 0.226947
v 0.253841 3.832854 0.066674
v 0.171146 3.836438 0.224188
v 0.243120 3.833460 0.061081
v 0.160425 3.837044 0.218595
v 0.237187 3.823293 0.058247
v 0.154492 3.826878 0.215761
v 0.241975 3.812521 0.061006
v 0.159280 3.816104 0.218520
v 0.053222 3.836587 0.063097
v 0.062303 3.830533 0.057854
v 0.154959 3.830533 0.217856
v 0.145878 3.836587 0.223099
v 0.044141 3.830533 0.068340
v 0.136798 3.830533 0.228342
v 0.044141 3.818425 0.068340
v 0.136798 3.818425 0.228342
v 0.053222 3.812371 0.063097
v 0.145878 3.812371 0.223099
v 0.062303 3.818425 0.057854
v 0.154959 3.818425 0.217856
v 0.062303 3.830533 0.057854
v 0.154959 3.830533 0.217856
v 0.242233 3.836587 0.043283
v 0.242233 3.830533 0.053769
v 0.058856 3.830533 0.053769
v 0.058856 3.836587 0.043283
v 0.242233 3.830533 0.032798
v 0.058856 3.830533 0.032798
v 0.242233 3.818425 0.032798
v 0.058856 3.818425 0.032798
v 0.242233 3.812371 0.043283
v 0.058856 3.812371 0.043283
v 0.242233 3.818425 0.053769
v 0.058856 3.818425 0.053769
v 0.242233 3.830533 0.053769
v 0.058856 3.830533 0.053769
v 0.238856 3.327155 0.055721
v 0.243810 3.337655 0.059156
v 0.161022 3.326057 0.216234
v 0.156069 3.315557 0.212799
v 0.244611 3.316735 0.057935
v 0.161823 3.305137 0.215013
v 0.255319 3.316814 0.063584
v 0.172532 3.305217 0.220663
v 0.260273 3.327315 0.067020
v 0.177485 3.315717 0.224098
v 0.254518 3.337734 0.064806
v 0.171731 3.326137 0.221884
v 0.243810 3.337655 0.059156
v 0.161022 3.326057 0.216234
v 0.053222 3.333543 0.063097
v 0.062303 3.327490 0.057854
v 0.154959 3.327490 0.217856
v 0.145878 3.333543 0.223099
v 0.044141 3.327490 0.068340
v 0.136798 3.327490 0.228342
v 0.044141 3.315382 0.068340
v 0.136798 3.315382 0.228342
v 0.053222 3.309328 0.063097
v 0.145878 3.309328 0.223099
v 0.062303 3.315382 0.057854
v 0.154959 3.315382 0.217856
v 0.062303 3.327490 0.057854
v 0.154959 3.327490 0.217856
v 0.242233 3.333543 0.043283
v 0.242233 3.327489 0.053769
v 0.058856 3.327489 0.053769
v 0.058856 3.333543 0.043283
v 0.242233 3.327489 0.032798
v 0.058856 3.327489 0.032798
v 0.242233 3.315382 0.032798
v 0.058856 3.315382 0.032798
v 0.242233 3.309328 0.043283
v 0.058856 3.309328 0.043283
v 0.242233 3.315382 0.053769
v 0.058856 3.315382 0.053769
v 0.242233 3.327489 0.053769
v 0.058856 3.327489 0.053769
v 0.240332 2.819844 0.056091
v 0.246907 2.829349 0.059699
v 0.161564 2.829932 0.215833
v 0.154988 2.820428 0.212225
v 0.244267 2.808597 0.058234
v 0.158924 2.809180 0.214368
v 0.254778 2.806853 0.063985
v 0.169434 2.807437 0.220120
v 0.261353 2.816358 0.067594
v 0.176009 2.816942 0.223728
v 0.257418 2.827605 0.065451
v 0.172074 2.828189 0.221585
v 0.246907 2.829349 0.059699
v 0.161564 2.829932 0.215833
v 0.053222 2.830500 0.063097
v 0.062303 2.824446 0.057854
v 0.154959 2.824446 0.217857
v 0.145878 2.830500 0.223099
v 0.044141 2.824446 0.068340
v 0.136798 2.824446 0.228342
v 0.044141 2.812339 0.068340
v 0.136798 2.812339 0.228342
v 0.053222 2.806285 0.063097
v 0.145878 2.806285 0.223099
v 0.062303 2.812339 0.057854
v 0.154959 2.812339 0.217857
v 0.062303 2.824446 0.057854
v 0.154959 2.824446 0.217857
v 0.242233 2.830500 0.043283
v 0.242233 2.824446 0.053769
v 0.058856 2.824446 0.053769
v 0.058856 2.830500 0.043283
v 0.242233 2.824446 0.032798
v 0.058856 2.824446 0.032798
v 0.242233 2.812339 0.032798
v 0.058856 2.812339 0.032798
v 0.242233 2.806285 0.043283
v 0.058856 2.806285 0.043283
v 0.242233 2.812339 0.053769
v 0.058856 2.812339 0.053769
v 0.242233 2.824446 0.053769
v 0.058856 2.824446 0.053769
v 0.241038 2.311226 0.056454
v 0.243834 2.322917 0.057903
v 0.157600 2.324925 0.213535
v 0.154803 2.313235 0.212086
v 0.248492 2.302654 0.060645
v 0.162257 2.304663 0.216277
v 0.258742 2.305773 0.066284
v 0.172507 2.307782 0.221916
v 0.261538 2.317464 0.067733
v 0.175303 2.319473 0.223365
v 0.254085 2.326035 0.063542
v 0.167850 2.328044 0.219174
v 0.243834 2.322917 0.057903
v 0.157600 2.324925 0.213535
v 0.242233 2.327457 0.043283
v 0.242233 2.321403 0.053769
v 0.058856 2.321403 0.053769
v 0.058856 2.327457 0.043283
v 0.242233 2.321403 0.032798
v 0.058856 2.321403 0.032798
v 0.242233 2.309295 0.032798
v 0.058856 2.309295 0.032798
v 0.242233 2.303242 0.043283
v 0.058856 2.303241 0.043283
v 0.242233 2.309295 0.053769
v 0.058856 2.309295 0.053769
v 0.242233 2.321403 0.053769
v 0.058856 2.321403 0.053769
v 0.053222 2.327457 0.063097
v 0.062303 2.321403 0.057854
v 0.154959 2.321403 0.217857
v 0.145878 2.327457 0.223099
v 0.044141 2.321403 0.068340
v 0.136798 2.321403 0.228342
v 0.044141 2.309295 0.068340
v 0.136798 2.309295 0.228342
v 0.053222 2.303242 0.063097
v 0.145878 2.303242 0.223099
v 0.062303 2.309295 0.057854
v 0.154959 2.309295 0.217857
v 0.062303 2.321403 0.057854
v 0.154959 2.321403 0.217857
v 0.242233 1.824413 0.043283
v 0.242233 1.818360 0.053769
v 0.058856 1.818360 0.053769
v 0.058856 1.824413 0.043283
v 0.242233 1.818360 0.032798
v 0.058856 1.818360 0.032798
v 0.242233 1.806252 0.032798
v 0.058856 1.806252 0.032798
v 0.242233 1.800198 0.043283
v 0.058856 1.800198 0.043283
v 0.242233 1.806252 0.053769
v 0.058856 1.806252 0.053769
v 0.242233 1.818360 0.053769
v 0.058856 1.818360 0.053769
v 0.053222 1.824413 0.063097
v 0.062303 1.818360 0.057854
v 0.154959 1.818360 0.217857
v 0.145878 1.824413 0.223099
v 0.044141 1.818360 0.068340
v 0.136798 1.818360 0.228342
v 0.044141 1.806252 0.068340
v 0.136798 1.806252 0.228342
v 0.053222 1.800198 0.063097
v 0.145878 1.800198 0.223099
v 0.062303 1.806252 0.057854
v 0.154959 1.806252 0.217857
v 0.062303 1.818360 0.057854
v 0.154959 1.818360 0.217857
v 0.060696 4.356926 0.063156
v 0.060921 4.356477 0.030485
v 0.067456 4.354741 0.046739
v 0.043897 4.356622 0.023484
v 0.020848 4.356070 0.046635
v 0.027717 4.354741 0.030278
v 0.043687 4.356472 0.070093
v 0.027717 4.354741 0.063199
v 0.173588 4.356137 0.250367
v 0.173730 4.356360 0.217553
v 0.180371 4.354741 0.233923
v 0.140352 4.356262 0.250208
v 0.157092 4.354741 0.257202
v 0.140840 4.355971 0.217147
v 0.133813 4.354741 0.233923
v 0.157092 4.354741 0.210644
v 0.274189 4.356092 0.063273
v 0.274960 4.356173 0.031168
v 0.281066 4.354741 0.046739
v 0.240628 4.356269 0.062337
v 0.257787 4.354741 0.070017
v 0.242159 4.355941 0.029621
v 0.234508 4.354741 0.046739
v 0.257787 4.354741 0.023460
v -0.000681 0.852466 0.139921
v -0.001501 0.857149 0.132665
v -0.017962 0.857149 0.125847
v 0.005317 0.857149 0.149126
v -0.034351 0.855492 0.132550
v -0.001464 0.855307 0.165555
v -0.035254 0.852469 0.158339
v -0.041241 0.857149 0.149126
v -0.017962 0.857149 0.172405
v -0.034423 0.857149 0.165586
v 0.188907 2.418859 0.270545
v 0.195315 2.413527 0.266562
v 0.212675 2.413527 0.277622
v 0.175218 2.413527 0.271017
v 0.217474 2.415766 0.296811
v 0.169674 2.418701 0.289351
v 0.164159 2.413527 0.288378
v 0.168855 2.415720 0.309025
v 0.202858 2.418701 0.310491
v 0.206071 2.413527 0.315079
v 0.185974 2.413527 0.319534
v 0.245782 1.819314 -0.009742
v 0.246195 1.824646 -0.002208
v 0.265213 1.824646 0.005669
v 0.238318 1.824646 -0.021226
v 0.283684 1.822406 -0.001407
v 0.250155 1.819472 -0.036283
v 0.246195 1.824646 -0.040243
v 0.265192 1.822388 -0.048155
v 0.286507 1.819472 -0.021226
v 0.292107 1.824646 -0.021226
v 0.284230 1.824646 -0.040243
v 0.199152 1.787452 0.313200
v 0.185974 1.792836 0.319534
v 0.206071 1.792836 0.315079
v 0.217130 1.792836 0.297718
v 0.168933 1.787514 0.299987
v 0.168614 1.792836 0.308474
v 0.164158 1.792836 0.288378
v 0.212372 1.787495 0.286110
v 0.212675 1.792836 0.277622
v 0.195315 1.792836 0.266562
v 0.182137 1.787452 0.272896
v 0.175218 1.792836 0.271017
v 0.197058 2.448787 0.313689
v 0.183669 2.454170 0.319549
v 0.203911 2.454170 0.315809
v 0.215579 2.454170 0.298852
v 0.167332 2.448849 0.299410
v 0.166711 2.454170 0.307880
v 0.162972 2.454170 0.287639
v 0.211235 2.448830 0.287082
v 0.211840 2.454170 0.278610
v 0.194882 2.454170 0.266942
v 0.181493 2.448787 0.272801
v 0.174641 2.454170 0.270681
v 0.162972 3.731656 0.287639
v 0.168450 3.736830 0.288806
v 0.166853 3.733791 0.308227
v 0.174641 3.731656 0.270681
v 0.200863 3.736830 0.311111
v 0.183669 3.731656 0.319549
v 0.203911 3.731656 0.315810
v 0.188340 3.736988 0.270696
v 0.194883 3.731656 0.266942
v 0.211840 3.731656 0.278611
v 0.211142 3.737042 0.293206
v 0.215580 3.731656 0.298852
v 0.269182 2.450768 0.000100
v 0.284230 2.445337 -0.002208
v 0.265213 2.445337 0.005669
v 0.246195 2.445337 -0.002208
v 0.286875 2.450757 -0.025126
v 0.292107 2.445337 -0.021226
v 0.284230 2.445337 -0.040243
v 0.243550 2.450764 -0.017324
v 0.238318 2.445337 -0.021226
v 0.246195 2.445337 -0.040243
v 0.261243 2.450768 -0.042551
v 0.265213 2.445337 -0.048120
v 0.246195 2.617105 -0.040243
v 0.250155 2.611932 -0.036283
v 0.265174 2.614883 -0.048134
v 0.238318 2.617105 -0.021226
v 0.286507 2.611932 -0.021226
v 0.284230 2.617105 -0.040243
v 0.292107 2.617105 -0.021226
v 0.245784 2.611774 -0.009740
v 0.246195 2.617105 -0.002208
v 0.265213 2.617105 0.005669
v 0.277078 2.611720 -0.002859
v 0.284230 2.617105 -0.002208
v 0.286600 3.899975 -0.025822
v 0.292107 3.894591 -0.021226
v 0.284230 3.894591 -0.002209
v 0.284230 3.894591 -0.040244
v 0.271981 3.899913 0.000539
v 0.265213 3.894591 0.005668
v 0.246195 3.894591 -0.002209
v 0.258435 3.899932 -0.043004
v 0.265213 3.894591 -0.048121
v 0.246195 3.894591 -0.040244
v 0.243826 3.899975 -0.016631
v 0.238318 3.894591 -0.021226
v 0.450216 2.361681 -0.244209
v 0.086732 2.361678 -0.244398
v 0.086740 1.857603 -0.244399
v 0.450235 1.857577 -0.244210
v 0.450254 2.605675 -0.244211
v 0.450289 3.615372 -0.244211
v 0.086664 3.615379 -0.244400
v 0.086684 2.605680 -0.244400
v 0.156893 2.444663 0.582767
v 0.156864 3.454361 0.582786
v 0.461939 3.454368 0.384916
v 0.461922 2.444669 0.384927
v 0.153245 2.192393 0.582389
v 0.458669 2.192386 0.385497
v 0.458678 1.822494 0.385491
v 0.153208 1.822463 0.582413
vt 0.572754 2.346680
vt 0.572754 2.313477
vt 0.513672 2.330078
vt 0.609375 2.330078
vt 0.668457 2.346680
vt 0.668457 2.313477
vt 0.710938 1.846680
vt 0.710449 1.853516
vt 0.710449 1.836914
vt 1.440430 1.648438
vt 1.440430 1.481201
vt 1.444336 1.482666
vt 1.444336 1.646973
vt 1.486328 1.482666
vt 1.482422 1.481201
vt 1.482422 1.648438
vt 1.486328 1.646973
vt 1.625000 1.621094
vt 1.625000 1.785156
vt 1.621094 1.786621
vt 1.621094 1.619629
vt 1.529297 1.472168
vt 1.529297 1.636230
vt 1.525391 1.637695
vt 1.525391 1.470459
vt 1.664062 1.828125
vt 1.664062 1.663574
vt 1.667969 1.662109
vt 1.667969 1.829590
vt 1.568359 1.449219
vt 1.571289 1.450684
vt 1.572266 1.614746
vt 1.568359 1.616211
vt 0.588379 0.707275
vt 0.588379 0.013184
vt 0.703613 0.013184
vt 0.703613 0.707275
vt 0.708008 0.013184
vt 0.708008 0.707275
vt 0.719727 0.707275
vt 0.719727 0.013184
vt 0.724121 0.013184
vt 0.724121 0.707275
vt 0.786621 0.013184
vt 0.786621 0.707275
vt 0.792969 0.013184
vt 0.792969 0.707275
vt 0.853516 0.707275
vt 0.853516 0.013184
vt 0.859863 0.013184
vt 0.859863 0.707275
vt 0.900391 0.013184
vt 0.900391 0.707275
vt 0.906738 0.013184
vt 0.906738 0.707275
vt 0.967285 0.707275
vt 0.967285 0.013184
vt 0.973633 0.013184
vt 0.973633 0.707275
vt 1.036133 0.013184
vt 1.036133 0.707275
vt 1.041016 0.013184
vt 1.041016 0.707275
vt 1.051758 0.707275
vt 1.051758 0.013184
vt 1.056641 0.013184
vt 1.056641 0.707275
vt 1.664062 1.400635
vt 1.664062 1.206665
vt 1.673828 1.206543
vt 1.673828 1.400635
vt 1.675781 1.206665
vt 1.675781 1.400879
vt 1.682617 1.303711
vt 1.682617 1.398193
vt 1.682617 1.208984
vt 0.845215 1.750000
vt 0.842285 1.943359
vt 0.832520 1.943359
vt 0.836426 1.749512
vt 0.830566 1.943359
vt 0.834473 1.749023
vt 0.823242 1.846191
vt 0.828613 1.751465
vt 0.823242 1.940918
vt 1.664062 1.908691
vt 1.724609 1.908691
vt 1.720703 1.915039
vt 1.666992 1.915039
vt 1.720703 1.931152
vt 1.666992 1.931152
vt 1.720703 1.948242
vt 1.713867 1.955566
vt 1.674805 1.955566
vt 1.666992 1.948242
vt 0.822754 2.164062
vt 0.882812 2.164062
vt 0.879395 2.170898
vt 0.826172 2.170898
vt 0.879395 2.186523
vt 0.826172 2.186523
vt 0.879395 2.203125
vt 0.872070 2.210938
vt 0.833496 2.210938
vt 0.826172 2.203125
vt 1.951172 2.345703
vt 2.011719 2.345703
vt 2.007812 2.351562
vt 1.955078 2.351562
vt 2.007812 2.367188
vt 1.955078 2.367188
vt 2.007812 2.384766
vt 2.000000 2.392578
vt 1.961914 2.392578
vt 1.955078 2.384766
vt 1.855469 2.324219
vt 1.916016 2.324219
vt 1.913086 2.330078
vt 1.859375 2.330078
vt 1.913086 2.346680
vt 1.859375 2.346680
vt 1.913086 2.363281
vt 1.905273 2.371094
vt 1.866211 2.371094
vt 1.859375 2.363281
vt 0.572754 2.346680
vt 0.513672 2.346680
vt 0.513672 2.346680
vt 0.572754 2.346680
vt 0.572754 2.313477
vt 0.277100 1.973145
vt 0.310303 1.972656
vt 0.311035 1.975586
vt 0.279541 1.975586
vt 0.311523 2.239258
vt 0.279541 2.237305
vt 0.277100 2.239258
vt 1.231445 0.966858
vt 1.224609 0.965149
vt 1.220703 0.960602
vt 1.233398 0.965240
vt 1.218750 0.933960
vt 1.232422 0.934143
vt 1.228516 0.916260
vt 1.235352 0.916748
vt 1.221680 0.913757
vt 1.231445 0.713135
vt 1.235352 0.712646
vt 1.232422 0.695557
vt 1.228516 0.713379
vt 1.221680 0.716064
vt 1.217773 0.697754
vt 1.222656 0.696045
vt 1.231445 0.664307
vt 1.218750 0.669189
vt 1.229492 0.662598
vt 1.222656 0.664795
vt 0.668457 2.313477
vt 0.668457 2.346680
vt 0.609375 2.313477
vt 0.668457 2.313477
vt 0.609375 2.313477
vt 2.048828 1.168335
vt 2.048828 0.931641
vt 2.054688 0.929504
vt 2.054688 1.172363
vt 2.060547 0.928955
vt 2.060547 1.171753
vt 2.062500 1.173218
vt 1.857422 1.419189
vt 1.857422 1.197876
vt 1.851562 1.195923
vt 1.851562 1.421387
vt 1.844727 1.195190
vt 1.844727 1.422119
vt 0.377441 2.239258
vt 0.344238 2.239258
vt 0.343262 2.237305
vt 0.375000 2.237305
vt 0.343262 1.975586
vt 0.375000 1.975586
vt 0.377441 1.973145
vt 0.344238 1.972656
vt 1.227539 0.461914
vt 1.234375 0.463867
vt 1.235352 0.461914
vt 1.222656 0.457520
vt 1.235352 0.433594
vt 1.221680 0.435059
vt 1.234375 0.432129
vt 1.227539 0.432129
vt 1.220703 0.431152
vt 1.220703 0.195801
vt 1.226562 0.191895
vt 1.233398 0.188477
vt 1.220703 0.193848
vt 1.232422 0.185059
vt 1.203125 0.173828
vt 1.203125 0.182617
vt 1.208008 0.168945
vt 0.662598 1.951172
vt 0.419678 1.951172
vt 0.419434 1.953125
vt 0.663086 1.953125
vt 0.419678 1.980957
vt 0.663086 1.980957
vt 0.662598 1.982910
vt 0.419678 1.982910
vt 1.017578 1.211304
vt 1.013672 1.212646
vt 1.013672 0.748535
vt 1.017578 0.750000
vt 1.017578 0.748047
vt 2.253906 2.193359
vt 2.250000 2.194336
vt 2.250000 2.192383
vt 2.253906 2.026367
vt 2.250000 2.027344
vt 2.250000 2.025391
vt 1.125000 0.966858
vt 1.118164 0.964966
vt 1.114258 0.960663
vt 1.126953 0.965240
vt 1.112305 0.934021
vt 1.125977 0.934143
vt 1.122070 0.916321
vt 1.114258 0.913757
vt 1.128906 0.916748
vt 1.114258 0.716064
vt 1.122070 0.713379
vt 1.128906 0.712646
vt 1.111328 0.695801
vt 1.125977 0.695801
vt 1.125000 0.664307
vt 1.112305 0.669434
vt 1.123047 0.662598
vt 1.116211 0.664795
vt 0.826172 1.709473
vt 0.826172 1.711914
vt 0.822754 1.710938
vt 0.826172 1.248413
vt 0.822754 1.246948
vt 2.154297 1.370605
vt 2.154297 1.134033
vt 2.160156 1.131836
vt 2.162109 1.374756
vt 2.167969 1.131226
vt 2.167969 1.374023
vt 2.167969 1.375488
vt 0.741211 1.796875
vt 0.737305 1.798340
vt 0.737305 1.334229
vt 0.741211 1.335693
vt 0.741211 1.333496
vt 1.709961 1.863281
vt 1.707031 1.864258
vt 1.707031 1.861816
vt 1.709961 1.696289
vt 1.706055 1.697754
vt 1.706055 1.695801
vt 1.072266 1.052063
vt 1.064453 1.050171
vt 1.060547 1.045837
vt 1.073242 1.050415
vt 1.058594 1.019180
vt 1.072266 1.019318
vt 1.068359 1.001534
vt 1.061523 0.998922
vt 1.075195 1.001935
vt 1.061523 0.801147
vt 1.069336 0.798584
vt 1.076172 0.797729
vt 1.057617 0.781006
vt 1.072266 0.781128
vt 1.071289 0.749756
vt 1.058594 0.754517
vt 1.070312 0.748047
vt 1.063477 0.750000
vt 0.783691 1.762695
vt 0.783691 1.765137
vt 0.779785 1.764160
vt 0.783691 1.301514
vt 0.779785 1.300293
vt 2.154297 1.083069
vt 2.154297 0.846436
vt 2.160156 0.844360
vt 2.162109 1.087158
vt 2.167969 0.843750
vt 2.167969 1.086609
vt 2.167969 1.088013
vt 1.619141 0.663330
vt 1.652344 0.662842
vt 1.653320 0.665527
vt 1.621094 0.665527
vt 1.653320 0.865356
vt 1.621094 0.865356
vt 1.619141 0.867554
vt 1.652344 0.867920
vt 0.091553 2.404297
vt 0.085144 2.402344
vt 0.081543 2.397461
vt 0.093384 2.403320
vt 0.084351 2.371094
vt 0.098267 2.372070
vt 0.094482 2.353516
vt 0.101013 2.354492
vt 0.087097 2.351562
vt 0.096558 2.150391
vt 0.101013 2.150391
vt 0.098755 2.132812
vt 0.093750 2.151367
vt 0.086975 2.153320
vt 0.083557 2.135742
vt 0.089172 2.133789
vt 0.090881 2.101562
vt 0.079346 2.108398
vt 0.088928 2.100586
vt 0.082642 2.103516
vt 1.749023 1.697754
vt 1.749023 1.695801
vt 1.752930 1.696289
vt 1.749023 1.864746
vt 1.752930 1.866211
vt 1.749023 1.867188
vt 1.539062 0.409668
vt 1.539062 0.172852
vt 1.544922 0.170410
vt 1.545898 0.413574
vt 1.551758 0.168945
vt 1.551758 0.413086
vt 1.552734 0.414551
vt 2.207031 1.962402
vt 2.207031 1.741211
vt 2.212891 1.739258
vt 2.212891 1.964355
vt 2.218750 1.738281
vt 2.218750 1.965332
vt 1.458008 0.461914
vt 1.451172 0.465332
vt 1.449219 0.463379
vt 1.460938 0.456543
vt 1.441406 0.436035
vt 1.455078 0.435059
vt 1.443359 0.433594
vt 1.450195 0.433105
vt 1.456055 0.431152
vt 1.456055 0.196777
vt 1.449219 0.192871
vt 1.443359 0.190430
vt 1.456055 0.194336
vt 1.444336 0.186523
vt 1.472656 0.173828
vt 1.466797 0.168945
vt 1.473633 0.182129
vt 0.419678 2.079102
vt 0.662598 2.079102
vt 0.663086 2.081055
vt 0.419434 2.081055
vt 0.663086 2.108398
vt 0.419434 2.108398
vt 0.419678 2.110352
vt 0.662598 2.110352
vt 0.883301 1.491943
vt 0.883301 1.629395
vt 0.865234 1.629395
vt 0.865234 1.491943
vt 0.883301 1.488037
vt 0.865234 1.488037
vt 0.883301 1.442871
vt 0.865234 1.442871
vt 0.883301 1.438965
vt 0.865234 1.438965
vt 0.883301 1.301270
vt 0.865234 1.301270
vt 0.883301 1.297363
vt 0.865234 1.297363
vt 0.883301 1.252197
vt 0.865234 1.252197
vt 0.883301 1.248413
vt 0.865234 1.248413
vt 1.905273 1.185303
vt 1.910156 1.187256
vt 1.910156 1.408447
vt 1.904297 1.410645
vt 1.898438 1.184570
vt 1.898438 1.411377
vt 1.013672 1.540039
vt 1.012695 1.541992
vt 1.004883 1.540039
vt 1.000977 1.536133
vt 1.013672 1.512207
vt 1.000000 1.513184
vt 1.012695 1.510742
vt 1.005859 1.510742
vt 0.999512 1.509277
vt 0.999512 1.274170
vt 1.004883 1.270020
vt 1.010742 1.266846
vt 0.999512 1.271973
vt 1.010742 1.263184
vt 0.980957 1.252441
vt 0.986816 1.247192
vt 0.980957 1.260986
vt 0.419434 2.016602
vt 0.419678 2.014648
vt 0.662598 2.014648
vt 0.663086 2.016602
vt 0.419678 2.044922
vt 0.663086 2.044922
vt 0.662598 2.046875
vt 0.419678 2.046875
vt 1.166992 0.960602
vt 1.171875 0.965149
vt 1.178711 0.966858
vt 1.179688 0.965240
vt 1.165039 0.933960
vt 1.178711 0.934143
vt 1.175781 0.916260
vt 1.181641 0.916748
vt 1.167969 0.913757
vt 1.177734 0.713135
vt 1.182617 0.712646
vt 1.179688 0.695557
vt 1.174805 0.713379
vt 1.167969 0.716064
vt 1.164062 0.697754
vt 1.169922 0.696045
vt 1.178711 0.664307
vt 1.165039 0.669189
vt 1.176758 0.662598
vt 1.169922 0.664795
vt 0.243164 2.343750
vt 0.244507 2.345703
vt 0.241577 2.346680
vt 0.234619 2.345703
vt 0.243164 2.082031
vt 0.241699 2.079102
vt 0.244507 2.080078
vt 0.234497 2.080078
vt 0.231079 2.079102
vt 0.230957 2.345703
vt 0.204956 2.082031
vt 0.202881 2.079102
vt 0.204956 2.343750
vt 0.202881 2.346680
vt 2.107422 0.929504
vt 2.101562 0.931641
vt 2.101562 1.168335
vt 2.107422 1.172363
vt 2.113281 0.928955
vt 2.113281 1.171753
vt 2.115234 1.173218
vt 1.088867 1.380371
vt 1.086914 1.382324
vt 1.080078 1.380371
vt 1.075195 1.376221
vt 1.087891 1.352295
vt 1.074219 1.353760
vt 1.086914 1.350830
vt 1.080078 1.350830
vt 1.073242 1.349365
vt 1.079102 1.110474
vt 1.073242 1.114502
vt 1.085938 1.107239
vt 1.074219 1.112305
vt 1.084961 1.103577
vt 1.055664 1.092651
vt 1.061523 1.087463
vt 1.055664 1.101318
vt 0.472656 1.889160
vt 0.472900 1.887207
vt 0.716309 1.887207
vt 0.716309 1.889160
vt 0.472900 1.916992
vt 0.716309 1.916992
vt 0.715820 1.918945
vt 0.472900 1.918945
vt 1.186523 0.461914
vt 1.185547 0.463867
vt 1.178711 0.461914
vt 1.173828 0.457520
vt 1.186523 0.433594
vt 1.172852 0.435059
vt 1.185547 0.432129
vt 1.178711 0.432129
vt 1.171875 0.431152
vt 1.177734 0.191895
vt 1.171875 0.195801
vt 1.184570 0.188477
vt 1.171875 0.193848
vt 1.183594 0.185059
vt 1.154297 0.173828
vt 1.160156 0.168945
vt 1.154297 0.182617
vt 2.208984 1.420654
vt 2.208984 1.418701
vt 2.451172 1.418701
vt 2.451172 1.420654
vt 2.208984 1.448486
vt 2.451172 1.448486
vt 2.451172 1.450439
vt 2.208984 1.450439
vt 0.711914 1.952148
vt 0.717773 1.954102
vt 0.717773 2.174805
vt 0.711914 2.177734
vt 0.705566 1.951172
vt 0.705566 2.177734
vt 1.961914 1.824219
vt 1.965820 1.823730
vt 1.965820 1.825684
vt 1.965820 1.992676
vt 1.961914 1.994141
vt 1.965820 1.994629
vt 1.504883 0.460938
vt 1.500977 0.455566
vt 1.511719 0.463379
vt 1.520508 0.435059
vt 1.506836 0.434082
vt 1.519531 0.432617
vt 1.512695 0.432129
vt 1.506836 0.430176
vt 1.506836 0.195801
vt 1.512695 0.191895
vt 1.519531 0.188965
vt 1.506836 0.193359
vt 1.518555 0.185059
vt 1.489258 0.173828
vt 1.495117 0.168945
vt 1.488281 0.182617
vt 0.711914 1.842285
vt 0.711426 1.841309
vt 0.460449 1.841797
vt 0.460205 1.842773
vt 0.710938 1.846680
vt 0.460205 1.846680
vt 0.460449 1.847656
vt 0.712402 1.847656
vt 0.161865 2.385742
vt 0.158569 2.390625
vt 0.152222 2.393555
vt 0.150391 2.392578
vt 0.157471 2.360352
vt 0.143555 2.361328
vt 0.147461 2.342773
vt 0.140991 2.342773
vt 0.154907 2.339844
vt 0.145508 2.139648
vt 0.140991 2.139648
vt 0.143188 2.121094
vt 0.148193 2.140625
vt 0.155029 2.142578
vt 0.158325 2.125000
vt 0.152710 2.123047
vt 0.152832 2.090820
vt 0.164062 2.098633
vt 0.154785 2.089844
vt 0.161011 2.092773
vt 1.631836 1.133545
vt 1.664062 1.131592
vt 1.666016 1.133789
vt 1.631836 0.931702
vt 1.664062 0.931702
vt 1.666016 0.929565
vt 1.630859 0.929749
vt 1.259766 0.170410
vt 1.264648 0.172852
vt 1.265625 0.409668
vt 1.258789 0.413574
vt 1.252930 0.169922
vt 1.252930 0.413086
vt 1.251953 0.414551
vt 1.720703 2.028320
vt 1.724609 2.033203
vt 1.664062 2.033203
vt 1.666992 2.028320
vt 1.713867 1.994141
vt 1.720703 2.000977
vt 1.674805 1.994141
vt 1.666992 2.000977
vt 0.751953 2.273438
vt 0.744141 2.238281
vt 0.751953 2.246094
vt 0.705566 2.238281
vt 0.698242 2.273438
vt 0.698242 2.246094
vt 0.755371 2.278320
vt 0.694824 2.278320
vt 1.720703 2.114258
vt 1.713867 2.079102
vt 1.720703 2.085938
vt 1.674805 2.079102
vt 1.666992 2.114258
vt 1.666992 2.085938
vt 1.724609 2.118164
vt 1.664062 2.118164
vt 1.785156 2.199219
vt 1.777344 2.164062
vt 1.785156 2.171875
vt 1.738281 2.164062
vt 1.731445 2.199219
vt 1.731445 2.171875
vt 1.788086 2.204102
vt 1.727539 2.204102
vt 1.069336 1.505859
vt 1.069336 1.503906
vt 1.296875 1.503906
vt 1.296875 1.505859
vt 1.295898 1.536621
vt 1.297852 1.537109
vt 1.069336 1.537109
vt 1.284180 1.548828
vt 1.285156 1.550781
vt 1.082031 1.548828
vt 1.081055 1.550781
vt 2.041016 0.610596
vt 2.044922 0.612549
vt 2.044922 0.874390
vt 2.041016 0.876160
vt 2.025391 0.612549
vt 2.025391 0.610107
vt 2.025391 0.874268
vt 2.025391 0.876831
vt 2.023438 0.613037
vt 2.023438 0.873779
vt 1.826172 0.874390
vt 1.822266 0.876831
vt 1.824219 0.613037
vt 1.822266 0.610107
vt 2.007812 0.625977
vt 2.007812 0.860962
vt 1.821289 0.612549
vt 1.804688 0.610596
vt 1.805664 0.876160
vt 1.802734 0.612549
vt 1.802734 0.874390
vt 1.821289 0.874268
vt 1.823242 0.872437
vt 1.838867 0.625977
vt 1.838867 0.861084
vt 2.005859 0.627930
vt 1.841797 0.627930
vt 2.005859 0.629150
vt 1.840820 0.629150
vt 2.005859 0.857666
vt 1.840820 0.857788
vt 2.005859 0.859009
vt 1.841797 0.859131
vt 0.646973 2.142578
vt 0.419922 2.142578
vt 0.419678 2.144531
vt 0.647461 2.144531
vt 0.646973 2.175781
vt 0.648438 2.175781
vt 0.419678 2.175781
vt 0.634277 2.187500
vt 0.635254 2.189453
vt 0.432373 2.187500
vt 0.431396 2.189453
vt 0.651855 0.750610
vt 0.651855 1.292236
vt 0.620117 1.259766
vt 0.620117 0.750610
vt 0.617676 0.748535
vt 0.650879 0.748047
vt 0.770996 1.836914
vt 0.770996 2.057617
vt 0.765137 2.059570
vt 0.765137 1.834961
vt 0.758789 1.833984
vt 0.758789 2.060547
vt 0.715820 1.259766
vt 0.684082 1.292236
vt 0.684082 0.750610
vt 0.715820 0.750610
vt 0.718262 0.748535
vt 0.682617 0.748779
vt 1.069336 1.420654
vt 1.069336 1.418701
vt 1.296875 1.418701
vt 1.296875 1.420654
vt 1.295898 1.451416
vt 1.297852 1.452148
vt 1.069336 1.452393
vt 1.284180 1.463623
vt 1.285156 1.465820
vt 1.082031 1.463623
vt 1.081055 1.465820
vt 0.587891 0.750610
vt 0.587891 1.292236
vt 0.556152 1.259766
vt 0.556152 0.750610
vt 0.553711 0.748535
vt 0.586914 0.748047
vt 1.803711 1.197998
vt 1.803711 1.419189
vt 1.798828 1.421143
vt 1.797852 1.195923
vt 1.791992 1.195190
vt 1.791992 1.422119
vt 0.779785 1.259766
vt 0.748047 1.292236
vt 0.748047 0.750610
vt 0.779785 0.750610
vt 0.782227 0.748535
vt 0.746582 0.748779
vt 1.122070 1.335449
vt 1.122070 1.333496
vt 1.349609 1.333496
vt 1.349609 1.335205
vt 1.349609 1.366211
vt 1.351562 1.366943
vt 1.122070 1.367188
vt 1.336914 1.378418
vt 1.337891 1.380615
vt 1.134766 1.378418
vt 1.133789 1.380615
vt 2.179688 1.538086
vt 2.179688 1.540039
vt 1.953125 1.540527
vt 1.953125 1.538574
vt 1.953125 1.507812
vt 1.952148 1.506836
vt 2.179688 1.506836
vt 1.965820 1.495605
vt 1.964844 1.493408
vt 2.167969 1.495361
vt 2.167969 1.493408
vt 2.457031 1.494629
vt 2.458984 1.496338
vt 2.458984 1.696289
vt 2.457031 1.698242
vt 2.441406 1.496582
vt 2.439453 1.493896
vt 2.441406 1.696289
vt 2.439453 1.698730
vt 2.439453 1.496826
vt 2.439453 1.695801
vt 2.238281 1.496826
vt 2.238281 1.493896
vt 2.423828 1.509766
vt 2.238281 1.695801
vt 2.238281 1.699219
vt 2.236328 1.496582
vt 2.220703 1.494629
vt 2.220703 1.698242
vt 2.216797 1.496338
vt 2.216797 1.696289
vt 2.236328 1.696289
vt 2.253906 1.509766
vt 2.423828 1.683105
vt 2.253906 1.683105
vt 2.419922 1.511719
vt 2.255859 1.511719
vt 2.421875 1.513184
vt 2.255859 1.513184
vt 2.421875 1.679688
vt 2.255859 1.679688
vt 2.419922 1.681152
vt 2.255859 1.681152
vt 1.988281 1.783691
vt 1.959961 1.784180
vt 1.961914 1.781250
vt 1.961914 1.581055
vt 1.988281 1.579102
vt 1.959961 1.578613
vt 1.990234 1.783203
vt 1.990234 1.579102
vt 1.998047 1.781738
vt 1.999023 1.579590
vt 1.999023 1.784180
vt 2.000000 1.581543
vt 2.000000 1.783203
vt 0.419678 2.228516
vt 0.646973 2.228516
vt 0.646973 2.230469
vt 0.419434 2.229492
vt 0.419922 2.260742
vt 0.418213 2.261719
vt 0.646973 2.261719
vt 0.432129 2.273438
vt 0.431396 2.275391
vt 0.634277 2.273438
vt 0.635254 2.275391
vt 0.021225 2.112305
vt 0.030777 2.109375
vt 0.035339 2.125977
vt 0.026367 2.130859
vt 0.035889 2.129883
vt 0.019287 2.113281
vt 0.026535 2.413086
vt 0.035919 2.414062
vt 0.023849 2.130859
vt 0.015327 2.129883
vt 0.013206 2.118164
vt 0.017151 2.132812
vt 0.017166 2.411133
vt 0.023880 2.412109
vt 0.015343 2.414062
vt 0.025116 2.415039
vt 0.013176 2.424805
vt 0.030548 2.433594
vt 0.019684 2.429688
vt 0.021255 2.430664
vt 0.932617 1.568359
vt 0.922852 1.570801
vt 0.918945 1.554199
vt 0.928223 1.550293
vt 0.918457 1.550781
vt 0.934570 1.567383
vt 0.928223 1.268066
vt 0.918945 1.267090
vt 0.930664 1.549805
vt 0.938965 1.551758
vt 0.940918 1.562988
vt 0.937500 1.548340
vt 0.937500 1.270508
vt 0.930664 1.268555
vt 0.939453 1.267334
vt 0.929688 1.266113
vt 0.941895 1.256592
vt 0.924805 1.247437
vt 0.935547 1.251709
vt 0.934082 1.250244
vt 1.813477 0.921387
vt 1.816406 0.918274
vt 1.813477 1.150391
vt 1.833984 1.153442
vt 1.833984 0.918335
vt 1.816406 1.153564
vt 1.838867 1.159668
vt 1.810547 1.159790
vt 1.835938 1.152588
vt 1.839844 1.157349
vt 1.835938 0.919495
vt 1.842773 1.148560
vt 1.842773 0.924805
vt 1.851562 0.928162
vt 1.846680 0.921631
vt 1.850586 1.144043
vt 1.852539 0.926392
vt 1.852539 1.145630
vt 1.879883 0.919678
vt 1.846680 1.150757
vt 1.875977 0.926453
vt 1.879883 1.150024
vt 1.891602 0.933655
vt 1.875000 1.143555
vt 1.885742 0.937622
vt 1.891602 1.135986
vt 1.885742 1.132080
vt 1.699219 0.928955
vt 1.696289 0.932068
vt 1.696289 1.161011
vt 1.716797 1.164062
vt 1.716797 0.928955
vt 1.699219 1.164185
vt 1.693359 1.170410
vt 1.721680 1.170288
vt 1.718750 1.163208
vt 1.722656 1.167847
vt 1.718750 0.930176
vt 1.725586 1.159424
vt 1.725586 0.935303
vt 1.734375 0.938782
vt 1.733398 1.154785
vt 1.735352 0.937012
vt 1.729492 1.161377
vt 1.728516 0.931458
vt 1.735352 1.156250
vt 1.762695 0.930359
vt 1.763672 1.160645
vt 1.758789 0.937073
vt 1.757812 1.154175
vt 1.774414 0.944275
vt 1.774414 1.146729
vt 1.768555 0.948273
vt 1.768555 1.142700
vt 2.376953 1.741211
vt 2.380859 1.738281
vt 2.376953 1.970703
vt 2.398438 1.973633
vt 2.398438 1.738281
vt 2.380859 1.973633
vt 2.402344 1.979980
vt 2.375000 1.979980
vt 2.400391 1.972656
vt 2.404297 1.978027
vt 2.400391 1.739258
vt 2.408203 1.970215
vt 2.408203 1.965332
vt 2.406250 1.744629
vt 2.416016 1.964355
vt 2.416016 1.748047
vt 2.416016 1.965820
vt 2.417969 1.746582
vt 2.445312 1.970215
vt 2.410156 1.741699
vt 2.439453 1.963379
vt 2.443359 1.739746
vt 2.455078 1.956055
vt 2.439453 1.746582
vt 2.449219 1.952148
vt 2.455078 1.753418
vt 2.449219 1.757812
vt 2.259766 1.741211
vt 2.263672 1.738281
vt 2.259766 1.970703
vt 2.281250 1.973633
vt 2.281250 1.738281
vt 2.263672 1.973633
vt 2.285156 1.979980
vt 2.257812 1.979980
vt 2.283203 1.972656
vt 2.287109 1.978027
vt 2.283203 1.739258
vt 2.291016 1.970215
vt 2.291016 1.965332
vt 2.289062 1.744629
vt 2.298828 1.964355
vt 2.298828 1.748047
vt 2.298828 1.965820
vt 2.300781 1.746582
vt 2.328125 1.970215
vt 2.292969 1.741699
vt 2.322266 1.963379
vt 2.326172 1.739746
vt 2.337891 1.956055
vt 2.322266 1.746582
vt 2.332031 1.952148
vt 2.337891 1.753418
vt 2.332031 1.757812
vt 1.685547 0.873657
vt 1.685547 0.644531
vt 1.688477 0.641357
vt 1.706055 0.876648
vt 1.688477 0.876770
vt 1.706055 0.641357
vt 1.710938 0.882812
vt 1.682617 0.882935
vt 1.708008 0.875793
vt 1.712891 0.881287
vt 1.708008 0.642578
vt 1.716797 0.873413
vt 1.715820 0.868530
vt 1.714844 0.647705
vt 1.722656 0.867310
vt 1.724609 0.868896
vt 1.722656 0.651367
vt 1.751953 0.873413
vt 1.724609 0.649658
vt 1.748047 0.866821
vt 1.718750 0.644775
vt 1.763672 0.859985
vt 1.751953 0.644043
vt 1.757812 0.855957
vt 1.748047 0.650879
vt 1.763672 0.657471
vt 1.758789 0.661621
vt 1.719727 1.419189
vt 1.716797 1.417236
vt 1.718750 1.415039
vt 1.726562 1.416016
vt 1.728516 1.423096
vt 1.718750 1.215088
vt 1.716797 1.212891
vt 1.719727 1.211182
vt 1.720703 1.214722
vt 1.728516 1.214478
vt 1.728516 1.207031
vt 1.730469 1.415039
vt 1.732422 1.423584
vt 1.750977 1.424316
vt 1.757812 1.418945
vt 1.755859 1.415527
vt 1.730469 1.215210
vt 1.732422 1.206543
vt 1.755859 1.214722
vt 1.750977 1.205811
vt 1.757812 1.211304
vt 2.005859 0.918274
vt 2.007812 0.921387
vt 2.007812 1.150513
vt 1.988281 1.153564
vt 1.988281 0.918335
vt 2.005859 1.153687
vt 2.011719 1.159790
vt 1.983398 1.159790
vt 1.986328 1.152710
vt 1.981445 1.158203
vt 1.986328 0.919495
vt 1.978516 1.148682
vt 1.979492 0.925354
vt 1.971680 0.928284
vt 1.975586 0.921692
vt 1.970703 1.144165
vt 1.969727 0.926636
vt 1.969727 1.145752
vt 1.942383 0.921082
vt 1.976562 1.151733
vt 1.946289 0.927795
vt 1.942383 1.150269
vt 1.930664 0.934387
vt 1.946289 1.143677
vt 1.935547 0.938477
vt 1.930664 1.136841
vt 1.936523 1.132812
vt 0.460693 1.240601
vt 0.458496 1.238037
vt 0.486816 1.238281
vt 0.460449 1.782715
vt 0.486572 1.782715
vt 0.489014 1.782715
vt 0.488770 1.238281
vt 0.496582 1.781738
vt 0.497559 1.238892
vt 0.499023 1.240845
vt 0.499023 1.782227
vt 0.497559 1.785156
vt 0.385986 1.347168
vt 0.384033 1.344482
vt 0.412109 1.344727
vt 0.385986 1.889160
vt 0.412109 1.889160
vt 0.414307 1.889160
vt 0.414307 1.344727
vt 0.422119 1.888184
vt 0.422852 1.345459
vt 0.424561 1.347412
vt 0.424561 1.888672
vt 0.422852 1.891602
vt 1.270508 0.666016
vt 1.268555 0.663330
vt 1.280273 0.663818
vt 1.270508 0.843750
vt 1.280273 0.842773
vt 1.271484 0.846924
vt 1.282227 0.842407
vt 1.283203 0.844971
vt 1.279297 0.853760
vt 1.282227 0.854126
vt 1.559570 0.854126
vt 1.558594 0.844849
vt 1.562500 0.853760
vt 1.558594 0.842407
vt 1.561523 0.842651
vt 1.570312 0.846680
vt 1.571289 0.843750
vt 1.571289 0.666016
vt 1.573242 0.663574
vt 1.561523 0.663818
vt 1.559570 0.665283
vt 1.559570 0.662598
vt 1.282227 0.665283
vt 1.282227 0.662598
vt 2.154297 0.612793
vt 2.152344 0.610107
vt 2.164062 0.610596
vt 2.154297 0.790649
vt 2.164062 0.789673
vt 2.154297 0.793579
vt 2.166016 0.791992
vt 2.162109 0.801025
vt 2.166016 0.801270
vt 2.443359 0.801270
vt 2.166016 0.789429
vt 2.443359 0.791992
vt 2.447266 0.800903
vt 2.443359 0.789429
vt 2.445312 0.789551
vt 2.455078 0.793701
vt 2.455078 0.790527
vt 2.455078 0.612793
vt 2.457031 0.610352
vt 2.445312 0.610596
vt 2.443359 0.612061
vt 2.443359 0.609375
vt 2.166016 0.612305
vt 2.166016 0.609375
vt 2.341797 0.701904
vt 2.341797 0.758179
vt 2.193359 0.701904
vt 2.193359 0.758057
vt 2.337891 0.707764
vt 2.335938 0.705322
vt 2.337891 0.752319
vt 2.199219 0.705322
vt 2.335938 0.754639
vt 2.195312 0.707764
vt 2.199219 0.754639
vt 2.195312 0.752319
vt 2.453125 0.851196
vt 2.445312 0.845947
vt 2.449219 0.843750
vt 2.216797 0.845825
vt 2.210938 0.843750
vt 2.208984 0.850830
vt 2.210938 0.853760
vt 2.207031 0.853149
vt 2.207031 1.115601
vt 2.451172 0.853760
vt 2.455078 0.853149
vt 2.455078 1.115601
vt 2.210938 1.115051
vt 2.451172 1.115051
vt 2.453125 1.117554
vt 2.208984 1.117920
vt 2.449219 1.125000
vt 2.445312 1.122864
vt 2.216797 1.122864
vt 2.210938 1.125000
vt 1.784180 0.562500
vt 1.786133 0.566162
vt 1.783203 0.566406
vt 1.782227 0.562988
vt 1.782227 0.021484
vt 1.781250 0.019043
vt 1.784180 0.017578
vt 1.784180 0.020996
vt 1.791992 0.020996
vt 1.791992 0.563721
vt 1.792969 0.013672
vt 1.793945 0.021973
vt 1.793945 0.564209
vt 1.796875 0.013184
vt 1.820312 0.564209
vt 1.814453 0.013184
vt 1.820312 0.021973
vt 1.821289 0.018555
vt 2.175781 0.020508
vt 2.167969 0.015137
vt 2.171875 0.013184
vt 1.939453 0.015137
vt 1.935547 0.013184
vt 1.932617 0.020020
vt 1.934570 0.022949
vt 1.930664 0.022461
vt 1.930664 0.564697
vt 1.934570 0.564697
vt 2.173828 0.564697
vt 2.173828 0.022949
vt 2.177734 0.021973
vt 2.177734 0.564697
vt 1.859375 0.562500
vt 1.860352 0.566162
vt 1.858398 0.566406
vt 1.856445 0.562988
vt 1.856445 0.021484
vt 1.855469 0.019043
vt 1.858398 0.017578
vt 1.859375 0.020996
vt 1.867188 0.020996
vt 1.866211 0.563721
vt 1.867188 0.013672
vt 1.869141 0.021973
vt 1.869141 0.564209
vt 1.871094 0.013184
vt 1.894531 0.564209
vt 1.889648 0.013184
vt 1.894531 0.021973
vt 1.896484 0.018555
vt 2.462891 0.020508
vt 2.457031 0.015137
vt 2.460938 0.013184
vt 2.226562 0.015137
vt 2.222656 0.013184
vt 2.218750 0.020020
vt 2.222656 0.022949
vt 2.216797 0.022461
vt 2.216797 0.564697
vt 2.222656 0.564697
vt 2.460938 0.564697
vt 2.460938 0.022949
vt 2.464844 0.021973
vt 2.466797 0.564697
vt 2.453125 1.170654
vt 2.445312 1.165405
vt 2.449219 1.163208
vt 2.216797 1.165405
vt 2.212891 1.163208
vt 2.208984 1.170288
vt 2.210938 1.172974
vt 2.207031 1.172363
vt 2.207031 1.373047
vt 2.451172 1.172974
vt 2.455078 1.172363
vt 2.455078 1.373047
vt 2.210938 1.372559
vt 2.451172 1.372559
vt 2.453125 1.374756
vt 2.208984 1.375000
vt 2.449219 1.382080
vt 2.445312 1.379883
vt 2.216797 1.379883
vt 2.212891 1.382080
vt 1.221680 1.003775
vt 1.311523 1.003618
vt 1.311523 1.013153
vt 1.221680 1.013046
vt 1.218750 1.003368
vt 1.309570 1.015747
vt 1.312500 1.015533
vt 1.311523 1.291992
vt 1.308594 1.291992
vt 1.311523 1.294434
vt 1.221680 1.015640
vt 1.221680 1.291748
vt 1.220703 1.294434
vt 1.218750 1.293457
vt 1.219727 1.015686
vt 1.213867 1.015976
vt 1.213867 1.293701
vt 1.213867 1.013016
vt 1.213867 1.003428
vt 1.211914 1.003761
vt 1.122070 1.003351
vt 1.122070 1.012833
vt 1.211914 1.015625
vt 1.124023 1.015450
vt 1.121094 1.015228
vt 1.211914 1.291748
vt 1.211914 1.294434
vt 1.124023 1.291504
vt 1.121094 1.291748
vt 1.121094 1.294189
vt 1.807617 1.652832
vt 1.717773 1.652832
vt 1.717773 1.643555
vt 1.807617 1.643555
vt 1.810547 1.653320
vt 1.720703 1.641113
vt 1.717773 1.641113
vt 1.717773 1.464355
vt 1.720703 1.464355
vt 1.717773 1.461914
vt 1.807617 1.641113
vt 1.808594 1.464111
vt 1.813477 1.461914
vt 1.810547 1.641113
vt 1.810547 1.465088
vt 1.816406 1.643555
vt 1.816406 1.653320
vt 1.818359 1.652832
vt 1.908203 1.652832
vt 1.908203 1.643555
vt 1.815430 1.641113
vt 1.815430 1.464600
vt 1.818359 1.641113
vt 1.818359 1.464111
vt 1.906250 1.464355
vt 1.908203 1.461914
vt 1.909180 1.464355
vt 1.909180 1.641113
vt 1.906250 1.641113
vt 1.615234 0.586914
vt 1.623047 0.589600
vt 1.612305 0.590820
vt 1.620117 0.592773
vt 1.625000 0.592285
vt 1.620117 0.618652
vt 1.624023 0.619141
vt 1.621094 0.622803
vt 1.379883 0.622559
vt 1.380859 0.592773
vt 1.380859 0.618408
vt 1.376953 0.619141
vt 1.375977 0.592041
vt 1.377930 0.589355
vt 1.386719 0.588379
vt 1.385742 0.586670
vt 1.614258 0.587891
vt 1.399414 0.572021
vt 1.601562 0.572021
vt 1.600586 0.569580
vt 1.604492 0.569580
vt 1.621094 0.579834
vt 1.400391 0.569580
vt 1.618164 0.531738
vt 1.623047 0.576172
vt 1.621094 0.529541
vt 1.602539 0.530762
vt 1.619141 0.527588
vt 1.621094 0.018555
vt 1.619141 0.016113
vt 1.603516 0.529297
vt 1.603516 0.016113
vt 1.602539 0.013184
vt 1.600586 0.531006
vt 1.599609 0.529297
vt 1.600586 0.016113
vt 1.402344 0.015137
vt 1.399414 0.013184
vt 1.585938 0.496094
vt 1.585938 0.028320
vt 1.400391 0.017090
vt 1.583984 0.493164
vt 1.583984 0.031738
vt 1.583008 0.494141
vt 1.583008 0.030762
vt 1.415039 0.496094
vt 1.418945 0.494141
vt 1.416992 0.493164
vt 1.415039 0.028320
vt 1.418945 0.030273
vt 1.416992 0.031738
vt 1.401367 0.529053
vt 1.397461 0.016113
vt 1.381836 0.015625
vt 1.400391 0.530762
vt 1.397461 0.529053
vt 1.381836 0.527344
vt 1.379883 0.018555
vt 1.379883 0.529297
vt 1.398438 0.530762
vt 1.382812 0.531494
vt 1.377930 0.575928
vt 1.378906 0.579834
vt 1.396484 0.569580
vt 1.327148 0.586914
vt 1.334961 0.589600
vt 1.325195 0.590820
vt 1.333008 0.592773
vt 1.336914 0.592285
vt 1.333008 0.618652
vt 1.336914 0.619141
vt 1.333008 0.622803
vt 1.092773 0.622559
vt 1.092773 0.592773
vt 1.092773 0.618408
vt 1.088867 0.619141
vt 1.088867 0.592041
vt 1.090820 0.589355
vt 1.098633 0.588379
vt 1.098633 0.586670
vt 1.327148 0.587891
vt 1.111328 0.572021
vt 1.314453 0.572021
vt 1.313477 0.569580
vt 1.316406 0.569580
vt 1.333008 0.579834
vt 1.112305 0.569580
vt 1.331055 0.531738
vt 1.334961 0.576172
vt 1.333984 0.529541
vt 1.315430 0.530762
vt 1.331055 0.527588
vt 1.333984 0.018555
vt 1.331055 0.016113
vt 1.315430 0.529297
vt 1.316406 0.016113
vt 1.314453 0.013184
vt 1.313477 0.531006
vt 1.312500 0.529297
vt 1.313477 0.016113
vt 1.115234 0.015137
vt 1.111328 0.013184
vt 1.297852 0.496094
vt 1.297852 0.028320
vt 1.112305 0.017090
vt 1.295898 0.493164
vt 1.295898 0.031738
vt 1.294922 0.494141
vt 1.294922 0.030762
vt 1.127930 0.496094
vt 1.130859 0.494141
vt 1.129883 0.493164
vt 1.127930 0.028320
vt 1.130859 0.030273
vt 1.129883 0.031738
vt 1.113281 0.529053
vt 1.110352 0.016113
vt 1.094727 0.015625
vt 1.112305 0.530762
vt 1.110352 0.529053
vt 1.094727 0.527344
vt 1.091797 0.018555
vt 1.091797 0.529297
vt 1.110352 0.530762
vt 1.094727 0.531494
vt 1.090820 0.575928
vt 1.091797 0.579834
vt 1.109375 0.569580
vt 2.080078 0.619141
vt 2.078125 0.616943
vt 2.082031 0.615234
vt 2.082031 0.618652
vt 2.082031 0.881165
vt 2.080078 0.882629
vt 2.082031 0.884583
vt 2.089844 0.618408
vt 2.089844 0.610840
vt 2.089844 0.881409
vt 2.089844 0.888977
vt 2.091797 0.619141
vt 2.093750 0.610352
vt 2.111328 0.609375
vt 2.119141 0.614990
vt 2.117188 0.618652
vt 2.117188 0.881104
vt 2.091797 0.880676
vt 2.119141 0.884766
vt 2.093750 0.889526
vt 2.111328 0.890198
vt 1.579102 1.813965
vt 1.567383 1.825684
vt 1.565430 1.820801
vt 1.580078 1.807129
vt 1.548828 1.825195
vt 1.547852 1.690430
vt 1.580078 1.690430
vt 1.576172 1.685547
vt 1.547852 1.685547
vt 1.549805 1.820801
vt 1.537109 1.825195
vt 1.535156 1.690430
vt 1.535156 1.685547
vt 1.537109 1.820801
vt 1.496094 1.825195
vt 1.495117 1.689941
vt 1.495117 1.685547
vt 1.496094 1.820312
vt 1.483398 1.824707
vt 1.483398 1.689941
vt 1.483398 1.685059
vt 1.455078 1.685059
vt 1.451172 1.689941
vt 1.451172 1.806641
vt 1.483398 1.820312
vt 1.465820 1.820312
vt 1.452148 1.813965
vt 1.464844 1.824707
vt 1.919922 1.860840
vt 1.908203 1.872070
vt 1.906250 1.867676
vt 1.920898 1.854004
vt 1.889648 1.872070
vt 1.888672 1.701172
vt 1.920898 1.700684
vt 1.916992 1.695801
vt 1.888672 1.696289
vt 1.875977 1.696289
vt 1.890625 1.867676
vt 1.877930 1.867188
vt 1.877930 1.872070
vt 1.875977 1.701172
vt 1.835938 1.695801
vt 1.836914 1.867188
vt 1.836914 1.872070
vt 1.835938 1.700684
vt 1.824219 1.695801
vt 1.824219 1.867188
vt 1.824219 1.871582
vt 1.824219 1.700684
vt 1.795898 1.695801
vt 1.791992 1.700684
vt 1.791992 1.853516
vt 1.806641 1.867188
vt 1.805664 1.871582
vt 1.792969 1.860840
vt 2.164062 1.779297
vt 2.152344 1.790527
vt 2.150391 1.785645
vt 2.166016 1.771973
vt 2.134766 1.790527
vt 2.132812 1.583984
vt 2.166016 1.583496
vt 2.162109 1.578613
vt 2.132812 1.579102
vt 2.121094 1.578613
vt 2.134766 1.785645
vt 2.123047 1.785645
vt 2.123047 1.790527
vt 2.121094 1.583984
vt 2.080078 1.578613
vt 2.082031 1.785645
vt 2.082031 1.790527
vt 2.080078 1.583496
vt 2.068359 1.578613
vt 2.068359 1.785156
vt 2.068359 1.790039
vt 2.068359 1.583496
vt 2.041016 1.578613
vt 2.037109 1.583496
vt 2.037109 1.771973
vt 2.050781 1.785645
vt 2.050781 1.790039
vt 2.037109 1.779297
vt 1.515625 1.427734
vt 1.503906 1.438965
vt 1.501953 1.434326
vt 1.516602 1.420654
vt 1.485352 1.439209
vt 1.483398 1.232422
vt 1.515625 1.232300
vt 1.511719 1.227295
vt 1.483398 1.227661
vt 1.471680 1.227539
vt 1.485352 1.434326
vt 1.473633 1.434326
vt 1.472656 1.438965
vt 1.471680 1.232422
vt 1.430664 1.227417
vt 1.431641 1.434082
vt 1.431641 1.438965
vt 1.430664 1.232178
vt 1.418945 1.227295
vt 1.418945 1.433838
vt 1.418945 1.438721
vt 1.418945 1.232056
vt 1.390625 1.227173
vt 1.387695 1.232056
vt 1.386719 1.420654
vt 1.402344 1.434082
vt 1.400391 1.438721
vt 1.388672 1.427734
vt 2.195312 1.834473
vt 2.195312 1.837402
vt 2.193359 1.836914
vt 2.195312 2.013672
vt 2.099609 1.834473
vt 2.193359 2.013672
vt 2.195312 2.016602
vt 2.105469 2.013672
vt 2.105469 2.016602
vt 2.103516 2.015625
vt 2.105469 1.836914
vt 2.103516 1.837402
vt 2.097656 1.837891
vt 2.097656 2.015625
vt 2.095703 1.836914
vt 2.003906 1.834473
vt 2.095703 2.013672
vt 2.095703 2.016602
vt 2.007812 1.836914
vt 2.003906 1.836914
vt 2.007812 2.013672
vt 2.003906 2.016602
vt 2.003906 2.013672
vt 1.414062 2.409180
vt 1.415039 2.415039
vt 1.383789 2.415039
vt 1.377930 2.412109
vt 1.384766 2.416016
vt 1.415039 2.421875
vt 1.376953 2.424805
vt 1.384766 2.420898
vt 1.383789 2.421875
vt 1.414062 2.427734
vt 1.376953 2.355469
vt 1.413086 2.358398
vt 1.407227 2.361328
vt 1.375977 2.361328
vt 1.406250 2.362305
vt 1.414062 2.371094
vt 1.375977 2.368164
vt 1.406250 2.367188
vt 1.407227 2.369141
vt 1.376953 2.374023
vt 0.530273 2.387695
vt 0.493896 2.390625
vt 0.500000 2.393555
vt 0.530762 2.393555
vt 0.500977 2.394531
vt 0.493164 2.403320
vt 0.530762 2.400391
vt 0.500488 2.399414
vt 0.500000 2.400391
vt 0.530273 2.406250
vt 1.099609 2.302734
vt 1.099609 2.308594
vt 1.129883 2.307617
vt 1.136719 2.305664
vt 1.128906 2.309570
vt 1.099609 2.315430
vt 1.136719 2.318359
vt 1.129883 2.314453
vt 1.129883 2.315430
vt 1.099609 2.321289
vt 0.168091 2.430664
vt 0.168701 2.435547
vt 0.138062 2.435547
vt 0.131592 2.433594
vt 0.138916 2.437500
vt 0.168823 2.443359
vt 0.131104 2.445312
vt 0.138672 2.442383
vt 0.138062 2.443359
vt 0.168091 2.449219
vt 1.915039 2.409180
vt 1.915039 2.415039
vt 1.884766 2.415039
vt 1.877930 2.412109
vt 1.885742 2.416016
vt 1.915039 2.421875
vt 1.877930 2.424805
vt 1.885742 2.420898
vt 1.884766 2.421875
vt 1.915039 2.427734
vt 1.211914 2.302734
vt 1.211914 2.308594
vt 1.181641 2.307617
vt 1.174805 2.305664
vt 1.182617 2.309570
vt 1.211914 2.315430
vt 1.174805 2.318359
vt 1.182617 2.314453
vt 1.181641 2.315430
vt 1.211914 2.321289
vt 2.009766 2.430664
vt 2.009766 2.435547
vt 1.980469 2.435547
vt 1.974609 2.433594
vt 1.981445 2.437500
vt 2.011719 2.443359
vt 1.973633 2.445312
vt 1.981445 2.442383
vt 1.980469 2.443359
vt 2.009766 2.449219
vt 1.808594 2.430664
vt 1.808594 2.435547
vt 1.778320 2.435547
vt 1.771484 2.433594
vt 1.779297 2.437500
vt 1.808594 2.443359
vt 1.771484 2.445312
vt 1.778320 2.442383
vt 1.778320 2.443359
vt 1.808594 2.449219
vt 1.153320 2.355469
vt 1.189453 2.358398
vt 1.183594 2.361328
vt 1.152344 2.361328
vt 1.182617 2.362305
vt 1.190430 2.371094
vt 1.152344 2.368164
vt 1.182617 2.367188
vt 1.183594 2.369141
vt 1.153320 2.374023
vt 1.324219 2.302734
vt 1.360352 2.305664
vt 1.353516 2.307617
vt 1.323242 2.308594
vt 1.352539 2.309570
vt 1.360352 2.318359
vt 1.323242 2.315430
vt 1.353516 2.314453
vt 1.353516 2.315430
vt 1.324219 2.321289
vt 1.547852 2.302734
vt 1.583984 2.305664
vt 1.577148 2.307617
vt 1.546875 2.308594
vt 1.576172 2.309570
vt 1.583984 2.318359
vt 1.546875 2.315430
vt 1.577148 2.314453
vt 1.577148 2.315430
vt 1.547852 2.321289
vt 1.611328 2.387695
vt 1.647461 2.390625
vt 1.641602 2.393555
vt 1.610352 2.393555
vt 1.640625 2.394531
vt 1.648438 2.403320
vt 1.610352 2.400391
vt 1.640625 2.399414
vt 1.641602 2.400391
vt 1.611328 2.406250
vt 1.398438 2.302734
vt 1.434570 2.305664
vt 1.428711 2.307617
vt 1.397461 2.308594
vt 1.427734 2.309570
vt 1.435547 2.318359
vt 1.397461 2.315430
vt 1.427734 2.314453
vt 1.428711 2.315430
vt 1.398438 2.321289
vt 1.264648 2.366211
vt 1.265625 2.372070
vt 1.235352 2.372070
vt 1.228516 2.369141
vt 1.235352 2.373047
vt 1.265625 2.378906
vt 1.227539 2.381836
vt 1.235352 2.377930
vt 1.235352 2.379883
vt 1.264648 2.384766
vt 1.488281 2.366211
vt 1.489258 2.372070
vt 1.458984 2.372070
vt 1.452148 2.369141
vt 1.458984 2.373047
vt 1.489258 2.378906
vt 1.451172 2.381836
vt 1.458984 2.377930
vt 1.458984 2.379883
vt 1.488281 2.384766
vt 0.455566 2.366211
vt 0.456299 2.372070
vt 0.425537 2.372070
vt 0.419189 2.369141
vt 0.426514 2.373047
vt 0.456299 2.378906
vt 0.418701 2.381836
vt 0.426270 2.377930
vt 0.425537 2.379883
vt 0.455566 2.384766
vt 1.339844 2.366211
vt 1.339844 2.372070
vt 1.309570 2.372070
vt 1.302734 2.369141
vt 1.310547 2.373047
vt 1.339844 2.378906
vt 1.302734 2.381836
vt 1.309570 2.377930
vt 1.309570 2.379883
vt 1.339844 2.384766
vt 1.563477 2.409180
vt 1.563477 2.415039
vt 1.533203 2.415039
vt 1.526367 2.412109
vt 1.534180 2.416016
vt 1.563477 2.421875
vt 1.526367 2.424805
vt 1.534180 2.420898
vt 1.533203 2.421875
vt 1.563477 2.427734
vt 1.451172 2.419922
vt 1.488281 2.422852
vt 1.481445 2.424805
vt 1.451172 2.425781
vt 1.480469 2.426758
vt 1.488281 2.435547
vt 1.451172 2.432617
vt 1.481445 2.431641
vt 1.481445 2.432617
vt 1.451172 2.438477
vt 1.472656 2.302734
vt 1.509766 2.305664
vt 1.502930 2.307617
vt 1.472656 2.308594
vt 1.501953 2.309570
vt 1.509766 2.318359
vt 1.472656 2.315430
vt 1.501953 2.314453
vt 1.502930 2.315430
vt 1.472656 2.321289
vt 1.685547 2.398438
vt 1.722656 2.401367
vt 1.715820 2.404297
vt 1.685547 2.404297
vt 1.714844 2.405273
vt 1.722656 2.414062
vt 1.685547 2.411133
vt 1.715820 2.410156
vt 1.715820 2.411133
vt 1.685547 2.416992
vt 1.526367 2.355469
vt 1.562500 2.358398
vt 1.556641 2.361328
vt 1.525391 2.361328
vt 1.555664 2.362305
vt 1.563477 2.371094
vt 1.525391 2.368164
vt 1.555664 2.367188
vt 1.556641 2.369141
vt 1.526367 2.374023
vt 1.249023 2.302734
vt 1.285156 2.305664
vt 1.279297 2.307617
vt 1.249023 2.308594
vt 1.278320 2.309570
vt 1.286133 2.318359
vt 1.248047 2.315430
vt 1.278320 2.314453
vt 1.279297 2.315430
vt 1.249023 2.321289
vt 0.317139 2.409180
vt 0.317871 2.415039
vt 0.287109 2.415039
vt 0.280762 2.412109
vt 0.288086 2.416016
vt 0.317871 2.421875
vt 0.280273 2.424805
vt 0.287842 2.420898
vt 0.287109 2.421875
vt 0.317139 2.427734
vt 1.622070 2.324219
vt 1.658203 2.327148
vt 1.652344 2.329102
vt 1.621094 2.329102
vt 1.651367 2.331055
vt 1.659180 2.338867
vt 1.621094 2.336914
vt 1.651367 2.335938
vt 1.652344 2.336914
vt 1.622070 2.342773
vt 0.642090 2.387695
vt 0.678711 2.390625
vt 0.672363 2.393555
vt 0.641602 2.393555
vt 0.671387 2.394531
vt 0.679199 2.403320
vt 0.641602 2.400391
vt 0.671875 2.399414
vt 0.672363 2.401367
vt 0.642090 2.406250
vt 0.604492 2.387695
vt 0.605469 2.393555
vt 0.574707 2.393555
vt 0.568359 2.390625
vt 0.575684 2.394531
vt 0.605469 2.400391
vt 0.567871 2.403320
vt 0.575195 2.399414
vt 0.574707 2.401367
vt 0.604492 2.406250
vt 2.197266 2.062500
vt 2.203125 2.059570
vt 2.210938 2.067383
vt 2.199219 2.057617
vt 2.208984 2.071289
vt 2.212891 2.072266
vt 2.083984 2.062500
vt 2.083984 2.057617
vt 2.212891 2.134766
vt 2.078125 2.059570
vt 2.207031 2.138672
vt 2.210938 2.141602
vt 2.167969 2.184570
vt 2.072266 2.071289
vt 2.070312 2.067383
vt 2.068359 2.072266
vt 2.164062 2.181641
vt 2.162109 2.186523
vt 2.121094 2.186523
vt 2.072266 2.135742
vt 2.068359 2.134766
vt 2.070312 2.140625
vt 2.117188 2.180664
vt 2.113281 2.183594
vt 1.784180 1.960938
vt 1.781250 1.957520
vt 1.785156 1.957031
vt 1.781250 1.912109
vt 1.921875 1.957031
vt 1.922852 1.960938
vt 1.925781 1.957520
vt 1.785156 1.912598
vt 1.784180 1.908691
vt 1.922852 1.908691
vt 1.921875 1.912598
vt 1.925781 1.912109
vt 1.116211 2.437500
vt 1.105469 2.431641
vt 1.116211 2.433594
vt 1.112305 2.450195
vt 1.102539 2.446289
vt 1.099609 2.440430
vt 1.759766 2.003906
vt 1.769531 2.002930
vt 1.771484 2.007812
vt 1.759766 2.025391
vt 1.771484 2.020508
vt 1.769531 2.037109
vt 1.759766 2.050781
vt 1.769531 2.054688
vt 1.759766 2.070312
vt 1.769531 2.069336
vt 1.769531 2.083008
vt 1.759766 2.087891
vt 1.769531 2.099609
vt 1.759766 2.101562
vt 1.403320 1.631836
vt 1.396484 1.631836
vt 1.397461 1.618164
vt 1.405273 1.604980
vt 1.398438 1.601074
vt 1.404297 1.566895
vt 1.397461 1.579102
vt 1.397461 1.550293
vt 1.397461 1.562988
vt 1.404297 1.522949
vt 1.397461 1.531250
vt 1.398438 1.506348
vt 1.404297 1.483398
vt 1.396484 1.483643
vt 0.822754 2.014648
vt 0.834961 2.014648
vt 0.835449 2.030273
vt 0.822754 2.033203
vt 0.833984 2.046875
vt 0.822754 2.060547
vt 0.834961 2.062500
vt 0.833984 2.084961
vt 0.822754 2.086914
vt 0.835449 2.105469
vt 0.822754 2.107422
vt 0.834961 2.122070
vt 0.822754 2.123047
vt 1.802734 2.003906
vt 1.813477 2.003906
vt 1.815430 2.019531
vt 1.802734 2.030273
vt 1.813477 2.037109
vt 1.814453 2.052734
vt 1.802734 2.054688
vt 1.814453 2.073242
vt 1.802734 2.075195
vt 1.815430 2.089844
vt 1.802734 2.095703
vt 1.815430 2.103516
vt 1.813477 2.112305
vt 1.802734 2.112305
vt 0.758789 2.100586
vt 0.770020 2.100586
vt 0.771484 2.115234
vt 0.758789 2.125977
vt 0.770020 2.132812
vt 0.770508 2.148438
vt 0.758789 2.150391
vt 0.770996 2.168945
vt 0.758789 2.170898
vt 0.771484 2.185547
vt 0.758789 2.191406
vt 0.771484 2.200195
vt 0.770020 2.208008
vt 0.758789 2.208008
vt 1.862305 0.675293
vt 1.877930 0.675293
vt 1.877930 0.686523
vt 1.861328 0.692871
vt 1.877930 0.702881
vt 1.862305 0.715088
vt 1.878906 0.725098
vt 1.861328 0.737305
vt 1.877930 0.747559
vt 1.862305 0.753540
vt 1.878906 0.769165
vt 1.861328 0.771240
vt 1.877930 0.787109
vt 1.861328 0.786987
vt 1.877930 0.798340
vt 1.862305 0.798340
vt 0.880859 2.102539
vt 0.874512 2.103516
vt 0.874512 2.092773
vt 0.880371 2.090820
vt 0.875000 2.082031
vt 0.880371 2.078125
vt 0.874512 2.068359
vt 0.879883 2.066406
vt 0.874512 2.054688
vt 0.880859 2.049805
vt 0.875000 2.042969
vt 0.880859 2.039062
vt 0.874512 2.031250
vt 0.879883 2.027344
vt 0.874512 2.015625
vt 0.880859 2.013672
vt 0.320557 2.281250
vt 0.326416 2.281250
vt 0.326660 2.293945
vt 0.320557 2.293945
vt 0.326904 2.305664
vt 0.321289 2.305664
vt 0.325928 2.317383
vt 0.320801 2.319336
vt 0.326416 2.329102
vt 0.320557 2.333008
vt 0.326416 2.341797
vt 0.320801 2.345703
vt 0.326172 2.357422
vt 0.321289 2.358398
vt 0.326416 2.369141
vt 0.320557 2.369141
vt 1.556641 1.227173
vt 1.579102 1.227051
vt 1.579102 1.242920
vt 1.557617 1.243408
vt 1.578125 1.267822
vt 1.557617 1.267822
vt 1.578125 1.292236
vt 1.556641 1.292725
vt 1.579102 1.308594
vt 1.556641 1.308594
vt 1.579102 1.324707
vt 1.557617 1.333496
vt 1.579102 1.340088
vt 1.579102 1.359131
vt 1.557617 1.357666
vt 1.556641 1.374756
vt 1.578125 1.390137
vt 1.556641 1.390625
vt 1.579102 1.406494
vt 1.556641 1.406494
vt 1.209961 2.226562
vt 1.211914 2.241211
vt 1.193359 2.216797
vt 1.201172 2.254883
vt 1.177734 2.226562
vt 1.186523 2.251953
vt 1.173828 2.238281
vt 1.181641 2.252930
vt 1.105469 1.706055
vt 1.099609 1.706055
vt 1.097656 1.693848
vt 1.106445 1.689941
vt 1.098633 1.679688
vt 1.105469 1.673828
vt 1.097656 1.660156
vt 1.105469 1.658203
vt 1.097656 1.641602
vt 1.106445 1.638184
vt 1.097656 1.626953
vt 1.105469 1.621094
vt 1.097656 1.609375
vt 1.105469 1.605469
vt 1.099609 1.589355
vt 1.105469 1.589355
vt 1.233398 1.707031
vt 1.226562 1.705566
vt 1.226562 1.688477
vt 1.233398 1.689453
vt 1.225586 1.669922
vt 1.233398 1.669434
vt 1.225586 1.652344
vt 1.233398 1.649414
vt 1.226562 1.637695
vt 1.233398 1.631836
vt 1.225586 1.618164
vt 1.233398 1.615723
vt 1.225586 1.599609
vt 1.233398 1.599609
vt 1.226562 1.587402
vt 1.233398 1.589355
vt 0.984863 2.136719
vt 0.990234 2.148438
vt 0.984375 2.158203
vt 0.973145 2.132812
vt 0.972168 2.161133
vt 0.962402 2.140625
vt 0.963379 2.154297
vt 0.974609 1.817383
vt 0.979492 1.828613
vt 0.974121 1.837891
vt 0.960449 1.814453
vt 0.960938 1.841309
vt 0.952637 1.820801
vt 0.951172 1.831543
vt 0.918457 2.046875
vt 0.924316 2.046875
vt 0.923828 2.059570
vt 0.917969 2.061523
vt 0.924316 2.073242
vt 0.918945 2.075195
vt 0.924316 2.086914
vt 0.917969 2.086914
vt 0.923828 2.097656
vt 0.918457 2.096680
vt 0.924316 2.109375
vt 0.917480 2.110352
vt 0.924316 2.122070
vt 0.918945 2.122070
vt 0.924316 2.133789
vt 0.918457 2.134766
vt 1.609375 1.397461
vt 1.631836 1.397461
vt 1.631836 1.413330
vt 1.610352 1.413818
vt 1.630859 1.438232
vt 1.609375 1.445068
vt 1.630859 1.462646
vt 1.609375 1.464600
vt 1.631836 1.479004
vt 1.609375 1.479492
vt 1.631836 1.494873
vt 1.609375 1.495361
vt 1.631836 1.510254
vt 1.610352 1.511719
vt 1.632812 1.529785
vt 1.610352 1.527832
vt 1.609375 1.544434
vt 1.630859 1.560547
vt 1.609375 1.560547
vt 1.631836 1.576660
vt 1.609375 1.576660
vt 1.482422 2.246094
vt 1.489258 2.233398
vt 1.490234 2.263672
vt 1.505859 2.228516
vt 1.508789 2.264648
vt 1.516602 2.239258
vt 1.517578 2.257812
vt 1.520508 2.240234
vt 1.940430 2.036133
vt 1.947266 2.036133
vt 1.948242 2.046875
vt 1.940430 2.046875
vt 1.949219 2.061523
vt 1.941406 2.063477
vt 1.949219 2.078125
vt 1.940430 2.083984
vt 1.948242 2.094727
vt 1.940430 2.105469
vt 1.948242 2.114258
vt 1.940430 2.121094
vt 1.948242 2.133789
vt 1.941406 2.136719
vt 1.947266 2.153320
vt 1.940430 2.153320
vt 1.355469 1.578613
vt 1.362305 1.579590
vt 1.362305 1.596680
vt 1.355469 1.595703
vt 1.363281 1.615234
vt 1.355469 1.616211
vt 1.363281 1.632812
vt 1.354492 1.636230
vt 1.362305 1.647461
vt 1.355469 1.653320
vt 1.363281 1.666992
vt 1.355469 1.669434
vt 1.363281 1.685547
vt 1.355469 1.685547
vt 1.362305 1.697754
vt 1.355469 1.696289
vt 0.923340 2.284180
vt 0.916992 2.287109
vt 0.924316 2.266602
vt 0.905273 2.288086
vt 0.911133 2.260742
vt 0.897949 2.278320
vt 0.900391 2.265625
vt 0.973145 2.288086
vt 0.962891 2.281250
vt 0.961914 2.270508
vt 0.984863 2.285156
vt 0.970215 2.260742
vt 0.989258 2.274414
vt 0.984375 2.263672
vt 1.333984 1.418701
vt 1.348633 1.418701
vt 1.348633 1.429932
vt 1.333008 1.436279
vt 1.349609 1.446533
vt 1.333008 1.458496
vt 1.349609 1.468506
vt 1.333008 1.480713
vt 1.349609 1.490967
vt 1.333984 1.497070
vt 1.349609 1.512695
vt 1.333008 1.514648
vt 1.348633 1.530762
vt 1.333008 1.530273
vt 1.348633 1.541992
vt 1.333984 1.541992
vt 0.912598 1.879395
vt 0.906250 1.879883
vt 0.906738 1.869629
vt 0.912109 1.866699
vt 0.907227 1.858398
vt 0.912109 1.854980
vt 0.906250 1.844238
vt 0.911621 1.842773
vt 0.906250 1.830566
vt 0.913086 1.826172
vt 0.907227 1.819824
vt 0.913086 1.815430
vt 0.906250 1.807617
vt 0.912109 1.803711
vt 0.906738 1.792480
vt 0.912598 1.790527
vt 0.278076 2.281250
vt 0.283936 2.281250
vt 0.283936 2.293945
vt 0.278076 2.293945
vt 0.284424 2.305664
vt 0.278564 2.305664
vt 0.283447 2.317383
vt 0.278076 2.319336
vt 0.283936 2.329102
vt 0.278076 2.333008
vt 0.283936 2.341797
vt 0.278320 2.345703
vt 0.283447 2.357422
vt 0.278564 2.358398
vt 0.283936 2.369141
vt 0.278076 2.369141
vt 0.853516 1.791504
vt 0.875977 1.791504
vt 0.875977 1.807129
vt 0.854492 1.807617
vt 0.875000 1.832031
vt 0.854492 1.832520
vt 0.875000 1.856934
vt 0.853516 1.857422
vt 0.875977 1.873047
vt 0.853516 1.873047
vt 0.875977 1.889160
vt 0.854980 1.897949
vt 0.875977 1.904297
vt 0.876465 1.923828
vt 0.854492 1.921875
vt 0.853516 1.939453
vt 0.875000 1.954590
vt 0.853516 1.955078
vt 0.875977 1.971191
vt 0.853516 1.971191
vt 1.285156 2.237305
vt 1.286133 2.251953
vt 1.267578 2.227539
vt 1.275391 2.265625
vt 1.251953 2.237305
vt 1.260742 2.262695
vt 1.249023 2.248047
vt 1.256836 2.263672
vt 1.990234 2.174805
vt 1.983398 2.174805
vt 1.982422 2.162109
vt 1.990234 2.158203
vt 1.982422 2.148438
vt 1.990234 2.142578
vt 1.982422 2.128906
vt 1.989258 2.125977
vt 1.982422 2.110352
vt 1.990234 2.106445
vt 1.982422 2.095703
vt 1.990234 2.089844
vt 1.982422 2.078125
vt 1.989258 2.074219
vt 1.983398 2.057617
vt 1.990234 2.057617
vt 1.148438 1.707031
vt 1.141602 1.705566
vt 1.141602 1.688477
vt 1.147461 1.689453
vt 1.140625 1.669922
vt 1.147461 1.669434
vt 1.140625 1.652344
vt 1.148438 1.649414
vt 1.141602 1.637695
vt 1.148438 1.631836
vt 1.140625 1.618164
vt 1.147461 1.615723
vt 1.140625 1.599609
vt 1.148438 1.599609
vt 1.141602 1.587402
vt 1.148438 1.589355
vt 0.984863 2.072266
vt 0.990234 2.083984
vt 0.984375 2.093750
vt 0.973145 2.068359
vt 0.972168 2.096680
vt 0.962402 2.077148
vt 0.963379 2.089844
vt 0.985352 1.881348
vt 0.990234 1.892090
vt 0.984863 1.901855
vt 0.971191 1.878418
vt 0.971680 1.905273
vt 0.963379 1.884766
vt 0.961914 1.895508
vt 0.918457 1.919434
vt 0.924316 1.918945
vt 0.923828 1.931641
vt 0.917969 1.933594
vt 0.924316 1.945801
vt 0.918945 1.947266
vt 0.924316 1.959473
vt 0.917969 1.959473
vt 0.923828 1.970215
vt 0.918457 1.969238
vt 0.924316 1.981934
vt 0.917480 1.982422
vt 0.924316 1.994141
vt 0.918945 1.994629
vt 0.924316 2.005859
vt 0.918457 2.006836
vt 1.663086 1.440186
vt 1.685547 1.440186
vt 1.685547 1.455811
vt 1.664062 1.456543
vt 1.684570 1.480713
vt 1.662109 1.487549
vt 1.684570 1.505371
vt 1.663086 1.507324
vt 1.685547 1.521484
vt 1.663086 1.521973
vt 1.685547 1.537109
vt 1.663086 1.538086
vt 1.685547 1.552734
vt 1.664062 1.554199
vt 1.685547 1.572266
vt 1.664062 1.570312
vt 1.663086 1.586914
vt 1.684570 1.603027
vt 1.663086 1.603027
vt 1.685547 1.619629
vt 1.663086 1.619629
vt 1.407227 2.246094
vt 1.415039 2.233398
vt 1.416016 2.263672
vt 1.431641 2.228516
vt 1.433594 2.264648
vt 1.442383 2.239258
vt 1.443359 2.257812
vt 1.446289 2.240234
vt 1.898438 2.003906
vt 1.905273 2.003906
vt 1.906250 2.014648
vt 1.898438 2.014648
vt 1.906250 2.030273
vt 1.898438 2.031250
vt 1.906250 2.046875
vt 1.898438 2.052734
vt 1.905273 2.062500
vt 1.898438 2.073242
vt 1.906250 2.082031
vt 1.898438 2.088867
vt 1.905273 2.101562
vt 1.898438 2.105469
vt 1.905273 2.121094
vt 1.898438 2.121094
vt 1.312500 1.578613
vt 1.319336 1.579590
vt 1.319336 1.596680
vt 1.312500 1.595703
vt 1.320312 1.615234
vt 1.312500 1.616211
vt 1.320312 1.632812
vt 1.312500 1.636230
vt 1.319336 1.647461
vt 1.312500 1.653320
vt 1.320312 1.666992
vt 1.312500 1.669434
vt 1.320312 1.685547
vt 1.312500 1.685547
vt 1.319336 1.697754
vt 1.312500 1.696289
vt 0.923340 2.358398
vt 0.916992 2.362305
vt 0.924316 2.341797
vt 0.905273 2.362305
vt 0.911133 2.334961
vt 0.897949 2.352539
vt 0.900391 2.339844
vt 0.973145 2.363281
vt 0.962891 2.356445
vt 0.961914 2.345703
vt 0.984863 2.360352
vt 0.970215 2.334961
vt 0.989258 2.349609
vt 0.984375 2.337891
vt 1.962891 0.675293
vt 1.978516 0.675293
vt 1.978516 0.686523
vt 1.961914 0.692871
vt 1.978516 0.702881
vt 1.962891 0.715088
vt 1.979492 0.725098
vt 1.961914 0.737305
vt 1.978516 0.747559
vt 1.962891 0.753540
vt 1.978516 0.769165
vt 1.961914 0.771240
vt 1.978516 0.787109
vt 1.961914 0.786987
vt 1.978516 0.798340
vt 1.962891 0.798340
vt 0.934082 1.698242
vt 0.927734 1.698730
vt 0.927734 1.688477
vt 0.933594 1.686035
vt 0.928223 1.677246
vt 0.933594 1.673828
vt 0.927734 1.663574
vt 0.933105 1.662109
vt 0.927734 1.649414
vt 0.934082 1.645020
vt 0.928223 1.638672
vt 0.934082 1.634766
vt 0.927734 1.626953
vt 0.933105 1.622559
vt 0.927734 1.611328
vt 0.934082 1.609375
vt 0.363281 2.281250
vt 0.369141 2.281250
vt 0.369141 2.293945
vt 0.363281 2.293945
vt 0.369629 2.305664
vt 0.363770 2.305664
vt 0.368652 2.317383
vt 0.363281 2.319336
vt 0.369141 2.329102
vt 0.363281 2.333008
vt 0.369141 2.341797
vt 0.363525 2.345703
vt 0.368652 2.357422
vt 0.363770 2.358398
vt 0.369141 2.369141
vt 0.363281 2.369141
vt 1.609375 1.173828
vt 1.631836 1.173828
vt 1.631836 1.189697
vt 1.610352 1.190186
vt 1.630859 1.214478
vt 1.610352 1.214722
vt 1.630859 1.239136
vt 1.609375 1.239624
vt 1.631836 1.255371
vt 1.609375 1.255371
vt 1.631836 1.271484
vt 1.611328 1.280273
vt 1.631836 1.286621
vt 1.632812 1.305908
vt 1.610352 1.304199
vt 1.609375 1.321533
vt 1.630859 1.336914
vt 1.609375 1.337402
vt 1.631836 1.353271
vt 1.609375 1.353271
vt 1.359375 2.237305
vt 1.360352 2.251953
vt 1.341797 2.227539
vt 1.349609 2.265625
vt 1.327148 2.237305
vt 1.334961 2.262695
vt 1.323242 2.248047
vt 1.331055 2.263672
vt 2.031250 2.174805
vt 2.025391 2.174805
vt 2.023438 2.162109
vt 2.033203 2.158203
vt 2.025391 2.148438
vt 2.031250 2.142578
vt 2.025391 2.128906
vt 2.031250 2.125977
vt 2.023438 2.110352
vt 2.033203 2.106445
vt 2.023438 2.095703
vt 2.031250 2.089844
vt 2.023438 2.078125
vt 2.031250 2.074219
vt 2.025391 2.057617
vt 2.031250 2.057617
vt 1.191406 1.707031
vt 1.183594 1.705566
vt 1.183594 1.688477
vt 1.190430 1.689453
vt 1.182617 1.669922
vt 1.190430 1.669434
vt 1.183594 1.652344
vt 1.191406 1.649414
vt 1.183594 1.637695
vt 1.191406 1.631836
vt 1.183594 1.618164
vt 1.190430 1.615723
vt 1.182617 1.599609
vt 1.191406 1.599609
vt 1.183594 1.587402
vt 1.191406 1.589355
vt 0.984863 1.944824
vt 0.990234 1.956543
vt 0.984375 1.966309
vt 0.973145 1.940918
vt 0.972168 1.969727
vt 0.962402 1.949219
vt 0.963379 1.962402
vt 0.985352 2.008789
vt 0.990234 2.019531
vt 0.984863 2.029297
vt 0.971191 2.005859
vt 0.971680 2.033203
vt 0.963379 2.011719
vt 0.961914 2.023438
vt 0.993164 1.578613
vt 0.999023 1.578125
vt 0.998535 1.590820
vt 0.992676 1.592773
vt 0.999023 1.604980
vt 0.993652 1.606445
vt 0.999023 1.618652
vt 0.992676 1.618652
vt 0.998535 1.629395
vt 0.993164 1.628418
vt 0.998535 1.641113
vt 0.992188 1.641602
vt 0.999023 1.653320
vt 0.993652 1.653809
vt 0.999023 1.665527
vt 0.993164 1.666016
vt 1.577148 0.907654
vt 1.600586 0.907593
vt 1.600586 0.923401
vt 1.579102 0.923950
vt 1.598633 0.948273
vt 1.577148 0.955078
vt 1.598633 0.972870
vt 1.577148 0.974716
vt 1.600586 0.989120
vt 1.578125 0.989685
vt 1.600586 1.004951
vt 1.577148 1.005466
vt 1.600586 1.020218
vt 1.579102 1.021790
vt 1.600586 1.039764
vt 1.579102 1.038086
vt 1.578125 1.054443
vt 1.598633 1.070679
vt 1.577148 1.070740
vt 1.600586 1.086975
vt 1.577148 1.087036
vt 1.556641 2.246094
vt 1.564453 2.233398
vt 1.564453 2.263672
vt 1.581055 2.228516
vt 1.583008 2.264648
vt 1.590820 2.239258
vt 1.592773 2.257812
vt 1.595703 2.240234
vt 1.855469 2.003906
vt 1.862305 2.003906
vt 1.863281 2.014648
vt 1.855469 2.014648
vt 1.863281 2.030273
vt 1.856445 2.031250
vt 1.864258 2.046875
vt 1.855469 2.052734
vt 1.863281 2.062500
vt 1.855469 2.073242
vt 1.863281 2.082031
vt 1.855469 2.088867
vt 1.862305 2.101562
vt 1.856445 2.105469
vt 1.862305 2.121094
vt 1.855469 2.121094
vt 1.269531 1.589355
vt 1.277344 1.590332
vt 1.276367 1.607422
vt 1.270508 1.606445
vt 1.278320 1.625977
vt 1.270508 1.626465
vt 1.277344 1.643555
vt 1.269531 1.646484
vt 1.277344 1.658203
vt 1.269531 1.664062
vt 1.277344 1.677734
vt 1.270508 1.680176
vt 1.277344 1.696289
vt 1.269531 1.696289
vt 1.277344 1.708496
vt 1.269531 1.707031
vt 0.944336 2.219727
vt 0.937988 2.223633
vt 0.945801 2.203125
vt 0.926270 2.223633
vt 0.932617 2.197266
vt 0.918945 2.213867
vt 0.921387 2.201172
vt 1.302734 2.448242
vt 1.292969 2.441406
vt 1.291992 2.430664
vt 1.314453 2.445312
vt 1.300781 2.420898
vt 1.319336 2.434570
vt 1.314453 2.422852
vt 0.713867 2.323242
vt 0.705078 2.323242
vt 0.705566 2.313477
vt 0.716309 2.313477
vt 0.724121 2.322266
vt 0.732910 2.313477
vt 0.733398 2.322266
vt 0.740723 2.323242
vt 0.749512 2.313477
vt 0.750488 2.323242
vt 0.757812 2.323242
vt 0.758301 2.313477
vt 0.479004 2.322266
vt 0.469727 2.323242
vt 0.479248 2.313477
vt 0.460693 2.313477
vt 0.462158 2.322266
vt 0.451416 2.322266
vt 0.445312 2.313477
vt 0.438477 2.323242
vt 0.429932 2.313477
vt 0.426025 2.322266
vt 0.416748 2.313477
vt 0.417480 2.322266
vt 2.337891 1.642090
vt 2.326172 1.641113
vt 2.337891 1.632324
vt 2.320312 1.632812
vt 2.320312 1.642090
vt 2.310547 1.642090
vt 2.304688 1.632812
vt 2.298828 1.642578
vt 2.289062 1.632812
vt 2.287109 1.642578
vt 2.275391 1.632812
vt 2.275391 1.642578
vt 1.299805 1.973145
vt 1.290039 1.980957
vt 1.290039 1.970703
vt 1.299805 1.990234
vt 1.290039 1.986328
vt 1.291016 1.996094
vt 1.299805 2.000000
vt 1.291016 2.005859
vt 1.299805 2.015625
vt 1.290039 2.016602
vt 1.290039 2.028320
vt 1.299805 2.030273
vt 1.257812 2.058594
vt 1.248047 2.063477
vt 1.248047 2.055664
vt 1.257812 2.074219
vt 1.247070 2.071289
vt 1.248047 2.083008
vt 1.257812 2.090820
vt 1.248047 2.090820
vt 1.248047 2.100586
vt 1.257812 2.102539
vt 1.129883 1.971191
vt 1.129883 1.979492
vt 1.120117 1.973633
vt 1.120117 1.982910
vt 1.129883 1.990234
vt 1.120117 1.993652
vt 1.129883 2.001953
vt 1.120117 2.002930
vt 1.120117 2.010742
vt 1.129883 2.015625
vt 1.120117 2.017578
vt 1.248047 1.969727
vt 1.246094 1.961426
vt 1.256836 1.960449
vt 1.256836 1.972656
vt 1.247070 1.979980
vt 1.256836 1.987305
vt 1.247070 1.993164
vt 1.256836 2.000977
vt 1.248047 2.004883
vt 1.256836 2.018555
vt 1.246094 2.016602
vt 1.290039 2.078125
vt 1.290039 2.067383
vt 1.299805 2.068359
vt 1.299805 2.078125
vt 1.291016 2.083008
vt 1.299805 2.089844
vt 1.288086 2.092773
vt 1.299805 2.101562
vt 1.290039 2.102539
vt 1.290039 2.111328
vt 1.299805 2.112305
vt 1.332031 1.979492
vt 1.333008 1.972656
vt 1.341797 1.971191
vt 1.341797 1.984863
vt 1.331055 1.990234
vt 1.341797 1.997070
vt 1.333008 2.000977
vt 1.341797 2.009766
vt 1.333008 2.005859
vt 1.332031 2.019531
vt 1.342773 2.029297
vt 1.333008 2.029297
vt 1.332031 2.079102
vt 1.333984 2.066406
vt 1.342773 2.067383
vt 1.342773 2.082031
vt 1.332031 2.086914
vt 1.342773 2.097656
vt 1.333008 2.100586
vt 1.333984 2.110352
vt 1.342773 2.111328
vt 0.893066 1.679688
vt 0.885742 1.670898
vt 0.888184 1.663574
vt 0.886719 1.682617
vt 0.892578 1.694824
vt 0.885742 1.695312
vt 0.891602 1.707031
vt 0.886230 1.706543
vt 0.892090 1.719727
vt 0.886230 1.722656
vt 0.892090 1.731934
vt 0.886719 1.739746
vt 0.892578 1.744141
vt 0.888184 1.750977
vt 1.318359 1.754395
vt 1.311523 1.745605
vt 1.314453 1.738281
vt 1.312500 1.757324
vt 1.318359 1.769531
vt 1.311523 1.769531
vt 1.317383 1.781250
vt 1.312500 1.780762
vt 1.318359 1.793945
vt 1.312500 1.797363
vt 1.318359 1.806641
vt 1.312500 1.813965
vt 1.318359 1.818848
vt 1.314453 1.825195
vt 1.361328 1.754395
vt 1.354492 1.745605
vt 1.356445 1.738281
vt 1.355469 1.757324
vt 1.360352 1.769531
vt 1.354492 1.769531
vt 1.360352 1.781250
vt 1.354492 1.780762
vt 1.360352 1.793945
vt 1.354492 1.797363
vt 1.360352 1.806641
vt 1.355469 1.813965
vt 1.361328 1.818848
vt 1.356445 1.825195
vt 2.171875 1.422607
vt 2.173828 1.429443
vt 2.162109 1.418701
vt 2.154297 1.429443
vt 2.160156 1.439209
vt 2.169922 1.437500
vt 1.038086 2.112305
vt 1.025391 2.119141
vt 1.030273 2.111328
vt 1.030273 2.127930
vt 1.038086 2.126953
vt 1.041992 2.120117
vt 2.380859 1.566406
vt 2.349609 1.548340
vt 2.380859 1.548828
vt 2.351562 1.567871
vt 2.328125 1.566895
vt 2.326172 1.548340
vt 2.314453 1.548340
vt 2.314453 1.566895
vt 2.306641 1.568848
vt 2.306641 1.566895
vt 2.279297 1.548828
vt 2.279297 1.566406
vt 2.380859 1.610352
vt 2.349609 1.591797
vt 2.380859 1.592285
vt 2.351562 1.611816
vt 2.328125 1.610840
vt 2.326172 1.592285
vt 2.314453 1.591797
vt 2.314453 1.610352
vt 2.306641 1.612793
vt 2.306641 1.610352
vt 2.279297 1.592773
vt 2.279297 1.610352
vt 1.278320 0.896973
vt 1.278320 0.909119
vt 1.269531 0.897827
vt 1.269531 0.909485
vt 1.269531 0.917542
vt 1.278320 0.926392
vt 1.269531 0.925598
vt 1.269531 0.935913
vt 1.278320 0.943481
vt 1.268555 0.946014
vt 1.269531 0.955444
vt 1.278320 0.954071
vt 0.744629 2.387695
vt 0.736816 2.390625
vt 0.751465 2.374023
vt 0.723145 2.387695
vt 0.741699 2.360352
vt 0.743164 2.358398
vt 0.729980 2.358398
vt 0.715332 2.373047
vt 0.726562 2.356445
vt 0.851074 2.366211
vt 0.843262 2.369141
vt 0.857910 2.352539
vt 0.830078 2.366211
vt 0.848145 2.339844
vt 0.849609 2.336914
vt 0.836426 2.336914
vt 0.821777 2.352539
vt 0.833008 2.334961
vt 1.785156 2.313477
vt 1.782227 2.293945
vt 1.791992 2.284180
vt 1.803711 2.319336
vt 1.808594 2.285156
vt 1.803711 2.281250
vt 1.816406 2.312500
vt 1.818359 2.294922
vt 1.895508 0.675293
vt 1.911133 0.675293
vt 1.912109 0.694580
vt 1.895508 0.686523
vt 1.896484 0.702637
vt 1.911133 0.714111
vt 1.895508 0.718506
vt 1.911133 0.736572
vt 1.895508 0.738281
vt 1.912109 0.757935
vt 1.895508 0.760132
vt 1.912109 0.774658
vt 1.895508 0.779053
vt 1.912109 0.786987
vt 1.911133 0.798340
vt 1.895508 0.798340
vt 1.635742 2.282227
vt 1.632812 2.262695
vt 1.642578 2.251953
vt 1.654297 2.287109
vt 1.660156 2.252930
vt 1.654297 2.249023
vt 1.666992 2.280273
vt 1.668945 2.262695
vt 1.929688 0.675293
vt 1.945312 0.675293
vt 1.945312 0.694580
vt 1.929688 0.686523
vt 1.929688 0.702637
vt 1.945312 0.714111
vt 1.928711 0.718506
vt 1.944336 0.736572
vt 1.928711 0.738281
vt 1.945312 0.757935
vt 1.928711 0.760132
vt 1.945312 0.774658
vt 1.928711 0.779053
vt 1.946289 0.786987
vt 1.945312 0.798340
vt 1.929688 0.798340
vt 1.710938 2.282227
vt 1.707031 2.262695
vt 1.716797 2.251953
vt 1.728516 2.287109
vt 1.734375 2.252930
vt 1.729492 2.249023
vt 1.741211 2.280273
vt 1.744141 2.262695
vt 1.397461 1.685059
vt 1.413086 1.685059
vt 1.414062 1.704102
vt 1.397461 1.696289
vt 1.397461 1.712402
vt 1.413086 1.723633
vt 1.396484 1.728516
vt 1.413086 1.746094
vt 1.397461 1.748047
vt 1.414062 1.767578
vt 1.397461 1.770020
vt 1.414062 1.784668
vt 1.396484 1.789062
vt 1.414062 1.796875
vt 1.413086 1.808105
vt 1.397461 1.808105
vt 1.041016 2.426758
vt 1.041016 2.411133
vt 1.044922 2.416016
vt 1.024414 2.417969
vt 1.031250 2.428711
vt 1.032227 2.410156
vt 1.718750 2.323242
vt 1.733398 2.337891
vt 1.730469 2.353516
vt 1.703125 2.330078
vt 1.716797 2.363281
vt 1.700195 2.329102
vt 1.697266 2.340820
vt 1.702148 2.357422
vt 1.696289 2.348633
vt 1.793945 2.355469
vt 1.807617 2.370117
vt 1.804688 2.385742
vt 1.777344 2.362305
vt 1.791016 2.394531
vt 1.774414 2.361328
vt 1.771484 2.373047
vt 1.777344 2.389648
vt 1.770508 2.380859
vt 1.122070 2.216797
vt 1.136719 2.231445
vt 1.133789 2.247070
vt 1.106445 2.223633
vt 1.120117 2.256836
vt 1.103516 2.222656
vt 1.100586 2.234375
vt 1.106445 2.250977
vt 1.099609 2.242188
vt 0.448730 1.196289
vt 0.443115 1.196533
vt 0.440430 1.149048
vt 0.444336 1.123291
vt 0.438965 1.106689
vt 0.454346 1.195923
vt 0.441406 0.987183
vt 0.451416 1.148682
vt 0.457031 1.148438
vt 0.462646 1.195557
vt 0.450195 1.099182
vt 0.447754 0.966736
vt 0.442627 0.946716
vt 0.442383 0.902649
vt 0.452393 0.993973
vt 0.455811 1.095886
vt 0.461426 1.124207
vt 0.470703 1.195557
vt 0.458008 0.992012
vt 0.453857 0.946594
vt 0.447021 0.902466
vt 0.448730 0.208008
vt 0.459473 0.946655
vt 0.453369 0.181152
vt 0.448730 0.172363
vt 0.453125 0.902283
vt 0.447998 0.144531
vt 0.460938 0.902283
vt 0.452637 0.144531
vt 0.444092 0.076172
vt 0.457275 0.184082
vt 0.448242 0.076172
vt 0.443359 0.046875
vt 0.457275 0.144043
vt 0.462158 0.183594
vt 0.447754 0.046875
vt 0.443604 0.013184
vt 0.452637 0.013184
vt 0.453125 0.077637
vt 0.454834 0.046387
vt 0.457031 0.013184
vt 0.457520 0.076660
vt 0.461914 0.144043
vt 0.461914 0.076172
vt 0.461426 0.046875
vt 0.463623 0.014160
vt 0.466309 0.138672
vt 0.466553 0.078613
vt 0.466064 0.047363
vt 0.471191 0.014160
vt 0.470703 0.047363
vt 0.470703 0.074219
vt 0.470947 0.139160
vt 0.475586 0.143066
vt 0.476074 0.172363
vt 0.471191 0.183594
vt 0.475098 0.208496
vt 0.479492 0.903320
vt 0.467041 0.180664
vt 0.475098 0.902954
vt 0.476562 0.947418
vt 0.468750 0.902527
vt 0.470947 0.947052
vt 0.474609 0.987999
vt 0.464111 0.966736
vt 0.468994 0.994522
vt 0.471924 1.106873
vt 0.467041 1.098816
vt 0.473877 1.148315
vt 0.468262 1.148315
vt 0.476318 1.195435
vt 0.223145 1.344482
vt 0.228760 1.344238
vt 0.230957 1.396729
vt 0.225220 1.396729
vt 0.217407 1.344238
vt 0.230957 1.452881
vt 0.219482 1.396729
vt 0.211548 1.344238
vt 0.225220 1.452881
vt 0.224487 1.553711
vt 0.230347 1.553223
vt 0.230713 1.598145
vt 0.219604 1.453125
vt 0.225098 1.598145
vt 0.230957 1.840820
vt 0.218628 1.553711
vt 0.225342 1.862305
vt 0.231567 1.877441
vt 0.231812 1.909180
vt 0.219360 1.598145
vt 0.213867 1.450928
vt 0.213745 1.396973
vt 0.208008 1.396973
vt 0.202881 1.344971
vt 0.212891 1.553223
vt 0.208130 1.452881
vt 0.202271 1.397461
vt 0.194336 1.345459
vt 0.196533 1.397461
vt 0.202515 1.455566
vt 0.196777 1.452637
vt 0.195557 1.553223
vt 0.207031 1.554199
vt 0.201294 1.554199
vt 0.202271 1.599121
vt 0.196411 1.599121
vt 0.208008 1.598633
vt 0.202148 1.841797
vt 0.196411 1.841797
vt 0.207886 1.841797
vt 0.213745 1.598633
vt 0.213501 1.841309
vt 0.219360 1.841309
vt 0.208618 1.891602
vt 0.214355 1.877930
vt 0.220215 1.877441
vt 0.225952 1.909668
vt 0.220215 1.908203
vt 0.223755 1.965332
vt 0.229492 1.967773
vt 0.230103 2.000000
vt 0.214478 1.909180
vt 0.217896 1.966309
vt 0.224365 2.000000
vt 0.230713 2.039062
vt 0.222168 2.039062
vt 0.218628 2.000977
vt 0.213379 2.041016
vt 0.212402 1.967773
vt 0.213013 2.000977
vt 0.207275 2.041016
vt 0.206787 1.963867
vt 0.207275 2.001953
vt 0.201660 2.000977
vt 0.201294 2.041016
vt 0.201050 1.967285
vt 0.195557 2.040039
vt 0.195923 2.000977
vt 0.195435 1.966797
vt 0.202637 1.908203
vt 0.196655 1.907715
vt 0.196899 1.877930
vt 0.202637 1.877930
vt 0.519531 1.133301
vt 0.515137 1.133301
vt 0.516113 1.085938
vt 0.520508 1.056000
vt 0.516113 1.032867
vt 0.523926 1.133423
vt 0.516602 0.936890
vt 0.524902 1.060730
vt 0.521973 0.931335
vt 0.513672 0.886597
vt 0.530273 1.133667
vt 0.519531 0.873169
vt 0.516602 0.828491
vt 0.524902 0.906128
vt 0.529785 1.058044
vt 0.520996 0.788696
vt 0.515625 0.693115
vt 0.525391 0.841797
vt 0.529785 0.907288
vt 0.520996 0.694336
vt 0.514160 0.536133
vt 0.524414 0.768921
vt 0.519043 0.534912
vt 0.515137 0.435547
vt 0.525391 0.621826
vt 0.530273 0.825317
vt 0.529297 0.699707
vt 0.524902 0.469238
vt 0.520020 0.375000
vt 0.515625 0.367188
vt 0.516602 0.319824
vt 0.528320 0.541992
vt 0.520996 0.319824
vt 0.516113 0.248535
vt 0.524902 0.367188
vt 0.529297 0.435547
vt 0.520508 0.263672
vt 0.529297 0.367188
vt 0.520020 0.097656
vt 0.515625 0.100098
vt 0.516113 0.044434
vt 0.525391 0.293945
vt 0.520508 0.044434
vt 0.516602 0.013672
vt 0.524902 0.013184
vt 0.524902 0.099121
vt 0.524902 0.044434
vt 0.529297 0.058594
vt 0.532715 0.013184
vt 0.529785 0.256348
vt 0.534180 0.044434
vt 0.530273 0.319824
vt 0.534180 0.099609
vt 0.538574 0.044922
vt 0.539062 0.013672
vt 0.544922 0.014160
vt 0.542969 0.044922
vt 0.542969 0.100098
vt 0.538574 0.102051
vt 0.543457 0.248535
vt 0.539551 0.292969
vt 0.544434 0.319824
vt 0.542969 0.367188
vt 0.534668 0.258301
vt 0.538086 0.367188
vt 0.542969 0.436035
vt 0.535156 0.319824
vt 0.533691 0.367188
vt 0.538574 0.468750
vt 0.541504 0.536377
vt 0.533691 0.465332
vt 0.539062 0.622070
vt 0.543457 0.693359
vt 0.534668 0.619385
vt 0.537109 0.762329
vt 0.543457 0.828735
vt 0.533203 0.766968
vt 0.539551 0.842041
vt 0.542480 0.886414
vt 0.534180 0.871948
vt 0.539062 0.906311
vt 0.544434 0.936584
vt 0.535645 0.931030
vt 0.534180 1.033630
vt 0.538574 1.060455
vt 0.543457 1.032715
vt 0.543945 1.086365
vt 0.542480 1.134033
vt 0.537598 1.133911
vt 0.534668 1.086243
vt 0.126099 2.053711
vt 0.120544 2.053711
vt 0.119995 1.956543
vt 0.125610 1.967773
vt 0.121765 1.872559
vt 0.131592 2.053711
vt 0.127075 1.845215
vt 0.120117 1.782715
vt 0.131348 1.960938
vt 0.137085 2.053711
vt 0.125610 1.729004
vt 0.119812 1.698730
vt 0.120544 1.647949
vt 0.137207 1.994629
vt 0.142700 2.053711
vt 0.132324 1.835449
vt 0.138672 1.895020
vt 0.143188 1.967773
vt 0.148560 2.053711
vt 0.137329 1.777344
vt 0.148804 1.961914
vt 0.154297 2.053711
vt 0.154663 1.956543
vt 0.143921 1.845703
vt 0.149414 1.839844
vt 0.156006 1.873047
vt 0.154663 1.782715
vt 0.143921 1.729004
vt 0.149658 1.727539
vt 0.155396 1.698730
vt 0.137817 1.670410
vt 0.148926 1.647461
vt 0.154663 1.647461
vt 0.143188 1.647461
vt 0.148804 1.590332
vt 0.154541 1.588379
vt 0.154785 1.485107
vt 0.143066 1.586914
vt 0.148926 1.448730
vt 0.154907 1.431396
vt 0.143311 1.453857
vt 0.137451 1.585938
vt 0.137573 1.480225
vt 0.149414 1.389404
vt 0.155151 1.389404
vt 0.154419 1.344482
vt 0.145874 1.344971
vt 0.143555 1.389648
vt 0.137573 1.345215
vt 0.137695 1.405273
vt 0.132080 1.344971
vt 0.131592 1.453613
vt 0.131836 1.389404
vt 0.126343 1.344482
vt 0.126099 1.389160
vt 0.120667 1.344238
vt 0.120361 1.389160
vt 0.125977 1.453125
vt 0.120239 1.431396
vt 0.120239 1.485107
vt 0.131836 1.587891
vt 0.126343 1.586914
vt 0.120789 1.588379
vt 0.131836 1.647949
vt 0.126221 1.647949
vt 0.131714 1.722656
vt 1.038086 1.988281
vt 1.039062 1.999023
vt 1.035156 1.991699
vt 1.041992 1.984375
vt 1.048828 1.998535
vt 1.050781 2.000000
vt 1.053711 1.988281
vt 1.051758 1.990234
vt 0.957031 1.773438
vt 0.975098 1.750000
vt 0.972168 1.765137
vt 0.942383 1.761230
vt 0.939453 1.762207
vt 0.946777 1.741699
vt 0.961914 1.740723
vt 0.962402 1.738281
vt 1.264648 0.433594
vt 1.263672 0.435059
vt 1.255859 0.437500
vt 1.271484 0.440918
vt 1.269531 0.440430
vt 1.267578 0.450195
vt 1.265625 0.448730
vt 1.255859 0.450684
vt 1.257812 0.449219
vt 1.252930 0.440918
vt 1.458008 2.162109
vt 1.462891 2.157227
vt 1.467773 2.171875
vt 1.446289 2.157227
vt 1.445312 2.153320
vt 1.431641 2.163086
vt 1.437500 2.166992
vt 1.436523 2.178711
vt 1.432617 2.185547
vt 1.444336 2.187500
vt 1.453125 2.193359
vt 1.461914 2.183594
vt 1.467773 2.182617
vt 1.222656 2.182617
vt 1.224609 2.175781
vt 1.234375 2.179688
vt 1.208008 2.173828
vt 1.213867 2.170898
vt 1.211914 2.154297
vt 1.207031 2.151367
vt 1.227539 2.141602
vt 1.228516 2.145508
vt 1.245117 2.153320
vt 1.238281 2.154297
vt 1.241211 2.166992
vt 1.243164 2.172852
vt 1.383789 2.162109
vt 1.388672 2.157227
vt 1.393555 2.171875
vt 1.371094 2.157227
vt 1.370117 2.153320
vt 1.357422 2.163086
vt 1.362305 2.166992
vt 1.361328 2.178711
vt 1.357422 2.185547
vt 1.370117 2.187500
vt 1.378906 2.193359
vt 1.387695 2.183594
vt 1.392578 2.182617
vt 0.221924 2.426758
vt 0.223389 2.420898
vt 0.233398 2.423828
vt 0.207520 2.418945
vt 0.213135 2.416016
vt 0.210571 2.398438
vt 0.206055 2.396484
vt 0.226807 2.386719
vt 0.227173 2.390625
vt 0.243896 2.398438
vt 0.237671 2.399414
vt 0.240112 2.412109
vt 0.242676 2.417969
vt 1.308594 2.162109
vt 1.313477 2.157227
vt 1.319336 2.171875
vt 1.296875 2.157227
vt 1.295898 2.153320
vt 1.282227 2.163086
vt 1.288086 2.166992
vt 1.287109 2.178711
vt 1.283203 2.185547
vt 1.295898 2.187500
vt 1.303711 2.193359
vt 1.312500 2.183594
vt 1.318359 2.182617
vt 1.148438 2.182617
vt 1.149414 2.175781
vt 1.160156 2.179688
vt 1.133789 2.173828
vt 1.139648 2.170898
vt 1.136719 2.154297
vt 1.132812 2.151367
vt 1.153320 2.141602
vt 1.153320 2.145508
vt 1.169922 2.153320
vt 1.164062 2.154297
vt 1.166016 2.166992
vt 1.168945 2.172852
vt 1.508789 2.179688
vt 1.508789 2.186523
vt 1.503906 2.175781
vt 1.505859 2.165039
vt 1.523438 2.194336
vt 1.509766 2.166992
vt 1.519531 2.187500
vt 1.520508 2.153320
vt 1.532227 2.186523
vt 1.520508 2.160156
vt 1.542969 2.183594
vt 1.541016 2.161133
vt 1.539062 2.172852
vt 1.532227 2.162109
vt 1.583008 2.168945
vt 1.583008 2.175781
vt 1.579102 2.165039
vt 1.581055 2.154297
vt 1.597656 2.183594
vt 1.584961 2.156250
vt 1.594727 2.176758
vt 1.594727 2.143555
vt 1.606445 2.175781
vt 1.595703 2.149414
vt 1.617188 2.172852
vt 1.616211 2.150391
vt 1.613281 2.163086
vt 1.607422 2.151367
vt 1.103516 2.083984
vt 1.103516 2.090820
vt 1.099609 2.080078
vt 1.101562 2.068359
vt 1.118164 2.098633
vt 1.105469 2.071289
vt 1.115234 2.091797
vt 1.116211 2.057617
vt 1.126953 2.090820
vt 1.116211 2.063477
vt 1.137695 2.087891
vt 1.136719 2.065430
vt 1.133789 2.077148
vt 1.127930 2.066406
vt 1.612305 2.003906
vt 1.619141 2.000000
vt 1.605469 2.008789
vt 1.588867 2.007812
vt 1.625977 1.985352
vt 1.596680 2.000000
vt 1.575195 1.999023
vt 1.615234 1.989258
vt 1.583008 1.993164
vt 1.612305 1.968750
vt 1.568359 1.984375
vt 1.624023 1.969727
vt 1.578125 1.982910
vt 1.615234 1.958008
vt 1.597656 1.961914
vt 1.578125 1.960449
vt 1.570312 1.967773
vt 1.583008 1.967773
vt 1.595703 1.950195
vt 1.597656 1.953613
vt 1.612305 1.908203
vt 1.619141 1.904785
vt 1.605469 1.913574
vt 1.588867 1.912598
vt 1.625977 1.889648
vt 1.596680 1.904297
vt 1.575195 1.903320
vt 1.615234 1.893066
vt 1.583008 1.896973
vt 1.612305 1.873047
vt 1.568359 1.888672
vt 1.624023 1.874023
vt 1.578125 1.887207
vt 1.615234 1.862305
vt 1.597656 1.866211
vt 1.578125 1.864258
vt 1.570312 1.872070
vt 1.583008 1.872070
vt 1.595703 1.854492
vt 1.597656 1.857422
vt 1.516602 1.918457
vt 1.523438 1.915527
vt 1.508789 1.924316
vt 1.493164 1.923340
vt 1.530273 1.900391
vt 1.500977 1.915039
vt 1.479492 1.914062
vt 1.519531 1.903809
vt 1.487305 1.907715
vt 1.516602 1.883789
vt 1.472656 1.898926
vt 1.528320 1.884766
vt 1.482422 1.897949
vt 1.519531 1.873047
vt 1.501953 1.876465
vt 1.482422 1.875000
vt 1.474609 1.882812
vt 1.487305 1.882812
vt 1.500000 1.865234
vt 1.501953 1.868164
vt 1.168945 1.991699
vt 1.163086 1.990723
vt 1.175781 1.975098
vt 1.168945 2.015625
vt 1.188477 1.973633
vt 1.173828 2.010742
vt 1.192383 2.020508
vt 1.175781 1.987793
vt 1.173828 2.000000
vt 1.191406 1.982910
vt 1.180664 2.010742
vt 1.198242 1.984863
vt 1.197266 2.010742
vt 1.205078 1.978027
vt 1.205078 2.013672
vt 1.204102 1.996582
vt 1.214844 1.999023
vt 0.837402 2.250977
vt 0.838867 2.255859
vt 0.828125 2.263672
vt 0.853516 2.256836
vt 0.824707 2.260742
vt 0.853027 2.250977
vt 0.827637 2.275391
vt 0.863770 2.268555
vt 0.822754 2.272461
vt 0.856934 2.272461
vt 0.833008 2.289062
vt 0.852539 2.288086
vt 0.837891 2.285156
vt 0.850586 2.282227
vt 1.188477 2.069336
vt 1.190430 2.074219
vt 1.179688 2.082031
vt 1.205078 2.076172
vt 1.175781 2.080078
vt 1.204102 2.070312
vt 1.178711 2.093750
vt 1.214844 2.087891
vt 1.173828 2.090820
vt 1.208008 2.090820
vt 1.184570 2.107422
vt 1.204102 2.106445
vt 1.189453 2.104492
vt 1.202148 2.101562
vt 1.667969 2.166016
vt 1.669922 2.170898
vt 1.659180 2.177734
vt 1.684570 2.171875
vt 1.655273 2.175781
vt 1.683594 2.166016
vt 1.658203 2.189453
vt 1.694336 2.183594
vt 1.653320 2.187500
vt 1.687500 2.186523
vt 1.664062 2.203125
vt 1.683594 2.203125
vt 1.668945 2.200195
vt 1.681641 2.197266
vt 1.036133 1.636719
vt 1.037109 1.625000
vt 1.037109 1.633301
vt 1.044922 1.639648
vt 1.041992 1.623535
vt 1.044922 1.638184
vt 1.043945 1.621094
vt 1.053711 1.633789
vt 1.050781 1.625977
vt 1.051758 1.633301
vt 1.051758 1.624023
vt 1.327148 1.898926
vt 1.333008 1.888672
vt 1.337891 1.903809
vt 1.334961 1.919434
vt 1.315430 1.887695
vt 1.326172 1.914551
vt 1.318359 1.879883
vt 1.299805 1.889160
vt 1.319336 1.877930
vt 1.322266 1.929688
vt 1.323242 1.931152
vt 1.312500 1.924316
vt 1.298828 1.934570
vt 1.300781 1.932129
vt 1.293945 1.917480
vt 1.282227 1.915039
vt 1.281250 1.899414
vt 1.291016 1.901855
vt 1.297852 1.879883
vt 1.294922 1.878906
vt 1.420898 1.883301
vt 1.422852 1.872559
vt 1.432617 1.884766
vt 1.433594 1.900879
vt 1.406250 1.876953
vt 1.423828 1.898926
vt 1.406250 1.868164
vt 1.396484 1.879395
vt 1.404297 1.865234
vt 1.425781 1.914062
vt 1.426758 1.915527
vt 1.414062 1.912598
vt 1.404297 1.925781
vt 1.405273 1.923340
vt 1.394531 1.911621
vt 1.382812 1.913086
vt 1.376953 1.898438
vt 1.385742 1.893555
vt 1.386719 1.874512
vt 1.378906 1.882324
vt 1.385742 2.087891
vt 1.377930 2.094727
vt 1.376953 2.079102
vt 1.384766 2.065430
vt 1.393555 2.101562
vt 1.391602 2.073242
vt 1.388672 2.108398
vt 1.403320 2.105469
vt 1.388672 2.112305
vt 1.399414 2.059570
vt 1.399414 2.057617
vt 1.408203 2.067383
vt 1.423828 2.062500
vt 1.420898 2.064453
vt 1.422852 2.080078
vt 1.433594 2.084961
vt 1.429688 2.100586
vt 1.419922 2.099609
vt 1.408203 2.114258
vt 1.418945 2.112305
vt 1.231445 1.898926
vt 1.237305 1.888672
vt 1.242188 1.903809
vt 1.239258 1.919434
vt 1.219727 1.887695
vt 1.230469 1.914551
vt 1.222656 1.879883
vt 1.204102 1.889160
vt 1.223633 1.877930
vt 1.226562 1.929688
vt 1.227539 1.931152
vt 1.216797 1.924316
vt 1.203125 1.934570
vt 1.205078 1.932129
vt 1.198242 1.917480
vt 1.186523 1.915039
vt 1.185547 1.899414
vt 1.195312 1.901855
vt 1.202148 1.879883
vt 1.199219 1.878906
vt 1.516602 1.979492
vt 1.519531 1.968750
vt 1.528320 1.980957
vt 1.530273 1.996582
vt 1.501953 1.972656
vt 1.520508 1.994629
vt 1.502930 1.964355
vt 1.492188 1.975098
vt 1.500977 1.960938
vt 1.521484 2.009766
vt 1.523438 2.011719
vt 1.509766 2.008789
vt 1.500000 2.021484
vt 1.500977 2.018555
vt 1.490234 2.006836
vt 1.478516 2.008789
vt 1.472656 1.994629
vt 1.481445 1.989258
vt 1.483398 1.970215
vt 1.475586 1.978027
vt 1.097656 1.906738
vt 1.089844 1.914062
vt 1.089844 1.898438
vt 1.097656 1.885254
vt 1.105469 1.920410
vt 1.104492 1.892090
vt 1.100586 1.927246
vt 1.116211 1.924316
vt 1.100586 1.931152
vt 1.112305 1.878906
vt 1.111328 1.876953
vt 1.120117 1.886719
vt 1.135742 1.881348
vt 1.133789 1.883301
vt 1.135742 1.898926
vt 1.146484 1.904297
vt 1.142578 1.919922
vt 1.131836 1.918945
vt 1.120117 1.933594
vt 1.130859 1.931641
vt 1.422852 1.983887
vt 1.428711 1.974121
vt 1.433594 1.989258
vt 1.430664 2.003906
vt 1.412109 1.973145
vt 1.421875 1.999512
vt 1.415039 1.965332
vt 1.396484 1.974121
vt 1.415039 1.962891
vt 1.417969 2.014648
vt 1.419922 2.016602
vt 1.408203 2.009766
vt 1.394531 2.019531
vt 1.396484 2.016602
vt 1.389648 2.001953
vt 1.377930 2.000000
vt 1.376953 1.984863
vt 1.386719 1.986816
vt 1.393555 1.964844
vt 1.390625 1.964355
vt 1.612305 2.064453
vt 1.615234 2.053711
vt 1.624023 2.065430
vt 1.625977 2.082031
vt 1.597656 2.057617
vt 1.616211 2.080078
vt 1.598633 2.048828
vt 1.587891 2.060547
vt 1.596680 2.045898
vt 1.617188 2.094727
vt 1.619141 2.096680
vt 1.606445 2.093750
vt 1.595703 2.106445
vt 1.596680 2.104492
vt 1.585938 2.092773
vt 1.574219 2.093750
vt 1.568359 2.079102
vt 1.578125 2.074219
vt 1.579102 2.055664
vt 1.571289 2.063477
vt 1.481445 2.087891
vt 1.473633 2.094727
vt 1.472656 2.079102
vt 1.480469 2.065430
vt 1.489258 2.101562
vt 1.487305 2.073242
vt 1.484375 2.108398
vt 1.499023 2.105469
vt 1.484375 2.112305
vt 1.495117 2.059570
vt 1.495117 2.057617
vt 1.503906 2.067383
vt 1.519531 2.062500
vt 1.517578 2.064453
vt 1.519531 2.080078
vt 1.529297 2.084961
vt 1.526367 2.100586
vt 1.515625 2.099609
vt 1.503906 2.114258
vt 1.514648 2.112305
vt 0.398193 0.013184
vt 0.398438 1.306396
vt 0.390137 1.305664
vt 0.390137 0.013184
vt 0.382324 1.306396
vt 0.381836 0.013184
vt 0.373779 1.305664
vt 0.373779 0.013184
vt 0.365967 1.306396
vt 0.365479 0.013184
vt 0.357178 1.305664
vt 0.357178 0.013184
vt 0.349609 1.306396
vt 0.349121 0.013184
vt 0.340820 1.305664
vt 0.340820 0.013184
vt 0.332764 1.306396
vt 0.332764 0.013184
vt 1.857422 2.164062
vt 1.857422 2.246094
vt 1.851562 2.246094
vt 1.851562 2.164062
vt 1.845703 2.246094
vt 1.845703 2.164062
vt 1.840820 2.246094
vt 1.840820 2.164062
vt 1.834961 2.246094
vt 1.834961 2.164062
vt 1.829102 2.246094
vt 1.829102 2.164062
vt 1.823242 2.246094
vt 1.823242 2.164062
vt 0.078735 0.012207
vt 0.078796 2.066406
vt 0.070801 2.066406
vt 0.070557 0.013184
vt 0.062439 2.066406
vt 0.062408 0.013184
vt 0.054199 2.066406
vt 0.054199 0.013184
vt 0.045959 2.066406
vt 0.046082 0.012207
vt 0.037811 2.066406
vt 0.037811 0.013184
vt 0.029800 2.066406
vt 0.029633 0.013184
vt 0.021393 2.066406
vt 0.021439 0.013184
vt 0.013245 2.066406
vt 0.013222 0.012207
vt 1.033203 1.746582
vt 1.025391 1.749512
vt 1.036133 1.739258
vt 1.017578 1.746094
vt 1.033203 1.731445
vt 1.017578 1.731445
vt 1.013672 1.738770
vt 1.025391 1.727539
vt 1.419922 0.896973
vt 1.419922 1.182373
vt 1.410156 1.183350
vt 1.410156 0.896973
vt 1.401367 1.182373
vt 1.401367 0.896973
vt 1.391602 1.182373
vt 1.391602 0.896973
vt 1.381836 1.182373
vt 1.381836 0.896973
vt 1.373047 1.182373
vt 1.373047 0.896973
vt 1.363281 1.183350
vt 1.363281 0.896973
vt 1.353516 1.182373
vt 1.353516 0.896973
vt 1.344727 1.182373
vt 1.344727 0.896973
vt 1.739258 0.013184
vt 1.739258 0.600342
vt 1.730469 0.600342
vt 1.730469 0.013184
vt 1.720703 0.600342
vt 1.720703 0.013184
vt 1.710938 0.600342
vt 1.710938 0.013184
vt 1.702148 0.600342
vt 1.702148 0.013184
vt 1.692383 0.600342
vt 1.692383 0.013184
vt 1.682617 0.601318
vt 1.682617 0.013184
vt 1.673828 0.600342
vt 1.673828 0.013184
vt 1.664062 0.600342
vt 1.664062 0.013184
vt 1.537109 0.895935
vt 1.537109 1.182373
vt 1.527344 1.182373
vt 1.527344 0.896973
vt 1.518555 1.182373
vt 1.518555 0.896973
vt 1.508789 1.182373
vt 1.508789 0.896973
vt 1.499023 1.182373
vt 1.499023 0.896973
vt 1.490234 1.182373
vt 1.490234 0.895935
vt 1.480469 1.182373
vt 1.480469 0.896973
vt 1.470703 1.182373
vt 1.470703 0.896973
vt 1.461914 1.182373
vt 1.461914 0.895935
vt 0.344482 1.343262
vt 0.344482 1.931641
vt 0.334961 1.931641
vt 0.334961 1.344238
vt 0.325684 1.931641
vt 0.325684 1.344238
vt 0.316162 1.933105
vt 0.316162 1.345703
vt 0.306641 1.933105
vt 0.306641 1.345703
vt 0.297119 1.931641
vt 0.297119 1.344238
vt 0.287842 1.931641
vt 0.287842 1.344238
vt 0.278320 1.931641
vt 0.278320 1.344238
vt 0.268799 1.931641
vt 0.268799 1.343262
vt 0.283447 0.013184
vt 0.291748 0.013184
vt 0.291748 1.306396
vt 0.283447 1.305664
vt 0.275391 0.013184
vt 0.275391 1.306396
vt 0.267090 0.013184
vt 0.267090 1.305664
vt 0.259033 0.013184
vt 0.259033 1.306396
vt 0.250732 0.013184
vt 0.250732 1.305664
vt 0.242676 0.013184
vt 0.242798 1.306396
vt 0.234375 0.013184
vt 0.234375 1.305664
vt 0.226196 0.013184
vt 0.226196 1.306396
vt 0.177124 0.013184
vt 0.185303 0.013184
vt 0.185181 1.306641
vt 0.177124 1.305664
vt 0.168823 0.013184
vt 0.169067 1.306641
vt 0.160645 0.013184
vt 0.160522 1.306641
vt 0.152466 0.013184
vt 0.152466 1.305664
vt 0.144287 0.013184
vt 0.144287 1.306396
vt 0.136108 0.013184
vt 0.136108 1.305664
vt 0.127930 0.013184
vt 0.128174 1.306641
vt 0.119751 0.013184
vt 0.119690 1.306641
vt 1.265625 1.749023
vt 1.271484 1.749023
vt 1.271484 1.833984
vt 1.265625 1.833984
vt 1.259766 1.749023
vt 1.259766 1.833984
vt 1.254883 1.749023
vt 1.254883 1.833984
vt 1.249023 1.749023
vt 1.249023 1.833984
vt 1.243164 1.749023
vt 1.243164 1.833984
vt 1.238281 1.749023
vt 1.238281 1.833984
vt 2.074219 2.228516
vt 2.080078 2.228516
vt 2.080078 2.309570
vt 2.074219 2.309570
vt 2.068359 2.228516
vt 2.068359 2.309570
vt 2.064453 2.228516
vt 2.064453 2.309570
vt 2.058594 2.228516
vt 2.058594 2.309570
vt 2.052734 2.228516
vt 2.052734 2.309570
vt 2.046875 2.228516
vt 2.046875 2.309570
vt 2.224609 2.238281
vt 2.228516 2.238281
vt 2.228516 2.323242
vt 2.224609 2.323242
vt 2.218750 2.238281
vt 2.218750 2.323242
vt 2.212891 2.238281
vt 2.212891 2.323242
vt 2.207031 2.238281
vt 2.207031 2.323242
vt 2.201172 2.238281
vt 2.201172 2.323242
vt 2.195312 2.238281
vt 2.195312 2.323242
vt 2.000000 2.217773
vt 2.005859 2.217773
vt 2.005859 2.298828
vt 2.000000 2.298828
vt 1.995117 2.217773
vt 1.995117 2.298828
vt 1.989258 2.217773
vt 1.989258 2.298828
vt 1.984375 2.217773
vt 1.984375 2.298828
vt 1.978516 2.217773
vt 1.978516 2.298828
vt 1.972656 2.217773
vt 1.972656 2.298828
vt 2.447266 2.238281
vt 2.453125 2.238281
vt 2.453125 2.324219
vt 2.447266 2.324219
vt 2.441406 2.238281
vt 2.441406 2.323242
vt 2.435547 2.238281
vt 2.435547 2.323242
vt 2.431641 2.238281
vt 2.431641 2.324219
vt 2.425781 2.238281
vt 2.425781 2.324219
vt 2.419922 2.238281
vt 2.419922 2.324219
vt 2.373047 2.366211
vt 2.378906 2.366211
vt 2.378906 2.451172
vt 2.373047 2.451172
vt 2.367188 2.366211
vt 2.367188 2.451172
vt 2.361328 2.366211
vt 2.361328 2.451172
vt 2.355469 2.366211
vt 2.355469 2.451172
vt 2.351562 2.366211
vt 2.351562 2.451172
vt 2.345703 2.366211
vt 2.345703 2.451172
vt 1.925781 2.196289
vt 1.931641 2.196289
vt 1.931641 2.278320
vt 1.925781 2.278320
vt 1.920898 2.196289
vt 1.920898 2.278320
vt 1.915039 2.196289
vt 1.915039 2.278320
vt 1.909180 2.196289
vt 1.909180 2.278320
vt 1.904297 2.196289
vt 1.904297 2.278320
vt 1.898438 2.196289
vt 1.898438 2.278320
vt 1.191406 1.749023
vt 1.196289 1.749023
vt 1.196289 1.833984
vt 1.191406 1.833984
vt 1.185547 1.749023
vt 1.185547 1.833984
vt 1.179688 1.749023
vt 1.179688 1.833984
vt 1.174805 1.749023
vt 1.174805 1.833984
vt 1.168945 1.749023
vt 1.168945 1.833984
vt 1.163086 1.749023
vt 1.163086 1.833984
vt 2.148438 2.228516
vt 2.154297 2.228516
vt 2.154297 2.312500
vt 2.148438 2.312500
vt 2.144531 2.228516
vt 2.144531 2.312500
vt 2.138672 2.228516
vt 2.138672 2.312500
vt 2.132812 2.228516
vt 2.132812 2.312500
vt 2.126953 2.228516
vt 2.126953 2.312500
vt 2.121094 2.228516
vt 2.121094 2.312500
vt 2.148438 2.355469
vt 2.154297 2.355469
vt 2.154297 2.437500
vt 2.148438 2.437500
vt 2.144531 2.355469
vt 2.144531 2.437500
vt 2.138672 2.355469
vt 2.138672 2.437500
vt 2.132812 2.355469
vt 2.132812 2.437500
vt 2.126953 2.355469
vt 2.126953 2.437500
vt 2.121094 2.355469
vt 2.121094 2.437500
vt 1.116211 1.749023
vt 1.122070 1.749023
vt 1.122070 1.833984
vt 1.116211 1.833984
vt 1.111328 1.749023
vt 1.111328 1.833984
vt 1.105469 1.749023
vt 1.105469 1.833984
vt 1.099609 1.749023
vt 1.099609 1.833984
vt 1.094727 1.749023
vt 1.094727 1.833984
vt 1.088867 1.749023
vt 1.088867 1.833984
vt 2.224609 2.366211
vt 2.228516 2.366211
vt 2.228516 2.451172
vt 2.224609 2.451172
vt 2.218750 2.366211
vt 2.218750 2.451172
vt 2.212891 2.366211
vt 2.212891 2.451172
vt 2.207031 2.366211
vt 2.207031 2.451172
vt 2.201172 2.366211
vt 2.201172 2.451172
vt 2.195312 2.366211
vt 2.195312 2.451172
vt 2.074219 2.355469
vt 2.080078 2.355469
vt 2.080078 2.437500
vt 2.074219 2.437500
vt 2.068359 2.355469
vt 2.068359 2.437500
vt 2.064453 2.355469
vt 2.064453 2.437500
vt 2.058594 2.355469
vt 2.058594 2.437500
vt 2.052734 2.355469
vt 2.052734 2.437500
vt 2.046875 2.355469
vt 2.046875 2.437500
vt 2.298828 2.366211
vt 2.304688 2.366211
vt 2.304688 2.451172
vt 2.298828 2.451172
vt 2.292969 2.366211
vt 2.292969 2.451172
vt 2.287109 2.366211
vt 2.287109 2.451172
vt 2.281250 2.366211
vt 2.281250 2.451172
vt 2.275391 2.366211
vt 2.275391 2.451172
vt 2.271484 2.366211
vt 2.271484 2.451172
vt 2.298828 2.238281
vt 2.304688 2.238281
vt 2.304688 2.324219
vt 2.298828 2.324219
vt 2.292969 2.238281
vt 2.292969 2.323242
vt 2.287109 2.238281
vt 2.287109 2.323242
vt 2.281250 2.238281
vt 2.281250 2.324219
vt 2.275391 2.238281
vt 2.275391 2.324219
vt 2.271484 2.238281
vt 2.271484 2.324219
vt 2.447266 2.366211
vt 2.453125 2.366211
vt 2.453125 2.451172
vt 2.447266 2.451172
vt 2.441406 2.366211
vt 2.441406 2.451172
vt 2.435547 2.366211
vt 2.435547 2.451172
vt 2.431641 2.366211
vt 2.431641 2.451172
vt 2.425781 2.366211
vt 2.425781 2.451172
vt 2.419922 2.366211
vt 2.419922 2.451172
vt 2.373047 2.238281
vt 2.378906 2.238281
vt 2.378906 2.324219
vt 2.373047 2.324219
vt 2.367188 2.238281
vt 2.367188 2.323242
vt 2.361328 2.238281
vt 2.361328 2.323242
vt 2.355469 2.238281
vt 2.355469 2.324219
vt 2.351562 2.238281
vt 2.351562 2.324219
vt 2.345703 2.238281
vt 2.345703 2.324219
vt 0.836426 2.426758
vt 0.851074 2.427734
vt 0.843750 2.431641
vt 0.854980 2.420898
vt 0.845215 2.410156
vt 0.853027 2.413086
vt 0.833984 2.418945
vt 0.837402 2.412109
vt 1.028320 1.937012
vt 1.042969 1.938477
vt 1.035156 1.941406
vt 1.029297 1.922363
vt 1.024414 1.929688
vt 1.043945 1.923828
vt 1.037109 1.919434
vt 1.046875 1.931152
vt 1.028320 1.873047
vt 1.042969 1.875000
vt 1.035156 1.877441
vt 1.029297 1.858398
vt 1.024414 1.865723
vt 1.043945 1.859863
vt 1.037109 1.855469
vt 1.046875 1.867188
vt 0.916992 2.417969
vt 0.919922 2.419922
vt 0.916504 2.428711
vt 0.916504 2.412109
vt 0.908691 2.430664
vt 0.908691 2.410156
vt 0.899902 2.422852
vt 0.900391 2.428711
vt 0.900391 2.412109
vt 0.896973 2.420898
vt 0.971191 2.431641
vt 0.967773 2.433594
vt 0.960938 2.425781
vt 0.977539 2.433594
vt 0.961914 2.416016
vt 0.981934 2.425781
vt 0.984863 2.427734
vt 0.984863 2.416992
vt 0.970215 2.412109
vt 0.969238 2.409180
vt 0.979004 2.410156
vt 1.219727 2.428711
vt 1.218750 2.424805
vt 1.227539 2.419922
vt 1.216797 2.434570
vt 1.236328 2.421875
vt 1.223633 2.440430
vt 1.221680 2.443359
vt 1.231445 2.444336
vt 1.239258 2.430664
vt 1.242188 2.430664
vt 1.240234 2.440430
vt 1.029297 1.793945
vt 1.022461 1.791504
vt 1.032227 1.791992
vt 1.039062 1.799316
vt 1.016602 1.802246
vt 1.014648 1.798340
vt 1.013672 1.808105
vt 1.036133 1.805176
vt 1.038086 1.809082
vt 1.030273 1.815918
vt 1.024414 1.813477
vt 1.020508 1.815430
vt 1.006836 2.198242
vt 1.000000 2.196289
vt 1.009766 2.196289
vt 1.017578 2.203125
vt 0.995117 2.207031
vt 0.993164 2.203125
vt 0.993164 2.212891
vt 1.015625 2.208984
vt 1.016602 2.212891
vt 1.009766 2.219727
vt 1.002930 2.217773
vt 1.000000 2.219727
vt 0.441895 2.438477
vt 0.438721 2.437500
vt 0.441895 2.428711
vt 0.434082 2.445312
vt 0.427490 2.422852
vt 0.436279 2.420898
vt 0.426514 2.419922
vt 0.427979 2.442383
vt 0.424316 2.443359
vt 0.417969 2.435547
vt 0.420898 2.429688
vt 0.418701 2.425781
vt 0.367432 2.412109
vt 0.360352 2.410156
vt 0.370117 2.409180
vt 0.377930 2.415039
vt 0.356689 2.420898
vt 0.354004 2.417969
vt 0.354980 2.427734
vt 0.376465 2.422852
vt 0.378906 2.424805
vt 0.372803 2.432617
vt 0.365479 2.431641
vt 0.362793 2.434570
vt 1.158203 2.443359
vt 1.160156 2.440430
vt 1.167969 2.444336
vt 1.152344 2.434570
vt 1.174805 2.430664
vt 1.175781 2.440430
vt 1.178711 2.430664
vt 1.156250 2.428711
vt 1.155273 2.424805
vt 1.163086 2.419922
vt 1.169922 2.423828
vt 1.172852 2.421875
vt 1.091797 2.377930
vt 1.088867 2.375000
vt 1.094727 2.367188
vt 1.089844 2.384766
vt 1.100586 2.369141
vt 1.104492 2.366211
vt 1.112305 2.373047
vt 1.101562 2.388672
vt 1.097656 2.391602
vt 1.107422 2.390625
vt 1.111328 2.379883
vt 1.114258 2.382812
vt 2.119141 1.448242
vt 1.951172 1.448242
vt 1.951172 1.216431
vt 2.119141 1.216431
vt 0.979004 0.748047
vt 0.979004 1.212036
vt 0.812012 1.212036
vt 0.812012 0.748047
vt 0.702148 1.333496
vt 0.702148 1.797852
vt 0.535156 1.797852
vt 0.535156 1.333496
vt 2.458984 2.195312
vt 2.291016 2.195312
vt 2.291016 2.025391
vt 2.458984 2.025391
vt1 0.865234 0.502197
vt1 0.854492 0.502197
vt1 0.859863 0.520996
vt1 0.832520 0.513916
vt1 0.827148 0.532715
vt1 0.837891 0.532715
vt1 0.560547 0.207031
vt1 0.561035 0.205078
vt1 0.561035 0.210449
vt1 0.807617 0.880310
vt1 0.807617 0.826904
vt1 0.808594 0.827271
vt1 0.808594 0.879822
vt1 0.282471 0.427734
vt1 0.281982 0.429199
vt1 0.335449 0.429199
vt1 0.334961 0.427734
vt1 0.405518 0.429199
vt1 0.353027 0.429199
vt1 0.352539 0.427734
vt1 0.406006 0.427734
vt1 0.264404 0.429199
vt1 0.211914 0.429199
vt1 0.211426 0.427734
vt1 0.264893 0.427734
vt1 0.779785 0.879822
vt1 0.779785 0.827271
vt1 0.781250 0.826904
vt1 0.781250 0.880310
vt1 0.753906 0.880310
vt1 0.752441 0.879822
vt1 0.752441 0.827271
vt1 0.753906 0.826904
vt1 0.262939 0.055664
vt1 0.485107 0.055664
vt1 0.485107 0.092285
vt1 0.262939 0.092285
vt1 0.485107 0.093750
vt1 0.262939 0.093750
vt1 0.262939 0.097656
vt1 0.485107 0.097656
vt1 0.485107 0.099121
vt1 0.262939 0.099121
vt1 0.485107 0.119141
vt1 0.262939 0.119141
vt1 0.485107 0.121094
vt1 0.262939 0.121094
vt1 0.262939 0.140625
vt1 0.485107 0.140625
vt1 0.485107 0.142578
vt1 0.262939 0.142578
vt1 0.485107 0.155273
vt1 0.262939 0.155273
vt1 0.485107 0.157715
vt1 0.262939 0.157715
vt1 0.262939 0.176758
vt1 0.485107 0.176758
vt1 0.485107 0.178711
vt1 0.262939 0.178711
vt1 0.485107 0.198730
vt1 0.262939 0.198730
vt1 0.485107 0.200195
vt1 0.262939 0.200195
vt1 0.262939 0.204102
vt1 0.485107 0.204102
vt1 0.485107 0.205566
vt1 0.262939 0.205566
vt1 0.231567 0.701660
vt1 0.231567 0.639648
vt1 0.234619 0.639404
vt1 0.234619 0.701660
vt1 0.235352 0.639648
vt1 0.235352 0.701660
vt1 0.237671 0.670654
vt1 0.237671 0.700928
vt1 0.237549 0.640381
vt1 0.197144 0.619141
vt1 0.198120 0.557373
vt1 0.201172 0.557129
vt1 0.199829 0.619385
vt1 0.201904 0.557373
vt1 0.200439 0.619385
vt1 0.204102 0.588379
vt1 0.202393 0.618652
vt1 0.204102 0.558105
vt1 0.837891 0.470703
vt1 0.837891 0.490234
vt1 0.835938 0.489258
vt1 0.835938 0.472168
vt1 0.831055 0.489258
vt1 0.831055 0.472168
vt1 0.825684 0.489258
vt1 0.823242 0.486816
vt1 0.823242 0.474121
vt1 0.825684 0.472168
vt1 0.787598 0.215332
vt1 0.768066 0.215332
vt1 0.769531 0.213379
vt1 0.786621 0.213379
vt1 0.769531 0.208496
vt1 0.786621 0.208496
vt1 0.769531 0.202637
vt1 0.771484 0.200684
vt1 0.784180 0.200684
vt1 0.786621 0.202637
vt1 0.854004 0.780273
vt1 0.854004 0.799683
vt1 0.851562 0.798584
vt1 0.851562 0.781372
vt1 0.846680 0.798584
vt1 0.846680 0.781372
vt1 0.841309 0.798584
vt1 0.838867 0.796143
vt1 0.838867 0.783813
vt1 0.841309 0.781372
vt1 0.854004 0.815552
vt1 0.854004 0.834839
vt1 0.851562 0.833862
vt1 0.851562 0.816650
vt1 0.846680 0.833862
vt1 0.846680 0.816650
vt1 0.841309 0.833862
vt1 0.838867 0.831421
vt1 0.838867 0.818970
vt1 0.841309 0.816650
vt1 0.865234 0.502197
vt1 0.865234 0.520996
vt1 0.865234 0.520996
vt1 0.865234 0.502197
vt1 0.854492 0.502197
vt1 0.670410 0.144531
vt1 0.670410 0.134277
vt1 0.671387 0.133789
vt1 0.671387 0.144043
vt1 0.755371 0.133789
vt1 0.754883 0.144043
vt1 0.755371 0.145020
vt1 0.979004 0.597412
vt1 0.978516 0.599609
vt1 0.977051 0.601074
vt1 0.978516 0.596924
vt1 0.968750 0.601562
vt1 0.968750 0.597168
vt1 0.962891 0.598389
vt1 0.963379 0.596191
vt1 0.962402 0.600830
vt1 0.897949 0.597656
vt1 0.897949 0.596191
vt1 0.892578 0.597168
vt1 0.897949 0.598633
vt1 0.898926 0.600830
vt1 0.893066 0.601807
vt1 0.892578 0.600098
vt1 0.882324 0.597412
vt1 0.883789 0.601562
vt1 0.881836 0.597900
vt1 0.882324 0.600098
vt1 0.837891 0.532715
vt1 0.827148 0.532715
vt1 0.837891 0.513916
vt1 0.837891 0.532715
vt1 0.837891 0.513916
vt1 0.315674 0.396973
vt1 0.391357 0.396973
vt1 0.392090 0.398438
vt1 0.314209 0.398926
vt1 0.392334 0.400879
vt1 0.314453 0.400879
vt1 0.313965 0.401367
vt1 0.541992 0.917480
vt1 0.471436 0.917480
vt1 0.470703 0.919312
vt1 0.542969 0.919373
vt1 0.470459 0.921387
vt1 0.542969 0.921387
vt1 0.670410 0.176270
vt1 0.670410 0.165527
vt1 0.671387 0.165039
vt1 0.671387 0.175293
vt1 0.754883 0.165039
vt1 0.754883 0.175293
vt1 0.755371 0.176270
vt1 0.755859 0.165527
vt1 0.490479 0.345215
vt1 0.492676 0.345703
vt1 0.493164 0.345215
vt1 0.489014 0.343750
vt1 0.493408 0.335938
vt1 0.489258 0.336426
vt1 0.493164 0.335449
vt1 0.490967 0.335449
vt1 0.488770 0.334961
vt1 0.491455 0.259766
vt1 0.493408 0.258789
vt1 0.495361 0.257812
vt1 0.491455 0.259277
vt1 0.495117 0.256348
vt1 0.485840 0.252441
vt1 0.485840 0.255371
vt1 0.487793 0.250977
vt1 0.670898 0.281250
vt1 0.748535 0.281250
vt1 0.748535 0.280762
vt1 0.670898 0.280762
vt1 0.748535 0.271484
vt1 0.670898 0.271484
vt1 0.670898 0.270996
vt1 0.748535 0.270996
vt1 0.290283 0.037109
vt1 0.289795 0.036133
vt1 0.438477 0.036133
vt1 0.437988 0.037109
vt1 0.438721 0.037109
vt1 0.725098 0.827515
vt1 0.726074 0.827271
vt1 0.726074 0.828003
vt1 0.725098 0.880981
vt1 0.726562 0.880493
vt1 0.726562 0.881226
vt1 0.979004 0.566162
vt1 0.978516 0.568359
vt1 0.977051 0.569580
vt1 0.978516 0.565430
vt1 0.968750 0.570312
vt1 0.968750 0.565918
vt1 0.962891 0.567139
vt1 0.962402 0.569336
vt1 0.963379 0.564941
vt1 0.898926 0.569336
vt1 0.897949 0.566895
vt1 0.897949 0.564941
vt1 0.892578 0.570557
vt1 0.892578 0.565918
vt1 0.882324 0.566162
vt1 0.883789 0.570068
vt1 0.881836 0.566650
vt1 0.882324 0.568848
vt1 0.831543 0.444824
vt1 0.831055 0.444824
vt1 0.831055 0.443359
vt1 0.979492 0.444824
vt1 0.979492 0.443359
vt1 0.743164 0.369141
vt1 0.666992 0.369141
vt1 0.666504 0.367188
vt1 0.744141 0.366699
vt1 0.666504 0.365234
vt1 0.744141 0.365234
vt1 0.744629 0.364746
vt1 0.979492 0.388672
vt1 0.979492 0.389648
vt1 0.831055 0.389648
vt1 0.831543 0.388672
vt1 0.831055 0.388672
vt1 0.812500 0.367676
vt1 0.811523 0.368164
vt1 0.811523 0.367188
vt1 0.812500 0.314453
vt1 0.811523 0.314941
vt1 0.811523 0.313965
vt1 0.979004 0.534668
vt1 0.978516 0.536865
vt1 0.977051 0.538330
vt1 0.978516 0.534180
vt1 0.968750 0.538818
vt1 0.968750 0.534424
vt1 0.962891 0.535645
vt1 0.962402 0.538086
vt1 0.963379 0.533447
vt1 0.898926 0.538086
vt1 0.897949 0.535645
vt1 0.897949 0.533447
vt1 0.892578 0.539062
vt1 0.892578 0.534424
vt1 0.882324 0.534668
vt1 0.883789 0.538818
vt1 0.881836 0.535400
vt1 0.882324 0.537354
vt1 0.978516 0.416016
vt1 0.979492 0.416016
vt1 0.979004 0.416992
vt1 0.831055 0.416016
vt1 0.830566 0.416992
vt1 0.213745 0.396973
vt1 0.289551 0.396973
vt1 0.290283 0.398438
vt1 0.212524 0.398926
vt1 0.290283 0.400879
vt1 0.212646 0.400879
vt1 0.212158 0.401367
vt1 0.524414 0.881104
vt1 0.513672 0.881226
vt1 0.513672 0.880432
vt1 0.523438 0.880432
vt1 0.513672 0.816406
vt1 0.523438 0.816406
vt1 0.524414 0.815796
vt1 0.513672 0.815674
vt1 0.059174 0.878906
vt1 0.059998 0.876892
vt1 0.061646 0.875732
vt1 0.059631 0.879517
vt1 0.070007 0.876648
vt1 0.069580 0.881104
vt1 0.075500 0.879883
vt1 0.075317 0.881958
vt1 0.076294 0.877502
vt1 0.140381 0.880554
vt1 0.140503 0.881958
vt1 0.146240 0.881226
vt1 0.140259 0.879639
vt1 0.139526 0.877441
vt1 0.145264 0.876343
vt1 0.145874 0.878174
vt1 0.156128 0.878723
vt1 0.153931 0.875000
vt1 0.156616 0.878113
vt1 0.155518 0.876038
vt1 0.765137 0.918579
vt1 0.764160 0.918579
vt1 0.764648 0.917419
vt1 0.818359 0.918579
vt1 0.818848 0.917419
vt1 0.819336 0.918579
vt1 0.667969 0.298828
vt1 0.744141 0.298828
vt1 0.744629 0.300781
vt1 0.666992 0.301270
vt1 0.745117 0.302734
vt1 0.666992 0.302734
vt1 0.666504 0.303223
vt1 0.667480 0.917480
vt1 0.738281 0.917480
vt1 0.738770 0.919312
vt1 0.666504 0.919373
vt1 0.738770 0.921448
vt1 0.666504 0.921448
vt1 0.882812 0.749756
vt1 0.881836 0.747803
vt1 0.882324 0.747070
vt1 0.884766 0.750854
vt1 0.891113 0.744629
vt1 0.891602 0.749023
vt1 0.892090 0.745117
vt1 0.892090 0.747314
vt1 0.892578 0.749268
vt1 0.967773 0.749268
vt1 0.968750 0.747314
vt1 0.969727 0.745117
vt1 0.968262 0.749268
vt1 0.971191 0.745361
vt1 0.975098 0.754517
vt1 0.976562 0.752686
vt1 0.972168 0.754761
vt1 0.561035 0.365234
vt1 0.639160 0.365234
vt1 0.639160 0.365723
vt1 0.561035 0.365723
vt1 0.639160 0.374512
vt1 0.561035 0.374512
vt1 0.561035 0.375000
vt1 0.639160 0.375488
vt1 0.898438 0.476562
vt1 0.854492 0.476562
vt1 0.854492 0.470703
vt1 0.898438 0.470703
vt1 0.899902 0.476562
vt1 0.899902 0.470703
vt1 0.914062 0.476562
vt1 0.914062 0.470703
vt1 0.915527 0.476562
vt1 0.915527 0.470703
vt1 0.959473 0.476562
vt1 0.959473 0.470703
vt1 0.960938 0.476562
vt1 0.960938 0.470703
vt1 0.975098 0.476562
vt1 0.975098 0.470703
vt1 0.976562 0.476562
vt1 0.976562 0.470703
vt1 0.270996 0.735107
vt1 0.271484 0.733398
vt1 0.342285 0.733398
vt1 0.343018 0.735352
vt1 0.270752 0.737305
vt1 0.343262 0.737305
vt1 0.536133 0.113770
vt1 0.535645 0.114258
vt1 0.533691 0.113770
vt1 0.532227 0.112305
vt1 0.536621 0.104980
vt1 0.532227 0.104980
vt1 0.536133 0.104492
vt1 0.533691 0.104492
vt1 0.531738 0.104004
vt1 0.534668 0.028809
vt1 0.536621 0.027344
vt1 0.538574 0.026367
vt1 0.534668 0.027832
vt1 0.538086 0.025391
vt1 0.528809 0.021484
vt1 0.530762 0.020020
vt1 0.528809 0.024414
vt1 0.639160 0.339355
vt1 0.639160 0.339844
vt1 0.561035 0.339844
vt1 0.561035 0.339355
vt1 0.639160 0.330566
vt1 0.561035 0.330566
vt1 0.561035 0.329590
vt1 0.639160 0.329590
vt1 0.977051 0.632324
vt1 0.978516 0.630859
vt1 0.979004 0.628662
vt1 0.978516 0.628174
vt1 0.968750 0.632812
vt1 0.968750 0.628662
vt1 0.962891 0.629639
vt1 0.963379 0.627686
vt1 0.962402 0.632080
vt1 0.897949 0.628906
vt1 0.897949 0.627441
vt1 0.892578 0.628418
vt1 0.897949 0.629883
vt1 0.898926 0.632080
vt1 0.893066 0.633301
vt1 0.892578 0.631592
vt1 0.882324 0.628906
vt1 0.883789 0.632812
vt1 0.881836 0.629395
vt1 0.882324 0.631592
vt1 0.754883 0.103027
vt1 0.755371 0.102539
vt1 0.755859 0.103516
vt1 0.755859 0.105469
vt1 0.671387 0.103027
vt1 0.670410 0.103516
vt1 0.670410 0.102539
vt1 0.670410 0.105957
vt1 0.670410 0.106934
vt1 0.755859 0.106934
vt1 0.671387 0.115234
vt1 0.670410 0.115723
vt1 0.754883 0.115234
vt1 0.755859 0.115723
vt1 0.493896 0.398438
vt1 0.493164 0.396973
vt1 0.417480 0.396973
vt1 0.416260 0.398926
vt1 0.494141 0.400879
vt1 0.416260 0.400879
vt1 0.416016 0.401367
vt1 0.520508 0.262695
vt1 0.520020 0.263184
vt1 0.517578 0.262695
vt1 0.516113 0.261230
vt1 0.520996 0.253906
vt1 0.516602 0.253906
vt1 0.520508 0.253418
vt1 0.518066 0.253418
vt1 0.516113 0.252930
vt1 0.520508 0.176270
vt1 0.519043 0.177734
vt1 0.522949 0.175293
vt1 0.519043 0.176758
vt1 0.522461 0.174316
vt1 0.513184 0.170410
vt1 0.515137 0.168945
vt1 0.513184 0.173340
vt1 0.748535 0.245117
vt1 0.748535 0.246094
vt1 0.670898 0.246094
vt1 0.670898 0.245117
vt1 0.748535 0.236328
vt1 0.670898 0.236328
vt1 0.670898 0.235840
vt1 0.748535 0.235840
vt1 0.508789 0.231445
vt1 0.508301 0.231934
vt1 0.505859 0.231445
vt1 0.504395 0.229980
vt1 0.508789 0.222656
vt1 0.504883 0.222656
vt1 0.508789 0.222168
vt1 0.506348 0.221680
vt1 0.504395 0.221191
vt1 0.508789 0.145020
vt1 0.506836 0.145996
vt1 0.510742 0.144043
vt1 0.507324 0.145508
vt1 0.510742 0.143066
vt1 0.501465 0.139160
vt1 0.503418 0.137207
vt1 0.501465 0.141602
vt1 0.748535 0.209961
vt1 0.748535 0.210449
vt1 0.670898 0.210449
vt1 0.670898 0.209961
vt1 0.748535 0.201172
vt1 0.670898 0.201172
vt1 0.670898 0.200684
vt1 0.748535 0.200684
vt1 0.270996 0.782227
vt1 0.271484 0.780396
vt1 0.342285 0.780396
vt1 0.343018 0.782227
vt1 0.270752 0.784302
vt1 0.343262 0.784302
vt1 0.777344 0.176758
vt1 0.775879 0.176758
vt1 0.775879 0.176270
vt1 0.775879 0.123047
vt1 0.777344 0.122559
vt1 0.775879 0.122070
vt1 0.509277 0.021484
vt1 0.510254 0.022949
vt1 0.507324 0.020508
vt1 0.503906 0.029297
vt1 0.508301 0.029785
vt1 0.504395 0.030273
vt1 0.506348 0.030273
vt1 0.508301 0.031250
vt1 0.505859 0.105957
vt1 0.503906 0.107422
vt1 0.501953 0.107910
vt1 0.505859 0.106934
vt1 0.501953 0.109375
vt1 0.511230 0.113281
vt1 0.509277 0.114746
vt1 0.511230 0.110352
vt1 0.560547 0.208496
vt1 0.560547 0.208984
vt1 0.641113 0.208496
vt1 0.641113 0.208496
vt1 0.560547 0.207031
vt1 0.641113 0.207031
vt1 0.641113 0.206543
vt1 0.560059 0.207031
vt1 0.884277 0.508789
vt1 0.882812 0.507812
vt1 0.881836 0.505615
vt1 0.882324 0.505127
vt1 0.892578 0.507324
vt1 0.892090 0.502930
vt1 0.898438 0.504150
vt1 0.897949 0.502197
vt1 0.898926 0.506592
vt1 0.962891 0.503662
vt1 0.963379 0.502197
vt1 0.969238 0.502930
vt1 0.962891 0.504395
vt1 0.961914 0.506592
vt1 0.967773 0.507568
vt1 0.968750 0.505859
vt1 0.979004 0.505859
vt1 0.976562 0.509521
vt1 0.979492 0.506592
vt1 0.978027 0.508545
vt1 0.196167 0.700928
vt1 0.206421 0.700195
vt1 0.207153 0.700928
vt1 0.196289 0.636230
vt1 0.206421 0.636230
vt1 0.207153 0.635498
vt1 0.195923 0.635498
vt1 0.744629 0.332031
vt1 0.744141 0.333984
vt1 0.667969 0.333984
vt1 0.666992 0.331543
vt1 0.744629 0.329590
vt1 0.666992 0.330078
vt1 0.666504 0.329590
vt1 0.786621 0.368652
vt1 0.787598 0.370117
vt1 0.768066 0.370117
vt1 0.769531 0.368652
vt1 0.784180 0.357422
vt1 0.786621 0.359863
vt1 0.771484 0.357422
vt1 0.769531 0.359863
vt1 0.786621 0.250977
vt1 0.784180 0.239746
vt1 0.786621 0.242188
vt1 0.771484 0.239746
vt1 0.769531 0.250977
vt1 0.769531 0.242188
vt1 0.787598 0.252441
vt1 0.768066 0.252441
vt1 0.786621 0.290039
vt1 0.784180 0.278809
vt1 0.786621 0.281250
vt1 0.771484 0.278809
vt1 0.769531 0.290039
vt1 0.769531 0.281250
vt1 0.787598 0.291504
vt1 0.768066 0.291504
vt1 0.786621 0.329102
vt1 0.784180 0.317871
vt1 0.786621 0.320312
vt1 0.771484 0.317871
vt1 0.769531 0.329102
vt1 0.769531 0.320312
vt1 0.787598 0.330566
vt1 0.768066 0.330566
vt1 0.192993 0.791016
vt1 0.192383 0.790894
vt1 0.192383 0.718262
vt1 0.192871 0.718262
vt1 0.202759 0.718262
vt1 0.203003 0.717773
vt1 0.203003 0.791016
vt1 0.206787 0.722168
vt1 0.207397 0.721924
vt1 0.206787 0.786987
vt1 0.207397 0.787231
vt1 0.645996 0.179199
vt1 0.645508 0.180176
vt1 0.561523 0.180176
vt1 0.561035 0.179199
vt1 0.645508 0.174316
vt1 0.645996 0.173828
vt1 0.561523 0.174316
vt1 0.560547 0.173828
vt1 0.645020 0.173340
vt1 0.561523 0.173340
vt1 0.561523 0.109863
vt1 0.560547 0.108887
vt1 0.645020 0.109375
vt1 0.645996 0.108887
vt1 0.641113 0.168457
vt1 0.565918 0.168457
vt1 0.645508 0.108398
vt1 0.645996 0.103516
vt1 0.561035 0.103516
vt1 0.645508 0.102539
vt1 0.561523 0.102539
vt1 0.561523 0.108398
vt1 0.562012 0.109375
vt1 0.641113 0.114258
vt1 0.565918 0.114258
vt1 0.640625 0.167480
vt1 0.640625 0.115234
vt1 0.640137 0.167969
vt1 0.640137 0.114746
vt1 0.566895 0.167969
vt1 0.566895 0.114746
vt1 0.566406 0.167480
vt1 0.566406 0.115234
vt1 0.271240 0.881470
vt1 0.343994 0.881470
vt1 0.343994 0.880859
vt1 0.271240 0.880920
vt1 0.271240 0.871094
vt1 0.270752 0.870850
vt1 0.343994 0.870850
vt1 0.275146 0.867188
vt1 0.274902 0.866455
vt1 0.340088 0.867188
vt1 0.340332 0.866455
vt1 0.977051 0.136230
vt1 0.803711 0.136230
vt1 0.813965 0.125977
vt1 0.977051 0.125977
vt1 0.977539 0.125488
vt1 0.977539 0.135742
vt1 0.271484 0.756836
vt1 0.342529 0.756836
vt1 0.343018 0.758667
vt1 0.270996 0.758789
vt1 0.270752 0.760742
vt1 0.343262 0.760742
vt1 0.813965 0.206543
vt1 0.803711 0.196777
vt1 0.977051 0.196777
vt1 0.977051 0.206543
vt1 0.977539 0.207520
vt1 0.977539 0.196289
vt1 0.446045 0.924011
vt1 0.445801 0.924622
vt1 0.373047 0.924622
vt1 0.373047 0.924011
vt1 0.373291 0.914185
vt1 0.372559 0.913879
vt1 0.445801 0.913818
vt1 0.377197 0.910217
vt1 0.376953 0.909607
vt1 0.441895 0.910217
vt1 0.442139 0.909607
vt1 0.167236 0.659668
vt1 0.167236 0.833008
vt1 0.157104 0.822754
vt1 0.157104 0.659668
vt1 0.156250 0.659180
vt1 0.166992 0.658936
vt1 0.569336 0.917480
vt1 0.640137 0.917480
vt1 0.640625 0.919312
vt1 0.568848 0.919434
vt1 0.568359 0.921387
vt1 0.641113 0.921387
vt1 0.813965 0.171387
vt1 0.803711 0.161133
vt1 0.977051 0.161133
vt1 0.977051 0.171387
vt1 0.977539 0.172363
vt1 0.977539 0.160645
vt1 0.343994 0.849609
vt1 0.343994 0.850220
vt1 0.271240 0.850220
vt1 0.271240 0.849609
vt1 0.271240 0.839722
vt1 0.270752 0.839478
vt1 0.343994 0.839355
vt1 0.275146 0.835815
vt1 0.274902 0.835205
vt1 0.340088 0.835815
vt1 0.340332 0.835205
vt1 0.343994 0.818237
vt1 0.343994 0.818848
vt1 0.271240 0.818848
vt1 0.271240 0.818359
vt1 0.271240 0.808472
vt1 0.270752 0.808228
vt1 0.343994 0.808105
vt1 0.275146 0.804443
vt1 0.274902 0.803833
vt1 0.340088 0.804443
vt1 0.340332 0.803833
vt1 0.271484 0.967377
vt1 0.270752 0.966766
vt1 0.270752 0.902710
vt1 0.271484 0.902100
vt1 0.276611 0.966736
vt1 0.277100 0.967560
vt1 0.276611 0.902710
vt1 0.277100 0.901917
vt1 0.277588 0.966614
vt1 0.277588 0.902893
vt1 0.341553 0.966644
vt1 0.342041 0.967560
vt1 0.282227 0.962494
vt1 0.341553 0.902832
vt1 0.342041 0.901917
vt1 0.342529 0.966736
vt1 0.347412 0.967377
vt1 0.347412 0.902100
vt1 0.348389 0.966766
vt1 0.348389 0.902710
vt1 0.342529 0.902710
vt1 0.336670 0.962494
vt1 0.282227 0.906982
vt1 0.336670 0.906982
vt1 0.283203 0.961853
vt1 0.335693 0.961884
vt1 0.282959 0.961426
vt1 0.336182 0.961456
vt1 0.282959 0.908020
vt1 0.336182 0.908020
vt1 0.283203 0.907654
vt1 0.335693 0.907593
vt1 0.482910 0.881226
vt1 0.473877 0.881287
vt1 0.474365 0.880493
vt1 0.474365 0.816406
vt1 0.482910 0.815674
vt1 0.473877 0.815674
vt1 0.483398 0.881104
vt1 0.483398 0.815796
vt1 0.486084 0.880554
vt1 0.486328 0.816040
vt1 0.486328 0.881348
vt1 0.486816 0.816528
vt1 0.486572 0.880981
vt1 0.231567 0.790894
vt1 0.231567 0.718262
vt1 0.232178 0.718262
vt1 0.232056 0.791016
vt1 0.241943 0.790894
vt1 0.242188 0.791382
vt1 0.242310 0.718262
vt1 0.245972 0.786987
vt1 0.246582 0.787231
vt1 0.245972 0.722168
vt1 0.246582 0.721924
vt1 0.465332 0.275391
vt1 0.468262 0.274414
vt1 0.469727 0.279785
vt1 0.466797 0.281250
vt1 0.469971 0.281250
vt1 0.464600 0.275879
vt1 0.467041 0.371582
vt1 0.469971 0.372070
vt1 0.466064 0.281250
vt1 0.463379 0.280762
vt1 0.462646 0.277344
vt1 0.463867 0.281738
vt1 0.463867 0.371094
vt1 0.466064 0.371582
vt1 0.463379 0.372070
vt1 0.466553 0.372070
vt1 0.462646 0.375488
vt1 0.468262 0.378418
vt1 0.464844 0.376953
vt1 0.465332 0.377441
vt1 0.443604 0.377441
vt1 0.440674 0.378418
vt1 0.439209 0.373047
vt1 0.442139 0.371582
vt1 0.439209 0.371582
vt1 0.444336 0.376953
vt1 0.442139 0.281250
vt1 0.439209 0.280762
vt1 0.443115 0.371582
vt1 0.445801 0.372070
vt1 0.446289 0.375488
vt1 0.445312 0.371094
vt1 0.445312 0.282227
vt1 0.443115 0.281250
vt1 0.445801 0.281250
vt1 0.442627 0.280762
vt1 0.446777 0.277344
vt1 0.441162 0.274414
vt1 0.444580 0.275879
vt1 0.444092 0.275391
vt1 0.373535 0.966003
vt1 0.372559 0.964996
vt1 0.446777 0.966003
vt1 0.447754 0.959503
vt1 0.372559 0.959473
vt1 0.447998 0.964966
vt1 0.449951 0.957825
vt1 0.449951 0.967010
vt1 0.447510 0.958740
vt1 0.449219 0.957367
vt1 0.373047 0.958679
vt1 0.446289 0.956421
vt1 0.374756 0.956482
vt1 0.375732 0.953888
vt1 0.373535 0.955353
vt1 0.444824 0.953918
vt1 0.375244 0.953278
vt1 0.445312 0.953308
vt1 0.373047 0.944611
vt1 0.447021 0.955292
vt1 0.375244 0.946045
vt1 0.446777 0.944550
vt1 0.377441 0.940918
vt1 0.444580 0.946106
vt1 0.378662 0.942749
vt1 0.442383 0.941010
vt1 0.440918 0.942932
vt1 0.678223 0.964996
vt1 0.679199 0.966003
vt1 0.752441 0.966003
vt1 0.753418 0.959503
vt1 0.678223 0.959473
vt1 0.753418 0.964966
vt1 0.755371 0.967010
vt1 0.755371 0.957855
vt1 0.752930 0.958740
vt1 0.754395 0.957397
vt1 0.678711 0.958679
vt1 0.751953 0.956390
vt1 0.680176 0.956512
vt1 0.681152 0.953888
vt1 0.750488 0.953918
vt1 0.680664 0.953278
vt1 0.752441 0.955292
vt1 0.678711 0.955750
vt1 0.750977 0.953308
vt1 0.678711 0.944580
vt1 0.752441 0.944519
vt1 0.680664 0.946045
vt1 0.750000 0.946106
vt1 0.683105 0.940918
vt1 0.748047 0.941010
vt1 0.684082 0.942749
vt1 0.746582 0.942932
vt1 0.475342 0.966003
vt1 0.474365 0.964996
vt1 0.548828 0.966003
vt1 0.549805 0.959503
vt1 0.474365 0.959473
vt1 0.549805 0.964966
vt1 0.551758 0.957855
vt1 0.551758 0.967010
vt1 0.549316 0.958740
vt1 0.551270 0.957245
vt1 0.474854 0.958679
vt1 0.548828 0.956116
vt1 0.546875 0.956360
vt1 0.476562 0.956512
vt1 0.546387 0.953918
vt1 0.477539 0.953888
vt1 0.546875 0.953308
vt1 0.477051 0.953278
vt1 0.548340 0.944519
vt1 0.475586 0.955353
vt1 0.546387 0.946106
vt1 0.474854 0.944580
vt1 0.543945 0.941010
vt1 0.477051 0.946045
vt1 0.542969 0.942932
vt1 0.479248 0.940918
vt1 0.480713 0.942749
vt1 0.577148 0.966003
vt1 0.576172 0.964996
vt1 0.650391 0.966003
vt1 0.651367 0.959503
vt1 0.576172 0.959473
vt1 0.651367 0.964966
vt1 0.653320 0.957855
vt1 0.653320 0.967010
vt1 0.651367 0.958740
vt1 0.652832 0.957245
vt1 0.576660 0.958679
vt1 0.650391 0.956116
vt1 0.648926 0.956360
vt1 0.578125 0.956512
vt1 0.648438 0.953918
vt1 0.579590 0.953888
vt1 0.648926 0.953308
vt1 0.578613 0.953278
vt1 0.650391 0.944519
vt1 0.577148 0.955353
vt1 0.648438 0.946106
vt1 0.576660 0.944580
vt1 0.645996 0.941010
vt1 0.578613 0.946045
vt1 0.644531 0.942932
vt1 0.581055 0.940918
vt1 0.582520 0.942749
vt1 0.918457 0.073242
vt1 0.844727 0.073242
vt1 0.843750 0.072266
vt1 0.918945 0.066895
vt1 0.919434 0.072266
vt1 0.843750 0.066895
vt1 0.921387 0.064941
vt1 0.921387 0.074219
vt1 0.918945 0.065918
vt1 0.920898 0.064453
vt1 0.844238 0.065918
vt1 0.917969 0.063477
vt1 0.916504 0.063477
vt1 0.845703 0.063965
vt1 0.916016 0.061035
vt1 0.916504 0.060547
vt1 0.847168 0.061035
vt1 0.917969 0.051758
vt1 0.846680 0.060547
vt1 0.916016 0.053223
vt1 0.844727 0.062500
vt1 0.914062 0.048340
vt1 0.844727 0.051758
vt1 0.912598 0.049805
vt1 0.846680 0.053223
vt1 0.849121 0.047852
vt1 0.850098 0.049805
vt1 0.380371 0.813354
vt1 0.381104 0.813843
vt1 0.380859 0.814575
vt1 0.378174 0.814331
vt1 0.377441 0.812012
vt1 0.380859 0.878601
vt1 0.381104 0.879333
vt1 0.380371 0.879883
vt1 0.379883 0.878723
vt1 0.377441 0.878784
vt1 0.377441 0.881226
vt1 0.376953 0.814575
vt1 0.376221 0.811890
vt1 0.370361 0.811646
vt1 0.368164 0.813354
vt1 0.368652 0.814453
vt1 0.376953 0.878601
vt1 0.376221 0.881348
vt1 0.368652 0.878723
vt1 0.370361 0.881592
vt1 0.368164 0.879822
vt1 0.109741 0.519043
vt1 0.110779 0.520020
vt1 0.110718 0.593262
vt1 0.104248 0.594238
vt1 0.104248 0.519043
vt1 0.109680 0.594238
vt1 0.111755 0.596436
vt1 0.102539 0.596191
vt1 0.103455 0.593994
vt1 0.101929 0.595703
vt1 0.103455 0.519287
vt1 0.101135 0.592773
vt1 0.101196 0.521240
vt1 0.098694 0.522217
vt1 0.100098 0.520020
vt1 0.098633 0.591309
vt1 0.098083 0.521729
vt1 0.098083 0.591797
vt1 0.089355 0.519775
vt1 0.100464 0.593750
vt1 0.090820 0.521973
vt1 0.089294 0.593262
vt1 0.085571 0.524170
vt1 0.090820 0.591064
vt1 0.087402 0.525391
vt1 0.085632 0.588867
vt1 0.087524 0.587646
vt1 0.157104 0.459961
vt1 0.156494 0.458984
vt1 0.165527 0.459473
vt1 0.157104 0.633545
vt1 0.165405 0.633545
vt1 0.166138 0.633301
vt1 0.166138 0.459473
vt1 0.168701 0.633057
vt1 0.168945 0.459473
vt1 0.169434 0.459961
vt1 0.169434 0.633301
vt1 0.168945 0.634277
vt1 0.762695 0.071289
vt1 0.763672 0.070312
vt1 0.763672 0.079590
vt1 0.589355 0.071289
vt1 0.589355 0.079590
vt1 0.589355 0.080078
vt1 0.763672 0.080078
vt1 0.589355 0.082520
vt1 0.763184 0.083008
vt1 0.762695 0.083496
vt1 0.589355 0.083496
vt1 0.588379 0.083008
vt1 0.128174 0.965881
vt1 0.128662 0.966675
vt1 0.125122 0.966583
vt1 0.128174 0.908997
vt1 0.125122 0.909302
vt1 0.127930 0.907959
vt1 0.124329 0.909363
vt1 0.124268 0.908630
vt1 0.125366 0.905762
vt1 0.124451 0.905640
vt1 0.035736 0.905640
vt1 0.035889 0.908630
vt1 0.034698 0.905762
vt1 0.035889 0.909363
vt1 0.035004 0.909302
vt1 0.032257 0.908020
vt1 0.032043 0.908997
vt1 0.031952 0.965881
vt1 0.031494 0.966644
vt1 0.035004 0.966522
vt1 0.035858 0.966064
vt1 0.035797 0.966919
vt1 0.124329 0.966064
vt1 0.124390 0.966919
vt1 0.882324 0.659912
vt1 0.881836 0.659180
vt1 0.885254 0.659180
vt1 0.882324 0.716797
vt1 0.885254 0.716553
vt1 0.882324 0.717773
vt1 0.886230 0.717285
vt1 0.884766 0.720215
vt1 0.885742 0.720215
vt1 0.974609 0.720215
vt1 0.886230 0.716553
vt1 0.974609 0.717285
vt1 0.975586 0.720215
vt1 0.974609 0.716553
vt1 0.975098 0.716553
vt1 0.978027 0.717773
vt1 0.978516 0.716797
vt1 0.978516 0.659912
vt1 0.979004 0.659180
vt1 0.975098 0.659180
vt1 0.974609 0.659668
vt1 0.974609 0.658936
vt1 0.885742 0.659668
vt1 0.885742 0.658936
vt1 0.942383 0.688477
vt1 0.942383 0.706543
vt1 0.894531 0.688477
vt1 0.894531 0.706543
vt1 0.940918 0.690430
vt1 0.940430 0.689453
vt1 0.940918 0.704590
vt1 0.896484 0.689453
vt1 0.940430 0.705322
vt1 0.895508 0.690430
vt1 0.896484 0.705322
vt1 0.895508 0.704590
vt1 0.977539 0.960815
vt1 0.979004 0.958466
vt1 0.979980 0.959778
vt1 0.979004 0.885132
vt1 0.979980 0.883789
vt1 0.977539 0.882874
vt1 0.976562 0.883484
vt1 0.976562 0.882141
vt1 0.892578 0.882141
vt1 0.976562 0.960052
vt1 0.976562 0.961426
vt1 0.892578 0.961426
vt1 0.893066 0.883484
vt1 0.893066 0.960052
vt1 0.892090 0.960815
vt1 0.892090 0.882874
vt1 0.889648 0.959778
vt1 0.890625 0.958466
vt1 0.890625 0.885132
vt1 0.889648 0.883789
vt1 0.031464 0.703613
vt1 0.030930 0.702393
vt1 0.031708 0.702393
vt1 0.032196 0.703369
vt1 0.032196 0.876709
vt1 0.032532 0.877441
vt1 0.031647 0.877930
vt1 0.031403 0.876831
vt1 0.028961 0.876770
vt1 0.029037 0.703125
vt1 0.028900 0.879211
vt1 0.028351 0.876526
vt1 0.028336 0.703125
vt1 0.027542 0.879333
vt1 0.019989 0.703125
vt1 0.021759 0.879395
vt1 0.020050 0.876526
vt1 0.019608 0.877625
vt1 0.417480 0.377441
vt1 0.419189 0.375000
vt1 0.419922 0.375977
vt1 0.419189 0.301270
vt1 0.419922 0.300293
vt1 0.417480 0.299316
vt1 0.416748 0.299805
vt1 0.416992 0.298340
vt1 0.243286 0.298340
vt1 0.243286 0.299805
vt1 0.243286 0.376465
vt1 0.416748 0.376465
vt1 0.416992 0.377930
vt1 0.243408 0.377930
vt1 0.419189 0.278809
vt1 0.420166 0.277832
vt1 0.420410 0.278809
vt1 0.419189 0.279297
vt1 0.245972 0.279297
vt1 0.245239 0.279785
vt1 0.244751 0.278809
vt1 0.245850 0.278320
vt1 0.245972 0.275879
vt1 0.419434 0.276367
vt1 0.243530 0.275879
vt1 0.246216 0.275391
vt1 0.419678 0.275391
vt1 0.243408 0.274902
vt1 0.419678 0.267090
vt1 0.243286 0.269043
vt1 0.246094 0.267090
vt1 0.245117 0.266602
vt1 0.059906 0.852661
vt1 0.062286 0.854370
vt1 0.060974 0.854980
vt1 0.135620 0.854248
vt1 0.136963 0.854980
vt1 0.137939 0.852783
vt1 0.137329 0.851929
vt1 0.138672 0.852051
vt1 0.138672 0.678467
vt1 0.137207 0.678467
vt1 0.060577 0.678467
vt1 0.060669 0.851929
vt1 0.059296 0.852051
vt1 0.059174 0.678467
vt1 0.561035 0.303711
vt1 0.563477 0.305176
vt1 0.562012 0.305664
vt1 0.637207 0.305176
vt1 0.638184 0.305664
vt1 0.639160 0.303711
vt1 0.638672 0.302734
vt1 0.640137 0.302734
vt1 0.640137 0.238770
vt1 0.562012 0.302734
vt1 0.560547 0.302734
vt1 0.560547 0.238770
vt1 0.638672 0.238770
vt1 0.562012 0.238770
vt1 0.561035 0.238281
vt1 0.639160 0.238281
vt1 0.562012 0.235840
vt1 0.563477 0.236328
vt1 0.637207 0.236328
vt1 0.638184 0.235840
vt1 0.246460 0.937927
vt1 0.246460 0.966858
vt1 0.243408 0.966766
vt1 0.243530 0.937958
vt1 0.246582 0.937073
vt1 0.242676 0.966003
vt1 0.242676 0.966888
vt1 0.154175 0.966736
vt1 0.154175 0.965881
vt1 0.153442 0.966736
vt1 0.242676 0.937958
vt1 0.154297 0.937836
vt1 0.153320 0.937775
vt1 0.153687 0.937134
vt1 0.242676 0.937317
vt1 0.242554 0.935669
vt1 0.153687 0.935486
vt1 0.243530 0.935608
vt1 0.246582 0.935486
vt1 0.246460 0.934937
vt1 0.246582 0.906006
vt1 0.243530 0.906067
vt1 0.242676 0.934875
vt1 0.242676 0.906799
vt1 0.242798 0.905945
vt1 0.154297 0.934753
vt1 0.153442 0.934753
vt1 0.154297 0.906677
vt1 0.154297 0.905823
vt1 0.153442 0.905823
vt1 0.270752 0.684082
vt1 0.270752 0.655029
vt1 0.273682 0.655273
vt1 0.273682 0.684082
vt1 0.270508 0.684814
vt1 0.274414 0.656006
vt1 0.274414 0.655029
vt1 0.331055 0.655029
vt1 0.331055 0.656006
vt1 0.331787 0.655029
vt1 0.274414 0.684082
vt1 0.331055 0.684082
vt1 0.331787 0.685791
vt1 0.274414 0.684814
vt1 0.330811 0.684814
vt1 0.273682 0.686523
vt1 0.270508 0.686768
vt1 0.270752 0.687256
vt1 0.270752 0.716309
vt1 0.273682 0.716064
vt1 0.274414 0.686523
vt1 0.331055 0.686523
vt1 0.274414 0.687256
vt1 0.331055 0.687256
vt1 0.331055 0.715332
vt1 0.331787 0.716309
vt1 0.331055 0.716309
vt1 0.274414 0.716309
vt1 0.274414 0.715332
vt1 0.135620 0.642822
vt1 0.138062 0.643555
vt1 0.134766 0.644043
vt1 0.137207 0.644531
vt1 0.138550 0.644531
vt1 0.137207 0.652832
vt1 0.138550 0.653076
vt1 0.137329 0.654297
vt1 0.060394 0.654053
vt1 0.060547 0.644531
vt1 0.060577 0.652832
vt1 0.059235 0.653076
vt1 0.059174 0.644287
vt1 0.059753 0.643555
vt1 0.062347 0.643066
vt1 0.062195 0.642578
vt1 0.135376 0.643066
vt1 0.066406 0.637939
vt1 0.131348 0.637939
vt1 0.130981 0.637207
vt1 0.131958 0.637207
vt1 0.137451 0.640381
vt1 0.066711 0.637207
vt1 0.136719 0.625000
vt1 0.138062 0.639160
vt1 0.137573 0.624268
vt1 0.131714 0.624756
vt1 0.136719 0.623779
vt1 0.137573 0.460938
vt1 0.136841 0.459961
vt1 0.131714 0.624268
vt1 0.131836 0.459961
vt1 0.131348 0.458984
vt1 0.130981 0.624756
vt1 0.130615 0.624268
vt1 0.130981 0.459961
vt1 0.067566 0.459961
vt1 0.066467 0.458984
vt1 0.126221 0.613770
vt1 0.126221 0.463867
vt1 0.066895 0.460449
vt1 0.125488 0.612549
vt1 0.125488 0.465332
vt1 0.125122 0.613037
vt1 0.125122 0.464844
vt1 0.071655 0.613525
vt1 0.072693 0.613037
vt1 0.072266 0.612549
vt1 0.071716 0.463867
vt1 0.072693 0.464844
vt1 0.072327 0.465332
vt1 0.067139 0.624268
vt1 0.066040 0.459961
vt1 0.061096 0.459961
vt1 0.066833 0.624756
vt1 0.066101 0.624268
vt1 0.061096 0.623779
vt1 0.060272 0.460938
vt1 0.060272 0.624268
vt1 0.066101 0.624756
vt1 0.061127 0.625000
vt1 0.059723 0.639160
vt1 0.060150 0.640381
vt1 0.065735 0.637207
vt1 0.967773 0.023438
vt1 0.968262 0.020996
vt1 0.968750 0.023926
vt1 0.969727 0.021484
vt1 0.969238 0.020020
vt1 0.977539 0.021484
vt1 0.978027 0.020508
vt1 0.979004 0.021484
vt1 0.979004 0.098633
vt1 0.969238 0.098145
vt1 0.977539 0.098145
vt1 0.978027 0.099609
vt1 0.969238 0.099609
vt1 0.968262 0.099121
vt1 0.968262 0.096680
vt1 0.967773 0.096680
vt1 0.967773 0.023438
vt1 0.962891 0.092285
vt1 0.962891 0.027344
vt1 0.961914 0.027832
vt1 0.961914 0.026855
vt1 0.965332 0.021484
vt1 0.961914 0.092285
vt1 0.949707 0.021973
vt1 0.964355 0.020996
vt1 0.949219 0.021484
vt1 0.949707 0.027344
vt1 0.948730 0.021973
vt1 0.785645 0.020996
vt1 0.784668 0.021973
vt1 0.949219 0.027344
vt1 0.784668 0.026855
vt1 0.784180 0.027344
vt1 0.949707 0.027832
vt1 0.949219 0.028320
vt1 0.784668 0.027832
vt1 0.784668 0.091309
vt1 0.783691 0.092285
vt1 0.938477 0.032715
vt1 0.789062 0.032715
vt1 0.785156 0.091797
vt1 0.937500 0.033203
vt1 0.790039 0.033203
vt1 0.937988 0.033691
vt1 0.789551 0.033691
vt1 0.938477 0.087402
vt1 0.937988 0.086426
vt1 0.937500 0.086426
vt1 0.789062 0.087402
vt1 0.789551 0.085938
vt1 0.790039 0.086426
vt1 0.949219 0.091797
vt1 0.784668 0.092773
vt1 0.784668 0.097656
vt1 0.949707 0.091797
vt1 0.949219 0.092773
vt1 0.948730 0.097656
vt1 0.785645 0.098633
vt1 0.949219 0.098633
vt1 0.949707 0.092773
vt1 0.949707 0.097656
vt1 0.963867 0.099121
vt1 0.965332 0.098633
vt1 0.961914 0.093262
vt1 0.509766 0.373535
vt1 0.510254 0.374023
vt1 0.509277 0.375000
vt1 0.509277 0.373535
vt1 0.509277 0.289551
vt1 0.509766 0.289062
vt1 0.509277 0.288574
vt1 0.506836 0.373535
vt1 0.506836 0.375977
vt1 0.506836 0.289551
vt1 0.506836 0.287109
vt1 0.506348 0.373535
vt1 0.505371 0.376465
vt1 0.499756 0.376465
vt1 0.497559 0.375000
vt1 0.498047 0.373535
vt1 0.498047 0.289551
vt1 0.506348 0.289551
vt1 0.497559 0.288574
vt1 0.505371 0.287109
vt1 0.499756 0.286621
vt1 0.335449 0.459473
vt1 0.339111 0.463379
vt1 0.337646 0.463867
vt1 0.333252 0.458984
vt1 0.339111 0.469238
vt1 0.295898 0.469727
vt1 0.295898 0.459473
vt1 0.294434 0.460449
vt1 0.294434 0.469727
vt1 0.337646 0.469238
vt1 0.339111 0.473145
vt1 0.295898 0.473633
vt1 0.294434 0.473633
vt1 0.337646 0.473145
vt1 0.339111 0.486328
vt1 0.295898 0.486328
vt1 0.294189 0.486328
vt1 0.337402 0.486328
vt1 0.338867 0.490234
vt1 0.295898 0.490234
vt1 0.294189 0.490234
vt1 0.294189 0.499512
vt1 0.295654 0.500244
vt1 0.333252 0.500488
vt1 0.337402 0.490234
vt1 0.337402 0.495605
vt1 0.335449 0.500000
vt1 0.338867 0.496094
vt1 0.580566 0.827026
vt1 0.584473 0.823486
vt1 0.584961 0.824951
vt1 0.580078 0.829346
vt1 0.590332 0.823364
vt1 0.590820 0.878174
vt1 0.580566 0.878235
vt1 0.581543 0.879822
vt1 0.590820 0.879700
vt1 0.594727 0.879761
vt1 0.589844 0.824951
vt1 0.594238 0.824951
vt1 0.594238 0.823486
vt1 0.594727 0.878174
vt1 0.607422 0.879822
vt1 0.606934 0.825073
vt1 0.607422 0.823486
vt1 0.607422 0.878296
vt1 0.611328 0.879822
vt1 0.611328 0.825073
vt1 0.611328 0.823608
vt1 0.611328 0.878296
vt1 0.620117 0.879883
vt1 0.621582 0.878296
vt1 0.621582 0.829346
vt1 0.616699 0.825073
vt1 0.617188 0.823486
vt1 0.621094 0.827026
vt1 0.408203 0.815308
vt1 0.412109 0.811646
vt1 0.412598 0.813232
vt1 0.407715 0.817505
vt1 0.417725 0.811646
vt1 0.418457 0.877808
vt1 0.408203 0.877869
vt1 0.409180 0.879456
vt1 0.418457 0.879333
vt1 0.422363 0.879395
vt1 0.417725 0.813232
vt1 0.421631 0.813232
vt1 0.421875 0.811646
vt1 0.422363 0.877808
vt1 0.435059 0.879395
vt1 0.434814 0.813232
vt1 0.434814 0.811768
vt1 0.435059 0.877869
vt1 0.438965 0.879456
vt1 0.438965 0.813354
vt1 0.438965 0.811768
vt1 0.438965 0.877869
vt1 0.447998 0.879517
vt1 0.449219 0.877930
vt1 0.449219 0.817627
vt1 0.444336 0.813232
vt1 0.444824 0.811768
vt1 0.448730 0.815308
vt1 0.432861 0.753296
vt1 0.436523 0.757080
vt1 0.435059 0.757690
vt1 0.430664 0.752808
vt1 0.436523 0.762817
vt1 0.370361 0.763428
vt1 0.370361 0.753174
vt1 0.368652 0.754272
vt1 0.368896 0.763428
vt1 0.368652 0.767334
vt1 0.435059 0.762817
vt1 0.435059 0.766724
vt1 0.436523 0.766846
vt1 0.370361 0.767334
vt1 0.368652 0.780151
vt1 0.434814 0.779907
vt1 0.436523 0.779907
vt1 0.370361 0.780151
vt1 0.368652 0.783936
vt1 0.434814 0.784058
vt1 0.436279 0.783936
vt1 0.370361 0.783936
vt1 0.368652 0.792969
vt1 0.370117 0.794189
vt1 0.430664 0.794312
vt1 0.434814 0.789429
vt1 0.436523 0.789917
vt1 0.432861 0.793823
vt1 0.429932 0.678711
vt1 0.429932 0.679443
vt1 0.428955 0.679443
vt1 0.429932 0.736084
vt1 0.399414 0.678711
vt1 0.428955 0.736084
vt1 0.429932 0.736816
vt1 0.400879 0.736084
vt1 0.400879 0.736816
vt1 0.400146 0.736572
vt1 0.400879 0.679443
vt1 0.400146 0.679443
vt1 0.398682 0.679688
vt1 0.398438 0.736572
vt1 0.397705 0.679443
vt1 0.368896 0.678711
vt1 0.397705 0.736084
vt1 0.397705 0.736816
vt1 0.369629 0.679443
vt1 0.368652 0.679443
vt1 0.369629 0.736084
vt1 0.368896 0.736816
vt1 0.368896 0.736084
vt1 0.687988 0.537598
vt1 0.686035 0.537842
vt1 0.686035 0.528076
vt1 0.687012 0.526123
vt1 0.685547 0.528320
vt1 0.684082 0.537842
vt1 0.683105 0.525879
vt1 0.684082 0.528320
vt1 0.683594 0.528076
vt1 0.682129 0.537598
vt1 0.741211 0.647217
vt1 0.752930 0.647949
vt1 0.750488 0.648926
vt1 0.740723 0.648926
vt1 0.750488 0.649414
vt1 0.752930 0.652100
vt1 0.740723 0.651123
vt1 0.750488 0.650879
vt1 0.750488 0.651367
vt1 0.741211 0.653076
vt1 0.656738 0.471191
vt1 0.655762 0.459473
vt1 0.654785 0.461426
vt1 0.654785 0.471191
vt1 0.654297 0.461914
vt1 0.651855 0.459473
vt1 0.652344 0.471191
vt1 0.652832 0.461914
vt1 0.652344 0.461426
vt1 0.650879 0.471191
vt1 0.556641 0.600342
vt1 0.558594 0.600586
vt1 0.558594 0.590820
vt1 0.557617 0.588867
vt1 0.558594 0.591064
vt1 0.560547 0.600586
vt1 0.561523 0.588623
vt1 0.560547 0.591064
vt1 0.560547 0.590820
vt1 0.562500 0.600342
vt1 0.562500 0.537598
vt1 0.560547 0.537842
vt1 0.560547 0.528076
vt1 0.561523 0.526123
vt1 0.560547 0.528320
vt1 0.558594 0.537842
vt1 0.557617 0.525879
vt1 0.558594 0.528320
vt1 0.558594 0.528076
vt1 0.556641 0.537598
vt1 0.625000 0.502441
vt1 0.623535 0.502686
vt1 0.623535 0.493164
vt1 0.624512 0.490723
vt1 0.623047 0.493164
vt1 0.621094 0.502686
vt1 0.620117 0.490723
vt1 0.621582 0.493164
vt1 0.621094 0.493164
vt1 0.619141 0.502441
vt1 0.625000 0.537598
vt1 0.623535 0.537842
vt1 0.623535 0.528076
vt1 0.624512 0.526123
vt1 0.623047 0.528320
vt1 0.621094 0.537842
vt1 0.620117 0.525879
vt1 0.621582 0.528320
vt1 0.621094 0.528076
vt1 0.619141 0.537598
vt1 0.562500 0.502441
vt1 0.560547 0.502686
vt1 0.560547 0.493164
vt1 0.561523 0.490723
vt1 0.560547 0.493164
vt1 0.558594 0.502686
vt1 0.557617 0.490723
vt1 0.558594 0.493164
vt1 0.558594 0.493164
vt1 0.556641 0.502441
vt1 0.687988 0.502441
vt1 0.686035 0.502686
vt1 0.686035 0.493164
vt1 0.687012 0.490723
vt1 0.685547 0.493164
vt1 0.684082 0.502686
vt1 0.683105 0.490723
vt1 0.684082 0.493164
vt1 0.683594 0.493164
vt1 0.682129 0.502441
vt1 0.650879 0.502441
vt1 0.651367 0.490723
vt1 0.652344 0.493164
vt1 0.652344 0.502686
vt1 0.652832 0.493164
vt1 0.655762 0.490723
vt1 0.654785 0.502686
vt1 0.654297 0.493164
vt1 0.654785 0.493164
vt1 0.656738 0.502441
vt1 0.587891 0.537598
vt1 0.588867 0.526123
vt1 0.589844 0.528076
vt1 0.589844 0.537842
vt1 0.590332 0.528320
vt1 0.592773 0.525879
vt1 0.591797 0.537842
vt1 0.591797 0.528320
vt1 0.592285 0.528076
vt1 0.593750 0.537598
vt1 0.587891 0.600342
vt1 0.588867 0.588867
vt1 0.589844 0.590820
vt1 0.589844 0.600586
vt1 0.590332 0.591064
vt1 0.592773 0.588623
vt1 0.591797 0.600586
vt1 0.591797 0.591064
vt1 0.592285 0.590820
vt1 0.593750 0.600342
vt1 0.619141 0.600342
vt1 0.620117 0.588867
vt1 0.621094 0.590820
vt1 0.621094 0.600586
vt1 0.621582 0.591064
vt1 0.624023 0.588623
vt1 0.623535 0.600586
vt1 0.623047 0.591064
vt1 0.623535 0.590820
vt1 0.625000 0.600342
vt1 0.682129 0.600342
vt1 0.683105 0.588867
vt1 0.683594 0.590820
vt1 0.683594 0.600586
vt1 0.684082 0.591064
vt1 0.687012 0.588623
vt1 0.686035 0.600586
vt1 0.685547 0.591064
vt1 0.686035 0.590820
vt1 0.687988 0.600342
vt1 0.562500 0.471191
vt1 0.560547 0.471191
vt1 0.560547 0.461426
vt1 0.561523 0.459473
vt1 0.560547 0.461914
vt1 0.558594 0.471191
vt1 0.557617 0.459473
vt1 0.558594 0.461914
vt1 0.558594 0.461426
vt1 0.556641 0.471191
vt1 0.625000 0.471191
vt1 0.623535 0.471191
vt1 0.623535 0.461426
vt1 0.624512 0.459473
vt1 0.623047 0.461914
vt1 0.621094 0.471191
vt1 0.620117 0.459473
vt1 0.621582 0.461914
vt1 0.621094 0.461426
vt1 0.619141 0.471191
vt1 0.593750 0.471191
vt1 0.592285 0.471191
vt1 0.592285 0.461426
vt1 0.592773 0.459473
vt1 0.591797 0.461914
vt1 0.589844 0.471191
vt1 0.588867 0.459473
vt1 0.590332 0.461914
vt1 0.589844 0.461426
vt1 0.587891 0.471191
vt1 0.593750 0.502441
vt1 0.592285 0.502686
vt1 0.592285 0.493164
vt1 0.592773 0.490723
vt1 0.591797 0.493164
vt1 0.589844 0.502686
vt1 0.588867 0.490723
vt1 0.590332 0.493164
vt1 0.589844 0.493164
vt1 0.587891 0.502441
vt1 0.687988 0.471191
vt1 0.686035 0.471191
vt1 0.686035 0.461426
vt1 0.687012 0.459473
vt1 0.685547 0.461914
vt1 0.684082 0.471191
vt1 0.683105 0.459473
vt1 0.684082 0.461914
vt1 0.683594 0.461426
vt1 0.682129 0.471191
vt1 0.650879 0.537598
vt1 0.651367 0.526123
vt1 0.652344 0.528076
vt1 0.652344 0.537842
vt1 0.652832 0.528320
vt1 0.655762 0.525879
vt1 0.654785 0.537842
vt1 0.654297 0.528320
vt1 0.654785 0.528076
vt1 0.656738 0.537598
vt1 0.650879 0.600342
vt1 0.651367 0.588867
vt1 0.652344 0.590820
vt1 0.652344 0.600586
vt1 0.652832 0.591064
vt1 0.655762 0.588623
vt1 0.654785 0.600586
vt1 0.654297 0.591064
vt1 0.654785 0.590820
vt1 0.656738 0.600342
vt1 0.744629 0.600342
vt1 0.745605 0.588867
vt1 0.746582 0.590820
vt1 0.746582 0.600586
vt1 0.747070 0.591064
vt1 0.749512 0.588623
vt1 0.748535 0.600586
vt1 0.748535 0.591064
vt1 0.749023 0.590820
vt1 0.750488 0.600342
vt1 0.713379 0.600342
vt1 0.714355 0.588867
vt1 0.715332 0.590820
vt1 0.715332 0.600586
vt1 0.715332 0.591064
vt1 0.718262 0.588623
vt1 0.717285 0.600586
vt1 0.717285 0.591064
vt1 0.717285 0.590820
vt1 0.719238 0.600342
vt1 0.715332 0.639404
vt1 0.714355 0.651123
vt1 0.713379 0.649170
vt1 0.713379 0.639404
vt1 0.713379 0.648926
vt1 0.710449 0.651367
vt1 0.711426 0.639404
vt1 0.711426 0.648926
vt1 0.711426 0.649170
vt1 0.709473 0.639404
vt1 0.648926 0.651367
vt1 0.646973 0.651611
vt1 0.646973 0.641846
vt1 0.647949 0.639648
vt1 0.646484 0.642090
vt1 0.644531 0.651611
vt1 0.644043 0.639404
vt1 0.645020 0.641846
vt1 0.644531 0.641846
vt1 0.643066 0.651367
vt1 0.686035 0.653076
vt1 0.674805 0.652100
vt1 0.676758 0.651367
vt1 0.686523 0.651367
vt1 0.676758 0.650879
vt1 0.674316 0.648193
vt1 0.686523 0.648926
vt1 0.676758 0.649414
vt1 0.676758 0.648926
vt1 0.686035 0.647217
vt1 0.713379 0.502441
vt1 0.714355 0.490723
vt1 0.715332 0.493164
vt1 0.715332 0.502686
vt1 0.715820 0.493164
vt1 0.718262 0.490723
vt1 0.717285 0.502686
vt1 0.717285 0.493164
vt1 0.717773 0.493164
vt1 0.719238 0.502441
vt1 0.719238 0.471191
vt1 0.717285 0.471191
vt1 0.717773 0.461426
vt1 0.718262 0.459473
vt1 0.717285 0.461914
vt1 0.715332 0.471191
vt1 0.714355 0.459473
vt1 0.715332 0.461914
vt1 0.715332 0.461426
vt1 0.713379 0.471191
vt1 0.229126 0.464355
vt1 0.228271 0.462402
vt1 0.230835 0.459961
vt1 0.227661 0.463867
vt1 0.231812 0.460449
vt1 0.232300 0.458984
vt1 0.229126 0.500488
vt1 0.227661 0.500732
vt1 0.252441 0.458984
vt1 0.228271 0.502197
vt1 0.253418 0.461426
vt1 0.254395 0.459961
vt1 0.268066 0.473633
vt1 0.232056 0.504150
vt1 0.230835 0.504883
vt1 0.232178 0.505615
vt1 0.267334 0.475098
vt1 0.268799 0.475586
vt1 0.268799 0.488770
vt1 0.252441 0.504150
vt1 0.252197 0.505615
vt1 0.254150 0.504639
vt1 0.266846 0.490234
vt1 0.268066 0.490723
vt1 0.272949 0.521729
vt1 0.273926 0.522705
vt1 0.272705 0.522949
vt1 0.273926 0.537354
vt1 0.228760 0.522949
vt1 0.228638 0.521729
vt1 0.227661 0.522705
vt1 0.272705 0.537109
vt1 0.272949 0.538330
vt1 0.228638 0.538330
vt1 0.228760 0.537109
vt1 0.227661 0.537354
vt1 0.690430 0.438965
vt1 0.693848 0.441406
vt1 0.690430 0.440430
vt1 0.691895 0.435059
vt1 0.694824 0.436523
vt1 0.695801 0.438477
vt1 0.619141 0.127441
vt1 0.619629 0.130371
vt1 0.617676 0.131348
vt1 0.612305 0.127441
vt1 0.613770 0.131348
vt1 0.608398 0.130859
vt1 0.604492 0.127441
vt1 0.603027 0.130859
vt1 0.598145 0.127441
vt1 0.598145 0.130859
vt1 0.593750 0.130859
vt1 0.592285 0.127441
vt1 0.588379 0.130371
vt1 0.587891 0.127441
vt1 0.475342 0.428223
vt1 0.475342 0.430664
vt1 0.470703 0.430176
vt1 0.466553 0.427734
vt1 0.465332 0.429688
vt1 0.454590 0.428223
vt1 0.458252 0.430176
vt1 0.449219 0.430176
vt1 0.453125 0.430176
vt1 0.440430 0.428223
vt1 0.442871 0.430176
vt1 0.435059 0.429688
vt1 0.427490 0.428223
vt1 0.427734 0.430664
vt1 0.458008 0.600098
vt1 0.458008 0.604004
vt1 0.453125 0.604248
vt1 0.452148 0.600098
vt1 0.447510 0.603760
vt1 0.443359 0.600098
vt1 0.442627 0.604004
vt1 0.435547 0.603760
vt1 0.434814 0.600098
vt1 0.429199 0.604248
vt1 0.428223 0.600098
vt1 0.423584 0.604004
vt1 0.423584 0.600098
vt1 0.278564 0.564941
vt1 0.282227 0.564941
vt1 0.282471 0.569824
vt1 0.278564 0.572998
vt1 0.282227 0.575195
vt1 0.282227 0.580322
vt1 0.278564 0.581055
vt1 0.282471 0.586914
vt1 0.278564 0.587646
vt1 0.282715 0.592041
vt1 0.278564 0.593994
vt1 0.282471 0.596680
vt1 0.282227 0.599365
vt1 0.278564 0.599365
vt1 0.423584 0.576172
vt1 0.423584 0.572754
vt1 0.428467 0.572266
vt1 0.431641 0.576172
vt1 0.433838 0.572754
vt1 0.439209 0.572510
vt1 0.439697 0.576172
vt1 0.445557 0.572266
vt1 0.446289 0.576172
vt1 0.450684 0.572021
vt1 0.452637 0.576172
vt1 0.455322 0.572266
vt1 0.458008 0.572754
vt1 0.458008 0.576172
vt1 0.260010 0.604248
vt1 0.254883 0.604248
vt1 0.254883 0.600586
vt1 0.260254 0.598633
vt1 0.254883 0.595459
vt1 0.260010 0.591553
vt1 0.254639 0.588379
vt1 0.260254 0.584473
vt1 0.254883 0.581055
vt1 0.260010 0.579102
vt1 0.254883 0.574219
vt1 0.260254 0.573486
vt1 0.254883 0.568359
vt1 0.260254 0.568359
vt1 0.254883 0.564941
vt1 0.260010 0.564941
vt1 0.836426 0.878967
vt1 0.834473 0.878967
vt1 0.834473 0.875732
vt1 0.836426 0.875000
vt1 0.834473 0.872192
vt1 0.836426 0.871094
vt1 0.834473 0.867798
vt1 0.835938 0.867310
vt1 0.834473 0.863403
vt1 0.836426 0.861938
vt1 0.834473 0.859863
vt1 0.836426 0.858521
vt1 0.834473 0.856079
vt1 0.835938 0.854736
vt1 0.834473 0.851196
vt1 0.836426 0.850586
vt1 0.548340 0.776489
vt1 0.550293 0.776367
vt1 0.550293 0.780518
vt1 0.548340 0.780518
vt1 0.550293 0.784058
vt1 0.548340 0.784180
vt1 0.550293 0.787842
vt1 0.548340 0.788452
vt1 0.550293 0.791748
vt1 0.548340 0.792847
vt1 0.550293 0.795898
vt1 0.548340 0.796875
vt1 0.550293 0.800659
vt1 0.548340 0.800903
vt1 0.550293 0.804565
vt1 0.548340 0.804688
vt1 0.837402 0.936646
vt1 0.837402 0.943909
vt1 0.832520 0.943848
vt1 0.832031 0.937012
vt1 0.824219 0.943512
vt1 0.824219 0.937073
vt1 0.816406 0.943512
vt1 0.816406 0.936646
vt1 0.811523 0.943909
vt1 0.811523 0.936646
vt1 0.806152 0.943848
vt1 0.803223 0.937073
vt1 0.801270 0.943909
vt1 0.794922 0.943970
vt1 0.795410 0.937012
vt1 0.790039 0.936646
vt1 0.785156 0.943512
vt1 0.785156 0.936646
vt1 0.779785 0.943909
vt1 0.779785 0.936646
vt1 0.616211 0.677002
vt1 0.613770 0.681152
vt1 0.613281 0.671387
vt1 0.608887 0.682861
vt1 0.607422 0.671387
vt1 0.604980 0.679932
vt1 0.604492 0.673828
vt1 0.604004 0.679443
vt1 0.398193 0.572754
vt1 0.398193 0.574707
vt1 0.394287 0.575195
vt1 0.393066 0.572754
vt1 0.389648 0.574951
vt1 0.387939 0.572754
vt1 0.383545 0.575195
vt1 0.382812 0.572754
vt1 0.377686 0.575195
vt1 0.376465 0.572754
vt1 0.373047 0.575195
vt1 0.371094 0.572754
vt1 0.367188 0.575195
vt1 0.365967 0.572754
vt1 0.360840 0.574707
vt1 0.360840 0.572754
vt1 0.298096 0.547363
vt1 0.298584 0.544922
vt1 0.303955 0.545166
vt1 0.303711 0.547119
vt1 0.309814 0.544678
vt1 0.310059 0.547119
vt1 0.315430 0.544922
vt1 0.316406 0.547363
vt1 0.320312 0.544922
vt1 0.322021 0.547363
vt1 0.326416 0.544678
vt1 0.327148 0.547119
vt1 0.332275 0.544678
vt1 0.332275 0.547363
vt1 0.336182 0.544922
vt1 0.335693 0.547363
vt1 0.781250 0.460449
vt1 0.785156 0.458984
vt1 0.788086 0.460938
vt1 0.780273 0.464355
vt1 0.789062 0.464844
vt1 0.782715 0.467773
vt1 0.787109 0.467285
vt1 0.788086 0.633057
vt1 0.789062 0.636719
vt1 0.787109 0.639648
vt1 0.783691 0.631592
vt1 0.782715 0.640381
vt1 0.780762 0.633545
vt1 0.780273 0.636963
vt1 0.674805 0.807739
vt1 0.674805 0.809570
vt1 0.670898 0.809448
vt1 0.669922 0.807617
vt1 0.666016 0.809692
vt1 0.665527 0.807861
vt1 0.662109 0.809570
vt1 0.662109 0.807495
vt1 0.658691 0.809448
vt1 0.658691 0.807739
vt1 0.654785 0.809570
vt1 0.654297 0.807495
vt1 0.650879 0.809692
vt1 0.650391 0.807861
vt1 0.646973 0.809570
vt1 0.646973 0.807739
vt1 0.807129 0.231934
vt1 0.814453 0.231934
vt1 0.814453 0.236816
vt1 0.807617 0.237305
vt1 0.813965 0.244629
vt1 0.807129 0.247070
vt1 0.813965 0.252930
vt1 0.807129 0.253418
vt1 0.814453 0.257812
vt1 0.807129 0.258301
vt1 0.814453 0.263184
vt1 0.807129 0.263184
vt1 0.814453 0.268066
vt1 0.807617 0.268555
vt1 0.814453 0.273926
vt1 0.807617 0.273438
vt1 0.807129 0.278809
vt1 0.813965 0.284180
vt1 0.807129 0.284180
vt1 0.814453 0.289062
vt1 0.807129 0.289062
vt1 0.674316 0.706543
vt1 0.677734 0.702881
vt1 0.675781 0.712646
vt1 0.683105 0.702637
vt1 0.681152 0.714111
vt1 0.685547 0.706543
vt1 0.684570 0.712402
vt1 0.687012 0.707275
vt1 0.402100 0.521729
vt1 0.402100 0.523926
vt1 0.398682 0.524170
vt1 0.398682 0.521729
vt1 0.393799 0.524170
vt1 0.393555 0.521973
vt1 0.388672 0.524414
vt1 0.386719 0.521729
vt1 0.383545 0.524170
vt1 0.380127 0.521729
vt1 0.377197 0.524170
vt1 0.375000 0.521729
vt1 0.371094 0.523926
vt1 0.369873 0.521973
vt1 0.364746 0.523926
vt1 0.364746 0.521729
vt1 0.598145 0.392578
vt1 0.597656 0.395020
vt1 0.592285 0.394531
vt1 0.592773 0.392578
vt1 0.586426 0.395020
vt1 0.586426 0.392578
vt1 0.581055 0.395020
vt1 0.579590 0.392578
vt1 0.576172 0.395020
vt1 0.574219 0.392578
vt1 0.569824 0.395020
vt1 0.568848 0.392578
vt1 0.563965 0.395020
vt1 0.563965 0.392578
vt1 0.560059 0.395020
vt1 0.560547 0.392578
vt1 0.781250 0.703369
vt1 0.783203 0.702393
vt1 0.780273 0.708496
vt1 0.787109 0.702637
vt1 0.784180 0.710938
vt1 0.789062 0.706055
vt1 0.787598 0.709961
vt1 0.787598 0.569092
vt1 0.783691 0.570068
vt1 0.781250 0.567871
vt1 0.789551 0.565674
vt1 0.780273 0.563721
vt1 0.787598 0.562256
vt1 0.784180 0.561035
vt1 0.364746 0.458984
vt1 0.369629 0.458984
vt1 0.369629 0.462891
vt1 0.364502 0.464844
vt1 0.369873 0.467773
vt1 0.364502 0.471680
vt1 0.369873 0.475098
vt1 0.364502 0.479004
vt1 0.369873 0.482422
vt1 0.364746 0.484375
vt1 0.369873 0.489258
vt1 0.364502 0.489746
vt1 0.369629 0.495117
vt1 0.364258 0.495117
vt1 0.369629 0.498535
vt1 0.364746 0.498535
vt1 0.749512 0.388672
vt1 0.749512 0.390625
vt1 0.746094 0.390625
vt1 0.745117 0.388672
vt1 0.742676 0.390137
vt1 0.741699 0.388672
vt1 0.738281 0.390625
vt1 0.737793 0.388672
vt1 0.733887 0.390625
vt1 0.732422 0.388184
vt1 0.730469 0.390137
vt1 0.729004 0.388184
vt1 0.726562 0.390625
vt1 0.725098 0.388672
vt1 0.721680 0.390625
vt1 0.720703 0.388672
vt1 0.619141 0.141602
vt1 0.619141 0.143555
vt1 0.614746 0.143555
vt1 0.614746 0.141602
vt1 0.611328 0.143555
vt1 0.611328 0.141602
vt1 0.607422 0.143066
vt1 0.606934 0.141602
vt1 0.603516 0.143555
vt1 0.602539 0.141602
vt1 0.599609 0.143555
vt1 0.598633 0.141602
vt1 0.594727 0.143066
vt1 0.594727 0.141602
vt1 0.590820 0.143555
vt1 0.590820 0.141602
vt1 0.837402 0.960114
vt1 0.837402 0.967438
vt1 0.832520 0.967377
vt1 0.832031 0.960510
vt1 0.824219 0.967010
vt1 0.824219 0.960541
vt1 0.816406 0.967041
vt1 0.816406 0.960175
vt1 0.811523 0.967407
vt1 0.811523 0.960114
vt1 0.806152 0.967377
vt1 0.803223 0.960571
vt1 0.801270 0.967407
vt1 0.794922 0.967468
vt1 0.795410 0.960510
vt1 0.790039 0.960175
vt1 0.785156 0.967041
vt1 0.785156 0.960175
vt1 0.779785 0.967438
vt1 0.779785 0.960114
vt1 0.616211 0.708252
vt1 0.613770 0.712646
vt1 0.613281 0.702881
vt1 0.608887 0.714355
vt1 0.607422 0.702637
vt1 0.604980 0.711182
vt1 0.604492 0.705322
vt1 0.604004 0.710693
vt1 0.427490 0.523926
vt1 0.427490 0.521729
vt1 0.431396 0.521240
vt1 0.432617 0.523926
vt1 0.435791 0.521484
vt1 0.437744 0.523926
vt1 0.442139 0.521240
vt1 0.442871 0.523682
vt1 0.447998 0.521240
vt1 0.448975 0.523926
vt1 0.452637 0.521240
vt1 0.454590 0.523926
vt1 0.458252 0.521240
vt1 0.459717 0.523682
vt1 0.464844 0.521729
vt1 0.464844 0.523926
vt1 0.298096 0.574707
vt1 0.298584 0.572510
vt1 0.303955 0.572510
vt1 0.303711 0.574463
vt1 0.309814 0.572266
vt1 0.310059 0.574463
vt1 0.315430 0.572266
vt1 0.316406 0.574707
vt1 0.320312 0.572510
vt1 0.322021 0.574707
vt1 0.326416 0.572266
vt1 0.327148 0.574463
vt1 0.332275 0.572266
vt1 0.332275 0.574707
vt1 0.336182 0.572510
vt1 0.335693 0.574707
vt1 0.746094 0.527100
vt1 0.750000 0.525391
vt1 0.752930 0.527344
vt1 0.744629 0.530762
vt1 0.753906 0.531250
vt1 0.747559 0.534424
vt1 0.751465 0.533936
vt1 0.788086 0.597900
vt1 0.789062 0.601562
vt1 0.787109 0.604492
vt1 0.783691 0.596436
vt1 0.782715 0.604980
vt1 0.780762 0.598145
vt1 0.780273 0.601562
vt1 0.490234 0.458984
vt1 0.491943 0.458984
vt1 0.491943 0.462891
vt1 0.489990 0.463867
vt1 0.491943 0.467773
vt1 0.490234 0.468262
vt1 0.491943 0.471680
vt1 0.489990 0.472168
vt1 0.491943 0.475586
vt1 0.490234 0.475098
vt1 0.491943 0.479004
vt1 0.489746 0.479492
vt1 0.491943 0.482910
vt1 0.490234 0.483398
vt1 0.491943 0.486816
vt1 0.490234 0.487305
vt1 0.238403 0.622314
vt1 0.231201 0.622314
vt1 0.231201 0.617188
vt1 0.238037 0.616943
vt1 0.231567 0.609131
vt1 0.238525 0.607178
vt1 0.231567 0.601318
vt1 0.238403 0.600830
vt1 0.231201 0.596191
vt1 0.238403 0.595947
vt1 0.231201 0.591064
vt1 0.238525 0.590820
vt1 0.231201 0.586182
vt1 0.238037 0.585693
vt1 0.231079 0.579834
vt1 0.238037 0.580566
vt1 0.238403 0.575195
vt1 0.231567 0.570068
vt1 0.238403 0.570068
vt1 0.231201 0.564941
vt1 0.238403 0.564697
vt1 0.674316 0.675049
vt1 0.677734 0.671631
vt1 0.675781 0.681152
vt1 0.683105 0.671143
vt1 0.681152 0.682861
vt1 0.685547 0.675293
vt1 0.684570 0.681152
vt1 0.687012 0.676025
vt1 0.460938 0.541260
vt1 0.460938 0.543457
vt1 0.457520 0.543701
vt1 0.457520 0.541260
vt1 0.452637 0.543945
vt1 0.452393 0.541504
vt1 0.447510 0.543945
vt1 0.445557 0.541260
vt1 0.442383 0.543701
vt1 0.438965 0.541260
vt1 0.436035 0.543701
vt1 0.433838 0.541260
vt1 0.429932 0.543457
vt1 0.428711 0.541504
vt1 0.423584 0.543457
vt1 0.423584 0.541260
vt1 0.535156 0.395020
vt1 0.532715 0.394531
vt1 0.532715 0.389160
vt1 0.535156 0.389160
vt1 0.532715 0.383301
vt1 0.535156 0.382812
vt1 0.532715 0.377441
vt1 0.535156 0.376465
vt1 0.532715 0.373047
vt1 0.535156 0.371094
vt1 0.532715 0.366699
vt1 0.535156 0.365723
vt1 0.532715 0.360840
vt1 0.535156 0.360840
vt1 0.532715 0.356934
vt1 0.535156 0.357422
vt1 0.518555 0.569092
vt1 0.517578 0.566895
vt1 0.523926 0.569824
vt1 0.518066 0.562988
vt1 0.526367 0.565918
vt1 0.521484 0.561035
vt1 0.525391 0.562256
vt1 0.788086 0.492188
vt1 0.789062 0.496094
vt1 0.787109 0.499023
vt1 0.784668 0.490234
vt1 0.782715 0.499512
vt1 0.781250 0.492188
vt1 0.780273 0.495605
vt1 0.458740 0.458984
vt1 0.463623 0.458984
vt1 0.463623 0.462891
vt1 0.458496 0.464844
vt1 0.463867 0.467773
vt1 0.458740 0.471680
vt1 0.463867 0.475098
vt1 0.458496 0.479004
vt1 0.463867 0.482422
vt1 0.458740 0.484375
vt1 0.463867 0.489258
vt1 0.458496 0.489746
vt1 0.463623 0.495117
vt1 0.458496 0.495117
vt1 0.463623 0.498535
vt1 0.458740 0.498535
vt1 0.666016 0.390137
vt1 0.666016 0.388184
vt1 0.669434 0.388184
vt1 0.670410 0.390137
vt1 0.672852 0.388184
vt1 0.673828 0.390137
vt1 0.677246 0.388184
vt1 0.677734 0.390137
vt1 0.681641 0.388184
vt1 0.683105 0.390137
vt1 0.685059 0.388184
vt1 0.686523 0.390137
vt1 0.688965 0.388184
vt1 0.690430 0.390137
vt1 0.693848 0.388184
vt1 0.694336 0.390137
vt1 0.604004 0.803345
vt1 0.604492 0.805176
vt1 0.600098 0.805298
vt1 0.600098 0.803345
vt1 0.596680 0.805420
vt1 0.596680 0.803589
vt1 0.592773 0.805054
vt1 0.592285 0.803345
vt1 0.588867 0.805176
vt1 0.587891 0.803345
vt1 0.584961 0.805176
vt1 0.583984 0.803467
vt1 0.580078 0.805054
vt1 0.579590 0.803589
vt1 0.576172 0.805176
vt1 0.576172 0.803345
vt1 0.548340 0.823364
vt1 0.555664 0.823364
vt1 0.555664 0.828491
vt1 0.548828 0.828613
vt1 0.555176 0.836426
vt1 0.548828 0.836426
vt1 0.555176 0.844238
vt1 0.548340 0.844482
vt1 0.555664 0.849487
vt1 0.548340 0.849487
vt1 0.555664 0.854614
vt1 0.548828 0.857422
vt1 0.555664 0.859497
vt1 0.555664 0.865723
vt1 0.548828 0.865112
vt1 0.548340 0.870728
vt1 0.555176 0.875549
vt1 0.548340 0.875732
vt1 0.555664 0.880798
vt1 0.548340 0.880798
vt1 0.651367 0.708252
vt1 0.649414 0.712646
vt1 0.648438 0.702881
vt1 0.644043 0.714355
vt1 0.642578 0.702637
vt1 0.640625 0.711182
vt1 0.639648 0.705322
vt1 0.639160 0.710693
vt1 0.360840 0.602295
vt1 0.360840 0.600098
vt1 0.364746 0.599609
vt1 0.365967 0.602295
vt1 0.369141 0.599854
vt1 0.371094 0.602295
vt1 0.375488 0.599609
vt1 0.376221 0.602051
vt1 0.381348 0.599609
vt1 0.382568 0.602295
vt1 0.385986 0.599609
vt1 0.387939 0.602295
vt1 0.391846 0.599609
vt1 0.393066 0.602051
vt1 0.398193 0.600098
vt1 0.398193 0.602295
vt1 0.298096 0.602295
vt1 0.298584 0.599854
vt1 0.303955 0.599854
vt1 0.303711 0.602051
vt1 0.309814 0.599609
vt1 0.310059 0.602051
vt1 0.315430 0.599609
vt1 0.316406 0.602295
vt1 0.320312 0.599854
vt1 0.322021 0.602295
vt1 0.326416 0.599609
vt1 0.327148 0.602051
vt1 0.332275 0.599609
vt1 0.332275 0.602295
vt1 0.336182 0.599854
vt1 0.335693 0.602295
vt1 0.746094 0.498535
vt1 0.744629 0.494629
vt1 0.746582 0.491699
vt1 0.750000 0.500000
vt1 0.750000 0.490723
vt1 0.753418 0.497070
vt1 0.752930 0.493164
vt1 0.788086 0.668457
vt1 0.789062 0.672119
vt1 0.787109 0.675049
vt1 0.783691 0.666992
vt1 0.782715 0.675537
vt1 0.780762 0.668701
vt1 0.780273 0.672119
vt1 0.604004 0.780273
vt1 0.604004 0.782104
vt1 0.600098 0.781982
vt1 0.599609 0.780151
vt1 0.595703 0.782227
vt1 0.595215 0.780396
vt1 0.591309 0.782227
vt1 0.591309 0.780151
vt1 0.587891 0.781982
vt1 0.588379 0.780273
vt1 0.583984 0.782104
vt1 0.583984 0.780029
vt1 0.580078 0.782227
vt1 0.580078 0.780396
vt1 0.576172 0.782104
vt1 0.576172 0.780273
vt1 0.195923 0.478516
vt1 0.203247 0.478516
vt1 0.203125 0.483887
vt1 0.196289 0.483887
vt1 0.202759 0.491699
vt1 0.195801 0.494141
vt1 0.202759 0.499512
vt1 0.195923 0.500000
vt1 0.203247 0.504639
vt1 0.195923 0.504883
vt1 0.203125 0.509766
vt1 0.195923 0.510010
vt1 0.203125 0.514648
vt1 0.196289 0.515137
vt1 0.203247 0.520996
vt1 0.196289 0.520264
vt1 0.195923 0.525635
vt1 0.202759 0.530762
vt1 0.195923 0.530762
vt1 0.203247 0.536133
vt1 0.195923 0.536133
vt1 0.709473 0.706543
vt1 0.712891 0.702881
vt1 0.710938 0.712646
vt1 0.718262 0.702637
vt1 0.716797 0.714111
vt1 0.720703 0.706543
vt1 0.720215 0.712402
vt1 0.722168 0.707275
vt1 0.398193 0.541260
vt1 0.398193 0.543457
vt1 0.394775 0.543701
vt1 0.394775 0.541260
vt1 0.389893 0.543945
vt1 0.389648 0.541504
vt1 0.384766 0.543945
vt1 0.382812 0.541260
vt1 0.379639 0.543701
vt1 0.376221 0.541260
vt1 0.373291 0.543701
vt1 0.371094 0.541260
vt1 0.367188 0.543457
vt1 0.365967 0.541504
vt1 0.360840 0.543457
vt1 0.360840 0.541260
vt1 0.862305 0.929199
vt1 0.864746 0.929565
vt1 0.864746 0.935059
vt1 0.862305 0.934692
vt1 0.864746 0.940948
vt1 0.862305 0.941162
vt1 0.864746 0.946533
vt1 0.862305 0.947571
vt1 0.864746 0.951263
vt1 0.862305 0.953125
vt1 0.864746 0.957520
vt1 0.862305 0.958282
vt1 0.864746 0.963409
vt1 0.862305 0.963409
vt1 0.864746 0.967346
vt1 0.862305 0.966827
vt1 0.639160 0.401367
vt1 0.640137 0.403809
vt1 0.633789 0.400391
vt1 0.639648 0.407227
vt1 0.631348 0.404785
vt1 0.636230 0.409180
vt1 0.632324 0.408203
vt1 0.788086 0.527344
vt1 0.789062 0.531250
vt1 0.787109 0.533936
vt1 0.784668 0.525635
vt1 0.782715 0.534424
vt1 0.781250 0.527100
vt1 0.780273 0.531006
vt1 0.465332 0.039062
vt1 0.462646 0.039062
vt1 0.462646 0.036133
vt1 0.466309 0.036133
vt1 0.468750 0.039062
vt1 0.471680 0.036133
vt1 0.471680 0.039062
vt1 0.474121 0.039062
vt1 0.476807 0.036133
vt1 0.477051 0.039062
vt1 0.479492 0.039062
vt1 0.479736 0.036133
vt1 0.348877 0.705811
vt1 0.348633 0.702881
vt1 0.351807 0.705811
vt1 0.351807 0.699951
vt1 0.348877 0.700439
vt1 0.348877 0.697021
vt1 0.351807 0.695068
vt1 0.348633 0.692871
vt1 0.351807 0.690186
vt1 0.348877 0.688965
vt1 0.351807 0.686035
vt1 0.348877 0.686035
vt1 0.454590 0.772095
vt1 0.454834 0.768433
vt1 0.457520 0.772461
vt1 0.457520 0.766357
vt1 0.454590 0.766357
vt1 0.454590 0.763550
vt1 0.457520 0.761475
vt1 0.454346 0.759888
vt1 0.457520 0.756592
vt1 0.454346 0.755737
vt1 0.457520 0.752441
vt1 0.454346 0.752319
vt1 0.950684 0.516602
vt1 0.948242 0.513672
vt1 0.951660 0.513672
vt1 0.945312 0.516602
vt1 0.946777 0.513428
vt1 0.943359 0.513672
vt1 0.941895 0.516602
vt1 0.940430 0.513672
vt1 0.937500 0.516602
vt1 0.937012 0.513672
vt1 0.933105 0.513672
vt1 0.932617 0.516602
vt1 0.684082 0.418945
vt1 0.682617 0.416016
vt1 0.685059 0.416016
vt1 0.679199 0.418945
vt1 0.679688 0.415527
vt1 0.676270 0.416016
vt1 0.673828 0.418945
vt1 0.673828 0.416016
vt1 0.670410 0.416016
vt1 0.669922 0.418945
vt1 0.539551 0.634277
vt1 0.537109 0.634277
vt1 0.539062 0.631348
vt1 0.536133 0.631348
vt1 0.533691 0.634277
vt1 0.532715 0.631104
vt1 0.529785 0.634277
vt1 0.529785 0.631348
vt1 0.527344 0.631348
vt1 0.525391 0.634277
vt1 0.524902 0.631348
vt1 0.541016 0.689941
vt1 0.543457 0.689453
vt1 0.543945 0.692871
vt1 0.540039 0.692871
vt1 0.537598 0.689941
vt1 0.535645 0.692871
vt1 0.533691 0.689941
vt1 0.530762 0.692871
vt1 0.529785 0.689941
vt1 0.525391 0.692871
vt1 0.525879 0.689453
vt1 0.747559 0.416016
vt1 0.751465 0.415527
vt1 0.750977 0.418945
vt1 0.747559 0.418945
vt1 0.746582 0.416016
vt1 0.744141 0.418945
vt1 0.743164 0.415039
vt1 0.740234 0.418945
vt1 0.739746 0.416016
vt1 0.737305 0.415527
vt1 0.736816 0.418945
vt1 0.528809 0.755005
vt1 0.529297 0.752808
vt1 0.531738 0.752441
vt1 0.531738 0.756714
vt1 0.528320 0.758545
vt1 0.531738 0.760620
vt1 0.528809 0.762207
vt1 0.531738 0.764893
vt1 0.529297 0.763672
vt1 0.528809 0.767822
vt1 0.531738 0.770996
vt1 0.529297 0.771118
vt1 0.716309 0.415527
vt1 0.720215 0.416016
vt1 0.719727 0.418945
vt1 0.714844 0.418945
vt1 0.713379 0.415527
vt1 0.710449 0.418945
vt1 0.708984 0.415527
vt1 0.706055 0.416016
vt1 0.705566 0.418945
vt1 0.508789 0.791504
vt1 0.511230 0.794312
vt1 0.510254 0.796631
vt1 0.510742 0.790649
vt1 0.509277 0.786743
vt1 0.511230 0.786621
vt1 0.509277 0.782837
vt1 0.511230 0.783081
vt1 0.509277 0.778809
vt1 0.511230 0.777710
vt1 0.509277 0.774780
vt1 0.510742 0.772461
vt1 0.509277 0.770874
vt1 0.510254 0.768799
vt1 0.300293 0.931030
vt1 0.297607 0.933350
vt1 0.295166 0.932434
vt1 0.301270 0.932983
vt1 0.305176 0.931152
vt1 0.305176 0.933289
vt1 0.309082 0.931396
vt1 0.308838 0.933105
vt1 0.312988 0.931274
vt1 0.314209 0.933167
vt1 0.317139 0.931213
vt1 0.319580 0.932983
vt1 0.321045 0.931152
vt1 0.322998 0.932495
vt1 0.300293 0.944000
vt1 0.297607 0.946320
vt1 0.295166 0.945404
vt1 0.301270 0.945984
vt1 0.305176 0.944153
vt1 0.305176 0.946228
vt1 0.309082 0.944336
vt1 0.308838 0.946045
vt1 0.312988 0.944214
vt1 0.314209 0.946106
vt1 0.317139 0.944153
vt1 0.319580 0.945953
vt1 0.321045 0.944153
vt1 0.322998 0.945435
vt1 0.849121 0.908936
vt1 0.848145 0.911133
vt1 0.847656 0.905884
vt1 0.843750 0.906738
vt1 0.842773 0.910522
vt1 0.845215 0.911926
vt1 0.787598 0.441406
vt1 0.788574 0.436523
vt1 0.789551 0.439453
vt1 0.785645 0.436035
vt1 0.784180 0.437988
vt1 0.784668 0.440430
vt1 0.263428 0.625000
vt1 0.273926 0.630859
vt1 0.263672 0.630615
vt1 0.272705 0.624512
vt1 0.280762 0.624756
vt1 0.280762 0.630615
vt1 0.285156 0.630859
vt1 0.284912 0.624756
vt1 0.287354 0.624023
vt1 0.287354 0.624756
vt1 0.296143 0.630615
vt1 0.295898 0.624756
vt1 0.475830 0.797974
vt1 0.481689 0.787476
vt1 0.481445 0.797729
vt1 0.475342 0.788574
vt1 0.475586 0.780640
vt1 0.481445 0.780518
vt1 0.481689 0.776245
vt1 0.475586 0.776489
vt1 0.474854 0.773926
vt1 0.475586 0.773926
vt1 0.481445 0.765259
vt1 0.475830 0.765381
vt1 0.908203 0.516602
vt1 0.904297 0.516602
vt1 0.907715 0.513672
vt1 0.903809 0.513672
vt1 0.901367 0.513672
vt1 0.898438 0.516602
vt1 0.898926 0.513672
vt1 0.895508 0.513672
vt1 0.893066 0.516602
vt1 0.892090 0.513672
vt1 0.889160 0.513916
vt1 0.889648 0.516602
vt1 0.724121 0.529785
vt1 0.724121 0.532471
vt1 0.721191 0.525879
vt1 0.721680 0.536133
vt1 0.715820 0.527344
vt1 0.715332 0.526611
vt1 0.713867 0.530518
vt1 0.716797 0.536621
vt1 0.712891 0.531250
vt1 0.755859 0.463379
vt1 0.755859 0.465820
vt1 0.752441 0.459473
vt1 0.752930 0.469727
vt1 0.747070 0.460938
vt1 0.747070 0.459961
vt1 0.745117 0.464355
vt1 0.748047 0.470215
vt1 0.744141 0.464844
vt1 0.650879 0.674072
vt1 0.650391 0.680420
vt1 0.646484 0.682617
vt1 0.645508 0.670898
vt1 0.641113 0.681152
vt1 0.642578 0.682617
vt1 0.641113 0.672119
vt1 0.639160 0.677490
vt1 0.427490 0.458984
vt1 0.432373 0.458984
vt1 0.432617 0.465332
vt1 0.427490 0.462891
vt1 0.427490 0.467773
vt1 0.432373 0.471680
vt1 0.427246 0.473145
vt1 0.432373 0.478516
vt1 0.427246 0.479492
vt1 0.432617 0.485840
vt1 0.427246 0.486328
vt1 0.432617 0.491211
vt1 0.427246 0.492188
vt1 0.432617 0.495117
vt1 0.432373 0.498535
vt1 0.427490 0.498535
vt1 0.768555 0.744629
vt1 0.768066 0.750854
vt1 0.764160 0.753174
vt1 0.763184 0.741455
vt1 0.758789 0.751587
vt1 0.760254 0.753174
vt1 0.758789 0.742676
vt1 0.756348 0.748047
vt1 0.401123 0.498535
vt1 0.395996 0.498535
vt1 0.395752 0.492188
vt1 0.401123 0.495117
vt1 0.400879 0.489746
vt1 0.395996 0.486328
vt1 0.401367 0.484863
vt1 0.396240 0.479004
vt1 0.401123 0.478516
vt1 0.395752 0.472168
vt1 0.401123 0.471191
vt1 0.395752 0.466797
vt1 0.401367 0.465332
vt1 0.395752 0.462891
vt1 0.395996 0.458984
vt1 0.401123 0.458984
vt1 0.606934 0.639648
vt1 0.613281 0.639893
vt1 0.615723 0.643799
vt1 0.604004 0.644775
vt1 0.614258 0.649170
vt1 0.615723 0.647705
vt1 0.604980 0.649170
vt1 0.610352 0.651367
vt1 0.337402 0.521729
vt1 0.337402 0.526611
vt1 0.331299 0.526855
vt1 0.333984 0.521729
vt1 0.328613 0.521729
vt1 0.325195 0.526611
vt1 0.323730 0.521484
vt1 0.317871 0.526611
vt1 0.317383 0.521484
vt1 0.311035 0.526855
vt1 0.310303 0.521484
vt1 0.305664 0.526855
vt1 0.304199 0.521484
vt1 0.301758 0.527100
vt1 0.298096 0.526611
vt1 0.298096 0.521729
vt1 0.742676 0.623779
vt1 0.741699 0.628662
vt1 0.740723 0.626953
vt1 0.747070 0.628174
vt1 0.746094 0.624268
vt1 0.744141 0.629883
vt1 0.755859 0.704590
vt1 0.756348 0.710938
vt1 0.752441 0.714111
vt1 0.750977 0.702637
vt1 0.747070 0.713379
vt1 0.750000 0.701904
vt1 0.747070 0.704102
vt1 0.745117 0.709229
vt1 0.745117 0.705566
vt1 0.759766 0.673096
vt1 0.760254 0.679688
vt1 0.756348 0.682861
vt1 0.754883 0.671387
vt1 0.750977 0.682129
vt1 0.753906 0.670410
vt1 0.750977 0.672607
vt1 0.749023 0.677734
vt1 0.749023 0.674316
vt1 0.720703 0.673096
vt1 0.721191 0.679688
vt1 0.716797 0.682861
vt1 0.715820 0.671387
vt1 0.711914 0.682129
vt1 0.714844 0.670410
vt1 0.711914 0.672607
vt1 0.709473 0.677734
vt1 0.709961 0.674316
vt1 0.186523 0.020508
vt1 0.188354 0.020020
vt1 0.189209 0.035645
vt1 0.187866 0.043945
vt1 0.189697 0.048828
vt1 0.184814 0.020508
vt1 0.188843 0.087402
vt1 0.185669 0.035645
vt1 0.183838 0.035645
vt1 0.182129 0.020508
vt1 0.186035 0.051270
vt1 0.186890 0.093750
vt1 0.188477 0.100098
vt1 0.188599 0.114258
vt1 0.185425 0.084961
vt1 0.184326 0.052246
vt1 0.182495 0.043457
vt1 0.179443 0.020508
vt1 0.183594 0.085938
vt1 0.184937 0.100098
vt1 0.187134 0.114258
vt1 0.186523 0.336914
vt1 0.183105 0.100098
vt1 0.185059 0.345215
vt1 0.186523 0.348145
vt1 0.185059 0.114258
vt1 0.186768 0.356934
vt1 0.182617 0.114258
vt1 0.185303 0.356934
vt1 0.187988 0.378906
vt1 0.183838 0.344238
vt1 0.186646 0.378906
vt1 0.188232 0.388184
vt1 0.183838 0.356934
vt1 0.182251 0.344727
vt1 0.186890 0.388184
vt1 0.188110 0.398926
vt1 0.185303 0.398926
vt1 0.185181 0.378418
vt1 0.184570 0.388672
vt1 0.183838 0.398926
vt1 0.183716 0.378906
vt1 0.182373 0.357422
vt1 0.182373 0.378906
vt1 0.182495 0.388184
vt1 0.181763 0.398926
vt1 0.180908 0.358887
vt1 0.180786 0.378418
vt1 0.180908 0.388184
vt1 0.179321 0.398926
vt1 0.179443 0.388184
vt1 0.179443 0.379395
vt1 0.179443 0.358887
vt1 0.177856 0.357422
vt1 0.177856 0.348145
vt1 0.179443 0.344727
vt1 0.178101 0.336426
vt1 0.176636 0.114258
vt1 0.180664 0.345215
vt1 0.178101 0.114258
vt1 0.177612 0.100098
vt1 0.180054 0.114258
vt1 0.179443 0.100098
vt1 0.178223 0.086914
vt1 0.181641 0.093750
vt1 0.180054 0.084961
vt1 0.179077 0.048828
vt1 0.180664 0.051758
vt1 0.178467 0.035645
vt1 0.180298 0.035645
vt1 0.177734 0.020508
vt1 0.262939 0.022949
vt1 0.262939 0.020996
vt1 0.279541 0.020508
vt1 0.279785 0.022461
vt1 0.262939 0.024902
vt1 0.297607 0.020508
vt1 0.279541 0.023926
vt1 0.262939 0.026855
vt1 0.297607 0.022461
vt1 0.329834 0.022461
vt1 0.329834 0.020508
vt1 0.343994 0.020508
vt1 0.297607 0.023926
vt1 0.343994 0.022461
vt1 0.421875 0.020508
vt1 0.329834 0.024414
vt1 0.428711 0.022461
vt1 0.433594 0.020508
vt1 0.443604 0.020020
vt1 0.344238 0.024414
vt1 0.296875 0.025879
vt1 0.279785 0.025879
vt1 0.279785 0.027832
vt1 0.262939 0.029297
vt1 0.329834 0.026367
vt1 0.297607 0.027832
vt1 0.279785 0.029785
vt1 0.263184 0.032227
vt1 0.279785 0.031738
vt1 0.298340 0.029785
vt1 0.297607 0.031250
vt1 0.329834 0.031738
vt1 0.330078 0.028320
vt1 0.330078 0.029785
vt1 0.344482 0.029785
vt1 0.344482 0.031738
vt1 0.344238 0.027832
vt1 0.422119 0.029785
vt1 0.422119 0.031738
vt1 0.422119 0.027832
vt1 0.344238 0.025879
vt1 0.422119 0.025879
vt1 0.421875 0.024414
vt1 0.438232 0.027832
vt1 0.433594 0.025879
vt1 0.433594 0.023926
vt1 0.443848 0.021973
vt1 0.443359 0.023926
vt1 0.461670 0.022949
vt1 0.462402 0.020996
vt1 0.472900 0.020996
vt1 0.443848 0.025879
vt1 0.461914 0.024902
vt1 0.472900 0.022461
vt1 0.485352 0.020508
vt1 0.485352 0.023438
vt1 0.473145 0.024414
vt1 0.485840 0.026367
vt1 0.462402 0.026367
vt1 0.473145 0.026367
vt1 0.485840 0.027832
vt1 0.461182 0.028320
vt1 0.473389 0.027832
vt1 0.473145 0.029785
vt1 0.485840 0.029785
vt1 0.462158 0.030273
vt1 0.485840 0.031738
vt1 0.473145 0.031738
vt1 0.462158 0.031738
vt1 0.443359 0.029785
vt1 0.443359 0.031250
vt1 0.433594 0.031250
vt1 0.433594 0.029785
vt1 0.209839 0.378906
vt1 0.208374 0.378906
vt1 0.208740 0.363770
vt1 0.210205 0.354004
vt1 0.208740 0.346680
vt1 0.211304 0.378906
vt1 0.208984 0.315918
vt1 0.211670 0.355469
vt1 0.210693 0.314453
vt1 0.208008 0.299805
vt1 0.213379 0.378906
vt1 0.209839 0.295410
vt1 0.208984 0.281250
vt1 0.211670 0.306152
vt1 0.213135 0.354980
vt1 0.210449 0.268555
vt1 0.208740 0.237793
vt1 0.211792 0.285645
vt1 0.213135 0.306641
vt1 0.210449 0.238281
vt1 0.208252 0.187500
vt1 0.211426 0.262207
vt1 0.209839 0.187500
vt1 0.208618 0.155273
vt1 0.211792 0.215332
vt1 0.213379 0.280273
vt1 0.213135 0.240234
vt1 0.211548 0.166016
vt1 0.210083 0.136230
vt1 0.208618 0.133789
vt1 0.208984 0.118164
vt1 0.212646 0.189453
vt1 0.210449 0.118164
vt1 0.208740 0.095703
vt1 0.211548 0.133301
vt1 0.213013 0.155273
vt1 0.210327 0.100586
vt1 0.213013 0.133301
vt1 0.210083 0.047363
vt1 0.208740 0.048340
vt1 0.208740 0.030273
vt1 0.211792 0.109863
vt1 0.210205 0.030273
vt1 0.208984 0.020508
vt1 0.211670 0.020020
vt1 0.211548 0.047852
vt1 0.211670 0.030273
vt1 0.213013 0.034668
vt1 0.214111 0.020508
vt1 0.213257 0.098145
vt1 0.214478 0.030273
vt1 0.213379 0.118164
vt1 0.214600 0.047852
vt1 0.215942 0.030273
vt1 0.216187 0.020508
vt1 0.218018 0.020508
vt1 0.217407 0.030273
vt1 0.217529 0.048340
vt1 0.216064 0.048828
vt1 0.217651 0.095703
vt1 0.216309 0.109863
vt1 0.217896 0.118164
vt1 0.217285 0.133789
vt1 0.214722 0.098633
vt1 0.215942 0.133789
vt1 0.217407 0.155762
vt1 0.214844 0.118164
vt1 0.214478 0.133789
vt1 0.215942 0.166016
vt1 0.216919 0.187988
vt1 0.214478 0.165039
vt1 0.216187 0.215332
vt1 0.217651 0.237793
vt1 0.214844 0.214355
vt1 0.215454 0.260254
vt1 0.217651 0.281250
vt1 0.214233 0.261719
vt1 0.216309 0.285645
vt1 0.217285 0.299805
vt1 0.214600 0.295410
vt1 0.216187 0.306152
vt1 0.217896 0.315918
vt1 0.215088 0.313965
vt1 0.214600 0.347168
vt1 0.216064 0.355469
vt1 0.217529 0.346680
vt1 0.217651 0.363770
vt1 0.217163 0.378906
vt1 0.215698 0.378906
vt1 0.214722 0.363770
vt1 0.244995 0.020508
vt1 0.246826 0.020508
vt1 0.247070 0.051758
vt1 0.245239 0.047852
vt1 0.246460 0.078125
vt1 0.243286 0.020508
vt1 0.244751 0.087402
vt1 0.246948 0.106934
vt1 0.243408 0.050293
vt1 0.241577 0.020020
vt1 0.245239 0.124512
vt1 0.247070 0.133789
vt1 0.246826 0.150391
vt1 0.241455 0.039551
vt1 0.239746 0.020020
vt1 0.243042 0.090332
vt1 0.241089 0.071289
vt1 0.239624 0.047852
vt1 0.237915 0.020508
vt1 0.241455 0.108887
vt1 0.237793 0.049805
vt1 0.236084 0.020508
vt1 0.235962 0.051270
vt1 0.239380 0.086914
vt1 0.237549 0.088867
vt1 0.235474 0.078125
vt1 0.235962 0.106934
vt1 0.239380 0.124512
vt1 0.237549 0.125000
vt1 0.235718 0.133789
vt1 0.241333 0.143066
vt1 0.237793 0.150391
vt1 0.235962 0.150391
vt1 0.239624 0.150391
vt1 0.237793 0.168945
vt1 0.235962 0.169434
vt1 0.235840 0.202637
vt1 0.239624 0.169922
vt1 0.237793 0.213867
vt1 0.235840 0.219727
vt1 0.239502 0.212402
vt1 0.241455 0.169922
vt1 0.241333 0.204102
vt1 0.237549 0.232910
vt1 0.235718 0.232910
vt1 0.235962 0.247559
vt1 0.238770 0.247070
vt1 0.239502 0.232910
vt1 0.241333 0.247070
vt1 0.241333 0.228027
vt1 0.243164 0.247070
vt1 0.243286 0.212402
vt1 0.243164 0.232910
vt1 0.244995 0.247559
vt1 0.245117 0.232910
vt1 0.246826 0.247559
vt1 0.246948 0.232910
vt1 0.245117 0.212891
vt1 0.246948 0.219727
vt1 0.246948 0.202637
vt1 0.243164 0.169434
vt1 0.244995 0.169922
vt1 0.246826 0.169434
vt1 0.243164 0.150391
vt1 0.244995 0.150391
vt1 0.243286 0.126465
vt1 0.726074 0.439941
vt1 0.726074 0.436523
vt1 0.727051 0.438965
vt1 0.725098 0.441406
vt1 0.722656 0.436523
vt1 0.722168 0.436035
vt1 0.721191 0.439941
vt1 0.721680 0.439453
vt1 0.565430 0.078613
vt1 0.571777 0.071289
vt1 0.570801 0.076172
vt1 0.561035 0.074219
vt1 0.560547 0.074707
vt1 0.562988 0.067871
vt1 0.567871 0.067871
vt1 0.568359 0.067383
vt1 0.660645 0.441406
vt1 0.660645 0.440918
vt1 0.663574 0.440430
vt1 0.658203 0.438965
vt1 0.659180 0.438965
vt1 0.659668 0.436035
vt1 0.660156 0.436523
vt1 0.663574 0.436035
vt1 0.663086 0.436523
vt1 0.664551 0.438965
vt1 0.578613 0.718994
vt1 0.579590 0.720703
vt1 0.574707 0.722168
vt1 0.580078 0.715332
vt1 0.581543 0.715088
vt1 0.578613 0.710693
vt1 0.577148 0.712402
vt1 0.573730 0.711670
vt1 0.571289 0.710449
vt1 0.570801 0.714111
vt1 0.568359 0.716797
vt1 0.571289 0.719727
vt1 0.571289 0.721680
vt1 0.720215 0.752441
vt1 0.721680 0.750732
vt1 0.723633 0.753296
vt1 0.717285 0.748047
vt1 0.719238 0.748047
vt1 0.721191 0.742676
vt1 0.720215 0.741455
vt1 0.727539 0.741943
vt1 0.727051 0.742920
vt1 0.730469 0.747559
vt1 0.728516 0.746826
vt1 0.727539 0.750977
vt1 0.727051 0.752808
vt1 0.570312 0.750366
vt1 0.571777 0.751953
vt1 0.566895 0.753418
vt1 0.572266 0.746582
vt1 0.573242 0.746582
vt1 0.570801 0.741943
vt1 0.569336 0.743652
vt1 0.565918 0.743164
vt1 0.563477 0.741699
vt1 0.562500 0.745605
vt1 0.560547 0.748291
vt1 0.563477 0.751099
vt1 0.563477 0.752930
vt1 0.680664 0.752441
vt1 0.682129 0.750732
vt1 0.684570 0.753296
vt1 0.678223 0.748047
vt1 0.680176 0.748047
vt1 0.681641 0.742676
vt1 0.681152 0.741455
vt1 0.688477 0.741943
vt1 0.687988 0.742920
vt1 0.691406 0.747559
vt1 0.689453 0.746826
vt1 0.687988 0.750977
vt1 0.687988 0.752808
vt1 0.527344 0.472168
vt1 0.528809 0.474121
vt1 0.523926 0.475098
vt1 0.528809 0.468750
vt1 0.530273 0.468262
vt1 0.527344 0.463867
vt1 0.526367 0.465332
vt1 0.522461 0.464844
vt1 0.520508 0.463379
vt1 0.519531 0.467285
vt1 0.517578 0.470215
vt1 0.520020 0.473145
vt1 0.520508 0.475098
vt1 0.641602 0.752441
vt1 0.643066 0.750732
vt1 0.645508 0.753296
vt1 0.638672 0.748047
vt1 0.640625 0.748047
vt1 0.642578 0.742676
vt1 0.641602 0.741455
vt1 0.648926 0.741943
vt1 0.648438 0.742920
vt1 0.652344 0.747559
vt1 0.650391 0.746826
vt1 0.648926 0.750977
vt1 0.648926 0.752808
vt1 0.576172 0.689941
vt1 0.578613 0.690186
vt1 0.574707 0.691162
vt1 0.571289 0.690186
vt1 0.581543 0.685791
vt1 0.572266 0.689209
vt1 0.579102 0.686523
vt1 0.568359 0.685303
vt1 0.579102 0.682861
vt1 0.570312 0.685303
vt1 0.578613 0.679199
vt1 0.571289 0.678955
vt1 0.575195 0.680176
vt1 0.571289 0.681885
vt1 0.607422 0.752563
vt1 0.609863 0.752930
vt1 0.605957 0.753906
vt1 0.602539 0.752808
vt1 0.612793 0.748535
vt1 0.603516 0.751709
vt1 0.610352 0.749268
vt1 0.599609 0.748047
vt1 0.610352 0.745361
vt1 0.601562 0.748047
vt1 0.609863 0.741943
vt1 0.602539 0.741699
vt1 0.606445 0.742920
vt1 0.603027 0.744385
vt1 0.572266 0.658691
vt1 0.574219 0.658936
vt1 0.570801 0.659912
vt1 0.567383 0.658936
vt1 0.577637 0.654541
vt1 0.568359 0.657715
vt1 0.575195 0.655273
vt1 0.564453 0.654053
vt1 0.575195 0.651367
vt1 0.566406 0.654053
vt1 0.574707 0.647949
vt1 0.567383 0.647705
vt1 0.571289 0.648926
vt1 0.567383 0.650391
vt1 0.864746 0.653320
vt1 0.865234 0.650879
vt1 0.864746 0.656250
vt1 0.860840 0.660156
vt1 0.862793 0.646240
vt1 0.860840 0.656250
vt1 0.855957 0.661621
vt1 0.861816 0.649658
vt1 0.855957 0.658447
vt1 0.855957 0.646240
vt1 0.851074 0.659912
vt1 0.858887 0.643555
vt1 0.852539 0.657471
vt1 0.854004 0.643311
vt1 0.851562 0.648193
vt1 0.847168 0.652832
vt1 0.847168 0.656250
vt1 0.849609 0.653076
vt1 0.848145 0.646240
vt1 0.849609 0.646484
vt1 0.864746 0.567139
vt1 0.865234 0.564697
vt1 0.864746 0.570068
vt1 0.860840 0.573975
vt1 0.862793 0.560059
vt1 0.860840 0.570068
vt1 0.855957 0.575195
vt1 0.861816 0.563477
vt1 0.855957 0.572021
vt1 0.855957 0.560059
vt1 0.851074 0.573730
vt1 0.858887 0.557373
vt1 0.852539 0.571045
vt1 0.854004 0.557129
vt1 0.851562 0.562012
vt1 0.847168 0.566650
vt1 0.847168 0.569824
vt1 0.849609 0.566895
vt1 0.848145 0.560059
vt1 0.849609 0.560303
vt1 0.864746 0.610107
vt1 0.865234 0.607910
vt1 0.864746 0.613037
vt1 0.860840 0.616943
vt1 0.862793 0.603271
vt1 0.860840 0.613281
vt1 0.855957 0.618408
vt1 0.861816 0.606445
vt1 0.855957 0.615234
vt1 0.855957 0.603027
vt1 0.851074 0.616943
vt1 0.858887 0.600342
vt1 0.852539 0.614258
vt1 0.854004 0.600098
vt1 0.851562 0.605225
vt1 0.847168 0.609619
vt1 0.847168 0.613037
vt1 0.849609 0.610107
vt1 0.848145 0.603271
vt1 0.849609 0.603516
vt1 0.529297 0.664062
vt1 0.528320 0.665527
vt1 0.524902 0.660156
vt1 0.536621 0.666748
vt1 0.525879 0.656250
vt1 0.535645 0.664795
vt1 0.541016 0.660156
vt1 0.528809 0.661621
vt1 0.532715 0.663818
vt1 0.529297 0.656250
vt1 0.536621 0.662598
vt1 0.530273 0.654541
vt1 0.538086 0.657715
vt1 0.529297 0.651855
vt1 0.540039 0.655762
vt1 0.534668 0.654053
vt1 0.536621 0.651123
vt1 0.518066 0.592041
vt1 0.519531 0.592773
vt1 0.519531 0.596924
vt1 0.522949 0.589355
vt1 0.518066 0.597412
vt1 0.521484 0.588379
vt1 0.521973 0.599365
vt1 0.527832 0.589355
vt1 0.520508 0.600098
vt1 0.527344 0.591797
vt1 0.526367 0.600830
vt1 0.530273 0.595947
vt1 0.526855 0.598877
vt1 0.528320 0.595215
vt1 0.518066 0.498047
vt1 0.519531 0.498535
vt1 0.519531 0.502930
vt1 0.522949 0.495605
vt1 0.518066 0.503174
vt1 0.521484 0.494141
vt1 0.521973 0.505371
vt1 0.527832 0.495605
vt1 0.520508 0.506104
vt1 0.527344 0.497559
vt1 0.526367 0.506836
vt1 0.530273 0.501953
vt1 0.526855 0.504883
vt1 0.528320 0.501221
vt1 0.518066 0.529297
vt1 0.519531 0.530029
vt1 0.519531 0.534180
vt1 0.522949 0.526611
vt1 0.518066 0.534668
vt1 0.521484 0.525635
vt1 0.521973 0.536865
vt1 0.527832 0.526611
vt1 0.520508 0.537354
vt1 0.527344 0.529053
vt1 0.526367 0.538086
vt1 0.530273 0.533203
vt1 0.526855 0.536133
vt1 0.528320 0.532471
vt1 0.758301 0.436523
vt1 0.757812 0.440430
vt1 0.757812 0.437988
vt1 0.755371 0.435547
vt1 0.756348 0.440918
vt1 0.755371 0.436035
vt1 0.755859 0.441406
vt1 0.752930 0.437500
vt1 0.753418 0.439941
vt1 0.753418 0.437500
vt1 0.753418 0.440430
vt1 0.857910 0.744385
vt1 0.860840 0.746338
vt1 0.855957 0.747803
vt1 0.851074 0.746338
vt1 0.861328 0.740967
vt1 0.852539 0.743652
vt1 0.863770 0.741943
vt1 0.861328 0.735840
vt1 0.864746 0.742432
vt1 0.848145 0.742188
vt1 0.847168 0.742432
vt1 0.849609 0.739014
vt1 0.847168 0.734375
vt1 0.847656 0.735107
vt1 0.852539 0.733398
vt1 0.853516 0.729736
vt1 0.858398 0.729736
vt1 0.857422 0.732666
vt1 0.864258 0.735352
vt1 0.864746 0.734619
vt1 0.817383 0.733154
vt1 0.813965 0.732178
vt1 0.818359 0.729492
vt1 0.823242 0.729736
vt1 0.814941 0.737549
vt1 0.822266 0.732666
vt1 0.812012 0.737305
vt1 0.814941 0.740967
vt1 0.811035 0.737793
vt1 0.827148 0.732666
vt1 0.827637 0.732178
vt1 0.826660 0.736328
vt1 0.830078 0.739990
vt1 0.829590 0.739502
vt1 0.825195 0.742432
vt1 0.825684 0.746338
vt1 0.820801 0.747803
vt1 0.819336 0.744629
vt1 0.813477 0.743652
vt1 0.815430 0.746338
vt1 0.814941 0.649658
vt1 0.811523 0.650391
vt1 0.813965 0.645996
vt1 0.817871 0.643311
vt1 0.814941 0.654785
vt1 0.818848 0.646484
vt1 0.812500 0.655762
vt1 0.817383 0.657227
vt1 0.812012 0.656982
vt1 0.823242 0.643799
vt1 0.823242 0.643311
vt1 0.824219 0.647217
vt1 0.829590 0.648193
vt1 0.828613 0.648438
vt1 0.826660 0.653076
vt1 0.829102 0.656250
vt1 0.825684 0.659912
vt1 0.822754 0.658203
vt1 0.817383 0.660645
vt1 0.820801 0.661621
vt1 0.857910 0.701416
vt1 0.860840 0.703369
vt1 0.855957 0.704590
vt1 0.851074 0.703125
vt1 0.861328 0.697754
vt1 0.852539 0.700439
vt1 0.863770 0.698975
vt1 0.861328 0.692871
vt1 0.864746 0.699219
vt1 0.848145 0.698975
vt1 0.847168 0.699463
vt1 0.849609 0.695801
vt1 0.847168 0.691406
vt1 0.847656 0.691895
vt1 0.852539 0.690186
vt1 0.853516 0.686523
vt1 0.858398 0.686523
vt1 0.857422 0.689453
vt1 0.864258 0.692383
vt1 0.864746 0.691406
vt1 0.774414 0.400391
vt1 0.770996 0.398926
vt1 0.774902 0.396484
vt1 0.780273 0.396484
vt1 0.771484 0.404785
vt1 0.779297 0.399902
vt1 0.769043 0.404297
vt1 0.771973 0.408203
vt1 0.768066 0.404785
vt1 0.784180 0.399902
vt1 0.784668 0.399414
vt1 0.783203 0.403320
vt1 0.787109 0.406738
vt1 0.786621 0.406738
vt1 0.782227 0.409668
vt1 0.782227 0.413574
vt1 0.777344 0.414551
vt1 0.776367 0.411621
vt1 0.770020 0.410645
vt1 0.772461 0.413574
vt1 0.814941 0.692871
vt1 0.811523 0.693604
vt1 0.813965 0.689209
vt1 0.817871 0.686523
vt1 0.814941 0.697754
vt1 0.818848 0.689453
vt1 0.812500 0.698975
vt1 0.817383 0.700439
vt1 0.812012 0.699951
vt1 0.823242 0.687012
vt1 0.823242 0.686279
vt1 0.824219 0.690430
vt1 0.829590 0.691406
vt1 0.828613 0.691406
vt1 0.826660 0.696289
vt1 0.829102 0.699463
vt1 0.825684 0.703125
vt1 0.822754 0.701172
vt1 0.817383 0.703613
vt1 0.820801 0.704834
vt1 0.822266 0.572021
vt1 0.825684 0.573975
vt1 0.820801 0.575195
vt1 0.815918 0.573975
vt1 0.826172 0.568604
vt1 0.817383 0.571289
vt1 0.828613 0.569580
vt1 0.826172 0.563477
vt1 0.829102 0.569824
vt1 0.812988 0.569824
vt1 0.812012 0.570068
vt1 0.814453 0.566650
vt1 0.811523 0.562012
vt1 0.812500 0.562744
vt1 0.817383 0.560791
vt1 0.818359 0.557129
vt1 0.823242 0.557129
vt1 0.822266 0.560303
vt1 0.829102 0.562988
vt1 0.829590 0.562012
vt1 0.529297 0.722656
vt1 0.527832 0.725830
vt1 0.525391 0.721680
vt1 0.525391 0.716553
vt1 0.533691 0.725098
vt1 0.528320 0.717529
vt1 0.533203 0.727783
vt1 0.536621 0.724609
vt1 0.533691 0.728760
vt1 0.528809 0.712646
vt1 0.528320 0.711914
vt1 0.532227 0.713379
vt1 0.535645 0.709473
vt1 0.535156 0.710449
vt1 0.538574 0.714355
vt1 0.541992 0.714355
vt1 0.543457 0.719238
vt1 0.540527 0.720459
vt1 0.539551 0.726562
vt1 0.542480 0.724365
vt1 0.814941 0.606689
vt1 0.811523 0.607422
vt1 0.813965 0.603027
vt1 0.817871 0.600342
vt1 0.814941 0.611572
vt1 0.818848 0.603271
vt1 0.812500 0.612793
vt1 0.817383 0.614258
vt1 0.812012 0.613770
vt1 0.823242 0.600830
vt1 0.823242 0.600098
vt1 0.824219 0.604248
vt1 0.829590 0.605225
vt1 0.828613 0.605225
vt1 0.826660 0.610107
vt1 0.829102 0.613037
vt1 0.825684 0.616943
vt1 0.822754 0.614990
vt1 0.817383 0.617432
vt1 0.820801 0.618652
vt1 0.158447 0.020020
vt1 0.158447 0.434082
vt1 0.155884 0.434082
vt1 0.155884 0.020020
vt1 0.153442 0.434082
vt1 0.153198 0.020020
vt1 0.150635 0.434082
vt1 0.150635 0.020020
vt1 0.148193 0.434082
vt1 0.147949 0.020020
vt1 0.145386 0.434082
vt1 0.145386 0.020020
vt1 0.142944 0.434082
vt1 0.142700 0.020020
vt1 0.140137 0.434082
vt1 0.140137 0.020020
vt1 0.137573 0.434082
vt1 0.137451 0.020020
vt1 0.500488 0.638184
vt1 0.474365 0.638184
vt1 0.474365 0.636475
vt1 0.500488 0.636475
vt1 0.474365 0.634766
vt1 0.500488 0.634766
vt1 0.474365 0.632812
vt1 0.500488 0.632812
vt1 0.474365 0.631104
vt1 0.500488 0.631104
vt1 0.474365 0.629395
vt1 0.500488 0.629395
vt1 0.474365 0.627441
vt1 0.500488 0.627441
vt1 0.040955 0.020020
vt1 0.040955 0.677490
vt1 0.038422 0.677734
vt1 0.038330 0.020020
vt1 0.035736 0.677734
vt1 0.035736 0.020020
vt1 0.033112 0.677490
vt1 0.033112 0.020020
vt1 0.030472 0.677490
vt1 0.030502 0.020020
vt1 0.027863 0.677490
vt1 0.027863 0.020020
vt1 0.025299 0.677734
vt1 0.025238 0.020020
vt1 0.022598 0.677734
vt1 0.022614 0.020020
vt1 0.019989 0.677490
vt1 0.019989 0.020020
vt1 0.539551 0.425781
vt1 0.539551 0.428711
vt1 0.537598 0.424316
vt1 0.537598 0.430664
vt1 0.535156 0.424316
vt1 0.533203 0.428711
vt1 0.535156 0.430664
vt1 0.533203 0.425781
vt1 0.885742 0.780273
vt1 0.977051 0.780273
vt1 0.977539 0.783447
vt1 0.885742 0.783325
vt1 0.977051 0.786377
vt1 0.885742 0.786377
vt1 0.977051 0.789429
vt1 0.885742 0.789429
vt1 0.977051 0.792358
vt1 0.885742 0.792358
vt1 0.977051 0.795410
vt1 0.885742 0.795410
vt1 0.977539 0.798584
vt1 0.885742 0.798462
vt1 0.977051 0.801514
vt1 0.885742 0.801514
vt1 0.977051 0.804565
vt1 0.885742 0.804565
vt1 0.458740 0.248047
vt1 0.270752 0.248047
vt1 0.270752 0.245117
vt1 0.458740 0.245117
vt1 0.270752 0.242188
vt1 0.458740 0.242188
vt1 0.270752 0.239258
vt1 0.458740 0.239258
vt1 0.270752 0.236328
vt1 0.458740 0.236328
vt1 0.270752 0.232910
vt1 0.458740 0.232910
vt1 0.270264 0.229980
vt1 0.458740 0.229980
vt1 0.270752 0.227051
vt1 0.458740 0.227051
vt1 0.270752 0.224121
vt1 0.458740 0.224121
vt1 0.977539 0.855469
vt1 0.885742 0.855469
vt1 0.885742 0.852417
vt1 0.977051 0.852417
vt1 0.885742 0.849365
vt1 0.977051 0.849365
vt1 0.885742 0.846436
vt1 0.977051 0.846436
vt1 0.885742 0.843384
vt1 0.977051 0.843384
vt1 0.885742 0.840332
vt1 0.977539 0.840454
vt1 0.885742 0.837280
vt1 0.977051 0.837280
vt1 0.885742 0.834229
vt1 0.977051 0.834229
vt1 0.885742 0.831177
vt1 0.977539 0.831177
vt1 0.765137 0.044434
vt1 0.576660 0.044434
vt1 0.576660 0.041504
vt1 0.764648 0.041504
vt1 0.576660 0.038574
vt1 0.764648 0.038574
vt1 0.576172 0.035156
vt1 0.764160 0.035156
vt1 0.576172 0.032227
vt1 0.764160 0.032227
vt1 0.576660 0.029297
vt1 0.764648 0.029297
vt1 0.576660 0.026367
vt1 0.764648 0.026367
vt1 0.576660 0.023438
vt1 0.764648 0.023438
vt1 0.576660 0.020020
vt1 0.765137 0.020020
vt1 0.100952 0.434082
vt1 0.098328 0.434082
vt1 0.098328 0.020020
vt1 0.100952 0.020020
vt1 0.103577 0.434082
vt1 0.103577 0.020020
vt1 0.106201 0.434082
vt1 0.106201 0.020020
vt1 0.108826 0.434082
vt1 0.108765 0.020020
vt1 0.111450 0.434082
vt1 0.111450 0.020020
vt1 0.114075 0.434082
vt1 0.114014 0.020020
vt1 0.116699 0.434082
vt1 0.116699 0.020020
vt1 0.119324 0.434082
vt1 0.119324 0.020020
vt1 0.077515 0.020020
vt1 0.080139 0.020020
vt1 0.080139 0.434570
vt1 0.077515 0.434082
vt1 0.074890 0.020020
vt1 0.074951 0.434570
vt1 0.072266 0.020020
vt1 0.072205 0.434570
vt1 0.069641 0.020020
vt1 0.069641 0.434082
vt1 0.067017 0.020020
vt1 0.067017 0.434082
vt1 0.064392 0.020020
vt1 0.064392 0.434082
vt1 0.061798 0.020020
vt1 0.061859 0.434570
vt1 0.059174 0.020020
vt1 0.059174 0.434570
vt1 0.399658 0.632568
vt1 0.399658 0.634277
vt1 0.372559 0.634277
vt1 0.372559 0.632568
vt1 0.399658 0.630615
vt1 0.372559 0.630615
vt1 0.399658 0.628906
vt1 0.372559 0.628906
vt1 0.399658 0.627197
vt1 0.372559 0.627197
vt1 0.399658 0.625488
vt1 0.372559 0.625488
vt1 0.399658 0.623535
vt1 0.372559 0.623535
vt1 0.499023 0.701904
vt1 0.500488 0.701904
vt1 0.500488 0.728271
vt1 0.499023 0.728271
vt1 0.497314 0.701904
vt1 0.497314 0.728271
vt1 0.495361 0.701904
vt1 0.495361 0.728271
vt1 0.493652 0.701904
vt1 0.493652 0.728271
vt1 0.491943 0.701904
vt1 0.491943 0.728271
vt1 0.490234 0.701904
vt1 0.490234 0.728271
vt1 0.658203 0.789185
vt1 0.658203 0.791016
vt1 0.630859 0.791016
vt1 0.630859 0.789185
vt1 0.658203 0.787476
vt1 0.630859 0.787476
vt1 0.658203 0.785645
vt1 0.630859 0.785645
vt1 0.658203 0.783813
vt1 0.630859 0.783813
vt1 0.658203 0.782104
vt1 0.630859 0.782104
vt1 0.658203 0.780273
vt1 0.630859 0.780273
vt1 0.812500 0.784180
vt1 0.813965 0.784180
vt1 0.813965 0.810425
vt1 0.812500 0.810425
vt1 0.810547 0.784180
vt1 0.810547 0.810425
vt1 0.809082 0.784180
vt1 0.809082 0.810425
vt1 0.807129 0.784180
vt1 0.807129 0.810425
vt1 0.805176 0.784180
vt1 0.805176 0.810425
vt1 0.803711 0.784180
vt1 0.803711 0.810425
vt1 0.348877 0.632568
vt1 0.348877 0.634277
vt1 0.321533 0.634277
vt1 0.321533 0.632568
vt1 0.348877 0.630615
vt1 0.321533 0.630615
vt1 0.348877 0.628906
vt1 0.321533 0.628906
vt1 0.348877 0.627197
vt1 0.321533 0.627197
vt1 0.348877 0.625488
vt1 0.321533 0.625488
vt1 0.348877 0.623535
vt1 0.321533 0.623535
vt1 0.728516 0.808838
vt1 0.728516 0.810547
vt1 0.701660 0.810547
vt1 0.701660 0.808838
vt1 0.728516 0.807007
vt1 0.701660 0.807007
vt1 0.728516 0.805176
vt1 0.701660 0.805176
vt1 0.728516 0.803467
vt1 0.701660 0.803467
vt1 0.728516 0.801636
vt1 0.701660 0.801636
vt1 0.728516 0.799927
vt1 0.701660 0.799927
vt1 0.484131 0.540039
vt1 0.482178 0.540039
vt1 0.482178 0.513916
vt1 0.484131 0.513916
vt1 0.485840 0.540039
vt1 0.485840 0.513916
vt1 0.487549 0.540039
vt1 0.487549 0.513916
vt1 0.489502 0.540039
vt1 0.489502 0.513916
vt1 0.491211 0.540039
vt1 0.491211 0.513916
vt1 0.492920 0.540039
vt1 0.492920 0.513916
vt1 0.384033 0.659912
vt1 0.384033 0.661621
vt1 0.356934 0.661621
vt1 0.356934 0.659912
vt1 0.384033 0.658203
vt1 0.356934 0.658203
vt1 0.384033 0.656494
vt1 0.356934 0.656494
vt1 0.384033 0.654541
vt1 0.356934 0.654541
vt1 0.384033 0.652832
vt1 0.356934 0.652832
vt1 0.384033 0.651123
vt1 0.356934 0.651123
vt1 0.708984 0.781372
vt1 0.708984 0.783203
vt1 0.682129 0.783203
vt1 0.682129 0.781372
vt1 0.708984 0.779541
vt1 0.682129 0.779541
vt1 0.708984 0.777832
vt1 0.682129 0.777832
vt1 0.708984 0.776001
vt1 0.682129 0.776001
vt1 0.708984 0.774292
vt1 0.682129 0.774292
vt1 0.708984 0.772461
vt1 0.682129 0.772461
vt1 0.491211 0.576660
vt1 0.492920 0.576660
vt1 0.492920 0.602783
vt1 0.491211 0.602783
vt1 0.489502 0.576660
vt1 0.489502 0.602783
vt1 0.487549 0.576660
vt1 0.487549 0.602783
vt1 0.485840 0.576660
vt1 0.485840 0.602783
vt1 0.484131 0.576660
vt1 0.484131 0.602783
vt1 0.482178 0.576660
vt1 0.482178 0.602783
vt1 0.450684 0.632568
vt1 0.450684 0.634277
vt1 0.423584 0.634277
vt1 0.423584 0.632568
vt1 0.450684 0.630615
vt1 0.423584 0.630615
vt1 0.450684 0.628906
vt1 0.423584 0.628906
vt1 0.450684 0.627197
vt1 0.423584 0.627197
vt1 0.450684 0.625488
vt1 0.423584 0.625488
vt1 0.450684 0.623535
vt1 0.423584 0.623535
vt1 0.779785 0.808838
vt1 0.779785 0.810547
vt1 0.752441 0.810547
vt1 0.752441 0.808838
vt1 0.779785 0.807007
vt1 0.752441 0.807007
vt1 0.779785 0.805176
vt1 0.752441 0.805176
vt1 0.779785 0.803467
vt1 0.752441 0.803467
vt1 0.779785 0.801636
vt1 0.752441 0.801636
vt1 0.779785 0.799927
vt1 0.752441 0.799927
vt1 0.488037 0.685059
vt1 0.486084 0.685059
vt1 0.486084 0.658936
vt1 0.488037 0.658936
vt1 0.489746 0.685059
vt1 0.489746 0.658936
vt1 0.491455 0.685059
vt1 0.491455 0.658936
vt1 0.493408 0.685059
vt1 0.493408 0.658936
vt1 0.495117 0.685059
vt1 0.495117 0.658936
vt1 0.496826 0.685059
vt1 0.496826 0.658936
vt1 0.759766 0.781372
vt1 0.759766 0.783203
vt1 0.732910 0.783203
vt1 0.732910 0.781372
vt1 0.759766 0.779541
vt1 0.732910 0.779541
vt1 0.759766 0.777832
vt1 0.732910 0.777832
vt1 0.759766 0.776001
vt1 0.732910 0.776001
vt1 0.759766 0.774292
vt1 0.732910 0.774292
vt1 0.759766 0.772461
vt1 0.732910 0.772461
vt1 0.452637 0.686035
vt1 0.450928 0.686035
vt1 0.450928 0.658936
vt1 0.452637 0.658936
vt1 0.454590 0.686035
vt1 0.454590 0.658936
vt1 0.456299 0.686035
vt1 0.456299 0.658936
vt1 0.458008 0.686035
vt1 0.458008 0.658936
vt1 0.459961 0.686035
vt1 0.459961 0.658936
vt1 0.461670 0.686035
vt1 0.461670 0.658936
vt1 0.463867 0.701904
vt1 0.465576 0.701904
vt1 0.465576 0.729004
vt1 0.463867 0.729004
vt1 0.461914 0.701904
vt1 0.461914 0.729004
vt1 0.460205 0.701904
vt1 0.460205 0.729004
vt1 0.458496 0.701904
vt1 0.458496 0.729004
vt1 0.456543 0.701904
vt1 0.456543 0.729004
vt1 0.454834 0.701904
vt1 0.454834 0.729004
vt1 0.435059 0.659912
vt1 0.435059 0.661621
vt1 0.407715 0.661621
vt1 0.407715 0.659912
vt1 0.435059 0.658203
vt1 0.407715 0.658203
vt1 0.435059 0.656494
vt1 0.407715 0.656494
vt1 0.435059 0.654541
vt1 0.407715 0.654541
vt1 0.435059 0.652832
vt1 0.407715 0.652832
vt1 0.435059 0.651123
vt1 0.407715 0.651123
vt1 0.596191 0.428711
vt1 0.600586 0.430176
vt1 0.597656 0.430664
vt1 0.602539 0.428223
vt1 0.600586 0.423828
vt1 0.602539 0.425781
vt1 0.596191 0.425781
vt1 0.597656 0.423828
vt1 0.790039 0.737549
vt1 0.788086 0.741943
vt1 0.788086 0.739258
vt1 0.794434 0.739258
vt1 0.792480 0.737305
vt1 0.792480 0.743652
vt1 0.794434 0.741943
vt1 0.789551 0.743896
vt1 0.631836 0.434082
vt1 0.633789 0.430176
vt1 0.633789 0.432617
vt1 0.627441 0.432129
vt1 0.628906 0.434570
vt1 0.629395 0.427734
vt1 0.626953 0.429688
vt1 0.631836 0.427734
vt1 0.567383 0.430176
vt1 0.566406 0.430664
vt1 0.564453 0.428711
vt1 0.569336 0.430664
vt1 0.564453 0.425781
vt1 0.570801 0.428711
vt1 0.567871 0.424316
vt1 0.566406 0.423828
vt1 0.571289 0.425781
vt1 0.569336 0.423828
vt1 0.590332 0.566895
vt1 0.591797 0.567139
vt1 0.591797 0.570312
vt1 0.589355 0.564941
vt1 0.589355 0.572510
vt1 0.586914 0.565918
vt1 0.586426 0.564941
vt1 0.584473 0.567383
vt1 0.586914 0.571533
vt1 0.586426 0.572510
vt1 0.583984 0.570312
vt1 0.647949 0.570801
vt1 0.646973 0.570312
vt1 0.646973 0.567139
vt1 0.648926 0.572510
vt1 0.648926 0.565186
vt1 0.651855 0.571533
vt1 0.652344 0.572510
vt1 0.654297 0.570312
vt1 0.651855 0.565918
vt1 0.652344 0.564941
vt1 0.654297 0.567139
vt1 0.714844 0.571289
vt1 0.717285 0.570312
vt1 0.714844 0.572510
vt1 0.711426 0.572510
vt1 0.715820 0.566650
vt1 0.717285 0.567139
vt1 0.714844 0.564941
vt1 0.710938 0.570801
vt1 0.709473 0.570312
vt1 0.709473 0.567139
vt1 0.711426 0.566162
vt1 0.711426 0.564941
vt1 0.621094 0.571289
vt1 0.623047 0.570312
vt1 0.620605 0.572510
vt1 0.617676 0.572510
vt1 0.621582 0.566650
vt1 0.623047 0.567139
vt1 0.620605 0.564941
vt1 0.616699 0.570801
vt1 0.615234 0.570312
vt1 0.615234 0.567139
vt1 0.617676 0.566162
vt1 0.617676 0.564941
vt1 0.555176 0.564941
vt1 0.555176 0.565918
vt1 0.552734 0.567139
vt1 0.558105 0.564941
vt1 0.555176 0.571533
vt1 0.552734 0.570312
vt1 0.554688 0.572510
vt1 0.559082 0.566895
vt1 0.560547 0.567139
vt1 0.560547 0.570312
vt1 0.558105 0.571289
vt1 0.558105 0.572754
vt1 0.506348 0.424805
vt1 0.503906 0.423828
vt1 0.507324 0.423828
vt1 0.509277 0.426270
vt1 0.502441 0.427246
vt1 0.501953 0.426270
vt1 0.501953 0.429199
vt1 0.508789 0.428223
vt1 0.509277 0.429199
vt1 0.507324 0.431641
vt1 0.504883 0.430664
vt1 0.503906 0.431641
vt1 0.683594 0.572510
vt1 0.683105 0.571533
vt1 0.685547 0.570312
vt1 0.680176 0.572510
vt1 0.683105 0.565918
vt1 0.685547 0.567139
vt1 0.683594 0.564941
vt1 0.679199 0.570801
vt1 0.678223 0.570312
vt1 0.678223 0.567139
vt1 0.680176 0.566162
vt1 0.680176 0.564941
vt1 0.744141 0.571777
vt1 0.743164 0.572510
vt1 0.740723 0.570312
vt1 0.746094 0.572510
vt1 0.741211 0.568359
vt1 0.740723 0.567139
vt1 0.743164 0.564941
vt1 0.748047 0.568848
vt1 0.748535 0.570312
vt1 0.748535 0.567139
vt1 0.745117 0.565674
vt1 0.746094 0.564941
vt1 0.245850 0.881897
vt1 0.192383 0.881897
vt1 0.192383 0.807739
vt1 0.245850 0.807739
vt1 0.830078 0.310059
vt1 0.979004 0.310059
vt1 0.979004 0.363770
vt1 0.830078 0.363770
vt1 0.831055 0.231934
vt1 0.979492 0.231934
vt1 0.979492 0.285156
vt1 0.831055 0.285156
vt1 0.700195 0.881714
vt1 0.646973 0.881714
vt1 0.646973 0.827271
vt1 0.700195 0.827271
vn -0.944882 -0.007874 -0.322835
vn -0.007874 -0.944882 -0.322834
vn -0.700787 -0.716535 0.000000
vn 0.700787 -0.708661 0.000000
vn 0.007874 -0.944882 -0.322834
vn 0.944882 -0.007874 -0.314961
vn 0.031496 -1.000000 0.039370
vn 0.795276 -0.519685 -0.314961
vn 0.220472 -0.944882 -0.251968
vn -0.007874 1.000000 -0.000000
vn 0.007874 1.000000 -0.000000
vn 0.007874 0.944882 -0.322835
vn -0.007874 0.944882 -0.322835
vn 0.007874 -0.944882 -0.322834
vn 0.007874 -1.000000 0.000000
vn -0.007874 -1.000000 0.000000
vn -0.007874 -0.944882 -0.322834
vn 0.007874 0.944882 -0.322835
vn -0.007874 0.944882 -0.322835
vn -0.007874 1.000000 -0.000000
vn 0.007874 1.000000 -0.000000
vn 0.165354 0.944882 0.275590
vn 0.181102 0.944882 0.267716
vn 0.007874 1.000000 -0.007874
vn -0.007874 1.000000 0.007874
vn 0.165354 0.944882 0.275590
vn 0.181102 0.944882 0.267716
vn 0.007874 1.000000 -0.007874
vn -0.007874 1.000000 0.007874
vn 0.007874 -1.000000 -0.007874
vn 0.181102 -0.944882 0.267717
vn 0.165354 -0.944882 0.275591
vn -0.007874 -1.000000 0.007874
vn -0.015748 0.007874 -1.000000
vn -0.015748 -0.000000 -1.000000
vn 0.015748 -0.000000 -1.000000
vn 0.015748 -0.000000 -1.000000
vn 0.622047 -0.000000 -0.779527
vn 0.622047 0.007874 -0.779527
vn 0.779528 0.007874 -0.622047
vn 0.779528 -0.000000 -0.622047
vn 1.000000 -0.000000 -0.023622
vn 1.000000 0.007874 -0.023622
vn 1.000000 0.000000 0.039370
vn 1.000000 0.000000 0.039370
vn 0.732283 0.000000 0.677165
vn 0.732283 0.007874 0.677165
vn 0.677165 0.000000 0.732283
vn 0.677165 0.000000 0.732283
vn 0.055118 0.000000 1.000000
vn 0.055118 0.007874 1.000000
vn -0.055118 0.000000 1.000000
vn -0.055118 0.000000 1.000000
vn -0.677165 0.000000 0.732283
vn -0.677165 0.007874 0.732283
vn -0.732283 0.000000 0.677165
vn -0.732283 0.000000 0.677165
vn -1.000000 0.000000 0.039370
vn -1.000000 0.007874 0.039370
vn -1.000000 -0.000000 -0.023622
vn -1.000000 -0.000000 -0.023622
vn -0.779528 -0.000000 -0.622047
vn -0.779528 0.007874 -0.622047
vn -0.622047 0.007874 -0.779527
vn -0.622047 -0.000000 -0.779527
vn -0.015748 -0.000000 -1.000000
vn -0.015748 0.007874 -1.000000
vn 1.000000 0.007874 -0.031496
vn 1.000000 0.000000 0.047244
vn 0.992126 0.102362 0.023622
vn 0.992126 0.110236 -0.015748
vn 0.748031 0.669291 0.023622
vn 0.740157 0.669291 -0.023622
vn 0.669291 0.740157 -0.000000
vn 0.677165 0.732283 -0.031496
vn 0.685039 0.732283 0.031496
vn -1.000000 0.007874 0.031496
vn -1.000000 -0.000000 -0.047244
vn -0.992126 0.102362 -0.023622
vn -0.992126 0.110236 0.015748
vn -0.748031 0.669291 -0.023622
vn -0.740157 0.669291 0.023622
vn -0.669291 0.740157 -0.000000
vn -0.677165 0.732283 0.031496
vn -0.685039 0.732283 -0.031496
vn 0.850394 -0.000000 -0.535433
vn -0.763780 0.062992 0.645669
vn 0.401575 0.606299 0.685039
vn 0.503937 0.614173 0.606299
vn 0.149606 0.937008 0.307086
vn 0.251969 0.929134 0.275590
vn -0.322835 0.944882 0.094488
vn -0.078740 0.992126 -0.086614
vn -0.055118 0.992126 -0.125984
vn 0.204724 0.944882 -0.251969
vn -1.000000 -0.000000 -0.039370
vn 0.992126 0.047244 -0.078740
vn 0.062992 0.606299 -0.787401
vn -0.062992 0.614173 -0.787401
vn 0.047244 0.937008 -0.338583
vn -0.055118 0.929134 -0.370079
vn 0.307087 0.944882 0.094488
vn 0.023622 0.992126 0.110236
vn -0.023622 0.992126 0.141732
vn -0.322835 0.944882 0.110236
vn 0.850394 -0.000000 -0.527559
vn -0.795276 0.039370 0.606299
vn 0.385827 0.606299 0.692913
vn 0.488189 0.614173 0.622047
vn 0.141732 0.937008 0.307086
vn 0.251969 0.929134 0.275590
vn -0.307087 0.944882 0.094488
vn -0.078740 0.992126 -0.078740
vn -0.062992 0.992126 -0.125984
vn 0.204724 0.944882 -0.267717
vn -1.000000 -0.000000 -0.031496
vn 1.000000 0.039370 -0.062992
vn 0.062992 0.606299 -0.787401
vn -0.062992 0.614173 -0.787401
vn 0.047244 0.937008 -0.338583
vn -0.055118 0.929134 -0.370079
vn 0.307087 0.944882 0.094488
vn 0.023622 0.992126 0.110236
vn -0.023622 0.992126 0.141732
vn -0.322835 0.944882 0.110236
vn -0.944882 -0.007874 -0.322835
vn -1.000000 -0.007874 0.000000
vn -1.000000 0.015748 -0.000000
vn -0.944882 0.007874 -0.322835
vn -0.007874 0.944882 -0.322835
vn 0.858268 -0.503937 -0.062992
vn 0.803150 -0.590551 0.086614
vn 1.000000 0.000000 0.031496
vn 1.000000 -0.000000 -0.031496
vn 1.000000 0.007874 0.031496
vn 1.000000 -0.000000 -0.031496
vn 0.858268 0.503937 -0.062992
vn 0.007874 -0.244094 0.968504
vn 0.047244 0.330709 0.944882
vn 0.685039 0.724409 0.094488
vn 0.944882 -0.322835 0.047244
vn 0.519685 0.842520 -0.110236
vn 0.913386 -0.251969 -0.314961
vn 0.055118 0.480315 -0.874016
vn 0.055118 -0.212599 -0.976378
vn 0.023622 0.748031 -0.669291
vn -0.055118 0.133858 -0.992126
vn -0.055118 -0.212599 -0.976378
vn -0.874016 -0.346457 -0.338583
vn -0.047244 0.622047 -0.779527
vn -0.023622 0.763779 -0.645669
vn -0.503937 0.834646 -0.228347
vn -0.771654 0.622047 -0.149606
vn -0.937008 -0.338583 0.039370
vn -0.685039 0.724409 0.094488
vn -0.007874 -0.244094 0.968504
vn -0.094488 0.346457 0.929134
vn 0.944882 0.007874 -0.322835
vn 0.007874 0.944882 -0.322835
vn 1.000000 0.015748 -0.000000
vn 0.944882 -0.007874 -0.314961
vn 1.000000 -0.007874 0.000000
vn 0.007874 0.661417 -0.748031
vn 0.000000 0.653543 -0.755905
vn -0.007874 0.456693 -0.889764
vn 0.015748 0.307086 -0.952756
vn -0.007874 -0.244095 -0.968504
vn 0.007874 -0.244095 -0.968504
vn 0.811024 -0.456693 -0.370079
vn 0.007874 -0.685039 0.732283
vn -0.007874 -0.685039 0.732283
vn -0.007874 -0.440945 0.897638
vn 0.007874 -0.362205 0.929134
vn -0.007874 0.244095 0.968504
vn 0.007874 0.244095 0.968504
vn -0.858268 0.503937 -0.062992
vn -0.803150 0.590551 0.086614
vn -1.000000 0.000000 0.031496
vn -1.000000 -0.000000 -0.031496
vn -1.000000 0.000000 0.031496
vn -1.000000 -0.000000 -0.031496
vn -0.858268 -0.511811 -0.062992
vn -0.803150 -0.590551 0.078740
vn -0.078740 -0.338583 -0.937008
vn -0.007874 0.244094 -0.968504
vn -0.944882 0.314961 -0.047244
vn -0.669291 -0.740157 -0.062992
vn -0.944882 0.330709 0.062992
vn -0.677165 -0.732283 0.039370
vn -0.007874 0.244095 0.968504
vn -0.007874 -0.456693 0.889764
vn -0.007874 -0.653543 0.755905
vn 0.000000 -0.653543 0.755905
vn 0.007874 -0.401575 0.913386
vn 0.007874 0.244095 0.968504
vn 0.677165 -0.732283 0.055118
vn 0.937008 0.346457 0.062992
vn 0.929134 -0.354331 -0.062992
vn 0.716535 -0.692913 -0.039370
vn 0.929134 0.362205 -0.039370
vn 0.007874 0.244095 0.968504
vn -0.007874 0.244095 0.968504
vn -0.007874 1.000000 0.055118
vn 0.007874 1.000000 0.055118
vn -0.007874 1.000000 -0.055118
vn 0.007874 1.000000 -0.055118
vn 0.007874 0.244094 -0.968504
vn -0.007874 0.244094 -0.968504
vn -0.944882 -0.000000 -0.330709
vn -1.000000 0.000000 0.000000
vn -1.000000 0.007874 -0.000000
vn -0.944882 -0.000000 -0.314961
vn -0.007874 0.944882 -0.322835
vn -0.031496 -1.000000 0.000000
vn -0.944882 -0.000000 -0.330709
vn -0.007874 -0.952756 -0.307086
vn 0.015748 -1.000000 0.000000
vn 0.007874 -0.952756 -0.307086
vn 0.944882 -0.000000 -0.330709
vn 0.007874 -0.244094 0.968504
vn 0.070866 0.354331 0.929134
vn 0.685039 0.724409 0.094488
vn 0.944882 -0.322835 0.047244
vn 0.519685 0.842520 -0.110236
vn 0.913386 -0.251969 -0.314961
vn 0.055118 0.519685 -0.850394
vn 0.023622 0.748031 -0.669291
vn 0.055118 -0.212599 -0.976378
vn -0.023622 0.763779 -0.645669
vn -0.047244 0.464567 -0.881890
vn -0.055118 -0.212599 -0.976378
vn -0.527559 0.842520 -0.102362
vn -0.889764 -0.307087 -0.338583
vn -0.944882 -0.338583 0.047244
vn -0.685039 0.724409 0.094488
vn -0.007874 -0.244094 0.968504
vn -0.062992 0.314961 0.944882
vn 0.944882 -0.000000 -0.314961
vn 0.007874 0.944882 -0.322835
vn 1.000000 0.007874 -0.000000
vn 0.944882 -0.000000 -0.330709
vn 1.000000 0.000000 0.000000
vn 0.007874 0.661417 -0.748031
vn 0.000000 0.653543 -0.755905
vn -0.007874 0.456693 -0.889764
vn 0.015748 0.307086 -0.952756
vn -0.007874 -0.244095 -0.968504
vn 0.007874 -0.244095 -0.968504
vn 0.811024 -0.456693 -0.370079
vn 0.968504 -0.000000 -0.236220
vn 0.842520 -0.000000 -0.543307
vn 0.842520 0.007874 -0.543307
vn 0.968504 -0.000000 -0.251968
vn 0.181102 0.944882 0.267716
vn 0.023622 -1.000000 -0.015748
vn 0.968504 -0.000000 -0.236220
vn 0.173228 -0.952756 0.251969
vn -0.015748 -1.000000 0.007874
vn 0.157480 -0.952756 0.267717
vn -0.614173 0.000000 0.787401
vn -0.535433 -0.244095 -0.811023
vn -0.566929 0.354331 -0.740157
vn -0.622047 0.724409 0.291338
vn -0.818898 -0.322835 0.480315
vn -0.377953 0.842520 0.377953
vn -0.590551 -0.251968 0.763779
vn 0.417323 0.519685 0.740157
vn 0.338583 0.748031 0.574803
vn 0.488189 -0.212598 0.850394
vn 0.370079 0.763779 0.527559
vn 0.527559 0.464567 0.716535
vn 0.574803 -0.212598 0.787401
vn 0.496063 0.842520 -0.196850
vn 0.929134 -0.307087 -0.196850
vn 0.763780 -0.338583 -0.551181
vn 0.519685 0.724409 -0.448819
vn -0.519685 -0.244095 -0.818897
vn -0.464567 0.314961 -0.826772
vn -0.622047 0.000000 0.779527
vn 0.165354 0.944882 0.275590
vn -0.842520 0.007874 0.543307
vn -0.614173 0.000000 0.787401
vn -0.842520 0.000000 0.543307
vn 0.401575 0.661417 0.637795
vn 0.417323 0.653543 0.637795
vn 0.488189 0.456693 0.740157
vn 0.503937 0.307087 0.803149
vn 0.535433 -0.244094 0.811023
vn 0.519685 -0.244094 0.818897
vn -0.480315 -0.456693 0.748031
vn -0.685039 -0.511811 0.519685
vn -0.724409 -0.590551 0.370079
vn -0.858268 0.000000 0.511811
vn -0.826772 -0.007874 0.566929
vn -0.858268 0.000000 0.511811
vn -0.826772 0.007874 0.566929
vn -0.685039 0.503937 0.527559
vn -0.724409 0.606299 0.322835
vn -0.527559 -0.244095 -0.811023
vn -0.551181 0.330709 -0.763779
vn -0.622047 0.724409 0.291338
vn -0.818898 -0.322835 0.472441
vn -0.377953 0.842520 0.377953
vn -0.598425 -0.251968 0.763779
vn 0.433071 0.480315 0.763779
vn 0.480315 -0.212598 0.850394
vn 0.338583 0.748031 0.574803
vn 0.582677 0.133858 0.803149
vn 0.574803 -0.212598 0.787401
vn 0.921260 -0.346457 -0.196850
vn 0.464567 0.622047 0.629921
vn 0.370079 0.763779 0.527559
vn 0.543307 0.834646 -0.086614
vn 0.724409 0.622047 -0.299213
vn 0.763780 -0.338583 -0.543307
vn 0.527559 0.724409 -0.448819
vn -0.519685 -0.244095 -0.818897
vn -0.425197 0.346457 -0.834646
vn -0.622047 0.007874 0.779527
vn 0.165354 0.944882 0.275590
vn -0.842520 0.015748 0.543307
vn -0.622047 -0.007874 0.779527
vn -0.842520 -0.031496 0.543307
vn 0.165354 -0.944882 0.275591
vn 0.401575 0.661417 0.637795
vn 0.417323 0.653543 0.637795
vn 0.488189 0.456693 0.740157
vn 0.503937 0.307087 0.803149
vn 0.527559 -0.275590 0.803150
vn 0.519685 -0.244094 0.818897
vn -0.653543 -0.409449 0.637795
vn -0.401575 -0.685039 -0.614173
vn -0.393701 -0.685039 -0.614173
vn -0.480315 -0.440945 -0.755905
vn -0.511811 -0.362205 -0.779527
vn -0.519685 0.244094 -0.818897
vn -0.527559 0.244094 -0.811023
vn 0.574803 -0.338583 0.748031
vn 0.527559 0.244095 0.811023
vn 0.826772 0.314961 -0.472441
vn 0.598425 -0.740157 -0.307086
vn 0.763780 0.330709 -0.559055
vn 0.551181 -0.732283 -0.401575
vn -0.519685 0.244094 -0.818897
vn -0.472441 -0.456693 -0.755905
vn -0.409449 -0.653543 -0.637795
vn -0.409449 -0.653543 -0.629921
vn -0.503937 -0.401575 -0.763779
vn -0.527559 0.244094 -0.811023
vn -0.598425 -0.732283 0.322835
vn -0.818898 0.346457 0.456693
vn -0.748031 -0.354331 0.559055
vn -0.763780 0.362205 0.535433
vn -0.582677 -0.692913 0.425197
vn -0.527559 0.244094 -0.811023
vn -0.519685 0.244094 -0.818897
vn -0.023622 1.000000 -0.055118
vn -0.031496 1.000000 -0.039370
vn 0.039370 1.000000 0.039370
vn 0.023622 1.000000 0.047244
vn 0.519685 0.244095 0.818897
vn 0.527559 0.244095 0.811023
vn -0.015748 -0.976378 -0.212598
vn 0.015748 -0.976378 -0.196850
vn 0.015748 -0.992126 -0.133858
vn -0.015748 -0.992126 -0.133858
vn -0.976378 -0.055118 -0.204724
vn -0.992126 -0.055118 -0.133858
vn -0.968504 0.047244 -0.236220
vn -0.992126 0.055118 -0.133858
vn -0.015748 0.976378 -0.196850
vn -0.015748 0.992126 -0.133858
vn 0.015748 0.976378 -0.212599
vn 0.015748 0.992126 -0.133858
vn 0.976378 0.055118 -0.204724
vn 0.992126 0.055118 -0.133858
vn 0.968504 -0.047244 -0.236220
vn 0.992126 -0.055118 -0.133858
vn 0.015748 -0.976378 -0.196850
vn 0.015748 -0.992126 -0.133858
vn -0.007874 0.440945 0.897638
vn -0.007874 0.685039 0.732283
vn 0.007874 0.685039 0.732283
vn 0.007874 0.362205 0.929134
vn -0.007874 -0.244094 0.968504
vn 0.007874 -0.244094 0.968504
vn -0.944882 -0.314961 -0.047244
vn -0.007874 -0.244095 -0.968504
vn -0.078740 0.338583 -0.937008
vn -0.669291 0.740157 -0.062992
vn -0.944882 -0.330709 0.062992
vn -0.677165 0.732283 0.039370
vn -0.007874 -0.244094 0.968504
vn -0.007874 0.456693 0.889764
vn -0.007874 0.653543 0.755905
vn 0.000000 0.653543 0.755905
vn 0.007874 0.401575 0.913386
vn 0.007874 -0.244094 0.968504
vn 0.677165 0.732283 0.055118
vn 0.937008 -0.346457 0.062992
vn 0.929134 0.354331 -0.062992
vn 0.929134 -0.362205 -0.039370
vn 0.716535 0.692913 -0.039370
vn -0.007874 -1.000000 0.055118
vn -0.007874 -0.244094 0.968504
vn 0.007874 -0.244094 0.968504
vn 0.007874 -1.000000 0.055118
vn -0.007874 -1.000000 -0.055118
vn 0.007874 -1.000000 -0.055118
vn 0.007874 -0.244095 -0.968504
vn -0.007874 -0.244095 -0.968504
vn 0.685039 -0.724409 0.094488
vn 0.047244 -0.330709 0.944882
vn 0.007874 0.244095 0.968504
vn 0.944882 0.322835 0.047244
vn 0.519685 -0.842520 -0.110236
vn 0.913386 0.251968 -0.314961
vn 0.055118 -0.480315 -0.874016
vn 0.055118 0.212598 -0.976378
vn 0.023622 -0.748031 -0.669291
vn -0.055118 -0.133858 -0.992126
vn -0.055118 0.212598 -0.976378
vn -0.874016 0.346457 -0.338583
vn -0.047244 -0.622047 -0.779527
vn -0.023622 -0.763779 -0.645669
vn -0.503937 -0.834646 -0.228346
vn -0.771654 -0.622047 -0.149606
vn -0.937008 0.338583 0.039370
vn -0.685039 -0.724409 0.094488
vn -0.007874 0.244095 0.968504
vn -0.094488 -0.346457 0.929134
vn -1.000000 0.000000 0.031496
vn -0.803150 0.590551 0.086614
vn -0.212598 0.952756 -0.196850
vn -0.433071 0.007874 -0.905512
vn -1.000000 0.000000 0.031496
vn -0.188976 -0.960630 -0.204724
vn -0.803150 -0.590551 0.078740
vn -0.425197 -0.007874 -0.905512
vn -1.000000 -0.015748 -0.055118
vn -1.000000 0.007874 -0.055118
vn -0.992126 0.000000 0.102362
vn -0.724409 -0.685039 0.110236
vn -0.992126 0.000000 0.102362
vn -0.724409 0.685039 0.110236
vn -0.007874 -0.456693 -0.889764
vn 0.000000 -0.653543 -0.755905
vn 0.007874 -0.661417 -0.748031
vn 0.015748 -0.307087 -0.952756
vn -0.007874 0.244094 -0.968504
vn 0.007874 0.244094 -0.968504
vn 0.811024 0.456693 -0.370079
vn -0.944882 -0.314961 -0.047244
vn -0.007874 -0.244095 -0.968504
vn -0.078740 0.338583 -0.937008
vn -0.669291 0.740157 -0.062992
vn -0.944882 -0.330709 0.062992
vn -0.677165 0.732283 0.039370
vn -0.007874 -0.244094 0.968504
vn -0.007874 0.417323 0.913386
vn 0.000000 0.653543 0.755905
vn 0.007874 0.433071 0.897638
vn 0.000000 0.653543 0.755905
vn 0.007874 -0.244094 0.968504
vn 0.677165 0.732283 0.055118
vn 0.937008 -0.346457 0.062992
vn 0.929134 0.354331 -0.062992
vn 0.929134 -0.362205 -0.039370
vn 0.716535 0.692913 -0.039370
vn -0.007874 -1.000000 0.055118
vn -0.007874 -0.244094 0.968504
vn 0.007874 -0.244094 0.968504
vn 0.007874 -1.000000 0.055118
vn -0.007874 -1.000000 -0.055118
vn 0.007874 -1.000000 -0.055118
vn 0.007874 -0.244095 -0.968504
vn -0.007874 -0.244095 -0.968504
vn 0.818898 -0.314961 -0.472441
vn 0.535433 -0.244094 0.811023
vn 0.574803 0.338583 0.748031
vn 0.598425 0.740157 -0.307087
vn 0.755906 -0.330709 -0.566929
vn 0.543307 0.732283 -0.409449
vn -0.519685 -0.244095 -0.818897
vn -0.488189 0.417323 -0.771653
vn -0.409449 0.653543 -0.637795
vn -0.496063 0.433071 -0.748031
vn -0.417323 0.653543 -0.629921
vn -0.535433 -0.244095 -0.811023
vn -0.598425 0.732283 0.322835
vn -0.818898 -0.346457 0.456693
vn -0.748031 0.354331 0.566929
vn -0.755906 -0.362205 0.543307
vn -0.582677 0.692913 0.425197
vn -0.023622 -1.000000 -0.055118
vn -0.519685 -0.244095 -0.818897
vn -0.535433 -0.244095 -0.811023
vn -0.031496 -1.000000 -0.039370
vn 0.039370 -1.000000 0.039370
vn 0.023622 -1.000000 0.047244
vn 0.519685 -0.244094 0.818897
vn 0.535433 -0.244094 0.811023
vn -0.480315 0.440945 -0.755905
vn -0.393701 0.685039 -0.614173
vn -0.401575 0.685039 -0.614173
vn -0.511811 0.362205 -0.779527
vn -0.519685 -0.244095 -0.818897
vn -0.527559 -0.244095 -0.811023
vn 0.842520 0.015748 -0.543307
vn 0.181102 0.944882 0.267716
vn 0.968504 0.007874 -0.244094
vn 0.968504 -0.007874 -0.244094
vn 0.842520 -0.031496 -0.543307
vn 0.181102 -0.944882 0.267717
vn 0.574803 0.338583 0.748031
vn 0.598425 0.740157 -0.307087
vn 0.874016 -0.267717 -0.393701
vn 0.763780 -0.330709 -0.551181
vn 0.551181 0.732283 -0.401575
vn -0.519685 -0.244095 -0.818897
vn -0.472441 0.456693 -0.755905
vn -0.409449 0.653543 -0.637795
vn -0.409449 0.653543 -0.629921
vn -0.503937 0.401575 -0.763779
vn -0.527559 -0.244095 -0.811023
vn -0.598425 0.732283 0.322835
vn -0.818898 -0.346457 0.464567
vn -0.748031 0.354331 0.559055
vn -0.755906 -0.370079 0.535433
vn -0.582677 0.692913 0.425197
vn -0.031496 -1.000000 -0.055118
vn -0.519685 -0.244095 -0.818897
vn -0.527559 -0.244095 -0.811023
vn -0.031496 -1.000000 -0.039370
vn 0.031496 -1.000000 0.039370
vn 0.023622 -1.000000 0.047244
vn 0.519685 -0.244094 0.818897
vn 0.511811 -0.338583 0.787401
vn -0.622047 -0.724409 0.291339
vn -0.551181 -0.330709 -0.763779
vn -0.527559 0.244094 -0.811023
vn -0.818898 0.322835 0.472441
vn -0.377953 -0.842520 0.377953
vn -0.598425 0.251969 0.763779
vn 0.433071 -0.480315 0.763779
vn 0.480315 0.212599 0.850394
vn 0.338583 -0.748031 0.574803
vn 0.582677 -0.133858 0.803149
vn 0.574803 0.212598 0.787401
vn 0.921260 0.346457 -0.196850
vn 0.464567 -0.622047 0.629921
vn 0.370079 -0.763779 0.527559
vn 0.543307 -0.834646 -0.086614
vn 0.724409 -0.622047 -0.299213
vn 0.763780 0.338583 -0.543307
vn 0.527559 -0.724409 -0.448819
vn -0.519685 0.244094 -0.818897
vn -0.425197 -0.346457 -0.834646
vn 0.818898 0.015748 -0.566929
vn 0.858268 0.007874 -0.511811
vn 0.755906 0.503937 -0.409449
vn 0.826772 -0.000000 -0.566929
vn 0.858268 -0.007874 -0.511811
vn 0.755906 -0.511811 -0.409449
vn 0.669291 -0.488189 -0.559055
vn 0.488189 -0.456693 0.740157
vn 0.417323 -0.653543 0.637795
vn 0.401575 -0.661417 0.637795
vn 0.503937 -0.307086 0.803150
vn 0.527559 0.244095 0.811023
vn 0.519685 0.244095 0.818897
vn -0.480315 0.456693 0.748031
vn 0.015748 -0.984252 0.149606
vn -0.803150 -0.015748 0.598425
vn 0.834646 -0.078740 -0.543307
vn 0.149606 -0.984252 0.062992
vn -0.062992 -0.992126 -0.062992
vn -0.275591 -0.952756 0.118110
vn -0.047244 -0.992126 -0.094488
vn 0.204724 -0.952756 -0.228346
vn 0.078740 -0.984252 -0.141732
vn 0.015748 -0.992126 0.110236
vn 0.299213 -0.952756 0.070866
vn -0.015748 -0.992126 0.086614
vn -0.070866 -0.984252 -0.133858
vn -0.291339 -0.952756 0.062992
vn 1.000000 -0.007874 -0.023622
vn -1.000000 -0.062992 -0.023622
vn 0.007874 -0.984252 0.157480
vn -0.070866 -0.992126 -0.078740
vn -0.291339 -0.952756 0.102362
vn -0.031496 -0.992126 -0.078740
vn 0.133858 -0.984252 0.070866
vn 0.212598 -0.952756 -0.212598
vn -0.826772 -0.007874 0.566929
vn 0.842520 -0.055118 -0.535433
vn 0.078740 -0.984252 -0.141732
vn 0.015748 -0.992126 0.110236
vn 0.299213 -0.952756 0.070866
vn -0.015748 -0.992126 0.086614
vn -0.070866 -0.984252 -0.133858
vn -0.291339 -0.952756 0.062992
vn 1.000000 -0.007874 -0.015748
vn -1.000000 -0.055118 -0.023622
vn -0.007874 -1.000000 0.055118
vn -0.007874 -0.244094 0.968504
vn 0.007874 -0.244094 0.968504
vn 0.007874 -1.000000 0.055118
vn 0.007874 -1.000000 0.000000
vn 0.874016 -0.354331 -0.322835
vn -0.015748 -1.000000 -0.007874
vn 0.007874 -0.992126 -0.094488
vn 0.055118 -0.212599 -0.976378
vn -0.007874 -0.992126 -0.102362
vn -0.055118 -0.212599 -0.976378
vn 0.755906 -0.015748 -0.653543
vn 1.000000 -0.000000 -0.031496
vn 1.000000 -0.000000 -0.031496
vn 0.748031 0.007874 -0.661417
vn 0.677165 -0.007874 -0.732283
vn 0.055118 -0.685039 -0.724409
vn 0.677165 0.007874 -0.732283
vn 0.055118 0.685039 -0.724409
vn 0.070866 -0.047244 -1.000000
vn 0.094488 0.031496 -0.992126
vn 0.000000 0.157480 -0.984252
vn -0.055118 0.700787 -0.708661
vn -0.047244 -0.070866 -1.000000
vn -0.055118 -0.700787 -0.708661
vn -0.023622 0.015748 -1.000000
vn -0.023622 -0.023622 -1.000000
vn -0.677165 -0.007874 -0.732283
vn -0.755906 -0.015748 -0.653543
vn -0.748031 0.007874 -0.661417
vn -1.000000 -0.000000 -0.031496
vn -1.000000 -0.000000 -0.031496
vn -0.677165 0.007874 -0.732283
vn -0.133858 -0.000000 -0.992126
vn 0.031496 0.007874 -1.000000
vn 0.031496 -0.015748 -1.000000
vn -0.007874 0.944882 -0.322835
vn 0.007874 0.944882 -0.322835
vn -0.944882 0.007874 -0.322835
vn 0.944882 0.007874 -0.322835
vn -0.944882 -0.007874 -0.322835
vn 0.944882 -0.007874 -0.314961
vn -0.007874 -0.944882 -0.322834
vn 0.007874 -0.944882 -0.322834
vn 0.007874 0.244095 0.968504
vn -0.007874 0.244095 0.968504
vn -0.007874 1.000000 0.055118
vn 0.007874 1.000000 0.055118
vn 0.007874 1.000000 -0.000000
vn 0.874016 0.354331 -0.322835
vn -0.015748 1.000000 -0.007874
vn 0.007874 0.992126 -0.094488
vn 0.055118 0.212598 -0.976378
vn -0.007874 0.992126 -0.102362
vn -0.055118 0.212598 -0.976378
vn 1.000000 0.000000 0.031496
vn 1.000000 0.007874 0.047244
vn 1.000000 -0.000000 -0.015748
vn 1.000000 -0.000000 -0.031496
vn 0.858268 -0.503937 -0.062992
vn 0.803150 -0.590551 0.078740
vn -0.007874 0.685039 0.732283
vn 0.007874 0.685039 0.732283
vn 0.007874 0.409449 0.913386
vn -0.007874 0.385827 0.921260
vn -0.007874 -0.244094 0.968504
vn 0.007874 -0.244094 0.968504
vn -1.000000 -0.000000 -0.023622
vn -1.000000 0.007874 0.047244
vn -1.000000 0.000000 0.031496
vn -1.000000 -0.000000 -0.031496
vn -0.866142 -0.503937 -0.070866
vn -0.858268 -0.503937 0.118110
vn -0.007874 -1.000000 0.055118
vn -0.007874 -0.244094 0.968504
vn 0.007874 -0.244094 0.968504
vn 0.007874 -1.000000 0.055118
vn 0.007874 -1.000000 0.000000
vn 0.874016 -0.354331 -0.322835
vn -0.015748 -1.000000 -0.007874
vn 0.007874 -0.992126 -0.094488
vn 0.055118 -0.212599 -0.976378
vn -0.007874 -0.992126 -0.102362
vn -0.055118 -0.212599 -0.976378
vn -0.858268 0.000000 0.519685
vn -0.866142 0.007874 0.503937
vn -0.826772 0.000000 0.559055
vn -0.818898 0.000000 0.566929
vn -0.685039 -0.503937 0.519685
vn -0.716535 -0.590551 0.370079
vn -0.393701 0.685039 -0.614173
vn -0.401575 0.685039 -0.606299
vn -0.503937 0.409449 -0.763779
vn -0.496063 0.385827 -0.779527
vn -0.519685 -0.244095 -0.818897
vn -0.535433 -0.244095 -0.811023
vn 0.850394 -0.000000 -0.527559
vn 0.811024 0.007874 -0.582677
vn 0.818898 -0.000000 -0.574803
vn 0.858268 -0.000000 -0.519685
vn 0.763780 -0.503937 -0.409449
vn 0.653543 -0.503937 -0.566929
vn -0.023622 -1.000000 -0.047244
vn -0.519685 -0.244095 -0.818897
vn -0.535433 -0.244095 -0.811023
vn -0.039370 -1.000000 -0.039370
vn -0.007874 -1.000000 0.007874
vn -0.559055 -0.354331 0.748031
vn 0.015748 -1.000000 0.000000
vn 0.047244 -0.992126 0.078740
vn 0.488189 -0.212598 0.850394
vn 0.062992 -0.992126 0.078740
vn 0.574803 -0.212598 0.787401
vn -0.023622 -1.000000 -0.047244
vn -0.519685 -0.244095 -0.818897
vn -0.527559 -0.244095 -0.811023
vn -0.039370 -1.000000 -0.039370
vn -0.007874 -1.000000 0.007874
vn -0.559055 -0.354331 0.748031
vn 0.015748 -1.000000 0.000000
vn 0.047244 -0.992126 0.078740
vn 0.480315 -0.212598 0.850394
vn 0.062992 -0.992126 0.078740
vn 0.574803 -0.212598 0.787401
vn -0.291339 -0.023622 0.960630
vn -0.826772 -0.007874 0.566929
vn -0.826772 0.007874 0.566929
vn -0.275591 0.015748 0.960630
vn -0.173228 -0.007874 0.984252
vn 0.346457 -0.685039 0.637795
vn -0.173228 0.007874 0.984252
vn 0.346457 0.685039 0.637795
vn 0.488189 -0.055118 0.866142
vn 0.472441 0.039370 0.881890
vn 0.574803 -0.086614 0.811023
vn 0.425197 -0.700787 0.566929
vn 0.559055 0.015748 0.826772
vn 0.590551 0.070866 0.803149
vn 0.425197 0.700787 0.566929
vn 0.968504 -0.007874 0.251968
vn 0.992126 -0.023622 0.133858
vn 0.992126 0.015748 0.141732
vn 0.858268 -0.007874 -0.511811
vn 0.858268 0.007874 -0.511811
vn 0.968504 0.007874 0.251968
vn 0.519685 0.015748 0.858268
vn 0.559055 -0.023622 0.826772
vn 0.519685 -0.015748 0.850394
vn 0.181102 0.944882 0.267716
vn 0.165354 0.944882 0.275590
vn 0.968504 0.007874 -0.244094
vn -0.622047 0.007874 0.779527
vn 0.968504 -0.007874 -0.244094
vn -0.622047 -0.007874 0.779527
vn 0.181102 -0.944882 0.267717
vn 0.165354 -0.944882 0.275591
vn 0.866142 0.015748 -0.496063
vn 0.543307 0.685039 -0.488189
vn 0.779528 0.007874 -0.629921
vn 0.779528 -0.007874 -0.629921
vn 0.874016 -0.023622 -0.488189
vn 0.543307 -0.685039 -0.488189
vn 0.818898 0.015748 0.574803
vn 0.818898 -0.015748 0.574803
vn 0.897638 0.007874 0.440945
vn 0.913386 -0.015748 0.401575
vn 0.267717 0.960630 0.070866
vn 0.826772 -0.000000 -0.566929
vn 0.889764 0.031496 -0.456693
vn -0.527559 0.244094 -0.811023
vn -0.519685 0.244094 -0.818897
vn -0.023622 1.000000 -0.047244
vn -0.039370 1.000000 -0.039370
vn -0.007874 1.000000 0.007874
vn -0.559055 0.354331 0.748031
vn 0.015748 1.000000 -0.000000
vn 0.047244 0.992126 0.078740
vn 0.480315 0.212599 0.850394
vn 0.062992 0.992126 0.078740
vn 0.574803 0.212598 0.787401
vn -0.748031 0.102362 -0.653543
vn -0.755906 -0.000000 -0.661417
vn -0.661417 -0.000000 -0.748031
vn -0.039370 0.102362 -0.992126
vn 0.000000 -0.000000 -1.000000
vn -0.582677 0.645669 -0.496063
vn 0.000000 0.086614 -0.992126
vn 0.047244 -0.000000 -1.000000
vn -0.015748 0.685039 -0.732283
vn -0.464567 0.748031 -0.472441
vn -0.527559 0.724409 -0.440945
vn 0.000000 0.724409 -0.692913
vn 0.000000 0.724409 -0.685039
vn 0.000000 0.677165 -0.732283
vn 0.425197 0.740157 -0.519685
vn 0.622047 0.330709 -0.708661
vn 0.511811 0.740157 -0.433071
vn 0.755906 -0.000000 -0.661417
vn 0.566929 0.653543 -0.496063
vn 0.748031 0.110236 -0.653543
vn 0.748031 0.102362 0.653543
vn 0.755906 0.000000 0.661417
vn 0.661417 0.000000 0.748031
vn 0.039370 0.102362 0.992126
vn 0.000000 0.000000 1.000000
vn 0.582677 0.645669 0.496063
vn 0.000000 0.086614 0.992126
vn -0.047244 0.000000 1.000000
vn 0.015748 0.685039 0.732283
vn 0.464567 0.748031 0.472441
vn 0.527559 0.724409 0.440945
vn 0.000000 0.724409 0.692913
vn 0.000000 0.724409 0.685039
vn 0.000000 0.677165 0.732283
vn -0.425197 0.740157 0.519685
vn -0.622047 0.330709 0.708661
vn -0.511811 0.740157 0.433071
vn -0.755906 0.000000 0.661417
vn -0.566929 0.653543 0.496063
vn -0.748031 0.110236 0.653543
vn 0.007874 -0.858268 0.511811
vn 0.031496 -1.000000 0.000000
vn 0.000000 -0.976378 0.204724
vn -0.023622 -1.000000 -0.023622
vn 0.023622 -1.000000 -0.023622
vn -0.496063 -0.866142 0.047244
vn -0.842520 -0.535433 -0.070866
vn -0.763780 -0.637795 0.118110
vn -0.007874 -0.921260 -0.393701
vn -0.314961 -0.653543 -0.692913
vn 0.007874 -0.921260 -0.393701
vn -0.007874 -0.992126 -0.141732
vn 0.000000 -0.992126 -0.133858
vn 0.007874 -0.826771 0.566929
vn 0.803150 -0.590551 0.086614
vn -0.007874 -0.826771 0.566929
vn 0.700787 -0.708661 0.023622
vn -0.700787 -0.716535 0.031496
vn 0.732283 -0.661417 -0.181102
vn -0.803150 -0.590551 0.078740
vn 0.519685 -0.818897 -0.244094
vn -0.732283 -0.661417 -0.181102
vn 0.055118 -0.685039 -0.724409
vn -0.519685 -0.818897 -0.244094
vn 0.023622 -0.755905 -0.661417
vn -0.055118 -0.700787 -0.708661
vn -0.023622 -0.771653 -0.637795
vn 0.031496 1.000000 -0.000000
vn 0.007874 0.858268 0.511811
vn 0.000000 0.976378 0.204724
vn -0.023622 1.000000 -0.023622
vn 0.023622 1.000000 -0.023622
vn -0.496063 0.866142 0.047244
vn -0.763780 0.637795 0.118110
vn -0.842520 0.535433 -0.070866
vn -0.007874 0.921260 -0.393701
vn -0.307087 0.661417 -0.685039
vn 0.007874 0.921260 -0.393701
vn -0.007874 0.992126 -0.141732
vn 0.000000 0.992126 -0.141732
vn 0.007874 0.826772 0.566929
vn -0.007874 0.826772 0.566929
vn 0.700787 0.716535 0.031496
vn -0.803150 0.590551 0.086614
vn 0.818898 0.559055 0.094488
vn -0.700787 0.708661 0.023622
vn 0.732283 0.661417 -0.188976
vn -0.724409 0.661417 -0.188976
vn 0.519685 0.818897 -0.244095
vn -0.519685 0.818897 -0.244095
vn 0.055118 0.685039 -0.724409
vn -0.055118 0.700787 -0.708661
vn 0.023622 0.755905 -0.661417
vn -0.023622 0.771653 -0.637795
vn 0.007874 -0.858268 0.511811
vn 0.031496 -1.000000 0.000000
vn 0.000000 -0.976378 0.204724
vn -0.023622 -1.000000 -0.023622
vn 0.023622 -1.000000 -0.023622
vn -0.496063 -0.866142 0.047244
vn -0.842520 -0.527559 -0.070866
vn -0.763780 -0.637795 0.118110
vn -0.007874 -0.921260 -0.393701
vn -0.346457 -0.614173 -0.708661
vn 0.007874 -0.921260 -0.393701
vn -0.637795 -0.763779 -0.094488
vn 0.000000 -0.992126 -0.125984
vn 0.000000 -0.992126 -0.141732
vn -0.007874 -0.826771 0.566929
vn 0.007874 -0.826771 0.566929
vn -0.700787 -0.708661 0.023622
vn 0.700787 -0.716535 0.031496
vn -0.724409 -0.661417 -0.188976
vn 0.803150 -0.590551 0.078740
vn -0.519685 -0.818897 -0.244094
vn 0.724409 -0.661417 -0.188976
vn -0.055118 -0.700787 -0.708661
vn 0.519685 -0.818897 -0.244094
vn -0.023622 -0.771653 -0.637795
vn 0.055118 -0.685039 -0.724409
vn 0.023622 -0.755905 -0.661417
vn -0.283465 -0.858268 -0.433071
vn -0.023622 -1.000000 0.015748
vn -0.110236 -0.976378 -0.173228
vn 0.031496 -1.000000 0.007874
vn -0.007874 -1.000000 0.031496
vn 0.385827 -0.866142 -0.307086
vn 0.748031 -0.527559 -0.401575
vn 0.574803 -0.637795 -0.511811
vn 0.220472 -0.921260 0.330709
vn 0.677165 -0.614173 0.409449
vn 0.204724 -0.921260 0.330709
vn 0.582677 -0.763779 -0.267716
vn 0.070866 -0.992126 0.102362
vn 0.070866 -0.992126 0.118110
vn -0.299213 -0.826772 -0.480315
vn -0.314961 -0.826772 -0.472441
vn 0.574803 -0.708661 -0.401575
vn -0.606299 -0.716535 0.354331
vn 0.708661 -0.661417 -0.236220
vn -0.716535 -0.590551 0.370079
vn 0.574803 -0.818897 -0.078740
vn -0.511811 -0.661417 0.551181
vn 0.425197 -0.700787 0.566929
vn -0.307087 -0.818897 0.488189
vn 0.370079 -0.771653 0.519685
vn 0.346457 -0.685039 0.637795
vn 0.338583 -0.755905 0.566929
vn -0.110236 -0.976378 -0.173228
vn -0.283465 -0.858268 -0.433071
vn -0.023622 -1.000000 0.015748
vn 0.031496 -1.000000 0.007874
vn 0.385827 -0.866142 -0.307086
vn -0.007874 -1.000000 0.031496
vn 0.748031 -0.535433 -0.393701
vn 0.574803 -0.637795 -0.511811
vn 0.220472 -0.921260 0.330709
vn 0.677165 -0.614173 0.409449
vn 0.204724 -0.921260 0.338583
vn 0.582677 -0.771653 -0.267716
vn 0.070866 -0.992126 0.102362
vn 0.070866 -0.992126 0.118110
vn -0.299213 -0.826772 -0.480315
vn 0.574803 -0.708661 -0.401575
vn -0.307087 -0.826772 -0.472441
vn 0.716535 -0.661417 -0.244094
vn -0.606299 -0.716535 0.354331
vn 0.574803 -0.818897 -0.070866
vn -0.724409 -0.590551 0.370079
vn 0.425197 -0.700787 0.566929
vn -0.511811 -0.661417 0.551181
vn 0.362205 -0.771653 0.527559
vn -0.307087 -0.818897 0.488189
vn 0.346457 -0.685039 0.637795
vn 0.338583 -0.755905 0.566929
vn 0.110236 0.929134 0.362205
vn -0.724409 0.606299 0.322835
vn -0.858268 0.000000 0.511811
vn 0.133858 0.015748 0.992126
vn 0.204724 0.921260 0.338583
vn -0.858268 0.000000 0.511811
vn -0.724409 -0.590551 0.370079
vn -0.007874 -0.960630 0.267717
vn 0.031496 -0.007874 1.000000
vn 0.181102 -0.015748 0.984252
vn 0.204724 -0.921260 0.338583
vn -0.811024 0.023622 0.582677
vn -0.007874 1.000000 0.031496
vn -0.023622 1.000000 0.015748
vn -0.653543 0.700787 0.291338
vn -0.889764 0.007874 0.448819
vn -0.811024 -0.015748 0.582677
vn -0.007874 -1.000000 0.031496
vn -0.889764 -0.007874 0.448819
vn -0.023622 -1.000000 0.015748
vn -0.653543 -0.700787 0.291339
vn -0.023622 1.000000 0.015748
vn -0.283465 0.858268 -0.433071
vn -0.110236 0.976378 -0.173228
vn 0.031496 1.000000 0.007874
vn -0.007874 1.000000 0.031496
vn 0.385827 0.866142 -0.307087
vn 0.574803 0.637795 -0.511811
vn 0.748031 0.535433 -0.393701
vn 0.220472 0.921260 0.330709
vn 0.692913 0.598425 0.409449
vn 0.204724 0.921260 0.338583
vn 0.086614 0.992126 0.118110
vn 0.062992 0.992126 0.102362
vn -0.314961 0.826771 -0.472441
vn -0.724409 0.606299 0.322835
vn -0.299213 0.826771 -0.480315
vn -0.606299 0.708661 0.362205
vn 0.574803 0.716535 -0.401575
vn -0.511811 0.661417 0.551181
vn 0.637795 0.566929 -0.519685
vn -0.307087 0.818898 0.488189
vn 0.716535 0.661417 -0.236221
vn 0.346457 0.685039 0.637795
vn 0.574803 0.818897 -0.070866
vn 0.338583 0.755905 0.566929
vn 0.425197 0.700787 0.566929
vn 0.362205 0.771653 0.527559
vn -0.992126 0.000000 0.102362
vn -0.724409 -0.685039 0.110236
vn -1.000000 -0.007874 -0.055118
vn -0.992126 0.007874 0.102362
vn -1.000000 0.007874 -0.047244
vn -0.385827 -0.000000 -0.921260
vn -0.377953 -0.007874 -0.929134
vn -0.527559 -0.000000 -0.850394
vn -0.535433 -0.007874 -0.842520
vn -1.000000 0.000000 0.031496
vn -1.000000 0.007874 0.047244
vn -0.283465 0.952756 -0.094488
vn 0.779528 -0.000000 -0.629921
vn 0.543307 -0.685039 -0.488189
vn 0.866142 -0.007874 -0.496063
vn 0.779528 0.007874 -0.629921
vn 0.866142 0.007874 -0.503937
vn 0.826772 0.000000 0.559055
vn 0.818898 -0.007874 0.574803
vn 0.905512 0.000000 0.425197
vn 0.913386 -0.007874 0.417323
vn 0.818898 -0.000000 -0.574803
vn 0.811024 0.007874 -0.582677
vn 0.291339 0.952756 -0.070866
vn 0.763780 0.007874 0.637795
vn 0.519685 0.732283 0.433071
vn 0.637795 0.015748 0.771653
vn 0.763780 0.007874 0.637795
vn 0.637795 0.007874 0.763779
vn 0.740157 0.433071 0.511811
vn 0.000000 0.007874 1.000000
vn 0.007874 0.637795 0.763779
vn 0.511811 0.700787 0.496063
vn 0.000000 0.763779 0.637795
vn 0.000000 0.763779 0.637795
vn 0.000000 0.637795 0.763779
vn -0.433071 0.740157 0.511811
vn 0.000000 0.007874 1.000000
vn -0.637795 0.007874 0.771653
vn -0.700787 0.511811 0.496063
vn -0.763780 0.007874 0.637795
vn -0.763780 0.007874 0.637795
vn -0.527559 0.724409 0.440945
vn -0.629921 0.031496 0.771653
vn 0.000000 0.007874 1.000000
vn 0.000000 0.724409 0.685039
vn 0.000000 0.007874 1.000000
vn 0.000000 0.724409 0.692913
vn -0.763780 0.007874 -0.637795
vn -0.519685 0.732283 -0.433071
vn -0.637795 0.015748 -0.771653
vn -0.763780 0.007874 -0.637795
vn -0.637795 0.007874 -0.763779
vn -0.748031 0.425197 -0.511811
vn -0.007874 0.637795 -0.763779
vn -0.527559 0.692913 -0.488189
vn 0.000000 0.763779 -0.637795
vn 0.000000 0.763779 -0.637795
vn -0.031496 0.055118 -1.000000
vn 0.000000 0.637795 -0.763779
vn 0.425197 0.748031 -0.511811
vn 0.015748 0.023622 -1.000000
vn 0.637795 0.007874 -0.771653
vn 0.692913 0.527559 -0.488189
vn 0.763780 0.007874 -0.637795
vn 0.763780 0.007874 -0.637795
vn 0.527559 0.724409 -0.440945
vn 0.629921 0.031496 -0.771653
vn 0.007874 0.015748 -1.000000
vn 0.000000 0.724409 -0.685039
vn -0.007874 0.023622 -1.000000
vn 0.000000 0.724409 -0.692913
vn 0.000000 -0.000000 -1.000000
vn 0.000000 -0.007874 -1.000000
vn 0.000000 0.007874 -1.000000
vn 0.007874 -0.015748 -1.000000
vn -0.968504 0.047244 -0.236220
vn -0.015748 0.976378 -0.196850
vn -0.976378 -0.055118 -0.204724
vn 0.015748 0.976378 -0.212599
vn -0.015748 -0.976378 -0.212598
vn 0.976378 0.055118 -0.204724
vn 0.015748 -0.976378 -0.196850
vn 0.968504 -0.047244 -0.236220
vn -0.031496 -0.519685 0.850394
vn 0.000000 -0.976378 0.204724
vn -0.496063 -0.866142 0.047244
vn 0.007874 -0.858268 0.511811
vn 0.031496 -1.000000 0.000000
vn 0.039370 -0.559055 0.826772
vn 0.015748 0.000000 1.000000
vn 0.992126 0.000000 0.102362
vn 0.992126 0.000000 0.102362
vn -0.015748 0.000000 1.000000
vn -0.992126 0.000000 0.102362
vn -0.992126 0.000000 0.102362
vn 0.015748 0.000000 1.000000
vn -0.015748 0.000000 1.000000
vn -0.031496 0.519685 0.850394
vn 0.039370 0.559055 0.826771
vn -0.496063 0.866142 0.047244
vn 0.000000 0.976378 0.204724
vn 0.007874 0.858268 0.511811
vn 0.031496 1.000000 -0.000000
vn 0.535433 -0.000000 -0.850394
vn 0.078740 0.976378 -0.204724
vn 0.220472 0.968504 -0.094488
vn 1.000000 0.007874 0.047244
vn 1.000000 0.000000 0.031496
vn 0.803150 -0.590551 0.078740
vn 0.149606 -0.960630 -0.220472
vn 0.519685 -0.000000 -0.858268
vn 0.377953 -0.007874 -0.929134
vn 0.385827 -0.000000 -0.921260
vn 0.007874 -0.921260 -0.393701
vn 1.000000 -0.007874 -0.055118
vn 1.000000 0.007874 -0.047244
vn 0.023622 -1.000000 -0.023622
vn 0.992126 0.007874 0.102362
vn 0.031496 -1.000000 0.000000
vn 0.992126 0.000000 0.102362
vn 0.700787 -0.700787 0.110236
vn -0.031496 -0.519685 0.850394
vn 0.000000 -0.976378 0.204724
vn -0.496063 -0.866142 0.047244
vn 0.007874 -0.858268 0.511811
vn 0.031496 -1.000000 0.000000
vn 0.039370 -0.559055 0.826772
vn 0.015748 0.000000 1.000000
vn 0.992126 0.000000 0.102362
vn 0.992126 0.007874 0.102362
vn 0.015748 0.007874 1.000000
vn -0.015748 0.007874 1.000000
vn -0.015748 0.000000 1.000000
vn -0.992126 0.000000 0.102362
vn -0.992126 0.007874 0.102362
vn 0.015748 0.000000 1.000000
vn 0.047244 0.976378 0.212598
vn -0.133858 0.968504 0.196850
vn -0.866142 0.007874 0.503937
vn -0.858268 0.000000 0.519685
vn -0.716535 -0.590551 0.370079
vn -0.007874 -0.960630 0.267717
vn 0.031496 0.000000 1.000000
vn 0.188976 -0.007874 0.984252
vn 0.173228 0.000000 0.984252
vn 0.204724 -0.921260 0.330709
vn -0.811024 -0.007874 0.590551
vn -0.811024 0.007874 0.582677
vn -0.007874 -1.000000 0.031496
vn -0.889764 0.007874 0.448819
vn -0.023622 -1.000000 0.015748
vn -0.889764 0.000000 0.448819
vn -0.653543 -0.700787 0.291339
vn -0.440945 -0.519685 -0.732283
vn -0.110236 -0.976378 -0.173228
vn 0.385827 -0.866142 -0.307086
vn -0.283465 -0.858268 -0.433071
vn -0.023622 -1.000000 0.015748
vn -0.480315 -0.559055 -0.677165
vn -0.551181 -0.000000 -0.834646
vn -0.889764 0.000000 0.448819
vn -0.889764 0.007874 0.448819
vn -0.551181 0.007874 -0.834646
vn -0.535433 0.007874 -0.842520
vn -0.535433 -0.000000 -0.842520
vn 0.779528 -0.000000 -0.629921
vn 0.779528 0.007874 -0.629921
vn -0.440945 -0.519685 -0.732283
vn -0.110236 -0.976378 -0.173228
vn 0.385827 -0.866142 -0.307086
vn -0.283465 -0.858268 -0.433071
vn -0.023622 -1.000000 0.015748
vn -0.480315 -0.559055 -0.677165
vn -0.551181 -0.000000 -0.834646
vn -0.889764 -0.007874 0.448819
vn -0.889764 0.007874 0.448819
vn -0.527559 -0.000000 -0.850394
vn 0.779528 -0.007874 -0.629921
vn 0.779528 0.007874 -0.629921
vn -0.551181 -0.000000 -0.834646
vn -0.527559 -0.000000 -0.850394
vn -0.440945 0.519685 -0.732283
vn -0.480315 0.559055 -0.677165
vn 0.385827 0.866142 -0.307087
vn -0.110236 0.976378 -0.173228
vn -0.283465 0.858268 -0.433071
vn -0.023622 1.000000 0.015748
vn -0.763780 0.637795 0.007874
vn -0.771654 0.637795 -0.039370
vn -0.637795 0.771653 -0.031496
vn -0.637795 0.763779 0.007874
vn -0.763780 0.543307 0.346457
vn 0.000000 1.000000 -0.015748
vn 0.000000 0.763779 -0.637795
vn 0.000000 0.763779 -0.637795
vn 0.000000 1.000000 -0.015748
vn 0.598425 0.795275 -0.031496
vn 0.000000 1.000000 0.007874
vn 0.000000 1.000000 0.007874
vn 0.637795 0.763779 0.007874
vn 0.015748 0.889764 0.456693
vn -0.015748 0.881890 0.472441
vn 0.000000 0.921260 -0.401575
vn 0.007874 0.905512 -0.417323
vn -0.637795 0.763779 -0.039370
vn -0.685039 0.543307 -0.488189
vn -0.763780 0.637795 -0.007874
vn -0.771654 0.637795 0.023622
vn -0.629921 0.771653 0.039370
vn 0.000000 1.000000 -0.007874
vn 0.000000 1.000000 0.015748
vn 0.000000 0.763779 0.637795
vn 0.000000 1.000000 -0.007874
vn 0.637795 0.763779 -0.007874
vn 0.000000 1.000000 0.015748
vn 0.000000 0.763779 0.637795
vn 0.606299 0.787401 0.055118
vn 0.637795 0.763779 0.007874
vn 0.637795 0.771653 -0.039370
vn 0.771654 0.637795 -0.031496
vn 0.763780 0.637795 0.007874
vn 0.543307 0.763779 0.346457
vn 1.000000 0.007874 -0.015748
vn 0.763780 0.007874 -0.637795
vn 0.763780 0.007874 -0.637795
vn 1.000000 0.007874 -0.015748
vn 0.755906 0.653543 -0.023622
vn 1.000000 0.007874 0.007874
vn 1.000000 0.007874 0.007874
vn 0.755906 0.653543 -0.007874
vn 0.913386 0.015748 0.409449
vn 0.944882 0.007874 0.330709
vn 0.763780 0.637795 -0.039370
vn 0.543307 0.685039 -0.480315
vn 0.637795 0.763779 -0.007874
vn 0.637795 0.771653 0.023622
vn 0.771654 0.629921 0.039370
vn 0.881890 0.007874 -0.464567
vn 0.913386 0.015748 -0.401575
vn 1.000000 0.007874 -0.007874
vn 1.000000 0.007874 -0.007874
vn 1.000000 0.007874 0.015748
vn 0.724409 0.685039 0.039370
vn 0.763780 0.007874 0.637795
vn 0.763780 0.007874 0.637795
vn 1.000000 0.007874 0.015748
vn 0.535433 -0.000000 -0.850394
vn 0.385827 -0.000000 -0.921260
vn 0.007874 0.984252 -0.165354
vn 0.015748 1.000000 -0.007874
vn 1.000000 0.007874 -0.047244
vn 0.015748 0.992126 0.102362
vn 0.992126 0.007874 0.102362
vn 0.015748 0.007874 1.000000
vn -0.015748 0.007874 1.000000
vn -0.015748 1.000000 -0.007874
vn -0.015748 0.992126 0.102362
vn -0.992126 0.007874 0.102362
vn -1.000000 0.007874 -0.047244
vn -0.385827 -0.000000 -0.921260
vn -0.015748 1.000000 0.015748
vn -0.527559 -0.000000 -0.850394
vn 0.015748 1.000000 0.070866
vn -0.007874 1.000000 -0.039370
vn 0.007874 1.000000 -0.039370
vn 0.007874 0.724409 -0.685039
vn 0.669291 0.535433 -0.511811
vn 0.700787 0.590551 -0.401575
vn -0.007874 0.724409 -0.685039
vn 0.748031 0.456693 -0.480315
vn 1.000000 0.007874 0.047244
vn 1.000000 -0.000000 -0.015748
vn 0.653543 0.519685 -0.551181
vn 0.748031 -0.000000 -0.669291
vn 1.000000 -0.000000 -0.031496
vn 0.755906 -0.007874 -0.661417
vn 0.622047 -0.000000 -0.779527
vn 0.677165 -0.000000 -0.732283
vn 0.055118 -0.685039 -0.724409
vn 0.007874 0.692913 -0.724409
vn 0.062992 0.031496 -1.000000
vn 0.110236 -0.023622 -0.992126
vn 0.000000 -0.157480 -0.984252
vn -0.055118 -0.700787 -0.708661
vn -0.023622 -0.007874 -1.000000
vn -0.031496 0.015748 -1.000000
vn -0.133858 -0.000000 -0.992126
vn -0.944882 -0.000000 -0.330709
vn -0.944882 -0.000000 -0.314961
vn -0.007874 -0.952756 -0.307086
vn -0.007874 0.944882 -0.322835
vn 0.015748 -0.007874 -1.000000
vn 0.007874 -0.952756 -0.307086
vn 0.944882 -0.000000 -0.330709
vn 0.039370 0.007874 -1.000000
vn 0.007874 0.944882 -0.322835
vn 0.944882 -0.000000 -0.314961
vn -0.055118 0.031496 -1.000000
vn -0.677165 -0.000000 -0.732283
vn -0.748031 -0.007874 -0.661417
vn -0.007874 0.692913 -0.724409
vn -0.622047 -0.000000 -0.787401
vn -0.748031 -0.000000 -0.669291
vn -1.000000 -0.000000 -0.031496
vn -1.000000 -0.000000 -0.023622
vn -0.653543 0.519685 -0.551181
vn -0.748031 0.456693 -0.480315
vn -1.000000 0.007874 0.047244
vn -0.716535 0.574803 -0.393701
vn -0.669291 0.535433 -0.511811
vn 0.015748 0.000000 1.000000
vn 0.173228 0.000000 0.984252
vn 0.078740 0.984252 0.141732
vn -0.007874 1.000000 0.007874
vn -0.811024 0.007874 0.582677
vn -0.070866 0.992126 -0.078740
vn -0.889764 0.007874 0.448819
vn -0.551181 0.007874 -0.834646
vn -0.535433 0.007874 -0.842520
vn 0.015748 1.000000 -0.000000
vn -0.047244 0.992126 -0.094488
vn 0.779528 0.007874 -0.629921
vn 0.866142 0.007874 -0.503937
vn 0.826772 0.000000 0.559055
vn 0.007874 1.000000 -0.023622
vn 0.905512 0.000000 0.425197
vn -0.047244 1.000000 -0.047244
vn 0.023622 1.000000 0.031496
vn 0.015748 1.000000 0.039370
vn 0.370079 0.724409 0.582677
vn -0.283465 0.535433 0.795275
vn -0.370079 0.590551 0.716535
vn 0.377953 0.724409 0.574803
vn -0.370079 0.456693 0.811023
vn -0.866142 0.007874 0.503937
vn -0.826772 0.000000 0.559055
vn -0.251969 0.519685 0.818897
vn -0.259843 0.000000 0.968504
vn -0.818898 0.000000 0.566929
vn -0.275591 -0.007874 0.960630
vn -0.094488 0.000000 0.992126
vn -0.173228 0.000000 0.984252
vn 0.346457 -0.685039 0.637795
vn 0.385827 0.692913 0.606299
vn 0.488189 0.031496 0.874016
vn 0.448819 -0.023622 0.889764
vn 0.535433 -0.157480 0.826772
vn 0.425197 -0.700787 0.566929
vn 0.566929 -0.007874 0.826772
vn 0.566929 0.015748 0.818897
vn 0.653543 0.000000 0.755905
vn 0.968504 -0.000000 -0.236220
vn 0.968504 -0.000000 -0.251968
vn 0.173228 -0.952756 0.251969
vn 0.181102 0.944882 0.267716
vn 0.527559 -0.007874 0.850394
vn 0.157480 -0.952756 0.267717
vn -0.614173 0.000000 0.787401
vn 0.511811 0.007874 0.858268
vn 0.165354 0.944882 0.275590
vn -0.622047 0.000000 0.779527
vn 0.590551 0.031496 0.803149
vn 0.968504 0.000000 0.244094
vn 0.992126 -0.007874 0.141732
vn 0.393701 0.692913 0.606299
vn 0.944882 0.000000 0.322835
vn 0.984252 0.000000 0.157480
vn 0.858268 -0.000000 -0.519685
vn 0.850394 -0.000000 -0.527559
vn 0.850394 0.519685 0.102362
vn 0.889764 0.456693 -0.007874
vn 0.811024 0.007874 -0.582677
vn 0.818898 0.574803 -0.062992
vn 0.842520 0.535433 0.062992
vn 1.000000 0.000000 0.031496
vn 0.803150 -0.590551 0.086614
vn 0.149606 -0.968504 -0.196850
vn 0.519685 -0.007874 -0.858268
vn 0.519685 0.007874 -0.858268
vn 0.992126 0.023622 -0.102362
vn 0.149606 0.960630 -0.220473
vn 0.377953 -0.015748 -0.929134
vn 0.007874 -0.921260 -0.393701
vn 0.377953 0.023622 -0.929134
vn 0.007874 0.921260 -0.393701
vn 1.000000 -0.007874 -0.055118
vn 0.023622 -1.000000 -0.023622
vn 0.031496 -1.000000 0.000000
vn 0.700787 -0.700787 0.110236
vn 0.992126 0.000000 0.102362
vn 0.992126 0.000000 0.102362
vn 1.000000 0.015748 -0.055118
vn 0.700787 0.700787 0.110236
vn 0.023622 1.000000 -0.023622
vn 0.031496 1.000000 -0.000000
vn 0.503937 0.614173 0.606299
vn 0.251969 0.929134 0.275590
vn 0.818898 0.007874 -0.566929
vn 0.850394 -0.000000 -0.535433
vn 0.204724 0.944882 -0.251969
vn 0.645669 -0.055118 -0.763779
vn 0.834646 -0.078740 -0.543307
vn 0.149606 -0.984252 0.062992
vn 0.204724 -0.952756 -0.228346
vn 0.590551 -0.007874 -0.811023
vn -0.055118 0.992126 -0.125984
vn -0.417323 -0.023622 -0.905512
vn -0.047244 -0.992126 -0.094488
vn -0.409449 0.023622 -0.913386
vn -0.078740 0.992126 -0.086614
vn -0.716535 -0.015748 -0.700787
vn -0.062992 -0.992126 -0.062992
vn -0.708661 0.031496 -0.708661
vn -0.322835 0.944882 0.094488
vn -0.937008 0.007874 0.346457
vn -0.275591 -0.952756 0.118110
vn 0.015748 -0.984252 0.149606
vn -0.803150 -0.015748 0.598425
vn -0.763780 0.062992 0.645669
vn -0.960630 0.055118 0.259842
vn -0.803150 0.062992 0.590551
vn 0.401575 0.606299 0.685039
vn 0.149606 0.937008 0.307086
vn -0.062992 0.614173 -0.787401
vn -0.055118 0.929134 -0.370079
vn -1.000000 0.000000 0.000000
vn -1.000000 -0.000000 -0.039370
vn -0.322835 0.944882 0.110236
vn -0.968504 -0.039370 0.244094
vn -1.000000 -0.062992 -0.023622
vn -0.070866 -0.984252 -0.133858
vn -0.291339 -0.952756 0.062992
vn -0.015748 -0.992126 0.086614
vn -0.944882 0.000000 0.330709
vn -0.181102 0.015748 0.984252
vn -0.023622 0.992126 0.141732
vn -0.181102 -0.015748 0.984252
vn 0.015748 -0.992126 0.110236
vn 0.181102 0.023622 0.984252
vn 0.023622 0.992126 0.110236
vn 0.181102 -0.007874 0.984252
vn 0.299213 -0.952756 0.070866
vn 0.944882 0.039370 0.330709
vn 0.307087 0.944882 0.094488
vn 0.968504 0.007874 0.244094
vn 0.078740 -0.984252 -0.141732
vn 1.000000 -0.007874 -0.023622
vn 0.992126 0.047244 -0.078740
vn 1.000000 0.047244 -0.015748
vn 0.047244 0.937008 -0.338583
vn 0.062992 0.606299 -0.787401
vn 0.488189 0.614173 0.622047
vn 0.251969 0.929134 0.275590
vn 0.834646 -0.000000 -0.551181
vn 0.850394 -0.000000 -0.527559
vn 0.204724 0.944882 -0.267717
vn 0.677165 -0.031496 -0.732283
vn 0.842520 -0.055118 -0.535433
vn 0.133858 -0.984252 0.070866
vn 0.212598 -0.952756 -0.212598
vn -0.031496 -0.992126 -0.078740
vn 0.606299 -0.000000 -0.795275
vn -0.385827 0.015748 -0.921260
vn -0.062992 0.992126 -0.125984
vn -0.393701 -0.015748 -0.921260
vn -0.070866 -0.992126 -0.078740
vn -0.692913 0.023622 -0.724409
vn -0.078740 0.992126 -0.078740
vn -0.692913 -0.007874 -0.716535
vn -0.291339 -0.952756 0.102362
vn -0.968504 0.031496 0.236220
vn -0.307087 0.944882 0.094488
vn -0.944882 0.007874 0.338583
vn 0.007874 -0.984252 0.157480
vn -0.826772 -0.007874 0.566929
vn -0.795276 0.039370 0.606299
vn -0.826772 0.039370 0.559055
vn 0.141732 0.937008 0.307086
vn 0.385827 0.606299 0.692913
vn -0.062992 0.614173 -0.787401
vn -0.055118 0.929134 -0.370079
vn -1.000000 0.000000 0.000000
vn -1.000000 -0.000000 -0.031496
vn -0.322835 0.944882 0.110236
vn -0.968504 -0.031496 0.244094
vn -1.000000 -0.055118 -0.023622
vn -0.070866 -0.984252 -0.133858
vn -0.291339 -0.952756 0.062992
vn -0.015748 -0.992126 0.086614
vn -0.944882 0.000000 0.330709
vn -0.181102 0.015748 0.984252
vn -0.023622 0.992126 0.141732
vn -0.181102 -0.015748 0.984252
vn 0.015748 -0.992126 0.110236
vn 0.181102 0.023622 0.984252
vn 0.023622 0.992126 0.110236
vn 0.181102 -0.007874 0.984252
vn 0.299213 -0.952756 0.070866
vn 0.944882 0.031496 0.330709
vn 0.307087 0.944882 0.094488
vn 0.968504 0.007874 0.236220
vn 0.078740 -0.984252 -0.141732
vn 1.000000 -0.007874 -0.015748
vn 1.000000 0.039370 -0.062992
vn 1.000000 0.039370 -0.015748
vn 0.047244 0.937008 -0.338583
vn 0.062992 0.606299 -0.787401
vn -0.724409 0.685039 -0.039370
vn -0.763780 0.007874 -0.637795
vn -1.000000 0.007874 -0.015748
vn -0.763780 0.007874 -0.637795
vn -0.755906 0.653543 0.007874
vn -1.000000 0.007874 -0.015748
vn -0.795276 0.598425 -0.031496
vn -1.000000 0.007874 0.007874
vn -0.763780 0.637795 0.007874
vn -0.889764 0.023622 0.448819
vn -1.000000 0.007874 0.007874
vn -0.913386 0.015748 0.401575
vn -0.944882 0.007874 -0.338583
vn -0.905512 0.015748 -0.417323
vn -1.000000 0.007874 -0.007874
vn -0.755906 0.653543 0.023622
vn -1.000000 0.007874 -0.007874
vn -0.763780 0.637795 -0.007874
vn -1.000000 0.007874 0.015748
vn -0.763780 0.007874 0.637795
vn -1.000000 0.007874 0.015748
vn -0.787402 0.606299 0.055118
vn -0.763780 0.007874 0.637795
vn 0.000000 -1.000000 0.000000
vn 0.716535 -0.700787 -0.007874
vn 0.149606 -0.992126 -0.023622
vn 0.244094 -0.929134 -0.267716
vn 0.960630 -0.259843 -0.125984
vn 0.834646 0.559055 -0.007874
vn 0.377953 0.826771 -0.417323
vn 0.944882 0.291339 -0.133858
vn 0.149606 0.992126 -0.023622
vn 0.000000 1.000000 -0.000000
vn 0.000000 -1.000000 0.000000
vn -0.244094 -0.929134 -0.275590
vn -0.149606 -0.992126 -0.023622
vn -0.716535 -0.700787 -0.007874
vn -0.960630 -0.259843 -0.133858
vn -0.377953 0.826771 -0.417323
vn -0.834646 0.559055 -0.007874
vn -0.944882 0.291339 -0.133858
vn -0.149606 0.992126 -0.023622
vn 0.000000 1.000000 -0.000000
vn 0.000000 1.000000 -0.000000
vn 0.244094 0.929134 -0.267717
vn 0.149606 0.992126 -0.023622
vn 0.716535 0.700787 -0.007874
vn 0.960630 0.259842 -0.125984
vn 0.377953 -0.826772 -0.417323
vn 0.834646 -0.559055 -0.007874
vn 0.944882 -0.291339 -0.133858
vn 0.149606 -0.992126 -0.023622
vn 0.000000 -1.000000 0.000000
vn 0.000000 1.000000 -0.000000
vn -0.716535 0.700787 -0.007874
vn -0.149606 0.992126 -0.023622
vn -0.244094 0.929134 -0.275591
vn -0.960630 0.259842 -0.133858
vn -0.834646 -0.559055 -0.007874
vn -0.377953 -0.826772 -0.417323
vn -0.944882 -0.291339 -0.133858
vn -0.149606 -0.992126 -0.023622
vn 0.000000 -1.000000 0.000000
vn 0.000000 -1.000000 0.000000
vn 0.716535 -0.700787 -0.007874
vn 0.149606 -0.992126 -0.023622
vn 0.244094 -0.929134 -0.267716
vn 0.960630 -0.259843 -0.125984
vn 0.834646 0.559055 -0.007874
vn 0.377953 0.826771 -0.417323
vn 0.944882 0.291339 -0.133858
vn 0.149606 0.992126 -0.023622
vn 0.000000 1.000000 -0.000000
vn 0.000000 -1.000000 0.000000
vn 0.716535 -0.700787 -0.007874
vn 0.149606 -0.992126 -0.023622
vn 0.244094 -0.929134 -0.267716
vn 0.960630 -0.259843 -0.125984
vn 0.834646 0.559055 -0.007874
vn 0.377953 0.826771 -0.417323
vn 0.944882 0.291339 -0.133858
vn 0.149606 0.992126 -0.023622
vn 0.000000 1.000000 -0.000000
vn 0.000000 -1.000000 0.000000
vn 0.716535 -0.700787 -0.007874
vn 0.149606 -0.992126 -0.023622
vn 0.244094 -0.929134 -0.267716
vn 0.960630 -0.259843 -0.125984
vn 0.834646 0.559055 -0.007874
vn 0.377953 0.826771 -0.417323
vn 0.944882 0.291339 -0.133858
vn 0.149606 0.992126 -0.023622
vn 0.000000 1.000000 -0.000000
vn 0.000000 -1.000000 0.000000
vn 0.716535 -0.700787 -0.007874
vn 0.149606 -0.992126 -0.023622
vn 0.244094 -0.929134 -0.267716
vn 0.960630 -0.259843 -0.125984
vn 0.834646 0.559055 -0.007874
vn 0.377953 0.826771 -0.417323
vn 0.944882 0.291339 -0.133858
vn 0.149606 0.992126 -0.023622
vn 0.000000 1.000000 -0.000000
vn 0.000000 -1.000000 0.000000
vn 0.716535 -0.700787 -0.007874
vn 0.149606 -0.992126 -0.023622
vn 0.244094 -0.929134 -0.267716
vn 0.960630 -0.259843 -0.125984
vn 0.834646 0.559055 -0.007874
vn 0.377953 0.826771 -0.417323
vn 0.944882 0.291339 -0.133858
vn 0.149606 0.992126 -0.023622
vn 0.000000 1.000000 -0.000000
vn 0.000000 -1.000000 0.000000
vn -0.244094 -0.929134 -0.275590
vn -0.149606 -0.992126 -0.023622
vn -0.716535 -0.700787 -0.007874
vn -0.960630 -0.259843 -0.133858
vn -0.377953 0.826771 -0.417323
vn -0.834646 0.559055 -0.007874
vn -0.944882 0.291339 -0.133858
vn -0.149606 0.992126 -0.023622
vn 0.000000 1.000000 -0.000000
vn 0.000000 -1.000000 0.000000
vn -0.244094 -0.929134 -0.275590
vn -0.149606 -0.992126 -0.023622
vn -0.716535 -0.700787 -0.007874
vn -0.960630 -0.259843 -0.133858
vn -0.377953 0.826771 -0.417323
vn -0.834646 0.559055 -0.007874
vn -0.944882 0.291339 -0.133858
vn -0.149606 0.992126 -0.023622
vn 0.000000 1.000000 -0.000000
vn 0.000000 -1.000000 0.000000
vn -0.244094 -0.929134 -0.275590
vn -0.149606 -0.992126 -0.023622
vn -0.716535 -0.700787 -0.007874
vn -0.960630 -0.259843 -0.133858
vn -0.377953 0.826771 -0.417323
vn -0.834646 0.559055 -0.007874
vn -0.944882 0.291339 -0.133858
vn -0.149606 0.992126 -0.023622
vn 0.000000 1.000000 -0.000000
vn 0.000000 -1.000000 0.000000
vn -0.244094 -0.929134 -0.275590
vn -0.149606 -0.992126 -0.023622
vn -0.716535 -0.700787 -0.007874
vn -0.960630 -0.259843 -0.133858
vn -0.377953 0.826771 -0.417323
vn -0.834646 0.559055 -0.007874
vn -0.944882 0.291339 -0.133858
vn -0.149606 0.992126 -0.023622
vn 0.000000 1.000000 -0.000000
vn 0.000000 -1.000000 0.000000
vn -0.244094 -0.929134 -0.275590
vn -0.149606 -0.992126 -0.023622
vn -0.716535 -0.700787 -0.007874
vn -0.960630 -0.259843 -0.133858
vn -0.377953 0.826771 -0.417323
vn -0.834646 0.559055 -0.007874
vn -0.944882 0.291339 -0.133858
vn -0.149606 0.992126 -0.023622
vn 0.000000 1.000000 -0.000000
vn 0.000000 -1.000000 0.000000
vn -0.590551 -0.700787 0.393701
vn -0.110236 -0.992126 0.102362
vn -0.062992 -0.929134 0.362205
vn -0.732283 -0.259842 0.629921
vn -0.692913 0.559055 0.456693
vn -0.086614 0.826772 0.551181
vn -0.724409 0.291339 0.629921
vn -0.110236 0.992126 0.102362
vn 0.000000 1.000000 -0.000000
vn 0.000000 -1.000000 0.000000
vn -0.590551 -0.700787 0.393701
vn -0.110236 -0.992126 0.102362
vn -0.062992 -0.929134 0.362205
vn -0.732283 -0.259842 0.629921
vn -0.692913 0.559055 0.456693
vn -0.086614 0.826772 0.551181
vn -0.724409 0.291339 0.629921
vn -0.110236 0.992126 0.102362
vn 0.000000 1.000000 -0.000000
vn 0.000000 -1.000000 0.000000
vn -0.590551 -0.700787 0.393701
vn -0.110236 -0.992126 0.102362
vn -0.062992 -0.929134 0.362205
vn -0.732283 -0.259842 0.629921
vn -0.692913 0.559055 0.456693
vn -0.086614 0.826772 0.551181
vn -0.724409 0.291339 0.629921
vn -0.110236 0.992126 0.102362
vn 0.000000 1.000000 -0.000000
vn 0.000000 -1.000000 0.000000
vn -0.590551 -0.700787 0.393701
vn -0.110236 -0.992126 0.102362
vn -0.062992 -0.929134 0.362205
vn -0.732283 -0.259842 0.629921
vn -0.692913 0.559055 0.456693
vn -0.086614 0.826772 0.551181
vn -0.724409 0.291339 0.629921
vn -0.110236 0.992126 0.102362
vn 0.000000 1.000000 -0.000000
vn 0.000000 -1.000000 0.000000
vn -0.590551 -0.700787 0.393701
vn -0.110236 -0.992126 0.102362
vn -0.062992 -0.929134 0.362205
vn -0.732283 -0.259842 0.629921
vn -0.692913 0.559055 0.456693
vn -0.086614 0.826772 0.551181
vn -0.724409 0.291339 0.629921
vn -0.110236 0.992126 0.102362
vn 0.000000 1.000000 -0.000000
vn 0.000000 -1.000000 0.000000
vn 0.354331 -0.929134 0.094488
vn 0.141732 -0.992126 -0.062992
vn 0.606299 -0.700787 -0.377953
vn 0.874016 -0.259843 -0.409449
vn 0.543307 0.826772 0.141732
vn 0.700787 0.559055 -0.448819
vn 0.866142 0.291339 -0.401575
vn 0.141732 0.992126 -0.062992
vn 0.000000 1.000000 -0.000000
vn 0.000000 -1.000000 0.000000
vn 0.354331 -0.929134 0.094488
vn 0.141732 -0.992126 -0.062992
vn 0.606299 -0.700787 -0.377953
vn 0.874016 -0.259843 -0.409449
vn 0.543307 0.826772 0.141732
vn 0.700787 0.559055 -0.448819
vn 0.866142 0.291339 -0.401575
vn 0.141732 0.992126 -0.062992
vn 0.000000 1.000000 -0.000000
vn 0.000000 -1.000000 0.000000
vn 0.354331 -0.929134 0.094488
vn 0.141732 -0.992126 -0.062992
vn 0.606299 -0.700787 -0.377953
vn 0.874016 -0.259843 -0.409449
vn 0.543307 0.826772 0.141732
vn 0.700787 0.559055 -0.448819
vn 0.866142 0.291339 -0.401575
vn 0.141732 0.992126 -0.062992
vn 0.000000 1.000000 -0.000000
vn 0.000000 -1.000000 0.000000
vn 0.354331 -0.929134 0.094488
vn 0.141732 -0.992126 -0.062992
vn 0.606299 -0.700787 -0.377953
vn 0.874016 -0.259843 -0.409449
vn 0.543307 0.826772 0.141732
vn 0.700787 0.559055 -0.448819
vn 0.866142 0.291339 -0.401575
vn 0.141732 0.992126 -0.062992
vn 0.000000 1.000000 -0.000000
vn 0.000000 -1.000000 0.000000
vn 0.354331 -0.929134 0.094488
vn 0.141732 -0.992126 -0.062992
vn 0.606299 -0.700787 -0.377953
vn 0.874016 -0.259843 -0.409449
vn 0.543307 0.826772 0.141732
vn 0.700787 0.559055 -0.448819
vn 0.866142 0.291339 -0.401575
vn 0.141732 0.992126 -0.062992
vn 0.000000 1.000000 -0.000000
vn 0.000000 -1.000000 0.000000
vn -0.598425 -0.700787 0.393701
vn -0.110236 -0.992126 0.102362
vn -0.062992 -0.929134 0.362205
vn -0.732283 -0.259842 0.629921
vn -0.692913 0.559055 0.456693
vn -0.086614 0.826772 0.551181
vn -0.724409 0.291339 0.629921
vn -0.110236 0.992126 0.102362
vn 0.000000 1.000000 -0.000000
vn 0.000000 -1.000000 0.000000
vn 0.354331 -0.929134 0.094488
vn 0.141732 -0.992126 -0.062992
vn 0.606299 -0.700787 -0.377953
vn 0.874016 -0.259843 -0.409449
vn 0.543307 0.826772 0.149606
vn 0.700787 0.559055 -0.440945
vn 0.866142 0.291339 -0.401575
vn 0.141732 0.992126 -0.062992
vn 0.000000 1.000000 -0.000000
vn 0.000000 1.000000 -0.000000
vn -0.062992 0.929134 0.362205
vn -0.110236 0.992126 0.102362
vn -0.598425 0.700787 0.393701
vn -0.732283 0.259843 0.629921
vn -0.086614 -0.826771 0.551181
vn -0.692913 -0.559055 0.456693
vn -0.724409 -0.291338 0.629921
vn -0.110236 -0.992126 0.102362
vn 0.000000 -1.000000 0.000000
vn 0.000000 1.000000 -0.000000
vn 0.606299 0.700787 -0.377953
vn 0.141732 0.992126 -0.062992
vn 0.354331 0.929134 0.094488
vn 0.874016 0.259842 -0.409449
vn 0.700787 -0.559055 -0.440945
vn 0.543307 -0.826772 0.149606
vn 0.866142 -0.291339 -0.401575
vn 0.141732 -0.992126 -0.062992
vn 0.000000 -1.000000 0.000000
vn 0.015748 0.976378 -0.228347
vn 0.622047 0.007874 -0.779527
vn 0.779528 0.007874 -0.622047
vn 0.015748 -0.000000 -1.000000
vn 0.023622 1.000000 -0.000000
vn 1.000000 0.007874 -0.023622
vn -0.007874 0.976378 -0.204724
vn -0.015748 0.007874 -1.000000
vn 1.000000 0.000000 0.039370
vn -0.622047 0.007874 -0.779527
vn 0.015748 1.000000 0.015748
vn 0.732283 0.007874 0.677165
vn 0.677165 0.000000 0.732283
vn -0.023622 1.000000 -0.000000
vn -0.779528 0.007874 -0.622047
vn -1.000000 -0.000000 -0.023622
vn 0.015748 1.000000 0.055118
vn 0.055118 0.007874 1.000000
vn -0.055118 0.000000 1.000000
vn -0.039370 1.000000 0.015748
vn -1.000000 0.007874 0.039370
vn -0.732283 0.000000 0.677165
vn -0.055118 0.992126 0.078740
vn -0.677165 0.007874 0.732283
vn 0.015748 -0.992126 -0.133858
vn 0.992126 -0.055118 -0.133858
vn 0.015748 -0.055118 -1.000000
vn 0.992126 0.055118 -0.133858
vn -0.015748 -0.055118 -1.000000
vn -0.015748 -0.992126 -0.133858
vn -0.992126 -0.055118 -0.133858
vn 0.015748 0.055118 -1.000000
vn 0.015748 0.992126 -0.133858
vn -0.015748 0.992126 -0.133858
vn -0.015748 0.055118 -1.000000
vn -0.992126 0.055118 -0.133858
vn 0.322835 -0.937008 0.125984
vn 0.023622 -0.976378 0.196850
vn -0.299213 -0.850394 -0.440945
vn -0.244094 -0.763779 0.598425
vn 0.314961 -0.842520 0.433071
vn -0.102362 -0.984252 -0.149606
vn 0.503937 0.000000 0.866142
vn 0.566929 0.102362 0.818897
vn 0.220472 0.118110 0.968504
vn -0.787402 0.000000 0.622047
vn -0.566929 0.118110 0.811023
vn -0.992126 0.102362 -0.094488
vn -0.614173 -0.000000 -0.787401
vn -0.370079 0.102362 -0.921260
vn 0.503937 -0.000000 -0.866142
vn 0.448819 0.110236 -0.881890
vn 0.968504 0.102362 -0.212598
vn 0.992126 0.000000 0.118110
vn 0.606299 0.102362 0.787401
vn 0.503937 0.000000 0.866142
vn 0.858268 0.251969 0.448819
vn 0.881890 0.031496 0.472441
vn 0.992126 0.039370 -0.102362
vn 0.677165 0.519685 -0.527559
vn 0.622047 -0.055118 -0.779527
vn -0.543307 0.503937 -0.669291
vn -0.228346 -0.007874 -0.976378
vn -0.976378 0.070866 -0.196850
vn -0.748031 0.078740 -0.661417
vn -0.551181 0.409449 0.724409
vn -0.811024 0.062992 0.574803
vn 0.102362 0.007874 0.992126
vn 0.795276 0.448819 0.409449
vn 0.889764 0.007874 0.464567
vn 0.590551 0.000000 0.811023
vn 0.574803 0.125984 0.811023
vn 0.992126 0.133858 0.055118
vn 0.992126 -0.000000 -0.125984
vn 0.582677 0.118110 -0.803149
vn -0.165354 -0.000000 -0.984252
vn -0.283465 0.125984 -0.952756
vn -0.992126 0.110236 -0.039370
vn -0.992126 0.000000 0.125984
vn -0.393701 0.125984 0.913386
vn -0.251969 0.000000 0.968504
vn 0.574803 0.133858 0.811023
vn 0.590551 0.000000 0.811023
vn 0.307087 0.000000 0.952756
vn 0.307087 0.118110 0.944882
vn 0.921260 0.125984 0.362205
vn 0.968504 -0.000000 -0.244094
vn 0.803150 0.118110 -0.582677
vn 0.007874 0.110236 -0.992126
vn -0.125984 -0.000000 -0.992126
vn -0.913386 0.125984 -0.377953
vn -0.968504 -0.000000 -0.251968
vn -0.826772 0.133858 0.543307
vn -0.598425 0.000000 0.803149
vn -0.173228 0.133858 0.976378
vn 0.307087 0.118110 0.944882
vn 0.307087 0.000000 0.952756
vn 0.307087 0.000000 0.952756
vn 0.307087 0.118110 0.944882
vn 0.921260 0.125984 0.362205
vn 0.968504 -0.000000 -0.244094
vn 0.803150 0.118110 -0.582677
vn 0.007874 0.110236 -0.992126
vn -0.125984 -0.000000 -0.992126
vn -0.913386 0.125984 -0.377953
vn -0.968504 -0.000000 -0.251968
vn -0.826772 0.133858 0.543307
vn -0.598425 0.000000 0.803149
vn -0.173228 0.133858 0.976378
vn 0.307087 0.118110 0.944882
vn 0.307087 0.000000 0.952756
vn -0.929134 -0.078740 -0.354331
vn -0.929134 0.078740 -0.354331
vn -0.976378 0.078740 0.204724
vn -0.858268 -0.078740 0.503937
vn -0.488189 0.078740 0.874016
vn 0.086614 -0.078740 0.992126
vn 0.559055 0.078740 0.818897
vn 0.937008 -0.078740 0.330709
vn 0.976378 0.078740 -0.181102
vn 0.881890 -0.078740 -0.472441
vn 0.275591 0.078740 -0.960630
vn 0.173228 -0.078740 -0.984252
vn -0.590551 0.078740 -0.803149
vn -0.590551 -0.086614 -0.803149
vn -0.929134 0.078740 -0.354331
vn -0.929134 -0.078740 -0.354331
vn 0.511811 -0.795276 -0.314961
vn 0.858268 -0.031496 -0.511811
vn 0.992126 -0.055118 0.141732
vn 0.574803 -0.779527 0.236221
vn 0.582677 -0.102362 0.803149
vn 0.212598 -0.779527 0.590551
vn -0.385827 -0.015748 0.921260
vn -0.322835 -0.724409 0.614173
vn -0.976378 -0.039370 0.196850
vn -0.566929 -0.811023 -0.118110
vn -0.811024 -0.102362 -0.574803
vn -0.362205 -0.803150 -0.472441
vn -0.031496 -0.031496 -1.000000
vn 0.133858 -0.732283 -0.669291
vn 0.842520 -0.062992 -0.527559
vn 0.535433 -0.811023 -0.244094
vn -0.748031 0.031496 0.661417
vn -0.448819 0.779527 0.440945
vn -0.645669 0.755905 -0.125984
vn -0.984252 0.023622 -0.165354
vn -0.338583 0.811023 -0.472441
vn -0.559055 0.110236 -0.818897
vn 0.165354 0.724409 -0.669291
vn 0.338583 0.039370 -0.944882
vn 0.551181 0.779527 -0.299213
vn 0.976378 0.023622 -0.204724
vn 0.574803 0.779527 0.251968
vn 0.779528 0.062992 0.629921
vn 0.031496 0.724409 0.692913
vn 0.000000 0.102362 0.992126
vn -0.448819 0.779527 0.440945
vn -0.724409 0.031496 0.685039
vn -0.929134 -0.062992 -0.354331
vn -0.929134 0.070866 -0.354331
vn -0.976378 0.062992 0.188976
vn -0.976378 -0.062992 0.204724
vn -0.496063 0.055118 0.866142
vn -0.480315 -0.055118 0.874016
vn 0.338583 0.062992 0.937008
vn 0.354331 -0.062992 0.929134
vn 0.795276 0.062992 0.606299
vn 0.795276 -0.062992 0.606299
vn 0.992126 0.062992 0.094488
vn 0.976378 -0.055118 -0.220472
vn 0.897638 0.062992 -0.433071
vn 0.417323 0.062992 -0.905512
vn 0.488189 -0.062992 -0.874016
vn -0.094488 -0.062992 -0.992126
vn -0.590551 0.062992 -0.803149
vn -0.606299 -0.062992 -0.795275
vn -0.929134 0.070866 -0.354331
vn -0.929134 -0.062992 -0.354331
vn 0.322835 0.795276 0.511811
vn -0.031496 0.976378 0.220472
vn 0.141732 0.992126 -0.007874
vn -0.102362 0.992126 0.047244
vn 0.070866 0.992126 -0.118110
vn -0.086614 0.992126 -0.039370
vn -0.047244 0.858268 -0.511811
vn -0.803150 0.212598 -0.559055
vn 0.236220 -0.874016 -0.433071
vn 0.480315 -0.165354 -0.866142
vn 0.897638 -0.000000 -0.433071
vn 0.480315 -0.874016 -0.070866
vn 0.944882 -0.070866 0.330709
vn 0.393701 -0.874016 0.299213
vn 0.173228 -0.023622 0.984252
vn 0.062992 -0.818897 0.566929
vn -0.716535 0.000000 0.692913
vn -0.425197 -0.874016 0.244095
vn -1.000000 -0.023622 -0.047244
vn -0.456693 -0.874016 -0.173228
vn -0.496063 -0.000000 -0.866142
vn -0.220472 -0.826772 -0.519685
vn 0.480315 -0.165354 -0.866142
vn 0.236220 -0.874016 -0.433071
vn -0.031496 0.874016 -0.488189
vn -0.118110 0.078740 -0.992126
vn -0.842520 0.094488 -0.535433
vn -0.464567 0.818897 -0.330709
vn -0.905512 -0.015748 0.425197
vn -0.511811 0.818898 0.251968
vn -0.212598 0.015748 0.976378
vn 0.015748 0.874016 0.488189
vn 0.566929 0.070866 0.818897
vn 0.393701 0.874016 0.299212
vn 1.000000 0.007874 -0.086614
vn 0.566929 0.818897 -0.094488
vn 0.511811 -0.007874 -0.858268
vn 0.236220 0.874016 -0.433071
vn -0.102362 0.078740 -0.992126
vn -0.031496 0.874016 -0.488189
vn 0.228346 0.952756 0.212598
vn -0.031496 0.732283 0.685039
vn -0.133858 0.984252 0.133858
vn 0.157480 0.984252 -0.039370
vn -0.188976 0.984252 -0.055118
vn 0.110236 0.929134 -0.346457
vn -0.291339 0.787401 -0.543307
vn -0.070866 -0.937008 -0.346457
vn -0.582677 -0.724409 -0.370079
vn -0.204724 -0.976378 0.023622
vn 0.157480 -0.984252 -0.047244
vn -0.062992 -0.984252 0.181102
vn 0.259843 -0.960630 0.062992
vn 0.417323 -0.763779 0.488189
vn -0.480315 -0.779527 -0.401575
vn -0.779528 -0.047244 -0.629921
vn -0.023622 -0.094488 -0.992126
vn 0.070866 -0.779527 -0.622047
vn 0.842520 -0.015748 -0.535433
vn 0.622047 -0.724409 -0.314961
vn 0.921260 -0.023622 0.385827
vn 0.527559 -0.818897 0.244095
vn 0.362205 -0.102362 0.929134
vn 0.291339 -0.740157 0.606299
vn -0.480315 -0.062992 0.874016
vn -0.275591 -0.826771 0.488189
vn -0.976378 -0.015748 0.212598
vn -0.685039 -0.724409 0.125984
vn -0.795276 -0.047244 -0.606299
vn -0.480315 -0.779527 -0.401575
vn 0.559055 -0.062992 0.826772
vn 0.551181 0.070866 0.826772
vn 0.905512 0.062992 0.417323
vn 0.913386 -0.062992 0.393701
vn 0.905512 0.055118 -0.417323
vn 0.787402 -0.062992 -0.614173
vn 0.259843 0.062992 -0.960630
vn 0.204724 -0.062992 -0.976378
vn -0.299213 0.062992 -0.952756
vn -0.314961 -0.062992 -0.944882
vn -0.755906 0.062992 -0.653543
vn -0.763780 -0.070866 -0.637795
vn -0.984252 0.062992 -0.173228
vn -0.992126 -0.062992 -0.125984
vn -0.866142 0.062992 0.496063
vn -0.897638 -0.062992 0.433071
vn -0.519685 -0.062992 0.850394
vn 0.015748 0.062992 1.000000
vn 0.023622 -0.062992 1.000000
vn 0.551181 0.070866 0.826772
vn 0.559055 -0.062992 0.826772
vn 0.031496 0.795275 -0.606299
vn 0.149606 0.976378 -0.157480
vn -0.118110 0.992126 -0.078740
vn 0.118110 0.992126 0.023622
vn -0.125984 0.992126 0.055118
vn 0.055118 0.992126 0.078740
vn -0.259843 0.858268 0.448819
vn 0.330709 0.212599 0.921260
vn 0.275591 -0.874016 0.409449
vn 0.551181 -0.165354 0.818897
vn 0.031496 -0.055118 1.000000
vn 0.007874 -0.874016 0.488189
vn -0.692913 0.000000 0.716535
vn -0.409449 -0.818897 0.401575
vn -1.000000 0.007874 -0.078740
vn -0.448819 -0.866142 -0.236220
vn -0.574803 -0.070866 -0.811023
vn 0.031496 -0.866142 -0.496063
vn 0.448819 -0.031496 -0.897638
vn 0.362205 -0.874016 -0.330709
vn 0.992126 -0.110236 -0.031496
vn 0.559055 -0.826772 0.039370
vn 0.551181 -0.165354 0.818897
vn 0.275591 -0.874016 0.409449
vn -0.259843 0.874016 0.417323
vn -0.480315 0.078740 0.874016
vn 0.377953 0.094488 0.921260
vn 0.188976 0.818898 0.543307
vn 0.984252 -0.015748 0.173228
vn 0.566929 0.818897 0.094488
vn 0.732283 0.015748 -0.677165
vn 0.267717 0.874016 -0.409449
vn 0.007874 0.070866 -1.000000
vn -0.149606 0.874016 -0.472441
vn -0.866142 0.007874 -0.503937
vn -0.511811 0.818897 -0.251969
vn -0.913386 -0.007874 0.409449
vn -0.440945 0.874016 0.212598
vn -0.488189 0.078740 0.866142
vn -0.259843 0.874016 0.417323
vn -0.535433 0.133858 0.834646
vn -0.251969 0.960630 0.110236
vn 0.102362 0.968504 0.236220
vn -0.149606 0.984252 -0.062992
vn 0.181102 0.984252 -0.015748
vn -0.062992 0.952756 -0.299213
vn 0.425197 0.732283 -0.535433
vn -0.125984 -0.944882 0.291339
vn 0.275591 -0.732283 0.622047
vn 0.181102 -0.984252 0.078740
vn -0.165354 -0.984252 0.047244
vn 0.157480 -0.984252 -0.110236
vn -0.188976 -0.968504 -0.165354
vn -0.062992 -0.763779 -0.637795
vn -0.929134 -0.078740 -0.354331
vn -0.929134 0.078740 -0.354331
vn -0.976378 0.078740 0.204724
vn -0.858268 -0.078740 0.503937
vn -0.488189 0.078740 0.874016
vn 0.086614 -0.078740 0.992126
vn 0.559055 0.078740 0.818897
vn 0.937008 -0.078740 0.330709
vn 0.976378 0.078740 -0.181102
vn 0.881890 -0.078740 -0.472441
vn 0.275591 0.078740 -0.960630
vn 0.173228 -0.078740 -0.984252
vn -0.590551 0.078740 -0.803149
vn -0.590551 -0.086614 -0.803149
vn -0.929134 0.078740 -0.354331
vn -0.929134 -0.078740 -0.354331
vn 0.511811 -0.795276 -0.314961
vn 0.858268 -0.031496 -0.511811
vn 0.992126 -0.055118 0.141732
vn 0.574803 -0.779527 0.236221
vn 0.582677 -0.102362 0.803149
vn 0.212598 -0.779527 0.590551
vn -0.385827 -0.015748 0.921260
vn -0.322835 -0.724409 0.614173
vn -0.976378 -0.039370 0.196850
vn -0.566929 -0.811023 -0.118110
vn -0.811024 -0.102362 -0.574803
vn -0.362205 -0.803150 -0.472441
vn -0.031496 -0.031496 -1.000000
vn 0.133858 -0.732283 -0.669291
vn 0.842520 -0.062992 -0.527559
vn 0.535433 -0.811023 -0.244094
vn -0.748031 0.031496 0.661417
vn -0.448819 0.779527 0.440945
vn -0.645669 0.755905 -0.125984
vn -0.984252 0.023622 -0.165354
vn -0.338583 0.811023 -0.472441
vn -0.559055 0.110236 -0.818897
vn 0.165354 0.724409 -0.669291
vn 0.338583 0.039370 -0.944882
vn 0.551181 0.779527 -0.299213
vn 0.976378 0.023622 -0.204724
vn 0.574803 0.779527 0.251968
vn 0.779528 0.062992 0.629921
vn 0.031496 0.724409 0.692913
vn 0.000000 0.102362 0.992126
vn -0.448819 0.779527 0.440945
vn -0.724409 0.031496 0.685039
vn -0.929134 -0.062992 -0.354331
vn -0.929134 0.070866 -0.354331
vn -0.976378 0.062992 0.188976
vn -0.976378 -0.062992 0.204724
vn -0.496063 0.055118 0.866142
vn -0.480315 -0.055118 0.874016
vn 0.338583 0.062992 0.937008
vn 0.354331 -0.062992 0.929134
vn 0.795276 0.062992 0.606299
vn 0.795276 -0.062992 0.606299
vn 0.992126 0.062992 0.094488
vn 0.976378 -0.055118 -0.220472
vn 0.897638 0.062992 -0.433071
vn 0.417323 0.062992 -0.905512
vn 0.488189 -0.062992 -0.874016
vn -0.094488 -0.062992 -0.992126
vn -0.590551 0.062992 -0.803149
vn -0.606299 -0.062992 -0.795275
vn -0.929134 0.070866 -0.354331
vn -0.929134 -0.062992 -0.354331
vn 0.322835 0.795276 0.511811
vn -0.031496 0.976378 0.220472
vn 0.141732 0.992126 -0.007874
vn -0.102362 0.992126 0.047244
vn 0.070866 0.992126 -0.118110
vn -0.086614 0.992126 -0.039370
vn -0.047244 0.858268 -0.511811
vn -0.803150 0.212598 -0.559055
vn 0.236220 -0.874016 -0.433071
vn 0.480315 -0.165354 -0.866142
vn 0.897638 -0.000000 -0.433071
vn 0.480315 -0.874016 -0.070866
vn 0.944882 -0.070866 0.330709
vn 0.393701 -0.874016 0.299213
vn 0.173228 -0.023622 0.984252
vn 0.062992 -0.818897 0.566929
vn -0.716535 0.000000 0.692913
vn -0.425197 -0.874016 0.244095
vn -1.000000 -0.023622 -0.047244
vn -0.456693 -0.874016 -0.173228
vn -0.496063 -0.000000 -0.866142
vn -0.220472 -0.826772 -0.519685
vn 0.480315 -0.165354 -0.866142
vn 0.236220 -0.874016 -0.433071
vn -0.031496 0.874016 -0.488189
vn -0.118110 0.078740 -0.992126
vn -0.842520 0.094488 -0.535433
vn -0.464567 0.818897 -0.330709
vn -0.905512 -0.015748 0.425197
vn -0.511811 0.818898 0.251968
vn -0.212598 0.015748 0.976378
vn 0.015748 0.874016 0.488189
vn 0.566929 0.070866 0.818897
vn 0.393701 0.874016 0.299212
vn 1.000000 0.007874 -0.086614
vn 0.566929 0.818897 -0.094488
vn 0.511811 -0.007874 -0.858268
vn 0.236220 0.874016 -0.433071
vn -0.102362 0.078740 -0.992126
vn -0.031496 0.874016 -0.488189
vn 0.228346 0.952756 0.212598
vn -0.031496 0.732283 0.685039
vn -0.133858 0.984252 0.133858
vn 0.157480 0.984252 -0.039370
vn -0.188976 0.984252 -0.055118
vn 0.110236 0.929134 -0.346457
vn -0.291339 0.787401 -0.543307
vn -0.070866 -0.937008 -0.346457
vn -0.582677 -0.724409 -0.370079
vn -0.204724 -0.976378 0.023622
vn 0.157480 -0.984252 -0.047244
vn -0.062992 -0.984252 0.181102
vn 0.259843 -0.960630 0.062992
vn 0.417323 -0.763779 0.488189
vn -0.480315 -0.779527 -0.401575
vn -0.779528 -0.047244 -0.629921
vn -0.023622 -0.094488 -0.992126
vn 0.070866 -0.779527 -0.622047
vn 0.842520 -0.015748 -0.535433
vn 0.622047 -0.724409 -0.314961
vn 0.921260 -0.023622 0.385827
vn 0.527559 -0.818897 0.244095
vn 0.362205 -0.102362 0.929134
vn 0.291339 -0.740157 0.606299
vn -0.480315 -0.062992 0.874016
vn -0.275591 -0.826771 0.488189
vn -0.976378 -0.015748 0.212598
vn -0.685039 -0.724409 0.125984
vn -0.795276 -0.047244 -0.606299
vn -0.480315 -0.779527 -0.401575
vn 0.559055 -0.062992 0.826772
vn 0.551181 0.070866 0.826772
vn 0.905512 0.062992 0.417323
vn 0.913386 -0.062992 0.393701
vn 0.905512 0.055118 -0.417323
vn 0.787402 -0.062992 -0.614173
vn 0.259843 0.062992 -0.960630
vn 0.204724 -0.062992 -0.976378
vn -0.299213 0.062992 -0.952756
vn -0.314961 -0.062992 -0.944882
vn -0.755906 0.062992 -0.653543
vn -0.763780 -0.070866 -0.637795
vn -0.984252 0.062992 -0.173228
vn -0.992126 -0.062992 -0.125984
vn -0.866142 0.062992 0.496063
vn -0.897638 -0.062992 0.433071
vn -0.519685 -0.062992 0.850394
vn 0.015748 0.062992 1.000000
vn 0.023622 -0.062992 1.000000
vn 0.551181 0.070866 0.826772
vn 0.559055 -0.062992 0.826772
vn 0.031496 0.795275 -0.606299
vn 0.149606 0.976378 -0.157480
vn -0.118110 0.992126 -0.078740
vn 0.118110 0.992126 0.023622
vn -0.125984 0.992126 0.055118
vn 0.055118 0.992126 0.078740
vn -0.259843 0.858268 0.448819
vn 0.330709 0.212599 0.921260
vn 0.275591 -0.874016 0.409449
vn 0.551181 -0.165354 0.818897
vn 0.031496 -0.055118 1.000000
vn 0.007874 -0.874016 0.488189
vn -0.692913 0.000000 0.716535
vn -0.409449 -0.818897 0.401575
vn -1.000000 0.007874 -0.078740
vn -0.448819 -0.866142 -0.236220
vn -0.574803 -0.070866 -0.811023
vn 0.031496 -0.866142 -0.496063
vn 0.448819 -0.031496 -0.897638
vn 0.362205 -0.874016 -0.330709
vn 0.992126 -0.110236 -0.031496
vn 0.559055 -0.826772 0.039370
vn 0.551181 -0.165354 0.818897
vn 0.275591 -0.874016 0.409449
vn -0.259843 0.874016 0.417323
vn -0.480315 0.078740 0.874016
vn 0.377953 0.094488 0.921260
vn 0.188976 0.818898 0.543307
vn 0.984252 -0.015748 0.173228
vn 0.566929 0.818897 0.094488
vn 0.732283 0.015748 -0.677165
vn 0.267717 0.874016 -0.409449
vn 0.007874 0.070866 -1.000000
vn -0.149606 0.874016 -0.472441
vn -0.866142 0.007874 -0.503937
vn -0.511811 0.818897 -0.251969
vn -0.913386 -0.007874 0.409449
vn -0.440945 0.874016 0.212598
vn -0.488189 0.078740 0.866142
vn -0.259843 0.874016 0.417323
vn -0.535433 0.133858 0.834646
vn -0.251969 0.960630 0.110236
vn 0.102362 0.968504 0.236220
vn -0.149606 0.984252 -0.062992
vn 0.181102 0.984252 -0.015748
vn -0.062992 0.952756 -0.299213
vn 0.425197 0.732283 -0.535433
vn -0.125984 -0.944882 0.291339
vn 0.275591 -0.732283 0.622047
vn 0.181102 -0.984252 0.078740
vn -0.165354 -0.984252 0.047244
vn 0.157480 -0.984252 -0.110236
vn -0.188976 -0.968504 -0.165354
vn -0.062992 -0.763779 -0.637795
vn -0.929134 -0.078740 -0.354331
vn -0.929134 0.078740 -0.354331
vn -0.976378 0.078740 0.204724
vn -0.858268 -0.078740 0.503937
vn -0.488189 0.078740 0.874016
vn 0.086614 -0.078740 0.992126
vn 0.559055 0.078740 0.818897
vn 0.937008 -0.078740 0.330709
vn 0.976378 0.078740 -0.181102
vn 0.881890 -0.078740 -0.472441
vn 0.275591 0.078740 -0.960630
vn 0.173228 -0.078740 -0.984252
vn -0.590551 0.078740 -0.803149
vn -0.590551 -0.086614 -0.803149
vn -0.929134 0.078740 -0.354331
vn -0.929134 -0.078740 -0.354331
vn 0.511811 -0.795276 -0.314961
vn 0.858268 -0.031496 -0.511811
vn 0.992126 -0.055118 0.141732
vn 0.574803 -0.779527 0.236221
vn 0.582677 -0.102362 0.803149
vn 0.212598 -0.779527 0.590551
vn -0.385827 -0.015748 0.921260
vn -0.322835 -0.724409 0.614173
vn -0.976378 -0.039370 0.196850
vn -0.566929 -0.811023 -0.118110
vn -0.811024 -0.102362 -0.574803
vn -0.362205 -0.803150 -0.472441
vn -0.031496 -0.031496 -1.000000
vn 0.133858 -0.732283 -0.669291
vn 0.842520 -0.062992 -0.527559
vn 0.535433 -0.811023 -0.244094
vn -0.748031 0.031496 0.661417
vn -0.448819 0.779527 0.440945
vn -0.645669 0.755905 -0.125984
vn -0.984252 0.023622 -0.165354
vn -0.338583 0.811023 -0.472441
vn -0.559055 0.110236 -0.818897
vn 0.165354 0.724409 -0.669291
vn 0.338583 0.039370 -0.944882
vn 0.551181 0.779527 -0.299213
vn 0.976378 0.023622 -0.204724
vn 0.574803 0.779527 0.251968
vn 0.779528 0.062992 0.629921
vn 0.031496 0.724409 0.692913
vn 0.000000 0.102362 0.992126
vn -0.448819 0.779527 0.440945
vn -0.724409 0.031496 0.685039
vn -0.929134 -0.062992 -0.354331
vn -0.929134 0.070866 -0.354331
vn -0.976378 0.062992 0.188976
vn -0.976378 -0.062992 0.204724
vn -0.496063 0.055118 0.866142
vn -0.480315 -0.055118 0.874016
vn 0.338583 0.062992 0.937008
vn 0.354331 -0.062992 0.929134
vn 0.795276 0.062992 0.606299
vn 0.795276 -0.062992 0.606299
vn 0.992126 0.062992 0.094488
vn 0.976378 -0.055118 -0.220472
vn 0.897638 0.062992 -0.433071
vn 0.417323 0.062992 -0.905512
vn 0.488189 -0.062992 -0.874016
vn -0.094488 -0.062992 -0.992126
vn -0.590551 0.062992 -0.803149
vn -0.606299 -0.062992 -0.795275
vn -0.929134 0.070866 -0.354331
vn -0.929134 -0.062992 -0.354331
vn 0.322835 0.795276 0.511811
vn -0.031496 0.976378 0.220472
vn 0.141732 0.992126 -0.007874
vn -0.102362 0.992126 0.047244
vn 0.070866 0.992126 -0.118110
vn -0.086614 0.992126 -0.039370
vn -0.047244 0.858268 -0.511811
vn -0.803150 0.212598 -0.559055
vn 0.236220 -0.874016 -0.433071
vn 0.480315 -0.165354 -0.866142
vn 0.897638 -0.000000 -0.433071
vn 0.480315 -0.874016 -0.070866
vn 0.944882 -0.070866 0.330709
vn 0.393701 -0.874016 0.299213
vn 0.173228 -0.023622 0.984252
vn 0.062992 -0.818897 0.566929
vn -0.716535 0.000000 0.692913
vn -0.425197 -0.874016 0.244095
vn -1.000000 -0.023622 -0.047244
vn -0.456693 -0.874016 -0.173228
vn -0.496063 -0.000000 -0.866142
vn -0.220472 -0.826772 -0.519685
vn 0.480315 -0.165354 -0.866142
vn 0.236220 -0.874016 -0.433071
vn -0.031496 0.874016 -0.488189
vn -0.118110 0.078740 -0.992126
vn -0.842520 0.094488 -0.535433
vn -0.464567 0.818897 -0.330709
vn -0.905512 -0.015748 0.425197
vn -0.511811 0.818898 0.251968
vn -0.212598 0.015748 0.976378
vn 0.015748 0.874016 0.488189
vn 0.566929 0.070866 0.818897
vn 0.393701 0.874016 0.299212
vn 1.000000 0.007874 -0.086614
vn 0.566929 0.818897 -0.094488
vn 0.511811 -0.007874 -0.858268
vn 0.236220 0.874016 -0.433071
vn -0.102362 0.078740 -0.992126
vn -0.031496 0.874016 -0.488189
vn 0.228346 0.952756 0.212598
vn -0.031496 0.732283 0.685039
vn -0.133858 0.984252 0.133858
vn 0.157480 0.984252 -0.039370
vn -0.188976 0.984252 -0.055118
vn 0.110236 0.929134 -0.346457
vn -0.291339 0.787401 -0.543307
vn -0.070866 -0.937008 -0.346457
vn -0.582677 -0.724409 -0.370079
vn -0.204724 -0.976378 0.023622
vn 0.157480 -0.984252 -0.047244
vn -0.062992 -0.984252 0.181102
vn 0.259843 -0.960630 0.062992
vn 0.417323 -0.763779 0.488189
vn -0.480315 -0.779527 -0.401575
vn -0.779528 -0.047244 -0.629921
vn -0.023622 -0.094488 -0.992126
vn 0.070866 -0.779527 -0.622047
vn 0.842520 -0.015748 -0.535433
vn 0.622047 -0.724409 -0.314961
vn 0.921260 -0.023622 0.385827
vn 0.527559 -0.818897 0.244095
vn 0.362205 -0.102362 0.929134
vn 0.291339 -0.740157 0.606299
vn -0.480315 -0.062992 0.874016
vn -0.275591 -0.826771 0.488189
vn -0.976378 -0.015748 0.212598
vn -0.685039 -0.724409 0.125984
vn -0.795276 -0.047244 -0.606299
vn -0.480315 -0.779527 -0.401575
vn 0.559055 -0.062992 0.826772
vn 0.551181 0.070866 0.826772
vn 0.905512 0.062992 0.417323
vn 0.913386 -0.062992 0.393701
vn 0.905512 0.055118 -0.417323
vn 0.787402 -0.062992 -0.614173
vn 0.259843 0.062992 -0.960630
vn 0.204724 -0.062992 -0.976378
vn -0.299213 0.062992 -0.952756
vn -0.314961 -0.062992 -0.944882
vn -0.755906 0.062992 -0.653543
vn -0.763780 -0.070866 -0.637795
vn -0.984252 0.062992 -0.173228
vn -0.992126 -0.062992 -0.125984
vn -0.866142 0.062992 0.496063
vn -0.897638 -0.062992 0.433071
vn -0.519685 -0.062992 0.850394
vn 0.015748 0.062992 1.000000
vn 0.023622 -0.062992 1.000000
vn 0.551181 0.070866 0.826772
vn 0.559055 -0.062992 0.826772
vn 0.031496 0.795275 -0.606299
vn 0.149606 0.976378 -0.157480
vn -0.118110 0.992126 -0.078740
vn 0.118110 0.992126 0.023622
vn -0.125984 0.992126 0.055118
vn 0.055118 0.992126 0.078740
vn -0.259843 0.858268 0.448819
vn 0.330709 0.212599 0.921260
vn 0.275591 -0.874016 0.409449
vn 0.551181 -0.165354 0.818897
vn 0.031496 -0.055118 1.000000
vn 0.007874 -0.874016 0.488189
vn -0.692913 0.000000 0.716535
vn -0.409449 -0.818897 0.401575
vn -1.000000 0.007874 -0.078740
vn -0.448819 -0.866142 -0.236220
vn -0.574803 -0.070866 -0.811023
vn 0.031496 -0.866142 -0.496063
vn 0.448819 -0.031496 -0.897638
vn 0.362205 -0.874016 -0.330709
vn 0.992126 -0.110236 -0.031496
vn 0.559055 -0.826772 0.039370
vn 0.551181 -0.165354 0.818897
vn 0.275591 -0.874016 0.409449
vn -0.259843 0.874016 0.417323
vn -0.480315 0.078740 0.874016
vn 0.377953 0.094488 0.921260
vn 0.188976 0.818898 0.543307
vn 0.984252 -0.015748 0.173228
vn 0.566929 0.818897 0.094488
vn 0.732283 0.015748 -0.677165
vn 0.267717 0.874016 -0.409449
vn 0.007874 0.070866 -1.000000
vn -0.149606 0.874016 -0.472441
vn -0.866142 0.007874 -0.503937
vn -0.511811 0.818897 -0.251969
vn -0.913386 -0.007874 0.409449
vn -0.440945 0.874016 0.212598
vn -0.488189 0.078740 0.866142
vn -0.259843 0.874016 0.417323
vn -0.535433 0.133858 0.834646
vn -0.251969 0.960630 0.110236
vn 0.102362 0.968504 0.236220
vn -0.149606 0.984252 -0.062992
vn 0.181102 0.984252 -0.015748
vn -0.062992 0.952756 -0.299213
vn 0.425197 0.732283 -0.535433
vn -0.125984 -0.944882 0.291339
vn 0.275591 -0.732283 0.622047
vn 0.181102 -0.984252 0.078740
vn -0.165354 -0.984252 0.047244
vn 0.157480 -0.984252 -0.110236
vn -0.188976 -0.968504 -0.165354
vn -0.062992 -0.763779 -0.637795
vn -0.433071 0.889764 -0.149606
vn 0.543307 0.826772 -0.133858
vn 0.496063 0.866142 0.007874
vn -0.700787 0.716535 -0.007874
vn -0.984252 -0.110236 -0.149606
vn -0.362205 -0.929134 -0.007874
vn -0.370079 -0.921260 -0.141732
vn 0.519685 -0.842520 -0.133858
vn 1.000000 -0.031496 0.015748
vn 0.984252 0.094488 -0.125984
vn 0.543307 0.826772 -0.141732
vn 0.496063 0.866142 0.007874
vn 0.535433 0.834646 -0.133858
vn 0.992126 0.055118 -0.133858
vn 0.637795 0.771653 0.015748
vn 0.645669 -0.763779 0.007874
vn 0.724409 -0.677165 -0.133858
vn -0.259843 -0.952756 -0.141732
vn -0.763780 -0.645669 -0.015748
vn -0.984252 0.015748 -0.157480
vn -0.645669 0.763779 -0.007874
vn -0.291339 0.944882 -0.133858
vn 0.582677 0.811023 0.007874
vn 0.535433 0.834646 -0.125984
vn 0.661417 0.740157 -0.133858
vn 0.944882 -0.299213 -0.118110
vn 0.645669 0.763779 0.015748
vn 0.582677 -0.811023 0.000000
vn 0.566929 -0.811023 -0.141732
vn -0.251969 -0.952756 -0.149606
vn -0.811024 -0.590551 -0.015748
vn -0.984252 -0.118110 -0.157480
vn -0.598425 0.795275 -0.007874
vn -0.370079 0.921260 -0.149606
vn 0.598425 0.803149 0.007874
vn 0.598425 0.787401 -0.133858
vn -0.984252 -0.000000 -0.165354
vn -0.834646 -0.039370 0.551181
vn -0.866142 -0.039370 -0.496063
vn 0.031496 0.000000 1.000000
vn -0.362205 -0.047244 0.929134
vn 0.614173 -0.039370 0.787401
vn 0.921260 0.000000 0.393701
vn 0.976378 -0.039370 -0.220472
vn 0.299213 -0.000000 -0.952756
vn 0.196850 -0.039370 -0.976378
vn -0.842520 -0.039370 -0.543307
vn -0.976378 -0.000000 -0.228346
vn -0.968504 -0.000000 -0.259842
vn -0.614173 -0.047244 -0.787401
vn -0.992126 -0.047244 0.110236
vn 0.787402 -0.000000 -0.622047
vn 0.511811 -0.055118 -0.858268
vn 0.826772 -0.055118 0.559055
vn -0.102362 0.000000 0.992126
vn -0.149606 -0.055118 0.984252
vn -0.984252 -0.047244 0.157480
vn -0.984252 -0.000000 -0.173228
vn 0.866142 0.000000 0.503937
vn -0.062992 0.000000 1.000000
vn 0.645669 -0.047244 0.763779
vn -0.543307 -0.055118 0.834646
vn -1.000000 -0.000000 -0.039370
vn -0.866142 -0.047244 -0.496063
vn 0.149606 -0.000000 -0.992126
vn 0.283465 -0.055118 -0.952756
vn 0.976378 -0.047244 -0.196850
vn 0.905512 0.000000 0.433071
vn 0.685039 -0.047244 0.732283
vn -0.874016 -0.039370 0.480315
vn -0.913386 -0.047244 -0.401575
vn -0.874016 -0.000000 -0.488189
vn -0.677165 0.000000 0.732283
vn 0.062992 -0.047244 1.000000
vn 0.732283 0.000000 0.677165
vn 0.992126 -0.039370 0.078740
vn 0.685039 -0.000000 -0.724409
vn 0.283465 -0.039370 -0.960630
vn -0.842520 -0.000000 -0.543307
vn -0.795276 -0.047244 -0.598425
vn -0.157480 -0.047244 -0.984252
vn -1.000000 -0.055118 0.039370
vn -0.992126 -0.000000 -0.086614
vn -0.047244 -0.000000 -1.000000
vn 0.543307 -0.047244 -0.842520
vn 1.000000 -0.000000 -0.007874
vn 0.866142 -0.062992 0.496063
vn -0.188976 0.000000 0.984252
vn -0.283465 -0.055118 0.952756
vn -0.992126 -0.055118 0.070866
vn -0.992126 -0.000000 -0.086614
vn 0.976378 -0.047244 0.212598
vn 0.559055 -0.039370 0.826772
vn 0.472441 0.000000 0.881890
vn 0.929134 -0.000000 -0.370079
vn 0.543307 -0.047244 -0.842520
vn -0.149606 -0.000000 -0.992126
vn -0.622047 -0.039370 -0.779527
vn -1.000000 0.000000 0.047244
vn -0.960630 -0.039370 -0.275591
vn -0.464567 -0.039370 0.881890
vn 0.393701 0.000000 0.921260
vn 0.559055 -0.039370 0.826772
vn -0.480315 -0.055118 0.874016
vn 0.866142 -0.047244 0.496063
vn 0.850394 0.000000 0.527559
vn -0.897638 0.000000 0.433071
vn -0.952756 -0.055118 -0.299213
vn 0.149606 -0.000000 -0.992126
vn 0.456693 -0.047244 -0.889764
vn 0.960630 -0.039370 0.267716
vn 0.897638 0.000000 0.448819
vn 0.543307 -0.039370 0.842520
vn -0.031496 0.826772 0.559055
vn -0.401575 0.582677 0.708661
vn 0.472441 0.740157 0.488189
vn 0.992126 0.031496 -0.094488
vn 0.566929 0.818897 -0.055118
vn 0.574803 0.102362 -0.811023
vn 0.417323 0.740157 -0.519685
vn -0.275591 0.062992 -0.960630
vn -0.330709 0.779527 -0.527559
vn -0.921260 0.031496 -0.393701
vn -0.661417 0.740157 0.118110
vn -0.897638 0.031496 0.433071
vn -0.425197 0.574803 0.700787
vn 0.543307 -0.039370 0.842520
vn -0.031496 0.826772 0.559055
vn -0.401575 0.582677 0.708661
vn 0.472441 0.740157 0.488189
vn 0.992126 0.031496 -0.094488
vn 0.566929 0.818897 -0.055118
vn 0.574803 0.102362 -0.811023
vn 0.417323 0.740157 -0.519685
vn -0.275591 0.062992 -0.960630
vn -0.330709 0.779527 -0.527559
vn -0.921260 0.031496 -0.393701
vn -0.661417 0.740157 0.118110
vn -0.897638 0.031496 0.433071
vn -0.425197 0.574803 0.700787
vn 0.543307 -0.039370 0.842520
vn -0.031496 0.826772 0.559055
vn -0.401575 0.582677 0.708661
vn 0.472441 0.740157 0.488189
vn 0.992126 0.031496 -0.094488
vn 0.566929 0.818897 -0.055118
vn 0.574803 0.102362 -0.811023
vn 0.417323 0.740157 -0.519685
vn -0.275591 0.062992 -0.960630
vn -0.330709 0.779527 -0.527559
vn -0.921260 0.031496 -0.393701
vn -0.661417 0.740157 0.118110
vn -0.897638 0.031496 0.433071
vn -0.425197 0.574803 0.700787
vn 0.496063 -0.551181 -0.669291
vn 0.204724 0.015748 -0.976378
vn -0.157480 -0.322835 -0.929134
vn -0.173228 0.015748 -0.984252
vn -0.141732 0.314960 -0.937008
vn 0.464567 0.606299 -0.645669
vn 0.212598 -0.212599 -0.952756
vn -0.519685 -0.094488 -0.850394
vn -0.425197 -0.858268 -0.283464
vn -0.062992 0.377953 -0.921260
vn 0.259843 0.291338 -0.921260
vn 0.582677 -0.023622 -0.811023
vn -1.000000 0.078740 -0.000000
vn -0.661417 -0.078740 -0.740157
vn -0.992126 -0.070866 -0.086614
vn -0.614173 0.062992 -0.787401
vn -0.881890 0.078740 0.464567
vn -0.842520 -0.118110 0.519685
vn -0.377953 -0.125984 0.921260
vn -0.251969 0.125984 0.960630
vn -0.015748 1.000000 -0.007874
vn -0.582677 0.055118 0.811023
vn -0.669291 -0.070866 0.740157
vn -0.653543 0.094488 0.748031
vn -1.000000 0.078740 -0.000000
vn -0.661417 -0.078740 -0.740157
vn -0.992126 -0.070866 -0.086614
vn -0.614173 0.062992 -0.787401
vn -0.881890 0.078740 0.464567
vn -0.842520 -0.118110 0.519685
vn -0.377953 -0.125984 0.921260
vn -0.251969 0.125984 0.960630
vn -0.015748 1.000000 -0.007874
vn -0.582677 0.055118 0.811023
vn -0.669291 -0.070866 0.740157
vn -0.653543 0.094488 0.748031
vn 0.574803 0.000000 0.818897
vn 0.929134 -0.000000 -0.370079
vn 0.700787 -0.039370 0.716535
vn 0.913386 -0.039370 -0.409449
vn 0.259843 -0.039370 -0.960630
vn -0.645669 -0.000000 -0.763779
vn -0.582677 -0.039370 -0.811023
vn -0.984252 -0.039370 0.188976
vn -0.527559 0.000000 0.850394
vn -0.267717 -0.039370 0.960630
vn 0.661417 -0.039370 0.748031
vn 0.574803 0.000000 0.818897
vn 0.307087 0.118110 0.944882
vn -0.070866 0.913386 0.393701
vn 0.244094 0.960630 0.125984
vn -0.125984 0.992126 0.070866
vn 0.062992 1.000000 -0.047244
vn 0.803150 0.118110 -0.582677
vn 0.015748 0.992126 -0.118110
vn -0.370079 0.905512 -0.204724
vn -0.039370 0.267716 -0.960630
vn 0.307087 0.118110 0.944882
vn -0.070866 0.913386 0.393701
vn 0.244094 0.960630 0.125984
vn -0.125984 0.992126 0.070866
vn 0.062992 1.000000 -0.047244
vn 0.803150 0.118110 -0.582677
vn 0.015748 0.992126 -0.118110
vn -0.370079 0.905512 -0.204724
vn -0.039370 0.267716 -0.960630
vn 0.047244 -0.976378 0.212599
vn 0.582677 -0.795275 0.165354
vn 0.125984 -0.992126 -0.047244
vn -0.094488 -0.992126 0.078740
vn 0.015748 -1.000000 -0.070866
vn 0.480315 -0.165354 -0.866142
vn -0.346457 -0.937008 -0.062992
vn -0.338583 -0.826772 -0.456693
vn 0.559055 -0.078740 0.826772
vn 0.551181 0.078740 0.826772
vn 1.000000 0.078740 0.015748
vn 0.913386 -0.078740 0.393701
vn 0.921260 -0.078740 -0.385827
vn 0.543307 0.078740 -0.834646
vn 0.346457 -0.078740 -0.937008
vn -0.535433 0.070866 -0.842520
vn -0.622047 -0.078740 -0.779527
vn -0.992126 0.078740 0.102362
vn -0.976378 -0.078740 0.212598
vn -0.574803 0.086614 0.811023
vn -0.362205 -0.078740 0.929134
vn 0.015748 0.086614 1.000000
vn 0.551181 0.078740 0.826772
vn 0.559055 -0.078740 0.826772
vn 0.047244 -0.976378 0.212599
vn 0.582677 -0.795275 0.165354
vn 0.125984 -0.992126 -0.047244
vn -0.094488 -0.992126 0.078740
vn 0.015748 -1.000000 -0.070866
vn 0.480315 -0.165354 -0.866142
vn -0.346457 -0.937008 -0.062992
vn -0.338583 -0.826772 -0.456693
vn 0.559055 -0.078740 0.826772
vn 0.551181 0.078740 0.826772
vn 1.000000 0.078740 0.015748
vn 0.913386 -0.078740 0.393701
vn 0.921260 -0.078740 -0.385827
vn 0.543307 0.078740 -0.834646
vn 0.346457 -0.078740 -0.937008
vn -0.535433 0.070866 -0.842520
vn -0.622047 -0.078740 -0.779527
vn -0.992126 0.078740 0.102362
vn -0.976378 -0.078740 0.212598
vn -0.574803 0.086614 0.811023
vn -0.362205 -0.078740 0.929134
vn 0.015748 0.086614 1.000000
vn 0.551181 0.078740 0.826772
vn 0.559055 -0.078740 0.826772
vn 0.047244 -0.976378 0.212599
vn 0.582677 -0.795275 0.165354
vn 0.125984 -0.992126 -0.047244
vn -0.094488 -0.992126 0.078740
vn 0.015748 -1.000000 -0.070866
vn 0.480315 -0.165354 -0.866142
vn -0.346457 -0.937008 -0.062992
vn -0.338583 -0.826772 -0.456693
vn 0.559055 -0.078740 0.826772
vn 0.551181 0.078740 0.826772
vn 1.000000 0.078740 0.015748
vn 0.913386 -0.078740 0.393701
vn 0.921260 -0.078740 -0.385827
vn 0.543307 0.078740 -0.834646
vn 0.346457 -0.078740 -0.937008
vn -0.535433 0.070866 -0.842520
vn -0.622047 -0.078740 -0.779527
vn -0.992126 0.078740 0.102362
vn -0.976378 -0.078740 0.212598
vn -0.574803 0.086614 0.811023
vn -0.362205 -0.078740 0.929134
vn 0.015748 0.086614 1.000000
vn 0.551181 0.078740 0.826772
vn 0.559055 -0.078740 0.826772
vn 0.118110 0.228346 -0.968504
vn 0.141732 -0.220473 -0.968504
vn 0.929134 -0.251969 -0.283464
vn -0.259843 0.070866 -0.960630
vn -0.047244 0.267716 -0.960630
vn -0.236220 -0.708661 -0.669291
vn 0.086614 -0.968504 -0.220472
vn -0.377953 -0.795276 -0.472441
vn -0.125984 -0.992126 -0.015748
vn 0.070866 -1.000000 -0.015748
vn -0.102362 -0.984252 0.125984
vn 0.976378 -0.181102 -0.094488
vn 0.110236 -0.992126 0.078740
vn 0.070866 -0.858268 0.511811
vn 0.551181 -0.165354 0.818897
vn 0.086614 -0.968504 -0.220472
vn -0.377953 -0.795276 -0.472441
vn -0.125984 -0.992126 -0.015748
vn 0.070866 -1.000000 -0.015748
vn -0.102362 -0.984252 0.125984
vn 0.976378 -0.181102 -0.094488
vn 0.110236 -0.992126 0.078740
vn 0.070866 -0.858268 0.511811
vn 0.551181 -0.165354 0.818897
vn 0.086614 -0.968504 -0.220472
vn -0.377953 -0.795276 -0.472441
vn -0.125984 -0.992126 -0.015748
vn 0.070866 -1.000000 -0.015748
vn -0.102362 -0.984252 0.125984
vn 0.976378 -0.181102 -0.094488
vn 0.110236 -0.992126 0.078740
vn 0.070866 -0.858268 0.511811
vn 0.551181 -0.165354 0.818897
vn 0.889764 -0.062992 -0.448819
vn 0.055118 -0.047244 -1.000000
vn 0.062992 -0.086614 -0.992126
vn 0.874016 -0.244095 -0.425197
vn 0.047244 -0.188976 -0.984252
vn 0.842520 -0.015748 0.543307
vn 0.031496 -0.165354 -0.984252
vn 0.850394 -0.039370 0.527559
vn -0.031496 0.086614 0.992126
vn -0.543307 0.062992 0.834646
vn 0.834646 -0.070866 0.551181
vn 0.874016 -0.204724 -0.440945
vn 0.031496 -0.086614 -0.992126
vn 0.039370 -0.015748 -1.000000
vn 0.818898 -0.070866 0.566929
vn -0.023622 0.188976 0.984252
vn -0.881890 0.228346 0.409449
vn -0.834646 0.015748 -0.551181
vn -0.047244 0.188976 0.984252
vn 0.818898 -0.039370 0.566929
vn 0.889764 0.007874 -0.456693
vn 0.039370 -0.015748 -1.000000
vn -0.062992 0.094488 0.992126
vn 0.889764 0.023622 -0.464567
vn 0.023622 -0.086614 -0.992126
vn 0.834646 0.023622 0.559055
vn 0.062992 -0.204724 -0.976378
vn -0.070866 0.015748 1.000000
vn 0.826772 0.228346 -0.511811
vn 0.181102 -0.220473 -0.960630
vn 0.834646 0.047244 0.551181
vn 0.818898 0.291339 -0.496063
vn 0.118110 -0.062992 -0.992126
vn 0.748031 0.440945 0.503937
vn -0.070866 0.015748 1.000000
vn 0.905512 0.070866 -0.409449
vn 0.275591 -0.039370 -0.960630
vn 0.834646 0.007874 0.559055
vn 0.700787 0.511811 0.503937
vn 0.393701 0.110236 0.913386
vn -0.062992 0.007874 1.000000
vn -0.133858 0.267717 0.952756
vn -0.133858 0.173228 0.976378
vn -0.826772 -0.228346 0.511811
vn -0.874016 -0.062992 0.488189
vn -1.000000 -0.007874 -0.062992
vn -0.834646 -0.291339 0.464567
vn -0.716535 -0.503937 -0.480315
vn -0.818898 -0.133858 -0.551181
vn 0.188976 -0.000000 -0.984252
vn 0.118110 -0.062992 -0.992126
vn 0.118110 -0.259843 -0.960630
vn -0.724409 -0.488189 -0.488189
vn 0.062992 -0.204724 -0.976378
vn 0.023622 -0.086614 -0.992126
vn -0.842520 -0.047244 -0.543307
vn 0.039370 -0.015748 -1.000000
vn 0.039370 -0.015748 -1.000000
vn -0.881890 -0.023622 0.464567
vn -0.842520 -0.023622 -0.535433
vn 0.031496 -0.086614 -0.992126
vn -0.889764 -0.007874 0.448819
vn -0.842520 0.047244 -0.527559
vn 0.031496 -0.165354 -0.984252
vn -0.866142 0.204724 0.456693
vn -0.834646 0.070866 -0.543307
vn -0.015748 -0.188976 -0.984252
vn -0.826772 0.070866 -0.566929
vn 0.062992 -0.086614 -0.992126
vn -0.826772 0.031496 -0.566929
vn 0.055118 -0.047244 -1.000000
vn -0.834646 -0.000000 -0.543307
vn -0.889764 0.047244 0.448819
vn -0.889764 0.086614 0.440945
vn -0.826772 -0.000000 -0.566929
vn 0.055118 -0.039370 -1.000000
vn -0.881890 0.236220 0.417323
vn 0.062992 -0.086614 -0.992126
vn 0.889764 -0.047244 -0.456693
vn -0.818898 -0.000000 -0.566929
vn -0.842520 0.031496 -0.535433
vn -0.866142 0.236221 0.440945
vn -0.889764 0.015748 0.456693
vn 0.047244 -0.220473 -0.976378
vn -0.842520 0.007874 -0.535433
vn -0.897638 -0.007874 0.440945
vn 0.023622 -0.228347 -0.976378
vn -0.842520 -0.039370 -0.543307
vn -0.897638 -0.149606 0.417323
vn -0.811024 -0.346457 0.480315
vn 0.047244 -0.007874 -1.000000
vn 0.874016 -0.236220 -0.433071
vn 0.881890 -0.094488 -0.456693
vn 0.850394 -0.007874 0.527559
vn 0.456693 0.023622 0.889764
vn 0.881890 -0.228346 -0.409449
vn 0.850394 -0.007874 0.535433
vn -0.039370 0.086614 0.992126
vn -0.889764 0.047244 0.448819
vn -0.889764 0.086614 0.440945
vn -0.015748 0.244095 0.968504
vn -0.874016 0.236220 0.425197
vn -0.866142 0.244095 0.433071
vn 0.818898 0.000000 0.566929
vn -0.047244 0.204724 0.976378
vn -0.062992 0.007874 1.000000
vn -0.889764 0.015748 0.456693
vn 0.826772 -0.007874 0.559055
vn -0.070866 0.000000 1.000000
vn -0.897638 -0.007874 0.440945
vn 0.834646 0.007874 0.551181
vn 0.897638 -0.015748 -0.448819
vn 0.889764 0.007874 -0.464567
vn 0.039370 -0.000000 -1.000000
vn 0.771654 0.346457 0.535433
vn 0.858268 0.133858 -0.503937
vn 0.023622 -0.070866 -1.000000
vn -0.700787 -0.527559 -0.488189
vn 0.094488 -0.220473 -0.968504
vn -0.700787 -0.519685 -0.488189
vn -0.811024 -0.283464 0.519685
vn -0.874016 -0.070866 0.480315
vn 0.787402 0.314961 -0.527559
vn 0.181102 -0.196850 -0.960630
vn -0.818898 -0.133858 -0.559055
vn -0.897638 -0.015748 0.440945
vn -0.433071 -0.031496 -0.897638
vn 0.118110 -0.055118 -0.992126
vn 0.897638 0.015748 -0.433071
vn 0.834646 0.307087 -0.456693
vn 0.905512 0.086614 -0.409449
vn 0.826772 0.031496 0.559055
vn 0.669291 0.574803 0.480315
vn 0.826772 0.141732 0.551181
vn -0.031496 0.062992 1.000000
vn -0.062992 0.015748 1.000000
vn -0.102362 0.236221 0.968504
vn -0.897638 -0.015748 0.440945
vn -0.874016 -0.070866 0.480315
vn -0.811024 -0.283464 0.511811
vn -0.141732 0.173228 0.976378
vn -0.826772 -0.338583 0.448819
vn -0.897638 -0.149606 0.417323
vn -0.110236 0.055118 0.992126
vn -0.496063 0.031496 -0.866142
vn -1.000000 -0.015748 0.000000
vn -1.000000 -0.031496 0.015748
vn -0.519685 0.110236 -0.850394
vn -1.000000 -0.055118 -0.015748
vn 0.503937 0.047244 -0.866142
vn -1.000000 -0.070866 -0.007874
vn 0.503937 0.173228 -0.842520
vn -0.496063 0.133858 -0.858268
vn -1.000000 -0.039370 -0.023622
vn 0.937008 0.000000 0.346457
vn -0.496063 0.039370 -0.866142
vn -1.000000 -0.039370 -0.031496
vn 0.488189 0.149606 -0.858268
vn 1.000000 0.055118 -0.015748
vn -0.496063 -0.039370 -0.866142
vn -0.992126 -0.110236 -0.007874
vn 0.496063 0.039370 -0.866142
vn 1.000000 0.062992 -0.007874
vn -0.496063 -0.062992 -0.866142
vn -0.992126 -0.133858 -0.023622
vn 0.511811 0.031496 -0.858268
vn -0.496063 -0.055118 -0.866142
vn -0.992126 -0.133858 0.000000
vn 0.496063 0.062992 -0.866142
vn 1.000000 0.047244 -0.000000
vn 0.992126 0.110236 0.007874
vn 0.496063 0.094488 -0.866142
vn -0.511811 -0.000000 -0.858268
vn -0.984252 -0.157480 0.007874
vn -0.968504 -0.244094 -0.007874
vn 0.992126 0.133858 -0.000000
vn -0.527559 0.039370 -0.850394
vn -0.952756 -0.307087 -0.031496
vn 0.480315 0.165354 -0.858268
vn 0.992126 0.133858 0.007874
vn -0.519685 0.055118 -0.850394
vn 0.984252 0.157480 0.023622
vn -0.511811 0.086614 -0.858268
vn -0.960630 -0.275591 -0.047244
vn -0.984252 -0.157480 -0.023622
vn 0.440945 0.338583 -0.834646
vn -0.488189 0.086614 -0.866142
vn -0.960630 -0.039370 -0.267716
vn 0.480315 0.133858 -0.866142
vn 0.440945 0.362205 -0.818898
vn 0.480315 0.244094 -0.842520
vn 0.968504 0.236220 -0.023622
vn 0.811024 -0.039370 0.582677
vn 0.952756 0.307087 0.047244
vn 0.551181 -0.070866 0.834646
vn 0.968504 0.236220 0.031496
vn 0.519685 -0.078740 0.850394
vn -0.448819 -0.236220 0.858268
vn -0.480315 -0.133858 0.866142
vn -0.984252 -0.031496 -0.165354
vn -0.984252 -0.157480 -0.023622
vn -0.960630 -0.283465 -0.031496
vn -0.433071 -0.370079 0.826772
vn -0.952756 -0.307087 -0.039370
vn -0.448819 -0.338583 0.826772
vn -0.968504 -0.244094 -0.007874
vn -0.984252 -0.157480 0.007874
vn 0.503937 -0.062992 0.858268
vn -0.488189 -0.165354 0.858268
vn -0.992126 -0.133858 0.000000
vn 0.496063 -0.047244 0.866142
vn 0.488189 -0.015748 0.874016
vn -0.488189 -0.094488 0.866142
vn -0.992126 -0.133858 0.015748
vn 0.488189 0.031496 0.874016
vn -0.503937 -0.062992 0.866142
vn -0.992126 -0.110236 -0.007874
vn 0.488189 0.062992 0.874016
vn -0.511811 -0.031496 0.858268
vn -1.000000 -0.039370 -0.023622
vn 0.480315 0.055118 0.874016
vn -0.511811 -0.039370 0.858268
vn -1.000000 -0.039370 -0.023622
vn 0.503937 -0.039370 0.866142
vn -0.496063 -0.149606 0.858268
vn -1.000000 -0.070866 -0.007874
vn 0.511811 -0.125984 0.850394
vn 0.496063 -0.133858 0.858268
vn -0.496063 -0.181102 0.850394
vn -1.000000 -0.062992 0.000000
vn -1.000000 -0.031496 0.015748
vn -1.000000 -0.015748 0.000000
vn -0.503937 -0.047244 0.866142
vn 0.488189 -0.062992 0.874016
vn 1.000000 0.031496 -0.031496
vn 0.472441 0.031496 -0.881890
vn 0.472441 0.094488 -0.874016
vn 1.000000 0.078740 -0.023622
vn 0.456693 0.165354 -0.874016
vn 0.527559 -0.007874 0.850394
vn 0.984252 0.165354 -0.015748
vn 0.425197 0.220472 -0.874016
vn 0.535433 -0.015748 0.842520
vn -0.472441 -0.031496 0.881890
vn 0.968504 0.251968 -0.007874
vn 0.433071 0.267716 -0.858268
vn 0.417323 0.314961 -0.850394
vn -0.472441 -0.062992 0.881890
vn -1.000000 -0.031496 0.031496
vn 0.543307 -0.015748 0.842520
vn -0.464567 -0.149606 0.874016
vn -1.000000 -0.078740 0.039370
vn -0.527559 0.007874 -0.850394
vn -0.448819 -0.228346 0.858268
vn -0.551181 0.015748 -0.834646
vn 0.472441 0.031496 -0.881890
vn 0.448819 0.102362 -0.889764
vn -0.984252 -0.165354 0.023622
vn -0.543307 0.015748 -0.842520
vn 0.456693 0.165354 -0.874016
vn 0.440945 0.212598 -0.874016
vn -0.968504 -0.251968 0.015748
vn -0.535433 -0.000000 -0.842520
vn 0.433071 0.267716 -0.858268
vn -0.448819 -0.291338 0.842520
vn -0.535433 -0.015748 -0.842520
vn 0.417323 0.314961 -0.850394
vn -0.944882 -0.330709 0.007874
vn -0.551181 0.015748 -0.834646
vn 0.377953 0.417323 -0.826772
vn 0.370079 0.440945 -0.818898
vn -0.913386 -0.401575 -0.007874
vn -0.551181 0.055118 -0.834646
vn 0.417323 0.330709 -0.842520
vn -0.937008 -0.338583 -0.015748
vn -0.377953 -0.417323 0.826772
vn -0.370079 -0.433071 0.818898
vn -0.519685 0.015748 -0.858268
vn 0.448819 0.196850 -0.874016
vn 0.456693 0.125984 -0.881890
vn -0.881890 -0.086614 -0.464567
vn -0.984252 -0.181102 0.007874
vn -0.456693 -0.125984 0.881890
vn -0.425197 -0.251968 0.874016
vn 0.535433 0.007874 0.842520
vn 0.582677 -0.039370 0.811023
vn 0.559055 -0.007874 0.826772
vn 0.992126 0.133858 -0.039370
vn 0.984252 0.188976 -0.055118
vn 0.456693 0.125984 -0.881890
vn 0.448819 0.196850 -0.874016
vn 0.937008 0.346457 -0.007874
vn 0.417323 0.330709 -0.842520
vn 0.370079 0.440945 -0.818898
vn 0.527559 -0.023622 0.850394
vn 0.921260 0.385827 0.039370
vn 0.393701 0.417323 -0.818898
vn 0.511811 0.007874 0.858268
vn 0.944882 0.330709 0.015748
vn 0.527559 0.000000 0.850394
vn 0.259843 -0.889764 -0.385827
vn 0.393701 -0.897638 0.196850
vn -0.566929 -0.795275 0.228347
vn -0.236220 -0.968504 0.031496
vn -0.133858 -0.889764 0.440945
vn 0.110236 -0.897638 -0.417323
vn 0.354331 -0.913386 0.196850
vn -0.456693 -0.889764 -0.007874
vn -0.118110 0.952756 0.275590
vn 0.181102 0.984252 0.023622
vn 0.259843 0.826772 0.496063
vn -0.086614 1.000000 0.007874
vn -0.952756 0.314961 -0.039370
vn -0.125984 0.811023 -0.574803
vn 0.062992 0.992126 -0.086614
vn 0.582677 0.118110 -0.803149
vn 0.259843 -0.913386 0.322835
vn -0.188976 -0.937008 -0.299212
vn 0.291339 -0.921260 -0.244094
vn 0.496063 -0.858268 -0.141732
vn -0.393701 -0.881890 0.267717
vn 0.094488 -0.905512 -0.401575
vn -0.062992 -0.889764 0.448819
vn -0.472441 -0.834646 -0.275590
vn 0.401575 -0.881890 0.236221
vn -0.401575 -0.881890 0.251969
vn 0.133858 -0.763779 -0.629921
vn 0.055118 -0.748031 -0.661417
vn -0.448819 -0.653543 -0.606299
vn 0.393701 -0.897638 -0.181102
vn 0.881890 -0.078740 -0.472441
vn 0.645669 -0.740157 0.173228
vn 0.622047 -0.748031 0.220472
vn 0.212598 -0.779527 0.590551
vn 0.047244 -0.803149 0.598425
vn -0.307087 -0.771653 0.559055
vn -0.551181 -0.763779 0.330709
vn -0.464567 -0.881890 -0.039370
vn -0.929134 -0.078740 -0.354331
vn -0.472441 0.677165 0.559055
vn -0.338583 0.787401 0.511811
vn -0.007874 0.732283 0.677165
vn -0.622047 0.779527 0.007874
vn -0.645669 0.763779 0.086614
vn -0.228346 0.921260 -0.307087
vn -0.519685 0.307086 -0.803150
vn 0.503937 0.362205 -0.787401
vn 0.196850 0.905512 -0.370079
vn 0.992126 0.118110 0.062992
vn 0.385827 0.921260 -0.086614
vn 0.283465 0.913386 0.299212
vn 0.551181 0.078740 0.826772
vn 0.133858 -0.763779 -0.629921
vn 0.055118 -0.748031 -0.661417
vn -0.448819 -0.653543 -0.606299
vn 0.393701 -0.897638 -0.181102
vn 0.881890 -0.078740 -0.472441
vn 0.645669 -0.740157 0.173228
vn 0.622047 -0.748031 0.220472
vn 0.212598 -0.779527 0.590551
vn 0.047244 -0.803149 0.598425
vn -0.307087 -0.771653 0.559055
vn -0.551181 -0.763779 0.330709
vn -0.464567 -0.881890 -0.039370
vn -0.929134 -0.078740 -0.354331
vn -0.472441 0.677165 0.559055
vn -0.338583 0.787401 0.511811
vn -0.007874 0.732283 0.677165
vn -0.622047 0.779527 0.007874
vn -0.645669 0.763779 0.086614
vn -0.228346 0.921260 -0.307087
vn -0.519685 0.307086 -0.803150
vn 0.503937 0.362205 -0.787401
vn 0.196850 0.905512 -0.370079
vn 0.992126 0.118110 0.062992
vn 0.385827 0.921260 -0.086614
vn 0.283465 0.913386 0.299212
vn 0.551181 0.078740 0.826772
vn 0.133858 -0.763779 -0.629921
vn 0.055118 -0.748031 -0.661417
vn -0.448819 -0.653543 -0.606299
vn 0.393701 -0.897638 -0.181102
vn 0.881890 -0.078740 -0.472441
vn 0.645669 -0.740157 0.173228
vn 0.622047 -0.748031 0.220472
vn 0.212598 -0.779527 0.590551
vn 0.047244 -0.803149 0.598425
vn -0.307087 -0.771653 0.559055
vn -0.551181 -0.763779 0.330709
vn -0.464567 -0.881890 -0.039370
vn -0.929134 -0.078740 -0.354331
vn -0.472441 0.677165 0.559055
vn -0.338583 0.787401 0.511811
vn -0.007874 0.732283 0.677165
vn -0.622047 0.779527 0.007874
vn -0.645669 0.763779 0.086614
vn -0.228346 0.921260 -0.307087
vn -0.519685 0.307086 -0.803150
vn 0.503937 0.362205 -0.787401
vn 0.196850 0.905512 -0.370079
vn 0.992126 0.118110 0.062992
vn 0.385827 0.921260 -0.086614
vn 0.283465 0.913386 0.299212
vn 0.551181 0.078740 0.826772
vn -0.338583 0.937008 -0.031496
vn -0.976378 0.078740 0.204724
vn -0.929134 0.078740 -0.354331
vn -0.590551 0.078740 -0.803149
vn -0.346457 0.771653 0.535433
vn -0.283465 0.897638 -0.330709
vn -0.448819 0.779527 0.440945
vn 0.244094 0.771653 -0.590551
vn 0.031496 0.771653 0.637795
vn 0.149606 0.771653 -0.622047
vn 0.338583 0.818898 0.464567
vn 0.598425 0.795275 -0.086614
vn 0.590551 0.755905 0.275590
vn 0.551181 0.779527 -0.299213
vn -0.338583 0.937008 -0.031496
vn -0.976378 0.078740 0.204724
vn -0.929134 0.078740 -0.354331
vn -0.590551 0.078740 -0.803149
vn -0.346457 0.771653 0.535433
vn -0.283465 0.897638 -0.330709
vn -0.448819 0.779527 0.440945
vn 0.244094 0.771653 -0.590551
vn 0.031496 0.771653 0.637795
vn 0.149606 0.771653 -0.622047
vn 0.338583 0.818898 0.464567
vn 0.598425 0.795275 -0.086614
vn 0.590551 0.755905 0.275590
vn 0.551181 0.779527 -0.299213
vn -0.338583 0.937008 -0.031496
vn -0.976378 0.078740 0.204724
vn -0.929134 0.078740 -0.354331
vn -0.590551 0.078740 -0.803149
vn -0.346457 0.771653 0.535433
vn -0.283465 0.897638 -0.330709
vn -0.448819 0.779527 0.440945
vn 0.244094 0.771653 -0.590551
vn 0.031496 0.771653 0.637795
vn 0.149606 0.771653 -0.622047
vn 0.338583 0.818898 0.464567
vn 0.598425 0.795275 -0.086614
vn 0.590551 0.755905 0.275590
vn 0.551181 0.779527 -0.299213
vn -0.212598 -0.976378 -0.015748
vn -0.992126 -0.062992 -0.125984
vn -0.897638 -0.062992 0.433071
vn -0.228346 -0.858268 0.464567
vn -0.291339 -0.929134 -0.212598
vn -0.370079 -0.866142 0.338583
vn 0.031496 -0.921260 0.385827
vn -0.480315 -0.850394 -0.196850
vn 0.007874 -0.874016 0.488189
vn -0.023622 -0.858268 -0.511811
vn 0.251969 -0.913386 0.322835
vn -0.196850 -0.874016 -0.448819
vn 0.275591 -0.874016 0.409449
vn 0.055118 -0.913386 -0.409449
vn 0.362205 -0.874016 -0.330709
vn 0.244094 -0.968504 -0.023622
vn 0.913386 -0.062992 0.393701
vn 0.503937 -0.866142 0.055118
vn 0.803150 -0.023622 -0.590551
vn 0.165354 -0.976378 -0.157480
vn -0.212598 -0.976378 -0.015748
vn -0.992126 -0.062992 -0.125984
vn -0.897638 -0.062992 0.433071
vn -0.228346 -0.858268 0.464567
vn -0.291339 -0.929134 -0.212598
vn -0.370079 -0.866142 0.338583
vn 0.031496 -0.921260 0.385827
vn -0.480315 -0.850394 -0.196850
vn 0.007874 -0.874016 0.488189
vn -0.023622 -0.858268 -0.511811
vn 0.251969 -0.913386 0.322835
vn -0.196850 -0.874016 -0.448819
vn 0.275591 -0.874016 0.409449
vn 0.055118 -0.913386 -0.409449
vn 0.362205 -0.874016 -0.330709
vn 0.244094 -0.968504 -0.023622
vn 0.913386 -0.062992 0.393701
vn 0.503937 -0.866142 0.055118
vn 0.803150 -0.023622 -0.590551
vn 0.165354 -0.976378 -0.157480
vn -0.212598 -0.976378 -0.015748
vn -0.992126 -0.062992 -0.125984
vn -0.897638 -0.062992 0.433071
vn -0.228346 -0.858268 0.464567
vn -0.291339 -0.929134 -0.212598
vn -0.370079 -0.866142 0.338583
vn 0.031496 -0.921260 0.385827
vn -0.480315 -0.850394 -0.196850
vn 0.007874 -0.874016 0.488189
vn -0.023622 -0.858268 -0.511811
vn 0.251969 -0.913386 0.322835
vn -0.196850 -0.874016 -0.448819
vn 0.275591 -0.874016 0.409449
vn 0.055118 -0.913386 -0.409449
vn 0.362205 -0.874016 -0.330709
vn 0.244094 -0.968504 -0.023622
vn 0.913386 -0.062992 0.393701
vn 0.503937 -0.866142 0.055118
vn 0.803150 -0.023622 -0.590551
vn 0.165354 -0.976378 -0.157480
vn -0.472441 0.811024 0.338583
vn -0.692913 0.527559 0.488189
vn -0.818898 0.559055 -0.149606
vn 0.078740 0.582677 0.811023
vn -0.598425 0.661417 -0.448819
vn 0.047244 0.834646 0.551181
vn 0.724409 0.559055 0.409449
vn 0.259843 0.960630 -0.039370
vn 0.165354 0.944882 -0.267717
vn 0.330709 0.881890 0.330709
vn -0.157480 0.960630 -0.244095
vn -0.007874 0.992126 -0.133858
vn -0.338583 0.937008 -0.110236
vn -0.133858 0.566929 -0.811024
vn 0.795276 0.598425 -0.086614
vn 0.094488 0.992126 -0.102362
vn 0.551181 0.551181 -0.622047
vn 0.574803 -0.771653 -0.267716
vn 0.574803 -0.771653 -0.283464
vn 0.385827 -0.897638 0.212599
vn 0.047244 -0.905512 -0.417323
vn 0.913386 -0.078740 0.393701
vn 0.338583 -0.062992 -0.937008
vn 0.149606 -0.929134 0.338583
vn -0.385827 -0.795276 -0.472441
vn 0.559055 -0.078740 0.826772
vn -0.480315 -0.779527 -0.401575
vn -0.314961 -0.118110 0.944882
vn -0.637795 -0.740157 0.204724
vn -0.244094 -0.921260 0.299213
vn -0.629921 -0.771653 0.110236
vn 0.574803 -0.771653 -0.267716
vn 0.574803 -0.771653 -0.283464
vn 0.385827 -0.897638 0.212599
vn 0.047244 -0.905512 -0.417323
vn 0.913386 -0.078740 0.393701
vn 0.338583 -0.062992 -0.937008
vn 0.149606 -0.929134 0.338583
vn -0.385827 -0.795276 -0.472441
vn 0.559055 -0.078740 0.826772
vn -0.480315 -0.779527 -0.401575
vn -0.314961 -0.118110 0.944882
vn -0.637795 -0.740157 0.204724
vn -0.244094 -0.921260 0.299213
vn -0.629921 -0.771653 0.110236
vn 0.574803 -0.771653 -0.267716
vn 0.574803 -0.771653 -0.283464
vn 0.385827 -0.897638 0.212599
vn 0.047244 -0.905512 -0.417323
vn 0.913386 -0.078740 0.393701
vn 0.338583 -0.062992 -0.937008
vn 0.149606 -0.929134 0.338583
vn -0.385827 -0.795276 -0.472441
vn 0.559055 -0.078740 0.826772
vn -0.480315 -0.779527 -0.401575
vn -0.314961 -0.118110 0.944882
vn -0.637795 -0.740157 0.204724
vn -0.244094 -0.921260 0.299213
vn -0.629921 -0.771653 0.110236
vn 0.433071 -0.748031 0.511811
vn 0.535433 -0.834646 -0.141732
vn -0.401575 -0.889764 -0.204724
vn -0.125984 -0.889764 0.440945
vn -0.244094 -0.897638 0.370079
vn 0.102362 -0.921260 -0.377953
vn 0.141732 -0.826772 -0.543307
vn -0.425197 -0.897638 0.078740
vn 0.149606 -0.842520 0.519685
vn 0.377953 -0.921260 -0.078740
vn -0.267717 -0.858268 -0.433071
vn -0.181102 -0.866142 -0.472441
vn -0.062992 -0.913386 -0.409449
vn -0.338583 -0.866142 -0.362205
vn -0.370079 -0.921260 -0.118110
vn 0.236220 -0.874016 -0.433071
vn -0.456693 -0.874016 -0.173228
vn 0.110236 -0.976378 -0.196850
vn 0.496063 -0.858268 -0.118110
vn 0.488189 -0.062992 -0.874016
vn -0.220472 -0.976378 0.047244
vn -0.976378 -0.062992 0.204724
vn -0.433071 -0.858268 0.275591
vn -0.425197 -0.314961 0.842520
vn -0.141732 -0.976378 0.165354
vn 0.039370 -0.866142 0.503937
vn 0.228346 -0.866142 0.448819
vn 0.322835 -0.921260 0.212599
vn 0.393701 -0.874016 0.299213
vn 0.228346 -0.968504 -0.102362
vn 0.929134 -0.346457 -0.125984
vn 0.496063 0.866142 -0.094488
vn 0.370079 0.913386 -0.149606
vn 0.496063 0.858268 0.094488
vn 0.291339 0.921260 0.251968
vn 0.236220 0.874016 -0.433071
vn 0.393701 0.874016 0.299212
vn 0.110236 0.976378 -0.196850
vn -0.031496 0.874016 -0.488189
vn 0.393701 0.015748 -0.921260
vn 0.078740 0.976378 0.212598
vn 0.338583 0.062992 0.937008
vn 0.000000 0.858268 0.511811
vn -0.488189 0.362205 0.795275
vn -0.062992 0.976378 0.204724
vn -0.448819 0.866142 0.228346
vn -0.503937 0.866142 0.047244
vn -0.338583 0.929134 -0.149606
vn -0.409449 0.866142 -0.291339
vn -0.047244 0.976378 -0.204724
vn -0.590551 0.062992 -0.803149
vn -0.456693 0.866142 -0.204724
vn -0.401575 0.913386 -0.094488
vn -0.346457 0.866142 -0.362205
vn -0.094488 0.921260 -0.377953
vn -0.440945 0.874016 0.212598
vn -0.149606 0.874016 -0.472441
vn -0.204724 0.976378 0.094488
vn -0.259843 0.874016 0.417323
vn -0.850394 0.015748 0.519685
vn 0.062992 0.976378 -0.220473
vn 0.259843 0.062992 -0.960630
vn 0.299213 0.858268 -0.417323
vn 0.858268 0.362205 -0.362205
vn 0.173228 0.976378 -0.133858
vn 0.496063 0.866142 0.070866
vn 0.433071 0.866142 0.251968
vn 0.188976 0.929134 0.314960
vn 0.165354 0.866142 0.480315
vn -0.078740 0.976378 0.188976
vn 0.015748 0.062992 1.000000
vn -0.181102 -0.866142 -0.472441
vn -0.062992 -0.913386 -0.409449
vn -0.338583 -0.866142 -0.362205
vn -0.370079 -0.921260 -0.118110
vn 0.236220 -0.874016 -0.433071
vn -0.456693 -0.874016 -0.173228
vn 0.110236 -0.976378 -0.196850
vn 0.496063 -0.858268 -0.118110
vn 0.488189 -0.062992 -0.874016
vn -0.220472 -0.976378 0.047244
vn -0.976378 -0.062992 0.204724
vn -0.433071 -0.858268 0.275591
vn -0.425197 -0.314961 0.842520
vn -0.141732 -0.976378 0.165354
vn 0.039370 -0.866142 0.503937
vn 0.228346 -0.866142 0.448819
vn 0.322835 -0.921260 0.212599
vn 0.393701 -0.874016 0.299213
vn 0.228346 -0.968504 -0.102362
vn 0.929134 -0.346457 -0.125984
vn 0.496063 0.866142 -0.094488
vn 0.370079 0.913386 -0.149606
vn 0.496063 0.858268 0.094488
vn 0.291339 0.921260 0.251968
vn 0.236220 0.874016 -0.433071
vn 0.393701 0.874016 0.299212
vn 0.110236 0.976378 -0.196850
vn -0.031496 0.874016 -0.488189
vn 0.393701 0.015748 -0.921260
vn 0.078740 0.976378 0.212598
vn 0.338583 0.062992 0.937008
vn 0.000000 0.858268 0.511811
vn -0.488189 0.362205 0.795275
vn -0.062992 0.976378 0.204724
vn -0.448819 0.866142 0.228346
vn -0.503937 0.866142 0.047244
vn -0.338583 0.929134 -0.149606
vn -0.409449 0.866142 -0.291339
vn -0.047244 0.976378 -0.204724
vn -0.590551 0.062992 -0.803149
vn -0.456693 0.866142 -0.204724
vn -0.401575 0.913386 -0.094488
vn -0.346457 0.866142 -0.362205
vn -0.094488 0.921260 -0.377953
vn -0.440945 0.874016 0.212598
vn -0.149606 0.874016 -0.472441
vn -0.204724 0.976378 0.094488
vn -0.259843 0.874016 0.417323
vn -0.850394 0.015748 0.519685
vn 0.062992 0.976378 -0.220473
vn 0.259843 0.062992 -0.960630
vn 0.299213 0.858268 -0.417323
vn 0.858268 0.362205 -0.362205
vn 0.173228 0.976378 -0.133858
vn 0.496063 0.866142 0.070866
vn 0.433071 0.866142 0.251968
vn 0.188976 0.929134 0.314960
vn 0.165354 0.866142 0.480315
vn -0.078740 0.976378 0.188976
vn 0.015748 0.062992 1.000000
vn -0.181102 -0.866142 -0.472441
vn -0.062992 -0.913386 -0.409449
vn -0.338583 -0.866142 -0.362205
vn -0.370079 -0.921260 -0.118110
vn 0.236220 -0.874016 -0.433071
vn -0.456693 -0.874016 -0.173228
vn 0.110236 -0.976378 -0.196850
vn 0.496063 -0.858268 -0.118110
vn 0.488189 -0.062992 -0.874016
vn -0.220472 -0.976378 0.047244
vn -0.976378 -0.062992 0.204724
vn -0.433071 -0.858268 0.275591
vn -0.425197 -0.314961 0.842520
vn -0.141732 -0.976378 0.165354
vn 0.039370 -0.866142 0.503937
vn 0.228346 -0.866142 0.448819
vn 0.322835 -0.921260 0.212599
vn 0.393701 -0.874016 0.299213
vn 0.228346 -0.968504 -0.102362
vn 0.929134 -0.346457 -0.125984
vn 0.496063 0.866142 -0.094488
vn 0.370079 0.913386 -0.149606
vn 0.496063 0.858268 0.094488
vn 0.291339 0.921260 0.251968
vn 0.236220 0.874016 -0.433071
vn 0.393701 0.874016 0.299212
vn 0.110236 0.976378 -0.196850
vn -0.031496 0.874016 -0.488189
vn 0.393701 0.015748 -0.921260
vn 0.078740 0.976378 0.212598
vn 0.338583 0.062992 0.937008
vn 0.000000 0.858268 0.511811
vn -0.488189 0.362205 0.795275
vn -0.062992 0.976378 0.204724
vn -0.448819 0.866142 0.228346
vn -0.503937 0.866142 0.047244
vn -0.338583 0.929134 -0.149606
vn -0.409449 0.866142 -0.291339
vn -0.047244 0.976378 -0.204724
vn -0.590551 0.062992 -0.803149
vn -0.456693 0.866142 -0.204724
vn -0.401575 0.913386 -0.094488
vn -0.346457 0.866142 -0.362205
vn -0.094488 0.921260 -0.377953
vn -0.440945 0.874016 0.212598
vn -0.149606 0.874016 -0.472441
vn -0.204724 0.976378 0.094488
vn -0.259843 0.874016 0.417323
vn -0.850394 0.015748 0.519685
vn 0.062992 0.976378 -0.220473
vn 0.259843 0.062992 -0.960630
vn 0.299213 0.858268 -0.417323
vn 0.858268 0.362205 -0.362205
vn 0.173228 0.976378 -0.133858
vn 0.496063 0.866142 0.070866
vn 0.433071 0.866142 0.251968
vn 0.188976 0.929134 0.314960
vn 0.165354 0.866142 0.480315
vn -0.078740 0.976378 0.188976
vn 0.015748 0.062992 1.000000
vn 0.708661 0.000000 0.708661
vn 0.700787 0.000000 0.708661
vn 1.000000 0.000000 0.000000
vn 1.000000 0.000000 0.000000
vn 0.740157 -0.000000 -0.677165
vn 0.708661 -0.000000 -0.708661
vn 0.000000 -0.000000 -1.000000
vn 0.000000 -0.000000 -1.000000
vn -0.677165 -0.000000 -0.732283
vn -0.708661 -0.000000 -0.708661
vn -1.000000 0.000000 0.000000
vn -1.000000 0.000000 0.000000
vn -0.732283 0.000000 0.677165
vn -0.708661 0.000000 0.708661
vn 0.000000 0.000000 1.000000
vn 0.000000 0.000000 1.000000
vn 0.708661 0.000000 0.708661
vn 0.708661 0.000000 0.708661
vn -0.661417 0.645669 -0.385827
vn -0.661417 0.645669 -0.385827
vn -0.811024 -0.338583 -0.472441
vn -0.811024 -0.338583 -0.472441
vn -0.157480 -0.984252 -0.086614
vn -0.157480 -0.984252 -0.086614
vn 0.661417 -0.645669 0.385827
vn 0.661417 -0.645669 0.385827
vn 0.811024 0.338583 0.472441
vn 0.811024 0.338583 0.472441
vn 0.157480 0.984252 0.086614
vn 0.157480 0.984252 0.086614
vn -0.661417 0.645669 -0.385827
vn -0.661417 0.645669 -0.385827
vn 0.708661 0.000000 0.708661
vn 0.708661 0.000000 0.708661
vn 1.000000 0.000000 0.015748
vn 1.000000 0.000000 0.000000
vn 0.708661 -0.000000 -0.700787
vn 0.708661 -0.000000 -0.708661
vn 0.000000 -0.000000 -1.000000
vn 0.000000 -0.000000 -1.000000
vn -0.708661 -0.000000 -0.700787
vn -0.700787 -0.000000 -0.708661
vn -1.000000 0.000000 0.000000
vn -1.000000 0.000000 0.000000
vn -0.716535 0.000000 0.692913
vn -0.708661 0.000000 0.708661
vn 0.000000 0.000000 1.000000
vn 0.000000 0.000000 1.000000
vn 0.708661 0.000000 0.708661
vn 0.708661 0.000000 0.708661
vn 0.708661 0.000000 0.708661
vn -0.039370 0.677165 0.740157
vn 0.551181 0.826772 0.062992
vn -0.330709 0.897638 0.291338
vn 0.370079 0.881890 -0.299213
vn -0.377953 0.771653 -0.503937
vn -1.000000 0.000000 0.000000
vn 0.000000 -0.000000 -1.000000
vn 0.574803 -0.007874 0.818897
vn 0.574803 0.007874 0.818897
vn 0.992126 0.007874 0.141732
vn 0.984252 -0.007874 0.173228
vn 0.818898 0.007874 -0.574803
vn 0.818898 -0.007874 -0.574803
vn 0.173228 0.007874 -0.984252
vn 0.173228 -0.007874 -0.984252
vn -0.574803 0.007874 -0.818897
vn -0.574803 -0.007874 -0.818897
vn -0.984252 0.007874 -0.173228
vn -0.984252 -0.007874 -0.173228
vn -0.811024 0.007874 0.590551
vn -0.818898 -0.007874 0.574803
vn -0.173228 0.007874 0.984252
vn -0.173228 -0.007874 0.984252
vn 0.574803 0.007874 0.818897
vn 0.574803 -0.007874 0.818897
vn 0.543307 0.000000 0.842520
vn 0.543307 0.000000 0.842520
vn 0.976378 0.000000 0.204724
vn 0.976378 0.000000 0.204724
vn 0.842520 -0.000000 -0.543307
vn 0.842520 -0.000000 -0.543307
vn 0.204724 -0.000000 -0.976378
vn 0.204724 -0.000000 -0.976378
vn -0.543307 -0.000000 -0.842520
vn -0.543307 -0.000000 -0.842520
vn -0.976378 -0.000000 -0.204724
vn -0.976378 -0.000000 -0.204724
vn -0.834646 0.000000 0.551181
vn -0.842520 0.000000 0.543307
vn -0.204724 0.000000 0.976378
vn -0.204724 0.000000 0.976378
vn 0.543307 0.000000 0.842520
vn 0.543307 0.000000 0.842520
vn 0.000000 -0.007874 -1.000000
vn 0.000000 0.007874 -1.000000
vn -0.708661 0.007874 -0.708661
vn -0.708661 -0.007874 -0.708661
vn -1.000000 0.007874 -0.000000
vn -1.000000 -0.007874 0.000000
vn -0.708661 0.007874 0.708661
vn -0.708661 -0.007874 0.708661
vn 0.000000 0.007874 1.000000
vn 0.000000 -0.007874 1.000000
vn 0.708661 0.007874 0.708661
vn 0.685039 -0.007874 0.732283
vn 1.000000 0.007874 -0.000000
vn 1.000000 -0.007874 0.000000
vn 0.708661 0.007874 -0.708661
vn 0.708661 -0.007874 -0.708661
vn 0.000000 0.007874 -1.000000
vn 0.000000 -0.007874 -1.000000
vn 0.000000 -0.000000 -1.000000
vn 0.000000 -0.000000 -1.000000
vn -0.708661 -0.000000 -0.708661
vn -0.708661 -0.000000 -0.708661
vn -1.000000 0.000000 0.000000
vn -1.000000 0.000000 0.000000
vn -0.708661 0.000000 0.708661
vn -0.708661 0.000000 0.708661
vn 0.000000 0.000000 1.000000
vn 0.000000 0.000000 1.000000
vn 0.708661 0.000000 0.708661
vn 0.708661 0.000000 0.708661
vn 1.000000 0.000000 0.000000
vn 1.000000 0.000000 0.000000
vn 0.708661 -0.000000 -0.708661
vn 0.708661 -0.000000 -0.708661
vn 0.000000 -0.000000 -1.000000
vn 0.000000 -0.000000 -1.000000
vn 1.000000 0.000000 0.000000
vn 0.708661 0.000000 0.708661
vn 0.708661 0.000000 0.708661
vn 1.000000 0.000000 0.000000
vn 0.708661 -0.000000 -0.708661
vn 0.708661 -0.000000 -0.700787
vn 0.000000 -0.000000 -1.000000
vn 0.000000 -0.000000 -1.000000
vn -0.708661 -0.000000 -0.708661
vn -0.700787 -0.000000 -0.716535
vn -1.000000 0.000000 0.000000
vn -1.000000 0.000000 0.000000
vn -0.708661 0.000000 0.708661
vn -0.716535 0.000000 0.700787
vn 0.000000 0.000000 1.000000
vn 0.000000 0.000000 1.000000
vn 0.708661 0.000000 0.708661
vn 0.708661 0.000000 0.708661
vn 1.000000 0.000000 0.000000
vn 0.708661 0.000000 0.708661
vn 0.708661 0.000000 0.708661
vn 1.000000 0.000000 0.000000
vn 0.708661 -0.000000 -0.708661
vn 0.716535 -0.000000 -0.700787
vn 0.000000 -0.000000 -1.000000
vn -0.007874 -0.000000 -1.000000
vn -0.708661 -0.000000 -0.708661
vn -0.708661 -0.000000 -0.708661
vn -1.000000 0.000000 0.000000
vn -1.000000 -0.000000 -0.007874
vn -0.708661 0.000000 0.708661
vn -0.708661 0.000000 0.708661
vn 0.000000 0.000000 1.000000
vn -0.015748 0.000000 1.000000
vn 0.708661 0.000000 0.708661
vn 0.708661 0.000000 0.708661
vn 0.000000 1.000000 -0.000000
vn 0.748031 0.503937 -0.433071
vn 0.748031 0.496063 -0.433071
vn 0.000000 1.000000 -0.000000
vn -0.748031 0.496063 0.433071
vn -0.748031 0.503937 0.433071
vn -0.748031 -0.496063 0.433071
vn -0.748031 -0.503937 0.433071
vn 0.000000 -1.000000 0.000000
vn 0.000000 -1.000000 0.000000
vn 0.748031 -0.503937 -0.433071
vn 0.748031 -0.496063 -0.433071
vn 0.748031 0.503937 -0.433071
vn 0.748031 0.496063 -0.433071
vn -0.559055 -0.771653 -0.307086
vn -0.874016 0.165354 -0.456693
vn -0.874016 0.165354 -0.456693
vn -0.559055 -0.771653 -0.307086
vn 0.314961 -0.937008 0.149606
vn 0.314961 -0.937008 0.149606
vn 0.874016 -0.165354 0.456693
vn 0.874016 -0.165354 0.456693
vn 0.559055 0.771653 0.307086
vn 0.559055 0.771653 0.307086
vn -0.314961 0.937008 -0.149606
vn -0.314961 0.937008 -0.149606
vn -0.874016 0.165354 -0.456693
vn -0.874016 0.165354 -0.456693
vn 0.000000 1.000000 -0.000000
vn 0.000000 0.496063 0.866142
vn 0.000000 0.496063 0.866142
vn 0.000000 1.000000 -0.000000
vn 0.000000 0.503937 -0.866142
vn 0.000000 0.496063 -0.866142
vn 0.000000 -0.503937 -0.866142
vn 0.000000 -0.496063 -0.866142
vn 0.000000 -1.000000 0.000000
vn 0.000000 -1.000000 0.000000
vn 0.000000 -0.496063 0.866142
vn 0.000000 -0.496063 0.866142
vn 0.000000 0.496063 0.866142
vn 0.000000 0.496063 0.866142
vn 0.393701 -0.889764 0.228347
vn -0.488189 -0.842520 -0.236220
vn -0.488189 -0.842520 -0.236220
vn 0.393701 -0.889764 0.228347
vn 0.881890 -0.047244 0.464567
vn 0.881890 -0.047244 0.464567
vn 0.488189 0.842520 0.236220
vn 0.488189 0.842520 0.236220
vn -0.393701 0.889764 -0.228347
vn -0.393701 0.889764 -0.228347
vn -0.881890 0.047244 -0.464567
vn -0.881890 0.047244 -0.464567
vn -0.488189 -0.842520 -0.236220
vn -0.488189 -0.842520 -0.236220
vn 0.000000 1.000000 -0.000000
vn 0.748031 0.503937 -0.433071
vn 0.748031 0.496063 -0.433071
vn 0.000000 1.000000 -0.000000
vn -0.748031 0.496063 0.433071
vn -0.748031 0.503937 0.433071
vn -0.748031 -0.496063 0.433071
vn -0.748031 -0.503937 0.433071
vn 0.000000 -1.000000 0.000000
vn 0.000000 -1.000000 0.000000
vn 0.748031 -0.503937 -0.433071
vn 0.748031 -0.496063 -0.433071
vn 0.748031 0.503937 -0.433071
vn 0.748031 0.496063 -0.433071
vn 0.000000 1.000000 -0.000000
vn 0.000000 0.503937 0.866142
vn 0.000000 0.503937 0.866142
vn 0.000000 1.000000 -0.000000
vn 0.000000 0.496063 -0.866142
vn 0.000000 0.496063 -0.866142
vn 0.000000 -0.496063 -0.866142
vn 0.000000 -0.496063 -0.866142
vn 0.000000 -1.000000 0.000000
vn 0.000000 -1.000000 0.000000
vn 0.000000 -0.503937 0.866142
vn 0.000000 -0.496063 0.866142
vn 0.000000 0.503937 0.866142
vn 0.000000 0.503937 0.866142
vn -0.881890 -0.007874 -0.464567
vn -0.472441 0.858268 -0.188976
vn -0.472441 0.858268 -0.188976
vn -0.881890 -0.007874 -0.464567
vn -0.409449 -0.866142 -0.283464
vn -0.409449 -0.866142 -0.283464
vn 0.472441 -0.858268 0.188976
vn 0.472441 -0.858268 0.188976
vn 0.881890 0.007874 0.464567
vn 0.881890 0.007874 0.464567
vn 0.409449 0.866142 0.283464
vn 0.409449 0.866142 0.283464
vn -0.472441 0.858268 -0.188976
vn -0.472441 0.858268 -0.188976
vn 0.000000 1.000000 -0.000000
vn 0.748031 0.503937 -0.433071
vn 0.748031 0.496063 -0.433071
vn 0.000000 1.000000 -0.000000
vn -0.748031 0.496063 0.433071
vn -0.748031 0.503937 0.433071
vn -0.748031 -0.496063 0.433071
vn -0.748031 -0.503937 0.433071
vn 0.000000 -1.000000 0.000000
vn 0.000000 -1.000000 0.000000
vn 0.748031 -0.503937 -0.433071
vn 0.748031 -0.496063 -0.433071
vn 0.748031 0.503937 -0.433071
vn 0.748031 0.496063 -0.433071
vn 0.000000 1.000000 -0.000000
vn 0.000000 0.503937 0.866142
vn 0.000000 0.496063 0.866142
vn 0.000000 1.000000 -0.000000
vn 0.000000 0.503937 -0.866142
vn 0.000000 0.503937 -0.866142
vn 0.000000 -0.496063 -0.866142
vn 0.000000 -0.503937 -0.866142
vn 0.000000 -1.000000 0.000000
vn 0.000000 -1.000000 0.000000
vn 0.000000 -0.496063 0.866142
vn 0.000000 -0.503937 0.866142
vn 0.000000 0.503937 0.866142
vn 0.000000 0.496063 0.866142
vn -0.866142 0.141732 -0.472441
vn -0.322835 0.929134 -0.181102
vn -0.322835 0.929134 -0.181102
vn -0.866142 0.141732 -0.472441
vn -0.543307 -0.787401 -0.291338
vn -0.543307 -0.787401 -0.291338
vn 0.322835 -0.929134 0.181102
vn 0.322835 -0.929134 0.181102
vn 0.866142 -0.141732 0.472441
vn 0.866142 -0.141732 0.472441
vn 0.543307 0.787401 0.291338
vn 0.543307 0.787401 0.291338
vn -0.322835 0.929134 -0.181102
vn -0.322835 0.929134 -0.181102
vn 0.000000 1.000000 -0.000000
vn 0.748031 0.503937 -0.433071
vn 0.748031 0.496063 -0.433071
vn 0.000000 1.000000 -0.000000
vn -0.748031 0.496063 0.433071
vn -0.748031 0.503937 0.433071
vn -0.748031 -0.496063 0.433071
vn -0.748031 -0.503937 0.433071
vn 0.000000 -1.000000 0.000000
vn 0.000000 -1.000000 0.000000
vn 0.748031 -0.503937 -0.433071
vn 0.748031 -0.496063 -0.433071
vn 0.748031 0.503937 -0.433071
vn 0.748031 0.496063 -0.433071
vn 0.000000 1.000000 -0.000000
vn 0.000000 0.496063 0.866142
vn 0.000000 0.496063 0.866142
vn 0.000000 1.000000 -0.000000
vn 0.000000 0.496063 -0.866142
vn 0.000000 0.496063 -0.866142
vn 0.000000 -0.503937 -0.866142
vn 0.000000 -0.503937 -0.866142
vn 0.000000 -1.000000 0.000000
vn 0.000000 -1.000000 0.000000
vn 0.000000 -0.503937 0.866142
vn 0.000000 -0.503937 0.866142
vn 0.000000 0.496063 0.866142
vn 0.000000 0.496063 0.866142
vn -0.842520 -0.259843 -0.464567
vn -0.614173 0.708661 -0.346457
vn -0.614173 0.708661 -0.346457
vn -0.850394 -0.259843 -0.464567
vn -0.228346 -0.968504 -0.118110
vn -0.236220 -0.968504 -0.118110
vn 0.614173 -0.708661 0.346457
vn 0.614173 -0.708661 0.346457
vn 0.850394 0.259843 0.464567
vn 0.842520 0.259843 0.464567
vn 0.236220 0.968504 0.118110
vn 0.228346 0.968504 0.118110
vn -0.614173 0.708661 -0.346457
vn -0.614173 0.708661 -0.346457
vn 0.000000 1.000000 -0.000000
vn 0.000000 0.496063 0.866142
vn 0.000000 0.503937 0.866142
vn 0.000000 1.000000 -0.000000
vn 0.000000 0.496063 -0.866142
vn 0.000000 0.496063 -0.866142
vn 0.000000 -0.496063 -0.866142
vn 0.000000 -0.496063 -0.866142
vn 0.000000 -1.000000 0.000000
vn 0.000000 -1.000000 0.000000
vn 0.000000 -0.503937 0.866142
vn 0.000000 -0.496063 0.866142
vn 0.000000 0.496063 0.866142
vn 0.000000 0.503937 0.866142
vn 0.000000 1.000000 -0.000000
vn 0.748031 0.503937 -0.433071
vn 0.748031 0.496063 -0.433071
vn 0.000000 1.000000 -0.000000
vn -0.748031 0.496063 0.433071
vn -0.748031 0.503937 0.433071
vn -0.748031 -0.496063 0.433071
vn -0.748031 -0.503937 0.433071
vn 0.000000 -1.000000 0.000000
vn 0.000000 -1.000000 0.000000
vn 0.748031 -0.503937 -0.433071
vn 0.748031 -0.496063 -0.433071
vn 0.748031 0.503937 -0.433071
vn 0.748031 0.496063 -0.433071
vn 0.000000 1.000000 -0.000000
vn 0.000000 0.496063 0.866142
vn 0.000000 0.496063 0.866142
vn 0.000000 1.000000 -0.000000
vn 0.000000 0.496063 -0.866142
vn 0.000000 0.496063 -0.866142
vn 0.000000 -0.496063 -0.866142
vn 0.000000 -0.496063 -0.866142
vn 0.000000 -1.000000 0.000000
vn 0.000000 -1.000000 0.000000
vn 0.000000 -0.496063 0.866142
vn 0.000000 -0.496063 0.866142
vn 0.000000 0.496063 0.866142
vn 0.000000 0.496063 0.866142
vn 0.000000 1.000000 -0.000000
vn 0.748031 0.503937 -0.433071
vn 0.748031 0.496063 -0.433071
vn 0.000000 1.000000 -0.000000
vn -0.748031 0.496063 0.433071
vn -0.748031 0.503937 0.433071
vn -0.748031 -0.496063 0.433071
vn -0.748031 -0.503937 0.433071
vn 0.000000 -1.000000 0.000000
vn 0.000000 -1.000000 0.000000
vn 0.748031 -0.503937 -0.433071
vn 0.748031 -0.496063 -0.433071
vn 0.748031 0.503937 -0.433071
vn 0.748031 0.496063 -0.433071
vn 0.251969 0.937008 0.228346
vn 0.409449 0.779527 -0.480315
vn 1.000000 0.000000 0.000000
vn -0.031496 0.921260 -0.393701
vn -0.393701 0.913386 0.110236
vn -0.708661 -0.000000 -0.708661
vn 0.047244 0.842520 0.543307
vn -0.708661 0.000000 0.708661
vn 0.456693 0.850394 0.251968
vn 0.228346 0.921260 -0.322835
vn 1.000000 0.000000 0.000000
vn -0.251969 0.913386 0.307086
vn 0.000000 0.000000 1.000000
vn -0.433071 0.866142 -0.251969
vn -1.000000 0.000000 0.000000
vn 0.000000 -0.000000 -1.000000
vn 0.433071 0.866142 0.236220
vn 0.267717 0.921260 -0.291339
vn 1.000000 0.000000 0.000000
vn -0.244094 0.921260 0.299212
vn 0.000000 0.000000 1.000000
vn -0.425197 0.866142 -0.275591
vn -1.000000 0.000000 0.000000
vn 0.000000 -0.000000 -1.000000
vn 0.165354 -0.976378 -0.102362
vn 0.708661 -0.000000 -0.708661
vn 0.000000 -0.000000 -1.000000
vn 1.000000 0.000000 0.000000
vn -0.488189 -0.755905 -0.425197
vn 0.488189 -0.763779 0.417323
vn -0.165354 -0.976378 0.102362
vn -1.000000 0.000000 0.000000
vn 0.000000 0.000000 1.000000
vn -0.708661 0.000000 0.708661
vn 0.000000 0.976378 -0.212599
vn 0.173228 0.007874 -0.984252
vn 0.818898 0.007874 -0.574803
vn -0.574803 0.007874 -0.818897
vn 0.645669 0.755905 0.125984
vn -0.181102 0.984252 -0.039370
vn -0.984252 0.007874 -0.173228
vn -0.614173 0.677165 0.401575
vn 0.102362 0.984252 0.165354
vn 0.574803 0.007874 0.818897
vn -0.173228 0.007874 0.984252
vn -0.173228 -0.976378 0.125984
vn -0.708661 -0.007874 0.708661
vn 0.000000 -0.007874 1.000000
vn -1.000000 -0.007874 0.000000
vn 0.480315 -0.755905 0.456693
vn -0.133858 -0.984252 -0.125984
vn -0.708661 -0.007874 -0.708661
vn -0.047244 -0.692913 -0.724409
vn 0.196850 -0.984252 -0.007874
vn 1.000000 -0.007874 0.000000
vn 0.708661 -0.007874 -0.708661
vn 0.094488 -0.968504 0.212599
vn -0.173228 -0.007874 0.984252
vn 0.574803 -0.007874 0.818897
vn 0.984252 -0.007874 0.173228
vn -0.188976 -0.976378 0.078740
vn -0.818898 -0.007874 0.574803
vn -0.984252 -0.007874 -0.173228
vn 0.188976 -0.976378 -0.078740
vn 0.818898 -0.007874 -0.574803
vn 0.173228 -0.007874 -0.984252
vn -0.094488 -0.968504 -0.212598
vn -0.574803 -0.007874 -0.818897
vn 0.086614 -0.968504 0.220473
vn -0.204724 0.000000 0.976378
vn 0.543307 0.000000 0.842520
vn 0.976378 0.000000 0.204724
vn -0.188976 -0.976378 0.078740
vn -0.842520 0.000000 0.543307
vn -0.976378 -0.000000 -0.204724
vn 0.188976 -0.976378 -0.078740
vn 0.842520 -0.000000 -0.543307
vn 0.204724 -0.000000 -0.976378
vn -0.086614 -0.968504 -0.220472
vn -0.543307 -0.000000 -0.842520
vn -0.976378 -0.000000 -0.204724
vn -0.181102 0.984252 -0.047244
vn -0.629921 0.677165 0.370079
vn -0.543307 -0.000000 -0.842520
vn 0.102362 0.984252 0.165354
vn -0.204724 0.000000 0.976378
vn 0.543307 0.000000 0.842520
vn 0.007874 0.976378 -0.212599
vn 0.204724 -0.000000 -0.976378
vn 0.842520 -0.000000 -0.543307
vn 0.236220 0.976378 -0.000000
vn 0.976378 0.000000 0.204724
vn 0.039370 0.984252 0.188976
vn 0.708661 0.007874 0.708661
vn 0.000000 0.007874 1.000000
vn -0.708661 0.007874 0.708661
vn 0.181102 0.984252 -0.039370
vn 1.000000 0.007874 -0.000000
vn 0.708661 0.007874 -0.708661
vn -0.181102 0.984252 0.039370
vn -1.000000 0.007874 -0.000000
vn -0.708661 0.007874 -0.708661
vn -0.039370 0.984252 -0.188976
vn 0.000000 0.007874 -1.000000
vn -0.708661 -0.000000 -0.708661
vn -0.133858 -0.984252 -0.125984
vn -0.047244 -0.692913 -0.724409
vn -1.000000 0.000000 0.000000
vn 0.196850 -0.984252 -0.007874
vn 0.708661 -0.000000 -0.708661
vn 1.000000 0.000000 0.000000
vn -0.173228 -0.976378 0.125984
vn -0.708661 0.000000 0.708661
vn 0.000000 0.000000 1.000000
vn 0.125984 -0.976378 0.196850
vn 0.708661 0.000000 0.708661
vn 0.228346 0.968504 -0.047244
vn 1.000000 0.000000 0.000000
vn 0.708661 0.000000 0.708661
vn 0.708661 -0.000000 -0.708661
vn 0.039370 0.976378 0.204724
vn 0.000000 0.000000 1.000000
vn -0.708661 0.000000 0.708661
vn -0.039370 0.976378 -0.204724
vn 0.000000 -0.000000 -1.000000
vn -0.708661 -0.000000 -0.708661
vn -0.228346 0.968504 0.047244
vn -1.000000 0.000000 0.000000
vn 0.000000 -0.000000 -1.000000
vn 0.000000 -0.000000 -1.000000
vn 0.000000 -0.000000 -1.000000
vn 0.000000 -0.000000 -1.000000
vn 0.000000 -0.000000 -1.000000
vn 0.000000 -0.000000 -1.000000
vn 0.000000 -0.000000 -1.000000
vn 0.000000 -0.000000 -1.000000
vn 0.543307 0.000000 0.842520
vn 0.543307 0.000000 0.842520
vn 0.543307 0.000000 0.842520
vn 0.543307 0.000000 0.842520
vn 0.543307 0.000000 0.842520
vn 0.543307 0.000000 0.842520
vn 0.543307 0.000000 0.842520
vn 0.543307 0.000000 0.842520
tan -0.007874 0.957592 -0.000310 1.000000
tan -0.957592 0.010416 -0.007130 1.000000
tan -0.716535 0.700787 -0.000000 1.000000
tan -0.708661 -0.700787 0.000000 1.000000
tan -0.957592 -0.007874 -0.000310 1.000000
tan -0.007874 -0.957282 0.000310 1.000000
tan -0.905512 -0.011780 0.425197 1.000000
tan -0.424825 -0.801166 0.249241 1.000000
tan 0.867010 0.304545 -0.383409 1.000000
tan -1.000000 -0.007874 0.000000 1.000000
tan -1.000000 0.007874 -0.000000 1.000000
tan -0.957592 0.007874 -0.000310 1.000000
tan -0.957592 -0.007874 0.000310 1.000000
tan -0.957592 -0.007874 -0.000310 1.000000
tan -1.000000 -0.007874 0.000000 1.000000
tan -1.000000 0.007874 -0.000000 1.000000
tan -0.957592 0.007874 0.000310 1.000000
tan -0.957592 0.007874 -0.000310 1.000000
tan -0.957592 -0.007874 0.000310 1.000000
tan -1.000000 -0.007874 0.000000 1.000000
tan -1.000000 0.007874 -0.000000 1.000000
tan 0.792052 0.019530 -0.542191 1.000000
tan 0.791742 -0.000062 -0.535371 1.000000
tan 0.842520 -0.010912 -0.543307 1.000000
tan 0.842520 0.010912 -0.543307 1.000000
tan -0.792052 -0.019530 0.542191 1.000000
tan -0.799182 0.003596 0.527931 1.000000
tan -0.842520 0.010912 0.543307 1.000000
tan -0.842520 -0.010912 0.543307 1.000000
tan -0.842520 -0.010912 0.543307 1.000000
tan -0.799182 -0.003596 0.527931 1.000000
tan -0.792052 0.019530 0.542191 1.000000
tan -0.842520 0.010912 0.543307 1.000000
tan 0.000000 -1.000000 -0.007874 1.000000
tan 0.000000 -1.000000 0.000000 1.000000
tan 0.000000 -1.000000 0.000000 1.000000
tan 0.000000 -1.000000 0.000000 1.000000
tan 0.000000 -0.977680 0.000000 1.000000
tan 0.003596 -0.977680 -0.007006 1.000000
tan 0.007006 -0.977680 -0.003596 1.000000
tan 0.000000 -0.977680 0.000000 1.000000
tan 0.000000 -1.000000 0.000000 1.000000
tan 0.007874 -1.000000 0.000000 1.000000
tan 0.000000 -1.000000 0.000000 1.000000
tan 0.000000 -1.000000 0.000000 1.000000
tan 0.000000 -0.992064 0.000000 1.000000
tan 0.006138 -0.992064 0.004898 1.000000
tan 0.000000 -0.992064 0.000000 1.000000
tan 0.000000 -0.992064 0.000000 1.000000
tan 0.000000 -1.000000 0.000000 1.000000
tan 0.000000 -1.000000 0.007874 1.000000
tan 0.000000 -1.000000 0.000000 1.000000
tan 0.000000 -1.000000 0.000000 1.000000
tan 0.000000 -0.992064 0.000000 1.000000
tan -0.004898 -0.992064 0.006138 1.000000
tan 0.000000 -0.992064 0.000000 1.000000
tan 0.000000 -0.992064 0.000000 1.000000
tan 0.000000 -1.000000 0.000000 1.000000
tan -0.007874 -1.000000 0.000000 1.000000
tan 0.000000 -1.000000 0.000000 1.000000
tan 0.000000 -1.000000 0.000000 1.000000
tan 0.000000 -0.977680 0.000000 1.000000
tan -0.007006 -0.977680 -0.003596 1.000000
tan -0.003596 -0.977680 -0.007006 1.000000
tan 0.000000 -0.977680 0.000000 1.000000
tan 0.000000 -1.000000 0.000000 1.000000
tan 0.000000 -1.000000 -0.007874 1.000000
tan 0.031496 0.000000 1.000000 1.000000
tan -0.047244 -0.015748 1.000000 1.000000
tan -0.023622 0.000000 0.992126 1.000000
tan 0.016616 -0.007812 0.992126 1.000000
tan -0.041168 0.011284 0.983942 1.000000
tan 0.088970 -0.064232 0.967822 1.000000
tan 0.000000 0.000000 0.978362 1.000000
tan 0.063984 -0.016864 0.983570 1.000000
tan -0.012586 -0.030938 0.993056 1.000000
tan 0.031806 0.039370 1.000000 1.000000
tan -0.047244 0.023622 1.000000 1.000000
tan -0.021204 0.023436 0.992126 1.000000
tan 0.021824 0.054684 0.992126 1.000000
tan -0.009548 0.024056 0.983942 1.000000
tan 0.272119 0.269143 0.900676 1.000000
tan 0.087420 0.079050 0.967264 1.000000
tan 0.184822 0.129580 0.960940 1.000000
tan -0.012586 0.030938 0.993056 1.000000
tan 0.050592 -0.954306 0.080352 1.000000
tan 0.476161 -0.609523 0.622729 1.000000
tan 0.245954 -0.785107 0.550685 1.000000
tan 0.314589 -0.779837 0.528489 1.000000
tan 0.496745 -0.340071 0.795648 1.000000
tan 0.539215 -0.370327 0.755533 1.000000
tan 0.606361 0.133734 0.734391 1.000000
tan 0.570277 0.116188 0.812449 1.000000
tan 0.562465 0.135408 0.820262 1.000000
tan 0.515841 0.102672 0.804142 1.000000
tan 0.003100 -1.000000 -0.078740 1.000000
tan -0.003968 -0.828074 -0.546841 1.000000
tan -0.009052 -0.788393 -0.607787 1.000000
tan 0.008928 -0.788393 -0.615661 1.000000
tan 0.012090 -0.339327 -0.937380 1.000000
tan -0.011718 -0.370947 -0.929568 1.000000
tan -0.026040 0.104160 -0.956972 1.000000
tan 0.000000 0.110236 -0.992126 1.000000
tan 0.000000 0.141732 -0.992126 1.000000
tan 0.032860 0.122946 -0.957592 1.000000
tan 0.070618 -0.939922 0.113832 1.000000
tan 0.439829 -0.631967 0.617955 1.000000
tan 0.227106 -0.779899 0.555955 1.000000
tan 0.289913 -0.779899 0.542501 1.000000
tan 0.474611 -0.337405 0.810466 1.000000
tan 0.517267 -0.368715 0.770166 1.000000
tan 0.584041 0.114204 0.756091 1.000000
tan 0.546841 0.109120 0.828074 1.000000
tan 0.539029 0.140368 0.835886 1.000000
tan 0.486701 0.126604 0.819022 1.000000
tan 0.002728 -1.000000 -0.086614 1.000000
tan -0.001364 -0.834646 -0.543307 1.000000
tan -0.009052 -0.788393 -0.607787 1.000000
tan 0.008928 -0.788393 -0.615661 1.000000
tan 0.012090 -0.339327 -0.937380 1.000000
tan -0.011718 -0.370947 -0.929568 1.000000
tan -0.026040 0.104160 -0.956972 1.000000
tan 0.000000 0.110236 -0.992126 1.000000
tan 0.000000 0.141732 -0.992126 1.000000
tan 0.032860 0.122946 -0.957592 1.000000
tan 0.000000 -0.322835 0.007874 1.000000
tan 0.007874 -1.000000 0.000000 1.000000
tan -0.015748 -1.000000 0.000000 1.000000
tan -0.007874 -0.957592 -0.000310 1.000000
tan -0.957592 -0.010416 -0.007130 1.000000
tan -0.504929 -0.858764 -0.009548 1.000000
tan -0.593279 -0.805195 0.011346 1.000000
tan 0.000000 -1.000000 0.000000 1.000000
tan 0.000000 -1.000000 0.000000 1.000000
tan 0.007874 -1.000000 0.000000 1.000000
tan 0.000000 -1.000000 0.000000 1.000000
tan 0.504929 -0.858764 0.009548 1.000000
tan 0.964722 0.099262 0.017174 1.000000
tan 0.610081 0.721681 -0.283093 1.000000
tan -0.121272 0.240498 -0.964598 1.000000
tan 0.070122 0.066588 -0.947424 1.000000
tan -0.791494 0.442061 -0.352719 1.000000
tan -0.301073 0.055304 -0.917354 1.000000
tan -0.884308 -0.202120 -0.166842 1.000000
tan -0.978052 0.084134 -0.073532 1.000000
tan -0.872652 -0.310001 -0.377271 1.000000
tan -0.992126 -0.023436 0.051956 1.000000
tan -0.970364 -0.114886 0.079794 1.000000
tan -0.335855 -0.009548 0.876744 1.000000
tan -0.928638 0.219666 0.231570 1.000000
tan -0.883316 0.271747 0.353773 1.000000
tan -0.619629 -0.204662 0.619381 1.000000
tan -0.600471 -0.627565 0.487817 1.000000
tan 0.066030 -0.073470 0.939674 1.000000
tan -0.281233 -0.380185 0.875814 1.000000
tan 0.964722 -0.122140 -0.022940 1.000000
tan 0.597185 -0.710397 0.325625 1.000000
tan -0.007874 0.957592 0.000310 1.000000
tan -0.957592 0.007874 -0.000310 1.000000
tan -0.015748 1.000000 -0.000000 1.000000
tan 0.000000 -0.314961 0.007874 1.000000
tan 0.007874 1.000000 -0.000000 1.000000
tan -0.950648 -0.149606 -0.142290 1.000000
tan -0.929568 -0.023808 -0.020584 1.000000
tan -0.911340 -0.007378 0.004278 1.000000
tan -0.952756 -0.052514 -0.032674 1.000000
tan -0.972348 0.000124 0.007874 1.000000
tan -0.972348 0.030380 -0.015562 1.000000
tan -0.366483 0.015128 -0.821811 1.000000
tan -0.992684 -0.004650 0.006324 1.000000
tan -0.998078 0.004712 -0.006324 1.000000
tan -0.914998 0.000310 -0.007874 1.000000
tan -0.934838 -0.000124 0.007874 1.000000
tan -0.972348 -0.000124 -0.007874 1.000000
tan -0.972348 0.000124 0.007874 1.000000
tan -0.504929 -0.858764 0.009548 1.000000
tan -0.593279 -0.805195 -0.011346 1.000000
tan 0.000000 -1.000000 0.000000 1.000000
tan 0.000000 -1.000000 0.000000 1.000000
tan 0.000000 -1.000000 0.000000 1.000000
tan 0.000000 -1.000000 0.000000 1.000000
tan 0.512803 -0.858764 -0.009486 1.000000
tan 0.593031 -0.805009 0.011346 1.000000
tan -0.747225 -0.561969 0.265857 1.000000
tan -0.964722 -0.129766 -0.024862 1.000000
tan -0.079112 -0.096348 0.939922 1.000000
tan 0.430405 -0.451671 0.734081 1.000000
tan 0.089032 0.073904 0.947486 1.000000
tan 0.655527 -0.580693 0.474177 1.000000
tan 0.972348 0.038254 -0.001736 1.000000
tan 0.707979 0.553227 0.290222 1.000000
tan 0.748899 0.490731 0.432079 1.000000
tan 0.991134 -0.053568 -0.046314 1.000000
tan 0.854982 0.338149 0.141298 1.000000
tan 0.903714 0.365925 -0.099572 1.000000
tan 0.730423 0.668795 -0.088350 1.000000
tan -0.153512 0.553351 -0.759935 1.000000
tan 0.319239 0.885238 -0.270693 1.000000
tan 0.677661 0.709591 -0.155372 1.000000
tan -0.328477 0.790129 -0.482857 1.000000
tan -0.276459 -0.930312 0.236717 1.000000
tan 0.276459 -0.930312 0.236717 1.000000
tan -0.055118 -0.055552 1.000000 1.000000
tan 0.055118 -0.055552 1.000000 1.000000
tan 0.047244 0.055490 1.000000 1.000000
tan -0.047244 0.055490 1.000000 1.000000
tan 0.276459 0.930312 0.236716 1.000000
tan -0.276459 0.930312 0.236716 1.000000
tan 0.000000 -0.957902 0.000000 1.000000
tan 0.000000 -1.000000 0.000000 1.000000
tan -0.007874 -1.000000 0.000000 1.000000
tan 0.000000 -0.957282 0.000000 1.000000
tan -0.957592 -0.010416 -0.007130 1.000000
tan -1.000000 0.031496 -0.000000 1.000000
tan 0.000000 0.957902 -0.000000 1.000000
tan -0.962428 0.007874 0.000248 1.000000
tan -1.000000 -0.015748 0.000000 1.000000
tan -0.962428 -0.007874 -0.000248 1.000000
tan 0.000000 -0.957902 0.000000 1.000000
tan 0.964722 0.099262 0.017174 1.000000
tan 0.592597 0.709653 -0.315829 1.000000
tan -0.121272 0.239754 -0.958894 1.000000
tan 0.070122 0.066588 -0.947424 1.000000
tan -0.791494 0.442061 -0.352719 1.000000
tan -0.301073 0.055304 -0.917354 1.000000
tan -0.860810 -0.261765 -0.215760 1.000000
tan -0.861492 -0.315457 -0.382975 1.000000
tan -0.978052 0.084134 -0.073532 1.000000
tan -0.888400 0.266663 0.347945 1.000000
tan -0.897266 0.122016 0.112344 1.000000
tan -0.970364 -0.114886 0.079794 1.000000
tan -0.802530 -0.465435 0.305227 1.000000
tan -0.326493 -0.037696 0.892182 1.000000
tan 0.073904 -0.074028 0.947548 1.000000
tan -0.281977 -0.380185 0.870420 1.000000
tan 0.964722 -0.122140 -0.022940 1.000000
tan 0.617521 -0.714241 0.279249 1.000000
tan 0.000000 0.957282 -0.000000 1.000000
tan -0.957592 0.007874 -0.000310 1.000000
tan -0.007874 1.000000 -0.000000 1.000000
tan 0.000000 0.957902 -0.000000 1.000000
tan 0.000000 1.000000 -0.000000 1.000000
tan -0.950648 -0.149606 -0.142290 1.000000
tan -0.929568 -0.023808 -0.020584 1.000000
tan -0.911340 -0.007378 0.004278 1.000000
tan -0.952756 -0.052514 -0.032674 1.000000
tan -0.972348 0.000124 0.007874 1.000000
tan -0.972348 0.030380 -0.015562 1.000000
tan -0.366483 0.015128 -0.821811 1.000000
tan 0.000000 -0.972224 0.000000 1.000000
tan 0.000000 -0.900056 0.000000 1.000000
tan 0.007812 -0.900056 -0.000930 1.000000
tan 0.000000 -0.972472 0.000000 1.000000
tan 0.791742 -0.000062 -0.535371 1.000000
tan 0.842520 0.028458 -0.543307 1.000000
tan 0.000000 0.972224 -0.000000 1.000000
tan 0.803150 0.003720 -0.538099 1.000000
tan 0.842520 -0.017546 -0.543307 1.000000
tan 0.796144 -0.021576 -0.545105 1.000000
tan 0.000000 -0.969310 0.000000 1.000000
tan -0.827702 0.018662 0.540827 1.000000
tan -0.587327 0.448509 0.664579 1.000000
tan 0.715729 0.431273 0.455825 1.000000
tan 0.504495 -0.048236 0.827702 1.000000
tan 0.794966 0.178560 0.396925 1.000000
tan 0.761734 0.080910 0.615661 1.000000
tan 0.828570 0.072230 -0.517887 1.000000
tan 0.912208 -0.156674 -0.333437 1.000000
tan 0.863786 -0.002728 -0.496559 1.000000
tan 0.594457 0.213528 -0.726145 1.000000
tan 0.738917 0.148242 -0.640151 1.000000
tan 0.791246 -0.090644 -0.602083 1.000000
tan 0.071362 -0.259409 -0.930436 1.000000
tan -0.259905 -0.203298 -0.909604 1.000000
tan -0.595821 -0.094240 -0.767747 1.000000
tan -0.625395 0.035712 -0.666501 1.000000
tan -0.817534 -0.123752 0.555707 1.000000
tan -0.757332 -0.441813 0.257239 1.000000
tan 0.000000 0.972782 -0.000000 1.000000
tan 0.792052 0.019530 -0.542191 1.000000
tan 0.007812 0.900056 -0.000930 1.000000
tan 0.000000 0.969310 -0.000000 1.000000
tan 0.000000 0.900056 -0.000000 1.000000
tan 0.761114 0.138384 -0.622729 1.000000
tan 0.619505 0.286316 -0.698741 1.000000
tan 0.773514 0.113460 -0.580197 1.000000
tan 0.806498 0.060016 -0.528985 1.000000
tan 0.823858 -0.040858 -0.556203 1.000000
tan 0.831670 -0.030008 -0.536735 1.000000
tan 0.776800 -0.036146 0.476719 1.000000
tan 0.495939 -0.821935 -0.155744 1.000000
tan 0.548081 -0.798004 -0.200570 1.000000
tan 0.000000 -0.946804 0.000000 1.000000
tan 0.007502 -0.966272 -0.002480 1.000000
tan 0.000000 -0.946804 0.000000 1.000000
tan -0.007502 -0.966272 0.002480 1.000000
tan -0.488809 -0.828817 0.156984 1.000000
tan -0.564635 -0.782317 0.202244 1.000000
tan -0.833468 0.087854 0.515717 1.000000
tan -0.588195 0.497117 0.639717 1.000000
tan 0.739599 0.495381 0.347387 1.000000
tan 0.474983 0.015872 0.834150 1.000000
tan 0.825160 0.229152 0.314341 1.000000
tan 0.757766 0.096224 0.625457 1.000000
tan 0.818464 0.092566 -0.522289 1.000000
tan 0.863786 -0.003224 -0.488685 1.000000
tan 0.906318 -0.144956 -0.345217 1.000000
tan 0.809474 -0.002232 -0.586893 1.000000
tan 0.791246 -0.084444 -0.600409 1.000000
tan -0.271313 -0.208816 -0.902226 1.000000
tan 0.701283 0.172918 -0.687953 1.000000
tan 0.588443 0.220596 -0.732159 1.000000
tan 0.173786 -0.203670 -0.872528 1.000000
tan 0.039246 -0.421353 -0.780953 1.000000
tan -0.605121 -0.151280 -0.756401 1.000000
tan -0.484159 -0.130758 -0.780147 1.000000
tan -0.798872 -0.200508 0.566743 1.000000
tan -0.695393 -0.552917 0.124744 1.000000
tan -0.009672 -0.978920 0.002170 1.000000
tan -0.792052 -0.019530 0.542191 1.000000
tan -0.015624 -0.895778 0.001736 1.000000
tan 0.009672 -0.972782 -0.002108 1.000000
tan 0.031248 -0.900056 -0.003720 1.000000
tan 0.792052 -0.019530 -0.542191 1.000000
tan 0.761114 0.138384 -0.622729 1.000000
tan 0.619505 0.286316 -0.698741 1.000000
tan 0.773514 0.113460 -0.580197 1.000000
tan 0.806498 0.060016 -0.528985 1.000000
tan 0.805506 -0.059272 -0.549445 1.000000
tan 0.831670 -0.030008 -0.536735 1.000000
tan 0.670035 -0.041416 0.659991 1.000000
tan 0.702709 0.168888 -0.647839 1.000000
tan 0.687085 0.189224 -0.651497 1.000000
tan 0.781698 0.124000 -0.569037 1.000000
tan 0.795772 0.088598 -0.563643 1.000000
tan 0.829748 -0.046996 -0.540579 1.000000
tan 0.823858 -0.041478 -0.548391 1.000000
tan 0.614917 -0.409945 -0.658069 1.000000
tan 0.830926 -0.140864 -0.498109 1.000000
tan -0.450121 -0.084630 -0.844132 1.000000
tan -0.778164 -0.497861 -0.316449 1.000000
tan -0.575485 0.012896 -0.778597 1.000000
tan -0.809474 -0.443735 -0.301879 1.000000
tan -0.833592 0.006572 0.530969 1.000000
tan -0.827950 0.110856 0.450493 1.000000
tan -0.910224 0.253209 0.324881 1.000000
tan -0.735321 -0.158720 0.642631 1.000000
tan -0.802034 -0.010602 0.534751 1.000000
tan -0.774630 0.238515 0.575671 1.000000
tan -0.562403 0.663587 0.462707 1.000000
tan 0.558125 0.341745 0.741521 1.000000
tan 0.378325 0.332631 0.717031 1.000000
tan 0.639965 0.541943 0.546283 1.000000
tan -0.342737 0.681753 0.641329 1.000000
tan 0.276335 -0.835700 -0.431273 1.000000
tan -0.425755 -0.847790 0.017484 1.000000
tan -0.496063 -0.059458 -0.866142 1.000000
tan -0.582677 -0.050282 -0.811023 1.000000
tan -0.582677 0.054870 -0.811023 1.000000
tan -0.496063 0.052638 -0.866142 1.000000
tan -0.425755 0.847790 0.017484 1.000000
tan 0.276335 0.835699 -0.431273 1.000000
tan 0.978052 -0.015748 -0.000124 1.000000
tan 0.977928 0.015748 0.000124 1.000000
tan 0.992126 0.015748 -0.000000 1.000000
tan 0.992126 -0.015748 0.000000 1.000000
tan 0.056730 -0.977990 -0.007254 1.000000
tan 0.056172 -0.992126 -0.007812 1.000000
tan -0.050964 -0.972224 0.014508 1.000000
tan -0.056172 -0.992126 0.007812 1.000000
tan -0.977928 -0.015748 0.000124 1.000000
tan -0.992126 -0.015748 0.000000 1.000000
tan -0.978052 0.015748 -0.000124 1.000000
tan -0.992126 0.015748 -0.000000 1.000000
tan -0.056730 0.977990 -0.007254 1.000000
tan -0.056172 0.992126 -0.007812 1.000000
tan 0.050964 0.972224 0.014508 1.000000
tan 0.056172 0.992126 0.007812 1.000000
tan 0.977928 0.015748 0.000124 1.000000
tan 0.992126 0.015748 -0.000000 1.000000
tan -0.914998 -0.000310 -0.007874 1.000000
tan -0.998078 -0.004712 -0.006324 1.000000
tan -0.992684 0.004650 0.006324 1.000000
tan -0.934838 0.000124 0.007874 1.000000
tan -0.972348 0.000124 -0.007874 1.000000
tan -0.972348 -0.000124 0.007874 1.000000
tan -0.079112 0.096348 0.939922 1.000000
tan -0.964722 0.129766 -0.024862 1.000000
tan -0.747225 0.561969 0.265856 1.000000
tan 0.430405 0.451671 0.734081 1.000000
tan 0.089032 -0.073904 0.947486 1.000000
tan 0.655527 0.580693 0.474177 1.000000
tan 0.972348 -0.038254 -0.001736 1.000000
tan 0.707979 -0.553227 0.290223 1.000000
tan 0.748899 -0.490731 0.432079 1.000000
tan 0.991134 0.053568 -0.046314 1.000000
tan 0.854982 -0.338149 0.141298 1.000000
tan 0.903714 -0.365925 -0.099572 1.000000
tan 0.730423 -0.668795 -0.088350 1.000000
tan -0.153512 -0.553351 -0.759935 1.000000
tan 0.319239 -0.885238 -0.270692 1.000000
tan -0.328477 -0.790129 -0.482857 1.000000
tan 0.677661 -0.709591 -0.155372 1.000000
tan -0.055118 0.055552 1.000000 1.000000
tan 0.276459 0.930312 0.236716 1.000000
tan -0.276459 0.930312 0.236716 1.000000
tan 0.055118 0.055552 1.000000 1.000000
tan 0.047244 -0.055490 1.000000 1.000000
tan -0.047244 -0.055490 1.000000 1.000000
tan 0.276459 -0.930312 0.236717 1.000000
tan -0.276459 -0.930312 0.236717 1.000000
tan -0.121272 -0.240499 -0.964598 1.000000
tan 0.610081 -0.721681 -0.283092 1.000000
tan 0.964722 -0.099262 0.017174 1.000000
tan 0.070122 -0.066588 -0.947424 1.000000
tan -0.791494 -0.442061 -0.352719 1.000000
tan -0.301073 -0.055304 -0.917354 1.000000
tan -0.884308 0.202120 -0.166842 1.000000
tan -0.978052 -0.084134 -0.073532 1.000000
tan -0.872652 0.310001 -0.377271 1.000000
tan -0.992126 0.023436 0.051956 1.000000
tan -0.970364 0.114886 0.079794 1.000000
tan -0.335855 0.009548 0.876744 1.000000
tan -0.928638 -0.219666 0.231570 1.000000
tan -0.883316 -0.271746 0.353773 1.000000
tan -0.619629 0.204662 0.619381 1.000000
tan -0.600471 0.627565 0.487817 1.000000
tan 0.066030 0.073470 0.939674 1.000000
tan -0.281233 0.380185 0.875814 1.000000
tan 0.964722 0.122140 -0.022940 1.000000
tan 0.597185 0.710397 0.325625 1.000000
tan -0.009176 -0.952756 -0.291338 1.000000
tan -0.594767 -0.796825 -0.082212 1.000000
tan -0.931800 -0.249427 -0.200880 1.000000
tan 0.320727 -0.855292 -0.160828 1.000000
tan 0.009424 -0.952756 0.299213 1.000000
tan 0.931986 -0.231384 0.225432 1.000000
tan 0.594581 -0.796205 0.093186 1.000000
tan -0.078306 -0.912208 0.044702 1.000000
tan 0.015748 -1.000000 0.000000 1.000000
tan -0.008308 -1.000000 0.007874 1.000000
tan 0.000000 -0.992126 0.000000 1.000000
tan 0.687643 -0.726145 0.006324 1.000000
tan 0.000000 -0.992126 0.000000 1.000000
tan -0.687643 -0.726145 -0.006324 1.000000
tan -0.911340 0.007378 0.004278 1.000000
tan -0.929568 0.023808 -0.020584 1.000000
tan -0.950648 0.149606 -0.142290 1.000000
tan -0.952756 0.052514 -0.032674 1.000000
tan -0.972348 -0.000124 0.007874 1.000000
tan -0.972348 -0.030380 -0.015562 1.000000
tan -0.366483 -0.015128 -0.821811 1.000000
tan -0.079112 0.096348 0.939922 1.000000
tan -0.964722 0.129766 -0.024862 1.000000
tan -0.747225 0.561969 0.265856 1.000000
tan 0.430405 0.451671 0.734081 1.000000
tan 0.089032 -0.073904 0.947486 1.000000
tan 0.655527 0.580693 0.474177 1.000000
tan 0.972348 -0.038254 -0.001736 1.000000
tan 0.772212 -0.510447 0.239879 1.000000
tan 0.748899 -0.494017 0.427119 1.000000
tan 0.854734 -0.311241 0.142662 1.000000
tan 0.991134 0.059520 -0.051460 1.000000
tan 0.903714 -0.365925 -0.099572 1.000000
tan 0.730423 -0.668795 -0.088350 1.000000
tan -0.153512 -0.553351 -0.759935 1.000000
tan 0.319239 -0.885238 -0.270692 1.000000
tan -0.328477 -0.790129 -0.482857 1.000000
tan 0.677661 -0.709591 -0.155372 1.000000
tan -0.055118 0.055552 1.000000 1.000000
tan 0.276459 0.930312 0.236716 1.000000
tan -0.276459 0.930312 0.236716 1.000000
tan 0.055118 0.055552 1.000000 1.000000
tan 0.047244 -0.055490 1.000000 1.000000
tan -0.047244 -0.055490 1.000000 1.000000
tan 0.276459 -0.930312 0.236717 1.000000
tan -0.276459 -0.930312 0.236717 1.000000
tan -0.494761 -0.039432 -0.831298 1.000000
tan 0.829624 0.035650 -0.536983 1.000000
tan 0.652365 0.337467 -0.654039 1.000000
tan -0.763966 0.435861 -0.438217 1.000000
tan -0.609337 -0.080352 -0.765577 1.000000
tan -0.796640 0.367351 -0.400087 1.000000
tan -0.827826 -0.070432 0.546345 1.000000
tan -0.825718 -0.169632 0.430653 1.000000
tan -0.910596 -0.318123 0.258602 1.000000
tan -0.801042 -0.021204 0.518941 1.000000
tan -0.760866 0.117056 0.625519 1.000000
tan -0.766322 -0.268212 0.586645 1.000000
tan -0.600719 -0.672267 0.411371 1.000000
tan 0.561845 -0.371133 0.725897 1.000000
tan 0.345403 -0.384835 0.696261 1.000000
tan 0.638849 -0.576043 0.504805 1.000000
tan -0.380061 -0.694649 0.611197 1.000000
tan -0.496063 0.059458 -0.866142 1.000000
tan -0.427677 0.851882 0.017484 1.000000
tan 0.276335 0.837497 -0.434497 1.000000
tan -0.590551 0.050530 -0.811023 1.000000
tan -0.582677 -0.054870 -0.811023 1.000000
tan -0.503937 -0.052824 -0.866142 1.000000
tan -0.427677 -0.851882 0.017484 1.000000
tan 0.276335 -0.837498 -0.434497 1.000000
tan 0.781698 -0.124000 -0.569037 1.000000
tan 0.687085 -0.189224 -0.651497 1.000000
tan 0.702709 -0.168888 -0.647839 1.000000
tan 0.795772 -0.088598 -0.563643 1.000000
tan 0.829748 0.046996 -0.540579 1.000000
tan 0.823858 0.041478 -0.548391 1.000000
tan 0.015624 -0.895778 -0.001736 1.000000
tan 0.799182 -0.003596 -0.527931 1.000000
tan 0.007874 -0.972348 -0.000124 1.000000
tan -0.007874 -0.972348 0.000124 1.000000
tan -0.031248 -0.895778 0.003472 1.000000
tan -0.799182 -0.003596 0.527931 1.000000
tan 0.614917 0.409945 -0.658069 1.000000
tan -0.778164 0.497861 -0.316449 1.000000
tan -0.361089 0.105648 -0.873458 1.000000
tan -0.570277 -0.019406 -0.778597 1.000000
tan -0.809474 0.443735 -0.301879 1.000000
tan -0.833592 -0.006572 0.530969 1.000000
tan -0.827950 -0.116808 0.446897 1.000000
tan -0.910224 -0.253208 0.324881 1.000000
tan -0.755719 0.134168 0.630417 1.000000
tan -0.805196 -0.005394 0.528427 1.000000
tan -0.774630 -0.244900 0.577593 1.000000
tan -0.587327 -0.670097 0.431273 1.000000
tan 0.567053 -0.354641 0.735073 1.000000
tan 0.348379 -0.372373 0.702151 1.000000
tan 0.638477 -0.570897 0.506789 1.000000
tan -0.380061 -0.694649 0.611197 1.000000
tan -0.535433 0.063302 -0.842520 1.000000
tan -0.067270 0.929878 -0.234485 1.000000
tan -0.071114 0.926406 -0.232563 1.000000
tan -0.535433 0.050034 -0.842520 1.000000
tan -0.543307 -0.050282 -0.842520 1.000000
tan -0.535433 -0.052452 -0.842520 1.000000
tan -0.067270 -0.929878 -0.234484 1.000000
tan -0.052452 -0.863662 -0.337281 1.000000
tan 0.743009 -0.507161 0.325377 1.000000
tan -0.573563 -0.513485 0.636245 1.000000
tan -0.835390 -0.111166 0.509951 1.000000
tan 0.467357 -0.035216 0.834150 1.000000
tan 0.831794 -0.238080 0.301073 1.000000
tan 0.757766 -0.096224 0.625457 1.000000
tan 0.818464 -0.098580 -0.526071 1.000000
tan 0.863786 0.003224 -0.488685 1.000000
tan 0.906318 0.144956 -0.345217 1.000000
tan 0.809474 0.002232 -0.586893 1.000000
tan 0.791246 0.084444 -0.600409 1.000000
tan -0.271313 0.208816 -0.902226 1.000000
tan 0.701283 -0.172918 -0.687953 1.000000
tan 0.588443 -0.220596 -0.732159 1.000000
tan 0.200074 0.220100 -0.865956 1.000000
tan 0.063550 0.444169 -0.769545 1.000000
tan -0.606175 0.167586 -0.747721 1.000000
tan -0.442061 0.178126 -0.807118 1.000000
tan -0.790502 0.217496 0.566495 1.000000
tan -0.682249 0.572633 0.109864 1.000000
tan 0.015500 -0.895282 -0.002480 1.000000
tan 0.007688 -0.946804 -0.001674 1.000000
tan 0.486329 -0.808482 -0.097216 1.000000
tan 0.000000 -0.966272 0.000000 1.000000
tan -0.007688 -0.946804 0.001674 1.000000
tan -0.490855 -0.805257 0.100378 1.000000
tan -0.469589 -0.846426 0.176948 1.000000
tan 0.773514 -0.113460 -0.580197 1.000000
tan 0.619505 -0.286317 -0.698741 1.000000
tan 0.761114 -0.138384 -0.622729 1.000000
tan 0.806498 -0.066340 -0.531403 1.000000
tan 0.823858 0.041478 -0.548391 1.000000
tan 0.831670 0.030008 -0.536735 1.000000
tan 0.776800 0.036146 0.476719 1.000000
tan -0.542501 -0.133548 -0.821502 1.000000
tan -0.384897 -0.730857 -0.535805 1.000000
tan -0.544795 -0.218551 -0.805258 1.000000
tan -0.581251 -0.139438 -0.798251 1.000000
tan -0.570277 0.087792 -0.812449 1.000000
tan -0.588877 0.076260 -0.758881 1.000000
tan -0.562465 0.104904 -0.820262 1.000000
tan -0.524831 0.079360 -0.801662 1.000000
tan -0.007750 -0.142352 0.984252 1.000000
tan 0.000000 0.110236 0.992126 1.000000
tan 0.020274 0.077934 0.962180 1.000000
tan 0.000000 0.086614 0.992126 1.000000
tan 0.007750 -0.134416 0.984252 1.000000
tan -0.020522 0.069874 0.961932 1.000000
tan 0.002046 -0.921260 0.393701 1.000000
tan 0.000868 -0.362205 0.929134 1.000000
tan -0.519251 -0.138074 -0.837002 1.000000
tan -0.546841 0.104780 -0.828074 1.000000
tan -0.573377 0.092132 -0.774381 1.000000
tan -0.539029 0.082832 -0.828074 1.000000
tan -0.558001 -0.134478 -0.813752 1.000000
tan -0.516833 0.065286 -0.809412 1.000000
tan -0.328787 -0.774319 -0.490235 1.000000
tan -0.532457 -0.237585 -0.813380 1.000000
tan -0.007750 -0.142352 0.984252 1.000000
tan 0.000000 0.110236 0.992126 1.000000
tan 0.020274 0.077934 0.962180 1.000000
tan 0.000000 0.086614 0.992126 1.000000
tan 0.007750 -0.134416 0.984252 1.000000
tan -0.020522 0.069874 0.961932 1.000000
tan -0.001054 -0.921260 0.393701 1.000000
tan -0.001984 -0.362205 0.929134 1.000000
tan -0.062992 0.055614 1.000000 1.000000
tan 0.268833 0.930312 0.236654 1.000000
tan -0.268833 0.930312 0.236654 1.000000
tan 0.062992 0.055614 1.000000 1.000000
tan -0.047244 -0.000372 1.000000 1.000000
tan 0.231756 -0.224998 0.874388 1.000000
tan 0.070866 -0.008990 1.000000 1.000000
tan -0.039060 -0.094798 0.992126 1.000000
tan 0.253705 -0.945626 0.220225 1.000000
tan 0.039060 -0.102672 0.992126 1.000000
tan -0.253705 -0.945626 0.220225 1.000000
tan 0.037448 -0.960754 0.066464 1.000000
tan 0.001984 -1.000000 0.062992 1.000000
tan -0.001984 -1.000000 -0.062992 1.000000
tan -0.045136 -0.966954 -0.062558 1.000000
tan -0.022196 -0.997830 -0.009796 1.000000
tan -0.143654 -0.725215 0.674871 1.000000
tan 0.022196 -0.992064 0.009858 1.000000
tan 0.143654 -0.725215 -0.674871 1.000000
tan -0.007874 -1.000000 0.046686 1.000000
tan 0.007812 -0.992126 -0.030752 1.000000
tan -0.007750 -0.984252 -0.157480 1.000000
tan -0.149668 -0.710025 -0.690495 1.000000
tan 0.007874 -1.000000 0.070494 1.000000
tan 0.149668 -0.710025 0.690495 1.000000
tan 0.031496 -1.000000 -0.016492 1.000000
tan -0.031496 -1.000000 0.024366 1.000000
tan 0.027962 -0.997830 -0.015128 1.000000
tan -0.037448 -0.971046 0.066712 1.000000
tan 0.045136 -0.972162 -0.062620 1.000000
tan -0.001984 -1.000000 0.062992 1.000000
tan 0.001984 -1.000000 -0.062992 1.000000
tan -0.027962 -0.997830 0.015128 1.000000
tan -0.015624 -0.992126 0.002108 1.000000
tan -0.023622 -1.000000 -0.008618 1.000000
tan 0.023622 -1.000000 0.016492 1.000000
tan -0.114142 -0.321223 -0.937380 1.000000
tan 0.129022 -0.321347 -0.937380 1.000000
tan 0.048174 -0.942712 -0.163990 1.000000
tan -0.040486 -0.950152 -0.141670 1.000000
tan -0.048174 -0.942712 0.163990 1.000000
tan 0.039370 -0.942402 0.141670 1.000000
tan 0.114142 -0.321223 0.937380 1.000000
tan -0.129022 -0.321346 0.937380 1.000000
tan -0.268833 -0.930312 0.236655 1.000000
tan 0.268833 -0.930312 0.236655 1.000000
tan -0.062992 -0.055614 1.000000 1.000000
tan 0.062992 -0.055614 1.000000 1.000000
tan -0.047244 0.000372 1.000000 1.000000
tan 0.231756 0.224999 0.874388 1.000000
tan 0.070866 0.008990 1.000000 1.000000
tan -0.039060 0.094798 0.992126 1.000000
tan 0.253705 0.945626 0.220224 1.000000
tan 0.039060 0.102672 0.992126 1.000000
tan -0.253705 0.945626 0.220224 1.000000
tan 0.000000 -1.000000 0.000000 1.000000
tan 0.007874 -1.000000 0.000000 1.000000
tan 0.000000 -1.000000 0.000000 1.000000
tan 0.000000 -1.000000 0.000000 1.000000
tan -0.504929 -0.858764 -0.009548 1.000000
tan -0.593031 -0.805009 0.011346 1.000000
tan -0.992684 -0.004650 -0.006324 1.000000
tan -0.998078 0.004712 0.006324 1.000000
tan -0.923058 0.000186 0.007874 1.000000
tan -0.930374 -0.000186 -0.007874 1.000000
tan -0.972348 0.000124 -0.007874 1.000000
tan -0.972348 -0.000124 0.007874 1.000000
tan 0.000000 -1.000000 0.000000 1.000000
tan -0.007874 -1.000000 0.000000 1.000000
tan 0.000000 -1.000000 0.000000 1.000000
tan 0.000000 -1.000000 0.000000 1.000000
tan 0.505053 -0.866700 -0.009672 1.000000
tan 0.507657 -0.859198 0.023064 1.000000
tan -0.062992 0.055614 1.000000 1.000000
tan 0.268833 0.930312 0.236654 1.000000
tan -0.268833 0.930312 0.236654 1.000000
tan 0.062992 0.055614 1.000000 1.000000
tan -0.047244 -0.000372 1.000000 1.000000
tan 0.231756 -0.224998 0.874388 1.000000
tan 0.070866 -0.008990 1.000000 1.000000
tan -0.039060 -0.094798 0.992126 1.000000
tan 0.253705 -0.945626 0.220225 1.000000
tan 0.039060 -0.102672 0.992126 1.000000
tan -0.253705 -0.945626 0.220225 1.000000
tan 0.000000 -0.948478 0.000000 1.000000
tan -0.007750 -0.951702 0.001550 1.000000
tan 0.000000 -0.954988 0.000000 1.000000
tan 0.000000 -0.952322 0.000000 1.000000
tan 0.488561 -0.826028 -0.156984 1.000000
tan 0.548081 -0.793416 -0.204910 1.000000
tan 0.691921 -0.184388 -0.649203 1.000000
tan 0.693905 -0.168578 -0.650071 1.000000
tan 0.787650 -0.104780 -0.575857 1.000000
tan 0.797570 -0.106578 -0.560295 1.000000
tan 0.829748 0.046996 -0.540579 1.000000
tan 0.823858 0.040858 -0.556203 1.000000
tan 0.000000 -0.948230 0.000000 1.000000
tan 0.007378 -0.961808 -0.002728 1.000000
tan 0.000000 -0.959328 0.000000 1.000000
tan 0.000000 -0.948478 0.000000 1.000000
tan -0.483105 -0.813007 0.099448 1.000000
tan -0.480625 -0.843512 0.195734 1.000000
tan -0.488189 0.052824 -0.874016 1.000000
tan -0.419307 0.854238 0.011470 1.000000
tan 0.274413 0.841713 -0.434497 1.000000
tan -0.598425 0.055180 -0.803149 1.000000
tan -0.503937 -0.002852 -0.866142 1.000000
tan -0.691301 -0.296051 -0.656891 1.000000
tan -0.606299 -0.009548 -0.795275 1.000000
tan -0.499969 -0.092008 -0.859322 1.000000
tan -0.368281 -0.870978 -0.006324 1.000000
tan -0.570277 -0.100688 -0.812449 1.000000
tan 0.255441 -0.856842 -0.417819 1.000000
tan 0.488189 -0.052824 0.874016 1.000000
tan 0.419307 -0.854238 -0.011470 1.000000
tan -0.276335 -0.835699 0.431273 1.000000
tan 0.590551 -0.054870 0.803149 1.000000
tan 0.503937 0.002852 0.866142 1.000000
tan 0.691301 0.290161 0.654101 1.000000
tan 0.598425 0.009424 0.795275 1.000000
tan 0.499969 0.092008 0.859322 1.000000
tan 0.366607 0.865460 0.009300 1.000000
tan 0.570277 0.100688 0.812449 1.000000
tan -0.257114 0.852316 0.417819 1.000000
tan -0.022506 -0.962924 -0.030504 1.000000
tan -0.046128 -0.955298 -0.080538 1.000000
tan 0.046128 -0.955298 0.080538 1.000000
tan 0.022692 -0.960630 0.022258 1.000000
tan 0.007812 -0.985616 -0.006510 1.000000
tan -0.091140 -0.696819 -0.698927 1.000000
tan -0.007812 -0.985616 0.006510 1.000000
tan 0.091140 -0.696819 0.698927 1.000000
tan 0.003782 -0.893050 -0.058962 1.000000
tan -0.012028 -0.904210 0.046810 1.000000
tan -0.041912 -0.906876 -0.067146 1.000000
tan -0.524955 -0.701965 -0.473991 1.000000
tan -0.056358 -0.892988 0.055118 1.000000
tan 0.041478 -0.919028 0.050592 1.000000
tan 0.524955 -0.701965 0.473991 1.000000
tan -0.011842 -0.972472 0.015128 1.000000
tan -0.020460 -0.992126 -0.023436 1.000000
tan 0.013516 -0.992126 0.015624 1.000000
tan -0.052018 -0.946804 -0.072664 1.000000
tan 0.052018 -0.946804 0.072664 1.000000
tan 0.011842 -0.972472 -0.015128 1.000000
tan 0.041788 -0.892430 -0.008928 1.000000
tan 0.055428 -0.888586 -0.062868 1.000000
tan -0.041540 -0.888710 0.008928 1.000000
tan 0.604749 -0.322091 0.727695 1.000000
tan 0.369831 -0.318990 0.871784 1.000000
tan 0.046190 -0.957096 0.152396 1.000000
tan 0.174592 -0.950710 0.148924 1.000000
tan -0.046190 -0.957096 -0.152396 1.000000
tan -0.180668 -0.949470 -0.153760 1.000000
tan -0.604749 -0.322091 -0.727695 1.000000
tan -0.369831 -0.318991 -0.871784 1.000000
tan 0.019654 -0.897390 0.005828 1.000000
tan 0.585591 -0.722115 -0.361585 1.000000
tan 0.006944 -0.980098 -0.003658 1.000000
tan -0.006944 -0.980098 0.003658 1.000000
tan -0.027466 -0.904768 -0.005394 1.000000
tan -0.585591 -0.722115 0.361585 1.000000
tan 0.038130 -0.901048 -0.029636 1.000000
tan -0.033604 -0.905574 0.023064 1.000000
tan -0.176886 -0.861430 0.375473 1.000000
tan 0.230950 -0.726393 -0.553785 1.000000
tan 0.930932 -0.240870 -0.251720 1.000000
tan -0.254449 -0.859322 -0.371071 1.000000
tan 0.274413 -0.767809 0.481679 1.000000
tan 0.276335 -0.835700 -0.431273 1.000000
tan -0.419307 -0.854238 0.011470 1.000000
tan -0.488189 -0.052824 -0.874016 1.000000
tan -0.590551 -0.054870 -0.803149 1.000000
tan -0.496063 0.002914 -0.866142 1.000000
tan -0.691301 0.290160 -0.654101 1.000000
tan -0.598425 0.009424 -0.803149 1.000000
tan -0.499969 0.092008 -0.859322 1.000000
tan -0.366607 0.865460 -0.009300 1.000000
tan -0.570277 0.100688 -0.812449 1.000000
tan 0.257114 0.852315 -0.417819 1.000000
tan -0.658875 -0.092008 0.739723 1.000000
tan -0.661417 -0.068448 0.755905 1.000000
tan -0.748031 -0.078368 0.661417 1.000000
tan -0.992126 -0.062496 0.032922 1.000000
tan -1.000000 -0.055118 0.000000 1.000000
tan -0.790068 -0.397173 0.411061 1.000000
tan -0.992126 0.031248 0.002728 1.000000
tan -0.992126 0.094488 -0.046872 1.000000
tan -0.981896 0.106268 0.120528 1.000000
tan -0.799182 -0.297724 0.314465 1.000000
tan -0.791122 -0.375597 0.329469 1.000000
tan -0.972410 0.169136 0.176824 1.000000
tan -0.978796 -0.134850 -0.142600 1.000000
tan -0.986298 -0.115320 -0.106640 1.000000
tan -0.839110 0.276396 -0.292889 1.000000
tan -0.762230 0.109926 -0.617769 1.000000
tan -0.792424 0.370451 -0.303367 1.000000
tan -0.661417 0.034224 -0.755905 1.000000
tan -0.792610 0.389485 -0.392709 1.000000
tan -0.662285 0.109678 -0.739537 1.000000
tan -0.658069 0.086118 0.739723 1.000000
tan -0.661417 0.062496 0.755905 1.000000
tan -0.748031 0.067270 0.661417 1.000000
tan -0.992126 0.031248 0.036146 1.000000
tan -1.000000 0.047244 -0.000000 1.000000
tan -0.788890 0.380867 0.430901 1.000000
tan -0.992126 -0.062496 0.005456 1.000000
tan -0.992126 -0.110236 -0.046872 1.000000
tan -0.959576 -0.175708 0.185008 1.000000
tan -0.797012 0.279187 0.341683 1.000000
tan -0.783186 0.353401 0.356439 1.000000
tan -0.961250 -0.196416 0.205344 1.000000
tan -0.984190 0.107880 -0.114080 1.000000
tan -0.992064 0.069192 -0.063984 1.000000
tan -0.840846 -0.300205 -0.260400 1.000000
tan -0.764834 -0.125984 -0.612561 1.000000
tan -0.800670 -0.395561 -0.270196 1.000000
tan -0.661417 -0.040176 -0.755905 1.000000
tan -0.793850 -0.409573 -0.367661 1.000000
tan -0.663153 -0.120714 -0.738669 1.000000
tan 0.946804 0.011718 0.005084 1.000000
tan 1.000000 0.031496 -0.000000 1.000000
tan 0.977990 0.000000 0.000000 1.000000
tan 1.000000 -0.024552 0.039370 1.000000
tan 1.000000 0.023064 0.023622 1.000000
tan 0.866514 -0.497179 -0.016554 1.000000
tan 0.539587 -0.835328 -0.103726 1.000000
tan 0.640585 -0.765639 0.007998 1.000000
tan 0.945006 -0.051212 0.100936 1.000000
tan 0.873706 -0.435985 0.014074 1.000000
tan 0.952260 -0.007626 0.036890 1.000000
tan 0.992126 -0.006758 -0.007812 1.000000
tan 0.992126 -0.003162 0.023436 1.000000
tan 0.950834 0.092256 0.121334 1.000000
tan 0.595573 0.787773 -0.151404 1.000000
tan 0.944324 -0.118978 -0.160394 1.000000
tan 0.709591 0.700229 -0.044330 1.000000
tan 0.717279 -0.700787 0.016554 1.000000
tan 0.671399 0.733709 0.035154 1.000000
tan 0.597061 -0.794965 0.127782 1.000000
tan 0.826586 0.536983 -0.041664 1.000000
tan 0.672825 -0.733709 -0.040920 1.000000
tan 0.989584 0.132990 -0.050468 1.000000
tan 0.826586 -0.529295 0.015872 1.000000
tan 0.989522 0.087234 -0.064356 1.000000
tan 0.993304 -0.116746 0.038192 1.000000
tan 0.984748 -0.070680 0.049042 1.000000
tan 1.000000 -0.031496 0.000000 1.000000
tan 0.946804 -0.011718 0.005084 1.000000
tan 0.977990 0.000000 0.000000 1.000000
tan 1.000000 0.024552 0.039370 1.000000
tan 1.000000 -0.023064 0.023622 1.000000
tan 0.866514 0.497179 -0.016554 1.000000
tan 0.640585 0.765639 0.007998 1.000000
tan 0.539587 0.835328 -0.103726 1.000000
tan 0.945006 0.051212 0.100936 1.000000
tan 0.871226 0.438403 0.032736 1.000000
tan 0.952260 0.007626 0.036890 1.000000
tan 0.992126 0.006758 -0.007812 1.000000
tan 0.992126 0.003348 0.023436 1.000000
tan 0.950834 -0.083328 0.108314 1.000000
tan 0.937814 0.127844 -0.173414 1.000000
tan 0.718023 -0.699795 -0.055676 1.000000
tan 0.598859 0.794779 0.134106 1.000000
tan 0.566557 -0.811705 -0.107570 1.000000
tan 0.708847 0.700973 -0.000062 1.000000
tan 0.671833 -0.733771 0.035154 1.000000
tan 0.673321 0.725897 -0.040424 1.000000
tan 0.826586 -0.536983 -0.041664 1.000000
tan 0.826586 0.529295 0.015872 1.000000
tan 0.989584 -0.132990 -0.050468 1.000000
tan 0.993304 0.116746 0.038192 1.000000
tan 0.989522 -0.087234 -0.064356 1.000000
tan 0.984748 0.070680 0.049042 1.000000
tan 0.946804 0.011718 0.005084 1.000000
tan 1.000000 0.031496 -0.000000 1.000000
tan 0.977990 0.000000 0.000000 1.000000
tan 1.000000 -0.024552 0.039370 1.000000
tan 1.000000 0.023064 0.023622 1.000000
tan 0.866514 -0.497179 -0.016554 1.000000
tan 0.531775 -0.835328 -0.103664 1.000000
tan 0.640585 -0.765639 0.007998 1.000000
tan 0.945006 -0.051212 0.100936 1.000000
tan 0.903590 -0.364065 -0.126232 1.000000
tan 0.952260 -0.007626 0.036890 1.000000
tan 0.760804 -0.643747 0.068200 1.000000
tan 0.992126 0.000000 0.000000 1.000000
tan 0.992126 -0.003348 0.023436 1.000000
tan 0.937814 -0.132308 -0.179924 1.000000
tan 0.950834 0.083328 0.108314 1.000000
tan 0.708847 -0.700973 -0.000062 1.000000
tan 0.718023 0.699795 -0.055676 1.000000
tan 0.673321 -0.725897 -0.040424 1.000000
tan 0.594271 0.788021 -0.151404 1.000000
tan 0.826586 -0.529295 0.015872 1.000000
tan 0.671833 0.725897 0.034720 1.000000
tan 0.993304 -0.116746 0.038192 1.000000
tan 0.826586 0.536983 -0.041664 1.000000
tan 0.984748 -0.070680 0.049042 1.000000
tan 0.989584 0.132990 -0.050468 1.000000
tan 0.989522 0.092442 -0.070308 1.000000
tan -0.764400 -0.023498 0.546903 1.000000
tan -0.842520 0.028458 0.543307 1.000000
tan -0.816294 -0.003472 0.539029 1.000000
tan -0.858268 -0.023002 0.511811 1.000000
tan -0.850394 0.023312 0.527559 1.000000
tan -0.725339 -0.491289 0.474363 1.000000
tan -0.434063 -0.807117 0.251783 1.000000
tan -0.551491 -0.761361 0.329407 1.000000
tan -0.821378 -0.029512 0.465373 1.000000
tan -0.727013 -0.499597 0.452973 1.000000
tan -0.792362 0.008804 0.515035 1.000000
tan -0.738546 -0.632773 0.197842 1.000000
tan -0.828074 -0.003534 0.539029 1.000000
tan -0.835886 0.003534 0.531217 1.000000
tan -0.667865 -0.142476 0.661293 1.000000
tan -0.806312 0.026040 0.491971 1.000000
tan -0.628123 -0.696633 0.330275 1.000000
tan -0.612375 0.702089 0.371939 1.000000
tan -0.639469 -0.727261 0.117924 1.000000
tan -0.451423 0.785976 0.380185 1.000000
tan -0.790626 -0.577159 0.230888 1.000000
tan -0.581561 0.732841 0.339389 1.000000
tan -0.805940 -0.036828 0.558931 1.000000
tan -0.554405 0.569719 0.606919 1.000000
tan -0.791990 -0.009672 0.549631 1.000000
tan -0.737305 0.214396 0.630789 1.000000
tan -0.732097 0.141174 0.625457 1.000000
tan -0.816294 -0.003472 0.539029 1.000000
tan -0.764400 -0.023498 0.546903 1.000000
tan -0.842520 0.028458 0.543307 1.000000
tan -0.858268 -0.023002 0.511811 1.000000
tan -0.725339 -0.488871 0.467543 1.000000
tan -0.850394 0.023064 0.519685 1.000000
tan -0.446153 -0.805381 0.247629 1.000000
tan -0.556513 -0.761857 0.324385 1.000000
tan -0.828632 -0.031248 0.465373 1.000000
tan -0.727013 -0.499597 0.452973 1.000000
tan -0.800174 0.011470 0.515035 1.000000
tan -0.752062 -0.637361 0.200260 1.000000
tan -0.835886 -0.004092 0.539029 1.000000
tan -0.843698 0.002046 0.523405 1.000000
tan -0.674375 -0.136338 0.654783 1.000000
tan -0.628123 -0.696633 0.330275 1.000000
tan -0.819332 0.035526 0.470395 1.000000
tan -0.640833 -0.733957 0.107632 1.000000
tan -0.629239 0.700477 0.339823 1.000000
tan -0.790874 -0.573997 0.217992 1.000000
tan -0.461901 0.795834 0.365801 1.000000
tan -0.822494 -0.064728 0.536859 1.000000
tan -0.582429 0.736871 0.343419 1.000000
tan -0.811458 -0.021948 0.525017 1.000000
tan -0.554405 0.569719 0.606919 1.000000
tan -0.716473 0.234919 0.641515 1.000000
tan -0.720193 0.159898 0.643313 1.000000
tan -0.017484 -0.360469 0.930002 1.000000
tan -0.532209 -0.783619 0.277451 1.000000
tan 0.205530 -0.871164 0.344659 1.000000
tan 0.171864 -0.976502 -0.007688 1.000000
tan -0.114886 -0.313348 0.922066 1.000000
tan -0.205530 -0.871164 -0.344659 1.000000
tan 0.499163 -0.801290 -0.301569 1.000000
tan 0.105896 -0.266477 -0.953066 1.000000
tan -0.259843 -0.968504 0.000558 1.000000
tan 0.031000 -0.984252 -0.021452 1.000000
tan 0.114886 -0.313349 -0.922066 1.000000
tan -0.004712 -0.906566 0.030194 1.000000
tan -0.692913 -0.028272 0.724409 1.000000
tan -0.818898 -0.028272 0.566929 1.000000
tan -0.672763 -0.702337 0.180234 1.000000
tan 0.006324 -0.939302 0.029016 1.000000
tan 0.001736 -0.912952 -0.022258 1.000000
tan 0.692913 -0.028272 -0.724409 1.000000
tan -0.006324 -0.939302 -0.029016 1.000000
tan 0.818898 -0.028272 -0.566929 1.000000
tan 0.672763 -0.702337 -0.180234 1.000000
tan -0.842520 -0.028458 0.543307 1.000000
tan -0.764400 0.023498 0.546903 1.000000
tan -0.816294 0.003472 0.539029 1.000000
tan -0.858268 0.023002 0.511811 1.000000
tan -0.850394 -0.023064 0.519685 1.000000
tan -0.725339 0.488871 0.467543 1.000000
tan -0.556513 0.761857 0.324385 1.000000
tan -0.443053 0.802281 0.249302 1.000000
tan -0.828632 0.031248 0.465373 1.000000
tan -0.715481 0.513857 0.459793 1.000000
tan -0.800174 -0.011470 0.515035 1.000000
tan -0.828074 0.007192 0.546841 1.000000
tan -0.843698 0.000372 0.515593 1.000000
tan -0.825842 -0.052080 0.459421 1.000000
tan -0.480377 -0.770351 0.368839 1.000000
tan -0.680885 0.130200 0.648273 1.000000
tan -0.633145 -0.705871 0.321223 1.000000
tan -0.647033 0.694835 0.313659 1.000000
tan -0.582429 -0.736871 0.343419 1.000000
tan -0.632401 0.754417 0.046872 1.000000
tan -0.554405 -0.569719 0.606919 1.000000
tan -0.641329 0.733213 0.107632 1.000000
tan -0.716473 -0.234918 0.641515 1.000000
tan -0.790874 0.573997 0.217992 1.000000
tan -0.720193 -0.159898 0.643313 1.000000
tan -0.822494 0.069192 0.531341 1.000000
tan -0.811458 0.021948 0.525017 1.000000
tan 0.000000 -0.992126 0.000000 1.000000
tan 0.687643 -0.726145 0.006324 1.000000
tan 0.007874 -1.000000 0.000000 1.000000
tan -0.007874 -0.992126 0.000000 1.000000
tan -0.007502 -1.000000 -0.007874 1.000000
tan 0.007254 -0.948602 -0.003038 1.000000
tan 0.022010 -0.932110 -0.001054 1.000000
tan -0.080352 -0.948230 0.049848 1.000000
tan -0.649947 -0.543369 0.418129 1.000000
tan 0.009176 -0.952756 0.291339 1.000000
tan -0.008246 -1.000000 -0.007874 1.000000
tan -0.885238 -0.227664 0.360097 1.000000
tan 0.000000 -0.985058 0.000000 1.000000
tan -0.585591 -0.725959 0.366979 1.000000
tan -0.003968 -0.897390 0.007316 1.000000
tan 0.006944 -0.985058 -0.003720 1.000000
tan 0.015686 -0.947734 0.012152 1.000000
tan -0.008804 -0.954988 0.013020 1.000000
tan -0.034906 -0.901048 0.037386 1.000000
tan 0.033480 -0.941906 -0.071300 1.000000
tan 0.246761 -0.726393 -0.553785 1.000000
tan -0.267035 -0.852874 -0.380433 1.000000
tan 0.016554 -0.961808 0.010044 1.000000
tan 0.585157 -0.234733 -0.750201 1.000000
tan -0.043462 -0.976936 0.064108 1.000000
tan 0.566371 -0.675181 0.462025 1.000000
tan -0.152396 -0.930808 0.144956 1.000000
tan -0.098766 -0.965900 0.130200 1.000000
tan -0.194618 -0.948850 0.172298 1.000000
tan 0.259161 -0.839481 0.335545 1.000000
tan -0.062992 -1.000000 0.007874 1.000000
tan 0.017050 -0.763841 0.637671 1.000000
tan 0.316635 -0.688077 0.645359 1.000000
tan 0.051150 -0.637795 0.763779 1.000000
tan -0.051150 -0.637795 0.763779 1.000000
tan -0.034100 -0.763779 0.637795 1.000000
tan -0.295927 -0.649761 0.689255 1.000000
tan 0.062992 -1.000000 0.007874 1.000000
tan 0.294997 -0.883254 0.252837 1.000000
tan -0.334429 -0.812635 0.365987 1.000000
tan 0.139004 -0.954864 0.178250 1.000000
tan 0.038440 -0.976936 0.058094 1.000000
tan -0.559985 -0.686217 0.457375 1.000000
tan 0.153140 -0.923058 0.162688 1.000000
tan 0.039370 -1.000000 0.007874 1.000000
tan -0.061194 -0.685039 0.724409 1.000000
tan -0.039370 -1.000000 0.007874 1.000000
tan 0.061504 -0.692913 0.724409 1.000000
tan 0.043462 -0.976936 -0.064108 1.000000
tan -0.566371 -0.675181 -0.462025 1.000000
tan 0.134168 -0.936884 -0.130014 1.000000
tan 0.093744 -0.965900 -0.124186 1.000000
tan 0.170562 -0.954864 -0.152272 1.000000
tan -0.252030 -0.846612 -0.334987 1.000000
tan -0.017050 -0.763841 -0.637671 1.000000
tan -0.342241 -0.699485 -0.622977 1.000000
tan -0.051150 -0.637795 -0.763779 1.000000
tan 0.051150 -0.637795 -0.763779 1.000000
tan 0.039370 -1.000000 -0.056358 1.000000
tan 0.045136 -0.763779 -0.637795 1.000000
tan 0.285821 -0.640213 -0.698245 1.000000
tan -0.047244 -1.000000 -0.024366 1.000000
tan -0.252402 -0.900428 -0.217806 1.000000
tan 0.370079 -0.808110 -0.348007 1.000000
tan -0.128960 -0.959886 -0.166284 1.000000
tan -0.033418 -0.976936 -0.052080 1.000000
tan 0.569161 -0.686899 -0.447517 1.000000
tan -0.147064 -0.923058 -0.157728 1.000000
tan -0.039370 -1.000000 -0.016058 1.000000
tan 0.061194 -0.685039 -0.724409 1.000000
tan 0.039370 -1.000000 -0.023932 1.000000
tan -0.061504 -0.692913 -0.724409 1.000000
tan 0.023622 -1.000000 0.000000 1.000000
tan -0.015748 -1.000000 0.007874 1.000000
tan -0.015748 -1.000000 -0.007874 1.000000
tan 0.015748 -1.000000 0.015872 1.000000
tan -0.007440 -0.956972 -0.160890 1.000000
tan -0.053816 -0.197718 -0.976378 1.000000
tan 0.015562 -0.962614 0.184946 1.000000
tan 0.053816 -0.213467 -0.976378 1.000000
tan 0.053816 -0.213466 0.976378 1.000000
tan 0.015562 -0.962614 -0.184946 1.000000
tan -0.053816 -0.197718 0.976378 1.000000
tan -0.007440 -0.956972 0.160890 1.000000
tan -0.002604 -0.850642 -0.519933 1.000000
tan 0.099944 -0.203112 -0.968690 1.000000
tan 0.449873 -0.301135 -0.797135 1.000000
tan -0.037820 -0.512121 -0.858206 1.000000
tan -0.393701 -0.012400 -0.921260 1.000000
tan 0.002108 -0.827082 -0.559365 1.000000
tan 0.125984 -0.992126 -0.001984 1.000000
tan 0.015314 -0.984314 -0.148428 1.000000
tan -0.015314 -0.984314 0.148428 1.000000
tan -0.133858 -0.992126 -0.002108 1.000000
tan -0.016120 -0.976502 -0.156240 1.000000
tan 0.015314 -0.976502 0.148428 1.000000
tan -0.133858 -0.992126 0.002108 1.000000
tan 0.133858 -0.992126 0.002108 1.000000
tan 0.002604 -0.850642 0.519933 1.000000
tan -0.002108 -0.827082 0.559365 1.000000
tan -0.449873 -0.301134 0.797136 1.000000
tan -0.099944 -0.203112 0.968690 1.000000
tan 0.037820 -0.512121 0.858206 1.000000
tan 0.393701 -0.012400 0.921260 1.000000
tan -0.314713 -0.881394 -0.198152 1.000000
tan 0.799554 0.053196 0.561225 1.000000
tan 0.891500 -0.165912 0.379565 1.000000
tan 0.010478 -1.000000 -0.055118 1.000000
tan -0.006944 -0.976378 0.220473 1.000000
tan -0.595511 -0.803769 0.045942 1.000000
tan -0.650505 -0.264492 0.711017 1.000000
tan 0.277079 -0.897080 0.167772 1.000000
tan -0.095170 -0.924794 -0.030876 1.000000
tan -0.079794 -0.941348 -0.033418 1.000000
tan -0.569905 -0.320913 0.739537 1.000000
tan -0.009176 -1.000000 -0.023622 1.000000
tan 0.005270 -1.000000 -0.055118 1.000000
tan -0.976378 -0.027900 0.204724 1.000000
tan 0.007874 -0.992126 0.000000 1.000000
tan -1.000000 -0.031496 0.015748 1.000000
tan -0.000806 -0.992126 0.007812 1.000000
tan -0.703391 -0.702523 0.005518 1.000000
tan -0.009300 -0.850642 -0.520181 1.000000
tan 0.099944 -0.203112 -0.968690 1.000000
tan 0.436233 -0.293695 -0.803955 1.000000
tan -0.031062 -0.512059 -0.858206 1.000000
tan -0.377953 -0.011904 -0.929134 1.000000
tan 0.008618 -0.827082 -0.559675 1.000000
tan 0.141732 -0.992126 -0.002232 1.000000
tan 0.016926 -0.976502 -0.164052 1.000000
tan 0.010292 -0.992126 -0.023436 1.000000
tan 0.015748 -1.000000 0.007626 1.000000
tan -0.015748 -1.000000 0.007626 1.000000
tan -0.141732 -0.992126 -0.002232 1.000000
tan -0.016926 -0.976502 -0.164052 1.000000
tan -0.010292 -0.992126 -0.023436 1.000000
tan 0.244094 -0.968504 -0.003844 1.000000
tan -0.976378 0.047244 -0.000000 1.000000
tan -0.960878 -0.157604 0.122016 1.000000
tan 0.035960 -0.944882 0.076570 1.000000
tan -0.175956 -0.897080 -0.290594 1.000000
tan 0.525947 -0.796516 -0.252712 1.000000
tan 0.121024 -0.266601 -0.953066 1.000000
tan -0.212598 -0.976378 0.006696 1.000000
tan 0.077500 -0.984252 -0.022754 1.000000
tan 0.069750 -0.985616 -0.012276 1.000000
tan 0.138942 -0.300701 -0.923678 1.000000
tan 0.044888 -0.908116 0.049538 1.000000
tan 0.047740 -0.960010 0.079422 1.000000
tan 0.708661 -0.027900 -0.708661 1.000000
tan -0.007812 -0.939302 0.000992 1.000000
tan 0.834646 -0.028520 -0.559055 1.000000
tan -0.003534 -0.939302 -0.007006 1.000000
tan 0.672763 -0.700043 -0.174716 1.000000
tan 0.133548 -0.808729 0.493521 1.000000
tan 0.438217 -0.203608 0.868746 1.000000
tan 0.173104 -0.242110 0.900366 1.000000
tan 0.462955 -0.516647 0.720875 1.000000
tan 0.818898 -0.010292 0.574803 1.000000
tan 0.160084 -0.796453 0.543989 1.000000
tan -0.197160 -0.927398 0.130200 1.000000
tan 0.102486 -0.918284 0.203174 1.000000
tan 0.006324 -0.939302 0.029016 1.000000
tan -0.028520 -0.958026 0.009796 1.000000
tan 0.024614 -0.946680 -0.024490 1.000000
tan 0.192386 -0.922562 -0.122264 1.000000
tan 0.188480 -0.939488 0.233245 1.000000
tan 0.036704 -0.985058 0.033108 1.000000
tan 0.135222 -0.805257 0.490049 1.000000
tan 0.438217 -0.204972 0.876434 1.000000
tan 0.179924 -0.239072 0.900366 1.000000
tan 0.462955 -0.520057 0.727633 1.000000
tan 0.818898 -0.010292 0.574803 1.000000
tan 0.155682 -0.792671 0.543989 1.000000
tan -0.184016 -0.933970 0.121520 1.000000
tan 0.103044 -0.918284 0.188170 1.000000
tan -0.103044 -0.918284 -0.188170 1.000000
tan 0.180792 -0.928142 -0.112158 1.000000
tan 0.166904 -0.945626 0.218365 1.000000
tan -0.166904 -0.945626 -0.218364 1.000000
tan 0.190588 -0.933970 -0.125860 1.000000
tan -0.187488 -0.928142 0.116312 1.000000
tan -0.135222 -0.805258 -0.490049 1.000000
tan -0.155682 -0.792672 -0.543989 1.000000
tan -0.179924 -0.239073 -0.900366 1.000000
tan -0.438217 -0.204972 -0.876434 1.000000
tan -0.462955 -0.520057 -0.727633 1.000000
tan -0.818898 -0.010292 -0.574803 1.000000
tan -0.638043 -0.763655 -0.034100 1.000000
tan -0.638725 -0.771963 0.013206 1.000000
tan -0.772150 -0.637547 0.016120 1.000000
tan -0.763903 -0.637671 -0.022072 1.000000
tan -0.597495 -0.765391 -0.116932 1.000000
tan -1.000000 -0.000620 -0.039370 1.000000
tan -0.954864 -0.135594 -0.162378 1.000000
tan -0.976936 0.055242 0.066154 1.000000
tan -1.000000 0.000248 0.015748 1.000000
tan -0.796020 0.597433 -0.039184 1.000000
tan -1.000000 -0.000372 0.047244 1.000000
tan -1.000000 -0.000124 0.015748 1.000000
tan -0.764090 0.637361 0.067208 1.000000
tan -0.907744 0.033728 -0.034410 1.000000
tan -0.876434 -0.134292 0.221464 1.000000
tan -0.920330 -0.047430 -0.108810 1.000000
tan -0.908798 0.014446 0.014198 1.000000
tan -0.764400 -0.637485 0.016058 1.000000
tan -0.677785 -0.686465 0.187116 1.000000
tan -0.638043 -0.763655 0.034100 1.000000
tan -0.638167 -0.771653 -0.012152 1.000000
tan -0.772274 -0.629921 -0.009920 1.000000
tan -1.000000 -0.000310 -0.039370 1.000000
tan -1.000000 -0.000620 0.039370 1.000000
tan -0.954864 -0.140616 0.168392 1.000000
tan -1.000000 -0.000062 -0.007874 1.000000
tan -0.764090 0.637361 -0.067208 1.000000
tan -1.000000 0.000248 -0.015748 1.000000
tan -0.976936 0.055242 -0.066154 1.000000
tan -0.788704 0.604997 0.032922 1.000000
tan 0.763656 -0.638043 0.034100 1.000000
tan 0.771964 -0.638725 -0.013206 1.000000
tan 0.637547 -0.771901 -0.011098 1.000000
tan 0.637671 -0.763841 0.017050 1.000000
tan 0.765392 -0.597495 0.116932 1.000000
tan 0.008618 -1.000000 0.047244 1.000000
tan 0.157294 -0.954864 0.176576 1.000000
tan 0.067022 -0.976936 0.068200 1.000000
tan 0.008246 -1.000000 0.023622 1.000000
tan 0.653171 -0.756463 -0.027342 1.000000
tan 0.008432 -1.000000 -0.070866 1.000000
tan 0.008122 -1.000000 -0.031496 1.000000
tan 0.653543 -0.755967 -0.005146 1.000000
tan 0.140740 -0.873458 -0.280364 1.000000
tan 0.054684 -0.940046 -0.133858 1.000000
tan 0.637795 -0.764089 -0.005022 1.000000
tan 0.685659 -0.671213 -0.181722 1.000000
tan 0.763656 -0.638043 -0.034100 1.000000
tan 0.771654 -0.638167 0.012152 1.000000
tan 0.629921 -0.772273 0.009920 1.000000
tan 0.099076 -0.919958 0.172484 1.000000
tan 0.053568 -0.940976 0.084940 1.000000
tan 0.008308 -1.000000 0.055118 1.000000
tan 0.008122 -1.000000 0.031496 1.000000
tan 0.008246 -1.000000 -0.023622 1.000000
tan 0.684729 -0.725649 0.027280 1.000000
tan 0.072044 -0.976936 -0.074214 1.000000
tan 0.157294 -0.954864 -0.176576 1.000000
tan 0.008618 -1.000000 -0.047244 1.000000
tan -0.274537 -0.905698 -0.172856 1.000000
tan -0.580321 -0.732159 -0.243040 1.000000
tan 0.062000 -0.165850 -0.984252 1.000000
tan 0.165354 -0.010354 -0.984252 1.000000
tan -0.044454 -0.212599 -0.976378 1.000000
tan -0.023436 0.102734 -0.992126 1.000000
tan 0.097092 0.257796 -0.960878 1.000000
tan 0.346457 0.937008 -0.012834 1.000000
tan -0.346457 0.937008 -0.012834 1.000000
tan -0.165354 -0.010354 -0.984252 1.000000
tan 0.023436 0.102734 -0.992126 1.000000
tan -0.097092 0.257796 -0.960878 1.000000
tan 0.044454 -0.212599 -0.976378 1.000000
tan 0.580321 -0.732159 -0.243040 1.000000
tan -0.007874 0.015624 -1.000000 1.000000
tan 0.274537 -0.903900 -0.170314 1.000000
tan 0.000000 0.070866 -1.000000 1.000000
tan -0.228346 -0.040238 -0.976378 1.000000
tan 0.220472 -0.040176 -0.976378 1.000000
tan 0.061194 -0.685411 -0.724099 1.000000
tan 0.210366 -0.793912 -0.555459 1.000000
tan 0.414595 -0.757889 -0.391035 1.000000
tan -0.061194 -0.685411 -0.724099 1.000000
tan 0.255626 -0.844566 -0.404923 1.000000
tan 0.029946 -0.874016 -0.488189 1.000000
tan -0.005828 -0.929134 -0.370079 1.000000
tan 0.190836 -0.813070 -0.540331 1.000000
tan -0.358361 -0.839172 -0.400521 1.000000
tan -0.005704 -0.984252 -0.181102 1.000000
tan -0.349681 -0.831794 -0.389733 1.000000
tan -0.282349 -0.910224 -0.225308 1.000000
tan -0.253705 -0.930808 -0.234608 1.000000
tan -0.199454 -0.715543 0.661479 1.000000
tan 0.055800 -0.724719 -0.692603 1.000000
tan -0.078740 -1.000000 -0.036456 1.000000
tan -0.117180 -0.984314 0.010416 1.000000
tan 0.015500 -0.984252 0.157480 1.000000
tan 0.199640 -0.700601 0.677289 1.000000
tan -0.047244 -1.000000 0.008990 1.000000
tan 0.023622 -1.000000 -0.016492 1.000000
tan 0.140616 -0.984314 -0.018972 1.000000
tan -0.057288 -0.943022 0.163680 1.000000
tan 0.049600 -0.942402 -0.148800 1.000000
tan 0.144956 -0.305846 0.945192 1.000000
tan -0.114142 -0.321223 -0.937380 1.000000
tan 0.039370 -1.000000 0.008494 1.000000
tan -0.144956 -0.305846 0.945192 1.000000
tan 0.057288 -0.943022 0.163680 1.000000
tan -0.023622 -1.000000 -0.008804 1.000000
tan 0.111600 -0.321223 -0.937442 1.000000
tan -0.049600 -0.942402 -0.148800 1.000000
tan 0.070866 -1.000000 -0.035402 1.000000
tan 0.247938 -0.936574 -0.229276 1.000000
tan 0.344473 -0.831050 -0.379689 1.000000
tan -0.055800 -0.724719 -0.692603 1.000000
tan 0.279001 -0.916796 -0.220410 1.000000
tan 0.353091 -0.844442 -0.394631 1.000000
tan 0.005456 -0.984252 -0.173228 1.000000
tan 0.008742 -0.929134 -0.370079 1.000000
tan -0.195176 -0.813070 -0.535185 1.000000
tan -0.255626 -0.844566 -0.404923 1.000000
tan -0.029946 -0.874016 -0.488189 1.000000
tan -0.407217 -0.766073 -0.377333 1.000000
tan -0.210366 -0.793912 -0.555459 1.000000
tan 0.212598 -0.976378 -0.003348 1.000000
tan 0.550251 -0.815116 -0.096844 1.000000
tan 0.472751 -0.162812 0.868002 1.000000
tan 0.401575 -0.004030 0.913386 1.000000
tan 0.577221 -0.116932 0.805009 1.000000
tan 0.554653 0.104718 0.820262 1.000000
tan 0.443239 0.178746 0.875566 1.000000
tan -0.431831 0.818030 0.292888 1.000000
tan 0.432885 0.817037 -0.267469 1.000000
tan 0.677165 -0.010664 0.740157 1.000000
tan 0.523405 0.105276 0.843698 1.000000
tan 0.623969 0.142848 0.773947 1.000000
tan 0.501085 -0.134664 0.859136 1.000000
tan -0.409387 -0.648273 0.605431 1.000000
tan 0.551181 0.015376 0.834646 1.000000
tan -0.113832 -0.910038 0.242421 1.000000
tan 0.543307 0.065472 0.842520 1.000000
tan 0.716535 -0.038750 0.692913 1.000000
tan 0.346457 -0.042346 0.937008 1.000000
tan 0.240561 -0.678343 0.690557 1.000000
tan 0.164610 -0.785851 0.587761 1.000000
tan 0.106826 -0.726021 0.653543 1.000000
tan 0.409325 -0.688201 0.598177 1.000000
tan 0.137640 -0.829189 0.529729 1.000000
tan 0.323455 -0.723293 0.567239 1.000000
tan 0.312543 -0.787463 0.462211 1.000000
tan 0.149544 -0.811457 0.560977 1.000000
tan 0.327919 -0.919214 0.087978 1.000000
tan 0.169632 -0.911154 0.245025 1.000000
tan 0.189100 -0.945502 0.046500 1.000000
tan 0.203112 -0.968690 0.019344 1.000000
tan 0.186000 -0.970116 0.032736 1.000000
tan -0.023250 -0.682745 -0.720689 1.000000
tan 0.223014 -0.706119 0.665075 1.000000
tan 0.101804 -0.937938 -0.023064 1.000000
tan 0.174406 -0.882882 -0.111414 1.000000
tan -0.069440 -0.941782 -0.134416 1.000000
tan -0.590365 -0.689689 -0.409759 1.000000
tan 0.089962 -0.898568 -0.070246 1.000000
tan -0.049104 -0.895282 0.051212 1.000000
tan -0.196416 -0.953500 0.169818 1.000000
tan -0.037200 -0.956972 -0.152520 1.000000
tan 0.035712 -0.964846 0.137268 1.000000
tan -0.632153 -0.303057 -0.711327 1.000000
tan 0.604749 -0.322091 0.727695 1.000000
tan -0.074400 -0.893546 0.037882 1.000000
tan -0.357989 -0.306157 -0.878976 1.000000
tan -0.204600 -0.939674 -0.159588 1.000000
tan 0.047926 -0.891810 -0.020398 1.000000
tan 0.384711 -0.319425 0.864344 1.000000
tan 0.190278 -0.944572 0.151838 1.000000
tan -0.089776 -0.953810 0.103416 1.000000
tan -0.048050 -0.957096 0.190650 1.000000
tan -0.031186 -0.976502 0.164052 1.000000
tan 0.382603 -0.718767 0.573005 1.000000
tan -0.076260 -0.927832 0.223201 1.000000
tan -0.049600 -0.937752 0.310001 1.000000
tan 0.139128 -0.917354 0.229773 1.000000
tan 0.282473 -0.800235 0.455329 1.000000
tan 0.486453 -0.838366 0.215016 1.000000
tan 0.447455 -0.868560 0.185938 1.000000
tan 0.413665 -0.691425 0.566433 1.000000
tan 0.576663 -0.805505 0.146382 1.000000
tan 0.504185 -0.820944 0.234547 1.000000
tan -0.008928 -0.960630 0.283465 1.000000
tan -0.596131 -0.796143 0.099510 1.000000
tan -0.625333 -0.246946 0.739723 1.000000
tan 0.349867 -0.865956 0.219791 1.000000
tan -0.349867 -0.865956 -0.219790 1.000000
tan -0.012524 -0.929630 -0.335917 1.000000
tan 0.612685 -0.265547 -0.741273 1.000000
tan -0.029388 -0.932110 0.003844 1.000000
tan -0.523281 -0.332941 0.768615 1.000000
tan 0.036952 -0.935086 -0.008742 1.000000
tan 0.530535 -0.329903 -0.761361 1.000000
tan -0.007006 -1.000000 0.015748 1.000000
tan -0.968504 -0.028644 0.244094 1.000000
tan -1.000000 -0.031496 0.039370 1.000000
tan -0.704259 -0.701655 0.016554 1.000000
tan -0.003224 -0.992126 0.031248 1.000000
tan 0.002418 -0.992126 -0.023436 1.000000
tan 0.014880 -1.000000 -0.015748 1.000000
tan 0.704259 -0.702523 -0.011036 1.000000
tan 0.968504 -0.028458 -0.236220 1.000000
tan 1.000000 -0.031496 -0.031496 1.000000
tan 0.817658 -0.551181 -0.121272 1.000000
tan 0.893112 -0.149110 -0.313845 1.000000
tan -0.055056 -0.952322 -0.092752 1.000000
tan -0.033728 -0.954306 -0.053568 1.000000
tan 0.498481 -0.322277 -0.803521 1.000000
tan -0.017050 -0.990142 0.057040 1.000000
tan -0.071362 -0.951516 0.028272 1.000000
tan -0.813752 -0.088474 0.550251 1.000000
tan -0.515841 -0.303614 0.804328 1.000000
tan -0.009176 -0.969186 0.002728 1.000000
tan -0.210924 -0.134726 -0.968690 1.000000
tan -0.019158 -0.937814 0.033294 1.000000
tan 0.195300 -0.101556 0.968690 1.000000
tan -0.002046 -0.941658 -0.023436 1.000000
tan -0.843698 -0.112654 -0.523405 1.000000
tan 0.005890 -0.999132 0.016430 1.000000
tan 0.835886 -0.087296 0.539029 1.000000
tan -0.055800 -1.004402 0.011160 1.000000
tan -0.922562 -0.334553 0.193440 1.000000
tan -0.005146 -0.956104 0.007812 1.000000
tan 0.931180 -0.292331 -0.185380 1.000000
tan 0.798252 -0.074400 -0.573501 1.000000
tan 0.019220 -0.970798 0.000248 1.000000
tan -0.114576 -0.979974 -0.039928 1.000000
tan -0.055118 -0.966768 0.001302 1.000000
tan -0.123628 -0.960134 -0.065720 1.000000
tan -0.368467 -0.574369 0.724347 1.000000
tan -0.580197 -0.153512 0.751069 1.000000
tan -0.537789 -0.679769 -0.487197 1.000000
tan -0.898320 -0.174468 -0.304235 1.000000
tan 0.000000 -1.000000 0.062992 1.000000
tan -0.001550 -1.000000 0.039370 1.000000
tan -0.885362 -0.341559 0.334801 1.000000
tan 0.037448 -0.972348 -0.008246 1.000000
tan 0.063178 -1.000000 -0.007874 1.000000
tan 0.984252 -0.071920 0.007750 1.000000
tan 0.892244 -0.294811 -0.332383 1.000000
tan 0.382789 -0.085870 -0.914006 1.000000
tan 0.000000 -0.957902 0.000000 1.000000
tan -0.000124 -0.985678 0.015748 1.000000
tan -0.367165 -0.140430 0.921818 1.000000
tan 0.007874 -0.985678 -0.014322 1.000000
tan -0.374977 -0.108376 -0.921818 1.000000
tan 0.015686 -0.985678 0.020770 1.000000
tan 0.382789 -0.110670 0.914006 1.000000
tan -0.000062 -0.985678 -0.007874 1.000000
tan -0.892182 -0.305475 -0.339947 1.000000
tan 0.039370 -0.960506 0.001860 1.000000
tan 0.885362 -0.319735 0.319921 1.000000
tan 0.007874 -0.972348 0.000124 1.000000
tan -0.984252 -0.079856 0.007750 1.000000
tan -0.007874 -1.000000 0.000000 1.000000
tan 0.050964 -0.992126 0.046872 1.000000
tan 0.048236 -1.000000 0.062992 1.000000
tan 0.906070 -0.148986 -0.285883 1.000000
tan 0.549569 -0.666873 -0.469527 1.000000
tan 0.821812 -0.560047 -0.092008 1.000000
tan 0.900428 -0.159774 -0.284581 1.000000
tan -0.056420 -0.949346 -0.085436 1.000000
tan -0.033232 -0.944076 -0.053568 1.000000
tan 0.520801 -0.336289 -0.788641 1.000000
tan -0.013578 -0.992498 0.030132 1.000000
tan -0.049166 -0.946680 0.020088 1.000000
tan -0.829252 -0.074276 0.534751 1.000000
tan -0.538471 -0.294624 0.781883 1.000000
tan 0.179676 -0.083204 0.976502 1.000000
tan 0.000000 -0.969868 0.000000 1.000000
tan -0.001116 -0.948602 -0.015748 1.000000
tan -0.187488 -0.135904 -0.976502 1.000000
tan -0.006014 -0.952260 0.018848 1.000000
tan 0.820262 -0.103230 0.562465 1.000000
tan -0.032550 -1.000434 -0.001488 1.000000
tan -0.828074 -0.109120 -0.546841 1.000000
tan -0.000372 -0.994110 0.011284 1.000000
tan 0.938558 -0.305289 -0.170252 1.000000
tan -0.031496 -0.972224 0.000496 1.000000
tan -0.930002 -0.319363 0.171120 1.000000
tan -0.007874 -0.960878 0.000372 1.000000
tan 0.813752 -0.082770 -0.558001 1.000000
tan 0.011966 -0.961808 0.004092 1.000000
tan -0.093248 -0.965094 -0.059644 1.000000
tan -0.098828 -0.948478 -0.079360 1.000000
tan -0.594953 -0.151218 0.736003 1.000000
tan -0.371691 -0.584351 0.718271 1.000000
tan -0.537789 -0.679769 -0.487197 1.000000
tan -0.898320 -0.174468 -0.304235 1.000000
tan 0.000000 -1.000000 0.062992 1.000000
tan -0.001240 -1.000000 0.039370 1.000000
tan -0.885362 -0.340691 0.327361 1.000000
tan 0.029574 -0.972348 -0.008122 1.000000
tan 0.055304 -1.000000 -0.007874 1.000000
tan 0.984252 -0.071920 0.007750 1.000000
tan 0.892244 -0.294811 -0.332383 1.000000
tan 0.382789 -0.085870 -0.914006 1.000000
tan 0.000000 -0.957902 0.000000 1.000000
tan -0.000124 -0.985678 0.015748 1.000000
tan -0.367165 -0.140430 0.921818 1.000000
tan 0.007874 -0.985678 -0.014322 1.000000
tan -0.374977 -0.108376 -0.921818 1.000000
tan 0.015686 -0.985678 0.020770 1.000000
tan 0.382789 -0.110670 0.914006 1.000000
tan -0.000062 -0.985678 -0.007874 1.000000
tan -0.892182 -0.305475 -0.339947 1.000000
tan 0.031496 -0.960506 0.001488 1.000000
tan 0.885362 -0.319735 0.319921 1.000000
tan 0.007874 -0.972224 0.000124 1.000000
tan -0.984252 -0.079856 0.007750 1.000000
tan -0.007874 -1.000000 0.000000 1.000000
tan 0.042346 -1.000000 0.047244 1.000000
tan 0.040362 -1.000000 0.062992 1.000000
tan 0.906070 -0.148986 -0.285883 1.000000
tan 0.549569 -0.666873 -0.469527 1.000000
tan -0.684729 -0.725649 -0.027280 1.000000
tan -0.072044 -0.976936 0.074214 1.000000
tan -0.008246 -1.000000 0.023622 1.000000
tan -0.082088 -0.971914 0.086304 1.000000
tan -0.653543 -0.755967 0.005146 1.000000
tan -0.008246 -1.000000 0.023622 1.000000
tan -0.597681 -0.795771 -0.028210 1.000000
tan -0.008122 -1.000000 -0.031496 1.000000
tan -0.637485 -0.763965 0.045136 1.000000
tan -0.087048 -0.900428 -0.125178 1.000000
tan -0.008060 -1.000000 -0.023622 1.000000
tan -0.044082 -0.940976 -0.063364 1.000000
tan -0.042470 -0.940108 0.096658 1.000000
tan -0.094364 -0.894538 0.170996 1.000000
tan -0.008060 -1.000000 0.023622 1.000000
tan -0.653171 -0.756463 0.027342 1.000000
tan -0.008122 -1.000000 0.031496 1.000000
tan -0.637485 -0.763965 -0.045136 1.000000
tan -0.008246 -1.000000 -0.023622 1.000000
tan -0.067022 -0.976936 -0.068200 1.000000
tan -0.008246 -1.000000 -0.023622 1.000000
tan -0.604997 -0.788703 0.032922 1.000000
tan -0.082088 -0.971914 -0.086304 1.000000
tan -1.000000 0.000000 0.031496 1.000000
tan -0.700787 -0.716535 0.000000 1.000000
tan -0.968690 -0.151094 0.210924 1.000000
tan -0.733709 -0.358733 0.576043 1.000000
tan -0.261827 -0.961622 -0.013082 1.000000
tan 0.559117 -0.834646 0.006572 1.000000
tan 0.598983 -0.559985 -0.566929 1.000000
tan 0.298717 -0.945936 0.049786 1.000000
tan 0.968690 -0.151094 -0.210924 1.000000
tan 1.000000 -0.000000 -0.031496 1.000000
tan 1.000000 0.000000 0.039370 1.000000
tan 0.733771 -0.363631 0.576043 1.000000
tan 0.968690 -0.151094 0.210924 1.000000
tan 0.700787 -0.716535 0.000000 1.000000
tan 0.261951 -0.961684 -0.013082 1.000000
tan -0.598983 -0.559985 -0.566929 1.000000
tan -0.559117 -0.834646 0.006572 1.000000
tan -0.298717 -0.945936 0.049786 1.000000
tan -0.968690 -0.151094 -0.210924 1.000000
tan -1.000000 -0.000000 -0.039370 1.000000
tan -1.000000 0.000000 0.031496 1.000000
tan -0.733709 0.358733 0.576043 1.000000
tan -0.968690 0.151094 0.210924 1.000000
tan -0.700787 0.716535 -0.000000 1.000000
tan -0.261827 0.961622 -0.013082 1.000000
tan 0.598983 0.559985 -0.566929 1.000000
tan 0.559117 0.834646 0.006572 1.000000
tan 0.298717 0.945936 0.049786 1.000000
tan 0.968690 0.151094 -0.210924 1.000000
tan 1.000000 -0.000000 -0.031496 1.000000
tan 1.000000 0.000000 0.039370 1.000000
tan 0.700787 0.716535 -0.000000 1.000000
tan 0.968690 0.151094 0.210924 1.000000
tan 0.733771 0.363631 0.576043 1.000000
tan 0.261951 0.961684 -0.013082 1.000000
tan -0.559117 0.834646 0.006572 1.000000
tan -0.598983 0.559985 -0.566929 1.000000
tan -0.298717 0.945936 0.049786 1.000000
tan -0.968690 0.151094 -0.210924 1.000000
tan -1.000000 -0.000000 -0.039370 1.000000
tan -1.000000 0.000000 0.031496 1.000000
tan -0.700787 -0.716535 0.000000 1.000000
tan -0.968690 -0.151094 0.210924 1.000000
tan -0.733709 -0.358733 0.576043 1.000000
tan -0.261827 -0.961622 -0.013082 1.000000
tan 0.559117 -0.834646 0.006572 1.000000
tan 0.598983 -0.559985 -0.566929 1.000000
tan 0.298717 -0.945936 0.049786 1.000000
tan 0.968690 -0.151094 -0.210924 1.000000
tan 1.000000 -0.000000 -0.031496 1.000000
tan -1.000000 0.000000 0.031496 1.000000
tan -0.700787 -0.716535 0.000000 1.000000
tan -0.968690 -0.151094 0.210924 1.000000
tan -0.733709 -0.358733 0.576043 1.000000
tan -0.261827 -0.961622 -0.013082 1.000000
tan 0.559117 -0.834646 0.006572 1.000000
tan 0.598983 -0.559985 -0.566929 1.000000
tan 0.298717 -0.945936 0.049786 1.000000
tan 0.968690 -0.151094 -0.210924 1.000000
tan 1.000000 -0.000000 -0.031496 1.000000
tan -1.000000 0.000000 0.031496 1.000000
tan -0.700787 -0.716535 0.000000 1.000000
tan -0.968690 -0.151094 0.210924 1.000000
tan -0.733709 -0.358733 0.576043 1.000000
tan -0.261827 -0.961622 -0.013082 1.000000
tan 0.559117 -0.834646 0.006572 1.000000
tan 0.598983 -0.559985 -0.566929 1.000000
tan 0.298717 -0.945936 0.049786 1.000000
tan 0.968690 -0.151094 -0.210924 1.000000
tan 1.000000 -0.000000 -0.031496 1.000000
tan -1.000000 0.000000 0.031496 1.000000
tan -0.700787 -0.716535 0.000000 1.000000
tan -0.968690 -0.151094 0.210924 1.000000
tan -0.733709 -0.358733 0.576043 1.000000
tan -0.261827 -0.961622 -0.013082 1.000000
tan 0.559117 -0.834646 0.006572 1.000000
tan 0.598983 -0.559985 -0.566929 1.000000
tan 0.298717 -0.945936 0.049786 1.000000
tan 0.968690 -0.151094 -0.210924 1.000000
tan 1.000000 -0.000000 -0.031496 1.000000
tan -1.000000 0.000000 0.031496 1.000000
tan -0.700787 -0.716535 0.000000 1.000000
tan -0.968690 -0.151094 0.210924 1.000000
tan -0.733709 -0.358733 0.576043 1.000000
tan -0.261827 -0.961622 -0.013082 1.000000
tan 0.559117 -0.834646 0.006572 1.000000
tan 0.598983 -0.559985 -0.566929 1.000000
tan 0.298717 -0.945936 0.049786 1.000000
tan 0.968690 -0.151094 -0.210924 1.000000
tan 1.000000 -0.000000 -0.031496 1.000000
tan 1.000000 0.000000 0.039370 1.000000
tan 0.733771 -0.363631 0.576043 1.000000
tan 0.968690 -0.151094 0.210924 1.000000
tan 0.700787 -0.716535 0.000000 1.000000
tan 0.261951 -0.961684 -0.013082 1.000000
tan -0.598983 -0.559985 -0.566929 1.000000
tan -0.559117 -0.834646 0.006572 1.000000
tan -0.298717 -0.945936 0.049786 1.000000
tan -0.968690 -0.151094 -0.210924 1.000000
tan -1.000000 -0.000000 -0.039370 1.000000
tan 1.000000 0.000000 0.039370 1.000000
tan 0.733771 -0.363631 0.576043 1.000000
tan 0.968690 -0.151094 0.210924 1.000000
tan 0.700787 -0.716535 0.000000 1.000000
tan 0.261951 -0.961684 -0.013082 1.000000
tan -0.598983 -0.559985 -0.566929 1.000000
tan -0.559117 -0.834646 0.006572 1.000000
tan -0.298717 -0.945936 0.049786 1.000000
tan -0.968690 -0.151094 -0.210924 1.000000
tan -1.000000 -0.000000 -0.039370 1.000000
tan 1.000000 0.000000 0.039370 1.000000
tan 0.733771 -0.363631 0.576043 1.000000
tan 0.968690 -0.151094 0.210924 1.000000
tan 0.700787 -0.716535 0.000000 1.000000
tan 0.261951 -0.961684 -0.013082 1.000000
tan -0.598983 -0.559985 -0.566929 1.000000
tan -0.559117 -0.834646 0.006572 1.000000
tan -0.298717 -0.945936 0.049786 1.000000
tan -0.968690 -0.151094 -0.210924 1.000000
tan -1.000000 -0.000000 -0.039370 1.000000
tan 1.000000 0.000000 0.039370 1.000000
tan 0.733771 -0.363631 0.576043 1.000000
tan 0.968690 -0.151094 0.210924 1.000000
tan 0.700787 -0.716535 0.000000 1.000000
tan 0.261951 -0.961684 -0.013082 1.000000
tan -0.598983 -0.559985 -0.566929 1.000000
tan -0.559117 -0.834646 0.006572 1.000000
tan -0.298717 -0.945936 0.049786 1.000000
tan -0.968690 -0.151094 -0.210924 1.000000
tan -1.000000 -0.000000 -0.039370 1.000000
tan 1.000000 0.000000 0.039370 1.000000
tan 0.733771 -0.363631 0.576043 1.000000
tan 0.968690 -0.151094 0.210924 1.000000
tan 0.700787 -0.716535 0.000000 1.000000
tan 0.261951 -0.961684 -0.013082 1.000000
tan -0.598983 -0.559985 -0.566929 1.000000
tan -0.559117 -0.834646 0.006572 1.000000
tan -0.298717 -0.945936 0.049786 1.000000
tan -0.968690 -0.151094 -0.210924 1.000000
tan -1.000000 -0.000000 -0.039370 1.000000
tan 0.818898 -0.000000 -0.574803 1.000000
tan 0.659061 -0.688201 -0.236406 1.000000
tan 0.695269 -0.149792 -0.703081 1.000000
tan 0.266228 -0.365801 -0.892058 1.000000
tan 0.212536 -0.921818 -0.133176 1.000000
tan -0.541447 -0.786161 0.140864 1.000000
tan -0.147560 -0.557505 0.813070 1.000000
tan -0.273731 -0.923802 0.112468 1.000000
tan -0.695269 -0.149792 0.703081 1.000000
tan -0.818898 0.000000 0.574803 1.000000
tan 0.818898 -0.000000 -0.574803 1.000000
tan 0.659061 -0.688201 -0.236406 1.000000
tan 0.695269 -0.149792 -0.703081 1.000000
tan 0.266228 -0.365801 -0.892058 1.000000
tan 0.212536 -0.921818 -0.133176 1.000000
tan -0.541447 -0.786161 0.140864 1.000000
tan -0.147560 -0.557505 0.813070 1.000000
tan -0.273731 -0.923802 0.112468 1.000000
tan -0.695269 -0.149792 0.703081 1.000000
tan -0.818898 0.000000 0.574803 1.000000
tan 0.818898 -0.000000 -0.574803 1.000000
tan 0.659061 -0.688201 -0.236406 1.000000
tan 0.695269 -0.149792 -0.703081 1.000000
tan 0.266228 -0.365801 -0.892058 1.000000
tan 0.212536 -0.921818 -0.133176 1.000000
tan -0.541447 -0.786161 0.140864 1.000000
tan -0.147560 -0.557505 0.813070 1.000000
tan -0.273731 -0.923802 0.112468 1.000000
tan -0.695269 -0.149792 0.703081 1.000000
tan -0.818898 0.000000 0.574803 1.000000
tan 0.818898 -0.000000 -0.574803 1.000000
tan 0.659061 -0.688201 -0.236406 1.000000
tan 0.695269 -0.149792 -0.703081 1.000000
tan 0.266228 -0.365801 -0.892058 1.000000
tan 0.212536 -0.921818 -0.133176 1.000000
tan -0.541447 -0.786161 0.140864 1.000000
tan -0.147560 -0.557505 0.813070 1.000000
tan -0.273731 -0.923802 0.112468 1.000000
tan -0.695269 -0.149792 0.703081 1.000000
tan -0.818898 0.000000 0.574803 1.000000
tan 0.818898 -0.000000 -0.574803 1.000000
tan 0.659061 -0.688201 -0.236406 1.000000
tan 0.695269 -0.149792 -0.703081 1.000000
tan 0.266228 -0.365801 -0.892058 1.000000
tan 0.212536 -0.921818 -0.133176 1.000000
tan -0.541447 -0.786161 0.140864 1.000000
tan -0.147560 -0.557505 0.813070 1.000000
tan -0.273731 -0.923802 0.112468 1.000000
tan -0.695269 -0.149792 0.703081 1.000000
tan -0.818898 0.000000 0.574803 1.000000
tan -0.858268 0.000000 0.511811 1.000000
tan -0.929878 -0.355819 -0.011842 1.000000
tan -0.929630 -0.154628 0.343729 1.000000
tan -0.670655 -0.693719 0.210428 1.000000
tan -0.269515 -0.896584 -0.006324 1.000000
tan 0.827888 -0.545539 0.008742 1.000000
tan 0.541447 -0.784736 -0.132060 1.000000
tan 0.288177 -0.891438 -0.025172 1.000000
tan 0.929630 -0.154628 -0.343729 1.000000
tan 0.858268 -0.000000 -0.511811 1.000000
tan -0.858268 0.000000 0.511811 1.000000
tan -0.929878 -0.355819 -0.011842 1.000000
tan -0.929630 -0.154628 0.343729 1.000000
tan -0.670655 -0.693719 0.210428 1.000000
tan -0.269515 -0.896584 -0.006324 1.000000
tan 0.827888 -0.545539 0.008742 1.000000
tan 0.541447 -0.784736 -0.132060 1.000000
tan 0.288177 -0.891438 -0.025172 1.000000
tan 0.929630 -0.154628 -0.343729 1.000000
tan 0.858268 -0.000000 -0.511811 1.000000
tan -0.858268 0.000000 0.511811 1.000000
tan -0.929878 -0.355819 -0.011842 1.000000
tan -0.929630 -0.154628 0.343729 1.000000
tan -0.670655 -0.693719 0.210428 1.000000
tan -0.269515 -0.896584 -0.006324 1.000000
tan 0.827888 -0.545539 0.008742 1.000000
tan 0.541447 -0.784736 -0.132060 1.000000
tan 0.288177 -0.891438 -0.025172 1.000000
tan 0.929630 -0.154628 -0.343729 1.000000
tan 0.858268 -0.000000 -0.511811 1.000000
tan -0.858268 0.000000 0.511811 1.000000
tan -0.929878 -0.355819 -0.011842 1.000000
tan -0.929630 -0.154628 0.343729 1.000000
tan -0.670655 -0.693719 0.210428 1.000000
tan -0.269515 -0.896584 -0.006324 1.000000
tan 0.827888 -0.545539 0.008742 1.000000
tan 0.541447 -0.784736 -0.132060 1.000000
tan 0.288177 -0.891438 -0.025172 1.000000
tan 0.929630 -0.154628 -0.343729 1.000000
tan 0.858268 -0.000000 -0.511811 1.000000
tan -0.858268 0.000000 0.511811 1.000000
tan -0.929878 -0.355819 -0.011842 1.000000
tan -0.929630 -0.154628 0.343729 1.000000
tan -0.670655 -0.693719 0.210428 1.000000
tan -0.269515 -0.896584 -0.006324 1.000000
tan 0.827888 -0.545539 0.008742 1.000000
tan 0.541447 -0.784736 -0.132060 1.000000
tan 0.288177 -0.891438 -0.025172 1.000000
tan 0.929630 -0.154628 -0.343729 1.000000
tan 0.858268 -0.000000 -0.511811 1.000000
tan 0.818898 -0.000000 -0.574803 1.000000
tan 0.659061 -0.692541 -0.230950 1.000000
tan 0.703081 -0.150660 -0.703081 1.000000
tan 0.266228 -0.365801 -0.892058 1.000000
tan 0.214582 -0.922624 -0.131130 1.000000
tan -0.541447 -0.782565 0.136462 1.000000
tan -0.147560 -0.557505 0.813070 1.000000
tan -0.273731 -0.918842 0.110174 1.000000
tan -0.703081 -0.150660 0.703081 1.000000
tan -0.818898 0.000000 0.574803 1.000000
tan -0.858268 0.000000 0.511811 1.000000
tan -0.929878 -0.355819 -0.011842 1.000000
tan -0.929630 -0.154628 0.343729 1.000000
tan -0.670655 -0.693719 0.210428 1.000000
tan -0.269515 -0.896584 -0.006324 1.000000
tan 0.827950 -0.546841 0.015252 1.000000
tan 0.545849 -0.784922 -0.127658 1.000000
tan 0.288177 -0.891438 -0.025172 1.000000
tan 0.929630 -0.154628 -0.343729 1.000000
tan 0.858268 -0.000000 -0.511811 1.000000
tan 0.818898 -0.000000 -0.574803 1.000000
tan 0.266228 0.365801 -0.892058 1.000000
tan 0.703081 0.150660 -0.703081 1.000000
tan 0.659061 0.692541 -0.230951 1.000000
tan 0.214582 0.922624 -0.131130 1.000000
tan -0.147560 0.557505 0.813069 1.000000
tan -0.541447 0.782565 0.136462 1.000000
tan -0.268771 0.918842 0.115878 1.000000
tan -0.703081 0.150660 0.703081 1.000000
tan -0.818898 0.000000 0.574803 1.000000
tan -0.858268 0.000000 0.511811 1.000000
tan -0.670655 0.693719 0.210428 1.000000
tan -0.929630 0.154628 0.343729 1.000000
tan -0.929878 0.355819 -0.011842 1.000000
tan -0.269515 0.896584 -0.006324 1.000000
tan 0.545849 0.784922 -0.127658 1.000000
tan 0.827950 0.546841 0.015252 1.000000
tan 0.288177 0.891438 -0.025172 1.000000
tan 0.929630 0.154628 -0.343729 1.000000
tan 0.858268 -0.000000 -0.511811 1.000000
tan 0.000000 -0.228347 -0.976378 1.000000
tan -0.475975 -0.766694 -0.387563 1.000000
tan -0.525327 -0.509083 -0.664765 1.000000
tan -0.165354 -0.984252 -0.002604 1.000000
tan 0.039370 -0.000930 -1.000000 1.000000
tan -0.022320 -0.141732 -0.992126 1.000000
tan -0.007688 -0.204786 -0.976378 1.000000
tan 0.157480 -0.984252 -0.010230 1.000000
tan 0.039060 0.086614 -0.992126 1.000000
tan 0.475975 -0.766694 -0.387563 1.000000
tan -0.062992 0.016740 -1.000000 1.000000
tan 0.583421 0.501581 -0.636741 1.000000
tan 0.472813 0.763469 -0.437225 1.000000
tan -0.055118 -0.001302 -1.000000 1.000000
tan 0.530287 -0.502945 -0.670903 1.000000
tan 0.023436 -0.094488 -0.992126 1.000000
tan -0.055118 0.055986 -1.000000 1.000000
tan 0.141732 0.992126 -0.015624 1.000000
tan -0.165354 0.984252 -0.009114 1.000000
tan 0.039370 0.017298 -1.000000 1.000000
tan -0.037510 0.157480 -0.984252 1.000000
tan -0.575857 0.512679 -0.622729 1.000000
tan 0.054684 0.081778 -0.992126 1.000000
tan -0.474859 0.752371 -0.447207 1.000000
tan -0.320293 -0.131564 0.937442 1.000000
tan -0.028954 -0.976502 0.187488 1.000000
tan 0.047244 -1.000000 0.055862 1.000000
tan 0.030008 -0.976502 -0.179676 1.000000
tan -0.047244 -1.000000 0.055862 1.000000
tan 0.320293 -0.131564 0.937442 1.000000
tan 0.030008 -0.976502 0.179676 1.000000
tan -0.047244 -1.000000 -0.055862 1.000000
tan 0.320293 -0.131564 -0.937442 1.000000
tan -0.320293 -0.131564 -0.937442 1.000000
tan 0.047244 -1.000000 -0.055862 1.000000
tan -0.028954 -0.976502 -0.187488 1.000000
tan 0.141174 -0.076694 -0.932172 1.000000
tan 0.184512 -0.189286 -0.961002 1.000000
tan 0.033728 0.431521 -0.855106 1.000000
tan 0.061442 -0.614855 -0.759687 1.000000
tan 0.090210 -0.404861 -0.853246 1.000000
tan 0.333251 0.106702 -0.930002 1.000000
tan -0.866142 0.000000 0.503937 1.000000
tan -0.819704 -0.021328 0.570153 1.000000
tan -0.968504 -0.015252 0.222332 1.000000
tan -0.622047 -0.000000 -0.787401 1.000000
tan -0.811954 0.008308 -0.568789 1.000000
tan 0.095294 0.007812 -0.992126 1.000000
tan 0.787402 -0.000000 -0.614173 1.000000
tan 0.921260 -0.014508 -0.371691 1.000000
tan 0.866142 0.006820 0.503937 1.000000
tan 0.881890 0.020832 0.451423 1.000000
tan 0.215016 -0.022878 0.968504 1.000000
tan -0.118110 0.007812 0.992126 1.000000
tan -0.788208 -0.007626 0.607911 1.000000
tan -0.866142 0.000000 0.503937 1.000000
tan 0.452787 -0.002914 -0.864220 1.000000
tan 0.472441 -0.000000 -0.881890 1.000000
tan -0.102982 0.015624 -0.992126 1.000000
tan -0.661417 0.098642 -0.751813 1.000000
tan -0.773823 -0.084692 -0.611507 1.000000
tan -0.661727 0.222085 0.704383 1.000000
tan -0.976378 -0.015376 0.228470 1.000000
tan -0.198524 -0.023064 0.976378 1.000000
tan -0.662037 -0.000682 0.748651 1.000000
tan 0.757394 0.023560 0.562961 1.000000
tan 0.575795 0.012772 0.811023 1.000000
tan 0.992126 -0.007812 -0.102300 1.000000
tan 0.594519 -0.462831 -0.647405 1.000000
tan 0.464195 0.042036 -0.889764 1.000000
tan -0.811024 0.000000 0.590551 1.000000
tan -0.813008 -0.022878 0.579763 1.000000
tan -0.057226 0.015624 0.992126 1.000000
tan 0.125984 -0.007812 0.992126 1.000000
tan 0.806870 0.019592 0.588257 1.000000
tan 0.984252 -0.007750 -0.165354 1.000000
tan 0.952756 -0.030008 -0.287433 1.000000
tan 0.041106 0.015624 -0.992126 1.000000
tan -0.125984 -0.007812 -0.992126 1.000000
tan -0.913386 0.028768 -0.397669 1.000000
tan -0.968504 -0.000000 -0.251968 1.000000
tan -0.813132 -0.016492 0.579019 1.000000
tan -0.811024 0.000000 0.590551 1.000000
tan -0.952756 0.000000 0.307087 1.000000
tan -0.946742 -0.024924 0.310807 1.000000
tan -0.366173 0.029016 0.921260 1.000000
tan 0.244094 -0.007626 0.968504 1.000000
tan 0.588257 -0.019592 0.806869 1.000000
tan 0.992126 0.007812 0.008742 1.000000
tan 0.992126 -0.007812 -0.125984 1.000000
tan 0.381921 0.028768 -0.913386 1.000000
tan 0.251969 -0.000000 -0.968504 1.000000
tan -0.547523 -0.021762 -0.827826 1.000000
tan -0.803150 -0.000000 -0.598425 1.000000
tan -0.976378 0.030752 -0.177444 1.000000
tan -0.946742 -0.024924 0.310807 1.000000
tan -0.952756 0.000000 0.307087 1.000000
tan -0.952756 0.000000 0.307087 1.000000
tan -0.946742 -0.024924 0.310807 1.000000
tan -0.366173 0.029016 0.921260 1.000000
tan 0.244094 -0.007626 0.968504 1.000000
tan 0.588257 -0.019592 0.806869 1.000000
tan 0.992126 0.007812 0.008742 1.000000
tan 0.992126 -0.007812 -0.125984 1.000000
tan 0.381921 0.028768 -0.913386 1.000000
tan 0.251969 -0.000000 -0.968504 1.000000
tan -0.547523 -0.021762 -0.827826 1.000000
tan -0.803150 -0.000000 -0.598425 1.000000
tan -0.976378 0.030752 -0.177444 1.000000
tan -0.946742 -0.024924 0.310807 1.000000
tan -0.952756 0.000000 0.307087 1.000000
tan 0.356191 -0.019158 -0.929754 1.000000
tan 0.356191 0.019158 -0.929754 1.000000
tan -0.205964 -0.015376 -0.976378 1.000000
tan -0.505177 0.013516 -0.858268 1.000000
tan -0.874016 0.013764 -0.489429 1.000000
tan -0.992126 0.000000 0.086614 1.000000
tan -0.818898 -0.012896 0.560295 1.000000
tan -0.331949 -0.014756 0.937008 1.000000
tan 0.182962 -0.023064 0.976378 1.000000
tan 0.474921 0.020336 0.883130 1.000000
tan 0.960630 0.007564 0.276211 1.000000
tan 0.984252 -0.007750 0.173848 1.000000
tan 0.805010 -0.011346 -0.593031 1.000000
tan 0.803832 0.014322 -0.592597 1.000000
tan 0.356191 0.019158 -0.929754 1.000000
tan 0.356191 -0.019158 -0.929754 1.000000
tan 0.571827 0.101370 0.673259 1.000000
tan 0.510075 -0.031186 0.857276 1.000000
tan -0.143468 -0.031248 0.992126 1.000000
tan -0.432079 -0.077066 0.797073 1.000000
tan -0.801538 -0.009796 0.580259 1.000000
tan -0.872528 0.080352 0.420175 1.000000
tan -0.920888 -0.001860 -0.385703 1.000000
tan -0.649761 -0.231881 -0.615041 1.000000
tan -0.195300 -0.036890 -0.976068 1.000000
tan -0.011594 0.135036 -0.871598 1.000000
tan 0.576415 -0.026350 -0.808605 1.000000
tan 0.566185 0.100688 -0.605245 1.000000
tan 0.992126 0.110236 -0.034720 1.000000
tan 0.800236 -0.269824 0.455267 1.000000
tan 0.525079 -0.020708 0.841032 1.000000
tan 0.564635 0.169260 0.676173 1.000000
tan 0.661417 0.031248 0.746543 1.000000
tan 0.672639 0.001674 0.681691 1.000000
tan -0.070432 0.093620 0.922686 1.000000
tan -0.165540 -0.009052 0.984066 1.000000
tan -0.621489 0.100192 0.617397 1.000000
tan -0.817162 0.028148 0.561659 1.000000
tan -0.910286 -0.067518 -0.297973 1.000000
tan -0.944262 0.009548 -0.337963 1.000000
tan -0.529047 0.066960 -0.800111 1.000000
tan -0.205282 0.024676 -0.976192 1.000000
tan 0.552731 -0.182094 -0.697563 1.000000
tan 0.627441 0.015810 -0.778039 1.000000
tan 0.931738 0.186744 -0.237584 1.000000
tan 0.992126 -0.039060 0.004030 1.000000
tan 0.672639 0.001674 0.681691 1.000000
tan 0.683551 -0.007254 0.723169 1.000000
tan 0.355323 -0.014632 -0.929134 1.000000
tan 0.355447 0.014632 -0.929134 1.000000
tan -0.189472 -0.007688 -0.976378 1.000000
tan -0.205220 0.007688 -0.976378 1.000000
tan -0.866142 0.013640 -0.496931 1.000000
tan -0.874016 -0.013764 -0.481183 1.000000
tan -0.937504 -0.012090 0.339575 1.000000
tan -0.929134 0.014632 0.355323 1.000000
tan -0.607291 0.007750 0.795771 1.000000
tan -0.607291 -0.007750 0.795771 1.000000
tan -0.094984 0.007812 0.992126 1.000000
tan 0.220906 0.007688 0.976378 1.000000
tan 0.434063 -0.014136 0.897638 1.000000
tan 0.905512 0.007130 0.417819 1.000000
tan 0.875008 -0.012958 0.489677 1.000000
tan 0.992126 0.007812 -0.094984 1.000000
tan 0.804142 -0.009672 -0.592039 1.000000
tan 0.795772 0.007750 -0.607291 1.000000
tan 0.355447 0.014632 -0.929134 1.000000
tan 0.355323 -0.014632 -0.929134 1.000000
tan 0.900552 -0.389671 0.037448 1.000000
tan 0.970426 0.060760 -0.130448 1.000000
tan 0.992126 -0.142290 -0.070308 1.000000
tan 0.984314 0.108252 -0.140616 1.000000
tan 0.976502 -0.090210 -0.171864 1.000000
tan 0.992126 0.085374 -0.031248 1.000000
tan 0.917292 -0.009920 -0.101308 1.000000
tan 0.578337 0.508153 -0.637609 1.000000
tan 0.790812 -0.036580 0.505177 1.000000
tan 0.872652 -0.035650 0.490731 1.000000
tan 0.433071 -0.035588 0.897638 1.000000
tan 0.333685 0.115692 0.834769 1.000000
tan -0.331825 -0.017484 0.944324 1.000000
tan -0.597681 -0.019468 0.729555 1.000000
tan -0.984066 0.024614 0.173786 1.000000
tan -0.888338 -0.075888 -0.010912 1.000000
tan -0.692913 -0.022940 -0.716535 1.000000
tan -0.567053 0.082832 -0.691177 1.000000
tan 0.046872 0.015748 -1.000000 1.000000
tan 0.393391 -0.036456 -0.853184 1.000000
tan 0.866142 0.011718 -0.496063 1.000000
tan 0.808358 -0.000868 -0.341559 1.000000
tan 0.872652 -0.035650 0.490731 1.000000
tan 0.790812 -0.036580 0.505177 1.000000
tan -0.944820 0.007440 0.074276 1.000000
tan -0.992126 0.000000 0.118110 1.000000
tan -0.535433 0.008432 0.844008 1.000000
tan -0.521297 -0.015004 0.695145 1.000000
tan 0.425197 0.010044 0.905884 1.000000
tan 0.565441 0.150040 0.660921 1.000000
tan 0.976254 0.029078 0.212102 1.000000
tan 0.894042 -0.054064 0.067952 1.000000
tan 0.817782 0.015376 -0.567487 1.000000
tan 0.597681 -0.019468 -0.729555 1.000000
tan -0.086366 -0.031496 -1.000000 1.000000
tan -0.372249 0.165912 -0.795585 1.000000
tan -0.858454 0.035216 -0.512245 1.000000
tan -0.790812 -0.036580 -0.505177 1.000000
tan -0.992126 0.078120 0.108562 1.000000
tan -0.944820 0.007440 0.074276 1.000000
tan 0.956104 -0.231694 0.011408 1.000000
tan 0.979292 0.169198 -0.135842 1.000000
tan 0.968752 0.154938 -0.170500 1.000000
tan 0.984252 -0.160580 -0.077500 1.000000
tan 0.984252 0.186372 -0.046500 1.000000
tan 0.918098 -0.184016 -0.201376 1.000000
tan 0.915556 0.351975 0.019158 1.000000
tan 0.426003 0.279186 -0.842210 1.000000
tan 0.696571 -0.237275 -0.632277 1.000000
tan 0.722673 -0.167524 -0.661169 1.000000
tan 0.666501 0.141608 -0.728501 1.000000
tan 0.558001 -0.184016 -0.806001 1.000000
tan 0.703949 0.147622 -0.652551 1.000000
tan 0.489367 -0.217434 -0.758509 1.000000
tan -0.633517 0.023684 0.711761 1.000000
tan -0.628061 -0.005890 0.777667 1.000000
tan -0.992126 -0.023436 0.025854 1.000000
tan -0.758323 0.290842 -0.450865 1.000000
tan -0.534317 0.038626 -0.841900 1.000000
tan -0.524769 -0.119536 -0.761485 1.000000
tan 0.386757 0.045384 -0.920702 1.000000
tan 0.563333 0.158038 -0.687333 1.000000
tan 0.927522 -0.013020 -0.363011 1.000000
tan 0.685225 -0.173352 -0.540889 1.000000
tan 0.872528 0.025110 0.481307 1.000000
tan 0.639717 0.146816 0.609771 1.000000
tan 0.212226 0.021390 0.976254 1.000000
tan 0.203112 -0.026722 0.950772 1.000000
tan -0.607415 0.042656 0.793415 1.000000
tan -0.633517 0.023684 0.711761 1.000000
tan -0.827268 0.008618 0.560047 1.000000
tan -0.827330 -0.008680 0.552297 1.000000
tan -0.418315 0.014260 0.905512 1.000000
tan -0.395189 -0.018476 0.913882 1.000000
tan 0.418191 -0.014260 0.905512 1.000000
tan 0.615165 0.007564 0.787897 1.000000
tan 0.961126 0.013082 0.260834 1.000000
tan 0.976378 -0.015376 0.205716 1.000000
tan 0.952756 -0.015004 -0.300205 1.000000
tan 0.944882 0.014880 -0.315953 1.000000
tan 0.654535 0.006758 -0.756401 1.000000
tan 0.638911 -0.007006 -0.764337 1.000000
tan 0.173724 0.007750 -0.984252 1.000000
tan 0.126480 -0.007812 -0.992126 1.000000
tan -0.497055 -0.009734 -0.866638 1.000000
tan -0.434559 0.017794 -0.898134 1.000000
tan -0.850890 -0.009300 -0.520677 1.000000
tan -1.000000 0.000000 0.015748 1.000000
tan -1.000000 0.000000 0.023622 1.000000
tan -0.827330 -0.008680 0.552297 1.000000
tan -0.827268 0.008618 0.560047 1.000000
tan 0.935272 -0.190092 -0.200756 1.000000
tan 0.962242 -0.177010 -0.183334 1.000000
tan 0.992126 0.118730 0.007812 1.000000
tan 0.992126 -0.117180 -0.039060 1.000000
tan 0.984314 0.132370 -0.132804 1.000000
tan 0.992126 -0.053878 -0.015624 1.000000
tan 0.850146 0.388369 -0.250481 1.000000
tan 0.910100 -0.179304 -0.285324 1.000000
tan 0.759564 -0.022630 -0.559551 1.000000
tan 0.826710 -0.025544 -0.561597 1.000000
tan 1.000000 0.015748 -0.030628 1.000000
tan 0.948664 -0.003782 -0.022072 1.000000
tan 0.716535 0.004712 0.692913 1.000000
tan 0.560233 0.045570 0.664145 1.000000
tan -0.078430 0.039370 1.000000 1.000000
tan -0.394941 -0.014136 0.802220 1.000000
tan -0.809908 -0.002666 0.574245 1.000000
tan -0.879844 -0.120838 0.155124 1.000000
tan -0.897142 -0.000000 -0.448571 1.000000
tan -0.637051 -0.002852 -0.690185 1.000000
tan -0.038440 -0.062496 -0.992126 1.000000
tan 0.277761 0.147994 -0.836320 1.000000
tan 0.826710 -0.025544 -0.561597 1.000000
tan 0.759564 -0.022630 -0.559551 1.000000
tan -0.774568 0.025854 -0.536425 1.000000
tan -0.873396 0.003782 -0.480315 1.000000
tan -0.921260 -0.058032 0.383905 1.000000
tan -0.726207 -0.153264 0.483601 1.000000
tan -0.173476 -0.014136 0.984376 1.000000
tan -0.089280 -0.039432 0.877426 1.000000
tan 0.677165 -0.026660 0.731663 1.000000
tan 0.663029 0.075888 0.595511 1.000000
tan 1.000000 0.023622 0.009548 1.000000
tan 0.876434 -0.034472 -0.341311 1.000000
tan 0.503689 -0.011408 -0.865894 1.000000
tan 0.408209 0.015562 -0.778597 1.000000
tan -0.409263 -0.031248 -0.913572 1.000000
tan -0.461839 -0.032798 -0.823052 1.000000
tan -0.866142 -0.020460 -0.486329 1.000000
tan -0.774568 0.025854 -0.536425 1.000000
tan 0.799430 0.266601 0.470085 1.000000
tan 0.953066 0.261268 -0.098332 1.000000
tan 0.968504 -0.091202 -0.045756 1.000000
tan 0.984252 0.149606 -0.000000 1.000000
tan 0.984252 -0.182342 -0.077500 1.000000
tan 0.957468 0.044144 -0.061008 1.000000
tan 0.800918 -0.578337 -0.154938 1.000000
tan 0.478455 -0.313535 -0.809969 1.000000
tan 0.309257 -0.524831 -0.754851 1.000000
tan 0.666501 0.064356 -0.728501 1.000000
tan 0.744002 -0.155868 -0.643251 1.000000
tan 0.689751 0.188480 -0.697501 1.000000
tan 0.580879 0.018414 -0.771715 1.000000
tan 0.197594 0.611817 -0.752185 1.000000
tan 0.356191 -0.019158 -0.929754 1.000000
tan 0.356191 0.019158 -0.929754 1.000000
tan -0.205964 -0.015376 -0.976378 1.000000
tan -0.505177 0.013516 -0.858268 1.000000
tan -0.874016 0.013764 -0.489429 1.000000
tan -0.992126 0.000000 0.086614 1.000000
tan -0.818898 -0.012896 0.560295 1.000000
tan -0.331949 -0.014756 0.937008 1.000000
tan 0.182962 -0.023064 0.976378 1.000000
tan 0.474921 0.020336 0.883130 1.000000
tan 0.960630 0.007564 0.276211 1.000000
tan 0.984252 -0.007750 0.173848 1.000000
tan 0.805010 -0.011346 -0.593031 1.000000
tan 0.803832 0.014322 -0.592597 1.000000
tan 0.356191 0.019158 -0.929754 1.000000
tan 0.356191 -0.019158 -0.929754 1.000000
tan 0.571827 0.101370 0.673259 1.000000
tan 0.510075 -0.031186 0.857276 1.000000
tan -0.143468 -0.031248 0.992126 1.000000
tan -0.432079 -0.077066 0.797073 1.000000
tan -0.801538 -0.009796 0.580259 1.000000
tan -0.872528 0.080352 0.420175 1.000000
tan -0.920888 -0.001860 -0.385703 1.000000
tan -0.649761 -0.231881 -0.615041 1.000000
tan -0.195300 -0.036890 -0.976068 1.000000
tan -0.011594 0.135036 -0.871598 1.000000
tan 0.576415 -0.026350 -0.808605 1.000000
tan 0.566185 0.100688 -0.605245 1.000000
tan 0.992126 0.110236 -0.034720 1.000000
tan 0.800236 -0.269824 0.455267 1.000000
tan 0.525079 -0.020708 0.841032 1.000000
tan 0.564635 0.169260 0.676173 1.000000
tan 0.661417 0.031248 0.746543 1.000000
tan 0.672639 0.001674 0.681691 1.000000
tan -0.070432 0.093620 0.922686 1.000000
tan -0.165540 -0.009052 0.984066 1.000000
tan -0.621489 0.100192 0.617397 1.000000
tan -0.817162 0.028148 0.561659 1.000000
tan -0.910286 -0.067518 -0.297973 1.000000
tan -0.944262 0.009548 -0.337963 1.000000
tan -0.529047 0.066960 -0.800111 1.000000
tan -0.205282 0.024676 -0.976192 1.000000
tan 0.552731 -0.182094 -0.697563 1.000000
tan 0.627441 0.015810 -0.778039 1.000000
tan 0.931738 0.186744 -0.237584 1.000000
tan 0.992126 -0.039060 0.004030 1.000000
tan 0.672639 0.001674 0.681691 1.000000
tan 0.683551 -0.007254 0.723169 1.000000
tan 0.355323 -0.014632 -0.929134 1.000000
tan 0.355447 0.014632 -0.929134 1.000000
tan -0.189472 -0.007688 -0.976378 1.000000
tan -0.205220 0.007688 -0.976378 1.000000
tan -0.866142 0.013640 -0.496931 1.000000
tan -0.874016 -0.013764 -0.481183 1.000000
tan -0.937504 -0.012090 0.339575 1.000000
tan -0.929134 0.014632 0.355323 1.000000
tan -0.607291 0.007750 0.795771 1.000000
tan -0.607291 -0.007750 0.795771 1.000000
tan -0.094984 0.007812 0.992126 1.000000
tan 0.220906 0.007688 0.976378 1.000000
tan 0.434063 -0.014136 0.897638 1.000000
tan 0.905512 0.007130 0.417819 1.000000
tan 0.875008 -0.012958 0.489677 1.000000
tan 0.992126 0.007812 -0.094984 1.000000
tan 0.804142 -0.009672 -0.592039 1.000000
tan 0.795772 0.007750 -0.607291 1.000000
tan 0.355447 0.014632 -0.929134 1.000000
tan 0.355323 -0.014632 -0.929134 1.000000
tan 0.900552 -0.389671 0.037448 1.000000
tan 0.970426 0.060760 -0.130448 1.000000
tan 0.992126 -0.142290 -0.070308 1.000000
tan 0.984314 0.108252 -0.140616 1.000000
tan 0.976502 -0.090210 -0.171864 1.000000
tan 0.992126 0.085374 -0.031248 1.000000
tan 0.917292 -0.009920 -0.101308 1.000000
tan 0.578337 0.508153 -0.637609 1.000000
tan 0.790812 -0.036580 0.505177 1.000000
tan 0.872652 -0.035650 0.490731 1.000000
tan 0.433071 -0.035588 0.897638 1.000000
tan 0.333685 0.115692 0.834769 1.000000
tan -0.331825 -0.017484 0.944324 1.000000
tan -0.597681 -0.019468 0.729555 1.000000
tan -0.984066 0.024614 0.173786 1.000000
tan -0.888338 -0.075888 -0.010912 1.000000
tan -0.692913 -0.022940 -0.716535 1.000000
tan -0.567053 0.082832 -0.691177 1.000000
tan 0.046872 0.015748 -1.000000 1.000000
tan 0.393391 -0.036456 -0.853184 1.000000
tan 0.866142 0.011718 -0.496063 1.000000
tan 0.808358 -0.000868 -0.341559 1.000000
tan 0.872652 -0.035650 0.490731 1.000000
tan 0.790812 -0.036580 0.505177 1.000000
tan -0.944820 0.007440 0.074276 1.000000
tan -0.992126 0.000000 0.118110 1.000000
tan -0.535433 0.008432 0.844008 1.000000
tan -0.521297 -0.015004 0.695145 1.000000
tan 0.425197 0.010044 0.905884 1.000000
tan 0.565441 0.150040 0.660921 1.000000
tan 0.976254 0.029078 0.212102 1.000000
tan 0.894042 -0.054064 0.067952 1.000000
tan 0.817782 0.015376 -0.567487 1.000000
tan 0.597681 -0.019468 -0.729555 1.000000
tan -0.086366 -0.031496 -1.000000 1.000000
tan -0.372249 0.165912 -0.795585 1.000000
tan -0.858454 0.035216 -0.512245 1.000000
tan -0.790812 -0.036580 -0.505177 1.000000
tan -0.992126 0.078120 0.108562 1.000000
tan -0.944820 0.007440 0.074276 1.000000
tan 0.956104 -0.231694 0.011408 1.000000
tan 0.979292 0.169198 -0.135842 1.000000
tan 0.968752 0.154938 -0.170500 1.000000
tan 0.984252 -0.160580 -0.077500 1.000000
tan 0.984252 0.186372 -0.046500 1.000000
tan 0.918098 -0.184016 -0.201376 1.000000
tan 0.915556 0.351975 0.019158 1.000000
tan 0.426003 0.279186 -0.842210 1.000000
tan 0.696571 -0.237275 -0.632277 1.000000
tan 0.722673 -0.167524 -0.661169 1.000000
tan 0.666501 0.141608 -0.728501 1.000000
tan 0.558001 -0.184016 -0.806001 1.000000
tan 0.703949 0.147622 -0.652551 1.000000
tan 0.489367 -0.217434 -0.758509 1.000000
tan -0.633517 0.023684 0.711761 1.000000
tan -0.628061 -0.005890 0.777667 1.000000
tan -0.992126 -0.023436 0.025854 1.000000
tan -0.758323 0.290842 -0.450865 1.000000
tan -0.534317 0.038626 -0.841900 1.000000
tan -0.524769 -0.119536 -0.761485 1.000000
tan 0.386757 0.045384 -0.920702 1.000000
tan 0.563333 0.158038 -0.687333 1.000000
tan 0.927522 -0.013020 -0.363011 1.000000
tan 0.685225 -0.173352 -0.540889 1.000000
tan 0.872528 0.025110 0.481307 1.000000
tan 0.639717 0.146816 0.609771 1.000000
tan 0.212226 0.021390 0.976254 1.000000
tan 0.203112 -0.026722 0.950772 1.000000
tan -0.607415 0.042656 0.793415 1.000000
tan -0.633517 0.023684 0.711761 1.000000
tan -0.827268 0.008618 0.560047 1.000000
tan -0.827330 -0.008680 0.552297 1.000000
tan -0.418315 0.014260 0.905512 1.000000
tan -0.395189 -0.018476 0.913882 1.000000
tan 0.418191 -0.014260 0.905512 1.000000
tan 0.615165 0.007564 0.787897 1.000000
tan 0.961126 0.013082 0.260834 1.000000
tan 0.976378 -0.015376 0.205716 1.000000
tan 0.952756 -0.015004 -0.300205 1.000000
tan 0.944882 0.014880 -0.315953 1.000000
tan 0.654535 0.006758 -0.756401 1.000000
tan 0.638911 -0.007006 -0.764337 1.000000
tan 0.173724 0.007750 -0.984252 1.000000
tan 0.126480 -0.007812 -0.992126 1.000000
tan -0.497055 -0.009734 -0.866638 1.000000
tan -0.434559 0.017794 -0.898134 1.000000
tan -0.850890 -0.009300 -0.520677 1.000000
tan -1.000000 0.000000 0.015748 1.000000
tan -1.000000 0.000000 0.023622 1.000000
tan -0.827330 -0.008680 0.552297 1.000000
tan -0.827268 0.008618 0.560047 1.000000
tan 0.935272 -0.190092 -0.200756 1.000000
tan 0.962242 -0.177010 -0.183334 1.000000
tan 0.992126 0.118730 0.007812 1.000000
tan 0.992126 -0.117180 -0.039060 1.000000
tan 0.984314 0.132370 -0.132804 1.000000
tan 0.992126 -0.053878 -0.015624 1.000000
tan 0.850146 0.388369 -0.250481 1.000000
tan 0.910100 -0.179304 -0.285324 1.000000
tan 0.759564 -0.022630 -0.559551 1.000000
tan 0.826710 -0.025544 -0.561597 1.000000
tan 1.000000 0.015748 -0.030628 1.000000
tan 0.948664 -0.003782 -0.022072 1.000000
tan 0.716535 0.004712 0.692913 1.000000
tan 0.560233 0.045570 0.664145 1.000000
tan -0.078430 0.039370 1.000000 1.000000
tan -0.394941 -0.014136 0.802220 1.000000
tan -0.809908 -0.002666 0.574245 1.000000
tan -0.879844 -0.120838 0.155124 1.000000
tan -0.897142 -0.000000 -0.448571 1.000000
tan -0.637051 -0.002852 -0.690185 1.000000
tan -0.038440 -0.062496 -0.992126 1.000000
tan 0.277761 0.147994 -0.836320 1.000000
tan 0.826710 -0.025544 -0.561597 1.000000
tan 0.759564 -0.022630 -0.559551 1.000000
tan -0.774568 0.025854 -0.536425 1.000000
tan -0.873396 0.003782 -0.480315 1.000000
tan -0.921260 -0.058032 0.383905 1.000000
tan -0.726207 -0.153264 0.483601 1.000000
tan -0.173476 -0.014136 0.984376 1.000000
tan -0.089280 -0.039432 0.877426 1.000000
tan 0.677165 -0.026660 0.731663 1.000000
tan 0.663029 0.075888 0.595511 1.000000
tan 1.000000 0.023622 0.009548 1.000000
tan 0.876434 -0.034472 -0.341311 1.000000
tan 0.503689 -0.011408 -0.865894 1.000000
tan 0.408209 0.015562 -0.778597 1.000000
tan -0.409263 -0.031248 -0.913572 1.000000
tan -0.461839 -0.032798 -0.823052 1.000000
tan -0.866142 -0.020460 -0.486329 1.000000
tan -0.774568 0.025854 -0.536425 1.000000
tan 0.799430 0.266601 0.470085 1.000000
tan 0.953066 0.261268 -0.098332 1.000000
tan 0.968504 -0.091202 -0.045756 1.000000
tan 0.984252 0.149606 -0.000000 1.000000
tan 0.984252 -0.182342 -0.077500 1.000000
tan 0.957468 0.044144 -0.061008 1.000000
tan 0.800918 -0.578337 -0.154938 1.000000
tan 0.478455 -0.313535 -0.809969 1.000000
tan 0.309257 -0.524831 -0.754851 1.000000
tan 0.666501 0.064356 -0.728501 1.000000
tan 0.744002 -0.155868 -0.643251 1.000000
tan 0.689751 0.188480 -0.697501 1.000000
tan 0.580879 0.018414 -0.771715 1.000000
tan 0.197594 0.611817 -0.752185 1.000000
tan 0.356191 -0.019158 -0.929754 1.000000
tan 0.356191 0.019158 -0.929754 1.000000
tan -0.205964 -0.015376 -0.976378 1.000000
tan -0.505177 0.013516 -0.858268 1.000000
tan -0.874016 0.013764 -0.489429 1.000000
tan -0.992126 0.000000 0.086614 1.000000
tan -0.818898 -0.012896 0.560295 1.000000
tan -0.331949 -0.014756 0.937008 1.000000
tan 0.182962 -0.023064 0.976378 1.000000
tan 0.474921 0.020336 0.883130 1.000000
tan 0.960630 0.007564 0.276211 1.000000
tan 0.984252 -0.007750 0.173848 1.000000
tan 0.805010 -0.011346 -0.593031 1.000000
tan 0.803832 0.014322 -0.592597 1.000000
tan 0.356191 0.019158 -0.929754 1.000000
tan 0.356191 -0.019158 -0.929754 1.000000
tan 0.571827 0.101370 0.673259 1.000000
tan 0.510075 -0.031186 0.857276 1.000000
tan -0.143468 -0.031248 0.992126 1.000000
tan -0.433939 -0.077066 0.801600 1.000000
tan -0.801538 -0.009796 0.580259 1.000000
tan -0.872528 0.080352 0.420175 1.000000
tan -0.920888 -0.001860 -0.385703 1.000000
tan -0.649761 -0.231881 -0.615041 1.000000
tan -0.195300 -0.036890 -0.976068 1.000000
tan -0.011594 0.135036 -0.871598 1.000000
tan 0.576415 -0.026350 -0.808605 1.000000
tan 0.566185 0.100688 -0.605245 1.000000
tan 0.992126 0.110236 -0.034720 1.000000
tan 0.800236 -0.269824 0.455267 1.000000
tan 0.525079 -0.020708 0.841032 1.000000
tan 0.564635 0.169260 0.676173 1.000000
tan 0.661417 0.031248 0.746543 1.000000
tan 0.672639 0.001674 0.681691 1.000000
tan -0.070432 0.093620 0.922686 1.000000
tan -0.165540 -0.009052 0.984066 1.000000
tan -0.621489 0.100192 0.617397 1.000000
tan -0.817162 0.028148 0.561659 1.000000
tan -0.910286 -0.067518 -0.297973 1.000000
tan -0.944262 0.009548 -0.337963 1.000000
tan -0.529047 0.066960 -0.800111 1.000000
tan -0.205282 0.024676 -0.976192 1.000000
tan 0.552731 -0.182094 -0.697563 1.000000
tan 0.627441 0.015810 -0.778039 1.000000
tan 0.931738 0.186744 -0.237584 1.000000
tan 0.992126 -0.039060 0.004030 1.000000
tan 0.672639 0.001674 0.681691 1.000000
tan 0.683551 -0.007254 0.723169 1.000000
tan 0.355323 -0.014632 -0.929134 1.000000
tan 0.355447 0.014632 -0.929134 1.000000
tan -0.189472 -0.007688 -0.976378 1.000000
tan -0.205220 0.007688 -0.976378 1.000000
tan -0.866142 0.013640 -0.496931 1.000000
tan -0.874016 -0.013764 -0.481183 1.000000
tan -0.937504 -0.012090 0.339575 1.000000
tan -0.929134 0.014632 0.355323 1.000000
tan -0.607291 0.007750 0.795771 1.000000
tan -0.607291 -0.007750 0.795771 1.000000
tan -0.094984 0.007812 0.992126 1.000000
tan 0.220906 0.007688 0.976378 1.000000
tan 0.434063 -0.014136 0.897638 1.000000
tan 0.905512 0.007130 0.417819 1.000000
tan 0.875008 -0.012958 0.489677 1.000000
tan 0.992126 0.007812 -0.094984 1.000000
tan 0.804142 -0.009672 -0.592039 1.000000
tan 0.795772 0.007750 -0.607291 1.000000
tan 0.355447 0.014632 -0.929134 1.000000
tan 0.355323 -0.014632 -0.929134 1.000000
tan 0.900552 -0.389671 0.037448 1.000000
tan 0.970426 0.060760 -0.130448 1.000000
tan 0.992126 -0.142290 -0.070308 1.000000
tan 0.984314 0.108252 -0.140616 1.000000
tan 0.976502 -0.090210 -0.171864 1.000000
tan 0.992126 0.085374 -0.031248 1.000000
tan 0.917292 -0.009920 -0.101308 1.000000
tan 0.578337 0.508153 -0.637609 1.000000
tan 0.790812 -0.036580 0.505177 1.000000
tan 0.872652 -0.035650 0.490731 1.000000
tan 0.433071 -0.035588 0.897638 1.000000
tan 0.333685 0.115692 0.834769 1.000000
tan -0.331825 -0.017484 0.944324 1.000000
tan -0.597681 -0.019468 0.729555 1.000000
tan -0.984066 0.024614 0.173786 1.000000
tan -0.888338 -0.075888 -0.010912 1.000000
tan -0.692913 -0.022940 -0.716535 1.000000
tan -0.567053 0.082832 -0.691177 1.000000
tan 0.046872 0.015748 -1.000000 1.000000
tan 0.393391 -0.036456 -0.853184 1.000000
tan 0.866142 0.011718 -0.496063 1.000000
tan 0.808358 -0.000868 -0.341559 1.000000
tan 0.872652 -0.035650 0.490731 1.000000
tan 0.790812 -0.036580 0.505177 1.000000
tan -0.944820 0.007440 0.074276 1.000000
tan -0.992126 0.000000 0.118110 1.000000
tan -0.535433 0.008432 0.844008 1.000000
tan -0.521297 -0.015004 0.695145 1.000000
tan 0.425197 0.010044 0.905884 1.000000
tan 0.565441 0.150040 0.660921 1.000000
tan 0.976254 0.029078 0.212102 1.000000
tan 0.894042 -0.054064 0.067952 1.000000
tan 0.817782 0.015376 -0.567487 1.000000
tan 0.597681 -0.019468 -0.729555 1.000000
tan -0.086366 -0.031496 -1.000000 1.000000
tan -0.372249 0.165912 -0.795585 1.000000
tan -0.858454 0.035216 -0.512245 1.000000
tan -0.790812 -0.036580 -0.505177 1.000000
tan -0.992126 0.078120 0.108562 1.000000
tan -0.944820 0.007440 0.074276 1.000000
tan 0.956104 -0.231694 0.011408 1.000000
tan 0.979292 0.169198 -0.135842 1.000000
tan 0.968752 0.154938 -0.170500 1.000000
tan 0.984252 -0.160580 -0.077500 1.000000
tan 0.984252 0.186372 -0.046500 1.000000
tan 0.918098 -0.184016 -0.201376 1.000000
tan 0.915556 0.351975 0.019158 1.000000
tan 0.426003 0.279186 -0.842210 1.000000
tan 0.696571 -0.237275 -0.632277 1.000000
tan 0.722673 -0.167524 -0.661169 1.000000
tan 0.666501 0.141608 -0.728501 1.000000
tan 0.558001 -0.184016 -0.806001 1.000000
tan 0.703949 0.147622 -0.652551 1.000000
tan 0.489367 -0.217434 -0.758509 1.000000
tan -0.633517 0.023684 0.711761 1.000000
tan -0.628061 -0.005890 0.777667 1.000000
tan -0.992126 -0.023436 0.025854 1.000000
tan -0.758323 0.290842 -0.450865 1.000000
tan -0.534317 0.038626 -0.841900 1.000000
tan -0.524769 -0.119536 -0.761485 1.000000
tan 0.386757 0.045384 -0.920702 1.000000
tan 0.563333 0.158038 -0.687333 1.000000
tan 0.927522 -0.013020 -0.363011 1.000000
tan 0.685225 -0.173352 -0.540889 1.000000
tan 0.872528 0.025110 0.481307 1.000000
tan 0.639717 0.146816 0.609771 1.000000
tan 0.212226 0.021390 0.976254 1.000000
tan 0.203112 -0.026722 0.950772 1.000000
tan -0.607415 0.042656 0.793415 1.000000
tan -0.633517 0.023684 0.711761 1.000000
tan -0.827268 0.008618 0.560047 1.000000
tan -0.827330 -0.008680 0.552297 1.000000
tan -0.418315 0.014260 0.905512 1.000000
tan -0.395189 -0.018476 0.913882 1.000000
tan 0.418191 -0.014260 0.905512 1.000000
tan 0.615165 0.007564 0.787897 1.000000
tan 0.961126 0.013082 0.260834 1.000000
tan 0.976378 -0.015376 0.205716 1.000000
tan 0.952756 -0.015004 -0.300205 1.000000
tan 0.944882 0.014880 -0.315953 1.000000
tan 0.654535 0.006758 -0.756401 1.000000
tan 0.638911 -0.007006 -0.764337 1.000000
tan 0.173724 0.007750 -0.984252 1.000000
tan 0.126480 -0.007812 -0.992126 1.000000
tan -0.497055 -0.009734 -0.866638 1.000000
tan -0.434559 0.017794 -0.898134 1.000000
tan -0.850890 -0.009300 -0.520677 1.000000
tan -1.000000 0.000000 0.015748 1.000000
tan -1.000000 0.000000 0.023622 1.000000
tan -0.827330 -0.008680 0.552297 1.000000
tan -0.827268 0.008618 0.560047 1.000000
tan 0.935272 -0.190092 -0.200756 1.000000
tan 0.962242 -0.177010 -0.183334 1.000000
tan 0.992126 0.118730 0.007812 1.000000
tan 0.992126 -0.117180 -0.039060 1.000000
tan 0.984314 0.132370 -0.132804 1.000000
tan 0.992126 -0.053878 -0.015624 1.000000
tan 0.850146 0.388369 -0.250481 1.000000
tan 0.910100 -0.179304 -0.285324 1.000000
tan 0.759564 -0.022630 -0.559551 1.000000
tan 0.826710 -0.025544 -0.561597 1.000000
tan 1.000000 0.015748 -0.030628 1.000000
tan 0.948664 -0.003782 -0.022072 1.000000
tan 0.716535 0.004712 0.692913 1.000000
tan 0.560233 0.045570 0.664145 1.000000
tan -0.078430 0.039370 1.000000 1.000000
tan -0.394941 -0.014136 0.802220 1.000000
tan -0.809908 -0.002666 0.574245 1.000000
tan -0.879844 -0.120838 0.155124 1.000000
tan -0.897142 -0.000000 -0.448571 1.000000
tan -0.637051 -0.002852 -0.690185 1.000000
tan -0.038440 -0.062496 -0.992126 1.000000
tan 0.277761 0.147994 -0.836320 1.000000
tan 0.826710 -0.025544 -0.561597 1.000000
tan 0.759564 -0.022630 -0.559551 1.000000
tan -0.774568 0.025854 -0.536425 1.000000
tan -0.873396 0.003782 -0.480315 1.000000
tan -0.921260 -0.058032 0.383905 1.000000
tan -0.726207 -0.153264 0.483601 1.000000
tan -0.173476 -0.014136 0.984376 1.000000
tan -0.089280 -0.039432 0.877426 1.000000
tan 0.677165 -0.026660 0.731663 1.000000
tan 0.663029 0.075888 0.595511 1.000000
tan 1.000000 0.023622 0.009548 1.000000
tan 0.876434 -0.034472 -0.341311 1.000000
tan 0.503689 -0.011408 -0.865894 1.000000
tan 0.408209 0.015562 -0.778597 1.000000
tan -0.409263 -0.031248 -0.913572 1.000000
tan -0.461839 -0.032798 -0.823052 1.000000
tan -0.866142 -0.020460 -0.486329 1.000000
tan -0.774568 0.025854 -0.536425 1.000000
tan 0.799430 0.266601 0.470085 1.000000
tan 0.953066 0.261268 -0.098332 1.000000
tan 0.968504 -0.091202 -0.045756 1.000000
tan 0.984252 0.149606 -0.000000 1.000000
tan 0.984252 -0.182342 -0.077500 1.000000
tan 0.957468 0.044144 -0.061008 1.000000
tan 0.800918 -0.578337 -0.154938 1.000000
tan 0.478455 -0.313535 -0.809969 1.000000
tan 0.309257 -0.524831 -0.754851 1.000000
tan 0.666501 0.064356 -0.728501 1.000000
tan 0.744002 -0.155868 -0.643251 1.000000
tan 0.689751 0.188480 -0.697501 1.000000
tan 0.580879 0.018414 -0.771715 1.000000
tan 0.197594 0.611817 -0.752185 1.000000
tan -0.015314 0.148428 0.927088 1.000000
tan -0.057908 0.179862 0.875876 1.000000
tan 0.005332 -0.011656 0.946246 1.000000
tan -0.005766 0.005332 0.998388 1.000000
tan -0.149606 -0.001178 0.985120 1.000000
tan -0.000620 -0.007874 0.957654 1.000000
tan -0.008928 -0.141732 0.944572 1.000000
tan 0.026040 -0.133734 0.942836 1.000000
tan -0.015748 0.000000 1.000000 1.000000
tan 0.125240 0.007750 0.984252 1.000000
tan 0.075330 0.102114 0.884432 1.000000
tan -0.001488 -0.007750 0.946246 1.000000
tan 0.073904 0.094860 0.887098 1.000000
tan 0.133858 0.000000 0.992126 1.000000
tan 0.011160 -0.029078 0.972844 1.000000
tan -0.004278 0.006634 0.994296 1.000000
tan 0.108562 -0.079050 0.987414 1.000000
tan -0.003348 -0.141732 0.958894 1.000000
tan -0.013268 -0.008556 0.994296 1.000000
tan -0.157480 0.000000 0.984252 1.000000
tan -0.004216 0.006634 0.989212 1.000000
tan -0.004216 0.133858 0.954058 1.000000
tan -0.000992 -0.007812 0.878046 1.000000
tan -0.053816 0.167152 0.878666 1.000000
tan 0.147808 0.044764 0.977866 1.000000
tan 0.118110 0.000000 0.944882 1.000000
tan 0.003348 -0.023312 0.993366 1.000000
tan 0.000000 0.000000 0.936884 1.000000
tan 0.020088 -0.140616 0.884990 1.000000
tan 0.000000 -0.149606 0.952756 1.000000
tan -0.015004 -0.004588 0.944758 1.000000
tan -0.157480 -0.001240 0.985182 1.000000
tan -0.002666 0.007378 0.947796 1.000000
tan -0.001178 0.149606 0.924174 1.000000
tan -0.001054 -0.007812 0.876930 1.000000
tan -0.100130 0.212908 0.804761 1.000000
tan 0.165354 -0.000000 -0.984252 1.000000
tan -0.551491 0.006572 -0.834646 1.000000
tan 0.496373 -0.006820 -0.866142 1.000000
tan -1.000000 0.000000 0.031496 1.000000
tan -0.929134 -0.007316 -0.362577 1.000000
tan -0.787402 0.006200 0.614483 1.000000
tan -0.393701 0.000000 0.921260 1.000000
tan 0.220472 0.000000 0.976378 1.000000
tan 0.952756 0.000000 0.299213 1.000000
tan 0.976378 -0.007688 0.197160 1.000000
tan 0.543617 -0.006634 -0.842520 1.000000
tan 0.228346 -0.000000 -0.976378 1.000000
tan 0.259843 -0.000000 -0.968504 1.000000
tan 0.787402 0.006200 -0.614545 1.000000
tan -0.110236 -0.000000 -0.992126 1.000000
tan 0.622047 0.000000 0.787401 1.000000
tan 0.858268 0.000000 0.511811 1.000000
tan -0.559489 -0.006510 0.826772 1.000000
tan -0.992126 -0.000000 -0.102362 1.000000
tan -0.984252 -0.007750 -0.150040 1.000000
tan -0.158224 0.015500 -0.984252 1.000000
tan 0.173228 -0.000000 -0.984252 1.000000
tan -0.503937 0.000000 0.866142 1.000000
tan -1.000000 -0.000000 -0.062992 1.000000
tan -0.763780 0.006014 0.646041 1.000000
tan -0.834646 -0.006572 -0.543741 1.000000
tan 0.039370 -0.000000 -1.000000 1.000000
tan 0.496435 -0.006820 -0.866142 1.000000
tan 0.992126 0.000000 0.149606 1.000000
tan 0.952756 -0.007502 0.283899 1.000000
tan 0.197222 0.007688 0.976378 1.000000
tan -0.433071 0.000000 0.905512 1.000000
tan -0.732655 -0.005394 0.685039 1.000000
tan -0.480625 0.006882 -0.874016 1.000000
tan 0.402319 -0.014384 -0.913386 1.000000
tan 0.488189 -0.000000 -0.874016 1.000000
tan -0.732283 -0.000000 -0.677165 1.000000
tan -1.000000 0.007874 0.063364 1.000000
tan -0.677165 0.000000 0.732283 1.000000
tan -0.078740 0.000000 0.992126 1.000000
tan 0.724409 0.000000 0.685039 1.000000
tan 0.960630 -0.007564 0.283775 1.000000
tan 0.543307 -0.000000 -0.842520 1.000000
tan 0.598425 -0.000000 -0.795275 1.000000
tan 0.984252 0.007750 -0.157852 1.000000
tan -0.038936 -0.007874 -1.000000 1.000000
tan 0.086614 -0.000000 -0.992126 1.000000
tan 1.000000 -0.000000 -0.047244 1.000000
tan 0.842520 -0.006634 0.543679 1.000000
tan 0.007874 0.000000 1.000000 1.000000
tan -0.496063 0.000000 0.866142 1.000000
tan -0.984252 -0.000000 -0.188976 1.000000
tan -0.952756 -0.007502 -0.283899 1.000000
tan -0.071300 0.007812 -0.992126 1.000000
tan 0.086614 -0.000000 -0.992126 1.000000
tan -0.212970 -0.007688 0.976378 1.000000
tan -0.826772 0.006510 0.559365 1.000000
tan -0.881890 0.000000 0.472441 1.000000
tan 0.370079 0.000000 0.929134 1.000000
tan 0.842520 -0.006634 0.543679 1.000000
tan 0.992126 -0.000000 -0.149606 1.000000
tan 0.779528 0.006138 -0.622357 1.000000
tan -0.047244 -0.000000 -1.000000 1.000000
tan 0.275281 0.007564 -0.960630 1.000000
tan -0.881890 -0.006944 -0.464877 1.000000
tan -0.921260 0.007254 0.393701 1.000000
tan -0.826772 0.006510 0.559365 1.000000
tan -0.874016 -0.000000 -0.480315 1.000000
tan -0.496435 -0.006820 0.866142 1.000000
tan -0.527559 0.000000 0.850394 1.000000
tan -0.433071 -0.000000 -0.897638 1.000000
tan 0.299647 -0.007502 -0.952756 1.000000
tan 0.992126 0.000000 0.149606 1.000000
tan 0.889764 -0.007006 0.457065 1.000000
tan -0.267407 0.007564 0.960630 1.000000
tan -0.448819 -0.007068 0.897638 1.000000
tan -0.843760 -0.017112 0.543307 1.000000
tan -0.855478 -0.101680 0.102176 1.000000
tan -0.697501 0.304111 -0.645297 1.000000
tan -0.574245 -0.033728 0.606857 1.000000
tan 0.095976 -0.046872 0.992126 1.000000
tan 0.319053 -0.163928 0.846178 1.000000
tan 0.808606 -0.005580 0.572385 1.000000
tan 0.576601 0.086490 0.586211 1.000000
tan 0.960134 -0.032426 -0.277575 1.000000
tan 0.600099 -0.128588 -0.566185 1.000000
tan 0.393701 0.009300 -0.920516 1.000000
tan -0.234856 -0.063426 -0.917726 1.000000
tan -0.433319 -0.024118 -0.896398 1.000000
tan -0.696199 0.286626 -0.657511 1.000000
tan -0.843760 -0.017112 0.543307 1.000000
tan -0.855478 -0.101680 0.102176 1.000000
tan -0.697501 0.304111 -0.645297 1.000000
tan -0.574245 -0.033728 0.606857 1.000000
tan 0.095976 -0.046872 0.992126 1.000000
tan 0.319053 -0.163928 0.846178 1.000000
tan 0.808606 -0.005580 0.572385 1.000000
tan 0.576601 0.086490 0.586211 1.000000
tan 0.960134 -0.032426 -0.277575 1.000000
tan 0.600099 -0.128588 -0.566185 1.000000
tan 0.393701 0.009300 -0.920516 1.000000
tan -0.234856 -0.063426 -0.917726 1.000000
tan -0.433319 -0.024118 -0.896398 1.000000
tan -0.696199 0.286626 -0.657511 1.000000
tan -0.843760 -0.017112 0.543307 1.000000
tan -0.855478 -0.101680 0.102176 1.000000
tan -0.697501 0.304111 -0.645297 1.000000
tan -0.574245 -0.033728 0.606857 1.000000
tan 0.095976 -0.046872 0.992126 1.000000
tan 0.319053 -0.163928 0.846178 1.000000
tan 0.808606 -0.005580 0.572385 1.000000
tan 0.576601 0.086490 0.586211 1.000000
tan 0.960134 -0.032426 -0.277575 1.000000
tan 0.600099 -0.128588 -0.566185 1.000000
tan 0.393701 0.009300 -0.920516 1.000000
tan -0.234856 -0.063426 -0.917726 1.000000
tan -0.433319 -0.024118 -0.896398 1.000000
tan -0.696199 0.286626 -0.657511 1.000000
tan -0.062000 -0.782007 0.598053 1.000000
tan 0.000000 -0.976378 -0.015748 1.000000
tan -0.046128 -0.931614 0.331515 1.000000
tan 0.007750 -0.984252 -0.017112 1.000000
tan 0.041788 -0.938124 -0.321656 1.000000
tan 0.067270 -0.731415 -0.638415 1.000000
tan 0.086676 -0.948602 0.231013 1.000000
tan -0.061008 -0.906566 0.138012 1.000000
tan 0.545291 -0.492157 0.672205 1.000000
tan 0.087048 -0.914006 -0.380929 1.000000
tan -0.060698 -0.925352 -0.309752 1.000000
tan -0.102672 -0.942464 -0.046314 1.000000
tan -0.078740 -1.000000 -0.007874 1.000000
tan 0.074028 -0.969186 0.036952 1.000000
tan 0.071548 -0.992126 -0.007812 1.000000
tan -0.066464 -0.920826 -0.021824 1.000000
tan -0.078120 -0.933474 0.009920 1.000000
tan 0.119412 -0.945378 -0.021266 1.000000
tan 0.000992 -0.924236 -0.125984 1.000000
tan -0.007564 -0.960630 0.124000 1.000000
tan -0.448819 -0.000062 0.889764 1.000000
tan -0.012710 -0.961808 0.056234 1.000000
tan 0.034038 -0.968380 -0.061938 1.000000
tan -0.160890 -0.934652 -0.022506 1.000000
tan -0.078740 -1.000000 -0.007874 1.000000
tan 0.074028 -0.969186 0.036952 1.000000
tan 0.071548 -0.992126 -0.007812 1.000000
tan -0.066464 -0.920826 -0.021824 1.000000
tan -0.078120 -0.933474 0.009920 1.000000
tan 0.119412 -0.945378 -0.021266 1.000000
tan 0.000992 -0.924236 -0.125984 1.000000
tan -0.007564 -0.960630 0.124000 1.000000
tan -0.448819 -0.000062 0.889764 1.000000
tan -0.012710 -0.961808 0.056234 1.000000
tan 0.034038 -0.968380 -0.061938 1.000000
tan -0.160890 -0.934652 -0.022506 1.000000
tan -0.818898 0.000000 0.574803 1.000000
tan 0.370079 0.000000 0.929134 1.000000
tan -0.716845 -0.005518 0.700787 1.000000
tan 0.409759 0.007192 0.913386 1.000000
tan 0.960630 -0.007564 0.260152 1.000000
tan 0.763780 -0.000000 -0.645669 1.000000
tan 0.811024 0.006386 -0.582987 1.000000
tan -0.189286 0.007750 -0.984252 1.000000
tan -0.850394 -0.000000 -0.527559 1.000000
tan -0.960630 -0.007564 -0.268027 1.000000
tan -0.748031 0.005890 0.661727 1.000000
tan -0.818898 0.000000 0.574803 1.000000
tan 0.547771 0.773575 -0.274723 1.000000
tan 0.204476 0.400025 -0.891252 1.000000
tan 0.372621 0.021886 -0.888834 1.000000
tan 0.445285 0.120156 -0.890570 1.000000
tan 0.417323 -0.069068 -0.905512 1.000000
tan -0.298965 -0.735445 -0.561163 1.000000
tan 0.328105 -0.116808 -0.937442 1.000000
tan 0.415401 -0.020584 -0.841962 1.000000
tan 0.264741 -0.922810 -0.268026 1.000000
tan 0.547771 0.773575 -0.274723 1.000000
tan 0.204476 0.400025 -0.891252 1.000000
tan 0.372621 0.021886 -0.888834 1.000000
tan 0.445285 0.120156 -0.890570 1.000000
tan 0.417323 -0.069068 -0.905512 1.000000
tan -0.298965 -0.735445 -0.561163 1.000000
tan 0.328105 -0.116808 -0.937442 1.000000
tan 0.415401 -0.020584 -0.841962 1.000000
tan 0.264741 -0.922810 -0.268026 1.000000
tan 0.484345 -0.160704 -0.845682 1.000000
tan 0.747721 0.456631 -0.438651 1.000000
tan 0.703081 0.122760 -0.703081 1.000000
tan 0.640585 -0.121148 -0.757765 1.000000
tan 0.566929 0.067518 -0.826772 1.000000
tan 0.208568 0.922810 -0.060512 1.000000
tan 0.754045 -0.240561 -0.568913 1.000000
tan 0.502945 0.214148 -0.760555 1.000000
tan -0.828632 0.012834 0.561535 1.000000
tan -0.828632 -0.013020 0.553661 1.000000
tan -0.015748 0.000000 1.000000 1.000000
tan -0.395561 -0.018476 0.914006 1.000000
tan 0.386447 0.007254 0.921260 1.000000
tan 0.835266 0.008866 0.544547 1.000000
tan 0.937008 -0.022134 0.348317 1.000000
tan 0.843078 -0.009052 -0.536549 1.000000
tan 0.779528 0.006138 -0.622667 1.000000
tan -0.102362 -0.000000 -0.992126 1.000000
tan -0.213218 0.007688 -0.976378 1.000000
tan -0.811706 0.014632 -0.576849 1.000000
tan -0.929134 -0.014632 -0.363445 1.000000
tan -1.000000 0.000000 0.015748 1.000000
tan -0.828632 -0.013020 0.553661 1.000000
tan -0.828632 0.012834 0.561535 1.000000
tan 0.484345 -0.160704 -0.845682 1.000000
tan 0.747721 0.456631 -0.438651 1.000000
tan 0.703081 0.122760 -0.703081 1.000000
tan 0.640585 -0.121148 -0.757765 1.000000
tan 0.566929 0.067518 -0.826772 1.000000
tan 0.208568 0.922810 -0.060512 1.000000
tan 0.754045 -0.240561 -0.568913 1.000000
tan 0.502945 0.214148 -0.760555 1.000000
tan -0.828632 0.012834 0.561535 1.000000
tan -0.828632 -0.013020 0.553661 1.000000
tan -0.015748 0.000000 1.000000 1.000000
tan -0.395561 -0.018476 0.914006 1.000000
tan 0.386447 0.007254 0.921260 1.000000
tan 0.835266 0.008866 0.544547 1.000000
tan 0.937008 -0.022134 0.348317 1.000000
tan 0.843078 -0.009052 -0.536549 1.000000
tan 0.779528 0.006138 -0.622667 1.000000
tan -0.102362 -0.000000 -0.992126 1.000000
tan -0.213218 0.007688 -0.976378 1.000000
tan -0.811706 0.014632 -0.576849 1.000000
tan -0.929134 -0.014632 -0.363445 1.000000
tan -1.000000 0.000000 0.015748 1.000000
tan -0.828632 -0.013020 0.553661 1.000000
tan -0.828632 0.012834 0.561535 1.000000
tan 0.484345 -0.160704 -0.845682 1.000000
tan 0.747721 0.456631 -0.438651 1.000000
tan 0.703081 0.122760 -0.703081 1.000000
tan 0.640585 -0.121148 -0.757765 1.000000
tan 0.566929 0.067518 -0.826772 1.000000
tan 0.208568 0.922810 -0.060512 1.000000
tan 0.754045 -0.240561 -0.568913 1.000000
tan 0.502945 0.214148 -0.760555 1.000000
tan -0.828632 0.012834 0.561535 1.000000
tan -0.828632 -0.013020 0.553661 1.000000
tan -0.015748 0.000000 1.000000 1.000000
tan -0.395561 -0.018476 0.914006 1.000000
tan 0.386447 0.007254 0.921260 1.000000
tan 0.835266 0.008866 0.544547 1.000000
tan 0.937008 -0.022134 0.348317 1.000000
tan 0.843078 -0.009052 -0.536549 1.000000
tan 0.779528 0.006138 -0.622667 1.000000
tan -0.102362 -0.000000 -0.992126 1.000000
tan -0.213218 0.007688 -0.976378 1.000000
tan -0.811706 0.014632 -0.576849 1.000000
tan -0.929134 -0.014632 -0.363445 1.000000
tan -1.000000 0.000000 0.015748 1.000000
tan -0.828632 -0.013020 0.553661 1.000000
tan -0.828632 0.012834 0.561535 1.000000
tan -0.083886 -0.960878 -0.236778 1.000000
tan 0.082150 -0.969620 0.232749 1.000000
tan -0.174840 -0.906566 0.232749 1.000000
tan 0.007006 -0.962676 -0.072912 1.000000
tan 0.060512 -0.960630 -0.270692 1.000000
tan 0.062000 -0.688201 0.706801 1.000000
tan 0.495691 0.233554 -0.831236 1.000000
tan 0.468535 0.239568 -0.778101 1.000000
tan 0.703081 -0.078244 -0.695269 1.000000
tan 0.700787 0.060946 -0.716535 1.000000
tan 0.635501 -0.162316 -0.751751 1.000000
tan 0.075144 0.738049 -0.638105 1.000000
tan 0.640585 0.011036 -0.757765 1.000000
tan 0.306591 -0.461281 -0.815983 1.000000
tan 0.782752 -0.245149 -0.576353 1.000000
tan 0.495691 0.233554 -0.831236 1.000000
tan 0.468535 0.239568 -0.778101 1.000000
tan 0.703081 -0.078244 -0.695269 1.000000
tan 0.700787 0.060946 -0.716535 1.000000
tan 0.635501 -0.162316 -0.751751 1.000000
tan 0.075144 0.738049 -0.638105 1.000000
tan 0.640585 0.011036 -0.757765 1.000000
tan 0.306591 -0.461281 -0.815983 1.000000
tan 0.782752 -0.245149 -0.576353 1.000000
tan 0.495691 0.233554 -0.831236 1.000000
tan 0.468535 0.239568 -0.778101 1.000000
tan 0.703081 -0.078244 -0.695269 1.000000
tan 0.700787 0.060946 -0.716535 1.000000
tan 0.635501 -0.162316 -0.751751 1.000000
tan 0.075144 0.738049 -0.638105 1.000000
tan 0.640585 0.011036 -0.757765 1.000000
tan 0.306591 -0.461281 -0.815983 1.000000
tan 0.782752 -0.245149 -0.576353 1.000000
tan -0.008990 -0.935830 0.113522 1.000000
tan 0.015748 -1.000000 0.048112 1.000000
tan -0.046872 -0.992126 0.083638 1.000000
tan -0.205344 -0.873830 0.079546 1.000000
tan -0.170500 -0.968752 0.177816 1.000000
tan -0.138818 -0.926344 0.188418 1.000000
tan -0.201500 -0.961002 0.155000 1.000000
tan -0.173972 -0.917292 0.211978 1.000000
tan -0.124992 -0.984314 0.081964 1.000000
tan -0.114328 -0.968008 -0.001364 1.000000
tan -0.314217 -0.801165 0.372807 1.000000
tan -0.176948 -0.894848 0.064728 1.000000
tan -0.085932 -0.992126 0.083886 1.000000
tan 0.031496 -1.000000 0.016988 1.000000
tan -0.333685 -0.780705 0.384401 1.000000
tan -0.155000 -0.968752 0.182280 1.000000
tan -0.199330 -0.881890 0.062496 1.000000
tan -0.071548 -0.949346 0.081220 1.000000
tan -0.131750 -0.976502 0.181164 1.000000
tan -0.161572 -0.930498 0.168764 1.000000
tan 0.050902 -0.936884 0.083018 1.000000
tan 0.141732 -0.992126 0.021204 1.000000
tan -0.070308 -0.992126 0.090024 1.000000
tan 0.136276 -0.880030 0.216257 1.000000
tan 0.296857 -0.945254 0.089590 1.000000
tan -0.034720 -0.953686 0.092132 1.000000
tan 0.399777 -0.891810 0.212784 1.000000
tan 0.015748 -1.000000 0.016864 1.000000
tan 0.466861 -0.768181 0.411433 1.000000
tan 0.499225 -0.816913 0.281605 1.000000
tan 0.007812 -0.893174 0.064728 1.000000
tan 0.547647 -0.625643 0.536611 1.000000
tan 0.187488 -0.976502 0.084320 1.000000
tan 0.386385 -0.879596 0.196106 1.000000
tan 0.102362 -0.992126 0.022878 1.000000
tan 0.156240 -0.919586 0.186372 1.000000
tan 0.104966 -0.959576 0.069440 1.000000
tan 0.016368 -0.960258 -0.010912 1.000000
tan 0.495691 -0.805692 0.128960 1.000000
tan 0.164052 -0.938310 0.042532 1.000000
tan 0.118110 -0.992126 0.015252 1.000000
tan 0.307583 -0.900242 0.296175 1.000000
tan 0.322897 -0.922562 0.207949 1.000000
tan 0.460165 -0.747411 0.409883 1.000000
tan 0.183024 -0.913448 0.209808 1.000000
tan 0.001364 -0.992126 0.102362 1.000000
tan 0.471387 -0.768243 0.365119 1.000000
tan 0.533449 -0.807428 0.051336 1.000000
tan 0.123194 -0.949470 0.047554 1.000000
tan 0.023250 -0.985740 0.004464 1.000000
tan 0.140616 -0.984314 0.079236 1.000000
tan 0.455887 -0.846240 0.284953 1.000000
tan 0.518941 -0.816913 0.046872 1.000000
tan 0.399777 -0.891810 0.212784 1.000000
tan 0.132804 -0.984314 0.089094 1.000000
tan -0.056544 -0.882510 0.164424 1.000000
tan -0.031496 -1.000000 0.014508 1.000000
tan -0.118110 -0.992126 0.010974 1.000000
tan 0.132618 -0.872404 0.207391 1.000000
tan -0.095728 -0.926778 0.191518 1.000000
tan -0.187488 -0.976502 0.079298 1.000000
tan 0.074896 -0.932296 0.132122 1.000000
tan -0.209684 -0.892492 0.254945 1.000000
tan -0.193750 -0.961002 0.155248 1.000000
tan -0.138384 -0.884494 0.134044 1.000000
tan -0.362329 -0.737119 0.460475 1.000000
tan -0.186000 -0.968752 0.188976 1.000000
tan -0.345961 -0.778969 0.407155 1.000000
tan -0.078120 -0.992126 0.081654 1.000000
tan -0.136648 -0.944324 0.146816 1.000000
tan -0.039370 -1.000000 0.045074 1.000000
tan 0.055614 0.947238 -0.085436 1.000000
tan 0.036270 0.942836 -0.027342 1.000000
tan 0.058156 0.938310 -0.066960 1.000000
tan 0.107136 0.944324 -0.156240 1.000000
tan 0.031496 1.000000 -0.037634 1.000000
tan 0.153636 0.884432 -0.175956 1.000000
tan 0.054684 0.992126 -0.083142 1.000000
tan 0.003348 0.936884 -0.090396 1.000000
tan 0.312481 0.748465 -0.451361 1.000000
tan 0.325377 0.726083 -0.469279 1.000000
tan 0.171864 0.873210 -0.130200 1.000000
tan -0.005952 0.943890 -0.044144 1.000000
tan 0.115320 0.968690 -0.213157 1.000000
tan 0.037138 0.946680 -0.044516 1.000000
tan -0.011284 0.942650 -0.006138 1.000000
tan 0.123008 0.968690 -0.223573 1.000000
tan -0.094364 0.889144 0.081902 1.000000
tan -0.231508 0.919152 -0.168454 1.000000
tan -0.560853 0.684233 -0.453469 1.000000
tan -0.007874 1.000000 -0.008246 1.000000
tan 0.157480 0.880712 -0.162564 1.000000
tan 0.042656 0.932730 -0.110608 1.000000
tan 0.136214 0.923988 -0.205778 1.000000
tan 0.233740 0.927026 -0.144584 1.000000
tan 0.135904 0.870730 -0.192882 1.000000
tan 0.268213 0.782937 -0.414471 1.000000
tan 0.101556 0.984314 -0.081902 1.000000
tan 0.071610 0.939302 0.043090 1.000000
tan 0.078988 0.938310 -0.024924 1.000000
tan 0.106764 0.960878 -0.240437 1.000000
tan 0.143592 0.873458 -0.190092 1.000000
tan 0.142848 0.855912 -0.196726 1.000000
tan 0.366049 0.670097 -0.528737 1.000000
tan 0.084568 0.968690 -0.199020 1.000000
tan 0.055118 1.000000 -0.004402 1.000000
tan 0.022816 0.943890 0.011904 1.000000
tan 0.095480 0.944076 -0.127906 1.000000
tan -0.047244 1.000000 -0.003348 1.000000
tan -0.046004 0.942650 -0.076818 1.000000
tan 0.014136 0.958026 -0.035092 1.000000
tan -0.030442 0.940046 -0.093868 1.000000
tan -0.077190 0.930932 -0.132060 1.000000
tan -0.110236 0.992126 -0.004340 1.000000
tan -0.380433 0.863042 -0.010168 1.000000
tan -0.276211 0.895468 -0.232563 1.000000
tan -0.228346 0.976378 -0.074586 1.000000
tan -0.506479 0.813752 -0.152334 1.000000
tan -0.366049 0.899870 -0.240561 1.000000
tan -0.495133 0.817596 -0.159588 1.000000
tan -0.553909 0.653977 -0.507719 1.000000
tan -0.141050 0.932792 -0.119040 1.000000
tan -0.552855 0.698803 -0.407961 1.000000
tan -0.385765 0.877426 -0.252527 1.000000
tan -0.192510 0.945440 0.055614 1.000000
tan -0.008680 0.942650 0.015996 1.000000
tan -0.224316 0.926840 0.075702 1.000000
tan -0.234360 0.960878 -0.081282 1.000000
tan -0.100626 0.924174 -0.174964 1.000000
tan -0.473433 0.777977 -0.342117 1.000000
tan -0.187054 0.912456 -0.220659 1.000000
tan -0.021452 0.957096 -0.022196 1.000000
tan -0.582429 0.767747 -0.107198 1.000000
tan -0.149172 0.954802 -0.021762 1.000000
tan -0.181102 0.984252 -0.067704 1.000000
tan -0.086614 1.000000 -0.021204 1.000000
tan -0.388927 0.884618 -0.256867 1.000000
tan -0.067580 0.935582 -0.104160 1.000000
tan -0.181536 0.915246 -0.195300 1.000000
tan -0.535309 0.672515 -0.475789 1.000000
tan -0.468969 0.853370 -0.219481 1.000000
tan -0.511501 0.743815 -0.381115 1.000000
tan -0.248868 0.905016 -0.210863 1.000000
tan -0.226548 0.968690 -0.078988 1.000000
tan 0.034968 -0.946246 -0.054436 1.000000
tan 0.015748 -1.000000 -0.031496 1.000000
tan 0.030256 -1.000000 -0.078740 1.000000
tan 0.234112 -0.849650 -0.253208 1.000000
tan 0.057226 -0.984252 -0.188976 1.000000
tan -0.038812 -0.940914 -0.073904 1.000000
tan 0.071300 -0.984252 -0.196850 1.000000
tan -0.066154 -0.855726 -0.215512 1.000000
tan 0.241615 -0.848968 -0.272056 1.000000
tan 0.041850 -0.992126 -0.118110 1.000000
tan 0.051832 -0.944076 -0.140182 1.000000
tan 0.099820 -0.890570 -0.097650 1.000000
tan 0.039370 -1.000000 0.000000 1.000000
tan -0.009672 -0.892864 -0.161138 1.000000
tan 0.052328 -0.992126 -0.149606 1.000000
tan 0.075640 -0.939426 -0.000620 1.000000
tan 0.110112 -0.992126 0.015624 1.000000
tan 0.034410 -0.942340 -0.023126 1.000000
tan 0.061380 -0.992126 -0.141732 1.000000
tan 0.140368 -0.883750 -0.016120 1.000000
tan 0.134416 -0.992126 -0.023436 1.000000
tan 0.110608 -0.891810 0.033232 1.000000
tan 0.208072 -0.870110 -0.063798 1.000000
tan 0.133858 -0.992126 -0.054684 1.000000
tan 0.167648 -0.883750 0.031744 1.000000
tan 0.047244 -1.000000 -0.023622 1.000000
tan 0.110236 -0.992126 0.000000 1.000000
tan 0.149916 -0.887656 -0.010974 1.000000
tan 0.317627 -0.837746 -0.189410 1.000000
tan 0.155372 -0.976502 -0.108500 1.000000
tan 0.241490 -0.953252 -0.152520 1.000000
tan 0.133858 -0.992126 -0.031248 1.000000
tan 0.360221 -0.857958 -0.263190 1.000000
tan 0.308203 -0.937752 -0.180048 1.000000
tan 0.146134 -0.922004 -0.095852 1.000000
tan 0.134416 -0.992126 -0.070308 1.000000
tan 0.425259 -0.810590 -0.312418 1.000000
tan 0.159030 -0.976502 -0.116250 1.000000
tan 0.605493 -0.617583 -0.423399 1.000000
tan 0.279497 -0.937938 -0.211792 1.000000
tan 0.159278 -0.968752 -0.178250 1.000000
tan 0.173724 -0.842334 -0.249922 1.000000
tan 0.265299 -0.885486 -0.238080 1.000000
tan 0.117614 -0.923678 -0.286192 1.000000
tan 0.051522 -0.939488 -0.116622 1.000000
tan 0.146692 -0.851138 -0.297476 1.000000
tan 0.104966 -0.924732 -0.208072 1.000000
tan 0.228594 -0.953252 -0.160146 1.000000
tan 0.307025 -0.813318 -0.482299 1.000000
tan 0.311179 -0.937752 -0.180048 1.000000
tan 0.304173 -0.881518 -0.275714 1.000000
tan 0.237708 -0.953252 -0.160146 1.000000
tan 0.510013 -0.706429 -0.377085 1.000000
tan 0.122016 -0.922500 -0.190092 1.000000
tan 0.098208 -0.935706 -0.090148 1.000000
tan 0.046872 -0.977804 -0.092752 1.000000
tan 0.158720 -0.968752 -0.155000 1.000000
tan 0.283961 -0.937938 -0.219356 1.000000
tan 0.139128 -0.854672 -0.309690 1.000000
tan 0.308513 -0.930250 -0.210056 1.000000
tan 0.161882 -0.838490 -0.255502 1.000000
tan 0.241614 -0.953252 -0.167772 1.000000
tan 0.156798 -0.984252 -0.085250 1.000000
tan 0.510137 -0.710335 -0.351665 1.000000
tan 0.167710 -0.927336 -0.083266 1.000000
tan 0.133858 -0.992126 -0.046872 1.000000
tan 0.340381 -0.855602 -0.241614 1.000000
tan 0.272677 -0.899684 -0.168516 1.000000
tan 0.190092 -0.876434 0.011532 1.000000
tan 0.133610 -0.992126 -0.015624 1.000000
tan 0.256371 -0.859632 -0.112220 1.000000
tan 0.188108 -0.877426 0.045632 1.000000
tan 0.110050 -0.992126 0.023436 1.000000
tan 0.203050 -0.880278 -0.049972 1.000000
tan 0.144150 -0.881022 0.053630 1.000000
tan 0.039742 -1.000000 -0.015748 1.000000
tan 0.126914 -0.893608 -0.013392 1.000000
tan 0.041850 -0.942774 -0.018290 1.000000
tan 0.041478 -0.992126 -0.102362 1.000000
tan 0.113150 -0.895034 -0.106516 1.000000
tan -0.042284 -0.890570 -0.179676 1.000000
tan 0.071238 -0.984252 -0.188976 1.000000
tan 0.211048 -0.857214 -0.254014 1.000000
tan 0.200012 -0.866390 -0.250728 1.000000
tan -0.066526 -0.863228 -0.222642 1.000000
tan 0.062000 -0.984252 -0.196850 1.000000
tan 0.030380 -1.000000 -0.070866 1.000000
tan 0.015748 -1.000000 -0.015748 1.000000
tan 0.043400 -0.944882 -0.026288 1.000000
tan 0.119846 -0.937938 -0.134540 1.000000
tan 0.030008 -1.000000 -0.047244 1.000000
tan 0.004712 -0.945626 -0.031248 1.000000
tan 0.052638 -0.896336 -0.068448 1.000000
tan 0.077066 -1.000000 -0.070866 1.000000
tan 0.108624 -0.932172 -0.119598 1.000000
tan 0.105276 -0.948230 -0.074090 1.000000
tan 0.162316 -0.976502 -0.108500 1.000000
tan 0.194494 -0.870110 -0.124868 1.000000
tan 0.210800 -0.859942 -0.150040 1.000000
tan 0.053320 -0.938682 -0.004960 1.000000
tan 0.248930 -0.960878 -0.129642 1.000000
tan 0.215326 -0.906256 -0.174034 1.000000
tan 0.251225 -0.892492 -0.207266 1.000000
tan 0.072416 -0.942402 -0.028520 1.000000
tan 0.030752 -1.000000 -0.023622 1.000000
tan 0.363383 -0.807613 -0.249426 1.000000
tan 0.118358 -0.892740 -0.089900 1.000000
tan 0.076880 -1.000000 -0.047244 1.000000
tan 0.071796 -0.948230 -0.053320 1.000000
tan 0.174778 -0.862732 -0.138136 1.000000
tan 0.182156 -0.873458 -0.136772 1.000000
tan 0.039432 -0.938682 -0.012400 1.000000
tan 0.046066 -0.907434 -0.081158 1.000000
tan 0.161634 -0.976502 -0.100750 1.000000
tan 0.369893 -0.805258 -0.253580 1.000000
tan 0.115506 -0.932172 -0.116002 1.000000
tan 0.182094 -0.874202 -0.120776 1.000000
tan 0.247876 -0.960878 -0.129642 1.000000
tan 0.497551 -0.718829 -0.316201 1.000000
tan 0.242358 -0.899498 -0.158286 1.000000
tan 0.221960 -0.851324 -0.176142 1.000000
tan 0.474239 -0.786286 -0.286688 1.000000
tan 0.278009 -0.879100 -0.189162 1.000000
tan 0.324137 -0.930064 -0.166284 1.000000
tan 0.715729 -0.448881 -0.481121 1.000000
tan 0.224936 -0.833468 -0.317875 1.000000
tan 0.157232 -0.835142 -0.378635 1.000000
tan 0.396615 -0.899002 -0.158224 1.000000
tan 0.566557 -0.656705 -0.417509 1.000000
tan 0.185938 -0.891562 -0.257858 1.000000
tan 0.335979 -0.922252 -0.162316 1.000000
tan 0.202120 -0.837002 -0.330089 1.000000
tan 0.182404 -0.835142 -0.359229 1.000000
tan 0.321285 -0.879472 -0.210676 1.000000
tan 0.175522 -0.924050 -0.117986 1.000000
tan 0.185504 -0.922438 -0.035712 1.000000
tan 0.264307 -0.883068 -0.337095 1.000000
tan 0.178560 -0.976502 -0.139500 1.000000
tan 0.150784 -0.929382 -0.054684 1.000000
tan 0.170190 -0.880340 -0.170996 1.000000
tan 0.300391 -0.889392 -0.182590 1.000000
tan 0.667741 -0.494699 -0.503751 1.000000
tan 0.349433 -0.865770 -0.244528 1.000000
tan 0.127534 -0.984314 -0.132804 1.000000
tan 0.177320 -0.968752 -0.155000 1.000000
tan 0.059520 -0.939674 -0.103416 1.000000
tan 0.120466 -0.930932 -0.147808 1.000000
tan 0.339575 -0.922252 -0.169694 1.000000
tan 0.208444 -0.894848 -0.248000 1.000000
tan 0.212288 -0.831608 -0.351851 1.000000
tan 0.614545 -0.615785 -0.398351 1.000000
tan 0.386881 -0.906752 -0.166842 1.000000
tan 0.239320 -0.823858 -0.304793 1.000000
tan 0.454151 -0.805010 -0.263438 1.000000
tan 0.328105 -0.929878 -0.158844 1.000000
tan 0.488809 -0.737925 -0.303243 1.000000
tan 0.192200 -0.321470 0.870792 1.000000
tan 0.621985 0.413851 0.643189 1.000000
tan 0.488499 -0.157666 0.663711 1.000000
tan 0.152520 -0.006200 0.953252 1.000000
tan 0.157604 0.410813 0.876806 1.000000
tan 0.116374 -0.400149 0.891438 1.000000
tan 0.690433 0.398041 0.604129 1.000000
tan 0.609399 -0.318619 0.658751 1.000000
tan 0.285077 0.297910 -0.907744 1.000000
tan 0.465001 -0.064728 -0.868002 1.000000
tan 0.158844 0.455515 -0.842396 1.000000
tan 0.401575 0.041974 -0.913386 1.000000
tan 0.215450 0.554839 -0.775187 1.000000
tan 0.125612 -0.556389 -0.812573 1.000000
tan 0.390601 -0.104594 -0.914006 1.000000
tan -0.213900 -0.907310 -0.288610 1.000000
tan 0.378635 0.403311 0.836319 1.000000
tan 0.391035 -0.349805 0.848472 1.000000
tan 0.232128 -0.162998 0.892244 1.000000
tan 0.626201 0.261145 0.610329 1.000000
tan 0.573625 -0.049724 0.679769 1.000000
tan 0.131502 -0.385021 0.899126 1.000000
tan 0.157666 0.430839 0.876248 1.000000
tan 0.560853 -0.521731 0.618637 1.000000
tan 0.539773 0.432637 0.697563 1.000000
tan 0.431521 0.027342 0.783433 1.000000
tan 0.249116 0.640957 -0.724223 1.000000
tan 0.231260 0.651869 -0.717961 1.000000
tan 0.581251 0.242730 -0.691921 1.000000
tan 0.776056 0.430839 -0.448385 1.000000
tan -0.035960 0.921570 -0.220721 1.000000
tan 0.744125 0.592597 -0.241553 1.000000
tan 0.755719 0.557319 -0.241305 1.000000
tan 0.531217 -0.402133 -0.722053 1.000000
tan 0.289045 -0.550933 -0.762229 1.000000
tan 0.378821 -0.637671 -0.672081 1.000000
tan 0.727695 -0.626697 -0.234546 1.000000
tan 0.847170 -0.435117 -0.249984 1.000000
tan 0.345961 -0.466489 -0.803521 1.000000
tan 0.213776 0.696633 -0.663153 1.000000
tan 0.299771 0.602145 -0.728067 1.000000
tan 0.101618 0.672639 -0.726207 1.000000
tan 0.698679 0.561721 -0.414719 1.000000
tan 0.686031 0.623163 -0.381115 1.000000
tan 0.268399 -0.226053 -0.877736 1.000000
tan 0.655837 -0.460909 -0.600595 1.000000
tan -0.064604 -0.853866 -0.434125 1.000000
tan 0.323765 -0.416517 -0.846921 1.000000
tan 0.114080 -0.499969 -0.859322 1.000000
tan 0.659433 -0.336475 -0.641391 1.000000
tan 0.366793 0.159464 -0.834274 1.000000
tan 0.747721 0.377581 -0.534441 1.000000
tan 0.249116 0.640957 -0.724223 1.000000
tan 0.231260 0.651869 -0.717961 1.000000
tan 0.581251 0.242730 -0.691921 1.000000
tan 0.776056 0.430839 -0.448385 1.000000
tan -0.035960 0.921570 -0.220721 1.000000
tan 0.744125 0.592597 -0.241553 1.000000
tan 0.755719 0.557319 -0.241305 1.000000
tan 0.531217 -0.402133 -0.722053 1.000000
tan 0.289045 -0.550933 -0.762229 1.000000
tan 0.378821 -0.637671 -0.672081 1.000000
tan 0.727695 -0.626697 -0.234546 1.000000
tan 0.847170 -0.435117 -0.249984 1.000000
tan 0.345961 -0.466489 -0.803521 1.000000
tan 0.213776 0.696633 -0.663153 1.000000
tan 0.299771 0.602145 -0.728067 1.000000
tan 0.101618 0.672639 -0.726207 1.000000
tan 0.698679 0.561721 -0.414719 1.000000
tan 0.686031 0.623163 -0.381115 1.000000
tan 0.268399 -0.226053 -0.877736 1.000000
tan 0.655837 -0.460909 -0.600595 1.000000
tan -0.064604 -0.853866 -0.434125 1.000000
tan 0.323765 -0.416517 -0.846921 1.000000
tan 0.114080 -0.499969 -0.859322 1.000000
tan 0.659433 -0.336475 -0.641391 1.000000
tan 0.366793 0.159464 -0.834274 1.000000
tan 0.747721 0.377581 -0.534441 1.000000
tan 0.249116 0.640957 -0.724223 1.000000
tan 0.231260 0.651869 -0.717961 1.000000
tan 0.581251 0.242730 -0.691921 1.000000
tan 0.776056 0.430839 -0.448385 1.000000
tan -0.035960 0.921570 -0.220721 1.000000
tan 0.744125 0.592597 -0.241553 1.000000
tan 0.755719 0.557319 -0.241305 1.000000
tan 0.531217 -0.402133 -0.722053 1.000000
tan 0.289045 -0.550933 -0.762229 1.000000
tan 0.378821 -0.637671 -0.672081 1.000000
tan 0.727695 -0.626697 -0.234546 1.000000
tan 0.847170 -0.435117 -0.249984 1.000000
tan 0.345961 -0.466489 -0.803521 1.000000
tan 0.213776 0.696633 -0.663153 1.000000
tan 0.299771 0.602145 -0.728067 1.000000
tan 0.101618 0.672639 -0.726207 1.000000
tan 0.698679 0.561721 -0.414719 1.000000
tan 0.686031 0.623163 -0.381115 1.000000
tan 0.268399 -0.226053 -0.877736 1.000000
tan 0.655837 -0.460909 -0.600595 1.000000
tan -0.064604 -0.853866 -0.434125 1.000000
tan 0.323765 -0.416517 -0.846921 1.000000
tan 0.114080 -0.499969 -0.859322 1.000000
tan 0.659433 -0.336475 -0.641391 1.000000
tan 0.366793 0.159464 -0.834274 1.000000
tan 0.747721 0.377581 -0.534441 1.000000
tan 0.663773 0.217620 -0.661355 1.000000
tan -0.093744 0.678157 -0.707917 1.000000
tan 0.362701 0.131688 -0.921818 1.000000
tan 0.744497 -0.332383 -0.580011 1.000000
tan 0.177072 0.607105 -0.760369 1.000000
tan 0.316201 -0.211668 -0.845558 1.000000
tan 0.401079 0.615475 -0.679831 1.000000
tan 0.119722 -0.623535 -0.765267 1.000000
tan 0.103044 0.629797 -0.767065 1.000000
tan 0.137392 -0.636989 -0.757145 1.000000
tan 0.278629 0.354641 -0.828198 1.000000
tan 0.698741 -0.570649 -0.411929 1.000000
tan 0.602951 -0.236221 -0.644119 1.000000
tan 0.517577 -0.601897 -0.614669 1.000000
tan 0.663773 0.217620 -0.661355 1.000000
tan -0.093744 0.678157 -0.707917 1.000000
tan 0.362701 0.131688 -0.921818 1.000000
tan 0.744497 -0.332383 -0.580011 1.000000
tan 0.177072 0.607105 -0.760369 1.000000
tan 0.316201 -0.211668 -0.845558 1.000000
tan 0.401079 0.615475 -0.679831 1.000000
tan 0.119722 -0.623535 -0.765267 1.000000
tan 0.103044 0.629797 -0.767065 1.000000
tan 0.131316 -0.635811 -0.757145 1.000000
tan 0.278629 0.354641 -0.828198 1.000000
tan 0.698741 -0.570649 -0.411929 1.000000
tan 0.602951 -0.236221 -0.644119 1.000000
tan 0.517577 -0.601897 -0.614669 1.000000
tan 0.663773 0.217620 -0.661355 1.000000
tan -0.093744 0.678157 -0.707917 1.000000
tan 0.362701 0.131688 -0.921818 1.000000
tan 0.744497 -0.332383 -0.580011 1.000000
tan 0.177072 0.607105 -0.760369 1.000000
tan 0.316201 -0.211668 -0.845558 1.000000
tan 0.401079 0.615475 -0.679831 1.000000
tan 0.119722 -0.623535 -0.765267 1.000000
tan 0.103044 0.629797 -0.767065 1.000000
tan 0.137392 -0.636989 -0.757145 1.000000
tan 0.278629 0.354641 -0.828198 1.000000
tan 0.698741 -0.570649 -0.411929 1.000000
tan 0.602951 -0.236221 -0.644119 1.000000
tan 0.517577 -0.601897 -0.614669 1.000000
tan 0.830306 -0.172484 -0.515097 1.000000
tan 0.129952 -0.749954 -0.648397 1.000000
tan -0.055428 -0.910038 -0.247256 1.000000
tan 0.461219 -0.515593 -0.725835 1.000000
tan 0.751255 -0.106764 -0.562899 1.000000
tan 0.661541 -0.501271 -0.559241 1.000000
tan 0.538657 -0.297849 -0.755161 1.000000
tan 0.791184 -0.364995 -0.353711 1.000000
tan 0.531713 -0.399281 -0.723417 1.000000
tan 0.387811 0.449191 -0.771157 1.000000
tan 0.676917 -0.038626 -0.637609 1.000000
tan 0.572323 0.234050 -0.706801 1.000000
tan 0.659991 -0.101370 -0.660611 1.000000
tan 0.484345 0.376837 -0.775436 1.000000
tan 0.667555 0.490173 -0.564325 1.000000
tan 0.838862 0.223324 -0.488065 1.000000
tan 0.381177 0.412053 -0.818402 1.000000
tan 0.812884 0.453097 -0.311985 1.000000
tan -0.028458 0.920330 -0.075516 1.000000
tan 0.738050 0.227912 -0.638105 1.000000
tan 0.830306 -0.172484 -0.515097 1.000000
tan 0.129952 -0.749954 -0.648397 1.000000
tan -0.055428 -0.910038 -0.247256 1.000000
tan 0.461219 -0.515593 -0.725835 1.000000
tan 0.751255 -0.106764 -0.562899 1.000000
tan 0.661541 -0.501271 -0.559241 1.000000
tan 0.531403 -0.298097 -0.755161 1.000000
tan 0.791184 -0.364995 -0.353711 1.000000
tan 0.531713 -0.399281 -0.723417 1.000000
tan 0.387811 0.449191 -0.771157 1.000000
tan 0.676917 -0.038626 -0.637609 1.000000
tan 0.572323 0.234050 -0.706801 1.000000
tan 0.659991 -0.101370 -0.660611 1.000000
tan 0.484345 0.376837 -0.775436 1.000000
tan 0.667555 0.490173 -0.564325 1.000000
tan 0.838862 0.223324 -0.488065 1.000000
tan 0.381177 0.412053 -0.818402 1.000000
tan 0.812884 0.453097 -0.311985 1.000000
tan -0.028458 0.920330 -0.075516 1.000000
tan 0.738050 0.227912 -0.638105 1.000000
tan 0.830306 -0.172484 -0.515097 1.000000
tan 0.129952 -0.749954 -0.648397 1.000000
tan -0.055428 -0.910038 -0.247256 1.000000
tan 0.461219 -0.515593 -0.725835 1.000000
tan 0.751255 -0.106764 -0.562899 1.000000
tan 0.661541 -0.501271 -0.559241 1.000000
tan 0.538657 -0.297849 -0.755161 1.000000
tan 0.791184 -0.364995 -0.353711 1.000000
tan 0.531713 -0.399281 -0.723417 1.000000
tan 0.387811 0.449191 -0.771157 1.000000
tan 0.676917 -0.038626 -0.637609 1.000000
tan 0.572323 0.234050 -0.706801 1.000000
tan 0.659991 -0.101370 -0.660611 1.000000
tan 0.484345 0.376837 -0.775436 1.000000
tan 0.667555 0.490173 -0.564325 1.000000
tan 0.838862 0.223324 -0.488065 1.000000
tan 0.381177 0.412053 -0.818402 1.000000
tan 0.812884 0.453097 -0.311985 1.000000
tan -0.028458 0.920330 -0.075516 1.000000
tan 0.738050 0.227912 -0.638105 1.000000
tan -0.760494 -0.304607 -0.331515 1.000000
tan -0.698741 -0.354517 -0.608655 1.000000
tan -0.547275 -0.818897 -0.064480 1.000000
tan -0.049104 0.800917 -0.570649 1.000000
tan -0.620125 -0.729183 -0.247752 1.000000
tan -0.148924 0.550685 -0.821130 1.000000
tan -0.535309 0.770289 -0.104656 1.000000
tan -0.824478 0.202554 -0.499225 1.000000
tan -0.683365 -0.069130 -0.666067 1.000000
tan -0.565069 0.466117 -0.677909 1.000000
tan -0.605121 -0.289479 -0.748837 1.000000
tan -0.484345 -0.120838 -0.867134 1.000000
tan -0.863228 -0.354455 -0.361523 1.000000
tan -0.132184 -0.799305 -0.536921 1.000000
tan -0.604625 0.786967 -0.114328 1.000000
tan -0.640585 -0.017174 -0.757765 1.000000
tan -0.714675 -0.005332 -0.637981 1.000000
tan 0.714613 0.629239 -0.279373 1.000000
tan 0.710273 0.638973 -0.299151 1.000000
tan 0.789572 0.233430 -0.447331 1.000000
tan 0.413541 0.392895 -0.805692 1.000000
tan 0.388121 0.412053 -0.818030 1.000000
tan 0.473681 0.819579 0.116064 1.000000
tan 0.524087 -0.195114 -0.767003 1.000000
tan 0.621365 0.096844 -0.670469 1.000000
tan 0.819642 -0.108562 -0.564573 1.000000
tan 0.756091 -0.175832 -0.563023 1.000000
tan 0.478021 -0.823362 0.056420 1.000000
tan 0.723665 -0.668051 -0.160766 1.000000
tan 0.672267 -0.383719 -0.633021 1.000000
tan 0.748217 -0.638477 -0.193812 1.000000
tan 0.714613 0.629239 -0.279373 1.000000
tan 0.710273 0.638973 -0.299151 1.000000
tan 0.789572 0.233430 -0.447331 1.000000
tan 0.413541 0.392895 -0.805692 1.000000
tan 0.388121 0.412053 -0.818030 1.000000
tan 0.473681 0.819579 0.116064 1.000000
tan 0.524087 -0.195114 -0.767003 1.000000
tan 0.621365 0.096844 -0.670469 1.000000
tan 0.819642 -0.108562 -0.564573 1.000000
tan 0.756091 -0.175832 -0.563023 1.000000
tan 0.478021 -0.823362 0.056420 1.000000
tan 0.723665 -0.668051 -0.160766 1.000000
tan 0.672267 -0.383719 -0.633021 1.000000
tan 0.748217 -0.638477 -0.193812 1.000000
tan 0.714613 0.629239 -0.279373 1.000000
tan 0.710273 0.638973 -0.299151 1.000000
tan 0.789572 0.233430 -0.447331 1.000000
tan 0.413541 0.392895 -0.805692 1.000000
tan 0.388121 0.412053 -0.818030 1.000000
tan 0.473681 0.819579 0.116064 1.000000
tan 0.524087 -0.195114 -0.767003 1.000000
tan 0.621365 0.096844 -0.670469 1.000000
tan 0.819642 -0.108562 -0.564573 1.000000
tan 0.756091 -0.175832 -0.563023 1.000000
tan 0.478021 -0.823362 0.056420 1.000000
tan 0.723665 -0.668051 -0.160766 1.000000
tan 0.672267 -0.383719 -0.633021 1.000000
tan 0.748217 -0.638477 -0.193812 1.000000
tan 0.063550 -0.491351 -0.771901 1.000000
tan 0.447889 0.410317 -0.724285 1.000000
tan 0.190774 0.114514 -0.871908 1.000000
tan 0.087606 -0.450369 -0.883750 1.000000
tan 0.187922 -0.413231 -0.878356 1.000000
tan 0.108810 0.387067 -0.914006 1.000000
tan 0.102114 0.558001 -0.822494 1.000000
tan 0.444045 -0.279125 -0.784177 1.000000
tan 0.043896 -0.512617 -0.843698 1.000000
tan 0.420113 0.242668 -0.822680 1.000000
tan 0.037200 0.422531 -0.860376 1.000000
tan 0.482361 0.301072 -0.736871 1.000000
tan 0.530721 0.299584 -0.749953 1.000000
tan 0.708289 -0.033108 -0.582925 1.000000
tan 0.807986 -0.266725 -0.451237 1.000000
tan 0.581375 0.479881 -0.651373 1.000000
tan 0.784364 -0.317317 -0.466861 1.000000
tan 0.708847 0.216256 -0.675677 1.000000
tan 0.795586 0.505549 -0.332197 1.000000
tan 0.347635 0.872156 0.131316 1.000000
tan 0.783806 -0.204972 -0.578337 1.000000
tan -0.026288 -0.893422 -0.400273 1.000000
tan 0.727695 -0.513671 -0.456197 1.000000
tan 0.374667 -0.836506 -0.123628 1.000000
tan 0.722673 -0.215574 -0.653481 1.000000
tan 0.404613 -0.430715 -0.771901 1.000000
tan 0.584723 -0.204290 -0.691735 1.000000
tan 0.768368 0.146382 -0.532457 1.000000
tan 0.753612 0.149668 -0.554405 1.000000
tan 0.815984 0.248000 -0.526195 1.000000
tan 0.271561 0.857957 -0.356625 1.000000
tan 0.658565 -0.439891 -0.574865 1.000000
tan 0.614979 -0.360159 -0.677599 1.000000
tan 0.591605 -0.267469 -0.676421 1.000000
tan 0.385145 0.110856 -0.850642 1.000000
tan 0.354455 -0.492281 -0.800173 1.000000
tan 0.409511 0.104284 -0.843450 1.000000
tan 0.438217 -0.226177 -0.876434 1.000000
tan 0.260897 -0.460537 -0.841341 1.000000
tan 0.029388 -0.930560 -0.003348 1.000000
tan 0.370699 0.167772 -0.907806 1.000000
tan 0.654659 0.682063 -0.282411 1.000000
tan 0.177010 0.499721 -0.837994 1.000000
tan -0.118854 0.848534 -0.459421 1.000000
tan 0.376713 0.212908 -0.899498 1.000000
tan 0.587947 0.472875 -0.638043 1.000000
tan 0.657449 0.415401 -0.602889 1.000000
tan 0.494885 0.051398 -0.800793 1.000000
tan 0.429785 -0.057970 -0.776365 1.000000
tan 0.353649 -0.173104 -0.907186 1.000000
tan 0.745613 -0.337033 -0.574679 1.000000
tan 0.534813 0.114080 -0.710397 1.000000
tan 0.564697 0.172236 -0.735011 1.000000
tan 0.316697 -0.230393 -0.853866 1.000000
tan 0.259842 -0.337033 -0.886478 1.000000
tan 0.533821 0.441813 -0.709157 1.000000
tan 0.268027 -0.414967 -0.852564 1.000000
tan 0.506665 0.187488 -0.839606 1.000000
tan 0.368343 0.488375 -0.793477 1.000000
tan -0.378325 0.619753 -0.637857 1.000000
tan 0.399777 -0.227169 -0.891810 1.000000
tan 0.160332 -0.951640 -0.019034 1.000000
tan 0.361647 -0.505115 -0.779527 1.000000
tan 0.071300 -0.722487 -0.553537 1.000000
tan 0.492033 -0.203236 -0.845682 1.000000
tan 0.637609 -0.315271 -0.609957 1.000000
tan 0.438961 0.015624 -0.808172 1.000000
tan 0.307397 0.236592 -0.882386 1.000000
tan 0.181846 0.436419 -0.849588 1.000000
tan 0.392089 0.204228 -0.891810 1.000000
tan 0.370079 0.929134 -0.064356 1.000000
tan 0.482361 0.301072 -0.736871 1.000000
tan 0.530721 0.299584 -0.749953 1.000000
tan 0.708289 -0.033108 -0.582925 1.000000
tan 0.807986 -0.266725 -0.451237 1.000000
tan 0.581375 0.479881 -0.651373 1.000000
tan 0.784364 -0.317317 -0.466861 1.000000
tan 0.708847 0.216256 -0.675677 1.000000
tan 0.795586 0.505549 -0.332197 1.000000
tan 0.347635 0.872156 0.131316 1.000000
tan 0.783806 -0.204972 -0.578337 1.000000
tan -0.026288 -0.893422 -0.400273 1.000000
tan 0.727695 -0.513671 -0.456197 1.000000
tan 0.374667 -0.836506 -0.123628 1.000000
tan 0.722673 -0.215574 -0.653481 1.000000
tan 0.404613 -0.430715 -0.771901 1.000000
tan 0.584723 -0.204290 -0.691735 1.000000
tan 0.768368 0.146382 -0.532457 1.000000
tan 0.753612 0.149668 -0.554405 1.000000
tan 0.815984 0.248000 -0.526195 1.000000
tan 0.271561 0.857957 -0.356625 1.000000
tan 0.658565 -0.439891 -0.574865 1.000000
tan 0.614979 -0.360159 -0.677599 1.000000
tan 0.591605 -0.267469 -0.676421 1.000000
tan 0.385145 0.110856 -0.850642 1.000000
tan 0.354455 -0.492281 -0.800173 1.000000
tan 0.409511 0.104284 -0.843450 1.000000
tan 0.438217 -0.226177 -0.876434 1.000000
tan 0.260897 -0.460537 -0.841341 1.000000
tan 0.029388 -0.930560 -0.003348 1.000000
tan 0.370699 0.167772 -0.907806 1.000000
tan 0.654659 0.682063 -0.282411 1.000000
tan 0.177010 0.499721 -0.837994 1.000000
tan -0.118854 0.848534 -0.459421 1.000000
tan 0.376713 0.212908 -0.899498 1.000000
tan 0.587947 0.472875 -0.638043 1.000000
tan 0.657449 0.415401 -0.602889 1.000000
tan 0.494885 0.051398 -0.800793 1.000000
tan 0.429785 -0.057970 -0.776365 1.000000
tan 0.353649 -0.173104 -0.907186 1.000000
tan 0.745613 -0.337033 -0.574679 1.000000
tan 0.534813 0.114080 -0.710397 1.000000
tan 0.564697 0.172236 -0.735011 1.000000
tan 0.316697 -0.230393 -0.853866 1.000000
tan 0.259842 -0.337033 -0.886478 1.000000
tan 0.533821 0.441813 -0.709157 1.000000
tan 0.268027 -0.414967 -0.852564 1.000000
tan 0.506665 0.187488 -0.839606 1.000000
tan 0.368343 0.488375 -0.793477 1.000000
tan -0.378325 0.619753 -0.637857 1.000000
tan 0.399777 -0.227169 -0.891810 1.000000
tan 0.160332 -0.951640 -0.019034 1.000000
tan 0.361647 -0.505115 -0.779527 1.000000
tan 0.071300 -0.722487 -0.553537 1.000000
tan 0.492033 -0.203236 -0.845682 1.000000
tan 0.637609 -0.315271 -0.609957 1.000000
tan 0.438961 0.015624 -0.808172 1.000000
tan 0.307397 0.236592 -0.882386 1.000000
tan 0.181846 0.436419 -0.849588 1.000000
tan 0.392089 0.204228 -0.891810 1.000000
tan 0.370079 0.929134 -0.064356 1.000000
tan 0.482361 0.301072 -0.736871 1.000000
tan 0.530721 0.299584 -0.749953 1.000000
tan 0.708289 -0.033108 -0.582925 1.000000
tan 0.807986 -0.266725 -0.451237 1.000000
tan 0.581375 0.479881 -0.651373 1.000000
tan 0.784364 -0.317317 -0.466861 1.000000
tan 0.708847 0.216256 -0.675677 1.000000
tan 0.795586 0.505549 -0.332197 1.000000
tan 0.347635 0.872156 0.131316 1.000000
tan 0.783806 -0.204972 -0.578337 1.000000
tan -0.026288 -0.893422 -0.400273 1.000000
tan 0.727695 -0.513671 -0.456197 1.000000
tan 0.374667 -0.836506 -0.123628 1.000000
tan 0.722673 -0.215574 -0.653481 1.000000
tan 0.404613 -0.430715 -0.771901 1.000000
tan 0.584723 -0.204290 -0.691735 1.000000
tan 0.768368 0.146382 -0.532457 1.000000
tan 0.753612 0.149668 -0.554405 1.000000
tan 0.815984 0.248000 -0.526195 1.000000
tan 0.271561 0.857957 -0.356625 1.000000
tan 0.658565 -0.439891 -0.574865 1.000000
tan 0.614979 -0.360159 -0.677599 1.000000
tan 0.591605 -0.267469 -0.676421 1.000000
tan 0.385145 0.110856 -0.850642 1.000000
tan 0.354455 -0.492281 -0.800173 1.000000
tan 0.409511 0.104284 -0.843450 1.000000
tan 0.438217 -0.226177 -0.876434 1.000000
tan 0.260897 -0.460537 -0.841341 1.000000
tan 0.029388 -0.930560 -0.003348 1.000000
tan 0.370699 0.167772 -0.907806 1.000000
tan 0.654659 0.682063 -0.282411 1.000000
tan 0.177010 0.499721 -0.837994 1.000000
tan -0.118854 0.848534 -0.459421 1.000000
tan 0.376713 0.212908 -0.899498 1.000000
tan 0.587947 0.472875 -0.638043 1.000000
tan 0.657449 0.415401 -0.602889 1.000000
tan 0.494885 0.051398 -0.800793 1.000000
tan 0.429785 -0.057970 -0.776365 1.000000
tan 0.353649 -0.173104 -0.907186 1.000000
tan 0.745613 -0.337033 -0.574679 1.000000
tan 0.534813 0.114080 -0.710397 1.000000
tan 0.564697 0.172236 -0.735011 1.000000
tan 0.316697 -0.230393 -0.853866 1.000000
tan 0.259842 -0.337033 -0.886478 1.000000
tan 0.533821 0.441813 -0.709157 1.000000
tan 0.268027 -0.414967 -0.852564 1.000000
tan 0.506665 0.187488 -0.839606 1.000000
tan 0.368343 0.488375 -0.793477 1.000000
tan -0.378325 0.619753 -0.637857 1.000000
tan 0.399777 -0.227169 -0.891810 1.000000
tan 0.160332 -0.951640 -0.019034 1.000000
tan 0.361647 -0.505115 -0.779527 1.000000
tan 0.071300 -0.722487 -0.553537 1.000000
tan 0.492033 -0.203236 -0.845682 1.000000
tan 0.637609 -0.315271 -0.609957 1.000000
tan 0.438961 0.015624 -0.808172 1.000000
tan 0.307397 0.236592 -0.882386 1.000000
tan 0.181846 0.436419 -0.849588 1.000000
tan 0.392089 0.204228 -0.891810 1.000000
tan 0.370079 0.929134 -0.064356 1.000000
tan 0.000000 -1.004402 0.000000 1.000000
tan 0.000000 -0.998884 0.000000 1.000000
tan 0.000000 -1.000000 0.000000 1.000000
tan 0.000000 -1.000000 0.000000 1.000000
tan 0.000000 -0.998698 0.000000 1.000000
tan 0.000000 -1.004402 0.000000 1.000000
tan 0.000000 -1.000000 0.000000 1.000000
tan 0.000000 -1.000000 0.000000 1.000000
tan 0.000000 -0.997830 0.000000 1.000000
tan 0.000000 -1.004402 0.000000 1.000000
tan 0.000000 -1.000000 0.000000 1.000000
tan 0.000000 -1.000000 0.000000 1.000000
tan 0.000000 -0.992498 0.000000 1.000000
tan 0.000000 -1.004402 0.000000 1.000000
tan 0.000000 -1.000000 0.000000 1.000000
tan 0.000000 -1.000000 0.000000 1.000000
tan 0.000000 -1.004402 0.000000 1.000000
tan 0.000000 -1.004402 0.000000 1.000000
tan 0.572323 0.099386 -0.814806 1.000000
tan 0.572323 0.096348 -0.819889 1.000000
tan 0.518321 -0.071920 -0.838242 1.000000
tan 0.514601 -0.071920 -0.831856 1.000000
tan 0.504433 -0.006262 -0.845992 1.000000
tan 0.504433 -0.006262 -0.845992 1.000000
tan 0.572323 0.099386 -0.814806 1.000000
tan 0.572323 0.096348 -0.819889 1.000000
tan 0.514601 -0.071920 -0.831856 1.000000
tan 0.518321 -0.071920 -0.838242 1.000000
tan 0.504433 -0.006262 -0.845992 1.000000
tan 0.504433 -0.006262 -0.845992 1.000000
tan 0.572323 0.096348 -0.819889 1.000000
tan 0.572323 0.099386 -0.814806 1.000000
tan 0.000000 -0.998822 0.000000 1.000000
tan 0.000000 -1.004402 0.000000 1.000000
tan 0.000000 -1.000000 0.000000 1.000000
tan 0.000000 -1.000000 0.000000 1.000000
tan 0.000000 -0.998884 0.000000 1.000000
tan 0.000000 -1.004402 0.000000 1.000000
tan 0.000000 -1.000000 0.000000 1.000000
tan 0.000000 -1.000000 0.000000 1.000000
tan 0.000000 -0.998884 0.000000 1.000000
tan 0.000000 -0.993366 0.000000 1.000000
tan 0.000000 -1.000000 0.000000 1.000000
tan 0.000000 -1.000000 0.000000 1.000000
tan 0.000000 -0.999566 0.000000 1.000000
tan 0.000000 -1.004402 0.000000 1.000000
tan 0.000000 -1.000000 0.000000 1.000000
tan 0.000000 -1.000000 0.000000 1.000000
tan 0.000000 -1.004402 0.000000 1.000000
tan 0.000000 -0.998822 0.000000 1.000000
tan 0.569161 0.597061 -0.569161 1.000000
tan -0.018476 0.740777 -0.678715 1.000000
tan -0.086738 0.126604 -0.902722 1.000000
tan 0.101618 0.330709 -0.903590 1.000000
tan 0.117800 -0.349867 -0.885486 1.000000
tan -0.088164 -0.560481 -0.792113 1.000000
tan 0.000000 -0.000000 -1.000000 1.000000
tan 0.000000 -1.000000 0.000000 1.000000
tan -0.008990 -0.959328 -0.002914 1.000000
tan 0.008990 -0.959328 0.002914 1.000000
tan 0.007874 -0.992126 0.000000 1.000000
tan -0.007874 -0.985616 -0.000062 1.000000
tan 0.007440 -0.959328 -0.002542 1.000000
tan -0.007440 -0.959328 0.002542 1.000000
tan 0.000062 -0.985616 -0.007874 1.000000
tan -0.000062 -0.985616 0.007874 1.000000
tan -0.002542 -0.959328 -0.007440 1.000000
tan 0.002542 -0.959328 0.007440 1.000000
tan -0.007874 -0.985616 -0.000062 1.000000
tan 0.007874 -0.985616 0.000062 1.000000
tan -0.007750 -0.909852 0.001488 1.000000
tan 0.007440 -0.959328 -0.002542 1.000000
tan -0.000062 -0.985616 0.007874 1.000000
tan 0.000062 -0.985616 -0.007874 1.000000
tan -0.003906 -0.959328 0.011966 1.000000
tan 0.003906 -0.959328 -0.011966 1.000000
tan 0.000000 -0.957158 0.000000 1.000000
tan 0.000000 -0.957158 0.000000 1.000000
tan 0.000000 -0.977990 0.000000 1.000000
tan 0.000000 -0.977990 0.000000 1.000000
tan 0.000000 -0.957158 0.000000 1.000000
tan 0.000000 -0.957158 0.000000 1.000000
tan 0.000000 -0.977990 0.000000 1.000000
tan 0.000000 -0.977990 0.000000 1.000000
tan 0.000000 -0.957158 0.000000 1.000000
tan 0.000000 -0.957158 0.000000 1.000000
tan 0.000000 -0.977990 0.000000 1.000000
tan 0.000000 -0.977990 0.000000 1.000000
tan 0.000000 -0.897514 0.000000 1.000000
tan 0.000000 -0.957158 0.000000 1.000000
tan 0.000000 -0.977990 0.000000 1.000000
tan 0.000000 -0.977990 0.000000 1.000000
tan 0.000000 -0.957158 0.000000 1.000000
tan 0.000000 -0.957158 0.000000 1.000000
tan 0.000000 -1.000000 0.007874 1.000000
tan 0.000000 -1.000000 -0.007874 1.000000
tan -0.005580 -1.004402 -0.005580 1.000000
tan 0.005580 -1.004402 0.005580 1.000000
tan -0.007874 -1.000000 0.000000 1.000000
tan 0.007874 -1.000000 0.000000 1.000000
tan -0.005580 -1.004402 0.005580 1.000000
tan 0.005580 -1.004402 -0.005580 1.000000
tan 0.000000 -1.000000 0.007874 1.000000
tan 0.000000 -1.000000 -0.007874 1.000000
tan 0.005580 -1.004402 0.005580 1.000000
tan -0.005022 -1.001984 -0.006076 1.000000
tan 0.007874 -1.000000 0.000000 1.000000
tan -0.007874 -1.000000 0.000000 1.000000
tan 0.005580 -1.004402 -0.005580 1.000000
tan -0.005580 -1.004402 0.005580 1.000000
tan 0.000000 -1.000000 -0.007874 1.000000
tan 0.000000 -1.000000 0.007874 1.000000
tan 0.000000 -1.000000 0.000000 1.000000
tan 0.000000 -1.000000 0.000000 1.000000
tan 0.000000 -1.004402 0.000000 1.000000
tan 0.000000 -1.004402 0.000000 1.000000
tan 0.000000 -1.000000 -0.078740 1.000000
tan 0.000000 -1.000000 -0.078740 1.000000
tan -0.106020 -0.993242 -0.106020 1.000000
tan -0.106020 -0.993242 -0.106020 1.000000
tan 0.078740 -1.000000 0.000000 1.000000
tan 0.078740 -1.000000 0.000000 1.000000
tan 0.106020 -0.993242 -0.106020 1.000000
tan 0.106020 -0.993242 -0.106020 1.000000
tan 0.000000 -1.000000 0.000000 1.000000
tan 0.000000 -1.000000 0.000000 1.000000
tan 0.000000 -1.004402 0.000000 1.000000
tan 0.000000 -1.004402 0.000000 1.000000
tan 0.000000 -1.000000 0.000000 1.000000
tan 0.000000 -1.000000 0.000000 1.000000
tan 0.000000 -1.000000 0.000000 1.000000
tan 0.000000 -1.004402 0.000000 1.000000
tan 0.000000 -0.998822 0.000000 1.000000
tan 0.000000 -1.000000 0.000000 1.000000
tan 0.000000 -1.004402 0.000000 1.000000
tan 0.000000 -0.998946 0.000000 1.000000
tan 0.000000 -1.000000 0.000000 1.000000
tan 0.000000 -1.000000 0.000000 1.000000
tan 0.000000 -1.004402 0.000000 1.000000
tan 0.000000 -0.999256 0.000000 1.000000
tan 0.000000 -1.000000 0.000000 1.000000
tan 0.000000 -1.000000 0.000000 1.000000
tan 0.000000 -1.004402 0.000000 1.000000
tan 0.000000 -0.999256 0.000000 1.000000
tan 0.000000 -1.000000 0.000000 1.000000
tan 0.000000 -1.000000 0.000000 1.000000
tan 0.000000 -1.004402 0.000000 1.000000
tan 0.000000 -0.998822 0.000000 1.000000
tan 0.000000 -1.000000 0.000000 1.000000
tan 0.000000 -1.004402 0.000000 1.000000
tan 0.000000 -0.998822 0.000000 1.000000
tan 0.000000 -1.000000 0.000000 1.000000
tan 0.000000 -1.004402 0.000000 1.000000
tan 0.000000 -0.999256 0.000000 1.000000
tan 0.000000 -1.000000 0.000000 1.000000
tan 0.000000 -1.000000 0.000000 1.000000
tan 0.000000 -1.004402 0.000000 1.000000
tan 0.000000 -1.004402 0.000000 1.000000
tan 0.000000 -1.000000 0.000000 1.000000
tan 0.000000 -1.000000 0.000000 1.000000
tan 0.000000 -1.004402 0.000000 1.000000
tan 0.000000 -1.004402 0.000000 1.000000
tan 0.000000 -1.000000 0.000000 1.000000
tan 0.000000 -1.000000 0.000000 1.000000
tan 0.000000 -1.004402 0.000000 1.000000
tan 0.000000 -1.004402 0.000000 1.000000
tan -0.503937 -0.000000 -0.866142 1.000000
tan -0.545787 0.101990 -0.824044 1.000000
tan -0.543493 0.101990 -0.821936 1.000000
tan -0.503937 -0.000000 -0.866142 1.000000
tan -0.543493 -0.101990 -0.821936 1.000000
tan -0.545787 -0.101990 -0.824044 1.000000
tan -0.543493 0.101990 -0.821936 1.000000
tan -0.545787 0.101990 -0.824044 1.000000
tan -0.503937 -0.000000 -0.866142 1.000000
tan -0.503937 -0.000000 -0.866142 1.000000
tan -0.545787 -0.101990 -0.824044 1.000000
tan -0.543493 -0.101990 -0.821936 1.000000
tan -0.545787 0.101990 -0.824044 1.000000
tan -0.543493 0.101990 -0.821936 1.000000
tan 0.520677 -0.054002 -0.812201 1.000000
tan 0.468411 0.047554 -0.879224 1.000000
tan 0.468411 0.047554 -0.879224 1.000000
tan 0.523095 -0.054002 -0.816603 1.000000
tan 0.471883 0.026660 -0.826461 1.000000
tan 0.471883 0.026660 -0.826461 1.000000
tan 0.468411 0.047554 -0.879224 1.000000
tan 0.468411 0.047554 -0.879224 1.000000
tan 0.523095 -0.054002 -0.816603 1.000000
tan 0.520677 -0.054002 -0.812201 1.000000
tan 0.471883 0.026660 -0.826461 1.000000
tan 0.471883 0.026660 -0.826461 1.000000
tan 0.468411 0.047554 -0.879224 1.000000
tan 0.468411 0.047554 -0.879224 1.000000
tan 1.000000 0.000000 0.000000 1.000000
tan 0.946246 0.000000 0.000000 1.000000
tan 0.946246 0.000000 0.000000 1.000000
tan 1.000000 0.000000 0.000000 1.000000
tan 0.947734 0.000000 0.000000 1.000000
tan 0.946246 0.000000 0.000000 1.000000
tan 0.947734 0.000000 0.000000 1.000000
tan 0.946246 0.000000 0.000000 1.000000
tan 1.000000 0.000000 0.000000 1.000000
tan 1.000000 0.000000 0.000000 1.000000
tan 0.946246 0.000000 0.000000 1.000000
tan 0.946246 0.000000 0.000000 1.000000
tan 0.946246 0.000000 0.000000 1.000000
tan 0.946246 0.000000 0.000000 1.000000
tan 0.470147 -0.000682 -0.813256 1.000000
tan 0.511687 -0.073656 -0.794779 1.000000
tan 0.511687 -0.073656 -0.794779 1.000000
tan 0.468349 -0.000682 -0.810156 1.000000
tan 0.464939 0.003286 -0.882262 1.000000
tan 0.464939 -0.000372 -0.882634 1.000000
tan 0.511687 -0.073656 -0.794779 1.000000
tan 0.511687 -0.073656 -0.794779 1.000000
tan 0.468349 -0.000682 -0.810156 1.000000
tan 0.470147 -0.000682 -0.813256 1.000000
tan 0.464939 -0.000372 -0.882634 1.000000
tan 0.464939 0.003286 -0.882262 1.000000
tan 0.511687 -0.073656 -0.794779 1.000000
tan 0.511687 -0.073656 -0.794779 1.000000
tan -0.503937 -0.000000 -0.866142 1.000000
tan -0.545787 0.101990 -0.824044 1.000000
tan -0.543493 0.101990 -0.821936 1.000000
tan -0.503937 -0.000000 -0.866142 1.000000
tan -0.543493 -0.101990 -0.821936 1.000000
tan -0.545787 -0.101990 -0.824044 1.000000
tan -0.543493 0.101990 -0.821936 1.000000
tan -0.545787 0.101990 -0.824044 1.000000
tan -0.503937 -0.000000 -0.866142 1.000000
tan -0.503937 -0.000000 -0.866142 1.000000
tan -0.545787 -0.101990 -0.824044 1.000000
tan -0.543493 -0.101990 -0.821936 1.000000
tan -0.545787 0.101990 -0.824044 1.000000
tan -0.543493 0.101990 -0.821936 1.000000
tan 1.000000 0.000000 0.000000 1.000000
tan 0.947734 0.000000 0.000000 1.000000
tan 0.947734 0.000000 0.000000 1.000000
tan 1.000000 0.000000 0.000000 1.000000
tan 0.946246 0.000000 0.000000 1.000000
tan 0.946246 0.000000 0.000000 1.000000
tan 0.946246 0.000000 0.000000 1.000000
tan 0.946246 0.000000 0.000000 1.000000
tan 1.000000 0.000000 0.000000 1.000000
tan 1.000000 0.000000 0.000000 1.000000
tan 0.947734 0.000000 0.000000 1.000000
tan 0.946246 0.000000 0.000000 1.000000
tan 0.947734 0.000000 0.000000 1.000000
tan 0.947734 0.000000 0.000000 1.000000
tan 0.464257 0.038378 -0.881952 1.000000
tan 0.527559 0.121272 -0.768119 1.000000
tan 0.527559 0.119784 -0.774877 1.000000
tan 0.464257 0.038378 -0.881952 1.000000
tan 0.449253 0.057536 -0.824726 1.000000
tan 0.449253 0.057536 -0.824726 1.000000
tan 0.527559 0.119784 -0.774877 1.000000
tan 0.527559 0.121272 -0.768119 1.000000
tan 0.464257 0.038378 -0.881952 1.000000
tan 0.464257 0.038378 -0.881952 1.000000
tan 0.449253 0.057536 -0.824726 1.000000
tan 0.449253 0.057536 -0.824726 1.000000
tan 0.527559 0.121272 -0.768119 1.000000
tan 0.527559 0.119784 -0.774877 1.000000
tan -0.503937 -0.000000 -0.866142 1.000000
tan -0.545787 0.101990 -0.824044 1.000000
tan -0.543493 0.101990 -0.821936 1.000000
tan -0.503937 -0.000000 -0.866142 1.000000
tan -0.543493 -0.101990 -0.821936 1.000000
tan -0.545787 -0.101990 -0.824044 1.000000
tan -0.543493 0.101990 -0.821936 1.000000
tan -0.545787 0.101990 -0.824044 1.000000
tan -0.503937 -0.000000 -0.866142 1.000000
tan -0.503937 -0.000000 -0.866142 1.000000
tan -0.545787 -0.101990 -0.824044 1.000000
tan -0.543493 -0.101990 -0.821936 1.000000
tan -0.545787 0.101990 -0.824044 1.000000
tan -0.543493 0.101990 -0.821936 1.000000
tan 1.000000 0.000000 0.000000 1.000000
tan 0.947734 0.000000 0.000000 1.000000
tan 0.946246 0.000000 0.000000 1.000000
tan 1.000000 0.000000 0.000000 1.000000
tan 0.947734 0.000000 0.000000 1.000000
tan 0.947734 0.000000 0.000000 1.000000
tan 0.946246 0.000000 0.000000 1.000000
tan 0.947734 0.000000 0.000000 1.000000
tan 1.000000 0.000000 0.000000 1.000000
tan 1.000000 0.000000 0.000000 1.000000
tan 0.946246 0.000000 0.000000 1.000000
tan 0.947734 0.000000 0.000000 1.000000
tan 0.947734 0.000000 0.000000 1.000000
tan 0.946246 0.000000 0.000000 1.000000
tan 0.480253 0.032860 -0.870606 1.000000
tan 0.479633 0.007254 -0.817782 1.000000
tan 0.479633 0.007254 -0.817782 1.000000
tan 0.480253 0.032860 -0.870606 1.000000
tan 0.535619 -0.074958 -0.796267 1.000000
tan 0.535619 -0.074958 -0.796267 1.000000
tan 0.479633 0.007254 -0.817782 1.000000
tan 0.479633 0.007254 -0.817782 1.000000
tan 0.480253 0.032860 -0.870606 1.000000
tan 0.480253 0.032860 -0.870606 1.000000
tan 0.535619 -0.074958 -0.796267 1.000000
tan 0.535619 -0.074958 -0.796267 1.000000
tan 0.479633 0.007254 -0.817782 1.000000
tan 0.479633 0.007254 -0.817782 1.000000
tan -0.503937 -0.000000 -0.866142 1.000000
tan -0.545787 0.101990 -0.824044 1.000000
tan -0.543493 0.101990 -0.821936 1.000000
tan -0.503937 -0.000000 -0.866142 1.000000
tan -0.543493 -0.101990 -0.821936 1.000000
tan -0.545787 -0.101990 -0.824044 1.000000
tan -0.543493 0.101990 -0.821936 1.000000
tan -0.545787 0.101990 -0.824044 1.000000
tan -0.503937 -0.000000 -0.866142 1.000000
tan -0.503937 -0.000000 -0.866142 1.000000
tan -0.545787 -0.101990 -0.824044 1.000000
tan -0.543493 -0.101990 -0.821936 1.000000
tan -0.545787 0.101990 -0.824044 1.000000
tan -0.543493 0.101990 -0.821936 1.000000
tan 1.000000 0.000000 0.000000 1.000000
tan 0.946246 0.000000 0.000000 1.000000
tan 0.946246 0.000000 0.000000 1.000000
tan 1.000000 0.000000 0.000000 1.000000
tan 0.946246 0.000000 0.000000 1.000000
tan 0.946246 0.000000 0.000000 1.000000
tan 0.947734 0.000000 0.000000 1.000000
tan 0.947734 0.000000 0.000000 1.000000
tan 1.000000 0.000000 0.000000 1.000000
tan 1.000000 0.000000 0.000000 1.000000
tan 0.947734 0.000000 0.000000 1.000000
tan 0.947734 0.000000 0.000000 1.000000
tan 0.946246 0.000000 0.000000 1.000000
tan 0.946246 0.000000 0.000000 1.000000
tan 0.491599 -0.066588 -0.854300 1.000000
tan 0.550561 0.076136 -0.820262 1.000000
tan 0.547833 0.076136 -0.815426 1.000000
tan 0.491599 -0.067518 -0.862112 1.000000
tan 0.489925 -0.012772 -0.842458 1.000000
tan 0.489925 -0.016740 -0.842582 1.000000
tan 0.547833 0.076136 -0.815426 1.000000
tan 0.550561 0.076136 -0.820262 1.000000
tan 0.491599 -0.067518 -0.862112 1.000000
tan 0.491599 -0.066588 -0.854300 1.000000
tan 0.489925 -0.016740 -0.842582 1.000000
tan 0.489925 -0.012772 -0.842458 1.000000
tan 0.550561 0.076136 -0.820262 1.000000
tan 0.547833 0.076136 -0.815426 1.000000
tan 1.000000 0.000000 0.000000 1.000000
tan 0.946246 0.000000 0.000000 1.000000
tan 0.947734 0.000000 0.000000 1.000000
tan 1.000000 0.000000 0.000000 1.000000
tan 0.946246 0.000000 0.000000 1.000000
tan 0.946246 0.000000 0.000000 1.000000
tan 0.946246 0.000000 0.000000 1.000000
tan 0.946246 0.000000 0.000000 1.000000
tan 1.000000 0.000000 0.000000 1.000000
tan 1.000000 0.000000 0.000000 1.000000
tan 0.947734 0.000000 0.000000 1.000000
tan 0.946246 0.000000 0.000000 1.000000
tan 0.946246 0.000000 0.000000 1.000000
tan 0.947734 0.000000 0.000000 1.000000
tan -0.503937 -0.000000 -0.866142 1.000000
tan -0.545787 0.101990 -0.824044 1.000000
tan -0.543493 0.101990 -0.821936 1.000000
tan -0.503937 -0.000000 -0.866142 1.000000
tan -0.543493 -0.101990 -0.821936 1.000000
tan -0.545787 -0.101990 -0.824044 1.000000
tan -0.543493 0.101990 -0.821936 1.000000
tan -0.545787 0.101990 -0.824044 1.000000
tan -0.503937 -0.000000 -0.866142 1.000000
tan -0.503937 -0.000000 -0.866142 1.000000
tan -0.545787 -0.101990 -0.824044 1.000000
tan -0.543493 -0.101990 -0.821936 1.000000
tan -0.545787 0.101990 -0.824044 1.000000
tan -0.543493 0.101990 -0.821936 1.000000
tan 1.000000 0.000000 0.000000 1.000000
tan 0.946246 0.000000 0.000000 1.000000
tan 0.946246 0.000000 0.000000 1.000000
tan 1.000000 0.000000 0.000000 1.000000
tan 0.946246 0.000000 0.000000 1.000000
tan 0.946246 0.000000 0.000000 1.000000
tan 0.946246 0.000000 0.000000 1.000000
tan 0.946246 0.000000 0.000000 1.000000
tan 1.000000 0.000000 0.000000 1.000000
tan 1.000000 0.000000 0.000000 1.000000
tan 0.946246 0.000000 0.000000 1.000000
tan 0.946246 0.000000 0.000000 1.000000
tan 0.946246 0.000000 0.000000 1.000000
tan 0.946246 0.000000 0.000000 1.000000
tan -0.503937 -0.000000 -0.866142 1.000000
tan -0.545787 0.101990 -0.824044 1.000000
tan -0.543493 0.101990 -0.821936 1.000000
tan -0.503937 -0.000000 -0.866142 1.000000
tan -0.543493 -0.101990 -0.821936 1.000000
tan -0.545787 -0.101990 -0.824044 1.000000
tan -0.543493 0.101990 -0.821936 1.000000
tan -0.545787 0.101990 -0.824044 1.000000
tan -0.503937 -0.000000 -0.866142 1.000000
tan -0.503937 -0.000000 -0.866142 1.000000
tan -0.545787 -0.101990 -0.824044 1.000000
tan -0.543493 -0.101990 -0.821936 1.000000
tan -0.545787 0.101990 -0.824044 1.000000
tan -0.543493 0.101990 -0.821936 1.000000
tan -0.940604 0.262756 -0.040300 1.000000
tan -0.811272 0.535495 0.177506 1.000000
tan 0.000000 1.000000 0.039370 1.000000
tan -0.932606 0.015252 0.110298 1.000000
tan -0.915122 -0.398909 0.036952 1.000000
tan -0.591481 -0.546841 0.591481 1.000000
tan -0.912456 -0.035154 0.133858 1.000000
tan -0.535681 -0.658441 -0.535681 1.000000
tan -0.855602 0.476905 -0.058776 1.000000
tan -0.909666 0.291587 0.188666 1.000000
tan 0.000000 1.000000 0.047244 1.000000
tan -0.901482 -0.311303 0.186248 1.000000
tan -0.992126 -0.102362 0.000000 1.000000
tan -0.869242 -0.453469 -0.064790 1.000000
tan 0.000000 -1.000000 0.047244 1.000000
tan -0.992126 0.102362 -0.000000 1.000000
tan -0.868622 0.450121 -0.057970 1.000000
tan -0.908674 0.321037 0.180172 1.000000
tan 0.000000 1.000000 0.047244 1.000000
tan -0.906566 -0.299585 0.182838 1.000000
tan -0.992126 -0.102362 0.000000 1.000000
tan -0.872342 -0.447889 -0.061752 1.000000
tan 0.000000 -1.000000 0.047244 1.000000
tan -0.992126 0.102362 -0.000000 1.000000
tan 0.722673 0.053072 0.661169 1.000000
tan 0.708661 0.000000 0.708661 1.000000
tan 0.559055 -0.826772 0.000000 1.000000
tan 0.000000 0.834646 0.551181 1.000000
tan 0.546097 -0.645917 0.521297 1.000000
tan 0.558187 0.641205 0.520553 1.000000
tan 0.714985 -0.050964 0.668857 1.000000
tan 0.000000 -0.834646 0.551181 1.000000
tan 0.559055 0.826772 -0.000000 1.000000
tan 0.708661 0.000000 0.708661 1.000000
tan 0.276769 0.204229 0.937938 1.000000
tan 0.333189 0.923616 0.066030 1.000000
tan 0.550065 0.273545 0.787401 1.000000
tan -0.274847 0.905140 0.201624 1.000000
tan 0.520801 -0.550065 0.631285 1.000000
tan 0.325191 0.097092 0.931428 1.000000
tan -0.141732 0.527001 0.829252 1.000000
tan 0.266539 -0.278442 0.877178 1.000000
tan 0.317751 -0.189286 0.930002 1.000000
tan -0.274847 -0.905140 0.201624 1.000000
tan 0.333189 -0.923616 0.066030 1.000000
tan 0.123008 0.103168 0.968690 1.000000
tan 0.627999 0.457561 0.633083 1.000000
tan 0.118110 0.992126 0.007812 1.000000
tan 0.001798 -0.228346 0.976378 1.000000
tan 0.212536 0.598859 0.767685 1.000000
tan 0.209250 -0.151466 0.961002 1.000000
tan -0.475789 -0.736561 0.483973 1.000000
tan 0.026784 -0.727013 0.693657 1.000000
tan 0.170562 0.026350 0.970302 1.000000
tan 0.001798 0.228347 0.976378 1.000000
tan 0.627999 -0.457561 0.633083 1.000000
tan 0.175398 0.226363 0.953252 1.000000
tan 0.240188 0.954616 0.049910 1.000000
tan -0.384649 0.846426 0.278132 1.000000
tan -0.152086 0.426251 0.883502 1.000000
tan 0.146072 0.049848 0.968690 1.000000
tan 0.531341 0.351603 0.761795 1.000000
tan -0.152086 -0.426251 0.883502 1.000000
tan 0.138384 -0.051336 0.968690 1.000000
tan 0.531341 -0.351603 0.761795 1.000000
tan 0.240188 -0.954616 0.049910 1.000000
tan 0.175398 -0.226362 0.953252 1.000000
tan -0.384649 -0.846426 0.278133 1.000000
tan 0.175398 0.232687 0.953252 1.000000
tan 0.276769 0.939550 0.058032 1.000000
tan -0.351603 0.864716 0.226734 1.000000
tan -0.180544 0.462893 0.861058 1.000000
tan 0.153760 0.047740 0.961002 1.000000
tan 0.509083 0.336599 0.789447 1.000000
tan -0.180544 -0.462893 0.861058 1.000000
tan 0.146072 -0.049848 0.968690 1.000000
tan 0.509083 -0.336599 0.789447 1.000000
tan 0.276769 -0.939550 0.058032 1.000000
tan 0.175398 -0.232686 0.953252 1.000000
tan -0.351603 -0.864716 0.226735 1.000000
tan -0.169260 0.555149 0.807241 1.000000
tan 0.332879 0.105958 0.931428 1.000000
tan 0.276645 -0.228346 0.888710 1.000000
tan -0.245458 0.913076 0.158286 1.000000
tan 0.317751 -0.189286 0.930002 1.000000
tan 0.361337 -0.908798 0.075764 1.000000
tan -0.245458 -0.913076 0.158286 1.000000
tan 0.276769 0.201997 0.937938 1.000000
tan 0.361337 0.908798 0.075764 1.000000
tan 0.521917 0.257425 0.809349 1.000000
tan 0.376713 -0.091140 0.899498 1.000000
tan -0.169260 -0.555149 0.807242 1.000000
tan 0.224750 -0.193502 0.961002 1.000000
tan -0.419617 -0.803521 0.428545 1.000000
tan 0.196850 -0.984252 0.007750 1.000000
tan 0.656395 -0.373861 0.660549 1.000000
tan 0.333251 -0.024428 0.922252 1.000000
tan 0.002852 -0.362205 0.929134 1.000000
tan 0.656395 0.373861 0.660549 1.000000
tan 0.333251 0.024428 0.922252 1.000000
tan 0.002852 0.362205 0.929134 1.000000
tan -0.419617 0.803522 0.428545 1.000000
tan 0.224750 0.193502 0.961002 1.000000
tan 0.196850 0.984252 0.007750 1.000000
tan -0.479881 -0.736561 0.479881 1.000000
tan 0.209250 -0.151466 0.961002 1.000000
tan 0.026784 -0.727013 0.693657 1.000000
tan 0.000000 -0.228346 0.976378 1.000000
tan 0.170562 0.026350 0.970302 1.000000
tan 0.630541 -0.457561 0.630541 1.000000
tan 0.000000 0.228347 0.976378 1.000000
tan 0.123008 0.103168 0.968690 1.000000
tan 0.630541 0.457561 0.630541 1.000000
tan 0.110236 0.992126 -0.000000 1.000000
tan 0.215264 0.219977 0.953314 1.000000
tan -0.479881 0.736561 0.479881 1.000000
tan 0.335545 -0.034844 0.907496 1.000000
tan 0.000000 -0.346457 0.937008 1.000000
tan -0.407341 -0.820262 0.407341 1.000000
tan 0.652861 0.379441 0.652861 1.000000
tan 0.284457 -0.206522 0.930250 1.000000
tan 0.204724 -0.976378 0.000000 1.000000
tan 0.652861 -0.379441 0.652861 1.000000
tan 0.284457 0.208135 0.937938 1.000000
tan 0.204724 0.976378 -0.000000 1.000000
tan -0.407341 0.820262 0.407341 1.000000
tan 0.335545 0.034844 0.907496 1.000000
tan 0.000000 0.346457 0.937008 1.000000
tan 0.000000 -1.000000 0.000000 1.000000
tan 0.000000 -1.000000 0.000000 1.000000
tan 0.000000 -1.000000 0.000000 1.000000
tan 0.000000 -1.000000 0.000000 1.000000
tan 0.000000 -1.000000 0.000000 1.000000
tan 0.000000 -1.000000 0.000000 1.000000
tan 0.000000 -1.000000 0.000000 1.000000
tan 0.000000 -1.000000 0.000000 1.000000
tan 0.000000 -0.895778 0.000000 1.000000
tan 0.000000 -0.895778 0.000000 1.000000
tan 0.000000 -0.895778 0.000000 1.000000
tan 0.000000 -0.895778 0.000000 1.000000
tan 0.000000 -0.895778 0.000000 1.000000
tan 0.000000 -0.895778 0.000000 1.000000
tan 0.000000 -0.895778 0.000000 1.000000
tan 0.000000 -0.895778 0.000000 1.000000
f 3/3/3 2/2/2 1/1/1
f 6/6/6 5/5/5 4/4/4
f 9/9/9 8/8/8 7/7/7
f 12/12/12 11/11/11 10/10/10
f 10/10/10 13/13/13 12/12/12
f 16/16/16 15/15/15 14/14/14
f 14/14/14 17/17/17 16/16/16
f 20/20/20 19/19/19 18/18/18
f 18/18/18 21/21/21 20/20/20
f 24/24/24 23/23/23 22/22/22
f 22/22/22 25/25/25 24/24/24
f 28/28/28 27/27/27 26/26/26
f 26/26/26 29/29/29 28/28/28
f 32/32/32 31/31/31 30/30/30
f 30/30/30 33/33/33 32/32/32
f 36/36/36 35/35/35 34/34/34
f 34/34/34 37/37/37 36/36/36
f 38/38/38 36/36/36 37/37/37
f 37/37/37 39/39/39 38/38/38
f 38/38/38 39/39/39 40/40/40
f 40/40/40 41/41/41 38/38/38
f 42/42/42 41/41/41 40/40/40
f 40/40/40 43/43/43 42/42/42
f 44/44/44 42/42/42 43/43/43
f 43/43/43 45/45/45 44/44/44
f 46/46/46 44/44/44 45/45/45
f 45/45/45 47/47/47 46/46/46
f 46/46/46 47/47/47 48/48/48
f 48/48/48 49/49/49 46/46/46
f 50/50/50 49/49/49 48/48/48
f 48/48/48 51/51/51 50/50/50
f 52/52/52 50/50/50 51/51/51
f 51/51/51 53/53/53 52/52/52
f 54/54/54 52/52/52 53/53/53
f 53/53/53 55/55/55 54/54/54
f 54/54/54 55/55/55 56/56/56
f 56/56/56 57/57/57 54/54/54
f 58/58/58 57/57/57 56/56/56
f 56/56/56 59/59/59 58/58/58
f 60/60/60 58/58/58 59/59/59
f 59/59/59 61/61/61 60/60/60
f 62/62/62 60/60/60 61/61/61
f 61/61/61 63/63/63 62/62/62
f 62/62/62 63/63/63 64/64/64
f 64/64/64 65/65/65 62/62/62
f 66/66/66 65/65/65 64/64/64
f 64/64/64 67/67/67 66/66/66
f 70/70/70 69/69/69 68/68/68
f 68/68/68 71/71/71 70/70/70
f 72/72/72 70/70/70 71/71/71
f 71/71/71 73/73/73 72/72/72
f 72/72/72 73/73/73 74/74/74
f 73/73/73 75/75/75 74/74/74
f 74/74/74 76/76/76 72/72/72
f 79/79/79 78/78/78 77/77/77
f 77/77/77 80/80/80 79/79/79
f 81/81/81 79/79/79 80/80/80
f 80/80/80 82/82/82 81/81/81
f 81/81/81 82/82/82 83/83/83
f 82/82/82 84/84/84 83/83/83
f 83/83/83 85/85/85 81/81/81
f 88/88/88 87/87/87 86/86/86
f 86/86/86 89/89/89 88/88/88
f 90/90/90 88/88/88 89/89/89
f 89/89/89 91/91/91 90/90/90
f 93/93/93 92/92/92 90/90/90
f 93/93/93 90/90/90 91/91/91
f 91/91/91 94/94/94 93/93/93
f 95/95/95 94/94/94 91/91/91
f 98/98/98 97/97/97 96/96/96
f 96/96/96 99/99/99 98/98/98
f 100/100/100 98/98/98 99/99/99
f 99/99/99 101/101/101 100/100/100
f 103/103/103 102/102/102 100/100/100
f 103/103/103 100/100/100 101/101/101
f 101/101/101 104/104/104 103/103/103
f 105/105/105 104/104/104 101/101/101
f 108/108/108 107/107/107 106/106/106
f 106/106/106 109/109/109 108/108/108
f 110/110/110 108/108/108 109/109/109
f 109/109/109 111/111/111 110/110/110
f 113/113/113 112/112/112 110/110/110
f 113/113/113 110/110/110 111/111/111
f 111/111/111 114/114/114 113/113/113
f 115/115/115 114/114/114 111/111/111
f 118/118/118 117/117/117 116/116/116
f 116/116/116 119/119/119 118/118/118
f 120/120/120 118/118/118 119/119/119
f 119/119/119 121/121/121 120/120/120
f 123/123/123 122/122/122 120/120/120
f 123/123/123 120/120/120 121/121/121
f 121/121/121 124/124/124 123/123/123
f 125/125/125 124/124/124 121/121/121
f 128/128/128 127/127/127 126/126/126
f 126/126/126 129/129/129 128/128/128
f 129/129/129 130/130/130 128/128/128
f 133/133/133 132/132/132 131/131/131
f 131/131/131 134/134/134 133/133/133
f 135/135/135 133/133/133 134/134/134
f 134/134/134 136/136/136 135/135/135
f 135/135/135 136/136/136 137/137/137
f 140/140/140 139/139/139 138/138/138
f 138/138/138 141/141/141 140/140/140
f 142/142/142 140/140/140 141/141/141
f 141/141/141 143/143/143 142/142/142
f 144/144/144 142/142/142 143/143/143
f 143/143/143 145/145/145 144/144/144
f 144/144/144 146/146/146 142/142/142
f 147/147/147 144/144/144 145/145/145
f 145/145/145 148/148/148 147/147/147
f 147/147/147 148/148/148 149/149/149
f 146/146/146 144/144/144 150/150/150
f 144/144/144 147/147/147 150/150/150
f 150/150/150 151/151/151 146/146/146
f 152/152/152 151/151/151 150/150/150
f 149/149/149 153/153/153 147/147/147
f 153/153/153 150/150/150 147/147/147
f 150/150/150 153/153/153 152/152/152
f 153/153/153 149/149/149 154/154/154
f 155/155/155 152/152/152 153/153/153
f 154/154/154 155/155/155 153/153/153
f 155/155/155 154/154/154 156/156/156
f 156/156/156 157/157/157 155/155/155
f 160/160/160 159/159/159 158/158/158
f 160/160/160 158/158/158 161/161/161
f 161/161/161 162/162/162 160/160/160
f 165/165/165 164/164/164 163/163/163
f 163/163/163 166/166/166 165/165/165
f 167/167/167 165/165/165 166/166/166
f 166/166/166 168/168/168 167/167/167
f 169/169/169 168/168/168 166/166/166
f 172/172/172 171/171/171 170/170/170
f 170/170/170 173/173/173 172/172/172
f 174/174/174 172/172/172 173/173/173
f 173/173/173 175/175/175 174/174/174
f 178/178/178 177/177/177 176/176/176
f 176/176/176 179/179/179 178/178/178
f 180/180/180 178/178/178 179/179/179
f 179/179/179 181/181/181 180/180/180
f 180/180/180 181/181/181 182/182/182
f 182/182/182 183/183/183 180/180/180
f 186/186/186 185/185/185 184/184/184
f 184/184/184 187/187/187 186/186/186
f 188/188/188 186/186/186 187/187/187
f 187/187/187 189/189/189 188/188/188
f 190/190/190 188/188/188 189/189/189
f 189/189/189 191/191/191 190/190/190
f 189/189/189 192/192/192 191/191/191
f 191/191/191 192/192/192 193/193/193
f 190/190/190 191/191/191 194/194/194
f 193/193/193 194/194/194 191/191/191
f 194/194/194 195/195/195 190/190/190
f 194/194/194 193/193/193 196/196/196
f 195/195/195 194/194/194 196/196/196
f 196/196/196 197/197/197 195/195/195
f 197/197/197 196/196/196 198/198/198
f 199/199/199 198/198/198 196/196/196
f 198/198/198 200/200/200 197/197/197
f 203/203/203 202/202/202 201/201/201
f 201/201/201 204/204/204 203/203/203
f 205/205/205 203/203/203 204/204/204
f 204/204/204 206/206/206 205/205/205
f 205/205/205 206/206/206 207/207/207
f 207/207/207 208/208/208 205/205/205
f 211/211/211 210/210/210 209/209/209
f 209/209/209 212/212/212 211/211/211
f 212/212/212 213/213/213 211/211/211
f 216/216/216 215/215/215 214/214/214
f 216/216/216 214/214/214 217/217/217
f 217/217/217 218/218/218 216/216/216
f 217/217/217 219/219/219 218/218/218
f 222/222/222 221/221/221 220/220/220
f 220/220/220 223/223/223 222/222/222
f 224/224/224 222/222/222 223/223/223
f 223/223/223 225/225/225 224/224/224
f 226/226/226 224/224/224 225/225/225
f 226/226/226 227/227/227 224/224/224
f 225/225/225 228/228/228 226/226/226
f 229/229/229 227/227/227 226/226/226
f 230/230/230 226/226/226 228/228/228
f 226/226/226 230/230/230 229/229/229
f 228/228/228 231/231/231 230/230/230
f 232/232/232 229/229/229 230/230/230
f 230/230/230 231/231/231 233/233/233
f 233/233/233 232/232/232 230/230/230
f 232/232/232 233/233/233 234/234/234
f 234/234/234 235/235/235 232/232/232
f 235/235/235 234/234/234 236/236/236
f 236/236/236 237/237/237 235/235/235
f 240/240/240 239/239/239 238/238/238
f 240/240/240 238/238/238 241/241/241
f 241/241/241 242/242/242 240/240/240
f 245/245/245 244/244/244 243/243/243
f 243/243/243 246/246/246 245/245/245
f 247/247/247 245/245/245 246/246/246
f 246/246/246 248/248/248 247/247/247
f 249/249/249 248/248/248 246/246/246
f 252/252/252 251/251/251 250/250/250
f 250/250/250 253/253/253 252/252/252
f 253/253/253 254/254/254 252/252/252
f 257/257/257 256/256/256 255/255/255
f 257/257/257 255/255/255 258/258/258
f 258/258/258 259/259/259 257/257/257
f 258/258/258 260/260/260 259/259/259
f 263/263/263 262/262/262 261/261/261
f 261/261/261 264/264/264 263/263/263
f 265/265/265 263/263/263 264/264/264
f 264/264/264 266/266/266 265/265/265
f 267/267/267 265/265/265 266/266/266
f 267/267/267 268/268/268 265/265/265
f 266/266/266 269/269/269 267/267/267
f 270/270/270 268/268/268 267/267/267
f 271/271/271 267/267/267 269/269/269
f 267/267/267 271/271/271 270/270/270
f 269/269/269 272/272/272 271/271/271
f 273/273/273 270/270/270 271/271/271
f 271/271/271 272/272/272 274/274/274
f 274/274/274 273/273/273 271/271/271
f 273/273/273 274/274/274 275/275/275
f 275/275/275 276/276/276 273/273/273
f 276/276/276 275/275/275 277/277/277
f 277/277/277 278/278/278 276/276/276
f 281/281/281 280/280/280 279/279/279
f 281/281/281 279/279/279 282/282/282
f 282/282/282 283/283/283 281/281/281
f 286/286/286 285/285/285 284/284/284
f 284/284/284 287/287/287 286/286/286
f 288/288/288 286/286/286 287/287/287
f 287/287/287 289/289/289 288/288/288
f 290/290/290 289/289/289 287/287/287
f 293/293/293 292/292/292 291/291/291
f 291/291/291 294/294/294 293/293/293
f 295/295/295 293/293/293 294/294/294
f 294/294/294 296/296/296 295/295/295
f 295/295/295 296/296/296 297/297/297
f 297/297/297 298/298/298 295/295/295
f 301/301/301 300/300/300 299/299/299
f 299/299/299 302/302/302 301/301/301
f 303/303/303 301/301/301 302/302/302
f 302/302/302 304/304/304 303/303/303
f 305/305/305 303/303/303 304/304/304
f 304/304/304 306/306/306 305/305/305
f 305/305/305 307/307/307 303/303/303
f 308/308/308 305/305/305 306/306/306
f 306/306/306 309/309/309 308/308/308
f 308/308/308 309/309/309 310/310/310
f 307/307/307 305/305/305 311/311/311
f 305/305/305 308/308/308 311/311/311
f 311/311/311 312/312/312 307/307/307
f 313/313/313 312/312/312 311/311/311
f 310/310/310 314/314/314 308/308/308
f 314/314/314 311/311/311 308/308/308
f 311/311/311 314/314/314 313/313/313
f 314/314/314 310/310/310 315/315/315
f 316/316/316 313/313/313 314/314/314
f 315/315/315 316/316/316 314/314/314
f 316/316/316 315/315/315 317/317/317
f 317/317/317 318/318/318 316/316/316
f 321/321/321 320/320/320 319/319/319
f 321/321/321 319/319/319 322/322/322
f 322/322/322 323/323/323 321/321/321
f 322/322/322 324/324/324 323/323/323
f 327/327/327 326/326/326 325/325/325
f 325/325/325 328/328/328 327/327/327
f 329/329/329 327/327/327 328/328/328
f 328/328/328 330/330/330 329/329/329
f 331/331/331 330/330/330 328/328/328
f 334/334/334 333/333/333 332/332/332
f 332/332/332 335/335/335 334/334/334
f 336/336/336 334/334/334 335/335/335
f 335/335/335 337/337/337 336/336/336
f 340/340/340 339/339/339 338/338/338
f 338/338/338 341/341/341 340/340/340
f 342/342/342 340/340/340 341/341/341
f 341/341/341 343/343/343 342/342/342
f 344/344/344 342/342/342 343/343/343
f 343/343/343 345/345/345 344/344/344
f 343/343/343 346/346/346 345/345/345
f 345/345/345 346/346/346 347/347/347
f 344/344/344 345/345/345 348/348/348
f 347/347/347 348/348/348 345/345/345
f 348/348/348 349/349/349 344/344/344
f 348/348/348 347/347/347 350/350/350
f 349/349/349 348/348/348 350/350/350
f 350/350/350 351/351/351 349/349/349
f 351/351/351 350/350/350 352/352/352
f 352/352/352 353/353/353 351/351/351
f 354/354/354 352/352/352 350/350/350
f 357/357/357 356/356/356 355/355/355
f 355/355/355 358/358/358 357/357/357
f 359/359/359 357/357/357 358/358/358
f 358/358/358 360/360/360 359/359/359
f 359/359/359 360/360/360 361/361/361
f 361/361/361 362/362/362 359/359/359
f 365/365/365 364/364/364 363/363/363
f 363/363/363 366/366/366 365/365/365
f 366/366/366 363/363/363 367/367/367
f 367/367/367 368/368/368 366/366/366
f 368/368/368 367/367/367 369/369/369
f 369/369/369 370/370/370 368/368/368
f 370/370/370 369/369/369 371/371/371
f 371/371/371 372/372/372 370/370/370
f 372/372/372 371/371/371 373/373/373
f 373/373/373 374/374/374 372/372/372
f 374/374/374 373/373/373 375/375/375
f 375/375/375 376/376/376 374/374/374
f 376/376/376 375/375/375 377/377/377
f 377/377/377 378/378/378 376/376/376
f 378/378/378 377/377/377 379/379/379
f 379/379/379 380/380/380 378/378/378
f 383/383/383 382/382/382 381/381/381
f 381/381/381 384/384/384 383/383/383
f 384/384/384 381/381/381 385/385/385
f 385/385/385 386/386/386 384/384/384
f 389/389/389 388/388/388 387/387/387
f 387/387/387 390/390/390 389/389/389
f 390/390/390 387/387/387 391/391/391
f 391/391/391 392/392/392 390/390/390
f 392/392/392 391/391/391 393/393/393
f 393/393/393 394/394/394 392/392/392
f 394/394/394 395/395/395 392/392/392
f 396/396/396 395/395/395 394/394/394
f 397/397/397 394/394/394 393/393/393
f 394/394/394 397/397/397 396/396/396
f 393/393/393 398/398/398 397/397/397
f 399/399/399 396/396/396 397/397/397
f 399/399/399 397/397/397 398/398/398
f 398/398/398 400/400/400 399/399/399
f 401/401/401 399/399/399 400/400/400
f 400/400/400 402/402/402 401/401/401
f 399/399/399 401/401/401 403/403/403
f 406/406/406 405/405/405 404/404/404
f 404/404/404 407/407/407 406/406/406
f 407/407/407 404/404/404 408/408/408
f 408/408/408 409/409/409 407/407/407
f 410/410/410 409/409/409 408/408/408
f 408/408/408 411/411/411 410/410/410
f 414/414/414 413/413/413 412/412/412
f 412/412/412 415/415/415 414/414/414
f 415/415/415 412/412/412 416/416/416
f 416/416/416 417/417/417 415/415/415
f 417/417/417 416/416/416 418/418/418
f 418/418/418 419/419/419 417/417/417
f 416/416/416 420/420/420 418/418/418
f 419/419/419 418/418/418 421/421/421
f 421/421/421 422/422/422 419/419/419
f 423/423/423 422/422/422 421/421/421
f 424/424/424 418/418/418 420/420/420
f 424/424/424 421/421/421 418/418/418
f 420/420/420 425/425/425 424/424/424
f 424/424/424 425/425/425 426/426/426
f 421/421/421 427/427/427 423/423/423
f 421/421/421 424/424/424 427/427/427
f 426/426/426 427/427/427 424/424/424
f 428/428/428 423/423/423 427/427/427
f 427/427/427 426/426/426 429/429/429
f 427/427/427 429/429/429 428/428/428
f 430/430/430 428/428/428 429/429/429
f 429/429/429 431/431/431 430/430/430
f 434/434/434 433/433/433 432/432/432
f 432/432/432 435/435/435 434/434/434
f 435/435/435 432/432/432 436/436/436
f 436/436/436 438/438/438 437/437/437
f 437/437/437 439/439/439 436/436/436
f 436/436/436 439/439/439 435/435/435
f 435/435/435 439/439/439 440/440/440
f 440/440/440 441/441/441 435/435/435
f 440/440/440 443/443/443 442/442/442
f 441/441/441 440/440/440 442/442/442
f 442/442/442 444/444/444 441/441/441
f 444/444/444 445/445/445 441/441/441
f 448/448/448 447/447/447 446/446/446
f 446/446/446 449/449/449 448/448/448
f 449/449/449 446/446/446 450/450/450
f 450/450/450 451/451/451 449/449/449
f 449/449/449 451/451/451 452/452/452
f 455/455/455 454/454/454 453/453/453
f 453/453/453 456/456/456 455/455/455
f 456/456/456 453/453/453 457/457/457
f 457/457/457 458/458/458 456/456/456
f 458/458/458 457/457/457 459/459/459
f 459/459/459 460/460/460 458/458/458
f 460/460/460 461/461/461 458/458/458
f 462/462/462 460/460/460 459/459/459
f 461/461/461 460/460/460 462/462/462
f 462/462/462 463/463/463 461/461/461
f 459/459/459 464/464/464 462/462/462
f 465/465/465 463/463/463 462/462/462
f 465/465/465 462/462/462 464/464/464
f 464/464/464 466/466/466 465/465/465
f 467/467/467 465/465/465 466/466/466
f 466/466/466 468/468/468 467/467/467
f 465/465/465 467/467/467 469/469/469
f 472/472/472 471/471/471 470/470/470
f 470/470/470 473/473/473 472/472/472
f 473/473/473 470/470/470 474/474/474
f 474/474/474 475/475/475 473/473/473
f 476/476/476 475/475/475 474/474/474
f 474/474/474 477/477/477 476/476/476
f 480/480/480 479/479/479 478/478/478
f 478/478/478 481/481/481 480/480/480
f 481/481/481 478/478/478 482/482/482
f 482/482/482 483/483/483 481/481/481
f 483/483/483 482/482/482 484/484/484
f 484/484/484 485/485/485 483/483/483
f 485/485/485 486/486/486 483/483/483
f 487/487/487 485/485/485 484/484/484
f 486/486/486 485/485/485 487/487/487
f 487/487/487 488/488/488 486/486/486
f 484/484/484 489/489/489 487/487/487
f 490/490/490 488/488/488 487/487/487
f 490/490/490 487/487/487 489/489/489
f 489/489/489 491/491/491 490/490/490
f 492/492/492 490/490/490 491/491/491
f 491/491/491 493/493/493 492/492/492
f 490/490/490 492/492/492 494/494/494
f 497/497/497 496/496/496 495/495/495
f 495/495/495 498/498/498 497/497/497
f 498/498/498 495/495/495 499/499/499
f 499/499/499 500/500/500 498/498/498
f 501/501/501 500/500/500 499/499/499
f 499/499/499 502/502/502 501/501/501
f 505/505/505 504/504/504 503/503/503
f 503/503/503 506/506/506 505/505/505
f 506/506/506 503/503/503 507/507/507
f 507/507/507 508/508/508 506/506/506
f 511/511/511 510/510/510 509/509/509
f 512/512/512 511/511/511 509/509/509
f 509/509/509 513/513/513 512/512/512
f 513/513/513 514/514/514 512/512/512
f 517/517/517 516/516/516 515/515/515
f 516/516/516 517/517/517 518/518/518
f 518/518/518 519/519/519 516/516/516
f 519/519/519 518/518/518 520/520/520
f 520/520/520 521/521/521 519/519/519
f 521/521/521 522/522/522 519/519/519
f 523/523/523 522/522/522 521/521/521
f 524/524/524 521/521/521 520/520/520
f 521/521/521 524/524/524 523/523/523
f 520/520/520 525/525/525 524/524/524
f 526/526/526 523/523/523 524/524/524
f 526/526/526 524/524/524 525/525/525
f 525/525/525 527/527/527 526/526/526
f 528/528/528 526/526/526 527/527/527
f 527/527/527 529/529/529 528/528/528
f 526/526/526 528/528/528 530/530/530
f 533/533/533 532/532/532 531/531/531
f 531/531/531 534/534/534 533/533/533
f 534/534/534 531/531/531 535/535/535
f 535/535/535 536/536/536 534/534/534
f 537/537/537 536/536/536 535/535/535
f 535/535/535 538/538/538 537/537/537
f 541/541/541 540/540/540 539/539/539
f 539/539/539 542/542/542 541/541/541
f 542/542/542 539/539/539 543/543/543
f 543/543/543 544/544/544 542/542/542
f 544/544/544 543/543/543 545/545/545
f 545/545/545 546/546/546 544/544/544
f 543/543/543 547/547/547 545/545/545
f 546/546/546 545/545/545 548/548/548
f 548/548/548 549/549/549 546/546/546
f 550/550/550 549/549/549 548/548/548
f 551/551/551 545/545/545 547/547/547
f 551/551/551 548/548/548 545/545/545
f 547/547/547 552/552/552 551/551/551
f 551/551/551 552/552/552 553/553/553
f 548/548/548 554/554/554 550/550/550
f 548/548/548 551/551/551 554/554/554
f 553/553/553 554/554/554 551/551/551
f 555/555/555 550/550/550 554/554/554
f 554/554/554 553/553/553 556/556/556
f 554/554/554 556/556/556 555/555/555
f 557/557/557 555/555/555 556/556/556
f 556/556/556 558/558/558 557/557/557
f 561/561/561 560/560/560 559/559/559
f 562/562/562 559/559/559 560/560/560
f 560/560/560 563/563/563 562/562/562
f 562/562/562 563/563/563 564/564/564
f 564/564/564 565/565/565 562/562/562
f 568/568/568 567/567/567 566/566/566
f 566/566/566 569/569/569 568/568/568
f 569/569/569 566/566/566 570/570/570
f 570/570/570 571/571/571 569/569/569
f 569/569/569 571/571/571 572/572/572
f 575/575/575 574/574/574 573/573/573
f 573/573/573 576/576/576 575/575/575
f 578/578/578 577/577/577 573/573/573
f 576/576/576 573/573/573 577/577/577
f 577/577/577 579/579/579 576/576/576
f 579/579/579 580/580/580 576/576/576
f 583/583/583 582/582/582 581/581/581
f 581/581/581 582/582/582 584/584/584
f 584/584/584 585/585/585 581/581/581
f 584/584/584 586/586/586 585/585/585
f 587/587/587 581/581/581 585/585/585
f 585/585/585 588/588/588 587/587/587
f 591/591/591 590/590/590 589/589/589
f 589/589/589 590/590/590 592/592/592
f 592/592/592 593/593/593 589/589/589
f 592/592/592 594/594/594 593/593/593
f 595/595/595 589/589/589 593/593/593
f 593/593/593 596/596/596 595/595/595
f 599/599/599 598/598/598 597/597/597
f 597/597/597 598/598/598 600/600/600
f 600/600/600 601/601/601 597/597/597
f 600/600/600 602/602/602 601/601/601
f 603/603/603 597/597/597 601/601/601
f 601/601/601 604/604/604 603/603/603
f 607/607/607 606/606/606 605/605/605
f 605/605/605 608/608/608 607/607/607
f 609/609/609 608/608/608 605/605/605
f 609/609/609 610/610/610 608/608/608
f 605/605/605 611/611/611 609/609/609
f 610/610/610 609/609/609 612/612/612
f 612/612/612 609/609/609 611/611/611
f 612/612/612 613/613/613 610/610/610
f 611/611/611 614/614/614 612/612/612
f 613/613/613 612/612/612 614/614/614
f 611/611/611 615/615/615 614/614/614
f 614/614/614 615/615/615 613/613/613
f 618/618/618 617/617/617 616/616/616
f 616/616/616 619/619/619 618/618/618
f 619/619/619 616/616/616 620/620/620
f 616/616/616 621/621/621 620/620/620
f 620/620/620 622/622/622 619/619/619
f 622/622/622 623/623/623 619/619/619
f 624/624/624 620/620/620 621/621/621
f 622/622/622 620/620/620 624/624/624
f 623/623/623 622/622/622 625/625/625
f 624/624/624 625/625/625 622/622/622
f 623/623/623 625/625/625 626/626/626
f 626/626/626 627/627/627 623/623/623
f 628/628/628 624/624/624 621/621/621
f 621/621/621 629/629/629 628/628/628
f 625/625/625 624/624/624 630/630/630
f 630/630/630 624/624/624 628/628/628
f 626/626/626 625/625/625 631/631/631
f 630/630/630 631/631/631 625/625/625
f 629/629/629 632/632/632 628/628/628
f 632/632/632 629/629/629 633/633/633
f 632/632/632 633/633/633 634/634/634
f 634/634/634 633/633/633 635/635/635
f 635/635/635 636/636/636 634/634/634
f 634/634/634 637/637/637 632/632/632
f 628/628/628 632/632/632 637/637/637
f 634/634/634 627/627/627 637/637/637
f 638/638/638 637/637/637 627/627/627
f 637/637/637 638/638/638 628/628/628
f 627/627/627 626/626/626 638/638/638
f 639/639/639 628/628/628 638/638/638
f 628/628/628 639/639/639 630/630/630
f 640/640/640 638/638/638 626/626/626
f 638/638/638 640/640/640 639/639/639
f 631/631/631 640/640/640 626/626/626
f 641/641/641 630/630/630 639/639/639
f 639/639/639 642/642/642 641/641/641
f 630/630/630 641/641/641 643/643/643
f 631/631/631 630/630/630 643/643/643
f 644/644/644 642/642/642 639/639/639
f 644/644/644 639/639/639 640/640/640
f 643/643/643 645/645/645 631/631/631
f 640/640/640 646/646/646 644/644/644
f 645/645/645 647/647/647 631/631/631
f 640/640/640 631/631/631 647/647/647
f 640/640/640 648/648/648 646/646/646
f 647/647/647 648/648/648 640/640/640
f 651/651/651 650/650/650 649/649/649
f 649/649/649 652/652/652 651/651/651
f 651/651/651 652/652/652 653/653/653
f 652/652/652 654/654/654 653/653/653
f 653/653/653 655/655/655 651/651/651
f 656/656/656 653/653/653 654/654/654
f 655/655/655 653/653/653 656/656/656
f 654/654/654 657/657/657 656/656/656
f 656/656/656 658/658/658 655/655/655
f 658/658/658 656/656/656 657/657/657
f 658/658/658 659/659/659 655/655/655
f 657/657/657 659/659/659 658/658/658
f 662/662/662 661/661/661 660/660/660
f 660/660/660 663/663/663 662/662/662
f 664/664/664 663/663/663 660/660/660
f 660/660/660 665/665/665 664/664/664
f 668/668/668 667/667/667 666/666/666
f 666/666/666 669/669/669 668/668/668
f 668/668/668 669/669/669 670/670/670
f 670/670/670 671/671/671 668/668/668
f 674/674/674 673/673/673 672/672/672
f 672/672/672 675/675/675 674/674/674
f 674/674/674 675/675/675 676/676/676
f 676/676/676 677/677/677 674/674/674
f 680/680/680 679/679/679 678/678/678
f 678/678/678 681/681/681 680/680/680
f 682/682/682 681/681/681 678/678/678
f 682/682/682 683/683/683 681/681/681
f 678/678/678 684/684/684 682/682/682
f 683/683/683 682/682/682 685/685/685
f 685/685/685 682/682/682 684/684/684
f 685/685/685 686/686/686 683/683/683
f 684/684/684 687/687/687 685/685/685
f 686/686/686 685/685/685 687/687/687
f 684/684/684 688/688/688 687/687/687
f 687/687/687 688/688/688 686/686/686
f 691/691/691 690/690/690 689/689/689
f 689/689/689 692/692/692 691/691/691
f 693/693/693 692/692/692 689/689/689
f 689/689/689 694/694/694 693/693/693
f 697/697/697 696/696/696 695/695/695
f 695/695/695 698/698/698 697/697/697
f 697/697/697 698/698/698 699/699/699
f 699/699/699 700/700/700 697/697/697
f 703/703/703 702/702/702 701/701/701
f 701/701/701 704/704/704 703/703/703
f 703/703/703 704/704/704 705/705/705
f 705/705/705 706/706/706 703/703/703
f 709/709/709 708/708/708 707/707/707
f 707/707/707 710/710/710 709/709/709
f 711/711/711 710/710/710 707/707/707
f 711/711/711 712/712/712 710/710/710
f 707/707/707 713/713/713 711/711/711
f 712/712/712 711/711/711 714/714/714
f 714/714/714 711/711/711 713/713/713
f 714/714/714 715/715/715 712/712/712
f 713/713/713 716/716/716 714/714/714
f 715/715/715 714/714/714 716/716/716
f 713/713/713 717/717/717 716/716/716
f 716/716/716 717/717/717 715/715/715
f 720/720/720 719/719/719 718/718/718
f 718/718/718 721/721/721 720/720/720
f 722/722/722 721/721/721 718/718/718
f 722/722/722 723/723/723 721/721/721
f 718/718/718 724/724/724 722/722/722
f 723/723/723 722/722/722 725/725/725
f 725/725/725 722/722/722 724/724/724
f 725/725/725 726/726/726 723/723/723
f 724/724/724 727/727/727 725/725/725
f 726/726/726 725/725/725 727/727/727
f 724/724/724 728/728/728 727/727/727
f 727/727/727 728/728/728 726/726/726
f 731/731/731 730/730/730 729/729/729
f 729/729/729 732/732/732 731/731/731
f 732/732/732 729/729/729 733/733/733
f 729/729/729 734/734/734 733/733/733
f 733/733/733 735/735/735 732/732/732
f 735/735/735 736/736/736 732/732/732
f 737/737/737 733/733/733 734/734/734
f 735/735/735 733/733/733 737/737/737
f 736/736/736 735/735/735 738/738/738
f 737/737/737 738/738/738 735/735/735
f 739/739/739 737/737/737 734/734/734
f 734/734/734 740/740/740 739/739/739
f 738/738/738 737/737/737 741/741/741
f 741/741/741 737/737/737 739/739/739
f 736/736/736 738/738/738 742/742/742
f 742/742/742 743/743/743 736/736/736
f 740/740/740 744/744/744 739/739/739
f 744/744/744 740/740/740 745/745/745
f 744/744/744 745/745/745 746/746/746
f 746/746/746 745/745/745 747/747/747
f 747/747/747 748/748/748 746/746/746
f 746/746/746 749/749/749 744/744/744
f 746/746/746 743/743/743 749/749/749
f 739/739/739 744/744/744 749/749/749
f 742/742/742 749/749/749 743/743/743
f 749/749/749 742/742/742 739/739/739
f 750/750/750 739/739/739 742/742/742
f 739/739/739 750/750/750 741/741/741
f 742/742/742 738/738/738 751/751/751
f 741/741/741 751/751/751 738/738/738
f 742/742/742 752/752/752 750/750/750
f 751/751/751 752/752/752 742/742/742
f 753/753/753 741/741/741 750/750/750
f 750/750/750 754/754/754 753/753/753
f 741/741/741 753/753/753 755/755/755
f 751/751/751 741/741/741 755/755/755
f 756/756/756 754/754/754 750/750/750
f 756/756/756 750/750/750 752/752/752
f 755/755/755 757/757/757 751/751/751
f 752/752/752 758/758/758 756/756/756
f 757/757/757 759/759/759 751/751/751
f 752/752/752 751/751/751 759/759/759
f 752/752/752 760/760/760 758/758/758
f 759/759/759 760/760/760 752/752/752
f 763/763/763 762/762/762 761/761/761
f 764/764/764 763/763/763 761/761/761
f 761/761/761 765/765/765 764/764/764
f 765/765/765 766/766/766 764/764/764
f 765/765/765 761/761/761 767/767/767
f 767/767/767 768/768/768 765/765/765
f 768/768/768 767/767/767 769/769/769
f 769/769/769 770/770/770 768/768/768
f 767/767/767 771/771/771 769/769/769
f 772/772/772 770/770/770 769/769/769
f 773/773/773 769/769/769 771/771/771
f 769/769/769 773/773/773 772/772/772
f 776/776/776 775/775/775 774/774/774
f 774/774/774 777/777/777 776/776/776
f 776/776/776 777/777/777 778/778/778
f 777/777/777 779/779/779 778/778/778
f 778/778/778 780/780/780 776/776/776
f 781/781/781 778/778/778 779/779/779
f 780/780/780 778/778/778 781/781/781
f 779/779/779 782/782/782 781/781/781
f 781/781/781 783/783/783 780/780/780
f 783/783/783 781/781/781 782/782/782
f 783/783/783 784/784/784 780/780/780
f 782/782/782 784/784/784 783/783/783
f 787/787/787 786/786/786 785/785/785
f 785/785/785 788/788/788 787/787/787
f 788/788/788 789/789/789 787/787/787
f 788/788/788 785/785/785 790/790/790
f 789/789/789 788/788/788 791/791/791
f 791/791/791 792/792/792 789/789/789
f 790/790/790 793/793/793 788/788/788
f 791/791/791 788/788/788 793/793/793
f 790/790/790 795/795/795 794/794/794
f 794/794/794 793/793/793 790/790/790
f 793/793/793 794/794/794 796/796/796
f 793/793/793 796/796/796 797/797/797
f 797/797/797 798/798/798 793/793/793
f 793/793/793 798/798/798 791/791/791
f 798/798/798 797/797/797 799/799/799
f 800/800/800 791/791/791 798/798/798
f 799/799/799 800/800/800 798/798/798
f 792/792/792 791/791/791 800/800/800
f 800/800/800 799/799/799 801/801/801
f 802/802/802 792/792/792 800/800/800
f 801/801/801 803/803/803 800/800/800
f 800/800/800 804/804/804 802/802/802
f 800/800/800 803/803/803 804/804/804
f 807/807/807 806/806/806 805/805/805
f 805/805/805 808/808/808 807/807/807
f 808/808/808 809/809/809 807/807/807
f 808/808/808 805/805/805 810/810/810
f 809/809/809 808/808/808 811/811/811
f 811/811/811 812/812/812 809/809/809
f 810/810/810 813/813/813 808/808/808
f 811/811/811 808/808/808 813/813/813
f 810/810/810 815/815/815 814/814/814
f 814/814/814 813/813/813 810/810/810
f 813/813/813 814/814/814 816/816/816
f 813/813/813 816/816/816 817/817/817
f 817/817/817 818/818/818 813/813/813
f 813/813/813 818/818/818 811/811/811
f 818/818/818 817/817/817 819/819/819
f 820/820/820 811/811/811 818/818/818
f 819/819/819 820/820/820 818/818/818
f 812/812/812 811/811/811 820/820/820
f 820/820/820 819/819/819 821/821/821
f 822/822/822 812/812/812 820/820/820
f 821/821/821 823/823/823 820/820/820
f 820/820/820 824/824/824 822/822/822
f 820/820/820 823/823/823 824/824/824
f 827/827/827 826/826/826 825/825/825
f 827/827/827 828/828/828 826/826/826
f 828/828/828 829/829/829 826/826/826
f 827/827/827 830/830/830 828/828/828
f 830/830/830 832/832/832 831/831/831
f 831/831/831 828/828/828 830/830/830
f 829/829/829 828/828/828 833/833/833
f 833/833/833 828/828/828 831/831/831
f 831/831/831 834/834/834 833/833/833
f 833/833/833 835/835/835 829/829/829
f 833/833/833 834/834/834 836/836/836
f 835/835/835 833/833/833 836/836/836
f 836/836/836 837/837/837 835/835/835
f 838/838/838 837/837/837 836/836/836
f 838/838/838 839/839/839 837/837/837
f 836/836/836 840/840/840 838/838/838
f 838/838/838 841/841/841 839/839/839
f 842/842/842 840/840/840 836/836/836
f 843/843/843 839/839/839 841/841/841
f 842/842/842 836/836/836 844/844/844
f 841/841/841 845/845/845 843/843/843
f 842/842/842 844/844/844 846/846/846
f 847/847/847 843/843/843 845/845/845
f 846/846/846 848/848/848 842/842/842
f 845/845/845 849/849/849 847/847/847
f 848/848/848 846/846/846 850/850/850
f 847/847/847 849/849/849 851/851/851
f 850/850/850 851/851/851 848/848/848
f 851/851/851 850/850/850 847/847/847
f 854/854/854 853/853/853 852/852/852
f 855/855/855 854/854/854 852/852/852
f 855/855/855 852/852/852 856/856/856
f 855/855/855 857/857/857 854/854/854
f 859/859/859 858/858/858 857/857/857
f 857/857/857 855/855/855 859/859/859
f 860/860/860 855/855/855 856/856/856
f 859/859/859 855/855/855 860/860/860
f 860/860/860 861/861/861 859/859/859
f 856/856/856 862/862/862 860/860/860
f 863/863/863 861/861/861 860/860/860
f 863/863/863 860/860/860 862/862/862
f 862/862/862 864/864/864 863/863/863
f 863/863/863 864/864/864 865/865/865
f 865/865/865 866/866/866 863/863/863
f 867/867/867 865/865/865 864/864/864
f 866/866/866 868/868/868 863/863/863
f 867/867/867 864/864/864 869/869/869
f 866/866/866 870/870/870 868/868/868
f 867/867/867 869/869/869 871/871/871
f 872/872/872 868/868/868 870/870/870
f 871/871/871 873/873/873 867/867/867
f 870/870/870 874/874/874 872/872/872
f 873/873/873 871/871/871 875/875/875
f 876/876/876 872/872/872 874/874/874
f 875/875/875 877/877/877 873/873/873
f 874/874/874 878/878/878 876/876/876
f 878/878/878 877/877/877 875/875/875
f 875/875/875 876/876/876 878/878/878
f 881/881/881 880/880/880 879/879/879
f 881/881/881 882/882/882 880/880/880
f 882/882/882 883/883/883 880/880/880
f 881/881/881 884/884/884 882/882/882
f 884/884/884 886/886/886 885/885/885
f 885/885/885 882/882/882 884/884/884
f 883/883/883 882/882/882 887/887/887
f 887/887/887 882/882/882 885/885/885
f 885/885/885 888/888/888 887/887/887
f 887/887/887 889/889/889 883/883/883
f 887/887/887 888/888/888 890/890/890
f 889/889/889 887/887/887 891/891/891
f 890/890/890 891/891/891 887/887/887
f 891/891/891 892/892/892 889/889/889
f 890/890/890 893/893/893 891/891/891
f 891/891/891 893/893/893 894/894/894
f 894/894/894 892/892/892 891/891/891
f 890/890/890 895/895/895 893/893/893
f 892/892/892 894/894/894 896/896/896
f 895/895/895 890/890/890 897/897/897
f 892/892/892 896/896/896 898/898/898
f 897/897/897 899/899/899 895/895/895
f 900/900/900 898/898/898 896/896/896
f 899/899/899 897/897/897 901/901/901
f 896/896/896 902/902/902 900/900/900
f 901/901/901 903/903/903 899/899/899
f 904/904/904 900/900/900 902/902/902
f 903/903/903 901/901/901 904/904/904
f 902/902/902 905/905/905 904/904/904
f 904/904/904 905/905/905 903/903/903
f 908/908/908 907/907/907 906/906/906
f 908/908/908 909/909/909 907/907/907
f 909/909/909 910/910/910 907/907/907
f 908/908/908 911/911/911 909/909/909
f 911/911/911 913/913/913 912/912/912
f 912/912/912 909/909/909 911/911/911
f 910/910/910 909/909/909 914/914/914
f 914/914/914 909/909/909 912/912/912
f 912/912/912 915/915/915 914/914/914
f 914/914/914 916/916/916 910/910/910
f 914/914/914 915/915/915 917/917/917
f 916/916/916 914/914/914 918/918/918
f 917/917/917 918/918/918 914/914/914
f 918/918/918 919/919/919 916/916/916
f 917/917/917 920/920/920 918/918/918
f 918/918/918 920/920/920 921/921/921
f 921/921/921 919/919/919 918/918/918
f 917/917/917 922/922/922 920/920/920
f 919/919/919 921/921/921 923/923/923
f 922/922/922 917/917/917 924/924/924
f 919/919/919 923/923/923 925/925/925
f 924/924/924 926/926/926 922/922/922
f 927/927/927 925/925/925 923/923/923
f 926/926/926 924/924/924 928/928/928
f 923/923/923 929/929/929 927/927/927
f 928/928/928 930/930/930 926/926/926
f 931/931/931 927/927/927 929/929/929
f 930/930/930 928/928/928 931/931/931
f 929/929/929 932/932/932 931/931/931
f 931/931/931 932/932/932 930/930/930
f 935/935/935 934/934/934 933/933/933
f 936/936/936 935/935/935 933/933/933
f 937/937/937 936/936/936 933/933/933
f 936/936/936 938/938/938 935/935/935
f 937/937/937 940/940/940 939/939/939
f 939/939/939 936/936/936 937/937/937
f 938/938/938 936/936/936 941/941/941
f 941/941/941 936/936/936 939/939/939
f 939/939/939 942/942/942 941/941/941
f 941/941/941 943/943/943 938/938/938
f 941/941/941 942/942/942 944/944/944
f 943/943/943 941/941/941 945/945/945
f 944/944/944 945/945/945 941/941/941
f 945/945/945 946/946/946 943/943/943
f 947/947/947 945/945/945 944/944/944
f 948/948/948 947/947/947 944/944/944
f 945/945/945 947/947/947 949/949/949
f 949/949/949 946/946/946 945/945/945
f 948/948/948 944/944/944 950/950/950
f 949/949/949 951/951/951 946/946/946
f 950/950/950 952/952/952 948/948/948
f 951/951/951 953/953/953 946/946/946
f 952/952/952 950/950/950 954/954/954
f 955/955/955 953/953/953 951/951/951
f 954/954/954 956/956/956 952/952/952
f 951/951/951 957/957/957 955/955/955
f 956/956/956 954/954/954 958/958/958
f 958/958/958 955/955/955 957/957/957
f 958/958/958 959/959/959 956/956/956
f 957/957/957 959/959/959 958/958/958
f 962/962/962 961/961/961 960/960/960
f 960/960/960 963/963/963 962/962/962
f 964/964/964 963/963/963 960/960/960
f 965/965/965 962/962/962 963/963/963
f 967/967/967 966/966/966 965/965/965
f 963/963/963 968/968/968 965/965/965
f 965/965/965 968/968/968 967/967/967
f 969/969/969 967/967/967 968/968/968
f 969/969/969 968/968/968 963/963/963
f 967/967/967 969/969/969 970/970/970
f 971/971/971 963/963/963 964/964/964
f 969/969/969 963/963/963 971/971/971
f 964/964/964 972/972/972 971/971/971
f 971/971/971 972/972/972 973/973/973
f 973/973/973 974/974/974 971/971/971
f 971/971/971 974/974/974 975/975/975
f 970/970/970 969/969/969 976/976/976
f 971/971/971 976/976/976 969/969/969
f 976/976/976 971/971/971 975/975/975
f 976/976/976 977/977/977 970/970/970
f 975/975/975 978/978/978 976/976/976
f 979/979/979 977/977/977 976/976/976
f 978/978/978 980/980/980 976/976/976
f 976/976/976 980/980/980 979/979/979
f 983/983/983 982/982/982 981/981/981
f 983/983/983 981/981/981 984/984/984
f 981/981/981 985/985/985 984/984/984
f 986/986/986 983/983/983 984/984/984
f 988/988/988 987/987/987 986/986/986
f 986/986/986 984/984/984 988/988/988
f 989/989/989 984/984/984 985/985/985
f 988/988/988 984/984/984 989/989/989
f 989/989/989 990/990/990 988/988/988
f 985/985/985 991/991/991 989/989/989
f 992/992/992 990/990/990 989/989/989
f 992/992/992 989/989/989 991/991/991
f 991/991/991 993/993/993 992/992/992
f 992/992/992 993/993/993 994/994/994
f 994/994/994 993/993/993 995/995/995
f 994/994/994 996/996/996 992/992/992
f 997/997/997 994/994/994 995/995/995
f 996/996/996 998/998/998 992/992/992
f 997/997/997 995/995/995 999/999/999
f 998/998/998 1000/1000/1000 992/992/992
f 999/999/999 1001/1001/1001 997/997/997
f 1002/1002/1002 1000/1000/1000 998/998/998
f 1001/1001/1001 999/999/999 1003/1003/1003
f 998/998/998 1004/1004/1004 1002/1002/1002
f 1003/1003/1003 1005/1005/1005 1001/1001/1001
f 1006/1006/1006 1002/1002/1002 1004/1004/1004
f 1007/1007/1007 1005/1005/1005 1003/1003/1003
f 1004/1004/1004 1007/1007/1007 1006/1006/1006
f 1003/1003/1003 1006/1006/1006 1007/1007/1007
f 1010/1010/1010 1009/1009/1009 1008/1008/1008
f 1010/1010/1010 1008/1008/1008 1011/1011/1011
f 1011/1011/1011 1012/1012/1012 1010/1010/1010
f 1010/1010/1010 1012/1012/1012 1013/1013/1013
f 1013/1013/1013 1014/1014/1014 1010/1010/1010
f 1014/1014/1014 1013/1013/1013 1015/1015/1015
f 1015/1015/1015 1016/1016/1016 1014/1014/1014
f 1017/1017/1017 1016/1016/1016 1015/1015/1015
f 1015/1015/1015 1018/1018/1018 1017/1017/1017
f 1019/1019/1019 1018/1018/1018 1015/1015/1015
f 1022/1022/1022 1021/1021/1021 1020/1020/1020
f 1022/1022/1022 1020/1020/1020 1023/1023/1023
f 1023/1023/1023 1024/1024/1024 1022/1022/1022
f 1022/1022/1022 1024/1024/1024 1025/1025/1025
f 1025/1025/1025 1026/1026/1026 1022/1022/1022
f 1026/1026/1026 1025/1025/1025 1027/1027/1027
f 1027/1027/1027 1028/1028/1028 1026/1026/1026
f 1029/1029/1029 1028/1028/1028 1027/1027/1027
f 1027/1027/1027 1030/1030/1030 1029/1029/1029
f 1031/1031/1031 1030/1030/1030 1027/1027/1027
f 1034/1034/1034 1033/1033/1033 1032/1032/1032
f 1034/1034/1034 1032/1032/1032 1035/1035/1035
f 1035/1035/1035 1036/1036/1036 1034/1034/1034
f 1036/1036/1036 1035/1035/1035 1037/1037/1037
f 1034/1034/1034 1036/1036/1036 1038/1038/1038
f 1037/1037/1037 1039/1039/1039 1036/1036/1036
f 1039/1039/1039 1038/1038/1038 1036/1036/1036
f 1040/1040/1040 1039/1039/1039 1037/1037/1037
f 1039/1039/1039 1040/1040/1040 1041/1041/1041
f 1039/1039/1039 1041/1041/1041 1042/1042/1042
f 1042/1042/1042 1043/1043/1043 1039/1039/1039
f 1043/1043/1043 1042/1042/1042 1044/1044/1044
f 1039/1039/1039 1043/1043/1043 1045/1045/1045
f 1045/1045/1045 1038/1038/1038 1039/1039/1039
f 1044/1044/1044 1046/1046/1046 1043/1043/1043
f 1046/1046/1046 1045/1045/1045 1043/1043/1043
f 1044/1044/1044 1047/1047/1047 1046/1046/1046
f 1046/1046/1046 1047/1047/1047 1048/1048/1048
f 1046/1046/1046 1048/1048/1048 1049/1049/1049
f 1051/1051/1051 1049/1049/1049 1050/1050/1050
f 1049/1049/1049 1051/1051/1051 1046/1046/1046
f 1052/1052/1052 1045/1045/1045 1046/1046/1046
f 1046/1046/1046 1051/1051/1051 1052/1052/1052
f 1038/1038/1038 1045/1045/1045 1052/1052/1052
f 1051/1051/1051 1053/1053/1053 1052/1052/1052
f 1052/1052/1052 1054/1054/1054 1038/1038/1038
f 1054/1054/1054 1052/1052/1052 1053/1053/1053
f 1038/1038/1038 1054/1054/1054 1034/1034/1034
f 1053/1053/1053 1055/1055/1055 1054/1054/1054
f 1054/1054/1054 1055/1055/1055 1034/1034/1034
f 1058/1058/1058 1057/1057/1057 1056/1056/1056
f 1058/1058/1058 1056/1056/1056 1059/1059/1059
f 1059/1059/1059 1060/1060/1060 1058/1058/1058
f 1060/1060/1060 1059/1059/1059 1061/1061/1061
f 1061/1061/1061 1062/1062/1062 1060/1060/1060
f 1062/1062/1062 1061/1061/1061 1063/1063/1063
f 1062/1062/1062 1063/1063/1063 1064/1064/1064
f 1062/1062/1062 1064/1064/1064 1065/1065/1065
f 1058/1058/1058 1060/1060/1060 1066/1066/1066
f 1062/1062/1062 1066/1066/1066 1060/1060/1060
f 1065/1065/1065 1067/1067/1067 1062/1062/1062
f 1067/1067/1067 1065/1065/1065 1068/1068/1068
f 1062/1062/1062 1067/1067/1067 1069/1069/1069
f 1069/1069/1069 1066/1066/1066 1062/1062/1062
f 1068/1068/1068 1070/1070/1070 1067/1067/1067
f 1070/1070/1070 1069/1069/1069 1067/1067/1067
f 1068/1068/1068 1071/1071/1071 1070/1070/1070
f 1070/1070/1070 1071/1071/1071 1072/1072/1072
f 1070/1070/1070 1072/1072/1072 1073/1073/1073
f 1075/1075/1075 1073/1073/1073 1074/1074/1074
f 1073/1073/1073 1075/1075/1075 1070/1070/1070
f 1070/1070/1070 1075/1075/1075 1076/1076/1076
f 1076/1076/1076 1069/1069/1069 1070/1070/1070
f 1075/1075/1075 1077/1077/1077 1076/1076/1076
f 1078/1078/1078 1076/1076/1076 1077/1077/1077
f 1077/1077/1077 1079/1079/1079 1078/1078/1078
f 1058/1058/1058 1078/1078/1078 1079/1079/1079
f 1066/1066/1066 1078/1078/1078 1058/1058/1058
f 1069/1069/1069 1076/1076/1076 1080/1080/1080
f 1080/1080/1080 1076/1076/1076 1078/1078/1078
f 1066/1066/1066 1069/1069/1069 1081/1081/1081
f 1080/1080/1080 1081/1081/1081 1069/1069/1069
f 1082/1082/1082 1078/1078/1078 1066/1066/1066
f 1078/1078/1078 1082/1082/1082 1080/1080/1080
f 1081/1081/1081 1083/1083/1083 1066/1066/1066
f 1066/1066/1066 1083/1083/1083 1082/1082/1082
f 1081/1081/1081 1080/1080/1080 1084/1084/1084
f 1085/1085/1085 1084/1084/1084 1080/1080/1080
f 1084/1084/1084 1086/1086/1086 1081/1081/1081
f 1087/1087/1087 1085/1085/1085 1080/1080/1080
f 1080/1080/1080 1082/1082/1082 1087/1087/1087
f 1081/1081/1081 1086/1086/1086 1088/1088/1088
f 1083/1083/1083 1081/1081/1081 1088/1088/1088
f 1089/1089/1089 1087/1087/1087 1082/1082/1082
f 1088/1088/1088 1090/1090/1090 1083/1083/1083
f 1091/1091/1091 1089/1089/1089 1082/1082/1082
f 1090/1090/1090 1091/1091/1091 1083/1083/1083
f 1082/1082/1082 1083/1083/1083 1091/1091/1091
f 1094/1094/1094 1093/1093/1093 1092/1092/1092
f 1092/1092/1092 1093/1093/1093 1095/1095/1095
f 1097/1097/1097 1095/1095/1095 1096/1096/1096
f 1095/1095/1095 1097/1097/1097 1092/1092/1092
f 1092/1092/1092 1097/1097/1097 1098/1098/1098
f 1097/1097/1097 1099/1099/1099 1098/1098/1098
f 1098/1098/1098 1099/1099/1099 1100/1100/1100
f 1098/1098/1098 1101/1101/1101 1092/1092/1092
f 1101/1101/1101 1102/1102/1102 1092/1092/1092
f 1103/1103/1103 1102/1102/1102 1101/1101/1101
f 1100/1100/1100 1104/1104/1104 1098/1098/1098
f 1101/1101/1101 1105/1105/1105 1103/1103/1103
f 1105/1105/1105 1101/1101/1101 1098/1098/1098
f 1098/1098/1098 1104/1104/1104 1105/1105/1105
f 1106/1106/1106 1103/1103/1103 1105/1105/1105
f 1106/1106/1106 1105/1105/1105 1104/1104/1104
f 1104/1104/1104 1100/1100/1100 1107/1107/1107
f 1104/1104/1104 1107/1107/1107 1106/1106/1106
f 1106/1106/1106 1109/1109/1109 1108/1108/1108
f 1110/1110/1110 1109/1109/1109 1106/1106/1106
f 1106/1106/1106 1107/1107/1107 1110/1110/1110
f 1111/1111/1111 1110/1110/1110 1107/1107/1107
f 1114/1114/1114 1113/1113/1113 1112/1112/1112
f 1112/1112/1112 1115/1115/1115 1114/1114/1114
f 1116/1116/1116 1115/1115/1115 1112/1112/1112
f 1118/1118/1118 1117/1117/1117 1116/1116/1116
f 1112/1112/1112 1119/1119/1119 1116/1116/1116
f 1116/1116/1116 1119/1119/1119 1118/1118/1118
f 1120/1120/1120 1119/1119/1119 1112/1112/1112
f 1120/1120/1120 1118/1118/1118 1119/1119/1119
f 1112/1112/1112 1121/1121/1121 1120/1120/1120
f 1118/1118/1118 1120/1120/1120 1122/1122/1122
f 1123/1123/1123 1120/1120/1120 1121/1121/1121
f 1122/1122/1122 1120/1120/1120 1123/1123/1123
f 1121/1121/1121 1124/1124/1124 1123/1123/1123
f 1123/1123/1123 1125/1125/1125 1122/1122/1122
f 1123/1123/1123 1124/1124/1124 1126/1126/1126
f 1127/1127/1127 1125/1125/1125 1123/1123/1123
f 1126/1126/1126 1128/1128/1128 1123/1123/1123
f 1123/1123/1123 1129/1129/1129 1127/1127/1127
f 1128/1128/1128 1129/1129/1129 1123/1123/1123
f 1132/1132/1132 1131/1131/1131 1130/1130/1130
f 1130/1130/1130 1131/1131/1131 1133/1133/1133
f 1135/1135/1135 1133/1133/1133 1134/1134/1134
f 1133/1133/1133 1135/1135/1135 1130/1130/1130
f 1130/1130/1130 1135/1135/1135 1136/1136/1136
f 1135/1135/1135 1137/1137/1137 1136/1136/1136
f 1136/1136/1136 1137/1137/1137 1138/1138/1138
f 1138/1138/1138 1139/1139/1139 1136/1136/1136
f 1136/1136/1136 1139/1139/1139 1140/1140/1140
f 1136/1136/1136 1141/1141/1141 1130/1130/1130
f 1140/1140/1140 1141/1141/1141 1136/1136/1136
f 1141/1141/1141 1142/1142/1142 1130/1130/1130
f 1141/1141/1141 1140/1140/1140 1143/1143/1143
f 1143/1143/1143 1142/1142/1142 1141/1141/1141
f 1146/1146/1146 1145/1145/1145 1144/1144/1144
f 1144/1144/1144 1147/1147/1147 1146/1146/1146
f 1148/1148/1148 1147/1147/1147 1144/1144/1144
f 1150/1150/1150 1149/1149/1149 1148/1148/1148
f 1144/1144/1144 1151/1151/1151 1148/1148/1148
f 1148/1148/1148 1151/1151/1151 1150/1150/1150
f 1152/1152/1152 1151/1151/1151 1144/1144/1144
f 1152/1152/1152 1150/1150/1150 1151/1151/1151
f 1144/1144/1144 1153/1153/1153 1152/1152/1152
f 1150/1150/1150 1152/1152/1152 1154/1154/1154
f 1155/1155/1155 1152/1152/1152 1153/1153/1153
f 1154/1154/1154 1152/1152/1152 1155/1155/1155
f 1153/1153/1153 1156/1156/1156 1155/1155/1155
f 1155/1155/1155 1157/1157/1157 1154/1154/1154
f 1155/1155/1155 1156/1156/1156 1158/1158/1158
f 1159/1159/1159 1157/1157/1157 1155/1155/1155
f 1158/1158/1158 1160/1160/1160 1155/1155/1155
f 1155/1155/1155 1161/1161/1161 1159/1159/1159
f 1160/1160/1160 1161/1161/1161 1155/1155/1155
f 1164/1164/1164 1163/1163/1163 1162/1162/1162
f 1162/1162/1162 1163/1163/1163 1165/1165/1165
f 1167/1167/1167 1165/1165/1165 1166/1166/1166
f 1165/1165/1165 1167/1167/1167 1162/1162/1162
f 1162/1162/1162 1167/1167/1167 1168/1168/1168
f 1167/1167/1167 1169/1169/1169 1168/1168/1168
f 1168/1168/1168 1169/1169/1169 1170/1170/1170
f 1170/1170/1170 1171/1171/1171 1168/1168/1168
f 1168/1168/1168 1171/1171/1171 1172/1172/1172
f 1168/1168/1168 1173/1173/1173 1162/1162/1162
f 1172/1172/1172 1173/1173/1173 1168/1168/1168
f 1173/1173/1173 1174/1174/1174 1162/1162/1162
f 1173/1173/1173 1172/1172/1172 1175/1175/1175
f 1175/1175/1175 1174/1174/1174 1173/1173/1173
f 1178/1178/1178 1177/1177/1177 1176/1176/1176
f 1176/1176/1176 1177/1177/1177 1179/1179/1179
f 1181/1181/1181 1179/1179/1179 1180/1180/1180
f 1179/1179/1179 1181/1181/1181 1176/1176/1176
f 1176/1176/1176 1181/1181/1181 1182/1182/1182
f 1181/1181/1181 1183/1183/1183 1182/1182/1182
f 1182/1182/1182 1183/1183/1183 1184/1184/1184
f 1182/1182/1182 1185/1185/1185 1176/1176/1176
f 1185/1185/1185 1186/1186/1186 1176/1176/1176
f 1187/1187/1187 1186/1186/1186 1185/1185/1185
f 1184/1184/1184 1188/1188/1188 1182/1182/1182
f 1185/1185/1185 1189/1189/1189 1187/1187/1187
f 1189/1189/1189 1185/1185/1185 1182/1182/1182
f 1182/1182/1182 1188/1188/1188 1189/1189/1189
f 1190/1190/1190 1187/1187/1187 1189/1189/1189
f 1190/1190/1190 1189/1189/1189 1188/1188/1188
f 1188/1188/1188 1184/1184/1184 1191/1191/1191
f 1188/1188/1188 1191/1191/1191 1190/1190/1190
f 1190/1190/1190 1193/1193/1193 1192/1192/1192
f 1194/1194/1194 1193/1193/1193 1190/1190/1190
f 1190/1190/1190 1191/1191/1191 1194/1194/1194
f 1195/1195/1195 1194/1194/1194 1191/1191/1191
f 1198/1198/1198 1197/1197/1197 1196/1196/1196
f 1196/1196/1196 1199/1199/1199 1198/1198/1198
f 1199/1199/1199 1196/1196/1196 1200/1200/1200
f 1201/1201/1201 1198/1198/1198 1199/1199/1199
f 1198/1198/1198 1201/1201/1201 1202/1202/1202
f 1203/1203/1203 1202/1202/1202 1201/1201/1201
f 1201/1201/1201 1204/1204/1204 1203/1203/1203
f 1203/1203/1203 1204/1204/1204 1205/1205/1205
f 1199/1199/1199 1206/1206/1206 1201/1201/1201
f 1205/1205/1205 1204/1204/1204 1207/1207/1207
f 1207/1207/1207 1204/1204/1204 1201/1201/1201
f 1201/1201/1201 1206/1206/1206 1207/1207/1207
f 1207/1207/1207 1208/1208/1208 1205/1205/1205
f 1208/1208/1208 1207/1207/1207 1209/1209/1209
f 1206/1206/1206 1199/1199/1199 1210/1210/1210
f 1207/1207/1207 1206/1206/1206 1210/1210/1210
f 1210/1210/1210 1209/1209/1209 1207/1207/1207
f 1200/1200/1200 1210/1210/1210 1199/1199/1199
f 1209/1209/1209 1210/1210/1210 1211/1211/1211
f 1211/1211/1211 1212/1212/1212 1209/1209/1209
f 1200/1200/1200 1213/1213/1213 1210/1210/1210
f 1213/1213/1213 1211/1211/1211 1210/1210/1210
f 1213/1213/1213 1200/1200/1200 1214/1214/1214
f 1213/1213/1213 1214/1214/1214 1215/1215/1215
f 1213/1213/1213 1215/1215/1215 1216/1216/1216
f 1216/1216/1216 1217/1217/1217 1213/1213/1213
f 1213/1213/1213 1218/1218/1218 1211/1211/1211
f 1218/1218/1218 1213/1213/1213 1217/1217/1217
f 1212/1212/1212 1211/1211/1211 1218/1218/1218
f 1217/1217/1217 1219/1219/1219 1218/1218/1218
f 1220/1220/1220 1219/1219/1219 1217/1217/1217
f 1218/1218/1218 1221/1221/1221 1212/1212/1212
f 1221/1221/1221 1218/1218/1218 1219/1219/1219
f 1221/1221/1221 1222/1222/1222 1212/1212/1212
f 1223/1223/1223 1219/1219/1219 1220/1220/1220
f 1219/1219/1219 1223/1223/1223 1221/1221/1221
f 1222/1222/1222 1221/1221/1221 1223/1223/1223
f 1220/1220/1220 1224/1224/1224 1223/1223/1223
f 1223/1223/1223 1225/1225/1225 1222/1222/1222
f 1225/1225/1225 1223/1223/1223 1224/1224/1224
f 1228/1228/1228 1227/1227/1227 1226/1226/1226
f 1226/1226/1226 1229/1229/1229 1228/1228/1228
f 1229/1229/1229 1226/1226/1226 1230/1230/1230
f 1231/1231/1231 1228/1228/1228 1229/1229/1229
f 1228/1228/1228 1231/1231/1231 1232/1232/1232
f 1233/1233/1233 1232/1232/1232 1231/1231/1231
f 1231/1231/1231 1234/1234/1234 1233/1233/1233
f 1235/1235/1235 1233/1233/1233 1234/1234/1234
f 1229/1229/1229 1236/1236/1236 1231/1231/1231
f 1235/1235/1235 1234/1234/1234 1237/1237/1237
f 1237/1237/1237 1234/1234/1234 1231/1231/1231
f 1231/1231/1231 1236/1236/1236 1237/1237/1237
f 1237/1237/1237 1238/1238/1238 1235/1235/1235
f 1236/1236/1236 1229/1229/1229 1239/1239/1239
f 1237/1237/1237 1236/1236/1236 1239/1239/1239
f 1230/1230/1230 1239/1239/1239 1229/1229/1229
f 1239/1239/1239 1240/1240/1240 1237/1237/1237
f 1238/1238/1238 1237/1237/1237 1240/1240/1240
f 1230/1230/1230 1241/1241/1241 1239/1239/1239
f 1241/1241/1241 1230/1230/1230 1242/1242/1242
f 1241/1241/1241 1242/1242/1242 1243/1243/1243
f 1241/1241/1241 1243/1243/1243 1244/1244/1244
f 1244/1244/1244 1245/1245/1245 1241/1241/1241
f 1240/1240/1240 1239/1239/1239 1246/1246/1246
f 1241/1241/1241 1246/1246/1246 1239/1239/1239
f 1246/1246/1246 1247/1247/1247 1240/1240/1240
f 1238/1238/1238 1240/1240/1240 1247/1247/1247
f 1241/1241/1241 1248/1248/1248 1246/1246/1246
f 1247/1247/1247 1246/1246/1246 1248/1248/1248
f 1248/1248/1248 1241/1241/1241 1245/1245/1245
f 1247/1247/1247 1249/1249/1249 1238/1238/1238
f 1248/1248/1248 1249/1249/1249 1247/1247/1247
f 1238/1238/1238 1249/1249/1249 1250/1250/1250
f 1250/1250/1250 1249/1249/1249 1248/1248/1248
f 1250/1250/1250 1251/1251/1251 1238/1238/1238
f 1250/1250/1250 1252/1252/1252 1251/1251/1251
f 1253/1253/1253 1252/1252/1252 1250/1250/1250
f 1245/1245/1245 1254/1254/1254 1248/1248/1248
f 1248/1248/1248 1254/1254/1254 1250/1250/1250
f 1253/1253/1253 1254/1254/1254 1245/1245/1245
f 1250/1250/1250 1254/1254/1254 1253/1253/1253
f 1257/1257/1257 1256/1256/1256 1255/1255/1255
f 1256/1256/1256 1257/1257/1257 1258/1258/1258
f 1258/1258/1258 1259/1259/1259 1256/1256/1256
f 1259/1259/1259 1258/1258/1258 1260/1260/1260
f 1260/1260/1260 1261/1261/1261 1259/1259/1259
f 1261/1261/1261 1260/1260/1260 1262/1262/1262
f 1263/1263/1263 1262/1262/1262 1260/1260/1260
f 1264/1264/1264 1258/1258/1258 1257/1257/1257
f 1260/1260/1260 1258/1258/1258 1264/1264/1264
f 1260/1260/1260 1265/1265/1265 1263/1263/1263
f 1264/1264/1264 1265/1265/1265 1260/1260/1260
f 1265/1265/1265 1266/1266/1266 1263/1263/1263
f 1267/1267/1267 1266/1266/1266 1265/1265/1265
f 1265/1265/1265 1264/1264/1264 1267/1267/1267
f 1268/1268/1268 1267/1267/1267 1264/1264/1264
f 1257/1257/1257 1269/1269/1269 1264/1264/1264
f 1264/1264/1264 1269/1269/1269 1268/1268/1268
f 1270/1270/1270 1268/1268/1268 1269/1269/1269
f 1269/1269/1269 1257/1257/1257 1271/1271/1271
f 1272/1272/1272 1269/1269/1269 1271/1271/1271
f 1271/1271/1271 1273/1273/1273 1272/1272/1272
f 1272/1272/1272 1273/1273/1273 1274/1274/1274
f 1273/1273/1273 1275/1275/1275 1274/1274/1274
f 1275/1275/1275 1273/1273/1273 1276/1276/1276
f 1274/1274/1274 1277/1277/1277 1272/1272/1272
f 1275/1275/1275 1276/1276/1276 1278/1278/1278
f 1278/1278/1278 1276/1276/1276 1279/1279/1279
f 1279/1279/1279 1280/1280/1280 1278/1278/1278
f 1274/1274/1274 1275/1275/1275 1281/1281/1281
f 1278/1278/1278 1281/1281/1281 1275/1275/1275
f 1278/1278/1278 1280/1280/1280 1282/1282/1282
f 1282/1282/1282 1280/1280/1280 1283/1283/1283
f 1283/1283/1283 1284/1284/1284 1282/1282/1282
f 1285/1285/1285 1281/1281/1281 1278/1278/1278
f 1278/1278/1278 1282/1282/1282 1285/1285/1285
f 1282/1282/1282 1284/1284/1284 1286/1286/1286
f 1286/1286/1286 1285/1285/1285 1282/1282/1282
f 1284/1284/1284 1287/1287/1287 1286/1286/1286
f 1288/1288/1288 1281/1281/1281 1285/1285/1285
f 1281/1281/1281 1288/1288/1288 1274/1274/1274
f 1277/1277/1277 1274/1274/1274 1288/1288/1288
f 1289/1289/1289 1285/1285/1285 1286/1286/1286
f 1285/1285/1285 1289/1289/1289 1288/1288/1288
f 1290/1290/1290 1286/1286/1286 1287/1287/1287
f 1286/1286/1286 1290/1290/1290 1289/1289/1289
f 1291/1291/1291 1290/1290/1290 1287/1287/1287
f 1287/1287/1287 1292/1292/1292 1291/1291/1291
f 1293/1293/1293 1289/1289/1289 1290/1290/1290
f 1294/1294/1294 1290/1290/1290 1291/1291/1291
f 1290/1290/1290 1294/1294/1294 1293/1293/1293
f 1295/1295/1295 1291/1291/1291 1292/1292/1292
f 1296/1296/1296 1293/1293/1293 1294/1294/1294
f 1294/1294/1294 1297/1297/1297 1296/1296/1296
f 1293/1293/1293 1296/1296/1296 1298/1298/1298
f 1294/1294/1294 1299/1299/1299 1297/1297/1297
f 1300/1300/1300 1293/1293/1293 1298/1298/1298
f 1289/1289/1289 1293/1293/1293 1300/1300/1300
f 1298/1298/1298 1301/1301/1301 1300/1300/1300
f 1301/1301/1301 1302/1302/1302 1300/1300/1300
f 1299/1299/1299 1294/1294/1294 1303/1303/1303
f 1291/1291/1291 1303/1303/1303 1294/1294/1294
f 1303/1303/1303 1304/1304/1304 1299/1299/1299
f 1291/1291/1291 1295/1295/1295 1303/1303/1303
f 1305/1305/1305 1304/1304/1304 1303/1303/1303
f 1302/1302/1302 1305/1305/1305 1303/1303/1303
f 1303/1303/1303 1300/1300/1300 1302/1302/1302
f 1300/1300/1300 1303/1303/1303 1295/1295/1295
f 1300/1300/1300 1306/1306/1306 1289/1289/1289
f 1295/1295/1295 1306/1306/1306 1300/1300/1300
f 1288/1288/1288 1289/1289/1289 1306/1306/1306
f 1292/1292/1292 1307/1307/1307 1295/1295/1295
f 1306/1306/1306 1295/1295/1295 1307/1307/1307
f 1307/1307/1307 1292/1292/1292 1308/1308/1308
f 1306/1306/1306 1309/1309/1309 1288/1288/1288
f 1288/1288/1288 1309/1309/1309 1277/1277/1277
f 1307/1307/1307 1310/1310/1310 1306/1306/1306
f 1309/1309/1309 1306/1306/1306 1310/1310/1310
f 1307/1307/1307 1308/1308/1308 1311/1311/1311
f 1311/1311/1311 1310/1310/1310 1307/1307/1307
f 1311/1311/1311 1308/1308/1308 1312/1312/1312
f 1312/1312/1312 1313/1313/1313 1311/1311/1311
f 1310/1310/1310 1314/1314/1314 1309/1309/1309
f 1277/1277/1277 1309/1309/1309 1314/1314/1314
f 1310/1310/1310 1311/1311/1311 1315/1315/1315
f 1313/1313/1313 1315/1315/1315 1311/1311/1311
f 1315/1315/1315 1314/1314/1314 1310/1310/1310
f 1315/1315/1315 1313/1313/1313 1316/1316/1316
f 1316/1316/1316 1317/1317/1317 1315/1315/1315
f 1314/1314/1314 1318/1318/1318 1277/1277/1277
f 1318/1318/1318 1314/1314/1314 1315/1315/1315
f 1315/1315/1315 1317/1317/1317 1318/1318/1318
f 1318/1318/1318 1272/1272/1272 1277/1277/1277
f 1317/1317/1317 1272/1272/1272 1318/1318/1318
f 1321/1321/1321 1320/1320/1320 1319/1319/1319
f 1320/1320/1320 1321/1321/1321 1322/1322/1322
f 1322/1322/1322 1323/1323/1323 1320/1320/1320
f 1323/1323/1323 1322/1322/1322 1324/1324/1324
f 1324/1324/1324 1325/1325/1325 1323/1323/1323
f 1325/1325/1325 1324/1324/1324 1326/1326/1326
f 1327/1327/1327 1326/1326/1326 1324/1324/1324
f 1328/1328/1328 1322/1322/1322 1321/1321/1321
f 1324/1324/1324 1322/1322/1322 1328/1328/1328
f 1324/1324/1324 1329/1329/1329 1327/1327/1327
f 1328/1328/1328 1329/1329/1329 1324/1324/1324
f 1329/1329/1329 1330/1330/1330 1327/1327/1327
f 1331/1331/1331 1330/1330/1330 1329/1329/1329
f 1329/1329/1329 1328/1328/1328 1331/1331/1331
f 1332/1332/1332 1331/1331/1331 1328/1328/1328
f 1321/1321/1321 1333/1333/1333 1328/1328/1328
f 1328/1328/1328 1333/1333/1333 1332/1332/1332
f 1334/1334/1334 1332/1332/1332 1333/1333/1333
f 1333/1333/1333 1321/1321/1321 1335/1335/1335
f 1336/1336/1336 1333/1333/1333 1335/1335/1335
f 1335/1335/1335 1337/1337/1337 1336/1336/1336
f 1336/1336/1336 1337/1337/1337 1338/1338/1338
f 1337/1337/1337 1339/1339/1339 1338/1338/1338
f 1339/1339/1339 1337/1337/1337 1340/1340/1340
f 1338/1338/1338 1341/1341/1341 1336/1336/1336
f 1339/1339/1339 1340/1340/1340 1342/1342/1342
f 1342/1342/1342 1340/1340/1340 1343/1343/1343
f 1343/1343/1343 1344/1344/1344 1342/1342/1342
f 1338/1338/1338 1339/1339/1339 1345/1345/1345
f 1342/1342/1342 1345/1345/1345 1339/1339/1339
f 1342/1342/1342 1344/1344/1344 1346/1346/1346
f 1346/1346/1346 1344/1344/1344 1347/1347/1347
f 1347/1347/1347 1348/1348/1348 1346/1346/1346
f 1349/1349/1349 1345/1345/1345 1342/1342/1342
f 1342/1342/1342 1346/1346/1346 1349/1349/1349
f 1346/1346/1346 1348/1348/1348 1350/1350/1350
f 1350/1350/1350 1349/1349/1349 1346/1346/1346
f 1348/1348/1348 1351/1351/1351 1350/1350/1350
f 1352/1352/1352 1345/1345/1345 1349/1349/1349
f 1345/1345/1345 1352/1352/1352 1338/1338/1338
f 1341/1341/1341 1338/1338/1338 1352/1352/1352
f 1353/1353/1353 1349/1349/1349 1350/1350/1350
f 1349/1349/1349 1353/1353/1353 1352/1352/1352
f 1354/1354/1354 1350/1350/1350 1351/1351/1351
f 1350/1350/1350 1354/1354/1354 1353/1353/1353
f 1355/1355/1355 1354/1354/1354 1351/1351/1351
f 1351/1351/1351 1356/1356/1356 1355/1355/1355
f 1357/1357/1357 1353/1353/1353 1354/1354/1354
f 1358/1358/1358 1354/1354/1354 1355/1355/1355
f 1354/1354/1354 1358/1358/1358 1357/1357/1357
f 1359/1359/1359 1355/1355/1355 1356/1356/1356
f 1360/1360/1360 1357/1357/1357 1358/1358/1358
f 1358/1358/1358 1361/1361/1361 1360/1360/1360
f 1357/1357/1357 1360/1360/1360 1362/1362/1362
f 1358/1358/1358 1363/1363/1363 1361/1361/1361
f 1364/1364/1364 1357/1357/1357 1362/1362/1362
f 1353/1353/1353 1357/1357/1357 1364/1364/1364
f 1362/1362/1362 1365/1365/1365 1364/1364/1364
f 1365/1365/1365 1366/1366/1366 1364/1364/1364
f 1363/1363/1363 1358/1358/1358 1367/1367/1367
f 1355/1355/1355 1367/1367/1367 1358/1358/1358
f 1367/1367/1367 1368/1368/1368 1363/1363/1363
f 1355/1355/1355 1359/1359/1359 1367/1367/1367
f 1369/1369/1369 1368/1368/1368 1367/1367/1367
f 1366/1366/1366 1369/1369/1369 1367/1367/1367
f 1367/1367/1367 1364/1364/1364 1366/1366/1366
f 1364/1364/1364 1367/1367/1367 1359/1359/1359
f 1364/1364/1364 1370/1370/1370 1353/1353/1353
f 1359/1359/1359 1370/1370/1370 1364/1364/1364
f 1352/1352/1352 1353/1353/1353 1370/1370/1370
f 1356/1356/1356 1371/1371/1371 1359/1359/1359
f 1370/1370/1370 1359/1359/1359 1371/1371/1371
f 1371/1371/1371 1356/1356/1356 1372/1372/1372
f 1370/1370/1370 1373/1373/1373 1352/1352/1352
f 1352/1352/1352 1373/1373/1373 1341/1341/1341
f 1371/1371/1371 1374/1374/1374 1370/1370/1370
f 1373/1373/1373 1370/1370/1370 1374/1374/1374
f 1371/1371/1371 1372/1372/1372 1375/1375/1375
f 1375/1375/1375 1374/1374/1374 1371/1371/1371
f 1375/1375/1375 1372/1372/1372 1376/1376/1376
f 1376/1376/1376 1377/1377/1377 1375/1375/1375
f 1374/1374/1374 1378/1378/1378 1373/1373/1373
f 1341/1341/1341 1373/1373/1373 1378/1378/1378
f 1374/1374/1374 1375/1375/1375 1379/1379/1379
f 1377/1377/1377 1379/1379/1379 1375/1375/1375
f 1379/1379/1379 1378/1378/1378 1374/1374/1374
f 1379/1379/1379 1377/1377/1377 1380/1380/1380
f 1380/1380/1380 1381/1381/1381 1379/1379/1379
f 1378/1378/1378 1382/1382/1382 1341/1341/1341
f 1382/1382/1382 1378/1378/1378 1379/1379/1379
f 1379/1379/1379 1381/1381/1381 1382/1382/1382
f 1382/1382/1382 1336/1336/1336 1341/1341/1341
f 1381/1381/1381 1336/1336/1336 1382/1382/1382
f 1385/1385/1385 1384/1384/1384 1383/1383/1383
f 1383/1383/1383 1386/1386/1386 1385/1385/1385
f 1387/1387/1387 1386/1386/1386 1383/1383/1383
f 1383/1383/1383 1388/1388/1388 1387/1387/1387
f 1389/1389/1389 1387/1387/1387 1388/1388/1388
f 1390/1390/1390 1385/1385/1385 1386/1386/1386
f 1390/1390/1390 1386/1386/1386 1387/1387/1387
f 1385/1385/1385 1390/1390/1390 1391/1391/1391
f 1387/1387/1387 1389/1389/1389 1392/1392/1392
f 1387/1387/1387 1392/1392/1392 1390/1390/1390
f 1393/1393/1393 1392/1392/1392 1389/1389/1389
f 1391/1391/1391 1390/1390/1390 1394/1394/1394
f 1394/1394/1394 1395/1395/1395 1391/1391/1391
f 1396/1396/1396 1395/1395/1395 1394/1394/1394
f 1394/1394/1394 1397/1397/1397 1396/1396/1396
f 1398/1398/1398 1397/1397/1397 1394/1394/1394
f 1399/1399/1399 1398/1398/1398 1394/1394/1394
f 1400/1400/1400 1394/1394/1394 1390/1390/1390
f 1394/1394/1394 1400/1400/1400 1399/1399/1399
f 1390/1390/1390 1392/1392/1392 1400/1400/1400
f 1400/1400/1400 1392/1392/1392 1393/1393/1393
f 1400/1400/1400 1401/1401/1401 1399/1399/1399
f 1393/1393/1393 1402/1402/1402 1400/1400/1400
f 1403/1403/1403 1401/1401/1401 1400/1400/1400
f 1400/1400/1400 1402/1402/1402 1403/1403/1403
f 1406/1406/1406 1405/1405/1405 1404/1404/1404
f 1404/1404/1404 1407/1407/1407 1406/1406/1406
f 1408/1408/1408 1405/1405/1405 1406/1406/1406
f 1409/1409/1409 1406/1406/1406 1407/1407/1407
f 1407/1407/1407 1410/1410/1410 1409/1409/1409
f 1409/1409/1409 1410/1410/1410 1411/1411/1411
f 1411/1411/1411 1412/1412/1412 1409/1409/1409
f 1406/1406/1406 1413/1413/1413 1408/1408/1408
f 1409/1409/1409 1413/1413/1413 1406/1406/1406
f 1414/1414/1414 1408/1408/1408 1413/1413/1413
f 1415/1415/1415 1409/1409/1409 1412/1412/1412
f 1413/1413/1413 1409/1409/1409 1415/1415/1415
f 1412/1412/1412 1416/1416/1416 1415/1415/1415
f 1413/1413/1413 1417/1417/1417 1414/1414/1414
f 1415/1415/1415 1417/1417/1417 1413/1413/1413
f 1418/1418/1418 1414/1414/1414 1417/1417/1417
f 1419/1419/1419 1415/1415/1415 1416/1416/1416
f 1416/1416/1416 1420/1420/1420 1419/1419/1419
f 1421/1421/1421 1417/1417/1417 1415/1415/1415
f 1417/1417/1417 1421/1421/1421 1418/1418/1418
f 1415/1415/1415 1419/1419/1419 1421/1421/1421
f 1422/1422/1422 1418/1418/1418 1421/1421/1421
f 1423/1423/1423 1419/1419/1419 1420/1420/1420
f 1421/1421/1421 1419/1419/1419 1423/1423/1423
f 1420/1420/1420 1424/1424/1424 1423/1423/1423
f 1423/1423/1423 1424/1424/1424 1425/1425/1425
f 1425/1425/1425 1426/1426/1426 1423/1423/1423
f 1423/1423/1423 1426/1426/1426 1427/1427/1427
f 1423/1423/1423 1428/1428/1428 1421/1421/1421
f 1421/1421/1421 1428/1428/1428 1422/1422/1422
f 1427/1427/1427 1429/1429/1429 1423/1423/1423
f 1428/1428/1428 1423/1423/1423 1429/1429/1429
f 1422/1422/1422 1428/1428/1428 1429/1429/1429
f 1429/1429/1429 1427/1427/1427 1430/1430/1430
f 1429/1429/1429 1431/1431/1431 1422/1422/1422
f 1430/1430/1430 1431/1431/1431 1429/1429/1429
f 1434/1434/1434 1433/1433/1433 1432/1432/1432
f 1432/1432/1432 1435/1435/1435 1434/1434/1434
f 1436/1436/1436 1433/1433/1433 1434/1434/1434
f 1437/1437/1437 1434/1434/1434 1435/1435/1435
f 1435/1435/1435 1438/1438/1438 1437/1437/1437
f 1437/1437/1437 1438/1438/1438 1439/1439/1439
f 1439/1439/1439 1440/1440/1440 1437/1437/1437
f 1437/1437/1437 1440/1440/1440 1441/1441/1441
f 1434/1434/1434 1442/1442/1442 1436/1436/1436
f 1437/1437/1437 1442/1442/1442 1434/1434/1434
f 1436/1436/1436 1442/1442/1442 1443/1443/1443
f 1443/1443/1443 1442/1442/1442 1437/1437/1437
f 1443/1443/1443 1444/1444/1444 1436/1436/1436
f 1441/1441/1441 1445/1445/1445 1437/1437/1437
f 1437/1437/1437 1445/1445/1445 1443/1443/1443
f 1445/1445/1445 1441/1441/1441 1446/1446/1446
f 1444/1444/1444 1443/1443/1443 1447/1447/1447
f 1447/1447/1447 1443/1443/1443 1445/1445/1445
f 1447/1447/1447 1448/1448/1448 1444/1444/1444
f 1446/1446/1446 1449/1449/1449 1445/1445/1445
f 1445/1445/1445 1449/1449/1449 1447/1447/1447
f 1449/1449/1449 1446/1446/1446 1450/1450/1450
f 1448/1448/1448 1447/1447/1447 1451/1451/1451
f 1451/1451/1451 1447/1447/1447 1449/1449/1449
f 1451/1451/1451 1452/1452/1452 1448/1448/1448
f 1450/1450/1450 1453/1453/1453 1449/1449/1449
f 1449/1449/1449 1453/1453/1453 1451/1451/1451
f 1453/1453/1453 1450/1450/1450 1454/1454/1454
f 1454/1454/1454 1455/1455/1455 1453/1453/1453
f 1453/1453/1453 1455/1455/1455 1456/1456/1456
f 1452/1452/1452 1451/1451/1451 1457/1457/1457
f 1451/1451/1451 1453/1453/1453 1457/1457/1457
f 1456/1456/1456 1457/1457/1457 1453/1453/1453
f 1457/1457/1457 1458/1458/1458 1452/1452/1452
f 1457/1457/1457 1456/1456/1456 1459/1459/1459
f 1459/1459/1459 1458/1458/1458 1457/1457/1457
f 1462/1462/1462 1461/1461/1461 1460/1460/1460
f 1460/1460/1460 1463/1463/1463 1462/1462/1462
f 1464/1464/1464 1461/1461/1461 1462/1462/1462
f 1465/1465/1465 1462/1462/1462 1463/1463/1463
f 1463/1463/1463 1466/1466/1466 1465/1465/1465
f 1465/1465/1465 1466/1466/1466 1467/1467/1467
f 1467/1467/1467 1468/1468/1468 1465/1465/1465
f 1465/1465/1465 1468/1468/1468 1469/1469/1469
f 1462/1462/1462 1470/1470/1470 1464/1464/1464
f 1465/1465/1465 1470/1470/1470 1462/1462/1462
f 1464/1464/1464 1470/1470/1470 1471/1471/1471
f 1471/1471/1471 1470/1470/1470 1465/1465/1465
f 1471/1471/1471 1472/1472/1472 1464/1464/1464
f 1469/1469/1469 1473/1473/1473 1465/1465/1465
f 1465/1465/1465 1473/1473/1473 1471/1471/1471
f 1473/1473/1473 1469/1469/1469 1474/1474/1474
f 1472/1472/1472 1471/1471/1471 1475/1475/1475
f 1475/1475/1475 1471/1471/1471 1473/1473/1473
f 1475/1475/1475 1476/1476/1476 1472/1472/1472
f 1474/1474/1474 1477/1477/1477 1473/1473/1473
f 1473/1473/1473 1477/1477/1477 1475/1475/1475
f 1477/1477/1477 1474/1474/1474 1478/1478/1478
f 1476/1476/1476 1475/1475/1475 1479/1479/1479
f 1479/1479/1479 1475/1475/1475 1477/1477/1477
f 1479/1479/1479 1480/1480/1480 1476/1476/1476
f 1478/1478/1478 1481/1481/1481 1477/1477/1477
f 1477/1477/1477 1481/1481/1481 1479/1479/1479
f 1481/1481/1481 1478/1478/1478 1482/1482/1482
f 1482/1482/1482 1483/1483/1483 1481/1481/1481
f 1481/1481/1481 1483/1483/1483 1484/1484/1484
f 1480/1480/1480 1479/1479/1479 1485/1485/1485
f 1479/1479/1479 1481/1481/1481 1485/1485/1485
f 1484/1484/1484 1485/1485/1485 1481/1481/1481
f 1485/1485/1485 1486/1486/1486 1480/1480/1480
f 1485/1485/1485 1484/1484/1484 1487/1487/1487
f 1487/1487/1487 1486/1486/1486 1485/1485/1485
f 1490/1490/1490 1489/1489/1489 1488/1488/1488
f 1488/1488/1488 1491/1491/1491 1490/1490/1490
f 1492/1492/1492 1489/1489/1489 1490/1490/1490
f 1493/1493/1493 1490/1490/1490 1491/1491/1491
f 1491/1491/1491 1494/1494/1494 1493/1493/1493
f 1493/1493/1493 1494/1494/1494 1495/1495/1495
f 1495/1495/1495 1496/1496/1496 1493/1493/1493
f 1493/1493/1493 1496/1496/1496 1497/1497/1497
f 1490/1490/1490 1498/1498/1498 1492/1492/1492
f 1493/1493/1493 1498/1498/1498 1490/1490/1490
f 1492/1492/1492 1498/1498/1498 1499/1499/1499
f 1499/1499/1499 1498/1498/1498 1493/1493/1493
f 1499/1499/1499 1500/1500/1500 1492/1492/1492
f 1497/1497/1497 1501/1501/1501 1493/1493/1493
f 1493/1493/1493 1501/1501/1501 1499/1499/1499
f 1501/1501/1501 1497/1497/1497 1502/1502/1502
f 1500/1500/1500 1499/1499/1499 1503/1503/1503
f 1503/1503/1503 1499/1499/1499 1501/1501/1501
f 1503/1503/1503 1504/1504/1504 1500/1500/1500
f 1502/1502/1502 1505/1505/1505 1501/1501/1501
f 1501/1501/1501 1505/1505/1505 1503/1503/1503
f 1505/1505/1505 1502/1502/1502 1506/1506/1506
f 1504/1504/1504 1503/1503/1503 1507/1507/1507
f 1507/1507/1507 1503/1503/1503 1505/1505/1505
f 1507/1507/1507 1508/1508/1508 1504/1504/1504
f 1506/1506/1506 1509/1509/1509 1505/1505/1505
f 1505/1505/1505 1509/1509/1509 1507/1507/1507
f 1509/1509/1509 1506/1506/1506 1510/1510/1510
f 1510/1510/1510 1511/1511/1511 1509/1509/1509
f 1509/1509/1509 1511/1511/1511 1512/1512/1512
f 1508/1508/1508 1507/1507/1507 1513/1513/1513
f 1507/1507/1507 1509/1509/1509 1513/1513/1513
f 1512/1512/1512 1513/1513/1513 1509/1509/1509
f 1513/1513/1513 1514/1514/1514 1508/1508/1508
f 1513/1513/1513 1512/1512/1512 1515/1515/1515
f 1515/1515/1515 1514/1514/1514 1513/1513/1513
f 1518/1518/1518 1517/1517/1517 1516/1516/1516
f 1519/1519/1519 1517/1517/1517 1518/1518/1518
f 1518/1518/1518 1516/1516/1516 1520/1520/1520
f 1518/1518/1518 1521/1521/1521 1519/1519/1519
f 1519/1519/1519 1521/1521/1521 1522/1522/1522
f 1522/1522/1522 1521/1521/1521 1523/1523/1523
f 1523/1523/1523 1521/1521/1521 1518/1518/1518
f 1523/1523/1523 1524/1524/1524 1522/1522/1522
f 1524/1524/1524 1523/1523/1523 1525/1525/1525
f 1518/1518/1518 1526/1526/1526 1523/1523/1523
f 1520/1520/1520 1526/1526/1526 1518/1518/1518
f 1523/1523/1523 1526/1526/1526 1527/1527/1527
f 1527/1527/1527 1525/1525/1525 1523/1523/1523
f 1527/1527/1527 1526/1526/1526 1520/1520/1520
f 1525/1525/1525 1527/1527/1527 1528/1528/1528
f 1520/1520/1520 1528/1528/1528 1527/1527/1527
f 1528/1528/1528 1529/1529/1529 1525/1525/1525
f 1520/1520/1520 1530/1530/1530 1528/1528/1528
f 1529/1529/1529 1528/1528/1528 1530/1530/1530
f 1530/1530/1530 1520/1520/1520 1531/1531/1531
f 1530/1530/1530 1532/1532/1532 1529/1529/1529
f 1532/1532/1532 1533/1533/1533 1529/1529/1529
f 1531/1531/1531 1534/1534/1534 1530/1530/1530
f 1531/1531/1531 1535/1535/1535 1534/1534/1534
f 1536/1536/1536 1532/1532/1532 1530/1530/1530
f 1530/1530/1530 1534/1534/1534 1536/1536/1536
f 1533/1533/1533 1532/1532/1532 1536/1536/1536
f 1536/1536/1536 1534/1534/1534 1535/1535/1535
f 1536/1536/1536 1537/1537/1537 1533/1533/1533
f 1535/1535/1535 1538/1538/1538 1536/1536/1536
f 1537/1537/1537 1536/1536/1536 1538/1538/1538
f 1541/1541/1541 1540/1540/1540 1539/1539/1539
f 1539/1539/1539 1542/1542/1542 1541/1541/1541
f 1540/1540/1540 1541/1541/1541 1543/1543/1543
f 1543/1543/1543 1541/1541/1541 1542/1542/1542
f 1544/1544/1544 1540/1540/1540 1543/1543/1543
f 1543/1543/1543 1542/1542/1542 1545/1545/1545
f 1543/1543/1543 1546/1546/1546 1544/1544/1544
f 1545/1545/1545 1546/1546/1546 1543/1543/1543
f 1546/1546/1546 1547/1547/1547 1544/1544/1544
f 1545/1545/1545 1547/1547/1547 1546/1546/1546
f 1548/1548/1548 1544/1544/1544 1547/1547/1547
f 1547/1547/1547 1545/1545/1545 1548/1548/1548
f 1551/1551/1551 1550/1550/1550 1549/1549/1549
f 1549/1549/1549 1552/1552/1552 1551/1551/1551
f 1550/1550/1550 1551/1551/1551 1553/1553/1553
f 1553/1553/1553 1551/1551/1551 1552/1552/1552
f 1554/1554/1554 1550/1550/1550 1553/1553/1553
f 1553/1553/1553 1552/1552/1552 1555/1555/1555
f 1553/1553/1553 1556/1556/1556 1554/1554/1554
f 1555/1555/1555 1556/1556/1556 1553/1553/1553
f 1556/1556/1556 1557/1557/1557 1554/1554/1554
f 1555/1555/1555 1557/1557/1557 1556/1556/1556
f 1558/1558/1558 1554/1554/1554 1557/1557/1557
f 1557/1557/1557 1555/1555/1555 1558/1558/1558
f 1561/1561/1561 1560/1560/1560 1559/1559/1559
f 1559/1559/1559 1562/1562/1562 1561/1561/1561
f 1560/1560/1560 1561/1561/1561 1563/1563/1563
f 1563/1563/1563 1561/1561/1561 1562/1562/1562
f 1564/1564/1564 1560/1560/1560 1563/1563/1563
f 1563/1563/1563 1562/1562/1562 1565/1565/1565
f 1563/1563/1563 1566/1566/1566 1564/1564/1564
f 1565/1565/1565 1566/1566/1566 1563/1563/1563
f 1566/1566/1566 1567/1567/1567 1564/1564/1564
f 1565/1565/1565 1567/1567/1567 1566/1566/1566
f 1568/1568/1568 1564/1564/1564 1567/1567/1567
f 1567/1567/1567 1565/1565/1565 1568/1568/1568
f 1571/1571/1571 1570/1570/1570 1569/1569/1569
f 1569/1569/1569 1572/1572/1572 1571/1571/1571
f 1570/1570/1570 1571/1571/1571 1573/1573/1573
f 1573/1573/1573 1571/1571/1571 1572/1572/1572
f 1574/1574/1574 1570/1570/1570 1573/1573/1573
f 1573/1573/1573 1572/1572/1572 1575/1575/1575
f 1573/1573/1573 1576/1576/1576 1574/1574/1574
f 1575/1575/1575 1576/1576/1576 1573/1573/1573
f 1576/1576/1576 1577/1577/1577 1574/1574/1574
f 1575/1575/1575 1577/1577/1577 1576/1576/1576
f 1578/1578/1578 1574/1574/1574 1577/1577/1577
f 1577/1577/1577 1575/1575/1575 1578/1578/1578
f 1581/1581/1581 1580/1580/1580 1579/1579/1579
f 1579/1579/1579 1582/1582/1582 1581/1581/1581
f 1580/1580/1580 1581/1581/1581 1583/1583/1583
f 1583/1583/1583 1581/1581/1581 1582/1582/1582
f 1584/1584/1584 1580/1580/1580 1583/1583/1583
f 1583/1583/1583 1582/1582/1582 1585/1585/1585
f 1583/1583/1583 1586/1586/1586 1584/1584/1584
f 1585/1585/1585 1586/1586/1586 1583/1583/1583
f 1586/1586/1586 1587/1587/1587 1584/1584/1584
f 1585/1585/1585 1587/1587/1587 1586/1586/1586
f 1588/1588/1588 1584/1584/1584 1587/1587/1587
f 1587/1587/1587 1585/1585/1585 1588/1588/1588
f 1591/1591/1591 1590/1590/1590 1589/1589/1589
f 1589/1589/1589 1592/1592/1592 1591/1591/1591
f 1590/1590/1590 1591/1591/1591 1593/1593/1593
f 1593/1593/1593 1591/1591/1591 1592/1592/1592
f 1594/1594/1594 1590/1590/1590 1593/1593/1593
f 1593/1593/1593 1592/1592/1592 1595/1595/1595
f 1593/1593/1593 1596/1596/1596 1594/1594/1594
f 1595/1595/1595 1596/1596/1596 1593/1593/1593
f 1596/1596/1596 1597/1597/1597 1594/1594/1594
f 1595/1595/1595 1597/1597/1597 1596/1596/1596
f 1598/1598/1598 1594/1594/1594 1597/1597/1597
f 1597/1597/1597 1595/1595/1595 1598/1598/1598
f 1601/1601/1601 1600/1600/1600 1599/1599/1599
f 1599/1599/1599 1602/1602/1602 1601/1601/1601
f 1600/1600/1600 1601/1601/1601 1603/1603/1603
f 1603/1603/1603 1601/1601/1601 1602/1602/1602
f 1604/1604/1604 1600/1600/1600 1603/1603/1603
f 1603/1603/1603 1602/1602/1602 1605/1605/1605
f 1603/1603/1603 1606/1606/1606 1604/1604/1604
f 1605/1605/1605 1606/1606/1606 1603/1603/1603
f 1606/1606/1606 1607/1607/1607 1604/1604/1604
f 1605/1605/1605 1607/1607/1607 1606/1606/1606
f 1608/1608/1608 1604/1604/1604 1607/1607/1607
f 1607/1607/1607 1605/1605/1605 1608/1608/1608
f 1611/1611/1611 1610/1610/1610 1609/1609/1609
f 1609/1609/1609 1612/1612/1612 1611/1611/1611
f 1610/1610/1610 1611/1611/1611 1613/1613/1613
f 1613/1613/1613 1611/1611/1611 1612/1612/1612
f 1614/1614/1614 1610/1610/1610 1613/1613/1613
f 1613/1613/1613 1612/1612/1612 1615/1615/1615
f 1613/1613/1613 1616/1616/1616 1614/1614/1614
f 1615/1615/1615 1616/1616/1616 1613/1613/1613
f 1616/1616/1616 1617/1617/1617 1614/1614/1614
f 1615/1615/1615 1617/1617/1617 1616/1616/1616
f 1618/1618/1618 1614/1614/1614 1617/1617/1617
f 1617/1617/1617 1615/1615/1615 1618/1618/1618
f 1621/1621/1621 1620/1620/1620 1619/1619/1619
f 1619/1619/1619 1622/1622/1622 1621/1621/1621
f 1620/1620/1620 1621/1621/1621 1623/1623/1623
f 1623/1623/1623 1621/1621/1621 1622/1622/1622
f 1624/1624/1624 1620/1620/1620 1623/1623/1623
f 1623/1623/1623 1622/1622/1622 1625/1625/1625
f 1623/1623/1623 1626/1626/1626 1624/1624/1624
f 1625/1625/1625 1626/1626/1626 1623/1623/1623
f 1626/1626/1626 1627/1627/1627 1624/1624/1624
f 1625/1625/1625 1627/1627/1627 1626/1626/1626
f 1628/1628/1628 1624/1624/1624 1627/1627/1627
f 1627/1627/1627 1625/1625/1625 1628/1628/1628
f 1631/1631/1631 1630/1630/1630 1629/1629/1629
f 1629/1629/1629 1632/1632/1632 1631/1631/1631
f 1630/1630/1630 1631/1631/1631 1633/1633/1633
f 1633/1633/1633 1631/1631/1631 1632/1632/1632
f 1634/1634/1634 1630/1630/1630 1633/1633/1633
f 1633/1633/1633 1632/1632/1632 1635/1635/1635
f 1633/1633/1633 1636/1636/1636 1634/1634/1634
f 1635/1635/1635 1636/1636/1636 1633/1633/1633
f 1636/1636/1636 1637/1637/1637 1634/1634/1634
f 1635/1635/1635 1637/1637/1637 1636/1636/1636
f 1638/1638/1638 1634/1634/1634 1637/1637/1637
f 1637/1637/1637 1635/1635/1635 1638/1638/1638
f 1641/1641/1641 1640/1640/1640 1639/1639/1639
f 1639/1639/1639 1642/1642/1642 1641/1641/1641
f 1640/1640/1640 1641/1641/1641 1643/1643/1643
f 1643/1643/1643 1641/1641/1641 1642/1642/1642
f 1644/1644/1644 1640/1640/1640 1643/1643/1643
f 1643/1643/1643 1642/1642/1642 1645/1645/1645
f 1643/1643/1643 1646/1646/1646 1644/1644/1644
f 1645/1645/1645 1646/1646/1646 1643/1643/1643
f 1646/1646/1646 1647/1647/1647 1644/1644/1644
f 1645/1645/1645 1647/1647/1647 1646/1646/1646
f 1648/1648/1648 1644/1644/1644 1647/1647/1647
f 1647/1647/1647 1645/1645/1645 1648/1648/1648
f 1651/1651/1651 1650/1650/1650 1649/1649/1649
f 1649/1649/1649 1652/1652/1652 1651/1651/1651
f 1650/1650/1650 1651/1651/1651 1653/1653/1653
f 1653/1653/1653 1651/1651/1651 1652/1652/1652
f 1654/1654/1654 1650/1650/1650 1653/1653/1653
f 1653/1653/1653 1652/1652/1652 1655/1655/1655
f 1653/1653/1653 1656/1656/1656 1654/1654/1654
f 1655/1655/1655 1656/1656/1656 1653/1653/1653
f 1656/1656/1656 1657/1657/1657 1654/1654/1654
f 1655/1655/1655 1657/1657/1657 1656/1656/1656
f 1658/1658/1658 1654/1654/1654 1657/1657/1657
f 1657/1657/1657 1655/1655/1655 1658/1658/1658
f 1661/1661/1661 1660/1660/1660 1659/1659/1659
f 1659/1659/1659 1662/1662/1662 1661/1661/1661
f 1660/1660/1660 1661/1661/1661 1663/1663/1663
f 1663/1663/1663 1661/1661/1661 1662/1662/1662
f 1664/1664/1664 1660/1660/1660 1663/1663/1663
f 1663/1663/1663 1662/1662/1662 1665/1665/1665
f 1663/1663/1663 1666/1666/1666 1664/1664/1664
f 1665/1665/1665 1666/1666/1666 1663/1663/1663
f 1666/1666/1666 1667/1667/1667 1664/1664/1664
f 1665/1665/1665 1667/1667/1667 1666/1666/1666
f 1668/1668/1668 1664/1664/1664 1667/1667/1667
f 1667/1667/1667 1665/1665/1665 1668/1668/1668
f 1671/1671/1671 1670/1670/1670 1669/1669/1669
f 1669/1669/1669 1672/1672/1672 1671/1671/1671
f 1670/1670/1670 1671/1671/1671 1673/1673/1673
f 1673/1673/1673 1671/1671/1671 1672/1672/1672
f 1674/1674/1674 1670/1670/1670 1673/1673/1673
f 1673/1673/1673 1672/1672/1672 1675/1675/1675
f 1673/1673/1673 1676/1676/1676 1674/1674/1674
f 1675/1675/1675 1676/1676/1676 1673/1673/1673
f 1676/1676/1676 1677/1677/1677 1674/1674/1674
f 1675/1675/1675 1677/1677/1677 1676/1676/1676
f 1678/1678/1678 1674/1674/1674 1677/1677/1677
f 1677/1677/1677 1675/1675/1675 1678/1678/1678
f 1681/1681/1681 1680/1680/1680 1679/1679/1679
f 1679/1679/1679 1682/1682/1682 1681/1681/1681
f 1680/1680/1680 1681/1681/1681 1683/1683/1683
f 1683/1683/1683 1681/1681/1681 1682/1682/1682
f 1684/1684/1684 1680/1680/1680 1683/1683/1683
f 1683/1683/1683 1682/1682/1682 1685/1685/1685
f 1683/1683/1683 1686/1686/1686 1684/1684/1684
f 1685/1685/1685 1686/1686/1686 1683/1683/1683
f 1686/1686/1686 1687/1687/1687 1684/1684/1684
f 1685/1685/1685 1687/1687/1687 1686/1686/1686
f 1688/1688/1688 1684/1684/1684 1687/1687/1687
f 1687/1687/1687 1685/1685/1685 1688/1688/1688
f 1691/1691/1691 1690/1690/1690 1689/1689/1689
f 1689/1689/1689 1692/1692/1692 1691/1691/1691
f 1690/1690/1690 1691/1691/1691 1693/1693/1693
f 1693/1693/1693 1691/1691/1691 1692/1692/1692
f 1694/1694/1694 1690/1690/1690 1693/1693/1693
f 1693/1693/1693 1692/1692/1692 1695/1695/1695
f 1693/1693/1693 1696/1696/1696 1694/1694/1694
f 1695/1695/1695 1696/1696/1696 1693/1693/1693
f 1696/1696/1696 1697/1697/1697 1694/1694/1694
f 1695/1695/1695 1697/1697/1697 1696/1696/1696
f 1698/1698/1698 1694/1694/1694 1697/1697/1697
f 1697/1697/1697 1695/1695/1695 1698/1698/1698
f 1701/1701/1701 1700/1700/1700 1699/1699/1699
f 1699/1699/1699 1702/1702/1702 1701/1701/1701
f 1700/1700/1700 1701/1701/1701 1703/1703/1703
f 1703/1703/1703 1701/1701/1701 1702/1702/1702
f 1704/1704/1704 1700/1700/1700 1703/1703/1703
f 1703/1703/1703 1702/1702/1702 1705/1705/1705
f 1703/1703/1703 1706/1706/1706 1704/1704/1704
f 1705/1705/1705 1706/1706/1706 1703/1703/1703
f 1706/1706/1706 1707/1707/1707 1704/1704/1704
f 1705/1705/1705 1707/1707/1707 1706/1706/1706
f 1708/1708/1708 1704/1704/1704 1707/1707/1707
f 1707/1707/1707 1705/1705/1705 1708/1708/1708
f 1711/1711/1711 1710/1710/1710 1709/1709/1709
f 1709/1709/1709 1712/1712/1712 1711/1711/1711
f 1710/1710/1710 1711/1711/1711 1713/1713/1713
f 1713/1713/1713 1711/1711/1711 1712/1712/1712
f 1714/1714/1714 1710/1710/1710 1713/1713/1713
f 1713/1713/1713 1712/1712/1712 1715/1715/1715
f 1713/1713/1713 1716/1716/1716 1714/1714/1714
f 1715/1715/1715 1716/1716/1716 1713/1713/1713
f 1716/1716/1716 1717/1717/1717 1714/1714/1714
f 1715/1715/1715 1717/1717/1717 1716/1716/1716
f 1718/1718/1718 1714/1714/1714 1717/1717/1717
f 1717/1717/1717 1715/1715/1715 1718/1718/1718
f 1721/1721/1721 1720/1720/1720 1719/1719/1719
f 1719/1719/1719 1722/1722/1722 1721/1721/1721
f 1720/1720/1720 1721/1721/1721 1723/1723/1723
f 1723/1723/1723 1721/1721/1721 1722/1722/1722
f 1724/1724/1724 1720/1720/1720 1723/1723/1723
f 1723/1723/1723 1722/1722/1722 1725/1725/1725
f 1723/1723/1723 1726/1726/1726 1724/1724/1724
f 1725/1725/1725 1726/1726/1726 1723/1723/1723
f 1726/1726/1726 1727/1727/1727 1724/1724/1724
f 1725/1725/1725 1727/1727/1727 1726/1726/1726
f 1728/1728/1728 1724/1724/1724 1727/1727/1727
f 1727/1727/1727 1725/1725/1725 1728/1728/1728
f 1731/1731/1731 1730/1730/1730 1729/1729/1729
f 1729/1729/1729 1732/1732/1732 1731/1731/1731
f 1730/1730/1730 1731/1731/1731 1733/1733/1733
f 1733/1733/1733 1731/1731/1731 1732/1732/1732
f 1734/1734/1734 1730/1730/1730 1733/1733/1733
f 1733/1733/1733 1732/1732/1732 1735/1735/1735
f 1733/1733/1733 1736/1736/1736 1734/1734/1734
f 1735/1735/1735 1736/1736/1736 1733/1733/1733
f 1736/1736/1736 1737/1737/1737 1734/1734/1734
f 1735/1735/1735 1737/1737/1737 1736/1736/1736
f 1738/1738/1738 1734/1734/1734 1737/1737/1737
f 1737/1737/1737 1735/1735/1735 1738/1738/1738
f 1741/1741/1741 1740/1740/1740 1739/1739/1739
f 1739/1739/1739 1742/1742/1742 1741/1741/1741
f 1740/1740/1740 1741/1741/1741 1743/1743/1743
f 1743/1743/1743 1741/1741/1741 1742/1742/1742
f 1744/1744/1744 1740/1740/1740 1743/1743/1743
f 1743/1743/1743 1742/1742/1742 1745/1745/1745
f 1743/1743/1743 1746/1746/1746 1744/1744/1744
f 1745/1745/1745 1746/1746/1746 1743/1743/1743
f 1746/1746/1746 1747/1747/1747 1744/1744/1744
f 1745/1745/1745 1747/1747/1747 1746/1746/1746
f 1748/1748/1748 1744/1744/1744 1747/1747/1747
f 1747/1747/1747 1745/1745/1745 1748/1748/1748
f 1751/1751/1751 1750/1750/1750 1749/1749/1749
f 1749/1749/1749 1752/1752/1752 1751/1751/1751
f 1750/1750/1750 1751/1751/1751 1753/1753/1753
f 1753/1753/1753 1751/1751/1751 1752/1752/1752
f 1754/1754/1754 1750/1750/1750 1753/1753/1753
f 1753/1753/1753 1752/1752/1752 1755/1755/1755
f 1753/1753/1753 1756/1756/1756 1754/1754/1754
f 1755/1755/1755 1756/1756/1756 1753/1753/1753
f 1756/1756/1756 1757/1757/1757 1754/1754/1754
f 1755/1755/1755 1757/1757/1757 1756/1756/1756
f 1758/1758/1758 1754/1754/1754 1757/1757/1757
f 1757/1757/1757 1755/1755/1755 1758/1758/1758
f 1761/1761/1761 1760/1760/1760 1759/1759/1759
f 1759/1759/1759 1762/1762/1762 1761/1761/1761
f 1760/1760/1760 1761/1761/1761 1763/1763/1763
f 1763/1763/1763 1761/1761/1761 1762/1762/1762
f 1764/1764/1764 1760/1760/1760 1763/1763/1763
f 1763/1763/1763 1762/1762/1762 1765/1765/1765
f 1763/1763/1763 1766/1766/1766 1764/1764/1764
f 1765/1765/1765 1766/1766/1766 1763/1763/1763
f 1766/1766/1766 1767/1767/1767 1764/1764/1764
f 1765/1765/1765 1767/1767/1767 1766/1766/1766
f 1768/1768/1768 1764/1764/1764 1767/1767/1767
f 1767/1767/1767 1765/1765/1765 1768/1768/1768
f 1771/1771/1771 1770/1770/1770 1769/1769/1769
f 1769/1769/1769 1772/1772/1772 1771/1771/1771
f 1770/1770/1770 1771/1771/1771 1773/1773/1773
f 1773/1773/1773 1771/1771/1771 1772/1772/1772
f 1774/1774/1774 1770/1770/1770 1773/1773/1773
f 1773/1773/1773 1772/1772/1772 1775/1775/1775
f 1773/1773/1773 1776/1776/1776 1774/1774/1774
f 1775/1775/1775 1776/1776/1776 1773/1773/1773
f 1776/1776/1776 1777/1777/1777 1774/1774/1774
f 1775/1775/1775 1777/1777/1777 1776/1776/1776
f 1778/1778/1778 1774/1774/1774 1777/1777/1777
f 1777/1777/1777 1775/1775/1775 1778/1778/1778
f 1781/1781/1781 1780/1780/1780 1779/1779/1779
f 1779/1779/1779 1782/1782/1782 1781/1781/1781
f 1780/1780/1780 1781/1781/1781 1783/1783/1783
f 1783/1783/1783 1781/1781/1781 1782/1782/1782
f 1784/1784/1784 1780/1780/1780 1783/1783/1783
f 1783/1783/1783 1782/1782/1782 1785/1785/1785
f 1783/1783/1783 1786/1786/1786 1784/1784/1784
f 1785/1785/1785 1786/1786/1786 1783/1783/1783
f 1786/1786/1786 1787/1787/1787 1784/1784/1784
f 1785/1785/1785 1787/1787/1787 1786/1786/1786
f 1788/1788/1788 1784/1784/1784 1787/1787/1787
f 1787/1787/1787 1785/1785/1785 1788/1788/1788
f 1791/1791/1791 1790/1790/1790 1789/1789/1789
f 1789/1789/1789 1792/1792/1792 1791/1791/1791
f 1790/1790/1790 1791/1791/1791 1793/1793/1793
f 1793/1793/1793 1791/1791/1791 1792/1792/1792
f 1794/1794/1794 1790/1790/1790 1793/1793/1793
f 1793/1793/1793 1792/1792/1792 1795/1795/1795
f 1793/1793/1793 1796/1796/1796 1794/1794/1794
f 1795/1795/1795 1796/1796/1796 1793/1793/1793
f 1796/1796/1796 1797/1797/1797 1794/1794/1794
f 1795/1795/1795 1797/1797/1797 1796/1796/1796
f 1798/1798/1798 1794/1794/1794 1797/1797/1797
f 1797/1797/1797 1795/1795/1795 1798/1798/1798
f 1801/1801/1801 1800/1800/1800 1799/1799/1799
f 1799/1799/1799 1802/1802/1802 1801/1801/1801
f 1800/1800/1800 1801/1801/1801 1803/1803/1803
f 1803/1803/1803 1801/1801/1801 1802/1802/1802
f 1804/1804/1804 1800/1800/1800 1803/1803/1803
f 1803/1803/1803 1802/1802/1802 1805/1805/1805
f 1803/1803/1803 1806/1806/1806 1804/1804/1804
f 1805/1805/1805 1806/1806/1806 1803/1803/1803
f 1806/1806/1806 1807/1807/1807 1804/1804/1804
f 1805/1805/1805 1807/1807/1807 1806/1806/1806
f 1808/1808/1808 1804/1804/1804 1807/1807/1807
f 1807/1807/1807 1805/1805/1805 1808/1808/1808
f 1811/1811/1811 1810/1810/1810 1809/1809/1809
f 1809/1809/1809 1812/1812/1812 1811/1811/1811
f 1810/1810/1810 1811/1811/1811 1813/1813/1813
f 1813/1813/1813 1811/1811/1811 1812/1812/1812
f 1814/1814/1814 1810/1810/1810 1813/1813/1813
f 1813/1813/1813 1812/1812/1812 1815/1815/1815
f 1813/1813/1813 1816/1816/1816 1814/1814/1814
f 1815/1815/1815 1816/1816/1816 1813/1813/1813
f 1816/1816/1816 1817/1817/1817 1814/1814/1814
f 1815/1815/1815 1817/1817/1817 1816/1816/1816
f 1818/1818/1818 1814/1814/1814 1817/1817/1817
f 1817/1817/1817 1815/1815/1815 1818/1818/1818
f 1821/1821/1821 1820/1820/1820 1819/1819/1819
f 1820/1820/1820 1822/1822/1822 1819/1819/1819
f 1819/1819/1819 1823/1823/1823 1821/1821/1821
f 1824/1824/1824 1821/1821/1821 1823/1823/1823
f 1825/1825/1825 1819/1819/1819 1822/1822/1822
f 1819/1819/1819 1825/1825/1825 1823/1823/1823
f 1822/1822/1822 1826/1826/1826 1825/1825/1825
f 1827/1827/1827 1824/1824/1824 1823/1823/1823
f 1826/1826/1826 1828/1828/1828 1825/1825/1825
f 1823/1823/1823 1829/1829/1829 1827/1827/1827
f 1830/1830/1830 1827/1827/1827 1829/1829/1829
f 1831/1831/1831 1830/1830/1830 1829/1829/1829
f 1832/1832/1832 1823/1823/1823 1825/1825/1825
f 1832/1832/1832 1825/1825/1825 1828/1828/1828
f 1823/1823/1823 1832/1832/1832 1829/1829/1829
f 1828/1828/1828 1833/1833/1833 1832/1832/1832
f 1833/1833/1833 1834/1834/1834 1832/1832/1832
f 1829/1829/1829 1835/1835/1835 1831/1831/1831
f 1836/1836/1836 1831/1831/1831 1835/1835/1835
f 1837/1837/1837 1836/1836/1836 1835/1835/1835
f 1829/1829/1829 1832/1832/1832 1838/1838/1838
f 1838/1838/1838 1832/1832/1832 1834/1834/1834
f 1838/1838/1838 1835/1835/1835 1829/1829/1829
f 1834/1834/1834 1839/1839/1839 1838/1838/1838
f 1839/1839/1839 1840/1840/1840 1838/1838/1838
f 1835/1835/1835 1841/1841/1841 1837/1837/1837
f 1835/1835/1835 1838/1838/1838 1841/1841/1841
f 1841/1841/1841 1838/1838/1838 1840/1840/1840
f 1842/1842/1842 1837/1837/1837 1841/1841/1841
f 1840/1840/1840 1842/1842/1842 1841/1841/1841
f 1845/1845/1845 1844/1844/1844 1843/1843/1843
f 1846/1846/1846 1844/1844/1844 1845/1845/1845
f 1847/1847/1847 1845/1845/1845 1843/1843/1843
f 1843/1843/1843 1848/1848/1848 1847/1847/1847
f 1848/1848/1848 1849/1849/1849 1847/1847/1847
f 1845/1845/1845 1850/1850/1850 1846/1846/1846
f 1850/1850/1850 1845/1845/1845 1847/1847/1847
f 1850/1850/1850 1851/1851/1851 1846/1846/1846
f 1852/1852/1852 1851/1851/1851 1850/1850/1850
f 1853/1853/1853 1847/1847/1847 1849/1849/1849
f 1847/1847/1847 1853/1853/1853 1850/1850/1850
f 1850/1850/1850 1853/1853/1853 1852/1852/1852
f 1849/1849/1849 1854/1854/1854 1853/1853/1853
f 1853/1853/1853 1854/1854/1854 1852/1852/1852
f 1857/1857/1857 1856/1856/1856 1855/1855/1855
f 1860/1860/1860 1859/1859/1859 1858/1858/1858
f 1863/1863/1863 1862/1862/1862 1861/1861/1861
f 1861/1861/1861 1864/1864/1864 1863/1863/1863
f 1865/1865/1865 1863/1863/1863 1864/1864/1864
f 1866/1866/1866 1865/1865/1865 1864/1864/1864
f 1864/1864/1864 1867/1867/1867 1866/1866/1866
f 1868/1868/1868 1866/1866/1866 1867/1867/1867
f 1867/1867/1867 1869/1869/1869 1868/1868/1868
f 1870/1870/1870 1868/1868/1868 1869/1869/1869
f 1871/1871/1871 1870/1870/1870 1869/1869/1869
f 1869/1869/1869 1872/1872/1872 1871/1871/1871
f 1873/1873/1873 1871/1871/1871 1872/1872/1872
f 1872/1872/1872 1874/1874/1874 1873/1873/1873
f 1877/1877/1877 1876/1876/1876 1875/1875/1875
f 1875/1875/1875 1878/1878/1878 1877/1877/1877
f 1879/1879/1879 1877/1877/1877 1878/1878/1878
f 1879/1879/1879 1878/1878/1878 1880/1880/1880
f 1880/1880/1880 1881/1881/1881 1879/1879/1879
f 1881/1881/1881 1880/1880/1880 1882/1882/1882
f 1882/1882/1882 1883/1883/1883 1881/1881/1881
f 1880/1880/1880 1884/1884/1884 1882/1882/1882
f 1885/1885/1885 1882/1882/1882 1884/1884/1884
f 1886/1886/1886 1885/1885/1885 1884/1884/1884
f 1886/1886/1886 1884/1884/1884 1887/1887/1887
f 1886/1886/1886 1887/1887/1887 1888/1888/1888
f 1891/1891/1891 1890/1890/1890 1889/1889/1889
f 1889/1889/1889 1892/1892/1892 1891/1891/1891
f 1893/1893/1893 1891/1891/1891 1892/1892/1892
f 1892/1892/1892 1894/1894/1894 1893/1893/1893
f 1895/1895/1895 1893/1893/1893 1894/1894/1894
f 1896/1896/1896 1895/1895/1895 1894/1894/1894
f 1894/1894/1894 1897/1897/1897 1896/1896/1896
f 1898/1898/1898 1896/1896/1896 1897/1897/1897
f 1897/1897/1897 1899/1899/1899 1898/1898/1898
f 1900/1900/1900 1898/1898/1898 1899/1899/1899
f 1899/1899/1899 1901/1901/1901 1900/1900/1900
f 1904/1904/1904 1903/1903/1903 1902/1902/1902
f 1902/1902/1902 1905/1905/1905 1904/1904/1904
f 1906/1906/1906 1904/1904/1904 1905/1905/1905
f 1907/1907/1907 1906/1906/1906 1905/1905/1905
f 1905/1905/1905 1908/1908/1908 1907/1907/1907
f 1909/1909/1909 1907/1907/1907 1908/1908/1908
f 1908/1908/1908 1910/1910/1910 1909/1909/1909
f 1911/1911/1911 1909/1909/1909 1910/1910/1910
f 1910/1910/1910 1912/1912/1912 1911/1911/1911
f 1913/1913/1913 1911/1911/1911 1912/1912/1912
f 1914/1914/1914 1913/1913/1913 1912/1912/1912
f 1912/1912/1912 1915/1915/1915 1914/1914/1914
f 1918/1918/1918 1917/1917/1917 1916/1916/1916
f 1916/1916/1916 1919/1919/1919 1918/1918/1918
f 1920/1920/1920 1918/1918/1918 1919/1919/1919
f 1921/1921/1921 1920/1920/1920 1919/1919/1919
f 1919/1919/1919 1922/1922/1922 1921/1921/1921
f 1923/1923/1923 1921/1921/1921 1922/1922/1922
f 1922/1922/1922 1924/1924/1924 1923/1923/1923
f 1925/1925/1925 1923/1923/1923 1924/1924/1924
f 1924/1924/1924 1926/1926/1926 1925/1925/1925
f 1927/1927/1927 1925/1925/1925 1926/1926/1926
f 1928/1928/1928 1927/1927/1927 1926/1926/1926
f 1926/1926/1926 1929/1929/1929 1928/1928/1928
f 1932/1932/1932 1931/1931/1931 1930/1930/1930
f 1930/1930/1930 1933/1933/1933 1932/1932/1932
f 1934/1934/1934 1932/1932/1932 1933/1933/1933
f 1933/1933/1933 1935/1935/1935 1934/1934/1934
f 1936/1936/1936 1934/1934/1934 1935/1935/1935
f 1935/1935/1935 1937/1937/1937 1936/1936/1936
f 1938/1938/1938 1936/1936/1936 1937/1937/1937
f 1937/1937/1937 1939/1939/1939 1938/1938/1938
f 1940/1940/1940 1938/1938/1938 1939/1939/1939
f 1939/1939/1939 1941/1941/1941 1940/1940/1940
f 1942/1942/1942 1940/1940/1940 1941/1941/1941
f 1941/1941/1941 1943/1943/1943 1942/1942/1942
f 1944/1944/1944 1942/1942/1942 1943/1943/1943
f 1943/1943/1943 1945/1945/1945 1944/1944/1944
f 1948/1948/1948 1947/1947/1947 1946/1946/1946
f 1946/1946/1946 1949/1949/1949 1948/1948/1948
f 1950/1950/1950 1948/1948/1948 1949/1949/1949
f 1949/1949/1949 1951/1951/1951 1950/1950/1950
f 1952/1952/1952 1950/1950/1950 1951/1951/1951
f 1951/1951/1951 1953/1953/1953 1952/1952/1952
f 1954/1954/1954 1952/1952/1952 1953/1953/1953
f 1953/1953/1953 1955/1955/1955 1954/1954/1954
f 1956/1956/1956 1954/1954/1954 1955/1955/1955
f 1955/1955/1955 1957/1957/1957 1956/1956/1956
f 1958/1958/1958 1956/1956/1956 1957/1957/1957
f 1957/1957/1957 1959/1959/1959 1958/1958/1958
f 1960/1960/1960 1958/1958/1958 1959/1959/1959
f 1959/1959/1959 1961/1961/1961 1960/1960/1960
f 1964/1964/1964 1963/1963/1963 1962/1962/1962
f 1962/1962/1962 1965/1965/1965 1964/1964/1964
f 1966/1966/1966 1964/1964/1964 1965/1965/1965
f 1965/1965/1965 1967/1967/1967 1966/1966/1966
f 1968/1968/1968 1966/1966/1966 1967/1967/1967
f 1967/1967/1967 1969/1969/1969 1968/1968/1968
f 1970/1970/1970 1968/1968/1968 1969/1969/1969
f 1969/1969/1969 1971/1971/1971 1970/1970/1970
f 1972/1972/1972 1970/1970/1970 1971/1971/1971
f 1971/1971/1971 1973/1973/1973 1972/1972/1972
f 1974/1974/1974 1972/1972/1972 1973/1973/1973
f 1973/1973/1973 1975/1975/1975 1974/1974/1974
f 1976/1976/1976 1974/1974/1974 1975/1975/1975
f 1975/1975/1975 1977/1977/1977 1976/1976/1976
f 1980/1980/1980 1979/1979/1979 1978/1978/1978
f 1978/1978/1978 1981/1981/1981 1980/1980/1980
f 1982/1982/1982 1980/1980/1980 1981/1981/1981
f 1981/1981/1981 1983/1983/1983 1982/1982/1982
f 1984/1984/1984 1982/1982/1982 1983/1983/1983
f 1983/1983/1983 1985/1985/1985 1984/1984/1984
f 1986/1986/1986 1984/1984/1984 1985/1985/1985
f 1985/1985/1985 1987/1987/1987 1986/1986/1986
f 1988/1988/1988 1986/1986/1986 1987/1987/1987
f 1987/1987/1987 1989/1989/1989 1988/1988/1988
f 1990/1990/1990 1988/1988/1988 1989/1989/1989
f 1991/1991/1991 1990/1990/1990 1989/1989/1989
f 1989/1989/1989 1992/1992/1992 1991/1991/1991
f 1992/1992/1992 1993/1993/1993 1991/1991/1991
f 1994/1994/1994 1991/1991/1991 1993/1993/1993
f 1993/1993/1993 1995/1995/1995 1994/1994/1994
f 1996/1996/1996 1994/1994/1994 1995/1995/1995
f 1995/1995/1995 1997/1997/1997 1996/1996/1996
f 2000/2000/2000 1999/1999/1999 1998/1998/1998
f 2001/2001/2001 1999/1999/1999 2000/2000/2000
f 2000/2000/2000 2002/2002/2002 2001/2001/2001
f 2003/2003/2003 2001/2001/2001 2002/2002/2002
f 2002/2002/2002 2004/2004/2004 2003/2003/2003
f 2001/2001/2001 2003/2003/2003 2005/2005/2005
f 2003/2003/2003 2004/2004/2004 2005/2005/2005
f 2008/2008/2008 2007/2007/2007 2006/2006/2006
f 2006/2006/2006 2009/2009/2009 2008/2008/2008
f 2010/2010/2010 2008/2008/2008 2009/2009/2009
f 2009/2009/2009 2011/2011/2011 2010/2010/2010
f 2012/2012/2012 2010/2010/2010 2011/2011/2011
f 2011/2011/2011 2013/2013/2013 2012/2012/2012
f 2014/2014/2014 2012/2012/2012 2013/2013/2013
f 2013/2013/2013 2015/2015/2015 2014/2014/2014
f 2016/2016/2016 2014/2014/2014 2015/2015/2015
f 2015/2015/2015 2017/2017/2017 2016/2016/2016
f 2018/2018/2018 2016/2016/2016 2017/2017/2017
f 2017/2017/2017 2019/2019/2019 2018/2018/2018
f 2020/2020/2020 2018/2018/2018 2019/2019/2019
f 2019/2019/2019 2021/2021/2021 2020/2020/2020
f 2024/2024/2024 2023/2023/2023 2022/2022/2022
f 2022/2022/2022 2025/2025/2025 2024/2024/2024
f 2026/2026/2026 2024/2024/2024 2025/2025/2025
f 2025/2025/2025 2027/2027/2027 2026/2026/2026
f 2028/2028/2028 2026/2026/2026 2027/2027/2027
f 2027/2027/2027 2029/2029/2029 2028/2028/2028
f 2030/2030/2030 2028/2028/2028 2029/2029/2029
f 2029/2029/2029 2031/2031/2031 2030/2030/2030
f 2032/2032/2032 2030/2030/2030 2031/2031/2031
f 2031/2031/2031 2033/2033/2033 2032/2032/2032
f 2034/2034/2034 2032/2032/2032 2033/2033/2033
f 2033/2033/2033 2035/2035/2035 2034/2034/2034
f 2036/2036/2036 2034/2034/2034 2035/2035/2035
f 2035/2035/2035 2037/2037/2037 2036/2036/2036
f 2040/2040/2040 2039/2039/2039 2038/2038/2038
f 2038/2038/2038 2041/2041/2041 2040/2040/2040
f 2042/2042/2042 2040/2040/2040 2041/2041/2041
f 2041/2041/2041 2043/2043/2043 2042/2042/2042
f 2044/2044/2044 2042/2042/2042 2043/2043/2043
f 2047/2047/2047 2046/2046/2046 2045/2045/2045
f 2045/2045/2045 2048/2048/2048 2047/2047/2047
f 2049/2049/2049 2047/2047/2047 2048/2048/2048
f 2049/2049/2049 2048/2048/2048 2050/2050/2050
f 2051/2051/2051 2049/2049/2049 2050/2050/2050
f 2054/2054/2054 2053/2053/2053 2052/2052/2052
f 2052/2052/2052 2055/2055/2055 2054/2054/2054
f 2056/2056/2056 2054/2054/2054 2055/2055/2055
f 2055/2055/2055 2057/2057/2057 2056/2056/2056
f 2058/2058/2058 2056/2056/2056 2057/2057/2057
f 2057/2057/2057 2059/2059/2059 2058/2058/2058
f 2060/2060/2060 2058/2058/2058 2059/2059/2059
f 2059/2059/2059 2061/2061/2061 2060/2060/2060
f 2062/2062/2062 2060/2060/2060 2061/2061/2061
f 2061/2061/2061 2063/2063/2063 2062/2062/2062
f 2064/2064/2064 2062/2062/2062 2063/2063/2063
f 2063/2063/2063 2065/2065/2065 2064/2064/2064
f 2066/2066/2066 2064/2064/2064 2065/2065/2065
f 2065/2065/2065 2067/2067/2067 2066/2066/2066
f 2070/2070/2070 2069/2069/2069 2068/2068/2068
f 2068/2068/2068 2071/2071/2071 2070/2070/2070
f 2072/2072/2072 2070/2070/2070 2071/2071/2071
f 2071/2071/2071 2073/2073/2073 2072/2072/2072
f 2074/2074/2074 2072/2072/2072 2073/2073/2073
f 2073/2073/2073 2075/2075/2075 2074/2074/2074
f 2076/2076/2076 2074/2074/2074 2075/2075/2075
f 2075/2075/2075 2077/2077/2077 2076/2076/2076
f 2078/2078/2078 2076/2076/2076 2077/2077/2077
f 2077/2077/2077 2079/2079/2079 2078/2078/2078
f 2080/2080/2080 2078/2078/2078 2079/2079/2079
f 2079/2079/2079 2081/2081/2081 2080/2080/2080
f 2082/2082/2082 2080/2080/2080 2081/2081/2081
f 2081/2081/2081 2083/2083/2083 2082/2082/2082
f 2083/2083/2083 2084/2084/2084 2082/2082/2082
f 2085/2085/2085 2082/2082/2082 2084/2084/2084
f 2084/2084/2084 2086/2086/2086 2085/2085/2085
f 2087/2087/2087 2085/2085/2085 2086/2086/2086
f 2086/2086/2086 2088/2088/2088 2087/2087/2087
f 2091/2091/2091 2090/2090/2090 2089/2089/2089
f 2092/2092/2092 2090/2090/2090 2091/2091/2091
f 2091/2091/2091 2093/2093/2093 2092/2092/2092
f 2094/2094/2094 2092/2092/2092 2093/2093/2093
f 2093/2093/2093 2095/2095/2095 2094/2094/2094
f 2092/2092/2092 2094/2094/2094 2096/2096/2096
f 2094/2094/2094 2095/2095/2095 2096/2096/2096
f 2099/2099/2099 2098/2098/2098 2097/2097/2097
f 2097/2097/2097 2100/2100/2100 2099/2099/2099
f 2101/2101/2101 2099/2099/2099 2100/2100/2100
f 2100/2100/2100 2102/2102/2102 2101/2101/2101
f 2103/2103/2103 2101/2101/2101 2102/2102/2102
f 2102/2102/2102 2104/2104/2104 2103/2103/2103
f 2105/2105/2105 2103/2103/2103 2104/2104/2104
f 2104/2104/2104 2106/2106/2106 2105/2105/2105
f 2107/2107/2107 2105/2105/2105 2106/2106/2106
f 2106/2106/2106 2108/2108/2108 2107/2107/2107
f 2109/2109/2109 2107/2107/2107 2108/2108/2108
f 2108/2108/2108 2110/2110/2110 2109/2109/2109
f 2111/2111/2111 2109/2109/2109 2110/2110/2110
f 2110/2110/2110 2112/2112/2112 2111/2111/2111
f 2115/2115/2115 2114/2114/2114 2113/2113/2113
f 2113/2113/2113 2116/2116/2116 2115/2115/2115
f 2117/2117/2117 2115/2115/2115 2116/2116/2116
f 2116/2116/2116 2118/2118/2118 2117/2117/2117
f 2119/2119/2119 2117/2117/2117 2118/2118/2118
f 2118/2118/2118 2120/2120/2120 2119/2119/2119
f 2121/2121/2121 2119/2119/2119 2120/2120/2120
f 2120/2120/2120 2122/2122/2122 2121/2121/2121
f 2123/2123/2123 2121/2121/2121 2122/2122/2122
f 2122/2122/2122 2124/2124/2124 2123/2123/2123
f 2125/2125/2125 2123/2123/2123 2124/2124/2124
f 2124/2124/2124 2126/2126/2126 2125/2125/2125
f 2127/2127/2127 2125/2125/2125 2126/2126/2126
f 2126/2126/2126 2128/2128/2128 2127/2127/2127
f 2131/2131/2131 2130/2130/2130 2129/2129/2129
f 2132/2132/2132 2130/2130/2130 2131/2131/2131
f 2131/2131/2131 2133/2133/2133 2132/2132/2132
f 2134/2134/2134 2132/2132/2132 2133/2133/2133
f 2133/2133/2133 2135/2135/2135 2134/2134/2134
f 2138/2138/2138 2137/2137/2137 2136/2136/2136
f 2136/2136/2136 2139/2139/2139 2138/2138/2138
f 2140/2140/2140 2138/2138/2138 2139/2139/2139
f 2140/2140/2140 2139/2139/2139 2141/2141/2141
f 2142/2142/2142 2140/2140/2140 2141/2141/2141
f 2145/2145/2145 2144/2144/2144 2143/2143/2143
f 2143/2143/2143 2146/2146/2146 2145/2145/2145
f 2147/2147/2147 2145/2145/2145 2146/2146/2146
f 2146/2146/2146 2148/2148/2148 2147/2147/2147
f 2149/2149/2149 2147/2147/2147 2148/2148/2148
f 2148/2148/2148 2150/2150/2150 2149/2149/2149
f 2151/2151/2151 2149/2149/2149 2150/2150/2150
f 2150/2150/2150 2152/2152/2152 2151/2151/2151
f 2153/2153/2153 2151/2151/2151 2152/2152/2152
f 2152/2152/2152 2154/2154/2154 2153/2153/2153
f 2155/2155/2155 2153/2153/2153 2154/2154/2154
f 2154/2154/2154 2156/2156/2156 2155/2155/2155
f 2157/2157/2157 2155/2155/2155 2156/2156/2156
f 2156/2156/2156 2158/2158/2158 2157/2157/2157
f 2161/2161/2161 2160/2160/2160 2159/2159/2159
f 2159/2159/2159 2162/2162/2162 2161/2161/2161
f 2163/2163/2163 2161/2161/2161 2162/2162/2162
f 2162/2162/2162 2164/2164/2164 2163/2163/2163
f 2165/2165/2165 2163/2163/2163 2164/2164/2164
f 2164/2164/2164 2166/2166/2166 2165/2165/2165
f 2167/2167/2167 2165/2165/2165 2166/2166/2166
f 2166/2166/2166 2168/2168/2168 2167/2167/2167
f 2169/2169/2169 2167/2167/2167 2168/2168/2168
f 2168/2168/2168 2170/2170/2170 2169/2169/2169
f 2171/2171/2171 2169/2169/2169 2170/2170/2170
f 2170/2170/2170 2172/2172/2172 2171/2171/2171
f 2173/2173/2173 2171/2171/2171 2172/2172/2172
f 2172/2172/2172 2174/2174/2174 2173/2173/2173
f 2177/2177/2177 2176/2176/2176 2175/2175/2175
f 2175/2175/2175 2178/2178/2178 2177/2177/2177
f 2179/2179/2179 2177/2177/2177 2178/2178/2178
f 2178/2178/2178 2180/2180/2180 2179/2179/2179
f 2181/2181/2181 2179/2179/2179 2180/2180/2180
f 2180/2180/2180 2182/2182/2182 2181/2181/2181
f 2183/2183/2183 2181/2181/2181 2182/2182/2182
f 2182/2182/2182 2184/2184/2184 2183/2183/2183
f 2185/2185/2185 2183/2183/2183 2184/2184/2184
f 2184/2184/2184 2186/2186/2186 2185/2185/2185
f 2187/2187/2187 2185/2185/2185 2186/2186/2186
f 2186/2186/2186 2188/2188/2188 2187/2187/2187
f 2189/2189/2189 2187/2187/2187 2188/2188/2188
f 2188/2188/2188 2190/2190/2190 2189/2189/2189
f 2193/2193/2193 2192/2192/2192 2191/2191/2191
f 2191/2191/2191 2194/2194/2194 2193/2193/2193
f 2195/2195/2195 2193/2193/2193 2194/2194/2194
f 2194/2194/2194 2196/2196/2196 2195/2195/2195
f 2197/2197/2197 2195/2195/2195 2196/2196/2196
f 2196/2196/2196 2198/2198/2198 2197/2197/2197
f 2199/2199/2199 2197/2197/2197 2198/2198/2198
f 2198/2198/2198 2200/2200/2200 2199/2199/2199
f 2201/2201/2201 2199/2199/2199 2200/2200/2200
f 2200/2200/2200 2202/2202/2202 2201/2201/2201
f 2203/2203/2203 2201/2201/2201 2202/2202/2202
f 2204/2204/2204 2203/2203/2203 2202/2202/2202
f 2202/2202/2202 2205/2205/2205 2204/2204/2204
f 2205/2205/2205 2206/2206/2206 2204/2204/2204
f 2207/2207/2207 2204/2204/2204 2206/2206/2206
f 2206/2206/2206 2208/2208/2208 2207/2207/2207
f 2209/2209/2209 2207/2207/2207 2208/2208/2208
f 2208/2208/2208 2210/2210/2210 2209/2209/2209
f 2213/2213/2213 2212/2212/2212 2211/2211/2211
f 2214/2214/2214 2212/2212/2212 2213/2213/2213
f 2213/2213/2213 2215/2215/2215 2214/2214/2214
f 2216/2216/2216 2214/2214/2214 2215/2215/2215
f 2215/2215/2215 2217/2217/2217 2216/2216/2216
f 2214/2214/2214 2216/2216/2216 2218/2218/2218
f 2216/2216/2216 2217/2217/2217 2218/2218/2218
f 2221/2221/2221 2220/2220/2220 2219/2219/2219
f 2219/2219/2219 2222/2222/2222 2221/2221/2221
f 2223/2223/2223 2221/2221/2221 2222/2222/2222
f 2222/2222/2222 2224/2224/2224 2223/2223/2223
f 2225/2225/2225 2223/2223/2223 2224/2224/2224
f 2224/2224/2224 2226/2226/2226 2225/2225/2225
f 2227/2227/2227 2225/2225/2225 2226/2226/2226
f 2226/2226/2226 2228/2228/2228 2227/2227/2227
f 2229/2229/2229 2227/2227/2227 2228/2228/2228
f 2228/2228/2228 2230/2230/2230 2229/2229/2229
f 2231/2231/2231 2229/2229/2229 2230/2230/2230
f 2230/2230/2230 2232/2232/2232 2231/2231/2231
f 2233/2233/2233 2231/2231/2231 2232/2232/2232
f 2232/2232/2232 2234/2234/2234 2233/2233/2233
f 2237/2237/2237 2236/2236/2236 2235/2235/2235
f 2235/2235/2235 2238/2238/2238 2237/2237/2237
f 2239/2239/2239 2237/2237/2237 2238/2238/2238
f 2238/2238/2238 2240/2240/2240 2239/2239/2239
f 2241/2241/2241 2239/2239/2239 2240/2240/2240
f 2240/2240/2240 2242/2242/2242 2241/2241/2241
f 2243/2243/2243 2241/2241/2241 2242/2242/2242
f 2242/2242/2242 2244/2244/2244 2243/2243/2243
f 2245/2245/2245 2243/2243/2243 2244/2244/2244
f 2244/2244/2244 2246/2246/2246 2245/2245/2245
f 2247/2247/2247 2245/2245/2245 2246/2246/2246
f 2246/2246/2246 2248/2248/2248 2247/2247/2247
f 2249/2249/2249 2247/2247/2247 2248/2248/2248
f 2248/2248/2248 2250/2250/2250 2249/2249/2249
f 2253/2253/2253 2252/2252/2252 2251/2251/2251
f 2251/2251/2251 2254/2254/2254 2253/2253/2253
f 2255/2255/2255 2253/2253/2253 2254/2254/2254
f 2254/2254/2254 2256/2256/2256 2255/2255/2255
f 2257/2257/2257 2255/2255/2255 2256/2256/2256
f 2260/2260/2260 2259/2259/2259 2258/2258/2258
f 2258/2258/2258 2261/2261/2261 2260/2260/2260
f 2262/2262/2262 2260/2260/2260 2261/2261/2261
f 2262/2262/2262 2261/2261/2261 2263/2263/2263
f 2264/2264/2264 2262/2262/2262 2263/2263/2263
f 2267/2267/2267 2266/2266/2266 2265/2265/2265
f 2265/2265/2265 2268/2268/2268 2267/2267/2267
f 2269/2269/2269 2267/2267/2267 2268/2268/2268
f 2268/2268/2268 2270/2270/2270 2269/2269/2269
f 2271/2271/2271 2269/2269/2269 2270/2270/2270
f 2270/2270/2270 2272/2272/2272 2271/2271/2271
f 2273/2273/2273 2271/2271/2271 2272/2272/2272
f 2272/2272/2272 2274/2274/2274 2273/2273/2273
f 2275/2275/2275 2273/2273/2273 2274/2274/2274
f 2274/2274/2274 2276/2276/2276 2275/2275/2275
f 2277/2277/2277 2275/2275/2275 2276/2276/2276
f 2276/2276/2276 2278/2278/2278 2277/2277/2277
f 2279/2279/2279 2277/2277/2277 2278/2278/2278
f 2278/2278/2278 2280/2280/2280 2279/2279/2279
f 2283/2283/2283 2282/2282/2282 2281/2281/2281
f 2281/2281/2281 2284/2284/2284 2283/2283/2283
f 2285/2285/2285 2283/2283/2283 2284/2284/2284
f 2284/2284/2284 2286/2286/2286 2285/2285/2285
f 2287/2287/2287 2285/2285/2285 2286/2286/2286
f 2286/2286/2286 2288/2288/2288 2287/2287/2287
f 2289/2289/2289 2287/2287/2287 2288/2288/2288
f 2288/2288/2288 2290/2290/2290 2289/2289/2289
f 2291/2291/2291 2289/2289/2289 2290/2290/2290
f 2290/2290/2290 2292/2292/2292 2291/2291/2291
f 2293/2293/2293 2291/2291/2291 2292/2292/2292
f 2292/2292/2292 2294/2294/2294 2293/2293/2293
f 2295/2295/2295 2293/2293/2293 2294/2294/2294
f 2294/2294/2294 2296/2296/2296 2295/2295/2295
f 2296/2296/2296 2297/2297/2297 2295/2295/2295
f 2298/2298/2298 2295/2295/2295 2297/2297/2297
f 2297/2297/2297 2299/2299/2299 2298/2298/2298
f 2300/2300/2300 2298/2298/2298 2299/2299/2299
f 2299/2299/2299 2301/2301/2301 2300/2300/2300
f 2304/2304/2304 2303/2303/2303 2302/2302/2302
f 2305/2305/2305 2303/2303/2303 2304/2304/2304
f 2304/2304/2304 2306/2306/2306 2305/2305/2305
f 2307/2307/2307 2305/2305/2305 2306/2306/2306
f 2306/2306/2306 2308/2308/2308 2307/2307/2307
f 2305/2305/2305 2307/2307/2307 2309/2309/2309
f 2307/2307/2307 2308/2308/2308 2309/2309/2309
f 2312/2312/2312 2311/2311/2311 2310/2310/2310
f 2310/2310/2310 2313/2313/2313 2312/2312/2312
f 2314/2314/2314 2312/2312/2312 2313/2313/2313
f 2313/2313/2313 2315/2315/2315 2314/2314/2314
f 2316/2316/2316 2314/2314/2314 2315/2315/2315
f 2315/2315/2315 2317/2317/2317 2316/2316/2316
f 2318/2318/2318 2316/2316/2316 2317/2317/2317
f 2317/2317/2317 2319/2319/2319 2318/2318/2318
f 2320/2320/2320 2318/2318/2318 2319/2319/2319
f 2319/2319/2319 2321/2321/2321 2320/2320/2320
f 2322/2322/2322 2320/2320/2320 2321/2321/2321
f 2321/2321/2321 2323/2323/2323 2322/2322/2322
f 2324/2324/2324 2322/2322/2322 2323/2323/2323
f 2323/2323/2323 2325/2325/2325 2324/2324/2324
f 2328/2328/2328 2327/2327/2327 2326/2326/2326
f 2326/2326/2326 2329/2329/2329 2328/2328/2328
f 2330/2330/2330 2328/2328/2328 2329/2329/2329
f 2329/2329/2329 2331/2331/2331 2330/2330/2330
f 2332/2332/2332 2330/2330/2330 2331/2331/2331
f 2331/2331/2331 2333/2333/2333 2332/2332/2332
f 2334/2334/2334 2332/2332/2332 2333/2333/2333
f 2333/2333/2333 2335/2335/2335 2334/2334/2334
f 2336/2336/2336 2334/2334/2334 2335/2335/2335
f 2335/2335/2335 2337/2337/2337 2336/2336/2336
f 2338/2338/2338 2336/2336/2336 2337/2337/2337
f 2337/2337/2337 2339/2339/2339 2338/2338/2338
f 2340/2340/2340 2338/2338/2338 2339/2339/2339
f 2339/2339/2339 2341/2341/2341 2340/2340/2340
f 2344/2344/2344 2343/2343/2343 2342/2342/2342
f 2345/2345/2345 2343/2343/2343 2344/2344/2344
f 2344/2344/2344 2346/2346/2346 2345/2345/2345
f 2347/2347/2347 2345/2345/2345 2346/2346/2346
f 2346/2346/2346 2348/2348/2348 2347/2347/2347
f 2351/2351/2351 2350/2350/2350 2349/2349/2349
f 2349/2349/2349 2352/2352/2352 2351/2351/2351
f 2353/2353/2353 2351/2351/2351 2352/2352/2352
f 2353/2353/2353 2352/2352/2352 2354/2354/2354
f 2355/2355/2355 2353/2353/2353 2354/2354/2354
f 2358/2358/2358 2357/2357/2357 2356/2356/2356
f 2356/2356/2356 2359/2359/2359 2358/2358/2358
f 2360/2360/2360 2358/2358/2358 2359/2359/2359
f 2359/2359/2359 2361/2361/2361 2360/2360/2360
f 2362/2362/2362 2360/2360/2360 2361/2361/2361
f 2361/2361/2361 2363/2363/2363 2362/2362/2362
f 2364/2364/2364 2362/2362/2362 2363/2363/2363
f 2363/2363/2363 2365/2365/2365 2364/2364/2364
f 2366/2366/2366 2364/2364/2364 2365/2365/2365
f 2365/2365/2365 2367/2367/2367 2366/2366/2366
f 2368/2368/2368 2366/2366/2366 2367/2367/2367
f 2367/2367/2367 2369/2369/2369 2368/2368/2368
f 2370/2370/2370 2368/2368/2368 2369/2369/2369
f 2369/2369/2369 2371/2371/2371 2370/2370/2370
f 2374/2374/2374 2373/2373/2373 2372/2372/2372
f 2372/2372/2372 2375/2375/2375 2374/2374/2374
f 2376/2376/2376 2374/2374/2374 2375/2375/2375
f 2375/2375/2375 2377/2377/2377 2376/2376/2376
f 2378/2378/2378 2376/2376/2376 2377/2377/2377
f 2377/2377/2377 2379/2379/2379 2378/2378/2378
f 2380/2380/2380 2378/2378/2378 2379/2379/2379
f 2379/2379/2379 2381/2381/2381 2380/2380/2380
f 2382/2382/2382 2380/2380/2380 2381/2381/2381
f 2381/2381/2381 2383/2383/2383 2382/2382/2382
f 2384/2384/2384 2382/2382/2382 2383/2383/2383
f 2383/2383/2383 2385/2385/2385 2384/2384/2384
f 2386/2386/2386 2384/2384/2384 2385/2385/2385
f 2385/2385/2385 2387/2387/2387 2386/2386/2386
f 2390/2390/2390 2389/2389/2389 2388/2388/2388
f 2388/2388/2388 2391/2391/2391 2390/2390/2390
f 2392/2392/2392 2390/2390/2390 2391/2391/2391
f 2391/2391/2391 2393/2393/2393 2392/2392/2392
f 2394/2394/2394 2392/2392/2392 2393/2393/2393
f 2393/2393/2393 2395/2395/2395 2394/2394/2394
f 2396/2396/2396 2394/2394/2394 2395/2395/2395
f 2395/2395/2395 2397/2397/2397 2396/2396/2396
f 2398/2398/2398 2396/2396/2396 2397/2397/2397
f 2397/2397/2397 2399/2399/2399 2398/2398/2398
f 2400/2400/2400 2398/2398/2398 2399/2399/2399
f 2399/2399/2399 2401/2401/2401 2400/2400/2400
f 2402/2402/2402 2400/2400/2400 2401/2401/2401
f 2401/2401/2401 2403/2403/2403 2402/2402/2402
f 2406/2406/2406 2405/2405/2405 2404/2404/2404
f 2404/2404/2404 2407/2407/2407 2406/2406/2406
f 2408/2408/2408 2406/2406/2406 2407/2407/2407
f 2407/2407/2407 2409/2409/2409 2408/2408/2408
f 2410/2410/2410 2408/2408/2408 2409/2409/2409
f 2409/2409/2409 2411/2411/2411 2410/2410/2410
f 2412/2412/2412 2410/2410/2410 2411/2411/2411
f 2411/2411/2411 2413/2413/2413 2412/2412/2412
f 2414/2414/2414 2412/2412/2412 2413/2413/2413
f 2413/2413/2413 2415/2415/2415 2414/2414/2414
f 2416/2416/2416 2414/2414/2414 2415/2415/2415
f 2417/2417/2417 2416/2416/2416 2415/2415/2415
f 2415/2415/2415 2418/2418/2418 2417/2417/2417
f 2418/2418/2418 2419/2419/2419 2417/2417/2417
f 2420/2420/2420 2417/2417/2417 2419/2419/2419
f 2419/2419/2419 2421/2421/2421 2420/2420/2420
f 2422/2422/2422 2420/2420/2420 2421/2421/2421
f 2421/2421/2421 2423/2423/2423 2422/2422/2422
f 2426/2426/2426 2425/2425/2425 2424/2424/2424
f 2427/2427/2427 2425/2425/2425 2426/2426/2426
f 2426/2426/2426 2428/2428/2428 2427/2427/2427
f 2429/2429/2429 2427/2427/2427 2428/2428/2428
f 2428/2428/2428 2430/2430/2430 2429/2429/2429
f 2427/2427/2427 2429/2429/2429 2431/2431/2431
f 2429/2429/2429 2430/2430/2430 2431/2431/2431
f 2434/2434/2434 2433/2433/2433 2432/2432/2432
f 2432/2432/2432 2435/2435/2435 2434/2434/2434
f 2436/2436/2436 2434/2434/2434 2435/2435/2435
f 2435/2435/2435 2437/2437/2437 2436/2436/2436
f 2438/2438/2438 2436/2436/2436 2437/2437/2437
f 2437/2437/2437 2439/2439/2439 2438/2438/2438
f 2440/2440/2440 2438/2438/2438 2439/2439/2439
f 2439/2439/2439 2441/2441/2441 2440/2440/2440
f 2442/2442/2442 2440/2440/2440 2441/2441/2441
f 2441/2441/2441 2443/2443/2443 2442/2442/2442
f 2444/2444/2444 2442/2442/2442 2443/2443/2443
f 2443/2443/2443 2445/2445/2445 2444/2444/2444
f 2446/2446/2446 2444/2444/2444 2445/2445/2445
f 2445/2445/2445 2447/2447/2447 2446/2446/2446
f 2450/2450/2450 2449/2449/2449 2448/2448/2448
f 2448/2448/2448 2451/2451/2451 2450/2450/2450
f 2452/2452/2452 2450/2450/2450 2451/2451/2451
f 2451/2451/2451 2453/2453/2453 2452/2452/2452
f 2454/2454/2454 2452/2452/2452 2453/2453/2453
f 2453/2453/2453 2455/2455/2455 2454/2454/2454
f 2456/2456/2456 2454/2454/2454 2455/2455/2455
f 2455/2455/2455 2457/2457/2457 2456/2456/2456
f 2458/2458/2458 2456/2456/2456 2457/2457/2457
f 2457/2457/2457 2459/2459/2459 2458/2458/2458
f 2460/2460/2460 2458/2458/2458 2459/2459/2459
f 2459/2459/2459 2461/2461/2461 2460/2460/2460
f 2462/2462/2462 2460/2460/2460 2461/2461/2461
f 2461/2461/2461 2463/2463/2463 2462/2462/2462
f 2466/2466/2466 2465/2465/2465 2464/2464/2464
f 2464/2464/2464 2467/2467/2467 2466/2466/2466
f 2468/2468/2468 2466/2466/2466 2467/2467/2467
f 2467/2467/2467 2469/2469/2469 2468/2468/2468
f 2470/2470/2470 2468/2468/2468 2469/2469/2469
f 2473/2473/2473 2472/2472/2472 2471/2471/2471
f 2471/2471/2471 2474/2474/2474 2473/2473/2473
f 2475/2475/2475 2473/2473/2473 2474/2474/2474
f 2475/2475/2475 2474/2474/2474 2476/2476/2476
f 2477/2477/2477 2475/2475/2475 2476/2476/2476
f 2480/2480/2480 2479/2479/2479 2478/2478/2478
f 2478/2478/2478 2481/2481/2481 2480/2480/2480
f 2482/2482/2482 2480/2480/2480 2481/2481/2481
f 2481/2481/2481 2483/2483/2483 2482/2482/2482
f 2484/2484/2484 2482/2482/2482 2483/2483/2483
f 2483/2483/2483 2485/2485/2485 2484/2484/2484
f 2486/2486/2486 2484/2484/2484 2485/2485/2485
f 2485/2485/2485 2487/2487/2487 2486/2486/2486
f 2488/2488/2488 2486/2486/2486 2487/2487/2487
f 2487/2487/2487 2489/2489/2489 2488/2488/2488
f 2490/2490/2490 2488/2488/2488 2489/2489/2489
f 2489/2489/2489 2491/2491/2491 2490/2490/2490
f 2492/2492/2492 2490/2490/2490 2491/2491/2491
f 2491/2491/2491 2493/2493/2493 2492/2492/2492
f 2496/2496/2496 2495/2495/2495 2494/2494/2494
f 2494/2494/2494 2497/2497/2497 2496/2496/2496
f 2498/2498/2498 2496/2496/2496 2497/2497/2497
f 2497/2497/2497 2499/2499/2499 2498/2498/2498
f 2500/2500/2500 2498/2498/2498 2499/2499/2499
f 2499/2499/2499 2501/2501/2501 2500/2500/2500
f 2502/2502/2502 2500/2500/2500 2501/2501/2501
f 2501/2501/2501 2503/2503/2503 2502/2502/2502
f 2504/2504/2504 2502/2502/2502 2503/2503/2503
f 2503/2503/2503 2505/2505/2505 2504/2504/2504
f 2506/2506/2506 2504/2504/2504 2505/2505/2505
f 2505/2505/2505 2507/2507/2507 2506/2506/2506
f 2508/2508/2508 2506/2506/2506 2507/2507/2507
f 2507/2507/2507 2509/2509/2509 2508/2508/2508
f 2509/2509/2509 2510/2510/2510 2508/2508/2508
f 2511/2511/2511 2508/2508/2508 2510/2510/2510
f 2510/2510/2510 2512/2512/2512 2511/2511/2511
f 2513/2513/2513 2511/2511/2511 2512/2512/2512
f 2512/2512/2512 2514/2514/2514 2513/2513/2513
f 2517/2517/2517 2516/2516/2516 2515/2515/2515
f 2518/2518/2518 2516/2516/2516 2517/2517/2517
f 2517/2517/2517 2519/2519/2519 2518/2518/2518
f 2520/2520/2520 2518/2518/2518 2519/2519/2519
f 2519/2519/2519 2521/2521/2521 2520/2520/2520
f 2518/2518/2518 2520/2520/2520 2522/2522/2522
f 2520/2520/2520 2521/2521/2521 2522/2522/2522
f 2525/2525/2525 2524/2524/2524 2523/2523/2523
f 2523/2523/2523 2526/2526/2526 2525/2525/2525
f 2527/2527/2527 2525/2525/2525 2526/2526/2526
f 2526/2526/2526 2528/2528/2528 2527/2527/2527
f 2529/2529/2529 2527/2527/2527 2528/2528/2528
f 2528/2528/2528 2530/2530/2530 2529/2529/2529
f 2531/2531/2531 2529/2529/2529 2530/2530/2530
f 2530/2530/2530 2532/2532/2532 2531/2531/2531
f 2533/2533/2533 2531/2531/2531 2532/2532/2532
f 2532/2532/2532 2534/2534/2534 2533/2533/2533
f 2535/2535/2535 2533/2533/2533 2534/2534/2534
f 2534/2534/2534 2536/2536/2536 2535/2535/2535
f 2537/2537/2537 2535/2535/2535 2536/2536/2536
f 2536/2536/2536 2538/2538/2538 2537/2537/2537
f 2541/2541/2541 2540/2540/2540 2539/2539/2539
f 2539/2539/2539 2542/2542/2542 2541/2541/2541
f 2543/2543/2543 2541/2541/2541 2542/2542/2542
f 2542/2542/2542 2544/2544/2544 2543/2543/2543
f 2545/2545/2545 2543/2543/2543 2544/2544/2544
f 2544/2544/2544 2546/2546/2546 2545/2545/2545
f 2547/2547/2547 2545/2545/2545 2546/2546/2546
f 2546/2546/2546 2548/2548/2548 2547/2547/2547
f 2549/2549/2549 2547/2547/2547 2548/2548/2548
f 2548/2548/2548 2550/2550/2550 2549/2549/2549
f 2551/2551/2551 2549/2549/2549 2550/2550/2550
f 2550/2550/2550 2552/2552/2552 2551/2551/2551
f 2553/2553/2553 2551/2551/2551 2552/2552/2552
f 2552/2552/2552 2554/2554/2554 2553/2553/2553
f 2557/2557/2557 2556/2556/2556 2555/2555/2555
f 2558/2558/2558 2556/2556/2556 2557/2557/2557
f 2557/2557/2557 2559/2559/2559 2558/2558/2558
f 2560/2560/2560 2558/2558/2558 2559/2559/2559
f 2559/2559/2559 2561/2561/2561 2560/2560/2560
f 2564/2564/2564 2563/2563/2563 2562/2562/2562
f 2562/2562/2562 2565/2565/2565 2564/2564/2564
f 2566/2566/2566 2564/2564/2564 2565/2565/2565
f 2566/2566/2566 2565/2565/2565 2567/2567/2567
f 2568/2568/2568 2566/2566/2566 2567/2567/2567
f 2571/2571/2571 2570/2570/2570 2569/2569/2569
f 2569/2569/2569 2572/2572/2572 2571/2571/2571
f 2572/2572/2572 2569/2569/2569 2573/2573/2573
f 2573/2573/2573 2574/2574/2574 2572/2572/2572
f 2574/2574/2574 2573/2573/2573 2575/2575/2575
f 2574/2574/2574 2575/2575/2575 2576/2576/2576
f 2576/2576/2576 2577/2577/2577 2574/2574/2574
f 2577/2577/2577 2576/2576/2576 2578/2578/2578
f 2577/2577/2577 2578/2578/2578 2579/2579/2579
f 2579/2579/2579 2580/2580/2580 2577/2577/2577
f 2583/2583/2583 2582/2582/2582 2581/2581/2581
f 2582/2582/2582 2583/2583/2583 2584/2584/2584
f 2584/2584/2584 2585/2585/2585 2582/2582/2582
f 2584/2584/2584 2586/2586/2586 2585/2585/2585
f 2586/2586/2586 2584/2584/2584 2587/2587/2587
f 2587/2587/2587 2588/2588/2588 2586/2586/2586
f 2588/2588/2588 2587/2587/2587 2589/2589/2589
f 2589/2589/2589 2590/2590/2590 2588/2588/2588
f 2590/2590/2590 2589/2589/2589 2591/2591/2591
f 2591/2591/2591 2592/2592/2592 2590/2590/2590
f 2595/2595/2595 2594/2594/2594 2593/2593/2593
f 2594/2594/2594 2595/2595/2595 2596/2596/2596
f 2596/2596/2596 2597/2597/2597 2594/2594/2594
f 2596/2596/2596 2598/2598/2598 2597/2597/2597
f 2598/2598/2598 2596/2596/2596 2599/2599/2599
f 2599/2599/2599 2600/2600/2600 2598/2598/2598
f 2600/2600/2600 2599/2599/2599 2601/2601/2601
f 2601/2601/2601 2602/2602/2602 2600/2600/2600
f 2602/2602/2602 2601/2601/2601 2603/2603/2603
f 2603/2603/2603 2604/2604/2604 2602/2602/2602
f 2607/2607/2607 2606/2606/2606 2605/2605/2605
f 2608/2608/2608 2605/2605/2605 2606/2606/2606
f 2606/2606/2606 2609/2609/2609 2608/2608/2608
f 2609/2609/2609 2610/2610/2610 2608/2608/2608
f 2611/2611/2611 2608/2608/2608 2610/2610/2610
f 2610/2610/2610 2612/2612/2612 2611/2611/2611
f 2613/2613/2613 2611/2611/2611 2612/2612/2612
f 2612/2612/2612 2614/2614/2614 2613/2613/2613
f 2614/2614/2614 2615/2615/2615 2613/2613/2613
f 2616/2616/2616 2613/2613/2613 2615/2615/2615
f 2619/2619/2619 2618/2618/2618 2617/2617/2617
f 2620/2620/2620 2617/2617/2617 2618/2618/2618
f 2618/2618/2618 2621/2621/2621 2620/2620/2620
f 2621/2621/2621 2622/2622/2622 2620/2620/2620
f 2623/2623/2623 2620/2620/2620 2622/2622/2622
f 2622/2622/2622 2624/2624/2624 2623/2623/2623
f 2624/2624/2624 2625/2625/2625 2623/2623/2623
f 2626/2626/2626 2623/2623/2623 2625/2625/2625
f 2629/2629/2629 2628/2628/2628 2627/2627/2627
f 2628/2628/2628 2629/2629/2629 2630/2630/2630
f 2630/2630/2630 2631/2631/2631 2628/2628/2628
f 2631/2631/2631 2630/2630/2630 2632/2632/2632
f 2632/2632/2632 2633/2633/2633 2631/2631/2631
f 2633/2633/2633 2632/2632/2632 2634/2634/2634
f 2633/2633/2633 2634/2634/2634 2635/2635/2635
f 2635/2635/2635 2636/2636/2636 2633/2633/2633
f 2636/2636/2636 2635/2635/2635 2637/2637/2637
f 2640/2640/2640 2639/2639/2639 2638/2638/2638
f 2638/2638/2638 2641/2641/2641 2640/2640/2640
f 2641/2641/2641 2638/2638/2638 2642/2642/2642
f 2642/2642/2642 2643/2643/2643 2641/2641/2641
f 2643/2643/2643 2642/2642/2642 2644/2644/2644
f 2644/2644/2644 2645/2645/2645 2643/2643/2643
f 2645/2645/2645 2644/2644/2644 2646/2646/2646
f 2646/2646/2646 2647/2647/2647 2645/2645/2645
f 2647/2647/2647 2646/2646/2646 2648/2648/2648
f 2651/2651/2651 2650/2650/2650 2649/2649/2649
f 2649/2649/2649 2652/2652/2652 2651/2651/2651
f 2652/2652/2652 2649/2649/2649 2653/2653/2653
f 2653/2653/2653 2654/2654/2654 2652/2652/2652
f 2654/2654/2654 2653/2653/2653 2655/2655/2655
f 2655/2655/2655 2656/2656/2656 2654/2654/2654
f 2656/2656/2656 2655/2655/2655 2657/2657/2657
f 2656/2656/2656 2657/2657/2657 2658/2658/2658
f 2658/2658/2658 2659/2659/2659 2656/2656/2656
f 2662/2662/2662 2661/2661/2661 2660/2660/2660
f 2660/2660/2660 2663/2663/2663 2662/2662/2662
f 2663/2663/2663 2660/2660/2660 2664/2664/2664
f 2664/2664/2664 2665/2665/2665 2663/2663/2663
f 2665/2665/2665 2664/2664/2664 2666/2666/2666
f 2666/2666/2666 2667/2667/2667 2665/2665/2665
f 2667/2667/2667 2666/2666/2666 2668/2668/2668
f 2667/2667/2667 2668/2668/2668 2669/2669/2669
f 2669/2669/2669 2670/2670/2670 2667/2667/2667
f 2670/2670/2670 2669/2669/2669 2671/2671/2671
f 2674/2674/2674 2673/2673/2673 2672/2672/2672
f 2672/2672/2672 2675/2675/2675 2674/2674/2674
f 2675/2675/2675 2672/2672/2672 2676/2676/2676
f 2676/2676/2676 2677/2677/2677 2675/2675/2675
f 2677/2677/2677 2676/2676/2676 2678/2678/2678
f 2677/2677/2677 2678/2678/2678 2679/2679/2679
f 2679/2679/2679 2680/2680/2680 2677/2677/2677
f 2683/2683/2683 2682/2682/2682 2681/2681/2681
f 2682/2682/2682 2684/2684/2684 2681/2681/2681
f 2685/2685/2685 2681/2681/2681 2684/2684/2684
f 2684/2684/2684 2686/2686/2686 2685/2685/2685
f 2687/2687/2687 2685/2685/2685 2686/2686/2686
f 2686/2686/2686 2688/2688/2688 2687/2687/2687
f 2689/2689/2689 2687/2687/2687 2688/2688/2688
f 2688/2688/2688 2690/2690/2690 2689/2689/2689
f 2691/2691/2691 2689/2689/2689 2690/2690/2690
f 2690/2690/2690 2692/2692/2692 2691/2691/2691
f 2693/2693/2693 2691/2691/2691 2692/2692/2692
f 2694/2694/2694 2693/2693/2693 2692/2692/2692
f 2697/2697/2697 2696/2696/2696 2695/2695/2695
f 2696/2696/2696 2698/2698/2698 2695/2695/2695
f 2699/2699/2699 2695/2695/2695 2698/2698/2698
f 2698/2698/2698 2700/2700/2700 2699/2699/2699
f 2701/2701/2701 2699/2699/2699 2700/2700/2700
f 2700/2700/2700 2702/2702/2702 2701/2701/2701
f 2703/2703/2703 2701/2701/2701 2702/2702/2702
f 2702/2702/2702 2704/2704/2704 2703/2703/2703
f 2705/2705/2705 2703/2703/2703 2704/2704/2704
f 2704/2704/2704 2706/2706/2706 2705/2705/2705
f 2707/2707/2707 2705/2705/2705 2706/2706/2706
f 2708/2708/2708 2707/2707/2707 2706/2706/2706
f 2711/2711/2711 2710/2710/2710 2709/2709/2709
f 2710/2710/2710 2712/2712/2712 2709/2709/2709
f 2713/2713/2713 2709/2709/2709 2712/2712/2712
f 2712/2712/2712 2714/2714/2714 2713/2713/2713
f 2715/2715/2715 2713/2713/2713 2714/2714/2714
f 2714/2714/2714 2716/2716/2716 2715/2715/2715
f 2717/2717/2717 2715/2715/2715 2716/2716/2716
f 2716/2716/2716 2718/2718/2718 2717/2717/2717
f 2719/2719/2719 2717/2717/2717 2718/2718/2718
f 2718/2718/2718 2720/2720/2720 2719/2719/2719
f 2721/2721/2721 2719/2719/2719 2720/2720/2720
f 2722/2722/2722 2721/2721/2721 2720/2720/2720
f 2725/2725/2725 2724/2724/2724 2723/2723/2723
f 2724/2724/2724 2725/2725/2725 2726/2726/2726
f 2726/2726/2726 2727/2727/2727 2724/2724/2724
f 2724/2724/2724 2727/2727/2727 2728/2728/2728
f 2731/2731/2731 2730/2730/2730 2729/2729/2729
f 2729/2729/2729 2730/2730/2730 2732/2732/2732
f 2729/2729/2729 2732/2732/2732 2733/2733/2733
f 2733/2733/2733 2734/2734/2734 2729/2729/2729
f 2737/2737/2737 2736/2736/2736 2735/2735/2735
f 2738/2738/2738 2735/2735/2735 2736/2736/2736
f 2739/2739/2739 2738/2738/2738 2736/2736/2736
f 2736/2736/2736 2740/2740/2740 2739/2739/2739
f 2739/2739/2739 2740/2740/2740 2741/2741/2741
f 2741/2741/2741 2742/2742/2742 2739/2739/2739
f 2739/2739/2739 2742/2742/2742 2743/2743/2743
f 2744/2744/2744 2742/2742/2742 2741/2741/2741
f 2744/2744/2744 2743/2743/2743 2742/2742/2742
f 2744/2744/2744 2741/2741/2741 2745/2745/2745
f 2746/2746/2746 2743/2743/2743 2744/2744/2744
f 2745/2745/2745 2746/2746/2746 2744/2744/2744
f 2749/2749/2749 2748/2748/2748 2747/2747/2747
f 2750/2750/2750 2747/2747/2747 2748/2748/2748
f 2751/2751/2751 2750/2750/2750 2748/2748/2748
f 2748/2748/2748 2752/2752/2752 2751/2751/2751
f 2751/2751/2751 2752/2752/2752 2753/2753/2753
f 2753/2753/2753 2754/2754/2754 2751/2751/2751
f 2751/2751/2751 2754/2754/2754 2755/2755/2755
f 2756/2756/2756 2754/2754/2754 2753/2753/2753
f 2756/2756/2756 2755/2755/2755 2754/2754/2754
f 2756/2756/2756 2753/2753/2753 2757/2757/2757
f 2758/2758/2758 2755/2755/2755 2756/2756/2756
f 2757/2757/2757 2758/2758/2758 2756/2756/2756
f 2761/2761/2761 2760/2760/2760 2759/2759/2759
f 2760/2760/2760 2761/2761/2761 2762/2762/2762
f 2760/2760/2760 2762/2762/2762 2763/2763/2763
f 2763/2763/2763 2764/2764/2764 2760/2760/2760
f 2764/2764/2764 2763/2763/2763 2765/2765/2765
f 2764/2764/2764 2765/2765/2765 2766/2766/2766
f 2766/2766/2766 2767/2767/2767 2764/2764/2764
f 2767/2767/2767 2766/2766/2766 2768/2768/2768
f 2767/2767/2767 2768/2768/2768 2769/2769/2769
f 2769/2769/2769 2770/2770/2770 2767/2767/2767
f 2773/2773/2773 2772/2772/2772 2771/2771/2771
f 2774/2774/2774 2772/2772/2772 2773/2773/2773
f 2773/2773/2773 2775/2775/2775 2774/2774/2774
f 2773/2773/2773 2776/2776/2776 2775/2775/2775
f 2774/2774/2774 2775/2775/2775 2777/2777/2777
f 2777/2777/2777 2775/2775/2775 2776/2776/2776
f 2777/2777/2777 2778/2778/2778 2774/2774/2774
f 2776/2776/2776 2779/2779/2779 2777/2777/2777
f 2778/2778/2778 2777/2777/2777 2779/2779/2779
f 2782/2782/2782 2781/2781/2781 2780/2780/2780
f 2783/2783/2783 2781/2781/2781 2782/2782/2782
f 2782/2782/2782 2784/2784/2784 2783/2783/2783
f 2782/2782/2782 2785/2785/2785 2784/2784/2784
f 2783/2783/2783 2784/2784/2784 2786/2786/2786
f 2786/2786/2786 2784/2784/2784 2785/2785/2785
f 2786/2786/2786 2787/2787/2787 2783/2783/2783
f 2785/2785/2785 2788/2788/2788 2786/2786/2786
f 2787/2787/2787 2786/2786/2786 2788/2788/2788
f 2791/2791/2791 2790/2790/2790 2789/2789/2789
f 2791/2791/2791 2789/2789/2789 2792/2792/2792
f 2792/2792/2792 2793/2793/2793 2791/2791/2791
f 2791/2791/2791 2793/2793/2793 2794/2794/2794
f 2792/2792/2792 2795/2795/2795 2793/2793/2793
f 2796/2796/2796 2794/2794/2794 2793/2793/2793
f 2796/2796/2796 2793/2793/2793 2795/2795/2795
f 2799/2799/2799 2798/2798/2798 2797/2797/2797
f 2797/2797/2797 2800/2800/2800 2799/2799/2799
f 2800/2800/2800 2801/2801/2801 2799/2799/2799
f 2802/2802/2802 2799/2799/2799 2801/2801/2801
f 2801/2801/2801 2803/2803/2803 2802/2802/2802
f 2804/2804/2804 2802/2802/2802 2803/2803/2803
f 2803/2803/2803 2805/2805/2805 2804/2804/2804
f 2806/2806/2806 2804/2804/2804 2805/2805/2805
f 2805/2805/2805 2807/2807/2807 2806/2806/2806
f 2808/2808/2808 2806/2806/2806 2807/2807/2807
f 2807/2807/2807 2809/2809/2809 2808/2808/2808
f 2810/2810/2810 2808/2808/2808 2809/2809/2809
f 2811/2811/2811 2810/2810/2810 2809/2809/2809
f 2809/2809/2809 2812/2812/2812 2811/2811/2811
f 2815/2815/2815 2814/2814/2814 2813/2813/2813
f 2815/2815/2815 2813/2813/2813 2816/2816/2816
f 2816/2816/2816 2817/2817/2817 2815/2815/2815
f 2815/2815/2815 2817/2817/2817 2818/2818/2818
f 2816/2816/2816 2819/2819/2819 2817/2817/2817
f 2820/2820/2820 2818/2818/2818 2817/2817/2817
f 2820/2820/2820 2817/2817/2817 2819/2819/2819
f 2823/2823/2823 2822/2822/2822 2821/2821/2821
f 2821/2821/2821 2824/2824/2824 2823/2823/2823
f 2824/2824/2824 2825/2825/2825 2823/2823/2823
f 2826/2826/2826 2823/2823/2823 2825/2825/2825
f 2825/2825/2825 2827/2827/2827 2826/2826/2826
f 2828/2828/2828 2826/2826/2826 2827/2827/2827
f 2827/2827/2827 2829/2829/2829 2828/2828/2828
f 2830/2830/2830 2828/2828/2828 2829/2829/2829
f 2829/2829/2829 2831/2831/2831 2830/2830/2830
f 2832/2832/2832 2830/2830/2830 2831/2831/2831
f 2831/2831/2831 2833/2833/2833 2832/2832/2832
f 2834/2834/2834 2832/2832/2832 2833/2833/2833
f 2835/2835/2835 2834/2834/2834 2833/2833/2833
f 2833/2833/2833 2836/2836/2836 2835/2835/2835
f 2839/2839/2839 2838/2838/2838 2837/2837/2837
f 2839/2839/2839 2837/2837/2837 2840/2840/2840
f 2840/2840/2840 2841/2841/2841 2839/2839/2839
f 2839/2839/2839 2841/2841/2841 2842/2842/2842
f 2840/2840/2840 2843/2843/2843 2841/2841/2841
f 2844/2844/2844 2842/2842/2842 2841/2841/2841
f 2844/2844/2844 2841/2841/2841 2843/2843/2843
f 2847/2847/2847 2846/2846/2846 2845/2845/2845
f 2845/2845/2845 2848/2848/2848 2847/2847/2847
f 2848/2848/2848 2849/2849/2849 2847/2847/2847
f 2850/2850/2850 2847/2847/2847 2849/2849/2849
f 2849/2849/2849 2851/2851/2851 2850/2850/2850
f 2852/2852/2852 2850/2850/2850 2851/2851/2851
f 2851/2851/2851 2853/2853/2853 2852/2852/2852
f 2854/2854/2854 2852/2852/2852 2853/2853/2853
f 2853/2853/2853 2855/2855/2855 2854/2854/2854
f 2856/2856/2856 2854/2854/2854 2855/2855/2855
f 2855/2855/2855 2857/2857/2857 2856/2856/2856
f 2858/2858/2858 2856/2856/2856 2857/2857/2857
f 2859/2859/2859 2858/2858/2858 2857/2857/2857
f 2857/2857/2857 2860/2860/2860 2859/2859/2859
f 2863/2863/2863 2862/2862/2862 2861/2861/2861
f 2861/2861/2861 2862/2862/2862 2864/2864/2864
f 2864/2864/2864 2865/2865/2865 2861/2861/2861
f 2864/2864/2864 2862/2862/2862 2866/2866/2866
f 2869/2869/2869 2868/2868/2868 2867/2867/2867
f 2869/2869/2869 2867/2867/2867 2870/2870/2870
f 2870/2870/2870 2871/2871/2871 2869/2869/2869
f 2867/2867/2867 2872/2872/2872 2870/2870/2870
f 2870/2870/2870 2873/2873/2873 2871/2871/2871
f 2873/2873/2873 2870/2870/2870 2872/2872/2872
f 2874/2874/2874 2871/2871/2871 2873/2873/2873
f 2872/2872/2872 2875/2875/2875 2873/2873/2873
f 2874/2874/2874 2873/2873/2873 2875/2875/2875
f 2878/2878/2878 2877/2877/2877 2876/2876/2876
f 2878/2878/2878 2876/2876/2876 2879/2879/2879
f 2879/2879/2879 2880/2880/2880 2878/2878/2878
f 2876/2876/2876 2881/2881/2881 2879/2879/2879
f 2879/2879/2879 2882/2882/2882 2880/2880/2880
f 2882/2882/2882 2879/2879/2879 2881/2881/2881
f 2883/2883/2883 2880/2880/2880 2882/2882/2882
f 2881/2881/2881 2884/2884/2884 2882/2882/2882
f 2883/2883/2883 2882/2882/2882 2884/2884/2884
f 2887/2887/2887 2886/2886/2886 2885/2885/2885
f 2887/2887/2887 2885/2885/2885 2888/2888/2888
f 2888/2888/2888 2889/2889/2889 2887/2887/2887
f 2885/2885/2885 2890/2890/2890 2888/2888/2888
f 2888/2888/2888 2891/2891/2891 2889/2889/2889
f 2891/2891/2891 2888/2888/2888 2890/2890/2890
f 2892/2892/2892 2889/2889/2889 2891/2891/2891
f 2890/2890/2890 2893/2893/2893 2891/2891/2891
f 2892/2892/2892 2891/2891/2891 2893/2893/2893
f 2896/2896/2896 2895/2895/2895 2894/2894/2894
f 2894/2894/2894 2897/2897/2897 2896/2896/2896
f 2898/2898/2898 2896/2896/2896 2897/2897/2897
f 2897/2897/2897 2894/2894/2894 2899/2899/2899
f 2900/2900/2900 2898/2898/2898 2897/2897/2897
f 2899/2899/2899 2901/2901/2901 2897/2897/2897
f 2902/2902/2902 2901/2901/2901 2899/2899/2899
f 2899/2899/2899 2903/2903/2903 2902/2902/2902
f 2901/2901/2901 2904/2904/2904 2897/2897/2897
f 2904/2904/2904 2901/2901/2901 2902/2902/2902
f 2897/2897/2897 2905/2905/2905 2900/2900/2900
f 2906/2906/2906 2900/2900/2900 2905/2905/2905
f 2907/2907/2907 2906/2906/2906 2905/2905/2905
f 2904/2904/2904 2908/2908/2908 2897/2897/2897
f 2905/2905/2905 2897/2897/2897 2908/2908/2908
f 2902/2902/2902 2909/2909/2909 2904/2904/2904
f 2908/2908/2908 2904/2904/2904 2909/2909/2909
f 2903/2903/2903 2910/2910/2910 2902/2902/2902
f 2909/2909/2909 2902/2902/2902 2910/2910/2910
f 2910/2910/2910 2903/2903/2903 2911/2911/2911
f 2909/2909/2909 2912/2912/2912 2908/2908/2908
f 2912/2912/2912 2909/2909/2909 2910/2910/2910
f 2908/2908/2908 2913/2913/2913 2905/2905/2905
f 2913/2913/2913 2908/2908/2908 2912/2912/2912
f 2905/2905/2905 2914/2914/2914 2907/2907/2907
f 2914/2914/2914 2905/2905/2905 2913/2913/2913
f 2915/2915/2915 2907/2907/2907 2914/2914/2914
f 2912/2912/2912 2916/2916/2916 2913/2913/2913
f 2914/2914/2914 2917/2917/2917 2915/2915/2915
f 2917/2917/2917 2918/2918/2918 2915/2915/2915
f 2913/2913/2913 2919/2919/2919 2914/2914/2914
f 2919/2919/2919 2913/2913/2913 2916/2916/2916
f 2917/2917/2917 2914/2914/2914 2919/2919/2919
f 2920/2920/2920 2918/2918/2918 2917/2917/2917
f 2916/2916/2916 2921/2921/2921 2919/2919/2919
f 2917/2917/2917 2922/2922/2922 2920/2920/2920
f 2923/2923/2923 2920/2920/2920 2922/2922/2922
f 2919/2919/2919 2924/2924/2924 2917/2917/2917
f 2922/2922/2922 2917/2917/2917 2924/2924/2924
f 2924/2924/2924 2919/2919/2919 2921/2921/2921
f 2922/2922/2922 2925/2925/2925 2923/2923/2923
f 2926/2926/2926 2923/2923/2923 2925/2925/2925
f 2924/2924/2924 2927/2927/2927 2922/2922/2922
f 2925/2925/2925 2922/2922/2922 2927/2927/2927
f 2921/2921/2921 2928/2928/2928 2924/2924/2924
f 2927/2927/2927 2924/2924/2924 2928/2928/2928
f 2925/2925/2925 2929/2929/2929 2926/2926/2926
f 2926/2926/2926 2929/2929/2929 2930/2930/2930
f 2931/2931/2931 2930/2930/2930 2929/2929/2929
f 2929/2929/2929 2925/2925/2925 2932/2932/2932
f 2927/2927/2927 2932/2932/2932 2925/2925/2925
f 2929/2929/2929 2933/2933/2933 2931/2931/2931
f 2932/2932/2932 2933/2933/2933 2929/2929/2929
f 2933/2933/2933 2934/2934/2934 2931/2931/2931
f 2935/2935/2935 2932/2932/2932 2927/2927/2927
f 2933/2933/2933 2932/2932/2932 2935/2935/2935
f 2927/2927/2927 2936/2936/2936 2935/2935/2935
f 2928/2928/2928 2936/2936/2936 2927/2927/2927
f 2933/2933/2933 2935/2935/2935 2937/2937/2937
f 2934/2934/2934 2933/2933/2933 2938/2938/2938
f 2937/2937/2937 2938/2938/2938 2933/2933/2933
f 2938/2938/2938 2939/2939/2939 2934/2934/2934
f 2935/2935/2935 2940/2940/2940 2937/2937/2937
f 2940/2940/2940 2935/2935/2935 2936/2936/2936
f 2938/2938/2938 2937/2937/2937 2941/2941/2941
f 2941/2941/2941 2937/2937/2937 2940/2940/2940
f 2939/2939/2939 2938/2938/2938 2942/2942/2942
f 2941/2941/2941 2942/2942/2942 2938/2938/2938
f 2943/2943/2943 2939/2939/2939 2942/2942/2942
f 2942/2942/2942 2944/2944/2944 2943/2943/2943
f 2945/2945/2945 2944/2944/2944 2942/2942/2942
f 2942/2942/2942 2941/2941/2941 2945/2945/2945
f 2941/2941/2941 2946/2946/2946 2945/2945/2945
f 2940/2940/2940 2946/2946/2946 2941/2941/2941
f 2947/2947/2947 2945/2945/2945 2946/2946/2946
f 2948/2948/2948 2947/2947/2947 2946/2946/2946
f 2946/2946/2946 2949/2949/2949 2948/2948/2948
f 2949/2949/2949 2946/2946/2946 2940/2940/2940
f 2950/2950/2950 2948/2948/2948 2949/2949/2949
f 2951/2951/2951 2950/2950/2950 2949/2949/2949
f 2940/2940/2940 2952/2952/2952 2949/2949/2949
f 2952/2952/2952 2940/2940/2940 2936/2936/2936
f 2936/2936/2936 2928/2928/2928 2952/2952/2952
f 2949/2949/2949 2953/2953/2953 2951/2951/2951
f 2953/2953/2953 2949/2949/2949 2952/2952/2952
f 2954/2954/2954 2951/2951/2951 2953/2953/2953
f 2955/2955/2955 2952/2952/2952 2928/2928/2928
f 2952/2952/2952 2955/2955/2955 2953/2953/2953
f 2928/2928/2928 2921/2921/2921 2955/2955/2955
f 2953/2953/2953 2956/2956/2956 2954/2954/2954
f 2956/2956/2956 2953/2953/2953 2955/2955/2955
f 2957/2957/2957 2954/2954/2954 2956/2956/2956
f 2958/2958/2958 2955/2955/2955 2921/2921/2921
f 2955/2955/2955 2958/2958/2958 2956/2956/2956
f 2921/2921/2921 2916/2916/2916 2958/2958/2958
f 2916/2916/2916 2912/2912/2912 2958/2958/2958
f 2910/2910/2910 2958/2958/2958 2912/2912/2912
f 2956/2956/2956 2959/2959/2959 2957/2957/2957
f 2959/2959/2959 2956/2956/2956 2958/2958/2958
f 2958/2958/2958 2910/2910/2910 2959/2959/2959
f 2960/2960/2960 2957/2957/2957 2959/2959/2959
f 2959/2959/2959 2961/2961/2961 2960/2960/2960
f 2961/2961/2961 2959/2959/2959 2910/2910/2910
f 2962/2962/2962 2960/2960/2960 2961/2961/2961
f 2963/2963/2963 2961/2961/2961 2910/2910/2910
f 2961/2961/2961 2963/2963/2963 2962/2962/2962
f 2911/2911/2911 2963/2963/2963 2910/2910/2910
f 2964/2964/2964 2962/2962/2962 2963/2963/2963
f 2963/2963/2963 2911/2911/2911 2964/2964/2964
f 2967/2967/2967 2966/2966/2966 2965/2965/2965
f 2965/2965/2965 2968/2968/2968 2967/2967/2967
f 2968/2968/2968 2965/2965/2965 2969/2969/2969
f 2970/2970/2970 2967/2967/2967 2968/2968/2968
f 2969/2969/2969 2971/2971/2971 2968/2968/2968
f 2971/2971/2971 2969/2969/2969 2972/2972/2972
f 2968/2968/2968 2973/2973/2973 2970/2970/2970
f 2973/2973/2973 2968/2968/2968 2971/2971/2971
f 2970/2970/2970 2973/2973/2973 2974/2974/2974
f 2974/2974/2974 2975/2975/2975 2970/2970/2970
f 2976/2976/2976 2975/2975/2975 2974/2974/2974
f 2971/2971/2971 2977/2977/2977 2973/2973/2973
f 2974/2974/2974 2978/2978/2978 2976/2976/2976
f 2979/2979/2979 2976/2976/2976 2978/2978/2978
f 2980/2980/2980 2974/2974/2974 2973/2973/2973
f 2978/2978/2978 2974/2974/2974 2980/2980/2980
f 2973/2973/2973 2977/2977/2977 2980/2980/2980
f 2978/2978/2978 2981/2981/2981 2979/2979/2979
f 2982/2982/2982 2979/2979/2979 2981/2981/2981
f 2983/2983/2983 2982/2982/2982 2981/2981/2981
f 2980/2980/2980 2984/2984/2984 2978/2978/2978
f 2981/2981/2981 2978/2978/2978 2984/2984/2984
f 2980/2980/2980 2977/2977/2977 2985/2985/2985
f 2977/2977/2977 2971/2971/2971 2986/2986/2986
f 2986/2986/2986 2985/2985/2985 2977/2977/2977
f 2972/2972/2972 2986/2986/2986 2971/2971/2971
f 2987/2987/2987 2986/2986/2986 2972/2972/2972
f 2985/2985/2985 2986/2986/2986 2987/2987/2987
f 2972/2972/2972 2988/2988/2988 2987/2987/2987
f 2985/2985/2985 2989/2989/2989 2980/2980/2980
f 2984/2984/2984 2980/2980/2980 2989/2989/2989
f 2987/2987/2987 2990/2990/2990 2985/2985/2985
f 2989/2989/2989 2985/2985/2985 2990/2990/2990
f 2991/2991/2991 2987/2987/2987 2988/2988/2988
f 2990/2990/2990 2987/2987/2987 2991/2991/2991
f 2991/2991/2991 2988/2988/2988 2992/2992/2992
f 2992/2992/2992 2993/2993/2993 2991/2991/2991
f 2994/2994/2994 2991/2991/2991 2993/2993/2993
f 2991/2991/2991 2994/2994/2994 2990/2990/2990
f 2993/2993/2993 2995/2995/2995 2994/2994/2994
f 2995/2995/2995 2996/2996/2996 2994/2994/2994
f 2997/2997/2997 2990/2990/2990 2994/2994/2994
f 2990/2990/2990 2997/2997/2997 2989/2989/2989
f 2998/2998/2998 2994/2994/2994 2996/2996/2996
f 2994/2994/2994 2998/2998/2998 2997/2997/2997
f 2999/2999/2999 2998/2998/2998 2996/2996/2996
f 2997/2997/2997 2998/2998/2998 2999/2999/2999
f 2996/2996/2996 3000/3000/3000 2999/2999/2999
f 2989/2989/2989 2997/2997/2997 3001/3001/3001
f 2999/2999/2999 3001/3001/3001 2997/2997/2997
f 3002/3002/3002 2999/2999/2999 3000/3000/3000
f 3000/3000/3000 3003/3003/3003 3002/3002/3002
f 3004/3004/3004 3001/3001/3001 2999/2999/2999
f 2999/2999/2999 3002/3002/3002 3004/3004/3004
f 3001/3001/3001 3005/3005/3005 2989/2989/2989
f 2989/2989/2989 3005/3005/3005 2984/2984/2984
f 3001/3001/3001 3004/3004/3004 3006/3006/3006
f 3006/3006/3006 3005/3005/3005 3001/3001/3001
f 3007/3007/3007 2984/2984/2984 3005/3005/3005
f 3005/3005/3005 3006/3006/3006 3007/3007/3007
f 2984/2984/2984 3007/3007/3007 2981/2981/2981
f 3006/3006/3006 3004/3004/3004 3008/3008/3008
f 3008/3008/3008 3004/3004/3004 3002/3002/3002
f 3007/3007/3007 3006/3006/3006 3009/3009/3009
f 3008/3008/3008 3009/3009/3009 3006/3006/3006
f 2981/2981/2981 3007/3007/3007 3010/3010/3010
f 3009/3009/3009 3010/3010/3010 3007/3007/3007
f 3011/3011/3011 2981/2981/2981 3010/3010/3010
f 2981/2981/2981 3011/3011/3011 2983/2983/2983
f 3012/3012/3012 3010/3010/3010 3009/3009/3009
f 3010/3010/3010 3012/3012/3012 3011/3011/3011
f 2983/2983/2983 3011/3011/3011 3013/3013/3013
f 3013/3013/3013 3011/3011/3011 3012/3012/3012
f 3013/3013/3013 3014/3014/3014 2983/2983/2983
f 3015/3015/3015 3014/3014/3014 3013/3013/3013
f 3009/3009/3009 3016/3016/3016 3012/3012/3012
f 3016/3016/3016 3009/3009/3009 3008/3008/3008
f 3012/3012/3012 3017/3017/3017 3013/3013/3013
f 3017/3017/3017 3012/3012/3012 3016/3016/3016
f 3013/3013/3013 3018/3018/3018 3015/3015/3015
f 3018/3018/3018 3013/3013/3013 3017/3017/3017
f 3019/3019/3019 3015/3015/3015 3018/3018/3018
f 3018/3018/3018 3020/3020/3020 3019/3019/3019
f 3018/3018/3018 3021/3021/3021 3020/3020/3020
f 3017/3017/3017 3021/3021/3021 3018/3018/3018
f 3022/3022/3022 3020/3020/3020 3021/3021/3021
f 3016/3016/3016 3023/3023/3023 3017/3017/3017
f 3021/3021/3021 3017/3017/3017 3023/3023/3023
f 3021/3021/3021 3024/3024/3024 3022/3022/3022
f 3023/3023/3023 3024/3024/3024 3021/3021/3021
f 3025/3025/3025 3022/3022/3022 3024/3024/3024
f 3023/3023/3023 3016/3016/3016 3026/3026/3026
f 3024/3024/3024 3023/3023/3023 3026/3026/3026
f 3008/3008/3008 3026/3026/3026 3016/3016/3016
f 3024/3024/3024 3027/3027/3027 3025/3025/3025
f 3026/3026/3026 3027/3027/3027 3024/3024/3024
f 3025/3025/3025 3027/3027/3027 3028/3028/3028
f 3028/3028/3028 3029/3029/3029 3025/3025/3025
f 3027/3027/3027 3026/3026/3026 3030/3030/3030
f 3030/3030/3030 3028/3028/3028 3027/3027/3027
f 3032/3032/3032 3031/3031/3031 3029/3029/3029
f 3029/3029/3029 3028/3028/3028 3032/3032/3032
f 3033/3033/3033 3032/3032/3032 3028/3028/3028
f 3028/3028/3028 3030/3030/3030 3033/3033/3033
f 3026/3026/3026 3034/3034/3034 3030/3030/3030
f 3033/3033/3033 3030/3030/3030 3034/3034/3034
f 3034/3034/3034 3026/3026/3026 3008/3008/3008
f 3034/3034/3034 3035/3035/3035 3033/3033/3033
f 3036/3036/3036 3035/3035/3035 3034/3034/3034
f 3037/3037/3037 3034/3034/3034 3008/3008/3008
f 3034/3034/3034 3037/3037/3037 3036/3036/3036
f 3002/3002/3002 3037/3037/3037 3008/3008/3008
f 3003/3003/3003 3036/3036/3036 3037/3037/3037
f 3037/3037/3037 3002/3002/3002 3003/3003/3003
f 3040/3040/3040 3039/3039/3039 3038/3038/3038
f 3038/3038/3038 3041/3041/3041 3040/3040/3040
f 3042/3042/3042 3040/3040/3040 3041/3041/3041
f 3041/3041/3041 3038/3038/3038 3043/3043/3043
f 3044/3044/3044 3042/3042/3042 3041/3041/3041
f 3043/3043/3043 3045/3045/3045 3041/3041/3041
f 3041/3041/3041 3046/3046/3046 3044/3044/3044
f 3046/3046/3046 3041/3041/3041 3045/3045/3045
f 3047/3047/3047 3044/3044/3044 3046/3046/3046
f 3045/3045/3045 3043/3043/3043 3048/3048/3048
f 3046/3046/3046 3049/3049/3049 3047/3047/3047
f 3050/3050/3050 3047/3047/3047 3049/3049/3049
f 3045/3045/3045 3051/3051/3051 3046/3046/3046
f 3049/3049/3049 3046/3046/3046 3051/3051/3051
f 3048/3048/3048 3052/3052/3052 3045/3045/3045
f 3049/3049/3049 3053/3053/3053 3050/3050/3050
f 3054/3054/3054 3050/3050/3050 3053/3053/3053
f 3051/3051/3051 3055/3055/3055 3049/3049/3049
f 3053/3053/3053 3049/3049/3049 3055/3055/3055
f 3051/3051/3051 3045/3045/3045 3056/3056/3056
f 3055/3055/3055 3051/3051/3051 3056/3056/3056
f 3052/3052/3052 3056/3056/3056 3045/3045/3045
f 3053/3053/3053 3057/3057/3057 3054/3054/3054
f 3058/3058/3058 3054/3054/3054 3057/3057/3057
f 3055/3055/3055 3059/3059/3059 3053/3053/3053
f 3057/3057/3057 3053/3053/3053 3059/3059/3059
f 3057/3057/3057 3060/3060/3060 3058/3058/3058
f 3061/3061/3061 3058/3058/3058 3060/3060/3060
f 3059/3059/3059 3062/3062/3062 3057/3057/3057
f 3060/3060/3060 3057/3057/3057 3062/3062/3062
f 3059/3059/3059 3055/3055/3055 3063/3063/3063
f 3056/3056/3056 3063/3063/3063 3055/3055/3055
f 3062/3062/3062 3059/3059/3059 3064/3064/3064
f 3063/3063/3063 3064/3064/3064 3059/3059/3059
f 3062/3062/3062 3065/3065/3065 3060/3060/3060
f 3060/3060/3060 3066/3066/3066 3061/3061/3061
f 3066/3066/3066 3060/3060/3060 3065/3065/3065
f 3067/3067/3067 3061/3061/3061 3066/3066/3066
f 3068/3068/3068 3067/3067/3067 3066/3066/3066
f 3065/3065/3065 3062/3062/3062 3069/3069/3069
f 3064/3064/3064 3069/3069/3069 3062/3062/3062
f 3066/3066/3066 3070/3070/3070 3068/3068/3068
f 3071/3071/3071 3068/3068/3068 3070/3070/3070
f 3065/3065/3065 3072/3072/3072 3066/3066/3066
f 3070/3070/3070 3066/3066/3066 3072/3072/3072
f 3069/3069/3069 3073/3073/3073 3065/3065/3065
f 3072/3072/3072 3065/3065/3065 3073/3073/3073
f 3070/3070/3070 3074/3074/3074 3071/3071/3071
f 3073/3073/3073 3075/3075/3075 3072/3072/3072
f 3074/3074/3074 3076/3076/3076 3071/3071/3071
f 3077/3077/3077 3071/3071/3071 3076/3076/3076
f 3078/3078/3078 3077/3077/3077 3076/3076/3076
f 3074/3074/3074 3070/3070/3070 3079/3079/3079
f 3072/3072/3072 3079/3079/3079 3070/3070/3070
f 3076/3076/3076 3074/3074/3074 3079/3079/3079
f 3079/3079/3079 3072/3072/3072 3075/3075/3075
f 3076/3076/3076 3080/3080/3080 3078/3078/3078
f 3078/3078/3078 3080/3080/3080 3081/3081/3081
f 3082/3082/3082 3081/3081/3081 3080/3080/3080
f 3080/3080/3080 3076/3076/3076 3083/3083/3083
f 3079/3079/3079 3083/3083/3083 3076/3076/3076
f 3080/3080/3080 3084/3084/3084 3082/3082/3082
f 3083/3083/3083 3084/3084/3084 3080/3080/3080
f 3082/3082/3082 3084/3084/3084 3085/3085/3085
f 3084/3084/3084 3083/3083/3083 3085/3085/3085
f 3085/3085/3085 3086/3086/3086 3082/3082/3082
f 3083/3083/3083 3079/3079/3079 3087/3087/3087
f 3087/3087/3087 3085/3085/3085 3083/3083/3083
f 3086/3086/3086 3085/3085/3085 3088/3088/3088
f 3089/3089/3089 3087/3087/3087 3079/3079/3079
f 3075/3075/3075 3089/3089/3089 3079/3079/3079
f 3085/3085/3085 3090/3090/3090 3088/3088/3088
f 3085/3085/3085 3087/3087/3087 3090/3090/3090
f 3086/3086/3086 3088/3088/3088 3091/3091/3091
f 3091/3091/3091 3088/3088/3088 3090/3090/3090
f 3091/3091/3091 3092/3092/3092 3086/3086/3086
f 3094/3094/3094 3093/3093/3093 3092/3092/3092
f 3092/3092/3092 3091/3091/3091 3094/3094/3094
f 3095/3095/3095 3094/3094/3094 3091/3091/3091
f 3091/3091/3091 3096/3096/3096 3095/3095/3095
f 3090/3090/3090 3096/3096/3096 3091/3091/3091
f 3097/3097/3097 3095/3095/3095 3096/3096/3096
f 3096/3096/3096 3098/3098/3098 3097/3097/3097
f 3098/3098/3098 3096/3096/3096 3090/3090/3090
f 3099/3099/3099 3097/3097/3097 3098/3098/3098
f 3100/3100/3100 3099/3099/3099 3098/3098/3098
f 3090/3090/3090 3101/3101/3101 3098/3098/3098
f 3101/3101/3101 3090/3090/3090 3087/3087/3087
f 3098/3098/3098 3102/3102/3102 3100/3100/3100
f 3103/3103/3103 3100/3100/3100 3102/3102/3102
f 3101/3101/3101 3104/3104/3104 3098/3098/3098
f 3104/3104/3104 3101/3101/3101 3087/3087/3087
f 3102/3102/3102 3098/3098/3098 3104/3104/3104
f 3087/3087/3087 3089/3089/3089 3104/3104/3104
f 3105/3105/3105 3104/3104/3104 3089/3089/3089
f 3104/3104/3104 3105/3105/3105 3102/3102/3102
f 3089/3089/3089 3075/3075/3075 3105/3105/3105
f 3102/3102/3102 3106/3106/3106 3103/3103/3103
f 3106/3106/3106 3102/3102/3102 3105/3105/3105
f 3107/3107/3107 3103/3103/3103 3106/3106/3106
f 3108/3108/3108 3105/3105/3105 3075/3075/3075
f 3105/3105/3105 3108/3108/3108 3106/3106/3106
f 3075/3075/3075 3073/3073/3073 3108/3108/3108
f 3073/3073/3073 3069/3069/3069 3108/3108/3108
f 3106/3106/3106 3109/3109/3109 3107/3107/3107
f 3109/3109/3109 3106/3106/3106 3108/3108/3108
f 3110/3110/3110 3107/3107/3107 3109/3109/3109
f 3111/3111/3111 3108/3108/3108 3069/3069/3069
f 3108/3108/3108 3111/3111/3111 3109/3109/3109
f 3069/3069/3069 3064/3064/3064 3111/3111/3111
f 3109/3109/3109 3112/3112/3112 3110/3110/3110
f 3112/3112/3112 3109/3109/3109 3111/3111/3111
f 3113/3113/3113 3110/3110/3110 3112/3112/3112
f 3114/3114/3114 3111/3111/3111 3064/3064/3064
f 3111/3111/3111 3114/3114/3114 3112/3112/3112
f 3064/3064/3064 3063/3063/3063 3114/3114/3114
f 3112/3112/3112 3115/3115/3115 3113/3113/3113
f 3115/3115/3115 3112/3112/3112 3114/3114/3114
f 3116/3116/3116 3113/3113/3113 3115/3115/3115
f 3117/3117/3117 3114/3114/3114 3063/3063/3063
f 3114/3114/3114 3117/3117/3117 3115/3115/3115
f 3063/3063/3063 3056/3056/3056 3117/3117/3117
f 3115/3115/3115 3118/3118/3118 3116/3116/3116
f 3118/3118/3118 3115/3115/3115 3117/3117/3117
f 3119/3119/3119 3116/3116/3116 3118/3118/3118
f 3120/3120/3120 3117/3117/3117 3056/3056/3056
f 3117/3117/3117 3120/3120/3120 3118/3118/3118
f 3121/3121/3121 3120/3120/3120 3056/3056/3056
f 3056/3056/3056 3052/3052/3052 3121/3121/3121
f 3122/3122/3122 3118/3118/3118 3120/3120/3120
f 3118/3118/3118 3122/3122/3122 3119/3119/3119
f 3120/3120/3120 3121/3121/3121 3122/3122/3122
f 3123/3123/3123 3119/3119/3119 3122/3122/3122
f 3124/3124/3124 3123/3123/3123 3122/3122/3122
f 3125/3125/3125 3124/3124/3124 3122/3122/3122
f 3122/3122/3122 3126/3126/3126 3125/3125/3125
f 3121/3121/3121 3127/3127/3127 3122/3122/3122
f 3126/3126/3126 3122/3122/3122 3127/3127/3127
f 3127/3127/3127 3121/3121/3121 3052/3052/3052
f 3127/3127/3127 3048/3048/3048 3126/3126/3126
f 3048/3048/3048 3127/3127/3127 3052/3052/3052
f 3130/3130/3130 3129/3129/3129 3128/3128/3128
f 3128/3128/3128 3131/3131/3131 3130/3130/3130
f 3132/3132/3132 3130/3130/3130 3131/3131/3131
f 3131/3131/3131 3128/3128/3128 3133/3133/3133
f 3131/3131/3131 3134/3134/3134 3132/3132/3132
f 3135/3135/3135 3132/3132/3132 3134/3134/3134
f 3133/3133/3133 3136/3136/3136 3131/3131/3131
f 3134/3134/3134 3131/3131/3131 3136/3136/3136
f 3136/3136/3136 3133/3133/3133 3137/3137/3137
f 3134/3134/3134 3138/3138/3138 3135/3135/3135
f 3139/3139/3139 3135/3135/3135 3138/3138/3138
f 3140/3140/3140 3139/3139/3139 3138/3138/3138
f 3137/3137/3137 3141/3141/3141 3136/3136/3136
f 3141/3141/3141 3137/3137/3137 3142/3142/3142
f 3136/3136/3136 3143/3143/3143 3134/3134/3134
f 3138/3138/3138 3134/3134/3134 3143/3143/3143
f 3141/3141/3141 3144/3144/3144 3136/3136/3136
f 3143/3143/3143 3136/3136/3136 3144/3144/3144
f 3142/3142/3142 3145/3145/3145 3141/3141/3141
f 3144/3144/3144 3141/3141/3141 3145/3145/3145
f 3145/3145/3145 3142/3142/3142 3146/3146/3146
f 3144/3144/3144 3147/3147/3147 3143/3143/3143
f 3146/3146/3146 3148/3148/3148 3145/3145/3145
f 3148/3148/3148 3146/3146/3146 3149/3149/3149
f 3149/3149/3149 3150/3150/3150 3148/3148/3148
f 3145/3145/3145 3151/3151/3151 3144/3144/3144
f 3151/3151/3151 3145/3145/3145 3148/3148/3148
f 3147/3147/3147 3144/3144/3144 3151/3151/3151
f 3152/3152/3152 3148/3148/3148 3150/3150/3150
f 3148/3148/3148 3152/3152/3152 3151/3151/3151
f 3150/3150/3150 3153/3153/3153 3152/3152/3152
f 3153/3153/3153 3154/3154/3154 3152/3152/3152
f 3155/3155/3155 3151/3151/3151 3152/3152/3152
f 3151/3151/3151 3155/3155/3155 3147/3147/3147
f 3156/3156/3156 3152/3152/3152 3154/3154/3154
f 3152/3152/3152 3156/3156/3156 3155/3155/3155
f 3154/3154/3154 3157/3157/3157 3156/3156/3156
f 3158/3158/3158 3147/3147/3147 3155/3155/3155
f 3159/3159/3159 3156/3156/3156 3157/3157/3157
f 3157/3157/3157 3160/3160/3160 3159/3159/3159
f 3161/3161/3161 3155/3155/3155 3156/3156/3156
f 3156/3156/3156 3159/3159/3159 3161/3161/3161
f 3155/3155/3155 3161/3161/3161 3158/3158/3158
f 3162/3162/3162 3159/3159/3159 3160/3160/3160
f 3160/3160/3160 3163/3163/3163 3162/3162/3162
f 3163/3163/3163 3164/3164/3164 3162/3162/3162
f 3165/3165/3165 3161/3161/3161 3159/3159/3159
f 3159/3159/3159 3162/3162/3162 3165/3165/3165
f 3166/3166/3166 3162/3162/3162 3164/3164/3164
f 3164/3164/3164 3167/3167/3167 3166/3166/3166
f 3168/3168/3168 3165/3165/3165 3162/3162/3162
f 3162/3162/3162 3166/3166/3166 3168/3168/3168
f 3161/3161/3161 3165/3165/3165 3169/3169/3169
f 3169/3169/3169 3158/3158/3158 3161/3161/3161
f 3165/3165/3165 3168/3168/3168 3170/3170/3170
f 3170/3170/3170 3169/3169/3169 3165/3165/3165
f 3171/3171/3171 3166/3166/3166 3167/3167/3167
f 3167/3167/3167 3172/3172/3172 3171/3171/3171
f 3171/3171/3171 3172/3172/3172 3173/3173/3173
f 3173/3173/3173 3174/3174/3174 3171/3171/3171
f 3166/3166/3166 3171/3171/3171 3175/3175/3175
f 3175/3175/3175 3171/3171/3171 3174/3174/3174
f 3175/3175/3175 3168/3168/3168 3166/3166/3166
f 3175/3175/3175 3174/3174/3174 3176/3176/3176
f 3168/3168/3168 3175/3175/3175 3177/3177/3177
f 3176/3176/3176 3177/3177/3177 3175/3175/3175
f 3177/3177/3177 3170/3170/3170 3168/3168/3168
f 3177/3177/3177 3176/3176/3176 3178/3178/3178
f 3170/3170/3170 3177/3177/3177 3179/3179/3179
f 3169/3169/3169 3170/3170/3170 3179/3179/3179
f 3178/3178/3178 3180/3180/3180 3177/3177/3177
f 3180/3180/3180 3179/3179/3179 3177/3177/3177
f 3180/3180/3180 3178/3178/3178 3181/3181/3181
f 3181/3181/3181 3182/3182/3182 3180/3180/3180
f 3179/3179/3179 3180/3180/3180 3182/3182/3182
f 3182/3182/3182 3181/3181/3181 3183/3183/3183
f 3183/3183/3183 3184/3184/3184 3182/3182/3182
f 3185/3185/3185 3182/3182/3182 3184/3184/3184
f 3182/3182/3182 3185/3185/3185 3179/3179/3179
f 3184/3184/3184 3186/3186/3186 3185/3185/3185
f 3186/3186/3186 3187/3187/3187 3185/3185/3185
f 3179/3179/3179 3188/3188/3188 3169/3169/3169
f 3188/3188/3188 3179/3179/3179 3185/3185/3185
f 3158/3158/3158 3169/3169/3169 3188/3188/3188
f 3189/3189/3189 3185/3185/3185 3187/3187/3187
f 3185/3185/3185 3189/3189/3189 3188/3188/3188
f 3187/3187/3187 3190/3190/3190 3189/3189/3189
f 3188/3188/3188 3191/3191/3191 3158/3158/3158
f 3191/3191/3191 3188/3188/3188 3189/3189/3189
f 3192/3192/3192 3189/3189/3189 3190/3190/3190
f 3189/3189/3189 3192/3192/3192 3191/3191/3191
f 3190/3190/3190 3140/3140/3140 3192/3192/3192
f 3138/3138/3138 3192/3192/3192 3140/3140/3140
f 3191/3191/3191 3193/3193/3193 3158/3158/3158
f 3193/3193/3193 3191/3191/3191 3192/3192/3192
f 3192/3192/3192 3138/3138/3138 3193/3193/3193
f 3147/3147/3147 3158/3158/3158 3193/3193/3193
f 3143/3143/3143 3193/3193/3193 3138/3138/3138
f 3193/3193/3193 3143/3143/3143 3147/3147/3147
f 3196/3196/3196 3195/3195/3195 3194/3194/3194
f 3194/3194/3194 3197/3197/3197 3196/3196/3196
f 3199/3199/3199 3198/3198/3198 3195/3195/3195
f 3198/3198/3198 3199/3199/3199 3200/3200/3200
f 3200/3200/3200 3197/3197/3197 3201/3201/3201
f 3200/3200/3200 3201/3201/3201 3198/3198/3198
f 3204/3204/3204 3203/3203/3203 3202/3202/3202
f 3205/3205/3205 3202/3202/3202 3203/3203/3203
f 3202/3202/3202 3205/3205/3205 3206/3206/3206
f 3207/3207/3207 3206/3206/3206 3205/3205/3205
f 3203/3203/3203 3208/3208/3208 3205/3205/3205
f 3205/3205/3205 3208/3208/3208 3207/3207/3207
f 3203/3203/3203 3209/3209/3209 3208/3208/3208
f 3207/3207/3207 3208/3208/3208 3209/3209/3209
f 3212/3212/3212 3211/3211/3211 3210/3210/3210
f 3213/3213/3213 3210/3210/3210 3211/3211/3211
f 3211/3211/3211 3214/3214/3214 3213/3213/3213
f 3215/3215/3215 3213/3213/3213 3214/3214/3214
f 3214/3214/3214 3216/3216/3216 3215/3215/3215
f 3217/3217/3217 3215/3215/3215 3216/3216/3216
f 3216/3216/3216 3218/3218/3218 3217/3217/3217
f 3218/3218/3218 3212/3212/3212 3219/3219/3219
f 3219/3219/3219 3217/3217/3217 3218/3218/3218
f 3222/3222/3222 3221/3221/3221 3220/3220/3220
f 3223/3223/3223 3220/3220/3220 3221/3221/3221
f 3221/3221/3221 3224/3224/3224 3223/3223/3223
f 3225/3225/3225 3223/3223/3223 3224/3224/3224
f 3223/3223/3223 3225/3225/3225 3226/3226/3226
f 3227/3227/3227 3226/3226/3226 3225/3225/3225
f 3225/3225/3225 3228/3228/3228 3227/3227/3227
f 3229/3229/3229 3227/3227/3227 3228/3228/3228
f 3228/3228/3228 3230/3230/3230 3229/3229/3229
f 3231/3231/3231 3229/3229/3229 3230/3230/3230
f 3230/3230/3230 3232/3232/3232 3231/3231/3231
f 3222/3222/3222 3231/3231/3231 3232/3232/3232
f 3235/3235/3235 3234/3234/3234 3233/3233/3233
f 3236/3236/3236 3233/3233/3233 3234/3234/3234
f 3234/3234/3234 3237/3237/3237 3236/3236/3236
f 3238/3238/3238 3236/3236/3236 3237/3237/3237
f 3236/3236/3236 3238/3238/3238 3239/3239/3239
f 3240/3240/3240 3239/3239/3239 3238/3238/3238
f 3238/3238/3238 3241/3241/3241 3240/3240/3240
f 3242/3242/3242 3240/3240/3240 3241/3241/3241
f 3241/3241/3241 3243/3243/3243 3242/3242/3242
f 3243/3243/3243 3244/3244/3244 3242/3242/3242
f 3245/3245/3245 3242/3242/3242 3244/3244/3244
f 3235/3235/3235 3245/3245/3245 3244/3244/3244
f 3248/3248/3248 3247/3247/3247 3246/3246/3246
f 3249/3249/3249 3246/3246/3246 3247/3247/3247
f 3247/3247/3247 3250/3250/3250 3249/3249/3249
f 3251/3251/3251 3249/3249/3249 3250/3250/3250
f 3249/3249/3249 3251/3251/3251 3252/3252/3252
f 3253/3253/3253 3252/3252/3252 3251/3251/3251
f 3251/3251/3251 3254/3254/3254 3253/3253/3253
f 3255/3255/3255 3253/3253/3253 3254/3254/3254
f 3254/3254/3254 3256/3256/3256 3255/3255/3255
f 3257/3257/3257 3255/3255/3255 3256/3256/3256
f 3256/3256/3256 3258/3258/3258 3257/3257/3257
f 3248/3248/3248 3257/3257/3257 3258/3258/3258
f 3261/3261/3261 3260/3260/3260 3259/3259/3259
f 3262/3262/3262 3259/3259/3259 3260/3260/3260
f 3260/3260/3260 3263/3263/3263 3262/3262/3262
f 3264/3264/3264 3262/3262/3262 3263/3263/3263
f 3262/3262/3262 3264/3264/3264 3265/3265/3265
f 3266/3266/3266 3265/3265/3265 3264/3264/3264
f 3264/3264/3264 3267/3267/3267 3266/3266/3266
f 3268/3268/3268 3266/3266/3266 3267/3267/3267
f 3267/3267/3267 3269/3269/3269 3268/3268/3268
f 3269/3269/3269 3270/3270/3270 3268/3268/3268
f 3271/3271/3271 3268/3268/3268 3270/3270/3270
f 3261/3261/3261 3271/3271/3271 3270/3270/3270
f 3274/3274/3274 3273/3273/3273 3272/3272/3272
f 3275/3275/3275 3272/3272/3272 3273/3273/3273
f 3273/3273/3273 3276/3276/3276 3275/3275/3275
f 3277/3277/3277 3275/3275/3275 3276/3276/3276
f 3275/3275/3275 3277/3277/3277 3278/3278/3278
f 3279/3279/3279 3278/3278/3278 3277/3277/3277
f 3277/3277/3277 3280/3280/3280 3279/3279/3279
f 3281/3281/3281 3279/3279/3279 3280/3280/3280
f 3280/3280/3280 3282/3282/3282 3281/3281/3281
f 3283/3283/3283 3281/3281/3281 3282/3282/3282
f 3282/3282/3282 3284/3284/3284 3283/3283/3283
f 3274/3274/3274 3283/3283/3283 3284/3284/3284
f 3287/3287/3287 3286/3286/3286 3285/3285/3285
f 3288/3288/3288 3285/3285/3285 3286/3286/3286
f 3286/3286/3286 3289/3289/3289 3288/3288/3288
f 3290/3290/3290 3288/3288/3288 3289/3289/3289
f 3288/3288/3288 3290/3290/3290 3291/3291/3291
f 3292/3292/3292 3291/3291/3291 3290/3290/3290
f 3290/3290/3290 3293/3293/3293 3292/3292/3292
f 3294/3294/3294 3292/3292/3292 3293/3293/3293
f 3293/3293/3293 3295/3295/3295 3294/3294/3294
f 3295/3295/3295 3296/3296/3296 3294/3294/3294
f 3297/3297/3297 3294/3294/3294 3296/3296/3296
f 3287/3287/3287 3297/3297/3297 3296/3296/3296
f 3300/3300/3300 3299/3299/3299 3298/3298/3298
f 3301/3301/3301 3300/3300/3300 3298/3298/3298
f 3302/3302/3302 3298/3298/3298 3299/3299/3299
f 3298/3298/3298 3303/3303/3303 3301/3301/3301
f 3298/3298/3298 3302/3302/3302 3304/3304/3304
f 3305/3305/3305 3301/3301/3301 3303/3303/3303
f 3306/3306/3306 3304/3304/3304 3302/3302/3302
f 3303/3303/3303 3307/3307/3307 3305/3305/3305
f 3302/3302/3302 3308/3308/3308 3306/3306/3306
f 3309/3309/3309 3305/3305/3305 3307/3307/3307
f 3310/3310/3310 3306/3306/3306 3308/3308/3308
f 3308/3308/3308 3309/3309/3309 3310/3310/3310
f 3307/3307/3307 3311/3311/3311 3309/3309/3309
f 3311/3311/3311 3310/3310/3310 3309/3309/3309
f 3314/3314/3314 3313/3313/3313 3312/3312/3312
f 3315/3315/3315 3314/3314/3314 3312/3312/3312
f 3316/3316/3316 3312/3312/3312 3313/3313/3313
f 3312/3312/3312 3317/3317/3317 3315/3315/3315
f 3312/3312/3312 3316/3316/3316 3318/3318/3318
f 3319/3319/3319 3315/3315/3315 3317/3317/3317
f 3320/3320/3320 3318/3318/3318 3316/3316/3316
f 3317/3317/3317 3321/3321/3321 3319/3319/3319
f 3316/3316/3316 3322/3322/3322 3320/3320/3320
f 3323/3323/3323 3319/3319/3319 3321/3321/3321
f 3324/3324/3324 3320/3320/3320 3322/3322/3322
f 3322/3322/3322 3323/3323/3323 3324/3324/3324
f 3321/3321/3321 3325/3325/3325 3323/3323/3323
f 3325/3325/3325 3324/3324/3324 3323/3323/3323
f 3328/3328/3328 3327/3327/3327 3326/3326/3326
f 3329/3329/3329 3328/3328/3328 3326/3326/3326
f 3330/3330/3330 3326/3326/3326 3327/3327/3327
f 3326/3326/3326 3331/3331/3331 3329/3329/3329
f 3326/3326/3326 3330/3330/3330 3332/3332/3332
f 3333/3333/3333 3329/3329/3329 3331/3331/3331
f 3334/3334/3334 3332/3332/3332 3330/3330/3330
f 3331/3331/3331 3335/3335/3335 3333/3333/3333
f 3330/3330/3330 3336/3336/3336 3334/3334/3334
f 3337/3337/3337 3333/3333/3333 3335/3335/3335
f 3338/3338/3338 3334/3334/3334 3336/3336/3336
f 3336/3336/3336 3337/3337/3337 3338/3338/3338
f 3335/3335/3335 3339/3339/3339 3337/3337/3337
f 3339/3339/3339 3338/3338/3338 3337/3337/3337
f 3342/3342/3342 3341/3341/3341 3340/3340/3340
f 3343/3343/3343 3342/3342/3342 3340/3340/3340
f 3344/3344/3344 3340/3340/3340 3341/3341/3341
f 3343/3343/3343 3340/3340/3340 3345/3345/3345
f 3346/3346/3346 3343/3343/3343 3345/3345/3345
f 3347/3347/3347 3345/3345/3345 3340/3340/3340
f 3340/3340/3340 3344/3344/3344 3347/3347/3347
f 3345/3345/3345 3348/3348/3348 3346/3346/3346
f 3349/3349/3349 3347/3347/3347 3344/3344/3344
f 3350/3350/3350 3346/3346/3346 3348/3348/3348
f 3344/3344/3344 3351/3351/3351 3349/3349/3349
f 3348/3348/3348 3352/3352/3352 3350/3350/3350
f 3351/3351/3351 3353/3353/3353 3349/3349/3349
f 3354/3354/3354 3349/3349/3349 3353/3353/3353
f 3355/3355/3355 3350/3350/3350 3352/3352/3352
f 3350/3350/3350 3355/3355/3355 3356/3356/3356
f 3352/3352/3352 3357/3357/3357 3355/3355/3355
f 3358/3358/3358 3356/3356/3356 3355/3355/3355
f 3357/3357/3357 3354/3354/3354 3359/3359/3359
f 3359/3359/3359 3355/3355/3355 3357/3357/3357
f 3353/3353/3353 3359/3359/3359 3354/3354/3354
f 3355/3355/3355 3359/3359/3359 3358/3358/3358
f 3353/3353/3353 3358/3358/3358 3359/3359/3359
f 3362/3362/3362 3361/3361/3361 3360/3360/3360
f 3363/3363/3363 3362/3362/3362 3360/3360/3360
f 3364/3364/3364 3360/3360/3360 3361/3361/3361
f 3363/3363/3363 3360/3360/3360 3365/3365/3365
f 3366/3366/3366 3363/3363/3363 3365/3365/3365
f 3367/3367/3367 3365/3365/3365 3360/3360/3360
f 3360/3360/3360 3364/3364/3364 3367/3367/3367
f 3365/3365/3365 3368/3368/3368 3366/3366/3366
f 3369/3369/3369 3367/3367/3367 3364/3364/3364
f 3370/3370/3370 3366/3366/3366 3368/3368/3368
f 3364/3364/3364 3371/3371/3371 3369/3369/3369
f 3368/3368/3368 3372/3372/3372 3370/3370/3370
f 3371/3371/3371 3373/3373/3373 3369/3369/3369
f 3374/3374/3374 3369/3369/3369 3373/3373/3373
f 3375/3375/3375 3370/3370/3370 3372/3372/3372
f 3370/3370/3370 3375/3375/3375 3376/3376/3376
f 3372/3372/3372 3377/3377/3377 3375/3375/3375
f 3378/3378/3378 3376/3376/3376 3375/3375/3375
f 3377/3377/3377 3374/3374/3374 3379/3379/3379
f 3379/3379/3379 3375/3375/3375 3377/3377/3377
f 3373/3373/3373 3379/3379/3379 3374/3374/3374
f 3375/3375/3375 3379/3379/3379 3378/3378/3378
f 3373/3373/3373 3378/3378/3378 3379/3379/3379
f 3382/3382/3382 3381/3381/3381 3380/3380/3380
f 3383/3383/3383 3382/3382/3382 3380/3380/3380
f 3384/3384/3384 3380/3380/3380 3381/3381/3381
f 3383/3383/3383 3380/3380/3380 3385/3385/3385
f 3386/3386/3386 3383/3383/3383 3385/3385/3385
f 3387/3387/3387 3385/3385/3385 3380/3380/3380
f 3380/3380/3380 3384/3384/3384 3387/3387/3387
f 3385/3385/3385 3388/3388/3388 3386/3386/3386
f 3389/3389/3389 3387/3387/3387 3384/3384/3384
f 3390/3390/3390 3386/3386/3386 3388/3388/3388
f 3384/3384/3384 3391/3391/3391 3389/3389/3389
f 3388/3388/3388 3392/3392/3392 3390/3390/3390
f 3391/3391/3391 3393/3393/3393 3389/3389/3389
f 3394/3394/3394 3389/3389/3389 3393/3393/3393
f 3395/3395/3395 3390/3390/3390 3392/3392/3392
f 3390/3390/3390 3395/3395/3395 3396/3396/3396
f 3392/3392/3392 3397/3397/3397 3395/3395/3395
f 3398/3398/3398 3396/3396/3396 3395/3395/3395
f 3397/3397/3397 3394/3394/3394 3399/3399/3399
f 3399/3399/3399 3395/3395/3395 3397/3397/3397
f 3393/3393/3393 3399/3399/3399 3394/3394/3394
f 3395/3395/3395 3399/3399/3399 3398/3398/3398
f 3393/3393/3393 3398/3398/3398 3399/3399/3399
f 3402/3402/3402 3401/3401/3401 3400/3400/3400
f 3400/3400/3400 3401/3401/3401 3403/3403/3403
f 3402/3402/3402 3400/3400/3400 3404/3404/3404
f 3403/3403/3403 3405/3405/3405 3400/3400/3400
f 3405/3405/3405 3403/3403/3403 3406/3406/3406
f 3407/3407/3407 3404/3404/3404 3400/3400/3400
f 3408/3408/3408 3407/3407/3407 3400/3400/3400
f 3408/3408/3408 3400/3400/3400 3405/3405/3405
f 3407/3407/3407 3409/3409/3409 3404/3404/3404
f 3410/3410/3410 3408/3408/3408 3405/3405/3405
f 3410/3410/3410 3405/3405/3405 3406/3406/3406
f 3411/3411/3411 3404/3404/3404 3409/3409/3409
f 3412/3412/3412 3410/3410/3410 3406/3406/3406
f 3411/3411/3411 3413/3413/3413 3404/3404/3404
f 3412/3412/3412 3406/3406/3406 3414/3414/3414
f 3411/3411/3411 3415/3415/3415 3413/3413/3413
f 3415/3415/3415 3412/3412/3412 3414/3414/3414
f 3416/3416/3416 3413/3413/3413 3415/3415/3415
f 3415/3415/3415 3414/3414/3414 3416/3416/3416
f 3419/3419/3419 3418/3418/3418 3417/3417/3417
f 3420/3420/3420 3417/3417/3417 3418/3418/3418
f 3417/3417/3417 3421/3421/3421 3419/3419/3419
f 3417/3417/3417 3420/3420/3420 3422/3422/3422
f 3423/3423/3423 3419/3419/3419 3421/3421/3421
f 3424/3424/3424 3422/3422/3422 3420/3420/3420
f 3421/3421/3421 3425/3425/3425 3423/3423/3423
f 3420/3420/3420 3426/3426/3426 3424/3424/3424
f 3425/3425/3425 3427/3427/3427 3423/3423/3423
f 3428/3428/3428 3424/3424/3424 3426/3426/3426
f 3429/3429/3429 3423/3423/3423 3427/3427/3427
f 3428/3428/3428 3429/3429/3429 3427/3427/3427
f 3426/3426/3426 3430/3430/3430 3428/3428/3428
f 3429/3429/3429 3428/3428/3428 3430/3430/3430
f 3433/3433/3433 3432/3432/3432 3431/3431/3431
f 3434/3434/3434 3431/3431/3431 3432/3432/3432
f 3431/3431/3431 3435/3435/3435 3433/3433/3433
f 3431/3431/3431 3434/3434/3434 3436/3436/3436
f 3437/3437/3437 3433/3433/3433 3435/3435/3435
f 3438/3438/3438 3436/3436/3436 3434/3434/3434
f 3435/3435/3435 3439/3439/3439 3437/3437/3437
f 3434/3434/3434 3440/3440/3440 3438/3438/3438
f 3439/3439/3439 3441/3441/3441 3437/3437/3437
f 3442/3442/3442 3438/3438/3438 3440/3440/3440
f 3443/3443/3443 3437/3437/3437 3441/3441/3441
f 3442/3442/3442 3443/3443/3443 3441/3441/3441
f 3440/3440/3440 3444/3444/3444 3442/3442/3442
f 3443/3443/3443 3442/3442/3442 3444/3444/3444
f 3447/3447/3447 3446/3446/3446 3445/3445/3445
f 3448/3448/3448 3445/3445/3445 3446/3446/3446
f 3445/3445/3445 3449/3449/3449 3447/3447/3447
f 3445/3445/3445 3448/3448/3448 3450/3450/3450
f 3451/3451/3451 3447/3447/3447 3449/3449/3449
f 3452/3452/3452 3450/3450/3450 3448/3448/3448
f 3449/3449/3449 3453/3453/3453 3451/3451/3451
f 3448/3448/3448 3454/3454/3454 3452/3452/3452
f 3453/3453/3453 3455/3455/3455 3451/3451/3451
f 3456/3456/3456 3452/3452/3452 3454/3454/3454
f 3457/3457/3457 3451/3451/3451 3455/3455/3455
f 3456/3456/3456 3457/3457/3457 3455/3455/3455
f 3454/3454/3454 3458/3458/3458 3456/3456/3456
f 3457/3457/3457 3456/3456/3456 3458/3458/3458
f 3461/3461/3461 3460/3460/3460 3459/3459/3459
f 3461/3461/3461 3459/3459/3459 3462/3462/3462
f 3460/3460/3460 3461/3461/3461 3463/3463/3463
f 3462/3462/3462 3464/3464/3464 3461/3461/3461
f 3463/3463/3463 3465/3465/3465 3460/3460/3460
f 3464/3464/3464 3462/3462/3462 3466/3466/3466
f 3465/3465/3465 3463/3463/3463 3467/3467/3467
f 3466/3466/3466 3468/3468/3468 3464/3464/3464
f 3467/3467/3467 3469/3469/3469 3465/3465/3465
f 3468/3468/3468 3466/3466/3466 3469/3469/3469
f 3469/3469/3469 3467/3467/3467 3468/3468/3468
f 3472/3472/3472 3471/3471/3471 3470/3470/3470
f 3473/3473/3473 3472/3472/3472 3470/3470/3470
f 3474/3474/3474 3470/3470/3470 3471/3471/3471
f 3470/3470/3470 3475/3475/3475 3473/3473/3473
f 3471/3471/3471 3476/3476/3476 3474/3474/3474
f 3477/3477/3477 3474/3474/3474 3476/3476/3476
f 3471/3471/3471 3478/3478/3478 3476/3476/3476
f 3479/3479/3479 3473/3473/3473 3475/3475/3475
f 3473/3473/3473 3479/3479/3479 3480/3480/3480
f 3475/3475/3475 3481/3481/3481 3479/3479/3479
f 3482/3482/3482 3480/3480/3480 3479/3479/3479
f 3483/3483/3483 3479/3479/3479 3481/3481/3481
f 3479/3479/3479 3483/3483/3483 3482/3482/3482
f 3481/3481/3481 3484/3484/3484 3483/3483/3483
f 3485/3485/3485 3482/3482/3482 3483/3483/3483
f 3485/3485/3485 3483/3483/3483 3484/3484/3484
f 3486/3486/3486 3485/3485/3485 3484/3484/3484
f 3484/3484/3484 3487/3487/3487 3486/3486/3486
f 3488/3488/3488 3486/3486/3486 3487/3487/3487
f 3487/3487/3487 3477/3477/3477 3488/3488/3488
f 3476/3476/3476 3488/3488/3488 3477/3477/3477
f 3488/3488/3488 3476/3476/3476 3478/3478/3478
f 3486/3486/3486 3488/3488/3488 3489/3489/3489
f 3478/3478/3478 3489/3489/3489 3488/3488/3488
f 3492/3492/3492 3491/3491/3491 3490/3490/3490
f 3493/3493/3493 3492/3492/3492 3490/3490/3490
f 3494/3494/3494 3490/3490/3490 3491/3491/3491
f 3490/3490/3490 3495/3495/3495 3493/3493/3493
f 3491/3491/3491 3496/3496/3496 3494/3494/3494
f 3497/3497/3497 3494/3494/3494 3496/3496/3496
f 3491/3491/3491 3498/3498/3498 3496/3496/3496
f 3499/3499/3499 3493/3493/3493 3495/3495/3495
f 3493/3493/3493 3499/3499/3499 3500/3500/3500
f 3495/3495/3495 3501/3501/3501 3499/3499/3499
f 3502/3502/3502 3500/3500/3500 3499/3499/3499
f 3503/3503/3503 3499/3499/3499 3501/3501/3501
f 3499/3499/3499 3503/3503/3503 3502/3502/3502
f 3501/3501/3501 3504/3504/3504 3503/3503/3503
f 3505/3505/3505 3502/3502/3502 3503/3503/3503
f 3505/3505/3505 3503/3503/3503 3504/3504/3504
f 3506/3506/3506 3505/3505/3505 3504/3504/3504
f 3504/3504/3504 3507/3507/3507 3506/3506/3506
f 3508/3508/3508 3506/3506/3506 3507/3507/3507
f 3507/3507/3507 3497/3497/3497 3508/3508/3508
f 3496/3496/3496 3508/3508/3508 3497/3497/3497
f 3508/3508/3508 3496/3496/3496 3498/3498/3498
f 3506/3506/3506 3508/3508/3508 3509/3509/3509
f 3498/3498/3498 3509/3509/3509 3508/3508/3508
f 3512/3512/3512 3511/3511/3511 3510/3510/3510
f 3513/3513/3513 3512/3512/3512 3510/3510/3510
f 3514/3514/3514 3510/3510/3510 3511/3511/3511
f 3510/3510/3510 3515/3515/3515 3513/3513/3513
f 3511/3511/3511 3516/3516/3516 3514/3514/3514
f 3517/3517/3517 3514/3514/3514 3516/3516/3516
f 3511/3511/3511 3518/3518/3518 3516/3516/3516
f 3519/3519/3519 3513/3513/3513 3515/3515/3515
f 3513/3513/3513 3519/3519/3519 3520/3520/3520
f 3515/3515/3515 3521/3521/3521 3519/3519/3519
f 3522/3522/3522 3520/3520/3520 3519/3519/3519
f 3523/3523/3523 3519/3519/3519 3521/3521/3521
f 3519/3519/3519 3523/3523/3523 3522/3522/3522
f 3521/3521/3521 3524/3524/3524 3523/3523/3523
f 3525/3525/3525 3522/3522/3522 3523/3523/3523
f 3525/3525/3525 3523/3523/3523 3524/3524/3524
f 3526/3526/3526 3525/3525/3525 3524/3524/3524
f 3524/3524/3524 3527/3527/3527 3526/3526/3526
f 3528/3528/3528 3526/3526/3526 3527/3527/3527
f 3527/3527/3527 3517/3517/3517 3528/3528/3528
f 3516/3516/3516 3528/3528/3528 3517/3517/3517
f 3528/3528/3528 3516/3516/3516 3518/3518/3518
f 3526/3526/3526 3528/3528/3528 3529/3529/3529
f 3518/3518/3518 3529/3529/3529 3528/3528/3528
f 3532/3532/3532 3531/3531/3531 3530/3530/3530
f 3533/3533/3533 3532/3532/3532 3530/3530/3530
f 3534/3534/3534 3530/3530/3530 3531/3531/3531
f 3530/3530/3530 3535/3535/3535 3533/3533/3533
f 3531/3531/3531 3536/3536/3536 3534/3534/3534
f 3537/3537/3537 3534/3534/3534 3536/3536/3536
f 3531/3531/3531 3538/3538/3538 3536/3536/3536
f 3539/3539/3539 3533/3533/3533 3535/3535/3535
f 3533/3533/3533 3539/3539/3539 3540/3540/3540
f 3535/3535/3535 3541/3541/3541 3539/3539/3539
f 3542/3542/3542 3540/3540/3540 3539/3539/3539
f 3543/3543/3543 3539/3539/3539 3541/3541/3541
f 3539/3539/3539 3543/3543/3543 3542/3542/3542
f 3541/3541/3541 3544/3544/3544 3543/3543/3543
f 3545/3545/3545 3542/3542/3542 3543/3543/3543
f 3545/3545/3545 3543/3543/3543 3544/3544/3544
f 3546/3546/3546 3545/3545/3545 3544/3544/3544
f 3544/3544/3544 3547/3547/3547 3546/3546/3546
f 3548/3548/3548 3546/3546/3546 3547/3547/3547
f 3547/3547/3547 3537/3537/3537 3548/3548/3548
f 3536/3536/3536 3548/3548/3548 3537/3537/3537
f 3548/3548/3548 3536/3536/3536 3538/3538/3538
f 3546/3546/3546 3548/3548/3548 3549/3549/3549
f 3538/3538/3538 3549/3549/3549 3548/3548/3548
f 3552/3552/3552 3551/3551/3551 3550/3550/3550
f 3553/3553/3553 3552/3552/3552 3550/3550/3550
f 3554/3554/3554 3550/3550/3550 3551/3551/3551
f 3550/3550/3550 3555/3555/3555 3553/3553/3553
f 3551/3551/3551 3556/3556/3556 3554/3554/3554
f 3557/3557/3557 3554/3554/3554 3556/3556/3556
f 3551/3551/3551 3558/3558/3558 3556/3556/3556
f 3559/3559/3559 3553/3553/3553 3555/3555/3555
f 3553/3553/3553 3559/3559/3559 3560/3560/3560
f 3555/3555/3555 3561/3561/3561 3559/3559/3559
f 3562/3562/3562 3560/3560/3560 3559/3559/3559
f 3563/3563/3563 3559/3559/3559 3561/3561/3561
f 3559/3559/3559 3563/3563/3563 3562/3562/3562
f 3561/3561/3561 3564/3564/3564 3563/3563/3563
f 3565/3565/3565 3562/3562/3562 3563/3563/3563
f 3565/3565/3565 3563/3563/3563 3564/3564/3564
f 3566/3566/3566 3565/3565/3565 3564/3564/3564
f 3564/3564/3564 3567/3567/3567 3566/3566/3566
f 3568/3568/3568 3566/3566/3566 3567/3567/3567
f 3567/3567/3567 3557/3557/3557 3568/3568/3568
f 3556/3556/3556 3568/3568/3568 3557/3557/3557
f 3568/3568/3568 3556/3556/3556 3558/3558/3558
f 3566/3566/3566 3568/3568/3568 3569/3569/3569
f 3558/3558/3558 3569/3569/3569 3568/3568/3568
f 3572/3572/3572 3571/3571/3571 3570/3570/3570
f 3573/3573/3573 3572/3572/3572 3570/3570/3570
f 3574/3574/3574 3570/3570/3570 3571/3571/3571
f 3570/3570/3570 3575/3575/3575 3573/3573/3573
f 3571/3571/3571 3576/3576/3576 3574/3574/3574
f 3577/3577/3577 3574/3574/3574 3576/3576/3576
f 3571/3571/3571 3578/3578/3578 3576/3576/3576
f 3579/3579/3579 3573/3573/3573 3575/3575/3575
f 3573/3573/3573 3579/3579/3579 3580/3580/3580
f 3575/3575/3575 3581/3581/3581 3579/3579/3579
f 3582/3582/3582 3580/3580/3580 3579/3579/3579
f 3583/3583/3583 3579/3579/3579 3581/3581/3581
f 3579/3579/3579 3583/3583/3583 3582/3582/3582
f 3581/3581/3581 3584/3584/3584 3583/3583/3583
f 3585/3585/3585 3582/3582/3582 3583/3583/3583
f 3585/3585/3585 3583/3583/3583 3584/3584/3584
f 3586/3586/3586 3585/3585/3585 3584/3584/3584
f 3584/3584/3584 3587/3587/3587 3586/3586/3586
f 3588/3588/3588 3586/3586/3586 3587/3587/3587
f 3587/3587/3587 3577/3577/3577 3588/3588/3588
f 3576/3576/3576 3588/3588/3588 3577/3577/3577
f 3588/3588/3588 3576/3576/3576 3578/3578/3578
f 3586/3586/3586 3588/3588/3588 3589/3589/3589
f 3578/3578/3578 3589/3589/3589 3588/3588/3588
f 3592/3592/3592 3591/3591/3591 3590/3590/3590
f 3593/3593/3593 3592/3592/3592 3590/3590/3590
f 3594/3594/3594 3590/3590/3590 3591/3591/3591
f 3590/3590/3590 3595/3595/3595 3593/3593/3593
f 3591/3591/3591 3596/3596/3596 3594/3594/3594
f 3597/3597/3597 3594/3594/3594 3596/3596/3596
f 3591/3591/3591 3598/3598/3598 3596/3596/3596
f 3599/3599/3599 3593/3593/3593 3595/3595/3595
f 3593/3593/3593 3599/3599/3599 3600/3600/3600
f 3595/3595/3595 3601/3601/3601 3599/3599/3599
f 3602/3602/3602 3600/3600/3600 3599/3599/3599
f 3603/3603/3603 3599/3599/3599 3601/3601/3601
f 3599/3599/3599 3603/3603/3603 3602/3602/3602
f 3601/3601/3601 3604/3604/3604 3603/3603/3603
f 3605/3605/3605 3602/3602/3602 3603/3603/3603
f 3605/3605/3605 3603/3603/3603 3604/3604/3604
f 3606/3606/3606 3605/3605/3605 3604/3604/3604
f 3604/3604/3604 3607/3607/3607 3606/3606/3606
f 3608/3608/3608 3606/3606/3606 3607/3607/3607
f 3607/3607/3607 3597/3597/3597 3608/3608/3608
f 3596/3596/3596 3608/3608/3608 3597/3597/3597
f 3608/3608/3608 3596/3596/3596 3598/3598/3598
f 3606/3606/3606 3608/3608/3608 3609/3609/3609
f 3598/3598/3598 3609/3609/3609 3608/3608/3608
f 3612/3612/3612 3611/3611/3611 3610/3610/3610
f 3613/3613/3613 3612/3612/3612 3610/3610/3610
f 3614/3614/3614 3610/3610/3610 3611/3611/3611
f 3610/3610/3610 3615/3615/3615 3613/3613/3613
f 3611/3611/3611 3616/3616/3616 3614/3614/3614
f 3617/3617/3617 3614/3614/3614 3616/3616/3616
f 3611/3611/3611 3618/3618/3618 3616/3616/3616
f 3619/3619/3619 3613/3613/3613 3615/3615/3615
f 3613/3613/3613 3619/3619/3619 3620/3620/3620
f 3615/3615/3615 3621/3621/3621 3619/3619/3619
f 3622/3622/3622 3620/3620/3620 3619/3619/3619
f 3623/3623/3623 3619/3619/3619 3621/3621/3621
f 3619/3619/3619 3623/3623/3623 3622/3622/3622
f 3621/3621/3621 3624/3624/3624 3623/3623/3623
f 3625/3625/3625 3622/3622/3622 3623/3623/3623
f 3625/3625/3625 3623/3623/3623 3624/3624/3624
f 3626/3626/3626 3625/3625/3625 3624/3624/3624
f 3624/3624/3624 3627/3627/3627 3626/3626/3626
f 3628/3628/3628 3626/3626/3626 3627/3627/3627
f 3627/3627/3627 3617/3617/3617 3628/3628/3628
f 3616/3616/3616 3628/3628/3628 3617/3617/3617
f 3628/3628/3628 3616/3616/3616 3618/3618/3618
f 3626/3626/3626 3628/3628/3628 3629/3629/3629
f 3618/3618/3618 3629/3629/3629 3628/3628/3628
f 3632/3632/3632 3631/3631/3631 3630/3630/3630
f 3633/3633/3633 3632/3632/3632 3630/3630/3630
f 3634/3634/3634 3630/3630/3630 3631/3631/3631
f 3630/3630/3630 3635/3635/3635 3633/3633/3633
f 3631/3631/3631 3636/3636/3636 3634/3634/3634
f 3637/3637/3637 3634/3634/3634 3636/3636/3636
f 3631/3631/3631 3638/3638/3638 3636/3636/3636
f 3639/3639/3639 3633/3633/3633 3635/3635/3635
f 3633/3633/3633 3639/3639/3639 3640/3640/3640
f 3635/3635/3635 3641/3641/3641 3639/3639/3639
f 3642/3642/3642 3640/3640/3640 3639/3639/3639
f 3643/3643/3643 3639/3639/3639 3641/3641/3641
f 3639/3639/3639 3643/3643/3643 3642/3642/3642
f 3641/3641/3641 3644/3644/3644 3643/3643/3643
f 3645/3645/3645 3642/3642/3642 3643/3643/3643
f 3645/3645/3645 3643/3643/3643 3644/3644/3644
f 3646/3646/3646 3645/3645/3645 3644/3644/3644
f 3644/3644/3644 3647/3647/3647 3646/3646/3646
f 3648/3648/3648 3646/3646/3646 3647/3647/3647
f 3647/3647/3647 3637/3637/3637 3648/3648/3648
f 3636/3636/3636 3648/3648/3648 3637/3637/3637
f 3648/3648/3648 3636/3636/3636 3638/3638/3638
f 3646/3646/3646 3648/3648/3648 3649/3649/3649
f 3638/3638/3638 3649/3649/3649 3648/3648/3648
f 3652/3652/3652 3651/3651/3651 3650/3650/3650
f 3650/3650/3650 3653/3653/3653 3652/3652/3652
f 3654/3654/3654 3652/3652/3652 3653/3653/3653
f 3653/3653/3653 3655/3655/3655 3654/3654/3654
f 3656/3656/3656 3654/3654/3654 3655/3655/3655
f 3655/3655/3655 3657/3657/3657 3656/3656/3656
f 3658/3658/3658 3656/3656/3656 3657/3657/3657
f 3657/3657/3657 3659/3659/3659 3658/3658/3658
f 3660/3660/3660 3658/3658/3658 3659/3659/3659
f 3659/3659/3659 3661/3661/3661 3660/3660/3660
f 3662/3662/3662 3660/3660/3660 3661/3661/3661
f 3661/3661/3661 3663/3663/3663 3662/3662/3662
f 3664/3664/3664 3662/3662/3662 3663/3663/3663
f 3663/3663/3663 3665/3665/3665 3664/3664/3664
f 3666/3666/3666 3664/3664/3664 3665/3665/3665
f 3665/3665/3665 3667/3667/3667 3666/3666/3666
f 3670/3670/3670 3669/3669/3669 3668/3668/3668
f 3668/3668/3668 3671/3671/3671 3670/3670/3670
f 3672/3672/3672 3670/3670/3670 3671/3671/3671
f 3671/3671/3671 3673/3673/3673 3672/3672/3672
f 3674/3674/3674 3672/3672/3672 3673/3673/3673
f 3673/3673/3673 3675/3675/3675 3674/3674/3674
f 3676/3676/3676 3674/3674/3674 3675/3675/3675
f 3675/3675/3675 3677/3677/3677 3676/3676/3676
f 3678/3678/3678 3676/3676/3676 3677/3677/3677
f 3677/3677/3677 3679/3679/3679 3678/3678/3678
f 3680/3680/3680 3678/3678/3678 3679/3679/3679
f 3679/3679/3679 3681/3681/3681 3680/3680/3680
f 3684/3684/3684 3683/3683/3683 3682/3682/3682
f 3682/3682/3682 3685/3685/3685 3684/3684/3684
f 3686/3686/3686 3684/3684/3684 3685/3685/3685
f 3685/3685/3685 3687/3687/3687 3686/3686/3686
f 3688/3688/3688 3686/3686/3686 3687/3687/3687
f 3687/3687/3687 3689/3689/3689 3688/3688/3688
f 3690/3690/3690 3688/3688/3688 3689/3689/3689
f 3689/3689/3689 3691/3691/3691 3690/3690/3690
f 3692/3692/3692 3690/3690/3690 3691/3691/3691
f 3691/3691/3691 3693/3693/3693 3692/3692/3692
f 3694/3694/3694 3692/3692/3692 3693/3693/3693
f 3693/3693/3693 3695/3695/3695 3694/3694/3694
f 3696/3696/3696 3694/3694/3694 3695/3695/3695
f 3695/3695/3695 3697/3697/3697 3696/3696/3696
f 3698/3698/3698 3696/3696/3696 3697/3697/3697
f 3697/3697/3697 3699/3699/3699 3698/3698/3698
f 3702/3702/3702 3701/3701/3701 3700/3700/3700
f 3702/3702/3702 3703/3703/3703 3701/3701/3701
f 3703/3703/3703 3702/3702/3702 3704/3704/3704
f 3704/3704/3704 3705/3705/3705 3703/3703/3703
f 3703/3703/3703 3705/3705/3705 3706/3706/3706
f 3705/3705/3705 3704/3704/3704 3707/3707/3707
f 3710/3710/3710 3709/3709/3709 3708/3708/3708
f 3708/3708/3708 3711/3711/3711 3710/3710/3710
f 3712/3712/3712 3710/3710/3710 3711/3711/3711
f 3711/3711/3711 3713/3713/3713 3712/3712/3712
f 3714/3714/3714 3712/3712/3712 3713/3713/3713
f 3713/3713/3713 3715/3715/3715 3714/3714/3714
f 3716/3716/3716 3714/3714/3714 3715/3715/3715
f 3715/3715/3715 3717/3717/3717 3716/3716/3716
f 3718/3718/3718 3716/3716/3716 3717/3717/3717
f 3717/3717/3717 3719/3719/3719 3718/3718/3718
f 3720/3720/3720 3718/3718/3718 3719/3719/3719
f 3719/3719/3719 3721/3721/3721 3720/3720/3720
f 3722/3722/3722 3720/3720/3720 3721/3721/3721
f 3721/3721/3721 3723/3723/3723 3722/3722/3722
f 3724/3724/3724 3722/3722/3722 3723/3723/3723
f 3723/3723/3723 3725/3725/3725 3724/3724/3724
f 3728/3728/3728 3727/3727/3727 3726/3726/3726
f 3726/3726/3726 3729/3729/3729 3728/3728/3728
f 3730/3730/3730 3728/3728/3728 3729/3729/3729
f 3729/3729/3729 3731/3731/3731 3730/3730/3730
f 3732/3732/3732 3730/3730/3730 3731/3731/3731
f 3731/3731/3731 3733/3733/3733 3732/3732/3732
f 3734/3734/3734 3732/3732/3732 3733/3733/3733
f 3733/3733/3733 3735/3735/3735 3734/3734/3734
f 3736/3736/3736 3734/3734/3734 3735/3735/3735
f 3735/3735/3735 3737/3737/3737 3736/3736/3736
f 3738/3738/3738 3736/3736/3736 3737/3737/3737
f 3737/3737/3737 3739/3739/3739 3738/3738/3738
f 3740/3740/3740 3738/3738/3738 3739/3739/3739
f 3739/3739/3739 3741/3741/3741 3740/3740/3740
f 3742/3742/3742 3740/3740/3740 3741/3741/3741
f 3741/3741/3741 3743/3743/3743 3742/3742/3742
f 3746/3746/3746 3745/3745/3745 3744/3744/3744
f 3744/3744/3744 3747/3747/3747 3746/3746/3746
f 3748/3748/3748 3746/3746/3746 3747/3747/3747
f 3747/3747/3747 3749/3749/3749 3748/3748/3748
f 3750/3750/3750 3748/3748/3748 3749/3749/3749
f 3749/3749/3749 3751/3751/3751 3750/3750/3750
f 3752/3752/3752 3750/3750/3750 3751/3751/3751
f 3751/3751/3751 3753/3753/3753 3752/3752/3752
f 3754/3754/3754 3752/3752/3752 3753/3753/3753
f 3753/3753/3753 3755/3755/3755 3754/3754/3754
f 3756/3756/3756 3754/3754/3754 3755/3755/3755
f 3755/3755/3755 3757/3757/3757 3756/3756/3756
f 3758/3758/3758 3756/3756/3756 3757/3757/3757
f 3757/3757/3757 3759/3759/3759 3758/3758/3758
f 3760/3760/3760 3758/3758/3758 3759/3759/3759
f 3759/3759/3759 3761/3761/3761 3760/3760/3760
f 3764/3764/3764 3763/3763/3763 3762/3762/3762
f 3762/3762/3762 3765/3765/3765 3764/3764/3764
f 3766/3766/3766 3764/3764/3764 3765/3765/3765
f 3765/3765/3765 3767/3767/3767 3766/3766/3766
f 3768/3768/3768 3766/3766/3766 3767/3767/3767
f 3767/3767/3767 3769/3769/3769 3768/3768/3768
f 3770/3770/3770 3768/3768/3768 3769/3769/3769
f 3769/3769/3769 3771/3771/3771 3770/3770/3770
f 3772/3772/3772 3770/3770/3770 3771/3771/3771
f 3771/3771/3771 3773/3773/3773 3772/3772/3772
f 3774/3774/3774 3772/3772/3772 3773/3773/3773
f 3773/3773/3773 3775/3775/3775 3774/3774/3774
f 3776/3776/3776 3774/3774/3774 3775/3775/3775
f 3775/3775/3775 3777/3777/3777 3776/3776/3776
f 3778/3778/3778 3776/3776/3776 3777/3777/3777
f 3777/3777/3777 3779/3779/3779 3778/3778/3778
f 3782/3782/3782 3781/3781/3781 3780/3780/3780
f 3780/3780/3780 3783/3783/3783 3782/3782/3782
f 3783/3783/3783 3780/3780/3780 3784/3784/3784
f 3784/3784/3784 3785/3785/3785 3783/3783/3783
f 3785/3785/3785 3784/3784/3784 3786/3786/3786
f 3786/3786/3786 3787/3787/3787 3785/3785/3785
f 3787/3787/3787 3786/3786/3786 3788/3788/3788
f 3788/3788/3788 3789/3789/3789 3787/3787/3787
f 3789/3789/3789 3788/3788/3788 3790/3790/3790
f 3790/3790/3790 3791/3791/3791 3789/3789/3789
f 3791/3791/3791 3790/3790/3790 3792/3792/3792
f 3792/3792/3792 3793/3793/3793 3791/3791/3791
f 3793/3793/3793 3792/3792/3792 3794/3794/3794
f 3794/3794/3794 3795/3795/3795 3793/3793/3793
f 3795/3795/3795 3794/3794/3794 3796/3796/3796
f 3796/3796/3796 3797/3797/3797 3795/3795/3795
f 3800/3800/3800 3799/3799/3799 3798/3798/3798
f 3798/3798/3798 3801/3801/3801 3800/3800/3800
f 3801/3801/3801 3798/3798/3798 3802/3802/3802
f 3802/3802/3802 3803/3803/3803 3801/3801/3801
f 3803/3803/3803 3802/3802/3802 3804/3804/3804
f 3804/3804/3804 3805/3805/3805 3803/3803/3803
f 3805/3805/3805 3804/3804/3804 3806/3806/3806
f 3806/3806/3806 3807/3807/3807 3805/3805/3805
f 3807/3807/3807 3806/3806/3806 3808/3808/3808
f 3808/3808/3808 3809/3809/3809 3807/3807/3807
f 3809/3809/3809 3808/3808/3808 3810/3810/3810
f 3810/3810/3810 3811/3811/3811 3809/3809/3809
f 3811/3811/3811 3810/3810/3810 3812/3812/3812
f 3812/3812/3812 3813/3813/3813 3811/3811/3811
f 3813/3813/3813 3812/3812/3812 3814/3814/3814
f 3814/3814/3814 3815/3815/3815 3813/3813/3813
f 3818/3818/3818 3817/3817/3817 3816/3816/3816
f 3816/3816/3816 3819/3819/3819 3818/3818/3818
f 3819/3819/3819 3816/3816/3816 3820/3820/3820
f 3820/3820/3820 3821/3821/3821 3819/3819/3819
f 3821/3821/3821 3820/3820/3820 3822/3822/3822
f 3822/3822/3822 3823/3823/3823 3821/3821/3821
f 3823/3823/3823 3822/3822/3822 3824/3824/3824
f 3824/3824/3824 3825/3825/3825 3823/3823/3823
f 3825/3825/3825 3824/3824/3824 3826/3826/3826
f 3826/3826/3826 3827/3827/3827 3825/3825/3825
f 3827/3827/3827 3826/3826/3826 3828/3828/3828
f 3828/3828/3828 3829/3829/3829 3827/3827/3827
f 3832/3832/3832 3831/3831/3831 3830/3830/3830
f 3830/3830/3830 3833/3833/3833 3832/3832/3832
f 3833/3833/3833 3830/3830/3830 3834/3834/3834
f 3834/3834/3834 3835/3835/3835 3833/3833/3833
f 3835/3835/3835 3834/3834/3834 3836/3836/3836
f 3836/3836/3836 3837/3837/3837 3835/3835/3835
f 3837/3837/3837 3836/3836/3836 3838/3838/3838
f 3838/3838/3838 3839/3839/3839 3837/3837/3837
f 3839/3839/3839 3838/3838/3838 3840/3840/3840
f 3840/3840/3840 3841/3841/3841 3839/3839/3839
f 3841/3841/3841 3840/3840/3840 3842/3842/3842
f 3842/3842/3842 3843/3843/3843 3841/3841/3841
f 3846/3846/3846 3845/3845/3845 3844/3844/3844
f 3844/3844/3844 3847/3847/3847 3846/3846/3846
f 3847/3847/3847 3844/3844/3844 3848/3848/3848
f 3848/3848/3848 3849/3849/3849 3847/3847/3847
f 3849/3849/3849 3848/3848/3848 3850/3850/3850
f 3850/3850/3850 3851/3851/3851 3849/3849/3849
f 3851/3851/3851 3850/3850/3850 3852/3852/3852
f 3852/3852/3852 3853/3853/3853 3851/3851/3851
f 3853/3853/3853 3852/3852/3852 3854/3854/3854
f 3854/3854/3854 3855/3855/3855 3853/3853/3853
f 3855/3855/3855 3854/3854/3854 3856/3856/3856
f 3856/3856/3856 3857/3857/3857 3855/3855/3855
f 3860/3860/3860 3859/3859/3859 3858/3858/3858
f 3858/3858/3858 3861/3861/3861 3860/3860/3860
f 3861/3861/3861 3858/3858/3858 3862/3862/3862
f 3862/3862/3862 3863/3863/3863 3861/3861/3861
f 3863/3863/3863 3862/3862/3862 3864/3864/3864
f 3864/3864/3864 3865/3865/3865 3863/3863/3863
f 3865/3865/3865 3864/3864/3864 3866/3866/3866
f 3866/3866/3866 3867/3867/3867 3865/3865/3865
f 3867/3867/3867 3866/3866/3866 3868/3868/3868
f 3868/3868/3868 3869/3869/3869 3867/3867/3867
f 3869/3869/3869 3868/3868/3868 3870/3870/3870
f 3870/3870/3870 3871/3871/3871 3869/3869/3869
f 3874/3874/3874 3873/3873/3873 3872/3872/3872
f 3872/3872/3872 3875/3875/3875 3874/3874/3874
f 3875/3875/3875 3872/3872/3872 3876/3876/3876
f 3876/3876/3876 3877/3877/3877 3875/3875/3875
f 3877/3877/3877 3876/3876/3876 3878/3878/3878
f 3878/3878/3878 3879/3879/3879 3877/3877/3877
f 3879/3879/3879 3878/3878/3878 3880/3880/3880
f 3880/3880/3880 3881/3881/3881 3879/3879/3879
f 3881/3881/3881 3880/3880/3880 3882/3882/3882
f 3882/3882/3882 3883/3883/3883 3881/3881/3881
f 3883/3883/3883 3882/3882/3882 3884/3884/3884
f 3884/3884/3884 3885/3885/3885 3883/3883/3883
f 3888/3888/3888 3887/3887/3887 3886/3886/3886
f 3886/3886/3886 3889/3889/3889 3888/3888/3888
f 3889/3889/3889 3886/3886/3886 3890/3890/3890
f 3890/3890/3890 3891/3891/3891 3889/3889/3889
f 3891/3891/3891 3890/3890/3890 3892/3892/3892
f 3892/3892/3892 3893/3893/3893 3891/3891/3891
f 3893/3893/3893 3892/3892/3892 3894/3894/3894
f 3894/3894/3894 3895/3895/3895 3893/3893/3893
f 3895/3895/3895 3894/3894/3894 3896/3896/3896
f 3896/3896/3896 3897/3897/3897 3895/3895/3895
f 3897/3897/3897 3896/3896/3896 3898/3898/3898
f 3898/3898/3898 3899/3899/3899 3897/3897/3897
f 3902/3902/3902 3901/3901/3901 3900/3900/3900
f 3900/3900/3900 3903/3903/3903 3902/3902/3902
f 3903/3903/3903 3900/3900/3900 3904/3904/3904
f 3904/3904/3904 3905/3905/3905 3903/3903/3903
f 3905/3905/3905 3904/3904/3904 3906/3906/3906
f 3906/3906/3906 3907/3907/3907 3905/3905/3905
f 3907/3907/3907 3906/3906/3906 3908/3908/3908
f 3908/3908/3908 3909/3909/3909 3907/3907/3907
f 3909/3909/3909 3908/3908/3908 3910/3910/3910
f 3910/3910/3910 3911/3911/3911 3909/3909/3909
f 3911/3911/3911 3910/3910/3910 3912/3912/3912
f 3912/3912/3912 3913/3913/3913 3911/3911/3911
f 3916/3916/3916 3915/3915/3915 3914/3914/3914
f 3914/3914/3914 3917/3917/3917 3916/3916/3916
f 3917/3917/3917 3914/3914/3914 3918/3918/3918
f 3918/3918/3918 3919/3919/3919 3917/3917/3917
f 3919/3919/3919 3918/3918/3918 3920/3920/3920
f 3920/3920/3920 3921/3921/3921 3919/3919/3919
f 3921/3921/3921 3920/3920/3920 3922/3922/3922
f 3922/3922/3922 3923/3923/3923 3921/3921/3921
f 3923/3923/3923 3922/3922/3922 3924/3924/3924
f 3924/3924/3924 3925/3925/3925 3923/3923/3923
f 3925/3925/3925 3924/3924/3924 3926/3926/3926
f 3926/3926/3926 3927/3927/3927 3925/3925/3925
f 3930/3930/3930 3929/3929/3929 3928/3928/3928
f 3928/3928/3928 3931/3931/3931 3930/3930/3930
f 3931/3931/3931 3928/3928/3928 3932/3932/3932
f 3932/3932/3932 3933/3933/3933 3931/3931/3931
f 3933/3933/3933 3932/3932/3932 3934/3934/3934
f 3934/3934/3934 3935/3935/3935 3933/3933/3933
f 3935/3935/3935 3934/3934/3934 3936/3936/3936
f 3936/3936/3936 3937/3937/3937 3935/3935/3935
f 3937/3937/3937 3936/3936/3936 3938/3938/3938
f 3938/3938/3938 3939/3939/3939 3937/3937/3937
f 3939/3939/3939 3938/3938/3938 3940/3940/3940
f 3940/3940/3940 3941/3941/3941 3939/3939/3939
f 3944/3944/3944 3943/3943/3943 3942/3942/3942
f 3942/3942/3942 3945/3945/3945 3944/3944/3944
f 3945/3945/3945 3942/3942/3942 3946/3946/3946
f 3946/3946/3946 3947/3947/3947 3945/3945/3945
f 3947/3947/3947 3946/3946/3946 3948/3948/3948
f 3948/3948/3948 3949/3949/3949 3947/3947/3947
f 3949/3949/3949 3948/3948/3948 3950/3950/3950
f 3950/3950/3950 3951/3951/3951 3949/3949/3949
f 3951/3951/3951 3950/3950/3950 3952/3952/3952
f 3952/3952/3952 3953/3953/3953 3951/3951/3951
f 3953/3953/3953 3952/3952/3952 3954/3954/3954
f 3954/3954/3954 3955/3955/3955 3953/3953/3953
f 3958/3958/3958 3957/3957/3957 3956/3956/3956
f 3956/3956/3956 3959/3959/3959 3958/3958/3958
f 3959/3959/3959 3956/3956/3956 3960/3960/3960
f 3960/3960/3960 3961/3961/3961 3959/3959/3959
f 3961/3961/3961 3960/3960/3960 3962/3962/3962
f 3962/3962/3962 3963/3963/3963 3961/3961/3961
f 3963/3963/3963 3962/3962/3962 3964/3964/3964
f 3964/3964/3964 3965/3965/3965 3963/3963/3963
f 3965/3965/3965 3964/3964/3964 3966/3966/3966
f 3966/3966/3966 3967/3967/3967 3965/3965/3965
f 3967/3967/3967 3966/3966/3966 3968/3968/3968
f 3968/3968/3968 3969/3969/3969 3967/3967/3967
f 3972/3972/3972 3971/3971/3971 3970/3970/3970
f 3970/3970/3970 3973/3973/3973 3972/3972/3972
f 3973/3973/3973 3970/3970/3970 3974/3974/3974
f 3974/3974/3974 3975/3975/3975 3973/3973/3973
f 3975/3975/3975 3974/3974/3974 3976/3976/3976
f 3976/3976/3976 3977/3977/3977 3975/3975/3975
f 3977/3977/3977 3976/3976/3976 3978/3978/3978
f 3978/3978/3978 3979/3979/3979 3977/3977/3977
f 3979/3979/3979 3978/3978/3978 3980/3980/3980
f 3980/3980/3980 3981/3981/3981 3979/3979/3979
f 3981/3981/3981 3980/3980/3980 3982/3982/3982
f 3982/3982/3982 3983/3983/3983 3981/3981/3981
f 3986/3986/3986 3985/3985/3985 3984/3984/3984
f 3984/3984/3984 3987/3987/3987 3986/3986/3986
f 3987/3987/3987 3984/3984/3984 3988/3988/3988
f 3988/3988/3988 3989/3989/3989 3987/3987/3987
f 3989/3989/3989 3988/3988/3988 3990/3990/3990
f 3990/3990/3990 3991/3991/3991 3989/3989/3989
f 3991/3991/3991 3990/3990/3990 3992/3992/3992
f 3992/3992/3992 3993/3993/3993 3991/3991/3991
f 3993/3993/3993 3992/3992/3992 3994/3994/3994
f 3994/3994/3994 3995/3995/3995 3993/3993/3993
f 3995/3995/3995 3994/3994/3994 3996/3996/3996
f 3996/3996/3996 3997/3997/3997 3995/3995/3995
f 4000/4000/4000 3999/3999/3999 3998/3998/3998
f 3998/3998/3998 4001/4001/4001 4000/4000/4000
f 4001/4001/4001 3998/3998/3998 4002/4002/4002
f 4002/4002/4002 4003/4003/4003 4001/4001/4001
f 4003/4003/4003 4002/4002/4002 4004/4004/4004
f 4004/4004/4004 4005/4005/4005 4003/4003/4003
f 4005/4005/4005 4004/4004/4004 4006/4006/4006
f 4006/4006/4006 4007/4007/4007 4005/4005/4005
f 4007/4007/4007 4006/4006/4006 4008/4008/4008
f 4008/4008/4008 4009/4009/4009 4007/4007/4007
f 4009/4009/4009 4008/4008/4008 4010/4010/4010
f 4010/4010/4010 4011/4011/4011 4009/4009/4009
f 4014/4014/4014 4013/4013/4013 4012/4012/4012
f 4012/4012/4012 4015/4015/4015 4014/4014/4014
f 4015/4015/4015 4012/4012/4012 4016/4016/4016
f 4016/4016/4016 4017/4017/4017 4015/4015/4015
f 4017/4017/4017 4016/4016/4016 4018/4018/4018
f 4018/4018/4018 4019/4019/4019 4017/4017/4017
f 4019/4019/4019 4018/4018/4018 4020/4020/4020
f 4020/4020/4020 4021/4021/4021 4019/4019/4019
f 4021/4021/4021 4020/4020/4020 4022/4022/4022
f 4022/4022/4022 4023/4023/4023 4021/4021/4021
f 4023/4023/4023 4022/4022/4022 4024/4024/4024
f 4024/4024/4024 4025/4025/4025 4023/4023/4023
f 4028/4028/4028 4027/4027/4027 4026/4026/4026
f 4026/4026/4026 4029/4029/4029 4028/4028/4028
f 4029/4029/4029 4026/4026/4026 4030/4030/4030
f 4030/4030/4030 4031/4031/4031 4029/4029/4029
f 4031/4031/4031 4030/4030/4030 4032/4032/4032
f 4032/4032/4032 4033/4033/4033 4031/4031/4031
f 4033/4033/4033 4032/4032/4032 4034/4034/4034
f 4034/4034/4034 4035/4035/4035 4033/4033/4033
f 4035/4035/4035 4034/4034/4034 4036/4036/4036
f 4036/4036/4036 4037/4037/4037 4035/4035/4035
f 4037/4037/4037 4036/4036/4036 4038/4038/4038
f 4038/4038/4038 4039/4039/4039 4037/4037/4037
f 4042/4042/4042 4041/4041/4041 4040/4040/4040
f 4040/4040/4040 4043/4043/4043 4042/4042/4042
f 4043/4043/4043 4040/4040/4040 4044/4044/4044
f 4044/4044/4044 4045/4045/4045 4043/4043/4043
f 4045/4045/4045 4044/4044/4044 4046/4046/4046
f 4046/4046/4046 4047/4047/4047 4045/4045/4045
f 4047/4047/4047 4046/4046/4046 4048/4048/4048
f 4048/4048/4048 4049/4049/4049 4047/4047/4047
f 4049/4049/4049 4048/4048/4048 4050/4050/4050
f 4050/4050/4050 4051/4051/4051 4049/4049/4049
f 4051/4051/4051 4050/4050/4050 4052/4052/4052
f 4052/4052/4052 4053/4053/4053 4051/4051/4051
f 4056/4056/4056 4055/4055/4055 4054/4054/4054
f 4055/4055/4055 4057/4057/4057 4054/4054/4054
f 4054/4054/4054 4057/4057/4057 4058/4058/4058
f 4059/4059/4059 4058/4058/4058 4057/4057/4057
f 4058/4058/4058 4060/4060/4060 4054/4054/4054
f 4061/4061/4061 4060/4060/4060 4058/4058/4058
f 4064/4064/4064 4063/4063/4063 4062/4062/4062
f 4066/4066/4066 4062/4062/4062 4065/4065/4065
f 4065/4065/4065 4062/4062/4062 4063/4063/4063
f 4063/4063/4063 4067/4067/4067 4065/4065/4065
f 4068/4068/4068 4065/4065/4065 4067/4067/4067
f 4069/4069/4069 4067/4067/4067 4063/4063/4063
f 4072/4072/4072 4071/4071/4071 4070/4070/4070
f 4074/4074/4074 4070/4070/4070 4073/4073/4073
f 4073/4073/4073 4070/4070/4070 4071/4071/4071
f 4071/4071/4071 4075/4075/4075 4073/4073/4073
f 4076/4076/4076 4073/4073/4073 4075/4075/4075
f 4077/4077/4077 4075/4075/4075 4071/4071/4071
f 4080/4080/4080 4079/4079/4079 4078/4078/4078
f 4079/4079/4079 4081/4081/4081 4078/4078/4078
f 4078/4078/4078 4082/4082/4082 4080/4080/4080
f 4083/4083/4083 4078/4078/4078 4081/4081/4081
f 4078/4078/4078 4084/4084/4084 4082/4082/4082
f 4084/4084/4084 4078/4078/4078 4083/4083/4083
f 4082/4082/4082 4084/4084/4084 4085/4085/4085
f 4084/4084/4084 4083/4083/4083 4086/4086/4086
f 4087/4087/4087 4085/4085/4085 4084/4084/4084
f 4086/4086/4086 4087/4087/4087 4084/4084/4084
f 4090/4090/4090 4089/4089/4089 4088/4088/4088
f 4089/4089/4089 4091/4091/4091 4088/4088/4088
f 4088/4088/4088 4092/4092/4092 4090/4090/4090
f 4093/4093/4093 4088/4088/4088 4091/4091/4091
f 4091/4091/4091 4094/4094/4094 4093/4093/4093
f 4095/4095/4095 4093/4093/4093 4094/4094/4094
f 4096/4096/4096 4092/4092/4092 4088/4088/4088
f 4088/4088/4088 4093/4093/4093 4096/4096/4096
f 4096/4096/4096 4093/4093/4093 4095/4095/4095
f 4092/4092/4092 4096/4096/4096 4097/4097/4097
f 4096/4096/4096 4095/4095/4095 4098/4098/4098
f 4098/4098/4098 4097/4097/4097 4096/4096/4096
f 4101/4101/4101 4100/4100/4100 4099/4099/4099
f 4100/4100/4100 4102/4102/4102 4099/4099/4099
f 4099/4099/4099 4103/4103/4103 4101/4101/4101
f 4104/4104/4104 4099/4099/4099 4102/4102/4102
f 4102/4102/4102 4105/4105/4105 4104/4104/4104
f 4106/4106/4106 4104/4104/4104 4105/4105/4105
f 4107/4107/4107 4103/4103/4103 4099/4099/4099
f 4099/4099/4099 4104/4104/4104 4107/4107/4107
f 4107/4107/4107 4104/4104/4104 4106/4106/4106
f 4103/4103/4103 4107/4107/4107 4108/4108/4108
f 4107/4107/4107 4106/4106/4106 4109/4109/4109
f 4109/4109/4109 4108/4108/4108 4107/4107/4107
f 4112/4112/4112 4111/4111/4111 4110/4110/4110
f 4113/4113/4113 4112/4112/4112 4110/4110/4110
f 4114/4114/4114 4110/4110/4110 4111/4111/4111
f 4111/4111/4111 4115/4115/4115 4114/4114/4114
f 4115/4115/4115 4116/4116/4116 4114/4114/4114
f 4110/4110/4110 4117/4117/4117 4113/4113/4113
f 4117/4117/4117 4110/4110/4110 4114/4114/4114
f 4118/4118/4118 4113/4113/4113 4117/4117/4117
f 4119/4119/4119 4118/4118/4118 4117/4117/4117
f 4120/4120/4120 4114/4114/4114 4116/4116/4116
f 4114/4114/4114 4120/4120/4120 4117/4117/4117
f 4117/4117/4117 4120/4120/4120 4119/4119/4119
f 4116/4116/4116 4121/4121/4121 4120/4120/4120
f 4121/4121/4121 4119/4119/4119 4120/4120/4120
f 4124/4124/4124 4123/4123/4123 4122/4122/4122
f 4125/4125/4125 4124/4124/4124 4122/4122/4122
f 4126/4126/4126 4122/4122/4122 4123/4123/4123
f 4123/4123/4123 4127/4127/4127 4126/4126/4126
f 4127/4127/4127 4128/4128/4128 4126/4126/4126
f 4122/4122/4122 4129/4129/4129 4125/4125/4125
f 4129/4129/4129 4122/4122/4122 4126/4126/4126
f 4130/4130/4130 4125/4125/4125 4129/4129/4129
f 4131/4131/4131 4130/4130/4130 4129/4129/4129
f 4132/4132/4132 4126/4126/4126 4128/4128/4128
f 4126/4126/4126 4132/4132/4132 4129/4129/4129
f 4129/4129/4129 4132/4132/4132 4131/4131/4131
f 4128/4128/4128 4133/4133/4133 4132/4132/4132
f 4133/4133/4133 4131/4131/4131 4132/4132/4132
f 4136/4136/4136 4135/4135/4135 4134/4134/4134
f 4137/4137/4137 4134/4134/4134 4135/4135/4135
f 4138/4138/4138 4135/4135/4135 4136/4136/4136
f 4138/4138/4138 4136/4136/4136 4139/4139/4139
f 4139/4139/4139 4140/4140/4140 4138/4138/4138
f 4135/4135/4135 4141/4141/4141 4137/4137/4137
f 4141/4141/4141 4135/4135/4135 4138/4138/4138
f 4142/4142/4142 4137/4137/4137 4141/4141/4141
f 4143/4143/4143 4142/4142/4142 4141/4141/4141
f 4144/4144/4144 4138/4138/4138 4140/4140/4140
f 4138/4138/4138 4144/4144/4144 4141/4141/4141
f 4141/4141/4141 4144/4144/4144 4143/4143/4143
f 4140/4140/4140 4145/4145/4145 4144/4144/4144
f 4145/4145/4145 4143/4143/4143 4144/4144/4144
f 4148/4148/4148 4147/4147/4147 4146/4146/4146
f 4149/4149/4149 4148/4148/4148 4146/4146/4146
f 4150/4150/4150 4146/4146/4146 4147/4147/4147
f 4147/4147/4147 4151/4151/4151 4150/4150/4150
f 4151/4151/4151 4152/4152/4152 4150/4150/4150
f 4146/4146/4146 4153/4153/4153 4149/4149/4149
f 4150/4150/4150 4153/4153/4153 4146/4146/4146
f 4154/4154/4154 4149/4149/4149 4153/4153/4153
f 4155/4155/4155 4154/4154/4154 4153/4153/4153
f 4156/4156/4156 4150/4150/4150 4152/4152/4152
f 4150/4150/4150 4156/4156/4156 4153/4153/4153
f 4153/4153/4153 4156/4156/4156 4155/4155/4155
f 4152/4152/4152 4157/4157/4157 4156/4156/4156
f 4157/4157/4157 4155/4155/4155 4156/4156/4156
f 4160/4160/4160 4159/4159/4159 4158/4158/4158
f 4161/4161/4161 4158/4158/4158 4159/4159/4159
f 4162/4162/4162 4159/4159/4159 4160/4160/4160
f 4162/4162/4162 4160/4160/4160 4163/4163/4163
f 4163/4163/4163 4164/4164/4164 4162/4162/4162
f 4159/4159/4159 4165/4165/4165 4161/4161/4161
f 4165/4165/4165 4159/4159/4159 4162/4162/4162
f 4166/4166/4166 4161/4161/4161 4165/4165/4165
f 4167/4167/4167 4166/4166/4166 4165/4165/4165
f 4168/4168/4168 4162/4162/4162 4164/4164/4164
f 4162/4162/4162 4168/4168/4168 4165/4165/4165
f 4165/4165/4165 4168/4168/4168 4167/4167/4167
f 4164/4164/4164 4169/4169/4169 4168/4168/4168
f 4169/4169/4169 4167/4167/4167 4168/4168/4168
f 4172/4172/4172 4171/4171/4171 4170/4170/4170
f 4171/4171/4171 4173/4173/4173 4170/4170/4170
f 4170/4170/4170 4174/4174/4174 4172/4172/4172
f 4175/4175/4175 4172/4172/4172 4174/4174/4174
f 4176/4176/4176 4175/4175/4175 4174/4174/4174
f 4177/4177/4177 4170/4170/4170 4173/4173/4173
f 4174/4174/4174 4170/4170/4170 4177/4177/4177
f 4173/4173/4173 4178/4178/4178 4177/4177/4177
f 4178/4178/4178 4179/4179/4179 4177/4177/4177
f 4174/4174/4174 4180/4180/4180 4176/4176/4176
f 4177/4177/4177 4180/4180/4180 4174/4174/4174
f 4180/4180/4180 4177/4177/4177 4179/4179/4179
f 4181/4181/4181 4176/4176/4176 4180/4180/4180
f 4179/4179/4179 4181/4181/4181 4180/4180/4180
f 4184/4184/4184 4183/4183/4183 4182/4182/4182
f 4184/4184/4184 4182/4182/4182 4185/4185/4185
f 4188/4188/4188 4187/4187/4187 4186/4186/4186
f 4188/4188/4188 4186/4186/4186 4189/4189/4189
f 4192/4192/4192 4191/4191/4191 4190/4190/4190
f 4192/4192/4192 4190/4190/4190 4193/4193/4193
f 4196/4196/4196 4195/4195/4195 4194/4194/4194
f 4196/4196/4196 4194/4194/4194 4197/4197/4197
