mtllib SM_Ashtray_01.mtl
g SM_Ashtray_01
#Vertices 1203
#Indices 4800
#Section 0 Offset 0 NumIndices 4800 MaterialIndex 0 MI_Small_Props_01
v -0.033577 -0.000000 -0.064702
v 0.000338 -0.000000 -0.072895
v -0.017117 -0.000000 -0.070858
v 0.048085 0.000000 0.054787
v 0.068038 0.000000 0.026165
v 0.033577 0.000000 0.064702
v -0.000338 0.000000 0.072895
v 0.033577 0.000000 0.064702
v -0.017773 0.000000 0.070696
v 0.017117 0.000000 0.070858
v 0.055344 0.024510 0.021876
v 0.055543 0.010616 0.021360
v 0.056270 0.021383 0.018465
v 0.059040 0.010616 0.007447
v 0.058313 0.021383 0.010341
v 0.059110 0.024510 0.006898
v 0.059107 0.010616 -0.006899
v 0.059107 0.024510 -0.006899
v 0.055738 0.024510 -0.020844
v 0.055738 0.010616 -0.020844
v 0.060555 0.028442 -0.007068
v 0.060476 0.026845 0.007204
v 0.063194 0.031005 0.005153
v 0.049130 0.024510 -0.033577
v 0.049130 0.010616 -0.033577
v 0.039667 0.010616 -0.044359
v 0.057104 0.028442 -0.021354
v 0.063252 0.031005 -0.007383
v 0.050334 0.028442 -0.034400
v 0.069141 0.031464 -0.008070
v 0.069076 0.031464 0.005895
v 0.059647 0.031005 -0.022305
v 0.074545 0.027422 -0.008701
v 0.074525 0.026103 0.009081
v 0.065200 0.031464 -0.024382
v 0.076235 0.023735 -0.008898
v 0.076203 0.023735 0.009183
v 0.070296 0.027422 -0.026288
v 0.057471 0.031464 -0.039277
v 0.052576 0.031005 -0.035932
v 0.061962 0.027422 -0.042347
v 0.046401 0.031464 -0.051889
v 0.040639 0.028442 -0.045446
v 0.071890 0.023735 -0.026884
v 0.039667 0.024510 -0.044359
v 0.042449 0.031005 -0.047470
v 0.028583 0.028442 -0.053851
v 0.027899 0.024510 -0.052563
v 0.027899 0.010616 -0.052563
v 0.015046 0.024510 -0.057577
v 0.014509 0.010616 -0.057712
v 0.015308 0.026825 -0.058805
v 0.018816 0.031005 -0.060495
v 0.029855 0.031005 -0.056249
v 0.020261 0.031464 -0.066244
v 0.032635 0.031464 -0.061486
v 0.035186 0.027422 -0.066291
v 0.018728 0.026153 -0.072738
v 0.050028 0.027422 -0.055945
v 0.019126 0.023735 -0.074333
v 0.063368 0.023735 -0.043307
v 0.035984 0.023735 -0.067795
v 0.051162 0.023735 -0.057213
v 0.063368 0.003857 -0.043307
v 0.035984 0.003857 -0.067795
v 0.051162 0.003857 -0.057213
v 0.050520 0.000964 -0.056495
v 0.062572 0.000964 -0.042763
v 0.035531 0.000964 -0.066943
v 0.071890 0.003857 -0.026884
v 0.070987 0.000964 -0.026546
v 0.076235 0.003857 -0.008898
v 0.075277 0.000964 -0.008786
v 0.075193 0.000964 0.009484
v 0.076149 0.003857 0.009605
v 0.074900 0.020300 0.014575
v 0.070738 0.000964 0.027203
v 0.072887 0.020300 0.022579
v 0.071638 0.003857 0.027549
v 0.062172 0.000964 0.043341
v 0.071485 0.023735 0.027946
v 0.062963 0.003857 0.043893
v 0.050629 0.003857 0.057686
v 0.049993 0.000964 0.056961
v 0.062963 0.023735 0.043893
v 0.035353 0.003857 0.068126
v 0.034909 0.000964 0.067270
v 0.050629 0.023735 0.057686
v 0.061567 0.027422 0.042920
v 0.069901 0.026124 0.027171
v 0.063871 0.031464 0.027059
v 0.035353 0.023735 0.068126
v 0.057104 0.031464 0.039808
v 0.058338 0.031005 0.024931
v 0.049507 0.027422 0.056406
v 0.045918 0.031464 0.052317
v 0.052240 0.031005 0.036418
v 0.050013 0.028442 0.034865
v 0.056794 0.026852 0.022222
v 0.042007 0.031005 0.047862
v 0.032063 0.031464 0.061786
v 0.048817 0.024510 0.034031
v 0.055344 0.024510 0.021876
v 0.048817 0.010616 0.034031
v 0.055543 0.010616 0.021360
v 0.039254 0.010616 0.044725
v 0.040216 0.028442 0.045821
v 0.039254 0.024510 0.044725
v 0.027410 0.024510 0.052819
v 0.027410 0.010112 0.052819
v 0.028082 0.028442 0.054114
v 0.013973 0.010112 0.057844
v 0.029332 0.031005 0.056524
v 0.014316 0.028442 0.059262
v 0.013973 0.024510 0.057844
v 0.000278 0.024510 0.059510
v -0.000276 0.010616 0.059507
v 0.000207 0.026831 0.060798
v -0.003237 0.021383 0.059134
v 0.003042 0.031005 0.063291
v -0.014509 0.010616 0.057712
v -0.011548 0.021383 0.058086
v -0.015046 0.024510 0.057577
v 0.014953 0.031005 0.061901
v 0.003014 0.031464 0.069220
v 0.016345 0.031464 0.067664
v 0.017623 0.027422 0.072952
v 0.000036 0.026111 0.075138
v 0.034569 0.027422 0.066615
v 0.018022 0.023735 0.074607
v 0.000069 0.023735 0.076754
v 0.018022 0.003857 0.074607
v -0.000356 0.003857 0.076752
v 0.017796 0.000964 0.073669
v -0.000356 0.003857 0.076752
v -0.000351 0.000964 0.075788
v 0.015046 0.024510 -0.057577
v 0.014509 0.010616 -0.057712
v 0.011548 0.021383 -0.058086
v 0.000276 0.010616 -0.059507
v 0.003237 0.021383 -0.059134
v -0.000277 0.024510 -0.059510
v -0.013973 0.010616 -0.057844
v -0.013973 0.024510 -0.057844
v -0.000291 0.026800 -0.060635
v -0.027410 0.010616 -0.052819
v -0.014315 0.028442 -0.059262
v -0.003815 0.031005 -0.063201
v -0.027410 0.024510 -0.052819
v -0.039254 0.024510 -0.044725
v -0.039254 0.010616 -0.044725
v -0.028082 0.028442 -0.054114
v -0.014953 0.031005 -0.061901
v -0.048817 0.024510 -0.034031
v -0.048817 0.010616 -0.034031
v -0.055344 0.024510 -0.021876
v -0.055543 0.010616 -0.021360
v -0.056618 0.026837 -0.022270
v -0.040216 0.028442 -0.045821
v -0.050013 0.028442 -0.034865
v -0.057962 0.031005 -0.025639
v -0.052240 0.031005 -0.036418
v -0.063495 0.031464 -0.027767
v -0.042007 0.031005 -0.047862
v -0.057104 0.031464 -0.039808
v -0.061567 0.027422 -0.042920
v -0.069932 0.026145 -0.027297
v -0.071485 0.023735 -0.027946
v -0.045918 0.031464 -0.052317
v -0.049507 0.027422 -0.056406
v -0.029332 0.031005 -0.056524
v -0.032063 0.031464 -0.061786
v -0.016345 0.031464 -0.067664
v -0.003788 0.031464 -0.069129
v -0.034569 0.027422 -0.066615
v -0.017623 0.027422 -0.072952
v -0.000132 0.026117 -0.075238
v -0.018022 0.023735 -0.074607
v -0.000069 0.023735 -0.076754
v -0.035353 0.023735 -0.068126
v -0.050629 0.023735 -0.057686
v -0.018022 0.003857 -0.074607
v -0.062963 0.023735 -0.043893
v -0.035353 0.003857 -0.068126
v -0.050629 0.003857 -0.057686
v -0.062963 0.003857 -0.043893
v -0.049993 0.000964 -0.056961
v -0.034909 0.000964 -0.067270
v -0.062172 0.000964 -0.043342
v -0.017796 0.000964 -0.073669
v 0.000352 0.000964 -0.075788
v -0.071638 0.003857 -0.027549
v -0.070738 0.000964 -0.027203
v -0.072887 0.020300 -0.022579
v -0.076149 0.003857 -0.009605
v -0.074900 0.020300 -0.014575
v -0.075193 0.000964 -0.009484
v -0.076203 0.023735 -0.009183
v -0.076235 0.003857 0.008898
v -0.075277 0.000964 0.008786
v -0.070987 0.000964 0.026546
v -0.076235 0.023735 0.008898
v -0.074497 0.026099 -0.009106
v -0.071890 0.003857 0.026884
v -0.062572 0.000964 0.042763
v -0.071890 0.023735 0.026884
v -0.074544 0.027421 0.008701
v -0.069063 0.031464 -0.006121
v -0.070296 0.027422 0.026288
v -0.069141 0.031464 0.008070
v -0.065200 0.031464 0.024382
v -0.063252 0.031005 0.007383
v -0.063181 0.031005 -0.005379
v -0.057471 0.031464 0.039277
v -0.060555 0.028443 0.007068
v -0.060511 0.026850 -0.007240
v -0.059110 0.024510 -0.006898
v -0.061962 0.027422 0.042347
v -0.059107 0.024510 0.006899
v -0.063368 0.023735 0.043307
v -0.059107 0.010616 0.006899
v -0.063368 0.003857 0.043307
v -0.050520 0.000964 0.056495
v -0.059040 0.010616 -0.007447
v -0.058313 0.021383 -0.010341
v -0.056270 0.021383 -0.018465
v -0.055543 0.010616 -0.021360
v -0.055344 0.024510 -0.021876
v -0.055738 0.024510 0.020844
v -0.055738 0.010616 0.020844
v -0.057104 0.028442 0.021354
v -0.049130 0.024510 0.033577
v -0.049130 0.010616 0.033577
v -0.039667 0.010616 0.044359
v -0.059647 0.031005 0.022305
v -0.050334 0.028442 0.034400
v -0.052576 0.031005 0.035932
v -0.039667 0.024510 0.044359
v -0.040639 0.028442 0.045446
v -0.046401 0.031464 0.051889
v -0.042449 0.031005 0.047470
v -0.028582 0.028442 0.053851
v -0.027899 0.024510 0.052563
v -0.027899 0.010616 0.052563
v -0.015046 0.024510 0.057577
v -0.014509 0.010616 0.057712
v -0.015281 0.026838 0.058896
v -0.018438 0.031005 0.060640
v -0.029855 0.031005 0.056249
v -0.019884 0.031464 0.066389
v -0.032635 0.031464 0.061486
v -0.035186 0.027422 0.066292
v -0.018664 0.026145 0.072710
v -0.050028 0.027422 0.055945
v -0.019126 0.023735 0.074333
v -0.035983 0.023735 0.067795
v -0.051162 0.023735 0.057214
v -0.035983 0.003857 0.067795
v -0.051162 0.003857 0.057214
v -0.035531 0.000964 0.066943
v -0.018713 0.003857 0.074436
v -0.013629 0.020300 0.075078
v -0.018478 0.000964 0.073501
v -0.000356 0.003857 0.076752
v -0.000351 0.000964 0.075788
v -0.000356 0.003857 0.076752
v -0.005440 0.020300 0.076111
v 0.000069 0.023735 0.076754
v -0.005246 0.021659 -0.054292
v -0.006856 0.025679 -0.055272
v -0.007379 0.023140 -0.054768
v -0.003982 0.027788 -0.055508
v -0.001705 0.022102 -0.054121
v 0.001169 0.024210 -0.054358
v -0.000441 0.028231 -0.055338
v 0.001692 0.026749 -0.054862
v -0.005337 0.035599 -0.008689
v -0.004513 0.034009 -0.008209
v -0.005327 0.034577 -0.008584
v -0.004373 0.036611 -0.008520
v -0.003341 0.034169 -0.007765
v -0.002429 0.034989 -0.007526
v -0.003118 0.036672 -0.008049
v -0.002313 0.035988 -0.007633
v -0.010313 0.033893 0.001226
v -0.011423 0.038360 0.000004
v -0.009771 0.036148 -0.000302
v -0.014301 0.039233 0.001964
v -0.012732 0.032916 0.003693
v -0.015610 0.033789 0.005653
v -0.016720 0.038256 0.004430
v -0.017262 0.036001 0.005959
v -0.044891 0.023441 -0.031786
v -0.044984 0.021620 -0.031451
v -0.044534 0.022482 -0.031864
v -0.045956 0.024029 -0.031102
v -0.045980 0.021292 -0.030779
v -0.046979 0.021698 -0.030180
v -0.046974 0.023578 -0.030383
v -0.047396 0.022601 -0.030004
v 0.031664 0.035811 0.086116
v 0.031485 0.040553 0.085717
v 0.033003 0.038236 0.085918
v 0.027998 0.041405 0.085631
v 0.028251 0.034698 0.086195
v 0.024765 0.035550 0.086109
v 0.024586 0.040293 0.085710
v 0.023246 0.037867 0.085908
v 0.029432 0.031093 -0.002040
v 0.029343 0.029243 -0.001981
v 0.029814 0.030171 -0.001803
v 0.028213 0.031536 -0.002556
v 0.028292 0.028783 -0.002466
v 0.027203 0.029059 -0.002975
v 0.027127 0.030948 -0.003037
v 0.026713 0.029911 -0.003210
v 0.077319 0.023562 0.014703
v 0.077298 0.028001 0.014801
v 0.077555 0.025814 0.013344
v 0.076698 0.028842 0.018221
v 0.076727 0.022564 0.018081
v 0.076127 0.023405 0.021501
v 0.076106 0.027844 0.021600
v 0.075870 0.025592 0.022959
v 0.029829 0.026000 0.011138
v 0.029732 0.024153 0.011254
v 0.030007 0.025057 0.010771
v 0.029307 0.026501 0.012345
v 0.029162 0.023748 0.012306
v 0.028630 0.024081 0.013386
v 0.028730 0.025970 0.013434
v 0.028449 0.024956 0.013861
v -0.040143 0.034108 0.056247
v -0.040142 0.038583 0.054617
v -0.039131 0.036691 0.056382
v -0.042583 0.038675 0.051986
v -0.042584 0.032346 0.054291
v -0.045024 0.032438 0.051659
v -0.045024 0.036914 0.050030
v -0.046035 0.034330 0.049894
v -0.009992 0.027441 0.018284
v -0.009900 0.025592 0.018386
v -0.009650 0.026568 0.018702
v -0.010918 0.027740 0.017283
v -0.010591 0.025014 0.017526
v -0.011384 0.025164 0.016593
v -0.011628 0.027031 0.016417
v -0.011816 0.025954 0.016134
v 0.038800 0.016571 -0.041015
v 0.039572 0.020927 -0.041402
v 0.038660 0.018724 -0.042538
v 0.041002 0.021890 -0.038273
v 0.039909 0.015730 -0.037725
v 0.041338 0.016692 -0.034595
v 0.042111 0.021048 -0.034983
v 0.042250 0.018895 -0.033460
v -0.002340 0.028372 -0.019986
v -0.002667 0.026581 -0.019637
v -0.002540 0.027409 -0.020287
v -0.002061 0.028973 -0.018745
v -0.002660 0.026303 -0.018404
v -0.002484 0.026741 -0.017248
v -0.002061 0.028573 -0.017463
v -0.002241 0.027637 -0.016846
v 0.001195 0.019401 0.042499
v 0.001195 0.024163 0.042498
v 0.002433 0.021782 0.043214
v -0.001794 0.025150 0.040772
v -0.001795 0.018414 0.040773
v -0.004784 0.019401 0.039047
v -0.004784 0.024163 0.039046
v -0.006022 0.021782 0.038332
v -0.110957 0.028139 -0.018588
v -0.110533 0.032881 -0.018695
v -0.110995 0.030564 -0.017235
v -0.109843 0.033733 -0.022113
v -0.110442 0.027026 -0.021963
v -0.109752 0.027878 -0.025381
v -0.109328 0.032621 -0.025488
v -0.109290 0.030195 -0.026841
v 0.009636 0.033893 -0.015817
v 0.010119 0.038360 -0.014238
v 0.008495 0.036148 -0.014666
v 0.013558 0.039233 -0.014786
v 0.012875 0.032916 -0.017019
v 0.016314 0.033789 -0.017566
v 0.016797 0.038256 -0.015987
v 0.017939 0.036001 -0.017139
v 0.026859 0.023441 0.028778
v 0.027086 0.021620 0.028516
v 0.026503 0.022482 0.028697
v 0.028114 0.024029 0.028613
v 0.028274 0.021292 0.028332
v 0.029433 0.021698 0.028215
v 0.029342 0.023578 0.028397
v 0.029885 0.022601 0.028233
v -0.052791 0.016572 0.001481
v -0.053655 0.020927 0.001503
v -0.053314 0.018724 0.002919
v -0.053615 0.021890 -0.001937
v -0.052393 0.015730 -0.001968
v -0.052354 0.016692 -0.005408
v -0.053218 0.021048 -0.005386
v -0.052695 0.018895 -0.006824
v -0.006612 0.028372 -0.000021
v -0.006168 0.026581 -0.000198
v -0.006560 0.027409 0.000336
v -0.006336 0.028973 -0.001263
v -0.005649 0.026303 -0.001316
v -0.005317 0.026741 -0.002437
v -0.005791 0.028573 -0.002423
v -0.005365 0.027637 -0.002904
v 0.016804 0.019401 -0.058061
v 0.016803 0.024163 -0.058060
v 0.015987 0.021782 -0.059235
v 0.018772 0.025150 -0.055225
v 0.018773 0.018414 -0.055226
v 0.020743 0.019401 -0.052391
v 0.020742 0.024163 -0.052390
v 0.021558 0.021782 -0.051216
v -0.019596 0.026119 -0.026053
v -0.019782 0.024347 -0.025541
v -0.019916 0.025157 -0.026206
v -0.018834 0.026743 -0.025063
v -0.019281 0.024099 -0.024428
v -0.018646 0.024559 -0.023476
v -0.018323 0.026374 -0.023898
v -0.018250 0.025458 -0.023241
v 0.020261 0.031464 -0.066244
v 0.018816 0.031005 -0.060495
v 0.015308 0.026825 -0.058805
v 0.018728 0.026153 -0.072738
v 0.011075 0.022884 -0.060376
v 0.015046 0.024510 -0.057577
v 0.011548 0.021383 -0.058086
v 0.012735 0.022090 -0.072958
v 0.019126 0.023735 -0.074333
v 0.013629 0.020300 -0.075078
v 0.004291 0.022876 -0.061233
v 0.003237 0.021383 -0.059134
v -0.000277 0.024510 -0.059510
v -0.000291 0.026800 -0.060635
v -0.003788 0.031464 -0.069129
v -0.003815 0.031005 -0.063201
v -0.000132 0.026117 -0.075238
v 0.005801 0.022083 -0.073833
v -0.000069 0.023735 -0.076754
v 0.005440 0.020300 -0.076110
v -0.057962 0.031005 -0.025639
v -0.056618 0.026837 -0.022270
v -0.063495 0.031464 -0.027767
v -0.069932 0.026145 -0.027297
v -0.058601 0.022884 -0.018272
v -0.055344 0.024510 -0.021876
v -0.056270 0.021383 -0.018465
v -0.070891 0.022090 -0.021436
v -0.071485 0.023735 -0.027946
v -0.072887 0.020300 -0.022579
v -0.060270 0.022876 -0.011640
v -0.058313 0.021383 -0.010341
v -0.059110 0.024510 -0.006898
v -0.060511 0.026850 -0.007240
v -0.072596 0.022083 -0.014659
v -0.074900 0.020300 -0.014575
v -0.076203 0.023735 -0.009183
v -0.074497 0.026099 -0.009106
v -0.069063 0.031464 -0.006121
v -0.063181 0.031005 -0.005379
v -0.019884 0.031464 0.066389
v -0.018438 0.031005 0.060640
v -0.015281 0.026838 0.058896
v -0.018664 0.026145 0.072710
v -0.011075 0.022884 0.060376
v -0.015046 0.024510 0.057577
v -0.011548 0.021383 0.058086
v -0.012734 0.022090 0.072958
v -0.019126 0.023735 0.074333
v -0.013629 0.020300 0.075078
v -0.004291 0.022876 0.061233
v -0.003237 0.021383 0.059134
v 0.000278 0.024510 0.059510
v 0.000207 0.026831 0.060798
v 0.003014 0.031464 0.069220
v 0.003042 0.031005 0.063291
v 0.000036 0.026111 0.075138
v -0.005801 0.022083 0.073833
v 0.000069 0.023735 0.076754
v -0.005440 0.020300 0.076111
v 0.020495 0.026119 -0.001964
v 0.020445 0.024347 -0.002506
v 0.020850 0.025157 -0.001962
v 0.019384 0.026744 -0.002535
v 0.018537 0.024559 -0.003891
v 0.019517 0.024099 -0.003299
v 0.018079 0.025458 -0.003935
v 0.018424 0.026374 -0.003371
v -0.023033 0.023864 -0.006589
v -0.024052 0.022499 -0.005142
v -0.023753 0.023421 -0.005478
v -0.023796 0.021571 -0.005576
v -0.022445 0.021388 -0.007511
v -0.023136 0.021111 -0.006527
v -0.022371 0.023276 -0.007575
v -0.022128 0.022239 -0.007952
v -0.003341 0.034169 -0.007765
v -0.003452 0.030808 -0.012131
v -0.004513 0.034009 -0.008209
v -0.006449 0.030399 -0.013266
v -0.003325 0.028364 -0.019058
v -0.005327 0.034577 -0.008584
v -0.006677 0.027991 -0.020286
v -0.002947 0.026469 -0.027455
v -0.008533 0.031850 -0.014225
v -0.006221 0.026486 -0.027703
v -0.001705 0.022102 -0.054121
v -0.005246 0.021659 -0.054292
v -0.008941 0.029903 -0.021262
v -0.008488 0.028768 -0.028361
v -0.007379 0.023140 -0.054768
v -0.006856 0.025679 -0.055272
v -0.008420 0.031979 -0.029042
v -0.009097 0.033087 -0.021457
v -0.006057 0.034238 -0.029348
v -0.003982 0.027788 -0.055508
v -0.008557 0.034466 -0.014494
v -0.005337 0.035599 -0.008689
v -0.006600 0.036069 -0.020916
v -0.002783 0.034222 -0.029100
v -0.000441 0.028231 -0.055338
v 0.001692 0.026749 -0.054862
v -0.006093 0.037055 -0.014063
v -0.004373 0.036611 -0.008520
v -0.002996 0.036123 -0.019623
v -0.000516 0.031939 -0.028443
v 0.001169 0.024210 -0.054358
v -0.002882 0.037209 -0.012857
v -0.003118 0.036672 -0.008049
v -0.000594 0.033911 -0.018545
v -0.000822 0.035460 -0.011795
v -0.002313 0.035988 -0.007633
v -0.002429 0.034989 -0.007526
v -0.001121 0.032904 -0.011521
v -0.003341 0.034169 -0.007765
v -0.003452 0.030808 -0.012131
v -0.000805 0.030816 -0.018337
v -0.003325 0.028364 -0.019058
v -0.000584 0.028728 -0.027761
v -0.002947 0.026469 -0.027455
v -0.001705 0.022102 -0.054121
v -0.045980 0.021292 -0.030779
v -0.041834 0.019703 -0.028537
v -0.044984 0.021620 -0.031451
v -0.039287 0.020543 -0.030255
v -0.036630 0.019704 -0.024668
v -0.044534 0.022482 -0.031864
v -0.033841 0.020705 -0.026610
v -0.038135 0.022747 -0.031310
v -0.039046 0.025200 -0.031112
v -0.044891 0.023441 -0.031786
v -0.032662 0.023369 -0.027904
v -0.041772 0.026704 -0.029362
v -0.045956 0.024029 -0.031102
v -0.033782 0.026348 -0.027835
v -0.036866 0.028174 -0.025990
v -0.044376 0.025552 -0.027523
v -0.046974 0.023578 -0.030383
v -0.039702 0.026792 -0.023896
v -0.045454 0.023053 -0.026553
v -0.047396 0.022601 -0.030004
v -0.030738 0.030435 -0.017589
v -0.044389 0.020743 -0.027003
v -0.046979 0.021698 -0.030180
v -0.045980 0.021292 -0.030779
v -0.041834 0.019703 -0.028537
v -0.040789 0.023775 -0.022679
v -0.039507 0.020975 -0.023040
v -0.036630 0.019704 -0.024668
v -0.032773 0.029211 -0.015322
v -0.031360 0.023520 -0.013765
v -0.028740 0.022387 -0.015387
v -0.033030 0.026347 -0.013737
v -0.021817 0.028687 -0.005450
v -0.019068 0.027684 -0.007241
v -0.012732 0.032916 0.003693
v -0.015610 0.033789 0.005653
v -0.023478 0.031207 -0.005283
v -0.017262 0.036001 0.005959
v -0.016720 0.038256 0.004430
v -0.023078 0.033766 -0.006840
v -0.014301 0.039233 0.001964
v -0.020852 0.034867 -0.009207
v -0.011423 0.038360 0.000004
v -0.028118 0.029302 -0.019212
v -0.018102 0.033864 -0.010998
v -0.009771 0.036148 -0.000302
v -0.026448 0.026476 -0.019239
v -0.016441 0.031344 -0.011164
v -0.026705 0.023611 -0.017655
v -0.028740 0.022387 -0.015387
v -0.019068 0.027684 -0.007241
v -0.016841 0.028785 -0.009608
v -0.010313 0.033893 0.001226
v -0.012732 0.032916 0.003693
v 0.028207 0.031188 0.059384
v 0.024765 0.035550 0.086109
v 0.028251 0.034698 0.086195
v 0.025128 0.032325 0.059276
v 0.028421 0.026940 0.008665
v 0.023246 0.037867 0.085908
v 0.025352 0.027850 0.007147
v 0.028855 0.027147 0.002198
v 0.023759 0.035299 0.059021
v 0.026070 0.027855 0.000895
v 0.028292 0.028783 -0.002466
v 0.027203 0.029059 -0.002975
v 0.023995 0.030513 0.006326
v 0.024818 0.030034 0.000294
v 0.026713 0.029911 -0.003210
v 0.027127 0.030948 -0.003037
v 0.025876 0.032686 0.000736
v 0.028213 0.031536 -0.002556
v 0.025194 0.033710 0.006655
v 0.028653 0.034190 0.001967
v 0.029432 0.031093 -0.002040
v 0.024900 0.038367 0.058768
v 0.024586 0.040293 0.085710
v 0.027998 0.041405 0.085631
v 0.028280 0.035485 0.007949
v 0.031772 0.033056 0.003287
v 0.029814 0.030171 -0.001803
v 0.027885 0.039732 0.058667
v 0.031712 0.034063 0.009512
v 0.030963 0.038596 0.058775
v 0.031485 0.040553 0.085717
v 0.032749 0.030697 0.003892
v 0.032763 0.031177 0.010350
v 0.032333 0.035622 0.059030
v 0.033003 0.038236 0.085918
v 0.031664 0.035811 0.086116
v 0.031191 0.032554 0.059282
v 0.028207 0.031188 0.059384
v 0.028251 0.034698 0.086195
v 0.031403 0.028317 0.009992
v 0.028421 0.026940 0.008665
v 0.031543 0.028324 0.003439
v 0.028855 0.027147 0.002198
v 0.029343 0.029243 -0.001981
v 0.028292 0.028783 -0.002466
v 0.034273 0.021744 0.011833
v 0.029732 0.024153 0.011254
v 0.029162 0.023748 0.012306
v 0.035733 0.022778 0.009141
v 0.041567 0.021037 0.012364
v 0.030007 0.025057 0.010771
v 0.043136 0.022260 0.009377
v 0.050096 0.021052 0.013587
v 0.036436 0.025090 0.007906
v 0.050613 0.022377 0.010628
v 0.076727 0.022564 0.018081
v 0.077319 0.023562 0.014703
v 0.043745 0.025058 0.008139
v 0.050815 0.025438 0.009458
v 0.077555 0.025814 0.013344
v 0.077298 0.028001 0.014801
v 0.050584 0.028443 0.010762
v 0.076698 0.028842 0.018221
v 0.043073 0.028017 0.009139
v 0.050054 0.029630 0.013777
v 0.076106 0.027844 0.021600
v 0.035980 0.027504 0.008843
v 0.029829 0.026000 0.011138
v 0.041523 0.029613 0.012374
v 0.049536 0.028305 0.016737
v 0.075870 0.025592 0.022959
v 0.034644 0.028785 0.011932
v 0.029307 0.026501 0.012345
v 0.039957 0.027993 0.015470
v 0.033169 0.027425 0.014717
v 0.028730 0.025970 0.013434
v 0.049334 0.025243 0.017907
v 0.039320 0.024851 0.016712
v 0.032450 0.024833 0.015808
v 0.028449 0.024956 0.013861
v 0.028630 0.024081 0.013386
v 0.032914 0.022594 0.014594
v 0.029162 0.023748 0.012306
v 0.034273 0.021744 0.011833
v 0.039986 0.022110 0.015403
v 0.041567 0.021037 0.012364
v 0.049566 0.022239 0.016602
v 0.050096 0.021052 0.013587
v 0.076127 0.023405 0.021501
v 0.076727 0.022564 0.018081
v -0.031569 0.028993 0.046907
v -0.042584 0.032346 0.054291
v -0.040143 0.034108 0.056247
v -0.029276 0.030831 0.048678
v -0.039131 0.036691 0.056382
v -0.023630 0.024587 0.036635
v -0.028326 0.033700 0.048645
v -0.040142 0.038583 0.054617
v -0.021485 0.026502 0.038221
v -0.014994 0.023164 0.027748
v -0.020596 0.029656 0.038018
v -0.029276 0.035919 0.046826
v -0.013020 0.024874 0.030142
v -0.031569 0.036188 0.044288
v -0.042583 0.038675 0.051986
v -0.021485 0.032203 0.036146
v -0.012254 0.027872 0.030906
v -0.033862 0.034350 0.042517
v -0.045024 0.036914 0.050030
v -0.013153 0.030619 0.029570
v -0.009479 0.027415 0.025073
v -0.010118 0.024918 0.024264
v -0.011885 0.023440 0.022064
v -0.009900 0.025592 0.018386
v -0.010591 0.025014 0.017526
v -0.009650 0.026568 0.018702
v -0.010354 0.029646 0.024003
v -0.009992 0.027441 0.018284
v -0.015730 0.031636 0.026643
v -0.012721 0.030413 0.021442
v -0.010918 0.027740 0.017283
v -0.023630 0.032650 0.033700
v -0.017767 0.029519 0.024254
v -0.014537 0.028600 0.019228
v -0.011628 0.027031 0.016417
v -0.025775 0.030736 0.032115
v -0.018365 0.026205 0.023599
v -0.015018 0.025844 0.018504
v -0.011816 0.025954 0.016134
v -0.013915 0.023824 0.019678
v -0.011384 0.025164 0.016593
v -0.010591 0.025014 0.017526
v -0.011885 0.023440 0.022064
v -0.017207 0.023715 0.025038
v -0.014994 0.023164 0.027748
v -0.026663 0.027581 0.032317
v -0.025775 0.025035 0.034190
v -0.023630 0.024587 0.036635
v -0.034812 0.031481 0.042550
v -0.046035 0.034330 0.049894
v -0.033862 0.029262 0.044369
v -0.031569 0.028993 0.046907
v -0.045024 0.032438 0.051659
v -0.042584 0.032346 0.054291
v -0.002660 0.026303 -0.018404
v 0.001029 0.023321 -0.021209
v -0.002667 0.026581 -0.019637
v 0.001011 0.024030 -0.024362
v 0.007284 0.021184 -0.024416
v -0.002540 0.027409 -0.020287
v 0.007234 0.022053 -0.027898
v 0.015053 0.019511 -0.027746
v 0.001336 0.026150 -0.026025
v 0.014156 0.020691 -0.030676
v 0.039909 0.015730 -0.037725
v 0.038800 0.016571 -0.041015
v 0.038660 0.018724 -0.042538
v 0.007559 0.024668 -0.029568
v 0.014221 0.023644 -0.032108
v 0.008014 0.027707 -0.028693
v 0.015210 0.026642 -0.031205
v 0.039572 0.020927 -0.041402
v 0.016544 0.027928 -0.028494
v 0.041002 0.021890 -0.038273
v 0.042111 0.021048 -0.034983
v 0.001847 0.028611 -0.025256
v -0.002340 0.028372 -0.019986
v 0.008678 0.029597 -0.025317
v 0.002562 0.030149 -0.022080
v -0.002061 0.028973 -0.018745
v 0.017441 0.026748 -0.025564
v 0.008722 0.028338 -0.021701
v 0.002561 0.029125 -0.018803
v -0.002061 0.028573 -0.017463
v 0.008318 0.025391 -0.019975
v 0.017376 0.023795 -0.024131
v 0.042250 0.018895 -0.033460
v 0.041338 0.016692 -0.034595
v 0.002101 0.026733 -0.017224
v -0.002241 0.027637 -0.016846
v -0.002484 0.026741 -0.017248
v 0.016387 0.020797 -0.025035
v 0.039909 0.015730 -0.037725
v 0.015053 0.019511 -0.027746
v 0.007284 0.021184 -0.024416
v 0.007733 0.022566 -0.021134
v 0.001029 0.023321 -0.021209
v 0.001481 0.024440 -0.018252
v -0.002660 0.026303 -0.018404
v 0.019517 0.024099 -0.003299
v 0.019232 0.021068 0.000634
v 0.020445 0.024347 -0.002506
v 0.021604 0.021704 0.002663
v 0.017587 0.018864 0.006507
v 0.020850 0.025157 -0.001962
v 0.020227 0.019652 0.008734
v 0.011532 0.017162 0.017279
v 0.022639 0.023773 0.004056
v 0.014160 0.018418 0.018796
v 0.006752 0.017788 0.030113
v 0.021418 0.022208 0.010220
v -0.001795 0.018414 0.040773
v 0.001195 0.019401 0.042499
v 0.009560 0.018910 0.031735
v 0.002433 0.021782 0.043214
v 0.015248 0.021452 0.019424
v 0.010723 0.021617 0.032406
v 0.001195 0.024163 0.042498
v 0.009560 0.024324 0.031734
v 0.014160 0.024485 0.018796
v 0.006752 0.025446 0.030113
v -0.001794 0.025150 0.040772
v 0.020468 0.025246 0.010147
v 0.003944 0.024324 0.028491
v -0.004784 0.024163 0.039046
v 0.011532 0.025742 0.017279
v 0.017357 0.027203 0.008494
v 0.021731 0.026236 0.004049
v 0.020495 0.026119 -0.001964
v 0.018890 0.027832 0.002590
v 0.019384 0.026744 -0.002535
v 0.008905 0.024485 0.015762
v 0.014621 0.026030 0.006153
v 0.016436 0.026886 0.000451
v 0.018424 0.026374 -0.003371
v 0.007817 0.021452 0.015134
v 0.015552 0.024544 -0.000992
v 0.018079 0.025458 -0.003935
v 0.018537 0.024559 -0.003891
v 0.013591 0.023141 0.004619
v 0.016725 0.022244 -0.000879
v 0.019517 0.024099 -0.003299
v 0.019232 0.021068 0.000634
v 0.014838 0.020309 0.004803
v 0.017587 0.018864 0.006507
v 0.008905 0.018418 0.015762
v 0.011532 0.017162 0.017279
v 0.002780 0.021617 0.027820
v -0.006022 0.021782 0.038332
v -0.004784 0.019401 0.039047
v 0.003943 0.018910 0.028492
v -0.001795 0.018414 0.040773
v 0.006752 0.017788 0.030113
v -0.110442 0.027026 -0.021963
v -0.084031 0.023517 -0.017351
v -0.109752 0.027878 -0.025381
v -0.083389 0.024653 -0.020363
v -0.034120 0.019268 -0.008332
v -0.109290 0.030195 -0.026841
v -0.032091 0.020178 -0.011090
v -0.027826 0.019475 -0.006781
v -0.082901 0.027627 -0.021668
v -0.026060 0.020183 -0.009299
v -0.023136 0.021111 -0.006527
v -0.022445 0.021388 -0.007511
v -0.031047 0.022841 -0.012284
v -0.025250 0.022362 -0.010427
v -0.022128 0.022239 -0.007952
v -0.022371 0.023276 -0.007575
v -0.025869 0.025014 -0.009462
v -0.023033 0.023864 -0.006589
v -0.031580 0.026038 -0.011161
v -0.027564 0.026518 -0.006940
v -0.023753 0.023421 -0.005478
v -0.082850 0.030695 -0.020500
v -0.109328 0.032621 -0.025488
v -0.109843 0.033733 -0.022113
v -0.033390 0.027813 -0.008347
v -0.029405 0.025385 -0.004098
v -0.024052 0.022499 -0.005142
v -0.083268 0.032060 -0.017543
v -0.035525 0.026391 -0.005239
v -0.083910 0.030924 -0.014530
v -0.110533 0.032881 -0.018695
v -0.030171 0.023025 -0.003241
v -0.036533 0.023505 -0.004349
v -0.084398 0.027950 -0.013226
v -0.110995 0.030564 -0.017235
v -0.110957 0.028139 -0.018588
v -0.084449 0.024882 -0.014394
v -0.084031 0.023517 -0.017351
v -0.110442 0.027026 -0.021963
v -0.035944 0.020645 -0.005626
v -0.034120 0.019268 -0.008332
v -0.029515 0.020652 -0.004350
v -0.027826 0.019475 -0.006781
v -0.023796 0.021571 -0.005576
v -0.023136 0.021111 -0.006527
v 0.025478 0.019703 0.024537
v 0.027086 0.021620 0.028516
v 0.028274 0.021292 0.028332
v 0.022441 0.020543 0.025007
v 0.022417 0.019704 0.018820
v 0.026503 0.022482 0.028697
v 0.019067 0.020705 0.019389
v 0.020950 0.022747 0.025470
v 0.016425 0.023611 0.008247
v 0.019232 0.022387 0.007062
v 0.013951 0.027684 -0.004427
v 0.017448 0.023369 0.020057
v 0.012875 0.032916 -0.017019
v 0.009636 0.033893 -0.015817
v 0.010928 0.028785 -0.003234
v 0.008495 0.036148 -0.014666
v 0.009903 0.031344 -0.001997
v 0.015517 0.026476 0.009571
v 0.011477 0.033864 -0.001440
v 0.010119 0.038360 -0.014238
v 0.017040 0.029302 0.010258
v 0.014727 0.034867 -0.001889
v 0.013558 0.039233 -0.014786
v 0.018492 0.026348 0.020472
v 0.020101 0.030435 0.009906
v 0.017750 0.033766 -0.003083
v 0.016797 0.038256 -0.015987
v 0.021859 0.025200 0.025679
v 0.026859 0.023441 0.028778
v 0.022067 0.028174 0.020117
v 0.025070 0.026704 0.025257
v 0.028114 0.024029 0.028613
v 0.025526 0.026792 0.019430
v 0.028209 0.025552 0.024703
v 0.029342 0.023578 0.028397
v 0.022908 0.029211 0.008721
v 0.027027 0.023775 0.018792
v 0.029598 0.023053 0.024283
v 0.029885 0.022601 0.028233
v 0.029433 0.021698 0.028215
v 0.028442 0.020743 0.024237
v 0.028274 0.021292 0.028332
v 0.025478 0.019703 0.024537
v 0.025714 0.020975 0.018572
v 0.022417 0.019704 0.018820
v 0.023816 0.026347 0.007397
v 0.022293 0.023520 0.006710
v 0.019232 0.022387 0.007062
v 0.018775 0.031207 -0.004320
v 0.017939 0.036001 -0.017139
v 0.016314 0.033789 -0.017566
v 0.017201 0.028687 -0.004877
v 0.013951 0.027684 -0.004427
v 0.012875 0.032916 -0.017019
v -0.005649 0.026303 -0.001316
v -0.010182 0.023321 -0.000350
v -0.006168 0.026581 -0.000198
v -0.011508 0.024030 0.002510
v -0.017207 0.021184 -0.000113
v -0.006560 0.027409 0.000336
v -0.018645 0.022053 0.003059
v -0.025654 0.019511 -0.000409
v -0.012511 0.026150 0.003877
v -0.026091 0.020691 0.002624
v -0.052393 0.015730 -0.001968
v -0.052791 0.016572 0.001481
v -0.019650 0.024668 0.004431
v -0.026760 0.023644 0.003892
v -0.053314 0.018724 0.002919
v -0.053655 0.020927 0.001503
v -0.027270 0.026642 0.002653
v -0.019690 0.027707 0.003446
v -0.027322 0.027928 -0.000367
v -0.053615 0.021890 -0.001937
v -0.053218 0.021048 -0.005386
v -0.012645 0.028611 0.002963
v -0.006612 0.028372 -0.000021
v -0.018852 0.029597 0.000109
v -0.026885 0.026748 -0.003400
v -0.052695 0.018895 -0.006824
v -0.011940 0.030149 -0.000215
v -0.006336 0.028973 -0.001263
v -0.017351 0.028338 -0.003182
v -0.010543 0.029125 -0.003180
v -0.005791 0.028573 -0.002423
v -0.026216 0.023795 -0.004669
v -0.016251 0.025391 -0.004571
v -0.009454 0.026733 -0.004412
v -0.005365 0.027637 -0.002904
v -0.005317 0.026741 -0.002437
v -0.009331 0.024440 -0.003217
v -0.005649 0.026303 -0.001316
v -0.010182 0.023321 -0.000350
v -0.016215 0.022566 -0.003273
v -0.017207 0.021184 -0.000113
v -0.025706 0.020797 -0.003430
v -0.025654 0.019511 -0.000409
v -0.052354 0.016692 -0.005408
v -0.052393 0.015730 -0.001968
v -0.019281 0.024099 -0.024428
v -0.017347 0.021068 -0.027866
v -0.019782 0.024347 -0.025541
v -0.018629 0.021704 -0.030712
v -0.013357 0.018864 -0.032479
v -0.019916 0.025157 -0.026206
v -0.014797 0.019652 -0.035618
v -0.003291 0.017162 -0.039646
v -0.018972 0.023773 -0.032413
v -0.018154 0.026236 -0.032020
v -0.019596 0.026119 -0.026053
v -0.015242 0.022208 -0.037470
v -0.016205 0.027832 -0.029490
v -0.018834 0.026743 -0.025063
v -0.014413 0.025246 -0.036999
v -0.012303 0.027203 -0.034178
v -0.014896 0.026886 -0.026510
v -0.018323 0.026374 -0.023898
v -0.018250 0.025458 -0.023241
v -0.010824 0.026030 -0.030895
v -0.014710 0.024544 -0.024828
v -0.018646 0.024559 -0.023476
v -0.001561 0.024485 -0.037155
v -0.015723 0.022244 -0.025429
v -0.019281 0.024099 -0.024428
v -0.017347 0.021068 -0.027866
v -0.010546 0.023141 -0.029068
v -0.011596 0.020309 -0.029766
v -0.013357 0.018864 -0.032479
v -0.001561 0.018418 -0.037155
v -0.003291 0.017162 -0.039646
v -0.000844 0.021452 -0.036123
v 0.008351 0.018910 -0.046558
v 0.006501 0.017788 -0.049221
v 0.018773 0.018414 -0.055226
v 0.020743 0.019401 -0.052391
v 0.009117 0.021617 -0.045455
v 0.021558 0.021782 -0.051216
v 0.020742 0.024163 -0.052390
v 0.008350 0.024324 -0.046558
v 0.018772 0.025150 -0.055225
v -0.003291 0.025742 -0.039646
v 0.006500 0.025446 -0.049221
v 0.016803 0.024163 -0.058060
v -0.005022 0.024485 -0.042137
v 0.004650 0.024324 -0.051884
v 0.015987 0.021782 -0.059235
v -0.005739 0.021452 -0.043169
v 0.003884 0.021617 -0.052987
v -0.005022 0.018418 -0.042137
v 0.006501 0.017788 -0.049221
v 0.004650 0.018910 -0.051884
v 0.016804 0.019401 -0.058061
v 0.018773 0.018414 -0.055226
v 0.058338 0.031005 0.024931
v 0.056794 0.026852 0.022222
v 0.063871 0.031464 0.027059
v 0.069901 0.026124 0.027171
v 0.070891 0.022090 0.021436
v 0.071485 0.023735 0.027946
v 0.072887 0.020300 0.022579
v 0.058601 0.022884 0.018272
v 0.055344 0.024510 0.021876
v 0.056270 0.021383 0.018465
v 0.072596 0.022083 0.014659
v 0.074900 0.020300 0.014575
v 0.076203 0.023735 0.009183
v 0.074525 0.026103 0.009081
v 0.060270 0.022876 0.011640
v 0.058313 0.021383 0.010341
v 0.059110 0.024510 0.006898
v 0.060476 0.026845 0.007204
v 0.069076 0.031464 0.005895
v 0.063194 0.031005 0.005153
v 0.018714 0.003857 -0.074436
v 0.013629 0.020300 -0.075078
v 0.018478 0.000964 -0.073501
v 0.000356 0.003857 -0.076752
v 0.005440 0.020300 -0.076110
v 0.000352 0.000964 -0.075788
v -0.017796 0.000964 -0.073669
v -0.017117 -0.000000 -0.070858
v -0.034909 0.000964 -0.067270
v 0.000338 -0.000000 -0.072895
v -0.033577 -0.000000 -0.064702
v 0.018478 0.000964 -0.073501
v -0.049993 0.000964 -0.056961
v 0.017773 -0.000000 -0.070696
v 0.035531 0.000964 -0.066943
v -0.048085 -0.000000 -0.054787
v -0.062172 0.000964 -0.043342
v 0.034175 -0.000000 -0.064388
v 0.048591 -0.000000 -0.054338
v 0.050520 0.000964 -0.056495
v 0.033577 0.000000 0.064702
v 0.060183 -0.000000 -0.041131
v 0.062572 0.000964 -0.042763
v -0.017773 0.000000 0.070696
v 0.068038 0.000000 0.026165
v 0.068278 -0.000000 -0.025533
v 0.070987 0.000964 -0.026546
v 0.075277 0.000964 -0.008786
v 0.072404 -0.000000 -0.008451
v 0.072323 0.000000 0.009122
v 0.075193 0.000964 0.009484
v 0.070738 0.000964 0.027203
v 0.059799 0.000000 0.041687
v 0.062172 0.000964 0.043341
v 0.048085 0.000000 0.054787
v 0.049993 0.000964 0.056961
v 0.034909 0.000964 0.067270
v 0.033577 0.000000 0.064702
v 0.017796 0.000964 0.073669
v 0.017117 0.000000 0.070858
v -0.000351 0.000964 0.075788
v -0.000338 0.000000 0.072895
v -0.018478 0.000964 0.073501
v -0.034175 0.000000 0.064388
v -0.035531 0.000964 0.066943
v -0.048591 0.000000 0.054338
v -0.050520 0.000964 0.056495
v -0.060183 0.000000 0.041131
v -0.062572 0.000964 0.042763
v -0.068278 0.000000 0.025533
v -0.070987 0.000964 0.026546
v -0.072404 0.000000 0.008451
v -0.075277 0.000964 0.008786
v -0.072323 -0.000000 -0.009122
v -0.075193 0.000964 -0.009484
v -0.059799 -0.000000 -0.041687
v -0.070738 0.000964 -0.027203
v -0.068038 -0.000000 -0.026165
v 0.002524 0.023460 -0.044803
v -0.010577 0.022245 -0.060450
v 0.003225 0.020224 -0.061397
v 0.016729 0.016959 -0.058794
v -0.010884 0.026314 -0.044738
v -0.023299 0.024071 -0.057320
v 0.015739 0.019405 -0.043081
v 0.028785 0.014035 -0.054144
v 0.001887 0.027027 -0.028877
v -0.024094 0.026468 -0.043538
v -0.033945 0.021832 -0.053275
v -0.011539 0.026496 -0.029393
v -0.036803 0.021271 -0.041828
v -0.043404 0.019484 -0.048811
v -0.048892 0.018145 -0.039960
v -0.025284 0.024625 -0.029630
v -0.039625 0.020305 -0.029753
v -0.053993 0.018258 -0.029890
v -0.012137 0.028535 -0.014975
v -0.026552 0.023410 -0.015655
v -0.042117 0.021848 -0.016488
v -0.058455 0.019528 -0.017344
v -0.043584 0.024495 -0.002575
v -0.060762 0.022586 -0.003488
v -0.059703 0.024089 0.010594
v -0.027412 0.025455 -0.001694
v -0.043263 0.027725 0.011424
v -0.056799 0.021589 0.023644
v -0.013054 0.027054 -0.000930
v -0.027920 0.026425 0.012314
v -0.042467 0.024076 0.025001
v -0.053080 0.018875 0.034277
v -0.041593 0.017888 0.037411
v -0.049042 0.014953 0.043724
v -0.040336 0.014855 0.049148
v -0.028576 0.023447 0.026366
v -0.029615 0.017057 0.040394
v -0.030240 0.016740 0.054251
v -0.014014 0.025003 0.013126
v -0.015014 0.023678 0.027605
v -0.016557 0.017790 0.043049
v -0.017794 0.017065 0.058826
v -0.001920 0.020269 0.028642
v -0.003061 0.017359 0.044698
v -0.004220 0.014707 0.061411
v 0.009578 0.012630 0.060465
v 0.010347 0.014493 0.044634
v 0.022378 0.011807 0.057314
v -0.000828 0.023522 0.013900
v 0.011287 0.017983 0.029215
v 0.023618 0.015118 0.043418
v 0.032913 0.012633 0.053298
v 0.000329 0.028084 -0.000207
v 0.035908 0.014936 0.041817
v 0.042139 0.011991 0.048895
v 0.047716 0.014466 0.040021
v 0.024965 0.018992 0.029469
v 0.038844 0.017367 0.029712
v 0.052982 0.016473 0.029908
v 0.012518 0.024076 0.014633
v 0.026626 0.025261 0.015393
v 0.041783 0.021565 0.016331
v 0.057660 0.017954 0.017307
v 0.013639 0.028188 0.000535
v 0.027811 0.027395 0.001347
v 0.043408 0.020955 0.002377
v 0.060229 0.018280 0.003383
v 0.058971 0.014211 -0.010648
v 0.043319 0.020719 -0.011683
v 0.055780 0.013043 -0.023624
v 0.028238 0.025376 -0.012640
v 0.042079 0.018653 -0.025144
v 0.051733 0.011530 -0.034172
v 0.014554 0.029658 -0.013510
v 0.040389 0.014349 -0.037343
v 0.046981 0.013178 -0.043533
v 0.038364 0.015014 -0.048989
v 0.028320 0.020982 -0.026544
v 0.028470 0.015945 -0.040341
v 0.015082 0.024923 -0.027866
v 0.001351 0.030931 -0.014279
vt 0.288574 0.889648
vt 0.280518 0.908997
vt 0.284668 0.899231
vt 0.344238 0.956329
vt 0.324707 0.963837
vt 0.353760 0.952789
vt 0.360840 0.933533
vt 0.353760 0.952789
vt 0.364746 0.924561
vt 0.356934 0.943390
vt 0.513184 0.090332
vt 0.511719 0.098633
vt 0.510742 0.091797
vt 0.502930 0.096680
vt 0.505859 0.090820
vt 0.504395 0.088867
vt 0.494873 0.095215
vt 0.496338 0.086914
vt 0.487549 0.085938
vt 0.486816 0.093750
vt 0.496826 0.084473
vt 0.504883 0.087402
vt 0.504883 0.084473
vt 0.478760 0.084961
vt 0.478516 0.093262
vt 0.470459 0.093262
vt 0.488037 0.083496
vt 0.497559 0.082520
vt 0.479004 0.082520
vt 0.498779 0.079102
vt 0.506348 0.081543
vt 0.488281 0.081055
vt 0.499756 0.075195
vt 0.510254 0.077148
vt 0.489014 0.077637
vt 0.500000 0.072754
vt 0.510742 0.074707
vt 0.489502 0.073730
vt 0.479004 0.077148
vt 0.479004 0.080566
vt 0.479248 0.072754
vt 0.469238 0.077148
vt 0.469727 0.082520
vt 0.489746 0.071289
vt 0.469971 0.085449
vt 0.469482 0.080566
vt 0.460938 0.083496
vt 0.461182 0.085938
vt 0.462158 0.094238
vt 0.453125 0.087402
vt 0.453857 0.095215
vt 0.452637 0.085938
vt 0.453369 0.083008
vt 0.460205 0.081055
vt 0.451660 0.079590
vt 0.459229 0.077637
vt 0.458496 0.073730
vt 0.447998 0.075195
vt 0.468750 0.073242
vt 0.447510 0.073242
vt 0.479248 0.070801
vt 0.458008 0.071777
vt 0.468750 0.070801
vt 0.479492 0.059082
vt 0.457275 0.060059
vt 0.468506 0.059082
vt 0.468262 0.057129
vt 0.479492 0.057129
vt 0.457275 0.058105
vt 0.490723 0.059570
vt 0.490723 0.058105
vt 0.501465 0.061035
vt 0.501465 0.059570
vt 0.512207 0.061035
vt 0.512207 0.062988
vt 0.514648 0.072754
vt 0.523438 0.061035
vt 0.520020 0.072754
vt 0.522949 0.062988
vt 0.534180 0.061035
vt 0.523438 0.075195
vt 0.534180 0.062988
vt 0.545410 0.062988
vt 0.545410 0.061523
vt 0.533691 0.074707
vt 0.556641 0.064453
vt 0.556641 0.062500
vt 0.544434 0.074707
vt 0.534180 0.076660
vt 0.523438 0.077148
vt 0.525879 0.082031
vt 0.555176 0.075684
vt 0.534180 0.081055
vt 0.527344 0.085449
vt 0.544434 0.077148
vt 0.544434 0.081055
vt 0.534668 0.084473
vt 0.535156 0.086426
vt 0.526855 0.088379
vt 0.544434 0.084473
vt 0.554199 0.082031
vt 0.535156 0.089355
vt 0.526855 0.089355
vt 0.535156 0.097656
vt 0.526855 0.097656
vt 0.543457 0.097656
vt 0.543945 0.086914
vt 0.543945 0.089355
vt 0.552734 0.090332
vt 0.551758 0.098633
vt 0.553223 0.087891
vt 0.559570 0.100098
vt 0.553711 0.085449
vt 0.562012 0.089355
vt 0.561523 0.091797
vt 0.569336 0.093750
vt 0.567871 0.101562
vt 0.569824 0.092285
vt 0.571289 0.095703
vt 0.569824 0.089355
vt 0.576660 0.103516
vt 0.576172 0.096680
vt 0.578613 0.095703
vt 0.562988 0.086914
vt 0.571289 0.086426
vt 0.563965 0.083496
vt 0.564941 0.080078
vt 0.575195 0.082031
vt 0.554688 0.078125
vt 0.565430 0.077637
vt 0.576172 0.080078
vt 0.567383 0.065918
vt 0.578613 0.068359
vt 0.567871 0.064453
vt 0.578125 0.068359
vt 0.578613 0.066406
vt 0.438477 0.088379
vt 0.437256 0.096680
vt 0.436035 0.089844
vt 0.428711 0.095703
vt 0.431152 0.089355
vt 0.429443 0.087402
vt 0.420410 0.094238
vt 0.421143 0.086426
vt 0.429688 0.086426
vt 0.412109 0.093750
vt 0.421631 0.083496
vt 0.428711 0.083008
vt 0.412354 0.085449
vt 0.403564 0.085449
vt 0.403809 0.093750
vt 0.412598 0.083008
vt 0.422119 0.081543
vt 0.395020 0.085938
vt 0.395752 0.094238
vt 0.386719 0.087402
vt 0.387451 0.095215
vt 0.386230 0.085938
vt 0.403564 0.083008
vt 0.394531 0.083496
vt 0.386963 0.083008
vt 0.394043 0.081543
vt 0.385254 0.079590
vt 0.403320 0.080566
vt 0.393311 0.078125
vt 0.392334 0.074219
vt 0.382080 0.075195
vt 0.381348 0.073242
vt 0.403076 0.077148
vt 0.402832 0.073242
vt 0.412842 0.080566
vt 0.413086 0.077148
vt 0.422852 0.078125
vt 0.430176 0.079590
vt 0.413330 0.073242
vt 0.423828 0.074219
vt 0.434082 0.075195
vt 0.424072 0.071777
vt 0.434814 0.073242
vt 0.413330 0.071289
vt 0.402832 0.071289
vt 0.424561 0.060059
vt 0.392090 0.071777
vt 0.413574 0.059570
vt 0.402588 0.059570
vt 0.391357 0.060059
vt 0.402588 0.057617
vt 0.413574 0.057617
vt 0.391357 0.058105
vt 0.424805 0.058594
vt 0.435547 0.059570
vt 0.380615 0.061035
vt 0.380371 0.059570
vt 0.377686 0.070801
vt 0.369629 0.061035
vt 0.372559 0.070801
vt 0.369629 0.059570
vt 0.369385 0.073242
vt 0.358643 0.060547
vt 0.358643 0.059082
vt 0.347412 0.059082
vt 0.358643 0.072266
vt 0.368896 0.075195
vt 0.347412 0.060547
vt 0.335938 0.059570
vt 0.347900 0.072266
vt 0.358398 0.074707
vt 0.366211 0.080078
vt 0.348145 0.074707
vt 0.357910 0.078613
vt 0.348145 0.078613
vt 0.357422 0.082031
vt 0.364990 0.083496
vt 0.338135 0.079102
vt 0.356934 0.084473
vt 0.365479 0.086426
vt 0.364990 0.087402
vt 0.337891 0.075195
vt 0.356689 0.086914
vt 0.337646 0.073242
vt 0.356445 0.095215
vt 0.336182 0.061523
vt 0.324951 0.061523
vt 0.364990 0.095703
vt 0.366943 0.089355
vt 0.372070 0.089844
vt 0.373535 0.096191
vt 0.374268 0.087891
vt 0.347900 0.086914
vt 0.348389 0.095215
vt 0.347900 0.084473
vt 0.339111 0.087402
vt 0.340088 0.095703
vt 0.332031 0.097168
vt 0.347900 0.082031
vt 0.338867 0.084961
vt 0.338623 0.083008
vt 0.330566 0.088867
vt 0.329834 0.086426
vt 0.328613 0.080566
vt 0.329346 0.083984
vt 0.321045 0.088379
vt 0.322021 0.090820
vt 0.323975 0.099121
vt 0.313965 0.093262
vt 0.315918 0.101074
vt 0.313477 0.092285
vt 0.313477 0.089355
vt 0.320312 0.086426
vt 0.311279 0.085938
vt 0.318848 0.083008
vt 0.317383 0.079102
vt 0.307373 0.082520
vt 0.327637 0.077148
vt 0.306641 0.080078
vt 0.316895 0.077148
vt 0.327148 0.074707
vt 0.314209 0.065918
vt 0.325195 0.062988
vt 0.313965 0.063965
vt 0.303711 0.068848
vt 0.302979 0.078613
vt 0.303223 0.066895
vt 0.292969 0.071289
vt 0.292480 0.069336
vt 0.292969 0.071289
vt 0.298096 0.080078
vt 0.295410 0.082520
vt 0.275146 0.136230
vt 0.277588 0.137207
vt 0.276123 0.137695
vt 0.278564 0.135254
vt 0.274902 0.134277
vt 0.276123 0.132324
vt 0.278564 0.133301
vt 0.277588 0.131836
vt 0.301270 0.480469
vt 0.302490 0.480469
vt 0.301758 0.480469
vt 0.301514 0.479492
vt 0.302979 0.479980
vt 0.302979 0.479492
vt 0.302002 0.479004
vt 0.302734 0.479004
vt 0.946777 0.473633
vt 0.947266 0.471191
vt 0.947754 0.472656
vt 0.945801 0.470215
vt 0.944336 0.473633
vt 0.942871 0.472656
vt 0.943359 0.470215
vt 0.942383 0.471191
vt 0.336914 0.505127
vt 0.336670 0.506104
vt 0.336426 0.505371
vt 0.337646 0.505127
vt 0.337158 0.506592
vt 0.337891 0.506592
vt 0.338379 0.505615
vt 0.338379 0.506348
vt 0.437500 0.118164
vt 0.438232 0.115723
vt 0.438721 0.117188
vt 0.436523 0.114258
vt 0.435303 0.118164
vt 0.433594 0.117188
vt 0.434326 0.114258
vt 0.433105 0.115723
vt 0.459961 0.333984
vt 0.459473 0.334961
vt 0.459473 0.334473
vt 0.460693 0.333984
vt 0.459961 0.335449
vt 0.460693 0.335449
vt 0.461182 0.334473
vt 0.461182 0.334961
vt 0.275146 0.136230
vt 0.277588 0.137207
vt 0.276123 0.137695
vt 0.278564 0.135254
vt 0.274902 0.134277
vt 0.276123 0.132324
vt 0.278564 0.133301
vt 0.277588 0.131836
vt 0.301270 0.480469
vt 0.302490 0.480469
vt 0.301758 0.480469
vt 0.301514 0.479492
vt 0.302979 0.479980
vt 0.302979 0.479492
vt 0.302002 0.479004
vt 0.302734 0.479004
vt 0.946777 0.473633
vt 0.947266 0.471191
vt 0.947754 0.472656
vt 0.945801 0.470215
vt 0.944336 0.473633
vt 0.942871 0.472656
vt 0.943359 0.470215
vt 0.942383 0.471191
vt 0.336914 0.505127
vt 0.336670 0.506104
vt 0.336426 0.505371
vt 0.337646 0.505127
vt 0.337158 0.506592
vt 0.337891 0.506592
vt 0.338379 0.505615
vt 0.338379 0.506348
vt 0.275146 0.136230
vt 0.277588 0.137207
vt 0.276123 0.137695
vt 0.278564 0.135254
vt 0.274902 0.134277
vt 0.276123 0.132324
vt 0.278564 0.133301
vt 0.277588 0.131836
vt 0.301270 0.480469
vt 0.302490 0.480469
vt 0.301758 0.480469
vt 0.301514 0.479492
vt 0.302979 0.479980
vt 0.302979 0.479492
vt 0.302002 0.479004
vt 0.302734 0.479004
vt 0.946777 0.473633
vt 0.947266 0.471191
vt 0.947754 0.472656
vt 0.945801 0.470215
vt 0.944336 0.473633
vt 0.942871 0.472656
vt 0.943359 0.470215
vt 0.942383 0.471191
vt 0.437500 0.118164
vt 0.438232 0.115723
vt 0.438721 0.117188
vt 0.436523 0.114258
vt 0.435303 0.118164
vt 0.433594 0.117188
vt 0.434326 0.114258
vt 0.433105 0.115723
vt 0.946777 0.473633
vt 0.947266 0.471191
vt 0.947754 0.472656
vt 0.945801 0.470215
vt 0.944336 0.473633
vt 0.942871 0.472656
vt 0.943359 0.470215
vt 0.942383 0.471191
vt 0.336914 0.505127
vt 0.336670 0.506104
vt 0.336426 0.505371
vt 0.337646 0.505127
vt 0.337158 0.506592
vt 0.337891 0.506592
vt 0.338379 0.505615
vt 0.338379 0.506348
vt 0.275146 0.136230
vt 0.277588 0.137207
vt 0.276123 0.137695
vt 0.278564 0.135254
vt 0.274902 0.134277
vt 0.276123 0.132324
vt 0.278564 0.133301
vt 0.277588 0.131836
vt 0.301270 0.480469
vt 0.302490 0.480469
vt 0.301758 0.480469
vt 0.301514 0.479492
vt 0.302979 0.479980
vt 0.302979 0.479492
vt 0.302002 0.479004
vt 0.302734 0.479004
vt 0.946777 0.473633
vt 0.947266 0.471191
vt 0.947754 0.472656
vt 0.945801 0.470215
vt 0.944336 0.473633
vt 0.942871 0.472656
vt 0.943359 0.470215
vt 0.942383 0.471191
vt 0.336914 0.505127
vt 0.336670 0.506104
vt 0.336426 0.505371
vt 0.337646 0.505127
vt 0.337158 0.506592
vt 0.337891 0.506592
vt 0.338379 0.505615
vt 0.338379 0.506348
vt 0.048889 0.554688
vt 0.048157 0.558105
vt 0.044922 0.559082
vt 0.045776 0.550537
vt 0.041321 0.558350
vt 0.044006 0.560059
vt 0.041412 0.560059
vt 0.041351 0.550781
vt 0.045197 0.549072
vt 0.041473 0.549072
vt 0.036987 0.558350
vt 0.036865 0.560059
vt 0.034271 0.560059
vt 0.033356 0.559082
vt 0.029236 0.554688
vt 0.029938 0.558105
vt 0.032562 0.550537
vt 0.036987 0.550781
vt 0.033173 0.549072
vt 0.036896 0.549072
vt 0.319580 0.505371
vt 0.316650 0.506348
vt 0.320312 0.501709
vt 0.317383 0.498047
vt 0.312988 0.505615
vt 0.315674 0.507568
vt 0.312988 0.507324
vt 0.312988 0.498047
vt 0.316650 0.496582
vt 0.312988 0.496582
vt 0.308594 0.505615
vt 0.308594 0.507324
vt 0.305908 0.507568
vt 0.305176 0.506348
vt 0.308594 0.498047
vt 0.308594 0.496582
vt 0.304688 0.496582
vt 0.304199 0.498047
vt 0.301270 0.501709
vt 0.302246 0.505371
vt 0.930664 0.233887
vt 0.930176 0.237793
vt 0.926758 0.238770
vt 0.927734 0.229980
vt 0.923340 0.237793
vt 0.926270 0.239746
vt 0.923340 0.239746
vt 0.923340 0.230469
vt 0.927246 0.228516
vt 0.923340 0.228516
vt 0.918945 0.237793
vt 0.918945 0.239746
vt 0.916504 0.239746
vt 0.915527 0.238770
vt 0.911621 0.233887
vt 0.912109 0.237793
vt 0.914551 0.229980
vt 0.918945 0.230469
vt 0.915039 0.228516
vt 0.918945 0.228516
vt 0.336914 0.505127
vt 0.336670 0.506104
vt 0.336426 0.505371
vt 0.337646 0.505127
vt 0.337891 0.506592
vt 0.337158 0.506592
vt 0.338379 0.506348
vt 0.338379 0.505615
vt 0.460693 0.333984
vt 0.459473 0.334473
vt 0.459961 0.333984
vt 0.459473 0.334961
vt 0.460693 0.335449
vt 0.459961 0.335449
vt 0.461182 0.334473
vt 0.461182 0.334961
vt 0.266357 0.294434
vt 0.269043 0.291992
vt 0.266846 0.294922
vt 0.270264 0.293457
vt 0.273438 0.290527
vt 0.267090 0.295898
vt 0.274658 0.292480
vt 0.278809 0.290039
vt 0.270996 0.294434
vt 0.279053 0.291992
vt 0.294922 0.290039
vt 0.295166 0.292480
vt 0.275146 0.293945
vt 0.279297 0.293945
vt 0.295166 0.293945
vt 0.295410 0.295410
vt 0.279297 0.295898
vt 0.274902 0.295898
vt 0.279297 0.297852
vt 0.295410 0.297852
vt 0.270996 0.295898
vt 0.267090 0.296875
vt 0.274414 0.297852
vt 0.279297 0.299805
vt 0.295166 0.299805
vt 0.295166 0.301758
vt 0.270508 0.297852
vt 0.267090 0.298340
vt 0.273682 0.299805
vt 0.279053 0.301758
vt 0.294922 0.303223
vt 0.269531 0.299316
vt 0.266846 0.299316
vt 0.273193 0.301758
vt 0.269043 0.300781
vt 0.266602 0.300293
vt 0.266602 0.301270
vt 0.269043 0.302246
vt 0.266602 0.301758
vt 0.269287 0.304199
vt 0.273193 0.303223
vt 0.273682 0.305176
vt 0.279053 0.303711
vt 0.278809 0.305664
vt 0.294922 0.305664
vt 0.020462 0.066406
vt 0.022827 0.063965
vt 0.021057 0.066895
vt 0.024155 0.064941
vt 0.026917 0.062500
vt 0.021423 0.067871
vt 0.027832 0.063965
vt 0.024887 0.066406
vt 0.024979 0.067871
vt 0.021591 0.068848
vt 0.028397 0.065430
vt 0.024673 0.069824
vt 0.021622 0.070312
vt 0.028488 0.067383
vt 0.028259 0.069336
vt 0.024063 0.071289
vt 0.021484 0.071289
vt 0.027695 0.071289
vt 0.023636 0.072754
vt 0.021362 0.072266
vt 0.034515 0.069824
vt 0.023483 0.074219
vt 0.021301 0.072754
vt 0.021164 0.073730
vt 0.023331 0.076172
vt 0.027206 0.073242
vt 0.027039 0.075195
vt 0.027115 0.077148
vt 0.034393 0.071777
vt 0.034454 0.075684
vt 0.034576 0.077637
vt 0.034393 0.073730
vt 0.042511 0.075195
vt 0.042542 0.077637
vt 0.050446 0.077148
vt 0.050659 0.075195
vt 0.042542 0.073730
vt 0.050720 0.073730
vt 0.050690 0.072266
vt 0.042572 0.071777
vt 0.050690 0.070312
vt 0.042603 0.069824
vt 0.050720 0.067871
vt 0.034668 0.067871
vt 0.042725 0.067383
vt 0.050751 0.066406
vt 0.034790 0.065918
vt 0.042786 0.065918
vt 0.034760 0.063477
vt 0.034607 0.061523
vt 0.042847 0.062500
vt 0.042816 0.064453
vt 0.050842 0.064453
vt 0.051086 0.062500
vt 0.715332 0.849365
vt 0.731445 0.847290
vt 0.731445 0.849487
vt 0.715820 0.847534
vt 0.685059 0.849365
vt 0.731934 0.845703
vt 0.684570 0.847412
vt 0.681152 0.848022
vt 0.715820 0.845581
vt 0.681152 0.846191
vt 0.678711 0.845825
vt 0.679199 0.844971
vt 0.684570 0.845581
vt 0.681152 0.844849
vt 0.679199 0.844116
vt 0.679199 0.843018
vt 0.681641 0.843262
vt 0.679688 0.841797
vt 0.685059 0.843750
vt 0.682617 0.841675
vt 0.679688 0.840454
vt 0.715820 0.843750
vt 0.731934 0.843994
vt 0.731934 0.841797
vt 0.686035 0.841797
vt 0.683105 0.839844
vt 0.679688 0.839355
vt 0.715820 0.841919
vt 0.687012 0.839722
vt 0.715820 0.840088
vt 0.731934 0.839722
vt 0.683594 0.838379
vt 0.687012 0.837891
vt 0.715820 0.838135
vt 0.731934 0.838135
vt 0.731934 0.836548
vt 0.715820 0.836182
vt 0.715820 0.834351
vt 0.731445 0.834473
vt 0.686523 0.836182
vt 0.685547 0.834473
vt 0.682617 0.837158
vt 0.681641 0.835938
vt 0.679688 0.838501
vt 0.679199 0.837891
vt 0.269043 0.291992
vt 0.266846 0.294922
vt 0.266357 0.294434
vt 0.270264 0.293457
vt 0.273438 0.290527
vt 0.267090 0.295898
vt 0.274658 0.292480
vt 0.278809 0.290039
vt 0.270996 0.294434
vt 0.279053 0.291992
vt 0.294922 0.290039
vt 0.295166 0.292480
vt 0.275146 0.293945
vt 0.279297 0.293945
vt 0.295166 0.293945
vt 0.295410 0.295410
vt 0.279297 0.295898
vt 0.295410 0.297852
vt 0.274902 0.295898
vt 0.279297 0.297852
vt 0.295166 0.299805
vt 0.270996 0.295898
vt 0.267090 0.296875
vt 0.274414 0.297852
vt 0.279297 0.299805
vt 0.295166 0.301758
vt 0.270508 0.297852
vt 0.267090 0.298340
vt 0.273682 0.299805
vt 0.269531 0.299316
vt 0.266846 0.299316
vt 0.279053 0.301758
vt 0.273193 0.301758
vt 0.269043 0.300781
vt 0.266602 0.300293
vt 0.266602 0.301270
vt 0.269043 0.302246
vt 0.266602 0.301758
vt 0.269287 0.304199
vt 0.273193 0.303223
vt 0.273682 0.305176
vt 0.279053 0.303711
vt 0.278809 0.305664
vt 0.294922 0.303223
vt 0.294922 0.305664
vt 0.042847 0.062500
vt 0.051086 0.062500
vt 0.050842 0.064453
vt 0.042816 0.064453
vt 0.050751 0.066406
vt 0.034607 0.061523
vt 0.042786 0.065918
vt 0.050720 0.067871
vt 0.034760 0.063477
vt 0.026917 0.062500
vt 0.034790 0.065918
vt 0.042725 0.067383
vt 0.027832 0.063965
vt 0.042603 0.069824
vt 0.050690 0.070312
vt 0.034668 0.067871
vt 0.028397 0.065430
vt 0.042572 0.071777
vt 0.050690 0.072266
vt 0.028488 0.067383
vt 0.024887 0.066406
vt 0.024155 0.064941
vt 0.022827 0.063965
vt 0.021057 0.066895
vt 0.020462 0.066406
vt 0.021423 0.067871
vt 0.024979 0.067871
vt 0.021591 0.068848
vt 0.028259 0.069336
vt 0.024673 0.069824
vt 0.021622 0.070312
vt 0.034515 0.069824
vt 0.027695 0.071289
vt 0.024063 0.071289
vt 0.021484 0.071289
vt 0.034393 0.071777
vt 0.027206 0.073242
vt 0.023636 0.072754
vt 0.021362 0.072266
vt 0.023483 0.074219
vt 0.021301 0.072754
vt 0.021164 0.073730
vt 0.023331 0.076172
vt 0.027039 0.075195
vt 0.027115 0.077148
vt 0.034393 0.073730
vt 0.034454 0.075684
vt 0.034576 0.077637
vt 0.042542 0.073730
vt 0.050720 0.073730
vt 0.042511 0.075195
vt 0.042542 0.077637
vt 0.050659 0.075195
vt 0.050446 0.077148
vt 0.266357 0.294434
vt 0.269043 0.291992
vt 0.266846 0.294922
vt 0.270264 0.293457
vt 0.273438 0.290527
vt 0.267090 0.295898
vt 0.274658 0.292480
vt 0.278809 0.290039
vt 0.270996 0.294434
vt 0.279053 0.291992
vt 0.294922 0.290039
vt 0.295166 0.292480
vt 0.295166 0.293945
vt 0.275146 0.293945
vt 0.279297 0.293945
vt 0.274902 0.295898
vt 0.279297 0.295898
vt 0.295410 0.295410
vt 0.279297 0.297852
vt 0.295410 0.297852
vt 0.295166 0.299805
vt 0.270996 0.295898
vt 0.267090 0.296875
vt 0.274414 0.297852
vt 0.270508 0.297852
vt 0.267090 0.298340
vt 0.279297 0.299805
vt 0.273682 0.299805
vt 0.269531 0.299316
vt 0.266846 0.299316
vt 0.273193 0.301758
vt 0.279053 0.301758
vt 0.295166 0.301758
vt 0.294922 0.303223
vt 0.269043 0.300781
vt 0.266602 0.300293
vt 0.266602 0.301270
vt 0.279053 0.303711
vt 0.294922 0.305664
vt 0.278809 0.305664
vt 0.273682 0.305176
vt 0.273193 0.303223
vt 0.269287 0.304199
vt 0.269043 0.302246
vt 0.266602 0.301758
vt 0.020462 0.066406
vt 0.022827 0.063965
vt 0.021057 0.066895
vt 0.024155 0.064941
vt 0.026917 0.062500
vt 0.021423 0.067871
vt 0.027832 0.063965
vt 0.034607 0.061523
vt 0.024887 0.066406
vt 0.034760 0.063477
vt 0.042847 0.062500
vt 0.028397 0.065430
vt 0.051086 0.062500
vt 0.050842 0.064453
vt 0.042816 0.064453
vt 0.050751 0.066406
vt 0.034790 0.065918
vt 0.042786 0.065918
vt 0.050720 0.067871
vt 0.042725 0.067383
vt 0.034668 0.067871
vt 0.042603 0.069824
vt 0.050690 0.070312
vt 0.028488 0.067383
vt 0.042572 0.071777
vt 0.050690 0.072266
vt 0.034515 0.069824
vt 0.028259 0.069336
vt 0.024979 0.067871
vt 0.021591 0.068848
vt 0.024673 0.069824
vt 0.021622 0.070312
vt 0.034393 0.071777
vt 0.027695 0.071289
vt 0.024063 0.071289
vt 0.021484 0.071289
vt 0.034393 0.073730
vt 0.023636 0.072754
vt 0.021362 0.072266
vt 0.021301 0.072754
vt 0.027206 0.073242
vt 0.023483 0.074219
vt 0.021164 0.073730
vt 0.023331 0.076172
vt 0.027039 0.075195
vt 0.027115 0.077148
vt 0.034454 0.075684
vt 0.034576 0.077637
vt 0.042542 0.073730
vt 0.050720 0.073730
vt 0.050659 0.075195
vt 0.042511 0.075195
vt 0.050446 0.077148
vt 0.042542 0.077637
vt 0.731445 0.849487
vt 0.715332 0.849365
vt 0.731445 0.847290
vt 0.715820 0.847534
vt 0.685059 0.849365
vt 0.731934 0.845703
vt 0.684570 0.847412
vt 0.681152 0.848022
vt 0.715820 0.845581
vt 0.681152 0.846191
vt 0.678711 0.845825
vt 0.679199 0.844971
vt 0.684570 0.845581
vt 0.681152 0.844849
vt 0.679199 0.844116
vt 0.679199 0.843018
vt 0.681641 0.843262
vt 0.679688 0.841797
vt 0.685059 0.843750
vt 0.682617 0.841675
vt 0.679688 0.840454
vt 0.715820 0.843750
vt 0.731934 0.843994
vt 0.731934 0.841797
vt 0.686035 0.841797
vt 0.683105 0.839844
vt 0.679688 0.839355
vt 0.715820 0.841919
vt 0.687012 0.839722
vt 0.715820 0.840088
vt 0.731934 0.839722
vt 0.683594 0.838379
vt 0.687012 0.837891
vt 0.715820 0.838135
vt 0.731934 0.838135
vt 0.731934 0.836548
vt 0.715820 0.836182
vt 0.715820 0.834351
vt 0.731445 0.834473
vt 0.686523 0.836182
vt 0.685547 0.834473
vt 0.682617 0.837158
vt 0.681641 0.835938
vt 0.679688 0.838501
vt 0.679199 0.837891
vt 0.022827 0.063965
vt 0.021057 0.066895
vt 0.020462 0.066406
vt 0.024155 0.064941
vt 0.026917 0.062500
vt 0.021423 0.067871
vt 0.027832 0.063965
vt 0.024887 0.066406
vt 0.034760 0.063477
vt 0.034607 0.061523
vt 0.042847 0.062500
vt 0.028397 0.065430
vt 0.051086 0.062500
vt 0.050842 0.064453
vt 0.042816 0.064453
vt 0.050751 0.066406
vt 0.042786 0.065918
vt 0.034790 0.065918
vt 0.042725 0.067383
vt 0.050720 0.067871
vt 0.034668 0.067871
vt 0.042603 0.069824
vt 0.050690 0.070312
vt 0.028488 0.067383
vt 0.034515 0.069824
vt 0.042572 0.071777
vt 0.050690 0.072266
vt 0.024979 0.067871
vt 0.021591 0.068848
vt 0.028259 0.069336
vt 0.024673 0.069824
vt 0.021622 0.070312
vt 0.027695 0.071289
vt 0.024063 0.071289
vt 0.021484 0.071289
vt 0.034393 0.071777
vt 0.027206 0.073242
vt 0.023636 0.072754
vt 0.021362 0.072266
vt 0.021301 0.072754
vt 0.023483 0.074219
vt 0.021164 0.073730
vt 0.023331 0.076172
vt 0.027039 0.075195
vt 0.027115 0.077148
vt 0.034393 0.073730
vt 0.034454 0.075684
vt 0.034576 0.077637
vt 0.042542 0.073730
vt 0.050720 0.073730
vt 0.050659 0.075195
vt 0.042511 0.075195
vt 0.042542 0.077637
vt 0.050446 0.077148
vt 0.266357 0.294434
vt 0.269043 0.291992
vt 0.266846 0.294922
vt 0.270264 0.293457
vt 0.273438 0.290527
vt 0.267090 0.295898
vt 0.274658 0.292480
vt 0.278809 0.290039
vt 0.270996 0.294434
vt 0.279053 0.291992
vt 0.294922 0.290039
vt 0.295166 0.292480
vt 0.275146 0.293945
vt 0.279297 0.293945
vt 0.295166 0.293945
vt 0.295410 0.295410
vt 0.279297 0.295898
vt 0.274902 0.295898
vt 0.279297 0.297852
vt 0.295410 0.297852
vt 0.295166 0.299805
vt 0.270996 0.295898
vt 0.267090 0.296875
vt 0.274414 0.297852
vt 0.279297 0.299805
vt 0.295166 0.301758
vt 0.270508 0.297852
vt 0.267090 0.298340
vt 0.273682 0.299805
vt 0.269531 0.299316
vt 0.266846 0.299316
vt 0.279053 0.301758
vt 0.273193 0.301758
vt 0.269043 0.300781
vt 0.266602 0.300293
vt 0.266602 0.301270
vt 0.269043 0.302246
vt 0.266602 0.301758
vt 0.269287 0.304199
vt 0.273193 0.303223
vt 0.273682 0.305176
vt 0.279053 0.303711
vt 0.278809 0.305664
vt 0.294922 0.303223
vt 0.294922 0.305664
vt 0.020462 0.066406
vt 0.022827 0.063965
vt 0.021057 0.066895
vt 0.024155 0.064941
vt 0.026917 0.062500
vt 0.021423 0.067871
vt 0.027832 0.063965
vt 0.034607 0.061523
vt 0.024887 0.066406
vt 0.024979 0.067871
vt 0.021591 0.068848
vt 0.028397 0.065430
vt 0.024673 0.069824
vt 0.021622 0.070312
vt 0.028488 0.067383
vt 0.028259 0.069336
vt 0.024063 0.071289
vt 0.021484 0.071289
vt 0.021362 0.072266
vt 0.027695 0.071289
vt 0.023636 0.072754
vt 0.021301 0.072754
vt 0.034393 0.071777
vt 0.023483 0.074219
vt 0.021164 0.073730
vt 0.023331 0.076172
vt 0.027206 0.073242
vt 0.027039 0.075195
vt 0.027115 0.077148
vt 0.034454 0.075684
vt 0.034576 0.077637
vt 0.034393 0.073730
vt 0.042511 0.075195
vt 0.042542 0.077637
vt 0.050446 0.077148
vt 0.050659 0.075195
vt 0.042542 0.073730
vt 0.050720 0.073730
vt 0.050690 0.072266
vt 0.042572 0.071777
vt 0.050690 0.070312
vt 0.034515 0.069824
vt 0.042603 0.069824
vt 0.050720 0.067871
vt 0.034668 0.067871
vt 0.042725 0.067383
vt 0.050751 0.066406
vt 0.034790 0.065918
vt 0.042786 0.065918
vt 0.034760 0.063477
vt 0.042847 0.062500
vt 0.042816 0.064453
vt 0.050842 0.064453
vt 0.051086 0.062500
vt 0.455566 0.316406
vt 0.452637 0.317383
vt 0.456299 0.312988
vt 0.453369 0.309082
vt 0.449219 0.309570
vt 0.452881 0.307617
vt 0.449219 0.307617
vt 0.449219 0.316895
vt 0.451904 0.318848
vt 0.449219 0.318848
vt 0.444824 0.309570
vt 0.444580 0.307617
vt 0.440918 0.307617
vt 0.440430 0.309082
vt 0.444824 0.316895
vt 0.444580 0.318848
vt 0.442139 0.318848
vt 0.441162 0.317383
vt 0.437500 0.312988
vt 0.438232 0.316406
vt 0.446533 0.061035
vt 0.443604 0.070801
vt 0.446533 0.059570
vt 0.435547 0.061035
vt 0.438477 0.070801
vt 0.279297 0.908386
vt 0.283447 0.898926
vt 0.284668 0.899231
vt 0.286621 0.888916
vt 0.280518 0.908997
vt 0.288574 0.889648
vt 0.274902 0.918213
vt 0.295166 0.882751
vt 0.276855 0.918030
vt 0.278320 0.928589
vt 0.295166 0.884705
vt 0.305664 0.881165
vt 0.279785 0.927979
vt 0.282959 0.938141
vt 0.281494 0.938629
vt 0.353760 0.952789
vt 0.287109 0.947144
vt 0.285889 0.948395
vt 0.364746 0.924561
vt 0.324707 0.963837
vt 0.295166 0.953217
vt 0.294434 0.954712
vt 0.303711 0.960205
vt 0.304443 0.958679
vt 0.314697 0.961792
vt 0.314209 0.963318
vt 0.324707 0.965607
vt 0.334229 0.960602
vt 0.334961 0.961945
vt 0.344238 0.956329
vt 0.344482 0.957611
vt 0.354980 0.954132
vt 0.353760 0.952789
vt 0.358154 0.943665
vt 0.356934 0.943390
vt 0.362061 0.934204
vt 0.360840 0.933533
vt 0.366455 0.924316
vt 0.361328 0.914673
vt 0.362793 0.914062
vt 0.357910 0.904480
vt 0.359375 0.903931
vt 0.353516 0.895508
vt 0.354736 0.894287
vt 0.345215 0.889221
vt 0.346191 0.887817
vt 0.335938 0.883911
vt 0.336914 0.882446
vt 0.326416 0.879883
vt 0.326904 0.878174
vt 0.305908 0.882629
vt 0.316162 0.878967
vt 0.316406 0.880554
vt 0.518555 0.897217
vt 0.509766 0.888245
vt 0.518555 0.886963
vt 0.526855 0.887451
vt 0.510254 0.898193
vt 0.502441 0.890930
vt 0.526855 0.897034
vt 0.535156 0.889465
vt 0.518066 0.907104
vt 0.502441 0.899292
vt 0.495605 0.893616
vt 0.510254 0.907288
vt 0.494141 0.900513
vt 0.489746 0.896484
vt 0.486572 0.901794
vt 0.501953 0.907532
vt 0.492676 0.907715
vt 0.483887 0.908020
vt 0.510254 0.916077
vt 0.500977 0.915894
vt 0.491699 0.915833
vt 0.481934 0.915771
vt 0.491699 0.924438
vt 0.481445 0.924683
vt 0.482910 0.933350
vt 0.501465 0.924438
vt 0.492920 0.932922
vt 0.484863 0.941559
vt 0.510254 0.924561
vt 0.501953 0.932861
vt 0.493652 0.941162
vt 0.487549 0.948151
vt 0.494629 0.949860
vt 0.490234 0.954407
vt 0.495605 0.957092
vt 0.501953 0.941589
vt 0.501465 0.951294
vt 0.501953 0.959412
vt 0.509766 0.933105
vt 0.509766 0.941742
vt 0.509766 0.952026
vt 0.509766 0.961426
vt 0.518066 0.942596
vt 0.517578 0.952393
vt 0.518066 0.962524
vt 0.526367 0.961670
vt 0.526367 0.952271
vt 0.534180 0.959320
vt 0.518066 0.933533
vt 0.525879 0.942871
vt 0.534180 0.950684
vt 0.540039 0.956238
vt 0.518066 0.924500
vt 0.541016 0.949066
vt 0.545410 0.953430
vt 0.548340 0.947510
vt 0.534180 0.941864
vt 0.542480 0.941498
vt 0.550781 0.940979
vt 0.525879 0.933167
vt 0.534180 0.932312
vt 0.543457 0.932678
vt 0.553223 0.933105
vt 0.525879 0.924316
vt 0.534180 0.924194
vt 0.544434 0.924255
vt 0.554199 0.924500
vt 0.554199 0.915283
vt 0.543945 0.915833
vt 0.552246 0.907227
vt 0.534180 0.915894
vt 0.542969 0.907532
vt 0.549805 0.900696
vt 0.525879 0.916199
vt 0.542480 0.899292
vt 0.546387 0.895325
vt 0.541016 0.892456
vt 0.534668 0.906921
vt 0.535156 0.897766
vt 0.526367 0.907043
vt 0.518555 0.916138
vt1 0.403809 0.112793
vt1 0.384277 0.094727
vt1 0.394043 0.104004
vt1 0.300537 0.149902
vt1 0.300049 0.123535
vt1 0.300537 0.163086
vt1 0.320312 0.179688
vt1 0.300537 0.163086
vt1 0.329346 0.187988
vt1 0.310547 0.170410
vt1 0.161987 0.151855
vt1 0.172119 0.154297
vt1 0.163818 0.155273
vt1 0.170166 0.165039
vt1 0.162720 0.161133
vt1 0.159912 0.163574
vt1 0.167969 0.175293
vt1 0.157715 0.173828
vt1 0.156128 0.184570
vt1 0.166382 0.186035
vt1 0.154541 0.172852
vt1 0.158325 0.162598
vt1 0.154541 0.163086
vt1 0.155273 0.195801
vt1 0.165649 0.196289
vt1 0.165771 0.206543
vt1 0.152954 0.184082
vt1 0.151733 0.171875
vt1 0.152100 0.195801
vt1 0.147461 0.170898
vt1 0.150391 0.160645
vt1 0.150146 0.183594
vt1 0.142578 0.169434
vt1 0.145142 0.156250
vt1 0.145752 0.183105
vt1 0.139771 0.168945
vt1 0.142090 0.155273
vt1 0.140747 0.182617
vt1 0.144897 0.195312
vt1 0.149292 0.195801
vt1 0.139893 0.195312
vt1 0.144897 0.208008
vt1 0.152222 0.207031
vt1 0.137939 0.182129
vt1 0.155396 0.207031
vt1 0.149292 0.207520
vt1 0.153198 0.218750
vt1 0.156372 0.218262
vt1 0.166748 0.216797
vt1 0.158081 0.228516
vt1 0.168213 0.227539
vt1 0.156494 0.229004
vt1 0.152588 0.228027
vt1 0.150391 0.219238
vt1 0.148315 0.229980
vt1 0.145996 0.220703
vt1 0.141113 0.221680
vt1 0.142944 0.234863
vt1 0.139893 0.208496
vt1 0.140015 0.235352
vt1 0.137085 0.195312
vt1 0.138184 0.222168
vt1 0.137085 0.208496
vt1 0.122375 0.194824
vt1 0.123535 0.223145
vt1 0.122437 0.208984
vt1 0.120117 0.208984
vt1 0.120117 0.194824
vt1 0.121277 0.223145
vt1 0.123291 0.180664
vt1 0.121033 0.180664
vt1 0.125122 0.166992
vt1 0.122864 0.166992
vt1 0.125000 0.153320
vt1 0.127197 0.153320
vt1 0.139648 0.150391
vt1 0.125000 0.139648
vt1 0.139771 0.143555
vt1 0.127319 0.139648
vt1 0.125000 0.125488
vt1 0.142456 0.139648
vt1 0.127197 0.125977
vt1 0.127563 0.111816
vt1 0.125366 0.111328
vt1 0.141968 0.125977
vt1 0.128906 0.097656
vt1 0.126709 0.097168
vt1 0.142212 0.112793
vt1 0.144775 0.125977
vt1 0.145264 0.139160
vt1 0.151123 0.136230
vt1 0.143555 0.099609
vt1 0.149780 0.125488
vt1 0.155518 0.134766
vt1 0.145020 0.112793
vt1 0.150024 0.112793
vt1 0.154297 0.125000
vt1 0.157104 0.124512
vt1 0.159058 0.135254
vt1 0.154541 0.113281
vt1 0.151245 0.100586
vt1 0.160400 0.124512
vt1 0.160889 0.134766
vt1 0.170776 0.124512
vt1 0.171021 0.135254
vt1 0.170898 0.113770
vt1 0.157349 0.113281
vt1 0.160522 0.113281
vt1 0.161621 0.102051
vt1 0.172241 0.103516
vt1 0.158447 0.102051
vt1 0.174072 0.093262
vt1 0.155640 0.101562
vt1 0.160400 0.090820
vt1 0.163574 0.091309
vt1 0.166016 0.081055
vt1 0.176147 0.083008
vt1 0.164429 0.080566
vt1 0.168701 0.079102
vt1 0.160522 0.081055
vt1 0.178345 0.072266
vt1 0.170044 0.072754
vt1 0.168335 0.069824
vt1 0.157715 0.089844
vt1 0.156616 0.078613
vt1 0.153320 0.088379
vt1 0.148560 0.086914
vt1 0.151611 0.073730
vt1 0.146362 0.099609
vt1 0.145752 0.085938
vt1 0.148804 0.073242
vt1 0.131226 0.083984
vt1 0.134033 0.069824
vt1 0.129028 0.083496
vt1 0.133911 0.069824
vt1 0.131592 0.069824
vt1 0.159424 0.246582
vt1 0.169678 0.248535
vt1 0.161499 0.249512
vt1 0.168457 0.259277
vt1 0.160767 0.255859
vt1 0.158081 0.258301
vt1 0.166992 0.269531
vt1 0.156616 0.268555
vt1 0.156616 0.257812
vt1 0.166138 0.280273
vt1 0.153442 0.268066
vt1 0.152588 0.259277
vt1 0.155762 0.279785
vt1 0.155640 0.291016
vt1 0.166016 0.290527
vt1 0.152466 0.279297
vt1 0.150513 0.267578
vt1 0.156494 0.301758
vt1 0.166870 0.300781
vt1 0.158081 0.312012
vt1 0.168213 0.311523
vt1 0.156372 0.312500
vt1 0.152466 0.291016
vt1 0.153320 0.302246
vt1 0.152588 0.312012
vt1 0.150513 0.302734
vt1 0.148438 0.313965
vt1 0.149658 0.291016
vt1 0.146118 0.304199
vt1 0.141235 0.305176
vt1 0.142822 0.317871
vt1 0.140015 0.318848
vt1 0.145264 0.291504
vt1 0.140259 0.291992
vt1 0.149658 0.279297
vt1 0.145264 0.278809
vt1 0.146118 0.266602
vt1 0.148315 0.257324
vt1 0.140259 0.278809
vt1 0.141235 0.265625
vt1 0.142944 0.252441
vt1 0.138428 0.265137
vt1 0.140015 0.251465
vt1 0.137451 0.278320
vt1 0.137451 0.291992
vt1 0.123779 0.264160
vt1 0.138428 0.305176
vt1 0.122803 0.278320
vt1 0.122803 0.291992
vt1 0.123718 0.306152
vt1 0.120544 0.292480
vt1 0.120544 0.278320
vt1 0.121460 0.306152
vt1 0.121460 0.264160
vt1 0.122803 0.250488
vt1 0.125000 0.319824
vt1 0.122742 0.319824
vt1 0.137329 0.323730
vt1 0.125000 0.333984
vt1 0.137329 0.330078
vt1 0.122742 0.333984
vt1 0.140015 0.333984
vt1 0.124451 0.347656
vt1 0.122192 0.347656
vt1 0.122192 0.361816
vt1 0.139160 0.347656
vt1 0.142944 0.334473
vt1 0.124390 0.361816
vt1 0.123169 0.375977
vt1 0.139038 0.360840
vt1 0.142090 0.347656
vt1 0.148682 0.337891
vt1 0.141968 0.360840
vt1 0.146973 0.348633
vt1 0.146973 0.360840
vt1 0.151489 0.349121
vt1 0.152954 0.339844
vt1 0.147827 0.373535
vt1 0.154297 0.349609
vt1 0.156616 0.338867
vt1 0.158325 0.339355
vt1 0.142944 0.374023
vt1 0.157593 0.350098
vt1 0.140015 0.374023
vt1 0.167969 0.350098
vt1 0.125366 0.375977
vt1 0.125366 0.390137
vt1 0.168579 0.339844
vt1 0.160645 0.336914
vt1 0.161011 0.330566
vt1 0.169067 0.329102
vt1 0.158813 0.328125
vt1 0.157471 0.360840
vt1 0.167847 0.360840
vt1 0.154297 0.361328
vt1 0.158325 0.372070
vt1 0.168579 0.371094
vt1 0.170166 0.381348
vt1 0.151489 0.360840
vt1 0.155151 0.372559
vt1 0.152344 0.373047
vt1 0.160034 0.383301
vt1 0.156860 0.383789
vt1 0.149780 0.385742
vt1 0.154053 0.384766
vt1 0.159546 0.395020
vt1 0.162598 0.394043
vt1 0.172607 0.391113
vt1 0.165649 0.403809
vt1 0.175659 0.401367
vt1 0.164185 0.404785
vt1 0.160278 0.404785
vt1 0.156860 0.395996
vt1 0.156494 0.407227
vt1 0.152588 0.397949
vt1 0.147949 0.399414
vt1 0.151733 0.412109
vt1 0.144897 0.386719
vt1 0.148926 0.413086
vt1 0.145142 0.400391
vt1 0.142090 0.387207
vt1 0.130737 0.403809
vt1 0.127563 0.390137
vt1 0.128540 0.404297
vt1 0.134399 0.416992
vt1 0.147217 0.417969
vt1 0.132202 0.417480
vt1 0.137573 0.430664
vt1 0.135254 0.431152
vt1 0.137573 0.430664
vt1 0.148682 0.424316
vt1 0.152100 0.427734
vt1 0.490479 0.395508
vt1 0.493652 0.396484
vt1 0.491699 0.396973
vt1 0.494873 0.394043
vt1 0.490234 0.393066
vt1 0.491699 0.390625
vt1 0.494873 0.391113
vt1 0.493408 0.389648
vt1 0.493896 0.447266
vt1 0.492676 0.448242
vt1 0.493164 0.447266
vt1 0.494629 0.448242
vt1 0.492676 0.449219
vt1 0.493408 0.449707
vt1 0.494629 0.449219
vt1 0.494141 0.449707
vt1 0.890625 0.381836
vt1 0.887207 0.380859
vt1 0.889648 0.380371
vt1 0.886230 0.382812
vt1 0.890625 0.384277
vt1 0.889648 0.386719
vt1 0.886230 0.385742
vt1 0.887207 0.387207
vt1 0.645996 0.551758
vt1 0.645508 0.550537
vt1 0.645996 0.551025
vt1 0.645508 0.552490
vt1 0.644531 0.550537
vt1 0.644043 0.551270
vt1 0.644531 0.552490
vt1 0.644043 0.552002
vt1 0.732910 0.473633
vt1 0.736328 0.474609
vt1 0.734375 0.475098
vt1 0.737793 0.472168
vt1 0.732910 0.471191
vt1 0.734375 0.468750
vt1 0.737793 0.469727
vt1 0.736328 0.468262
vt1 0.261230 0.375488
vt1 0.260010 0.375977
vt1 0.260254 0.375488
vt1 0.261963 0.376465
vt1 0.260010 0.376953
vt1 0.260498 0.377930
vt1 0.261719 0.377441
vt1 0.261230 0.377930
vt1 0.891602 0.286133
vt1 0.892578 0.283203
vt1 0.893066 0.284668
vt1 0.890137 0.281738
vt1 0.889160 0.286133
vt1 0.886719 0.285156
vt1 0.887207 0.281738
vt1 0.886230 0.283203
vt1 0.647461 0.768433
vt1 0.646484 0.767212
vt1 0.647461 0.767700
vt1 0.646484 0.769165
vt1 0.645508 0.767334
vt1 0.645020 0.767944
vt1 0.645508 0.769165
vt1 0.645020 0.768677
vt1 0.886230 0.587158
vt1 0.889648 0.588135
vt1 0.887207 0.588623
vt1 0.890625 0.585938
vt1 0.886230 0.584473
vt1 0.887207 0.582275
vt1 0.890625 0.583252
vt1 0.889648 0.581543
vt1 0.797363 0.253906
vt1 0.796387 0.252441
vt1 0.797363 0.252930
vt1 0.796387 0.254395
vt1 0.795410 0.252441
vt1 0.794922 0.253418
vt1 0.795410 0.254395
vt1 0.794922 0.253906
vt1 0.391846 0.515381
vt1 0.395264 0.516357
vt1 0.393311 0.516846
vt1 0.396484 0.513916
vt1 0.391846 0.512695
vt1 0.393311 0.510498
vt1 0.396484 0.511230
vt1 0.395020 0.509766
vt1 0.647461 0.648438
vt1 0.646484 0.647217
vt1 0.647461 0.647705
vt1 0.646484 0.649170
vt1 0.645508 0.647461
vt1 0.645020 0.647949
vt1 0.645508 0.649170
vt1 0.645020 0.648682
vt1 0.738281 0.674561
vt1 0.739258 0.671143
vt1 0.739746 0.673096
vt1 0.736816 0.669678
vt1 0.735840 0.674561
vt1 0.733398 0.673096
vt1 0.734375 0.669678
vt1 0.732910 0.671143
vt1 0.737793 0.570312
vt1 0.734375 0.569336
vt1 0.736328 0.568848
vt1 0.732910 0.571777
vt1 0.737793 0.572998
vt1 0.736328 0.575439
vt1 0.732910 0.574463
vt1 0.734375 0.575928
vt1 0.891602 0.485840
vt1 0.892578 0.482422
vt1 0.893066 0.484375
vt1 0.890137 0.480957
vt1 0.888672 0.485840
vt1 0.886719 0.484375
vt1 0.887695 0.480957
vt1 0.886230 0.482422
vt1 0.701172 0.253906
vt1 0.700684 0.252441
vt1 0.701172 0.252930
vt1 0.700684 0.254395
vt1 0.699707 0.252441
vt1 0.698730 0.253418
vt1 0.699707 0.254395
vt1 0.698730 0.253906
vt1 0.490479 0.515381
vt1 0.493652 0.516357
vt1 0.491699 0.516846
vt1 0.494873 0.513916
vt1 0.490234 0.512695
vt1 0.491699 0.510498
vt1 0.494873 0.511230
vt1 0.493408 0.509766
vt1 0.645996 0.704834
vt1 0.645020 0.705566
vt1 0.645508 0.704834
vt1 0.646973 0.705566
vt1 0.645020 0.706543
vt1 0.645508 0.707275
vt1 0.646973 0.706787
vt1 0.646484 0.707275
vt1 0.732910 0.776001
vt1 0.736328 0.776978
vt1 0.734375 0.777466
vt1 0.737793 0.774658
vt1 0.732910 0.773315
vt1 0.734375 0.770996
vt1 0.737793 0.771973
vt1 0.736328 0.770508
vt1 0.645996 0.456055
vt1 0.645508 0.454590
vt1 0.645996 0.455078
vt1 0.645508 0.456543
vt1 0.644531 0.454590
vt1 0.644043 0.455566
vt1 0.644531 0.456543
vt1 0.644043 0.456055
vt1 0.510742 0.726562
vt1 0.506348 0.725830
vt1 0.504883 0.721680
vt1 0.515625 0.722656
vt1 0.505859 0.717041
vt1 0.503418 0.720459
vt1 0.503418 0.717285
vt1 0.515625 0.717041
vt1 0.517578 0.721924
vt1 0.517578 0.717285
vt1 0.505859 0.711670
vt1 0.503418 0.711426
vt1 0.503418 0.708252
vt1 0.504883 0.707031
vt1 0.510742 0.701904
vt1 0.506348 0.702637
vt1 0.515625 0.706055
vt1 0.515625 0.711670
vt1 0.517578 0.706787
vt1 0.517578 0.711426
vt1 0.329834 0.561768
vt1 0.328613 0.557861
vt1 0.334229 0.562500
vt1 0.339111 0.558838
vt1 0.329346 0.553223
vt1 0.327148 0.556641
vt1 0.327148 0.553467
vt1 0.339111 0.553223
vt1 0.341309 0.558105
vt1 0.341309 0.553467
vt1 0.329346 0.547852
vt1 0.327148 0.547607
vt1 0.327148 0.544434
vt1 0.328613 0.543213
vt1 0.339111 0.547852
vt1 0.341309 0.547607
vt1 0.341064 0.542969
vt1 0.339111 0.542236
vt1 0.334229 0.538574
vt1 0.329834 0.539551
vt1 0.877441 0.739746
vt1 0.873047 0.738770
vt1 0.871582 0.734863
vt1 0.882324 0.735840
vt1 0.872559 0.730225
vt1 0.870117 0.733643
vt1 0.870117 0.730469
vt1 0.881836 0.730225
vt1 0.884277 0.735107
vt1 0.884277 0.730469
vt1 0.872559 0.724854
vt1 0.870117 0.724609
vt1 0.870117 0.721436
vt1 0.871582 0.720215
vt1 0.877441 0.715332
vt1 0.873047 0.716309
vt1 0.882324 0.719238
vt1 0.882324 0.724854
vt1 0.884277 0.719971
vt1 0.884277 0.724609
vt1 0.645020 0.358887
vt1 0.644043 0.359375
vt1 0.644531 0.358887
vt1 0.645996 0.359375
vt1 0.644531 0.360840
vt1 0.644043 0.360352
vt1 0.645020 0.360840
vt1 0.645996 0.360352
vt1 0.261963 0.472168
vt1 0.260254 0.471680
vt1 0.261230 0.471680
vt1 0.260010 0.472168
vt1 0.260498 0.473633
vt1 0.260010 0.473145
vt1 0.261719 0.473145
vt1 0.261230 0.473633
vt1 0.314453 0.913452
vt1 0.306152 0.909180
vt1 0.316406 0.912537
vt1 0.310547 0.907043
vt1 0.300293 0.902039
vt1 0.319824 0.912109
vt1 0.306885 0.900330
vt1 0.298340 0.893555
vt1 0.315186 0.905945
vt1 0.305420 0.893250
vt1 0.298828 0.868286
vt1 0.306641 0.868164
vt1 0.312744 0.899475
vt1 0.312500 0.892944
vt1 0.312500 0.867920
vt1 0.318604 0.867798
vt1 0.319824 0.892761
vt1 0.319336 0.899719
vt1 0.327148 0.892761
vt1 0.326660 0.867798
vt1 0.320312 0.906067
vt1 0.323730 0.911987
vt1 0.327148 0.900635
vt1 0.334229 0.892944
vt1 0.334961 0.867920
vt1 0.341309 0.868042
vt1 0.327393 0.906921
vt1 0.328613 0.912231
vt1 0.334229 0.901855
vt1 0.341309 0.893188
vt1 0.347656 0.868286
vt1 0.333496 0.908142
vt1 0.332764 0.912598
vt1 0.341064 0.902527
vt1 0.338867 0.908875
vt1 0.336426 0.912842
vt1 0.339600 0.912842
vt1 0.343994 0.908936
vt1 0.342529 0.912903
vt1 0.350830 0.908813
vt1 0.347656 0.902466
vt1 0.355225 0.901794
vt1 0.348389 0.893433
vt1 0.355713 0.893494
vt1 0.355713 0.868408
vt1 0.173340 0.729004
vt1 0.170654 0.732666
vt1 0.172729 0.728271
vt1 0.169067 0.730713
vt1 0.165894 0.735352
vt1 0.172241 0.726562
vt1 0.164795 0.732666
vt1 0.168213 0.728760
vt1 0.168091 0.726562
vt1 0.172119 0.724854
vt1 0.164185 0.730225
vt1 0.168457 0.723633
vt1 0.171997 0.722656
vt1 0.164062 0.727539
vt1 0.164307 0.723877
vt1 0.169189 0.720703
vt1 0.172241 0.720703
vt1 0.164917 0.720459
vt1 0.169678 0.718262
vt1 0.172363 0.719238
vt1 0.156982 0.723145
vt1 0.169922 0.716064
vt1 0.172363 0.718018
vt1 0.172607 0.716797
vt1 0.170044 0.713135
vt1 0.165527 0.717285
vt1 0.165771 0.714355
vt1 0.165649 0.710938
vt1 0.157104 0.719971
vt1 0.157104 0.713867
vt1 0.156982 0.710693
vt1 0.157227 0.716797
vt1 0.147705 0.714111
vt1 0.147705 0.710693
vt1 0.138428 0.711182
vt1 0.138306 0.714355
vt1 0.147705 0.717041
vt1 0.138184 0.716797
vt1 0.138184 0.719238
vt1 0.147705 0.720215
vt1 0.138184 0.722656
vt1 0.147583 0.723633
vt1 0.138184 0.726074
vt1 0.156860 0.726562
vt1 0.147461 0.726807
vt1 0.138184 0.729004
vt1 0.156738 0.729736
vt1 0.147339 0.729492
vt1 0.156738 0.733154
vt1 0.156982 0.736328
vt1 0.147339 0.735352
vt1 0.147339 0.732178
vt1 0.138062 0.731689
vt1 0.137695 0.735107
vt1 0.821289 0.115723
vt1 0.817871 0.096191
vt1 0.821289 0.096191
vt1 0.818359 0.115723
vt1 0.821289 0.153320
vt1 0.815430 0.095703
vt1 0.817871 0.153809
vt1 0.818848 0.158691
vt1 0.815430 0.115723
vt1 0.815918 0.158203
vt1 0.815430 0.161133
vt1 0.814453 0.161133
vt1 0.814941 0.153809
vt1 0.813965 0.158203
vt1 0.812988 0.161133
vt1 0.811035 0.160645
vt1 0.811523 0.157715
vt1 0.809082 0.160156
vt1 0.812012 0.153320
vt1 0.809082 0.156738
vt1 0.807129 0.160156
vt1 0.812500 0.115234
vt1 0.812500 0.095703
vt1 0.809082 0.095703
vt1 0.809082 0.152344
vt1 0.806152 0.155762
vt1 0.805176 0.160156
vt1 0.809082 0.115234
vt1 0.805664 0.151367
vt1 0.806641 0.115234
vt1 0.805664 0.095703
vt1 0.803711 0.155762
vt1 0.803223 0.150879
vt1 0.803223 0.115234
vt1 0.803223 0.095703
vt1 0.800781 0.095703
vt1 0.800293 0.115723
vt1 0.797363 0.115723
vt1 0.797363 0.095703
vt1 0.800293 0.151855
vt1 0.797363 0.152832
vt1 0.801758 0.156250
vt1 0.799805 0.158203
vt1 0.803711 0.160156
vt1 0.803223 0.161133
vt1 0.347900 0.733887
vt1 0.350342 0.728760
vt1 0.351074 0.729736
vt1 0.346436 0.731689
vt1 0.342773 0.736816
vt1 0.350098 0.727295
vt1 0.341553 0.733643
vt1 0.336670 0.737793
vt1 0.345459 0.729492
vt1 0.336426 0.734375
vt1 0.318359 0.737549
vt1 0.318115 0.733643
vt1 0.340820 0.730713
vt1 0.336182 0.730713
vt1 0.317871 0.730713
vt1 0.317871 0.727783
vt1 0.335938 0.727295
vt1 0.317871 0.723877
vt1 0.341064 0.727539
vt1 0.335938 0.723633
vt1 0.317871 0.719727
vt1 0.345703 0.726807
vt1 0.349854 0.725342
vt1 0.341797 0.723633
vt1 0.336182 0.720215
vt1 0.318115 0.716553
vt1 0.346191 0.723633
vt1 0.350098 0.722900
vt1 0.342529 0.720215
vt1 0.347168 0.720459
vt1 0.350342 0.720703
vt1 0.336182 0.716553
vt1 0.343018 0.716797
vt1 0.347656 0.717773
vt1 0.350586 0.718994
vt1 0.350586 0.717529
vt1 0.347656 0.715332
vt1 0.350586 0.716064
vt1 0.347656 0.711914
vt1 0.343018 0.713623
vt1 0.342529 0.709961
vt1 0.336426 0.713135
vt1 0.336426 0.709717
vt1 0.318359 0.713623
vt1 0.318359 0.709473
vt1 0.321777 0.290039
vt1 0.322021 0.280273
vt1 0.325195 0.280273
vt1 0.324707 0.290039
vt1 0.327881 0.280273
vt1 0.320801 0.299805
vt1 0.327393 0.290039
vt1 0.330322 0.280762
vt1 0.323730 0.299805
vt1 0.321777 0.309082
vt1 0.326904 0.299805
vt1 0.329834 0.290039
vt1 0.324463 0.308105
vt1 0.332764 0.290039
vt1 0.333740 0.280762
vt1 0.330078 0.299805
vt1 0.326660 0.307129
vt1 0.335938 0.290527
vt1 0.336670 0.280762
vt1 0.329102 0.307129
vt1 0.327881 0.311523
vt1 0.326172 0.312500
vt1 0.324219 0.313965
vt1 0.328369 0.315918
vt1 0.327637 0.316895
vt1 0.329834 0.315918
vt1 0.330078 0.311523
vt1 0.331543 0.315430
vt1 0.332520 0.307617
vt1 0.332764 0.312012
vt1 0.333740 0.315430
vt1 0.333252 0.299805
vt1 0.335693 0.308105
vt1 0.335449 0.312500
vt1 0.335449 0.315430
vt1 0.336182 0.300293
vt1 0.338623 0.308594
vt1 0.337646 0.312988
vt1 0.336914 0.315918
vt1 0.339844 0.312988
vt1 0.337891 0.315918
vt1 0.339111 0.315918
vt1 0.342529 0.313477
vt1 0.341309 0.309082
vt1 0.344482 0.309082
vt1 0.339111 0.300293
vt1 0.341797 0.300293
vt1 0.344727 0.299805
vt1 0.338867 0.290527
vt1 0.339111 0.280762
vt1 0.341553 0.290527
vt1 0.344727 0.290527
vt1 0.341309 0.280762
vt1 0.344482 0.280762
vt1 0.883789 0.900879
vt1 0.880859 0.904785
vt1 0.883301 0.899902
vt1 0.879395 0.902710
vt1 0.875488 0.907593
vt1 0.882812 0.898376
vt1 0.874512 0.904480
vt1 0.869141 0.908569
vt1 0.878418 0.900513
vt1 0.869141 0.905151
vt1 0.850586 0.908264
vt1 0.850586 0.904541
vt1 0.850586 0.901794
vt1 0.873535 0.901672
vt1 0.868652 0.901794
vt1 0.874023 0.898621
vt1 0.868652 0.898376
vt1 0.850586 0.898987
vt1 0.868652 0.894958
vt1 0.850586 0.895142
vt1 0.850586 0.891174
vt1 0.878418 0.898071
vt1 0.882812 0.896484
vt1 0.874512 0.894958
vt1 0.878906 0.894958
vt1 0.882812 0.894226
vt1 0.868652 0.891541
vt1 0.875488 0.891602
vt1 0.879883 0.891907
vt1 0.883301 0.892212
vt1 0.875977 0.888306
vt1 0.869141 0.888184
vt1 0.850586 0.888184
vt1 0.850586 0.885193
vt1 0.880371 0.889343
vt1 0.883301 0.890503
vt1 0.883301 0.889038
vt1 0.869141 0.884827
vt1 0.850586 0.881348
vt1 0.869141 0.881470
vt1 0.875488 0.881653
vt1 0.875977 0.885254
vt1 0.880371 0.883728
vt1 0.880371 0.886963
vt1 0.883301 0.887634
vt1 0.151489 0.906006
vt1 0.148071 0.903198
vt1 0.152222 0.905273
vt1 0.149780 0.901611
vt1 0.145386 0.898315
vt1 0.153687 0.904846
vt1 0.148071 0.897217
vt1 0.144531 0.889160
vt1 0.151733 0.900696
vt1 0.147583 0.888977
vt1 0.145386 0.879333
vt1 0.150391 0.896545
vt1 0.145630 0.869507
vt1 0.148926 0.869873
vt1 0.148438 0.879395
vt1 0.151611 0.869995
vt1 0.150757 0.888916
vt1 0.151123 0.879395
vt1 0.154297 0.869995
vt1 0.153687 0.879517
vt1 0.153931 0.889038
vt1 0.156738 0.879639
vt1 0.157593 0.869995
vt1 0.152954 0.896423
vt1 0.159912 0.879700
vt1 0.160645 0.869995
vt1 0.157104 0.889282
vt1 0.156250 0.896729
vt1 0.153931 0.900574
vt1 0.155518 0.904663
vt1 0.156738 0.900940
vt1 0.157593 0.904602
vt1 0.160034 0.889404
vt1 0.159546 0.897400
vt1 0.159424 0.901672
vt1 0.159302 0.904785
vt1 0.162964 0.889404
vt1 0.161621 0.902222
vt1 0.160767 0.904907
vt1 0.161987 0.904968
vt1 0.162598 0.897949
vt1 0.163818 0.902405
vt1 0.163208 0.905151
vt1 0.166504 0.902588
vt1 0.165405 0.898132
vt1 0.168701 0.898071
vt1 0.165894 0.889343
vt1 0.168823 0.889160
vt1 0.162842 0.879700
vt1 0.162964 0.869995
vt1 0.165283 0.870117
vt1 0.165771 0.879700
vt1 0.168457 0.870361
vt1 0.168945 0.879700
vt1 0.126099 0.602539
vt1 0.126221 0.583008
vt1 0.129761 0.602539
vt1 0.129517 0.583252
vt1 0.126221 0.546143
vt1 0.132568 0.602783
vt1 0.129761 0.545654
vt1 0.128540 0.541260
vt1 0.132690 0.583496
vt1 0.131714 0.541260
vt1 0.132324 0.538574
vt1 0.133789 0.538574
vt1 0.132690 0.545410
vt1 0.134155 0.541260
vt1 0.135254 0.538574
vt1 0.137207 0.538818
vt1 0.136719 0.541992
vt1 0.139282 0.539307
vt1 0.135864 0.546143
vt1 0.139526 0.542969
vt1 0.141602 0.539551
vt1 0.135864 0.583496
vt1 0.135498 0.603027
vt1 0.139160 0.603027
vt1 0.139160 0.547363
vt1 0.142700 0.543945
vt1 0.143433 0.539551
vt1 0.139160 0.583740
vt1 0.142822 0.548096
vt1 0.142334 0.583496
vt1 0.142822 0.603027
vt1 0.145142 0.543945
vt1 0.145874 0.548584
vt1 0.145630 0.583496
vt1 0.145630 0.602783
vt1 0.148315 0.602783
vt1 0.148926 0.583252
vt1 0.152222 0.583252
vt1 0.151978 0.602783
vt1 0.148926 0.547852
vt1 0.151978 0.546387
vt1 0.147339 0.543213
vt1 0.149414 0.541748
vt1 0.145020 0.539307
vt1 0.145996 0.538574
vt1 0.514160 0.912842
vt1 0.516602 0.903442
vt1 0.517578 0.905273
vt1 0.512207 0.908875
vt1 0.508301 0.918640
vt1 0.516113 0.900208
vt1 0.506836 0.912720
vt1 0.511230 0.904602
vt1 0.496582 0.913940
vt1 0.496826 0.920654
vt1 0.484619 0.918579
vt1 0.505859 0.907471
vt1 0.472412 0.918152
vt1 0.472900 0.910828
vt1 0.484619 0.911865
vt1 0.472900 0.904907
vt1 0.484619 0.906128
vt1 0.496582 0.906921
vt1 0.484863 0.900391
vt1 0.472900 0.899048
vt1 0.496582 0.899841
vt1 0.484863 0.893677
vt1 0.473145 0.891785
vt1 0.505859 0.901978
vt1 0.497070 0.892883
vt1 0.485107 0.886597
vt1 0.472900 0.884888
vt1 0.510742 0.899841
vt1 0.516113 0.896301
vt1 0.505859 0.894531
vt1 0.511230 0.893677
vt1 0.516113 0.891846
vt1 0.506836 0.887451
vt1 0.512207 0.887634
vt1 0.516113 0.887939
vt1 0.497070 0.886230
vt1 0.507812 0.880737
vt1 0.513184 0.882751
vt1 0.516113 0.884705
vt1 0.516602 0.882019
vt1 0.513184 0.878052
vt1 0.516602 0.879333
vt1 0.513184 0.871948
vt1 0.507812 0.874390
vt1 0.507812 0.867188
vt1 0.497070 0.879761
vt1 0.497070 0.873413
vt1 0.496826 0.866943
vt1 0.485107 0.880188
vt1 0.472900 0.879761
vt1 0.473145 0.874634
vt1 0.485107 0.873779
vt1 0.485107 0.866821
vt1 0.473389 0.867676
vt1 0.674316 0.902161
vt1 0.670898 0.905823
vt1 0.673340 0.901245
vt1 0.669434 0.903870
vt1 0.665527 0.908447
vt1 0.672852 0.899780
vt1 0.664062 0.905579
vt1 0.659180 0.909363
vt1 0.668457 0.901794
vt1 0.659180 0.906189
vt1 0.640137 0.909119
vt1 0.640137 0.905579
vt1 0.663574 0.902893
vt1 0.658691 0.903015
vt1 0.639648 0.903015
vt1 0.639648 0.900330
vt1 0.658691 0.899780
vt1 0.663574 0.900024
vt1 0.658691 0.896545
vt1 0.639648 0.896729
vt1 0.639648 0.893005
vt1 0.668457 0.899536
vt1 0.672852 0.898010
vt1 0.664551 0.896545
vt1 0.658691 0.893372
vt1 0.640137 0.890198
vt1 0.669434 0.896423
vt1 0.673340 0.895874
vt1 0.665527 0.893372
vt1 0.669922 0.893677
vt1 0.673340 0.893982
vt1 0.658691 0.890198
vt1 0.666016 0.890320
vt1 0.670898 0.891296
vt1 0.673828 0.892395
vt1 0.673828 0.890991
vt1 0.670898 0.889038
vt1 0.673828 0.889648
vt1 0.670410 0.885986
vt1 0.666016 0.887451
vt1 0.665527 0.884033
vt1 0.659180 0.887024
vt1 0.659180 0.883850
vt1 0.640137 0.887390
vt1 0.640137 0.883789
vt1 0.529297 0.302246
vt1 0.525879 0.299316
vt1 0.529785 0.301270
vt1 0.527344 0.297852
vt1 0.522949 0.294434
vt1 0.531250 0.300781
vt1 0.525879 0.293457
vt1 0.521973 0.285156
vt1 0.529297 0.296875
vt1 0.531738 0.296875
vt1 0.533203 0.300781
vt1 0.528320 0.292480
vt1 0.534180 0.296875
vt1 0.535156 0.300781
vt1 0.530762 0.292480
vt1 0.533691 0.292969
vt1 0.537109 0.297852
vt1 0.537109 0.300781
vt1 0.538086 0.301270
vt1 0.537109 0.293457
vt1 0.539062 0.298340
vt1 0.539551 0.301270
vt1 0.537598 0.285645
vt1 0.541504 0.298340
vt1 0.540527 0.301270
vt1 0.543945 0.298828
vt1 0.540039 0.293945
vt1 0.542969 0.294434
vt1 0.546387 0.293945
vt1 0.543457 0.285156
vt1 0.546387 0.285156
vt1 0.540527 0.285645
vt1 0.542969 0.275879
vt1 0.546387 0.275879
vt1 0.545898 0.266113
vt1 0.542969 0.266113
vt1 0.540527 0.275879
vt1 0.540527 0.266113
vt1 0.538086 0.266113
vt1 0.537598 0.275879
vt1 0.535156 0.266113
vt1 0.534668 0.285156
vt1 0.534180 0.275391
vt1 0.531738 0.266113
vt1 0.531738 0.285156
vt1 0.531250 0.275391
vt1 0.529297 0.266113
vt1 0.528320 0.285156
vt1 0.528809 0.275391
vt1 0.525391 0.285156
vt1 0.522949 0.275391
vt1 0.526367 0.275391
vt1 0.526367 0.265625
vt1 0.523438 0.265625
vt1 0.394775 0.415039
vt1 0.393555 0.411621
vt1 0.398926 0.416016
vt1 0.403809 0.412598
vt1 0.403809 0.407227
vt1 0.406006 0.411621
vt1 0.406006 0.407227
vt1 0.394043 0.406738
vt1 0.391846 0.410156
vt1 0.392090 0.407227
vt1 0.403809 0.401367
vt1 0.406006 0.401367
vt1 0.406006 0.396484
vt1 0.404053 0.395996
vt1 0.394043 0.401367
vt1 0.392090 0.401367
vt1 0.391846 0.397949
vt1 0.393555 0.396973
vt1 0.399170 0.392090
vt1 0.394775 0.393066
vt1 0.125000 0.236816
vt1 0.137451 0.240234
vt1 0.122742 0.236816
vt1 0.125000 0.250488
vt1 0.137451 0.247070
vt1 0.385498 0.093750
vt1 0.394775 0.102539
vt1 0.394043 0.104004
vt1 0.405518 0.110840
vt1 0.384277 0.094727
vt1 0.403809 0.112793
vt1 0.375732 0.084473
vt1 0.409180 0.123535
vt1 0.375000 0.086426
vt1 0.361816 0.083984
vt1 0.406738 0.123047
vt1 0.406494 0.136719
vt1 0.362061 0.085938
vt1 0.348633 0.085449
vt1 0.348633 0.083496
vt1 0.300537 0.163086
vt1 0.336182 0.086426
vt1 0.335205 0.083984
vt1 0.329346 0.187988
vt1 0.300049 0.123535
vt1 0.325439 0.093262
vt1 0.323975 0.091797
vt1 0.313477 0.100586
vt1 0.314941 0.102051
vt1 0.306885 0.112793
vt1 0.305176 0.111328
vt1 0.297852 0.123047
vt1 0.299805 0.136230
vt1 0.297852 0.136719
vt1 0.300537 0.149902
vt1 0.298828 0.149902
vt1 0.298584 0.163574
vt1 0.300537 0.163086
vt1 0.309570 0.171875
vt1 0.310547 0.170410
vt1 0.319092 0.180664
vt1 0.320312 0.179688
vt1 0.328857 0.190430
vt1 0.342529 0.188477
vt1 0.342773 0.190430
vt1 0.356201 0.188477
vt1 0.356201 0.190918
vt1 0.368652 0.187012
vt1 0.369629 0.189453
vt1 0.379639 0.180176
vt1 0.381104 0.182129
vt1 0.390137 0.171387
vt1 0.391357 0.173340
vt1 0.398926 0.162109
vt1 0.400635 0.163086
vt1 0.404541 0.136230
vt1 0.404541 0.150391
vt1 0.402588 0.149902
vt1 0.604980 0.104004
vt1 0.596191 0.091309
vt1 0.606934 0.091309
vt1 0.617676 0.093262
vt1 0.594727 0.103516
vt1 0.586426 0.093262
vt1 0.615723 0.104980
vt1 0.626953 0.097168
vt1 0.603027 0.116211
vt1 0.585449 0.103516
vt1 0.577637 0.095215
vt1 0.593262 0.114746
vt1 0.574219 0.103516
vt1 0.569824 0.098145
vt1 0.564453 0.104004
vt1 0.583008 0.113770
vt1 0.571289 0.112305
vt1 0.560547 0.111328
vt1 0.591797 0.125977
vt1 0.580566 0.124023
vt1 0.568848 0.122070
vt1 0.556641 0.120605
vt1 0.567383 0.132812
vt1 0.554199 0.131348
vt1 0.554688 0.142578
vt1 0.579590 0.134766
vt1 0.567383 0.143555
vt1 0.555664 0.152832
vt1 0.589844 0.136230
vt1 0.578125 0.145020
vt1 0.566895 0.153809
vt1 0.558105 0.161621
vt1 0.566406 0.165039
vt1 0.560059 0.169922
vt1 0.566406 0.174316
vt1 0.577148 0.155762
vt1 0.575195 0.167969
vt1 0.574219 0.178223
vt1 0.588379 0.146973
vt1 0.586914 0.157715
vt1 0.584961 0.170410
vt1 0.583008 0.182129
vt1 0.596680 0.160156
vt1 0.594727 0.172363
vt1 0.593262 0.184570
vt1 0.604004 0.185059
vt1 0.604980 0.173340
vt1 0.613770 0.183594
vt1 0.598145 0.148926
vt1 0.606445 0.161621
vt1 0.615234 0.172852
vt1 0.621582 0.180664
vt1 0.600098 0.137695
vt1 0.624512 0.171875
vt1 0.628906 0.178223
vt1 0.633301 0.171387
vt1 0.616699 0.162109
vt1 0.627441 0.163086
vt1 0.637695 0.163574
vt1 0.607910 0.149414
vt1 0.618652 0.149902
vt1 0.629883 0.152344
vt1 0.642090 0.154297
vt1 0.609863 0.138672
vt1 0.619629 0.140137
vt1 0.632812 0.142090
vt1 0.645020 0.144043
vt1 0.646484 0.132324
vt1 0.633301 0.131348
vt1 0.645020 0.122070
vt1 0.621582 0.129883
vt1 0.633789 0.121094
vt1 0.643555 0.113770
vt1 0.610840 0.128906
vt1 0.634766 0.110840
vt1 0.640137 0.106445
vt1 0.633789 0.102051
vt1 0.623535 0.118652
vt1 0.625977 0.107422
vt1 0.613281 0.117188
vt1 0.602051 0.127441
vn -0.078740 -0.984252 -0.149606
vn 0.000000 -0.984252 -0.173228
vn -0.039370 -0.984252 -0.165354
vn 0.110236 -0.984252 0.125984
vn 0.157480 -0.984252 0.062992
vn 0.078740 -0.984252 0.149606
vn 0.000000 -0.984252 0.173228
vn 0.078740 -0.984252 0.149606
vn -0.039370 -0.984252 0.165354
vn 0.039370 -0.984252 0.165354
vn -0.881890 0.181102 -0.433071
vn -0.937008 -0.000000 -0.362205
vn -0.968504 -0.000000 -0.251968
vn -0.992126 -0.000000 -0.125984
vn -0.968504 -0.000000 -0.236220
vn -0.984252 0.173228 -0.039370
vn -0.992126 0.000000 0.118110
vn -0.976378 0.196850 0.118110
vn -0.921260 0.181102 0.346457
vn -0.937008 0.000000 0.346457
vn -0.826772 0.551181 0.110236
vn -0.866142 0.503937 0.023622
vn -0.488189 0.874016 0.015748
vn -0.811024 0.181102 0.559055
vn -0.826772 0.000000 0.566929
vn -0.669291 0.000000 0.748031
vn -0.779528 0.559055 0.291339
vn -0.409449 0.913386 0.055118
vn -0.685039 0.559055 0.464567
vn 0.314961 0.944882 -0.023622
vn 0.370079 0.929134 0.023622
vn -0.362205 0.921260 0.133858
vn 0.771654 0.629921 -0.078740
vn 0.795276 0.606299 0.023622
vn 0.283465 0.952756 -0.102362
vn 0.968504 0.228346 -0.110236
vn 0.976378 0.188976 0.070866
vn 0.732283 0.622047 -0.275591
vn 0.251969 0.952756 -0.173228
vn -0.314961 0.921260 0.212598
vn 0.645669 0.622047 -0.440945
vn 0.204724 0.952756 -0.228347
vn -0.551181 0.559055 0.614173
vn 0.913386 0.212598 -0.338583
vn -0.653543 0.181102 0.732283
vn -0.251969 0.921260 0.283464
vn -0.401575 0.551181 0.732283
vn -0.464567 0.188976 0.866142
vn -0.472441 0.000000 0.881890
vn -0.322835 0.165354 0.937008
vn -0.244094 0.000000 0.968504
vn -0.338583 0.496063 0.803149
vn -0.196850 0.866142 0.456693
vn -0.196850 0.913386 0.354331
vn 0.118110 0.929134 -0.354331
vn 0.141732 0.944882 -0.283465
vn 0.354331 0.629921 -0.692913
vn 0.267717 0.598425 -0.755905
vn 0.519685 0.622047 -0.582677
vn 0.291339 0.181102 -0.937008
vn 0.803150 0.212598 -0.551181
vn 0.456693 0.228346 -0.858268
vn 0.653543 0.212598 -0.732283
vn 0.818898 -0.157480 -0.559055
vn 0.464567 -0.157480 -0.874016
vn 0.661417 -0.157480 -0.732283
vn 0.629921 -0.314961 -0.708661
vn 0.779528 -0.314961 -0.535433
vn 0.440945 -0.314961 -0.834646
vn 0.921260 -0.157480 -0.346457
vn 0.889764 -0.314961 -0.330709
vn 0.984252 -0.157480 -0.118110
vn 0.944882 -0.314961 -0.110236
vn 0.944882 -0.314961 0.118110
vn 0.976378 -0.157480 0.125984
vn 0.968504 0.000000 0.236220
vn 0.881890 -0.314961 0.338583
vn 0.968504 0.000000 0.244094
vn 0.921260 -0.157480 0.354331
vn 0.779528 -0.314961 0.543307
vn 0.897638 0.188976 0.401575
vn 0.811024 -0.157480 0.566929
vn 0.653543 -0.157480 0.740157
vn 0.622047 -0.314961 0.716535
vn 0.803150 0.228346 0.551181
vn 0.456693 -0.157480 0.874016
vn 0.433071 -0.314961 0.842520
vn 0.645669 0.212598 0.732283
vn 0.645669 0.629921 0.433071
vn 0.708661 0.614173 0.346457
vn 0.330709 0.929134 0.157480
vn 0.448819 0.212599 0.866142
vn 0.267717 0.944882 0.173228
vn -0.417323 0.874016 -0.251969
vn 0.519685 0.622047 0.590551
vn 0.196850 0.952756 0.228346
vn -0.330709 0.913386 -0.244095
vn -0.677165 0.551181 -0.488189
vn -0.740157 0.511811 -0.433071
vn -0.251969 0.921260 -0.291339
vn 0.141732 0.952756 0.267716
vn -0.795276 0.196850 -0.566929
vn -0.881890 0.181102 -0.433071
vn -0.818898 -0.000000 -0.574803
vn -0.937008 -0.000000 -0.362205
vn -0.661417 -0.000000 -0.755905
vn -0.543307 0.559055 -0.622047
vn -0.645669 0.181102 -0.740157
vn -0.456693 0.181102 -0.874016
vn -0.456693 -0.000000 -0.889764
vn -0.377953 0.559055 -0.732283
vn -0.236220 -0.000000 -0.968504
vn -0.173228 0.921260 -0.338583
vn -0.212598 0.551181 -0.811024
vn -0.236220 0.196850 -0.952756
vn -0.078740 0.165354 -0.984252
vn 0.000000 -0.000000 -1.000000
vn -0.125984 0.496063 -0.858268
vn 0.118110 -0.000000 -0.992126
vn -0.078740 0.866142 -0.488189
vn 0.244094 -0.000000 -0.968504
vn 0.133858 -0.000000 -0.992126
vn 0.322835 0.165354 -0.929134
vn -0.102362 0.913386 -0.393701
vn 0.023622 0.929134 0.370079
vn 0.062992 0.944882 0.307086
vn 0.173228 0.629921 0.755905
vn 0.070866 0.598425 0.795275
vn 0.362205 0.622047 0.692913
vn 0.228346 0.228347 0.944882
vn 0.055118 0.181102 0.984252
vn 0.228346 -0.157480 0.960630
vn -0.007874 0.000000 1.000000
vn 0.220472 -0.314960 0.921260
vn -0.007874 -0.157480 0.984252
vn -0.007874 -0.314960 0.944882
vn -0.322835 0.165354 0.937008
vn -0.244094 0.000000 0.968504
vn -0.133858 0.000000 0.992126
vn -0.007874 0.000000 1.000000
vn -0.118110 0.000000 0.992126
vn 0.078740 0.157480 0.984252
vn 0.236220 0.000000 0.968504
vn 0.236220 0.188976 0.952756
vn 0.125984 0.480315 0.866142
vn 0.456693 0.000000 0.889764
vn 0.204724 0.551181 0.811023
vn 0.078740 0.866142 0.488189
vn 0.456693 0.181102 0.874016
vn 0.645669 0.181102 0.740157
vn 0.661417 0.000000 0.748031
vn 0.377953 0.559055 0.732283
vn 0.102362 0.913386 0.393701
vn 0.803150 0.196850 0.566929
vn 0.818898 0.000000 0.574803
vn 0.889764 0.165354 0.433071
vn 0.937008 0.000000 0.362205
vn 0.748031 0.503937 0.433071
vn 0.543307 0.559055 0.622047
vn 0.677165 0.551181 0.488189
vn 0.425197 0.866142 0.251968
vn 0.330709 0.913386 0.236220
vn -0.338583 0.929134 -0.157480
vn 0.251969 0.921260 0.291338
vn -0.267717 0.944882 -0.173228
vn -0.645669 0.629921 -0.433071
vn -0.716535 0.598425 -0.354331
vn -0.897638 0.181102 -0.401575
vn -0.196850 0.952756 -0.228347
vn -0.519685 0.622047 -0.590551
vn 0.173228 0.921260 0.338583
vn -0.141732 0.952756 -0.267717
vn -0.062992 0.952756 -0.307087
vn -0.023622 0.929134 -0.370079
vn -0.362205 0.622047 -0.692913
vn -0.173228 0.622047 -0.763779
vn -0.078740 0.582677 -0.803150
vn -0.228346 0.220472 -0.944882
vn -0.055118 0.173228 -0.984252
vn -0.448819 0.212598 -0.866142
vn -0.645669 0.212598 -0.732283
vn -0.228346 -0.157480 -0.960630
vn -0.803150 0.228346 -0.551181
vn -0.456693 -0.157480 -0.874016
vn -0.653543 -0.157480 -0.740157
vn -0.811024 -0.157480 -0.566929
vn -0.622047 -0.314961 -0.716535
vn -0.433071 -0.314961 -0.842520
vn -0.779528 -0.314961 -0.543307
vn -0.220472 -0.314961 -0.921260
vn 0.007874 -0.314961 -0.944882
vn -0.921260 -0.157480 -0.354331
vn -0.881890 -0.314961 -0.338583
vn -0.968504 -0.000000 -0.244094
vn -0.976378 -0.157480 -0.125984
vn -0.968504 -0.000000 -0.236220
vn -0.944882 -0.314961 -0.118110
vn -0.976378 0.188976 -0.070866
vn -0.984252 -0.157480 0.118110
vn -0.944882 -0.314961 0.110236
vn -0.889764 -0.314961 0.330709
vn -0.968504 0.228346 0.110236
vn -0.795276 0.606299 -0.023622
vn -0.921260 -0.157480 0.346457
vn -0.779528 -0.314961 0.535433
vn -0.913386 0.212598 0.338583
vn -0.771654 0.629921 0.078740
vn -0.370079 0.929134 -0.023622
vn -0.732283 0.622047 0.275590
vn -0.314961 0.944882 0.023622
vn -0.283465 0.952756 0.102362
vn 0.409449 0.913386 -0.055118
vn 0.488189 0.874016 -0.015748
vn -0.251969 0.952756 0.173228
vn 0.826772 0.551181 -0.110236
vn 0.858268 0.511811 -0.023622
vn 0.984252 0.173228 0.039370
vn -0.645669 0.622047 0.440945
vn 0.976378 0.196850 -0.118110
vn -0.803150 0.212598 0.551181
vn 0.992126 -0.000000 -0.118110
vn -0.818898 -0.157480 0.559055
vn -0.629921 -0.314961 0.708661
vn 0.992126 0.000000 0.125984
vn 0.968504 0.000000 0.236220
vn 0.968504 0.000000 0.251968
vn 0.937008 0.000000 0.362205
vn 0.889764 0.165354 0.433071
vn 0.921260 0.181102 -0.346457
vn 0.937008 -0.000000 -0.346457
vn 0.779528 0.559055 -0.291339
vn 0.811024 0.181102 -0.559055
vn 0.826772 -0.000000 -0.566929
vn 0.669291 -0.000000 -0.748031
vn 0.362205 0.921260 -0.133858
vn 0.685039 0.559055 -0.464567
vn 0.314961 0.921260 -0.212599
vn 0.653543 0.181102 -0.732283
vn 0.551181 0.559055 -0.614173
vn -0.204724 0.952756 0.228346
vn 0.251969 0.921260 -0.283465
vn 0.401575 0.551181 -0.732283
vn 0.464567 0.196850 -0.866142
vn 0.472441 -0.000000 -0.881890
vn 0.322835 0.165354 -0.929134
vn 0.244094 -0.000000 -0.968504
vn 0.338583 0.503937 -0.795276
vn 0.196850 0.874016 -0.448819
vn 0.196850 0.913386 -0.362205
vn -0.118110 0.929134 0.354331
vn -0.141732 0.944882 0.283464
vn -0.354331 0.629921 0.692913
vn -0.267717 0.598425 0.755905
vn -0.519685 0.622047 0.582677
vn -0.291339 0.181102 0.937008
vn -0.456693 0.228347 0.858268
vn -0.653543 0.212598 0.732283
vn -0.464567 -0.157480 0.874016
vn -0.661417 -0.157480 0.732283
vn -0.440945 -0.314961 0.834646
vn -0.244094 -0.157480 0.960630
vn -0.125984 0.000000 0.992126
vn -0.228346 -0.314960 0.921260
vn -0.007874 -0.157480 0.984252
vn -0.007874 -0.314960 0.944882
vn -0.007874 0.000000 1.000000
vn -0.118110 0.000000 0.992126
vn 0.055118 0.181102 0.984252
vn 0.070866 -0.212599 -0.976378
vn 0.070866 -0.212599 -0.976378
vn 0.070866 -0.212599 -0.976378
vn 0.070866 -0.212599 -0.976378
vn 0.070866 -0.212599 -0.976378
vn 0.070866 -0.212599 -0.976378
vn 0.070866 -0.212599 -0.976378
vn 0.070866 -0.212599 -0.976378
vn -0.314961 0.118110 0.937008
vn -0.346457 0.125984 0.929134
vn -0.314961 0.118110 0.937008
vn -0.346457 0.133858 0.929134
vn -0.362205 0.133858 0.921260
vn -0.362205 0.133858 0.921260
vn -0.354331 0.141732 0.921260
vn -0.354331 0.141732 0.921260
vn 0.598425 0.346457 0.724409
vn 0.598425 0.346457 0.724409
vn 0.598425 0.346457 0.724409
vn 0.598425 0.346457 0.724409
vn 0.598425 0.346457 0.724409
vn 0.598425 0.346457 0.724409
vn 0.598425 0.346457 0.724409
vn 0.598425 0.346457 0.724409
vn -0.566929 -0.118110 -0.811023
vn -0.551181 -0.102362 -0.826772
vn -0.566929 -0.118110 -0.811023
vn -0.551181 -0.102362 -0.826772
vn -0.535433 -0.094488 -0.834646
vn -0.543307 -0.094488 -0.834646
vn -0.543307 -0.086614 -0.834646
vn -0.543307 -0.086614 -0.834646
vn -0.007874 0.086614 1.000000
vn -0.007874 0.086614 1.000000
vn -0.007874 0.086614 1.000000
vn -0.007874 0.086614 1.000000
vn -0.007874 0.086614 1.000000
vn -0.007874 0.086614 1.000000
vn -0.007874 0.086614 1.000000
vn -0.007874 0.086614 1.000000
vn 0.393701 -0.047244 -0.921260
vn 0.409449 -0.031496 -0.913386
vn 0.393701 -0.047244 -0.921260
vn 0.409449 -0.023622 -0.913386
vn 0.425197 -0.015748 -0.905512
vn 0.417323 -0.015748 -0.905512
vn 0.409449 -0.015748 -0.913386
vn 0.409449 -0.015748 -0.913386
vn 0.984252 0.000000 0.173228
vn 0.984252 0.000000 0.173228
vn 0.984252 0.000000 0.173228
vn 0.984252 0.000000 0.173228
vn 0.984252 0.000000 0.173228
vn 0.984252 0.000000 0.173228
vn 0.984252 0.000000 0.173228
vn 0.984252 0.000000 0.173228
vn -0.905512 0.023622 -0.425197
vn -0.897638 0.039370 -0.440945
vn -0.905512 0.023622 -0.425197
vn -0.897638 0.047244 -0.440945
vn -0.889764 0.055118 -0.456693
vn -0.889764 0.055118 -0.448819
vn -0.889764 0.055118 -0.448819
vn -0.889764 0.055118 -0.448819
vn -0.708661 0.244095 0.661417
vn -0.708661 0.244095 0.661417
vn -0.708661 0.244095 0.661417
vn -0.708661 0.244095 0.661417
vn -0.708661 0.244095 0.661417
vn -0.708661 0.244095 0.661417
vn -0.708661 0.244095 0.661417
vn -0.708661 0.244095 0.661417
vn 0.748031 -0.000000 -0.669291
vn 0.755906 0.023622 -0.653543
vn 0.748031 -0.000000 -0.669291
vn 0.755906 0.023622 -0.653543
vn 0.763780 0.031496 -0.645669
vn 0.763780 0.039370 -0.645669
vn 0.755906 0.039370 -0.653543
vn 0.755906 0.039370 -0.653543
vn 0.913386 -0.196850 -0.354331
vn 0.913386 -0.196850 -0.354331
vn 0.913386 -0.196850 -0.354331
vn 0.913386 -0.196850 -0.354331
vn 0.913386 -0.196850 -0.354331
vn 0.913386 -0.196850 -0.354331
vn 0.913386 -0.196850 -0.354331
vn 0.913386 -0.196850 -0.354331
vn -0.976378 0.196850 0.102362
vn -0.976378 0.212598 0.078740
vn -0.976378 0.196850 0.102362
vn -0.976378 0.220472 0.078740
vn -0.968504 0.228346 0.062992
vn -0.968504 0.228346 0.062992
vn -0.968504 0.228346 0.070866
vn -0.968504 0.228346 0.070866
vn -0.496063 0.000000 0.866142
vn -0.496063 0.000000 0.866142
vn -0.496063 0.000000 0.866142
vn -0.496063 0.000000 0.866142
vn -0.496063 0.000000 0.866142
vn -0.503937 0.000000 0.866142
vn -0.503937 0.000000 0.866142
vn -0.503937 0.000000 0.866142
vn -0.984252 0.086614 -0.181102
vn -0.984252 0.086614 -0.181102
vn -0.984252 0.086614 -0.181102
vn -0.984252 0.086614 -0.181102
vn -0.984252 0.086614 -0.181102
vn -0.984252 0.086614 -0.181102
vn -0.984252 0.086614 -0.181102
vn -0.984252 0.086614 -0.181102
vn -0.236220 0.346457 -0.905512
vn -0.236220 0.346457 -0.905512
vn -0.236220 0.346457 -0.905512
vn -0.236220 0.346457 -0.905512
vn -0.236220 0.346457 -0.905512
vn -0.236220 0.346457 -0.905512
vn -0.236220 0.346457 -0.905512
vn -0.236220 0.346457 -0.905512
vn 0.165354 -0.118110 0.976378
vn 0.141732 -0.102362 0.984252
vn 0.165354 -0.118110 0.976378
vn 0.141732 -0.102362 0.984252
vn 0.125984 -0.094488 0.984252
vn 0.133858 -0.094488 0.984252
vn 0.141732 -0.086614 0.984252
vn 0.141732 -0.086614 0.984252
vn -0.976378 -0.196850 -0.062992
vn -0.976378 -0.196850 -0.062992
vn -0.976378 -0.196850 -0.062992
vn -0.976378 -0.196850 -0.062992
vn -0.976378 -0.196850 -0.062992
vn -0.976378 -0.196850 -0.062992
vn -0.976378 -0.196850 -0.062992
vn -0.976378 -0.196850 -0.062992
vn 0.929134 0.196850 0.322835
vn 0.913386 0.212598 0.346457
vn 0.929134 0.196850 0.322835
vn 0.913386 0.220472 0.346457
vn 0.905512 0.228346 0.362205
vn 0.905512 0.228346 0.354331
vn 0.905512 0.228346 0.346457
vn 0.905512 0.228346 0.346457
vn 0.818898 -0.000000 -0.566929
vn 0.818898 -0.000000 -0.566929
vn 0.818898 -0.000000 -0.566929
vn 0.818898 -0.000000 -0.566929
vn 0.818898 -0.000000 -0.566929
vn 0.818898 -0.000000 -0.566929
vn 0.818898 -0.000000 -0.566929
vn 0.818898 -0.000000 -0.566929
vn -0.842520 0.228346 0.480315
vn -0.850394 0.244095 0.464567
vn -0.842520 0.228346 0.480315
vn -0.850394 0.244095 0.464567
vn -0.858268 0.251969 0.448819
vn -0.858268 0.251969 0.448819
vn -0.850394 0.259843 0.456693
vn -0.850394 0.259843 0.456693
vn -0.818898 0.535433 -0.204724
vn -0.818898 0.535433 -0.204724
vn -0.732283 0.685039 0.039370
vn -0.582677 0.700787 -0.409449
vn -0.362205 0.889764 0.267716
vn -0.622047 0.511811 0.590551
vn -0.385827 0.700787 0.606299
vn -0.220472 0.866142 -0.456693
vn -0.307087 0.574803 -0.755905
vn -0.125984 0.692913 -0.708661
vn 0.283465 0.897638 0.346457
vn 0.220472 0.692913 0.685039
vn 0.456693 0.503937 0.732283
vn 0.677165 0.700787 0.220472
vn 0.803150 0.598425 -0.000000
vn 0.803150 0.598425 -0.000000
vn 0.645669 0.716535 -0.251969
vn 0.322835 0.866142 -0.385827
vn 0.488189 0.566929 -0.661417
vn 0.299213 0.685039 -0.661417
vn -0.314961 0.496063 0.811023
vn -0.047244 0.669291 0.740157
vn -0.314961 0.496063 0.811023
vn -0.480315 0.692913 0.535433
vn 0.220472 0.889764 0.393701
vn 0.503937 0.511811 0.692913
vn 0.551181 0.700787 0.448819
vn -0.480315 0.858268 0.165354
vn -0.787402 0.574803 0.220472
vn -0.724409 0.692913 0.039370
vn 0.377953 0.889764 -0.244095
vn 0.700787 0.700787 -0.133858
vn 0.771654 0.519685 -0.370079
vn 0.307087 0.653543 -0.692913
vn -0.346457 0.858268 -0.370079
vn -0.614173 0.692913 -0.377953
vn -0.590551 0.574803 -0.566929
vn -0.173228 0.677165 -0.708661
vn 0.110236 0.425197 -0.897638
vn 0.110236 0.425197 -0.897638
vn 0.842520 0.496063 0.212598
vn 0.842520 0.496063 0.212598
vn 0.740157 0.669291 -0.039370
vn 0.590551 0.692913 0.417323
vn 0.362205 0.889764 -0.267717
vn 0.622047 0.511811 -0.590551
vn 0.377953 0.700787 -0.606299
vn 0.220472 0.858268 0.456693
vn 0.307087 0.574803 0.755905
vn 0.125984 0.692913 0.708661
vn -0.283465 0.889764 -0.346457
vn -0.220472 0.700787 -0.685039
vn -0.456693 0.511811 -0.724409
vn -0.700787 0.677165 -0.220472
vn -0.850394 0.519685 -0.000000
vn -0.850394 0.519685 -0.000000
vn -0.669291 0.700787 0.259842
vn -0.322835 0.866142 0.385827
vn -0.488189 0.574803 0.661417
vn -0.299213 0.692913 0.661417
vn 0.559055 0.228346 -0.795275
vn 0.574803 0.244094 -0.779527
vn 0.559055 0.228346 -0.795275
vn 0.574803 0.244094 -0.779527
vn 0.582677 0.251968 -0.771653
vn 0.590551 0.251968 -0.771653
vn 0.574803 0.259842 -0.771653
vn 0.574803 0.259842 -0.771653
vn 0.826772 -0.023622 0.559055
vn 0.834646 -0.047244 0.543307
vn 0.834646 -0.047244 0.543307
vn 0.826772 -0.031496 0.559055
vn 0.818898 -0.015748 0.566929
vn 0.818898 -0.015748 0.574803
vn 0.826772 -0.015748 0.566929
vn 0.826772 -0.015748 0.566929
vn 0.283465 -0.763779 0.582677
vn 0.259843 -0.850394 0.464567
vn -0.322835 -0.708661 0.629921
vn -0.385827 -0.795275 0.464567
vn 0.338583 -0.897638 0.267717
vn -0.787402 -0.251968 0.566929
vn -0.370079 -0.897638 0.228347
vn 0.362205 -0.913386 0.196850
vn -0.874016 -0.338583 0.346457
vn -0.346457 -0.921260 0.157480
vn 0.362205 -0.913386 0.173228
vn -0.338583 -0.929134 0.157480
vn -0.913386 -0.409449 0.086614
vn -0.929134 -0.377953 0.015748
vn -0.929134 -0.362205 0.023622
vn -0.881890 0.440945 -0.157480
vn -0.897638 0.409449 -0.149606
vn -0.937008 0.338583 -0.062992
vn -0.370079 0.905512 -0.228347
vn -0.362205 0.897638 -0.244095
vn -0.913386 0.346457 0.188976
vn -0.826772 0.417323 0.377953
vn -0.393701 0.905512 -0.157480
vn 0.362205 0.913386 -0.181102
vn 0.338583 0.921260 -0.181102
vn 0.929134 0.370079 -0.007874
vn -0.425197 0.905512 0.039370
vn -0.346457 0.921260 0.181102
vn 0.393701 0.905512 -0.165354
vn 0.929134 0.362205 -0.031496
vn 0.889764 -0.440945 0.133858
vn 0.330709 0.944882 -0.015748
vn 0.362205 0.929134 0.118110
vn 0.937008 0.346457 -0.047244
vn 0.921260 0.377953 0.118110
vn 0.881890 0.393701 0.267716
vn 0.818898 -0.354331 0.456693
vn 0.834646 -0.440945 0.330709
vn 0.283465 -0.763779 0.582677
vn 0.259843 -0.850394 0.464567
vn 0.889764 -0.433071 0.149606
vn 0.338583 -0.897638 0.267717
vn 0.889764 -0.433071 0.125984
vn 0.362205 -0.913386 0.196850
vn 0.362205 -0.913386 0.173228
vn -0.267717 -0.944882 -0.181102
vn -0.118110 -0.984252 -0.110236
vn 0.000000 -0.740157 -0.677165
vn 0.204724 -0.763779 -0.614173
vn 0.062992 -0.992126 0.094488
vn 0.094488 -0.196850 -0.976378
vn 0.503937 -0.771653 -0.385827
vn 0.354331 -0.188976 -0.913386
vn 0.188976 0.496063 -0.850394
vn -0.031496 0.456693 -0.889764
vn 0.700787 -0.125984 -0.708661
vn -0.212598 0.905512 -0.362205
vn -0.370079 0.842520 -0.401575
vn 0.448819 0.590551 -0.669291
vn -0.086614 0.968504 -0.244095
vn -0.606299 0.748031 0.267716
vn -0.708661 0.677165 0.181102
vn -0.566929 0.748031 0.346457
vn -0.779528 0.039370 0.629921
vn -0.874016 0.015748 0.488189
vn -0.188976 0.960630 -0.196850
vn -0.527559 -0.740157 0.425197
vn -0.645669 -0.700787 0.314961
vn -0.267717 -0.944882 -0.181102
vn -0.118110 -0.984252 -0.110236
vn -0.708661 0.031496 0.708661
vn -0.417323 -0.724409 0.551181
vn 0.062992 -0.992126 0.094488
vn -0.637795 0.692913 0.338583
vn -0.354331 -0.677165 0.645669
vn 0.181102 -0.952756 0.251969
vn -0.716535 0.007874 0.700787
vn -0.291339 -0.724409 0.629921
vn 0.283465 -0.921260 0.259843
vn 0.228346 -0.929134 0.299213
vn -0.385827 -0.740157 0.551181
vn -0.771654 -0.015748 0.637795
vn -0.858268 -0.070866 0.511811
vn -0.740157 0.653543 0.157480
vn -0.661417 0.716535 0.220472
vn -0.251969 0.937008 -0.228347
vn -0.196850 0.944882 -0.267717
vn 0.346457 0.779527 -0.527559
vn 0.377953 0.677165 -0.629921
vn 0.346457 0.692913 -0.629921
vn 0.842520 0.062992 -0.535433
vn 0.740157 -0.055118 -0.669291
vn 0.755906 0.007874 -0.653543
vn 0.622047 -0.732283 -0.275590
vn 0.181102 -0.952756 0.251969
vn 0.283465 -0.921260 0.259843
vn 0.692913 -0.677165 -0.244094
vn 0.724409 -0.685039 -0.110236
vn 0.228346 -0.929134 0.299213
vn 0.039370 -0.992126 0.102362
vn -0.637795 -0.763779 0.086614
vn 0.039370 -0.992126 0.118110
vn -0.645669 -0.755905 0.070866
vn 0.047244 -1.000000 0.039370
vn -1.000000 -0.031496 -0.007874
vn -0.637795 -0.771653 -0.007874
vn 0.165354 -0.968504 -0.181102
vn -1.000000 -0.039370 0.000000
vn -0.535433 -0.811023 -0.228346
vn 0.133858 -0.929134 -0.338583
vn -0.511811 -0.763779 -0.385827
vn -0.992126 -0.055118 -0.078740
vn -0.944882 -0.078740 -0.314961
vn -0.874016 -0.086614 -0.472441
vn -0.622047 0.614173 -0.488189
vn -0.645669 0.685039 -0.346457
vn 0.023622 0.858268 -0.503937
vn -0.724409 0.669291 -0.133858
vn 0.070866 0.929134 -0.354331
vn 0.661417 0.559055 -0.496063
vn -0.716535 0.692913 -0.062992
vn -0.692913 0.716535 -0.062992
vn -0.039370 1.000000 -0.070866
vn -0.023622 0.992126 -0.141732
vn 0.740157 0.606299 -0.291339
vn 0.889764 -0.070866 -0.448819
vn -0.039370 1.000000 -0.078740
vn 0.716535 0.692913 -0.078740
vn 0.669291 0.740157 -0.062992
vn 0.637795 0.763779 -0.070866
vn 0.976378 -0.055118 -0.196850
vn 1.000000 -0.023622 0.000000
vn 1.000000 0.015748 -0.007874
vn 1.000000 0.039370 -0.015748
vn 0.692913 -0.716535 0.070866
vn 0.700787 -0.716535 0.070866
vn 0.039370 -0.992126 0.102362
vn 0.039370 -0.992126 0.118110
vn 0.692913 -0.716535 0.047244
vn 0.047244 -1.000000 0.039370
vn 0.716535 -0.669291 -0.173228
vn 0.165354 -0.968504 -0.181102
vn 0.661417 -0.645669 -0.377953
vn 0.133858 -0.929134 -0.338583
vn -0.228346 -0.960630 -0.141732
vn -0.377953 -0.645669 -0.661417
vn -0.370079 -0.921260 -0.110236
vn -0.196850 -0.669291 -0.716535
vn -0.039370 -1.000000 -0.047244
vn -0.409449 -0.047244 -0.913386
vn 0.055118 -0.716535 -0.692913
vn 0.031496 -1.000000 -0.015748
vn -0.157480 -0.047244 -0.984252
vn 0.133858 -0.732283 -0.669291
vn 0.047244 -1.000000 -0.015748
vn 0.133858 -0.732283 -0.661417
vn 0.110236 -0.031496 -0.992126
vn 0.165354 0.007874 -0.984252
vn 0.157480 0.023622 -0.984252
vn 0.110236 0.763779 -0.629921
vn 0.110236 0.748031 -0.661417
vn 0.015748 1.000000 0.023622
vn 0.047244 0.677165 -0.732283
vn 0.000000 1.000000 0.015748
vn -0.110236 0.740157 0.661417
vn -0.204724 0.622047 -0.755905
vn -0.401575 0.606299 -0.685039
vn -0.062992 1.000000 -0.015748
vn -0.110236 0.724409 0.685039
vn -0.173228 -0.015748 0.984252
vn -0.251969 0.968504 -0.078740
vn -0.393701 0.921260 -0.031496
vn -0.125984 0.700787 0.700787
vn -0.267717 0.724409 0.637795
vn -0.401575 0.661417 0.629921
vn -0.149606 -0.023622 0.992126
vn -0.133858 -0.039370 0.992126
vn -0.299213 -0.039370 0.952756
vn -0.440945 -0.039370 0.897638
vn -0.409449 -0.732283 0.543307
vn -0.267717 -0.787401 0.551181
vn -0.370079 -0.921260 -0.110236
vn -0.228346 -0.960630 -0.141732
vn -0.102362 -0.763779 0.637795
vn -0.039370 -1.000000 -0.047244
vn -0.078740 -0.755905 0.645669
vn 0.031496 -1.000000 -0.015748
vn -0.086614 -0.763779 0.637795
vn 0.047244 -1.000000 -0.015748
vn 0.000000 -0.921260 0.385827
vn -0.047244 -0.937008 0.346457
vn 0.354331 -0.559055 0.748031
vn 0.480315 -0.519685 0.708661
vn 0.598425 0.275591 0.748031
vn 0.000000 -0.960630 0.291339
vn 0.724409 0.236221 0.653543
vn 0.370079 0.905512 0.204724
vn 0.511811 -0.582677 0.629921
vn 0.149606 -0.976378 0.157480
vn 0.748031 0.173228 0.637795
vn 0.488189 0.850394 0.196850
vn 0.614173 -0.606299 0.511811
vn 0.015748 0.952756 -0.307087
vn -0.031496 0.937008 -0.354331
vn 0.496063 0.842520 0.228346
vn 0.795276 0.110236 0.598425
vn -0.456693 0.574803 -0.685039
vn -0.393701 0.519685 -0.763779
vn 0.559055 0.771653 0.299212
vn 0.968504 0.062992 0.236220
vn 0.795276 -0.582677 0.173228
vn 0.330709 -0.944882 -0.055118
vn 0.826772 -0.566929 -0.031496
vn 0.362205 -0.905512 -0.212598
vn 1.000000 0.031496 -0.031496
vn 0.724409 0.692913 0.023622
vn 0.748031 0.637795 -0.196850
vn 0.000000 0.976378 -0.204724
vn 0.110236 0.937008 -0.338583
vn 0.141732 0.858268 -0.488189
vn -0.055118 0.952756 -0.291339
vn -0.574803 0.582677 -0.566929
vn -0.503937 0.606299 -0.622047
vn -0.417323 0.535433 -0.732283
vn -0.566929 0.527559 -0.637795
vn -0.771654 -0.204724 -0.598425
vn -0.708661 -0.188976 -0.677165
vn -0.582677 -0.188976 -0.795275
vn -0.299213 -0.866142 -0.393701
vn -0.212598 -0.818898 -0.535433
vn 0.362205 -0.905512 -0.212598
vn 0.330709 -0.944882 -0.055118
vn -0.417323 -0.866142 -0.275590
vn 0.149606 -0.976378 0.157480
vn -0.763780 -0.228346 -0.606299
vn -0.503937 -0.834646 -0.204724
vn 0.000000 -0.960630 0.291339
vn -0.708661 -0.244095 -0.669291
vn -0.582677 -0.275591 -0.763779
vn -0.472441 -0.874016 -0.141732
vn 0.000000 -0.921260 0.385827
vn -0.409449 -0.881890 -0.244094
vn -0.047244 -0.937008 0.346457
vn -0.519685 -0.826772 0.196850
vn -0.433071 -0.897638 0.102362
vn -0.771654 -0.559055 -0.299213
vn -0.653543 -0.622047 -0.440945
vn -0.220472 -0.968504 0.086614
vn -0.826772 0.023622 -0.566929
vn -0.433071 -0.716535 -0.543307
vn -0.149606 -0.984252 0.078740
vn -0.653543 -0.015748 -0.755905
vn -0.362205 -0.748031 -0.559055
vn -0.133858 -0.992126 0.070866
vn -0.362205 -0.748031 -0.559055
vn -0.385827 -0.007874 -0.921260
vn -0.433071 -0.062992 -0.897638
vn -0.370079 -0.031496 -0.929134
vn -0.228346 0.653543 -0.724409
vn -0.125984 0.700787 -0.700787
vn -0.110236 0.724409 -0.677165
vn 0.173228 0.976378 -0.094488
vn 0.188976 0.976378 -0.094488
vn 0.377953 0.748031 0.543307
vn -0.464567 0.645669 -0.606299
vn -0.598425 0.669291 -0.440945
vn 0.102362 0.992126 -0.094488
vn -0.094488 0.992126 -0.047244
vn -0.188976 0.976378 0.078740
vn 0.385827 0.732283 0.559055
vn 0.377953 0.716535 0.590551
vn 0.228346 0.763779 0.606299
vn 0.102362 0.732283 0.669291
vn 0.401575 -0.007874 0.913386
vn 0.385827 0.015748 0.921260
vn 0.362205 0.023622 0.929134
vn 0.133858 -0.732283 0.669291
vn 0.244094 0.031496 0.968504
vn 0.094488 0.055118 0.992126
vn -0.181102 -0.637795 0.755905
vn 0.149606 -0.724409 0.669291
vn -0.133858 -0.992126 0.070866
vn -0.149606 -0.984252 0.078740
vn -0.220472 -0.968504 0.086614
vn 0.118110 -0.724409 0.677165
vn -0.433071 -0.897638 0.102362
vn -0.062992 -0.716535 0.692913
vn -0.519685 -0.826772 0.196850
vn 0.220472 -0.779527 -0.582677
vn 0.220472 -0.866142 -0.448819
vn 0.732283 -0.519685 -0.433071
vn 0.755906 -0.606299 -0.236220
vn 0.094488 -0.968504 -0.220472
vn 0.960630 0.039370 -0.275591
vn 0.661417 -0.740157 0.102362
vn -0.015748 -1.000000 -0.055118
vn 1.000000 -0.023622 -0.015748
vn 0.590551 -0.763779 0.251969
vn 0.007874 -1.000000 0.047244
vn 0.921260 -0.102362 0.370079
vn -0.039370 -1.000000 0.015748
vn 0.480315 -0.779527 0.409449
vn 0.590551 -0.732283 0.346457
vn 0.787402 0.000000 0.614173
vn 0.897638 -0.055118 0.440945
vn 0.874016 0.000000 0.480315
vn 0.488189 0.787401 0.385827
vn 0.598425 0.732283 0.330709
vn 0.606299 0.708661 0.362205
vn 0.023622 1.000000 0.031496
vn -0.031496 1.000000 -0.007874
vn 0.685039 0.622047 0.377953
vn -0.559055 0.771653 -0.314961
vn -0.519685 0.748031 -0.417323
vn -0.039370 1.000000 0.062992
vn 0.039370 0.992126 0.141732
vn 0.763780 0.637795 0.062992
vn 0.732283 0.661417 -0.165354
vn 0.110236 0.992126 -0.023622
vn 0.094488 0.976378 -0.196850
vn -0.653543 0.708661 -0.259843
vn -0.645669 0.748031 -0.173228
vn -0.582677 0.779527 -0.236221
vn -0.535433 0.755905 -0.377953
vn -0.905512 -0.007874 -0.425197
vn -0.866142 0.055118 -0.496063
vn -0.771654 0.094488 -0.629921
vn -0.409449 -0.590551 -0.700787
vn -0.913386 0.007874 -0.409449
vn -0.464567 -0.677165 -0.566929
vn 0.220472 -0.779527 -0.582677
vn 0.220472 -0.866142 -0.448819
vn -0.543307 -0.724409 -0.433071
vn 0.094488 -0.968504 -0.220472
vn -0.614173 -0.716535 -0.330709
vn -0.015748 -1.000000 -0.055118
vn -0.866142 -0.000000 -0.503937
vn -0.771654 -0.000000 -0.637795
vn -0.527559 -0.748031 -0.401575
vn -0.566929 -0.771653 -0.291338
vn -0.039370 -1.000000 0.015748
vn 0.007874 -1.000000 0.047244
vn -0.125984 -0.992126 0.015748
vn -0.110236 -0.992126 0.015748
vn 0.031496 -0.763779 -0.645669
vn 0.039370 -0.755905 -0.653543
vn -0.047244 -1.000000 0.039370
vn 0.181102 -0.031496 -0.984252
vn 0.118110 -0.771653 -0.629921
vn 0.149606 -0.968504 0.188976
vn 0.173228 -0.039370 -0.984252
vn 0.322835 -0.811024 -0.488189
vn 0.314961 -0.929134 0.188976
vn 0.472441 -0.763779 -0.440945
vn 0.251969 -0.055118 -0.968504
vn 0.472441 -0.078740 -0.874016
vn 0.614173 -0.086614 -0.779527
vn 0.590551 0.614173 -0.527559
vn 0.456693 0.685039 -0.574803
vn 0.496063 0.858268 0.110236
vn 0.259843 0.669291 -0.692913
vn 0.338583 0.929134 0.125984
vn 0.377953 0.559055 0.740157
vn 0.181102 0.692913 -0.692913
vn 0.181102 0.716535 -0.669291
vn 0.070866 1.000000 -0.023622
vn 0.141732 0.992126 -0.000000
vn 0.157480 0.606299 0.779527
vn 0.291339 -0.070866 0.952756
vn 0.086614 1.000000 -0.023622
vn -0.047244 0.692913 0.716535
vn -0.055118 0.740157 0.669291
vn -0.039370 0.763779 0.637795
vn 0.023622 -0.055118 1.000000
vn -0.173228 -0.023622 0.984252
vn -0.165354 0.015748 0.984252
vn -0.157480 0.039370 0.984252
vn -0.196850 -0.716535 0.669291
vn -0.188976 -0.716535 0.677165
vn -0.110236 -0.992126 0.015748
vn -0.125984 -0.992126 0.015748
vn -0.165354 -0.716535 0.677165
vn -0.047244 -1.000000 0.039370
vn 0.047244 -0.669291 0.740157
vn 0.149606 -0.968504 0.188976
vn 0.259843 -0.645669 0.716535
vn 0.314961 -0.929134 0.188976
vn 0.062992 -0.984252 0.149606
vn -0.291339 -0.740157 0.606299
vn 0.165354 -0.944882 0.275591
vn -0.440945 -0.763779 0.464567
vn -0.015748 -0.992126 -0.110236
vn -0.496063 -0.196850 0.842520
vn -0.622047 -0.771653 0.133858
vn -0.708661 -0.188976 0.677165
vn -0.677165 -0.732283 -0.015748
vn -0.055118 -0.952756 -0.307086
vn -0.141732 -0.921260 -0.354331
vn -0.929134 -0.125984 0.338583
vn -0.078740 -0.929134 -0.370079
vn -0.700787 -0.685039 -0.204724
vn -0.732283 -0.677165 -0.070866
vn -0.992126 0.062992 0.125984
vn -0.960630 0.007874 0.275591
vn -0.952756 -0.055118 0.291339
vn -0.582677 0.692913 0.425197
vn -0.535433 0.779527 0.330709
vn -0.614173 0.677165 0.409449
vn 0.062992 0.944882 0.330709
vn 0.125984 0.937008 0.314960
vn -0.692913 0.590551 0.417323
vn 0.086614 0.960630 0.259842
vn 0.692913 0.716535 0.086614
vn 0.732283 0.653543 0.173228
vn -0.527559 0.496063 0.685039
vn -0.346457 0.456693 0.818897
vn -0.023622 0.968504 0.259842
vn 0.039370 0.905512 0.417323
vn 0.165354 0.842520 0.519685
vn 0.661417 0.748031 -0.070866
vn 0.661417 0.748031 0.015748
vn 0.724409 0.677165 0.141732
vn 0.716535 0.692913 -0.031496
vn 0.937008 0.031496 -0.338583
vn 0.968504 0.039370 -0.236220
vn 1.000000 0.015748 -0.070866
vn 0.716535 -0.700787 -0.007874
vn 0.653543 -0.740157 -0.157480
vn 0.165354 -0.944882 0.275591
vn 0.062992 -0.984252 0.149606
vn 0.614173 -0.724409 -0.322835
vn -0.015748 -0.992126 -0.110236
vn 0.944882 0.007874 -0.330709
vn 0.598425 -0.677165 -0.433071
vn -0.055118 -0.952756 -0.307086
vn 0.968504 -0.015748 -0.251968
vn 0.992126 -0.070866 -0.102362
vn 0.582677 -0.740157 -0.338583
vn 0.535433 -0.724409 -0.440945
vn -0.141732 -0.921260 -0.354331
vn -0.078740 -0.929134 -0.370079
vn 0.559055 -0.826772 0.039370
vn 0.433071 -0.897638 0.094488
vn 0.574803 -0.559055 0.598425
vn 0.401575 -0.622047 0.669291
vn 0.236220 -0.968504 0.015748
vn 0.503937 0.023622 0.858268
vn 0.165354 -0.716535 0.677165
vn 0.165354 -0.984252 -0.007874
vn 0.275591 -0.015748 0.960630
vn 0.094488 -0.748031 0.661417
vn 0.149606 -0.992126 -0.007874
vn 0.086614 -0.748031 0.653543
vn 0.007874 -0.062992 1.000000
vn -0.055118 -0.031496 1.000000
vn -0.047244 -0.007874 1.000000
vn -0.188976 0.724409 0.661417
vn -0.181102 0.700787 0.685039
vn -0.102362 0.653543 0.755905
vn -0.196850 0.976378 0.007874
vn -0.212598 0.976378 0.007874
vn -0.110236 0.748031 -0.653543
vn 0.157480 0.645669 0.748031
vn 0.346457 0.669291 0.653543
vn -0.133858 0.992126 0.039370
vn -0.110236 0.732283 -0.669291
vn 0.062992 0.023622 -1.000000
vn 0.062992 0.992126 0.078740
vn 0.204724 0.976378 0.007874
vn -0.094488 0.716535 -0.692913
vn 0.055118 0.763779 -0.645669
vn 0.188976 0.732283 -0.653543
vn 0.039370 0.015748 -1.000000
vn 0.023622 -0.007874 -1.000000
vn 0.188976 0.031496 -0.984252
vn 0.338583 0.055118 -0.937008
vn 0.480315 -0.637795 -0.606299
vn 0.354331 -0.716535 -0.598425
vn 0.559055 -0.826772 0.039370
vn 0.433071 -0.897638 0.094488
vn 0.181102 -0.724409 -0.669291
vn 0.236220 -0.968504 0.015748
vn 0.149606 -0.724409 -0.669291
vn 0.165354 -0.984252 -0.007874
vn 0.165354 -0.732283 -0.661417
vn 0.149606 -0.992126 -0.007874
vn -0.448819 -0.779527 0.440945
vn -0.385827 -0.866142 0.307087
vn -0.850394 -0.519685 0.078740
vn -0.787402 -0.606299 -0.110236
vn -0.181102 -0.968504 0.157480
vn -0.984252 0.039370 -0.157480
vn -0.551181 -0.740157 -0.377953
vn -0.007874 -1.000000 0.055118
vn -0.913386 -0.023622 -0.409449
vn -0.669291 0.637795 -0.377953
vn -0.732283 0.661417 -0.165354
vn -0.677165 -0.102362 -0.732283
vn -0.110236 0.992126 -0.023622
vn -0.173228 0.976378 0.141732
vn -0.456693 0.622047 -0.637795
vn 0.023622 0.992126 -0.141732
vn 0.433071 0.779527 0.456693
vn 0.322835 0.755905 0.566929
vn 0.425197 0.094488 0.897638
vn 0.503937 0.748031 0.433071
vn 0.574803 0.055118 0.818897
vn 0.070866 -0.590551 0.803150
vn 0.480315 0.708661 0.511811
vn 0.173228 -0.677165 0.708661
vn -0.448819 -0.779527 0.440945
vn -0.385827 -0.866142 0.307087
vn 0.653543 0.007874 0.755905
vn 0.307087 -0.724409 0.622047
vn -0.181102 -0.968504 0.157480
vn 0.417323 -0.716535 0.559055
vn -0.007874 -1.000000 0.055118
vn 0.637795 -0.007874 0.771653
vn 0.385827 -0.771653 0.511811
vn 0.007874 -1.000000 -0.047244
vn 0.047244 -1.000000 0.007874
vn 0.307087 -0.748031 0.590551
vn 0.566929 0.000000 0.818897
vn 0.425197 0.000000 0.905512
vn 0.291339 0.748031 0.598425
vn 0.370079 0.771653 0.519685
vn 0.023622 1.000000 0.015748
vn 0.062992 1.000000 -0.039370
vn -0.007874 1.000000 -0.031496
vn -0.275591 0.787401 -0.559055
vn -0.393701 0.708661 -0.582677
vn -0.401575 0.732283 -0.551181
vn -0.448819 -0.000000 -0.889764
vn -0.622047 -0.055118 -0.779527
vn -0.590551 -0.000000 -0.811023
vn -0.433071 -0.763779 -0.480315
vn 0.007874 -1.000000 -0.047244
vn -0.385827 -0.732283 -0.559055
vn -0.259843 -0.779527 -0.566929
vn 0.047244 -1.000000 0.007874
vn 0.330709 0.393701 -0.858268
vn 0.055118 0.645669 -0.763779
vn 0.330709 0.393701 -0.858268
vn 0.496063 0.677165 -0.551181
vn 0.480315 0.858268 -0.165354
vn 0.787402 0.574803 -0.220472
vn 0.716535 0.692913 -0.039370
vn -0.220472 0.889764 -0.393701
vn -0.503937 0.519685 -0.692913
vn -0.551181 0.700787 -0.448819
vn 0.346457 0.858268 0.370079
vn 0.622047 0.692913 0.377953
vn 0.598425 0.574803 0.566929
vn 0.173228 0.685039 0.708661
vn -0.377953 0.889764 0.244094
vn -0.700787 0.700787 0.133858
vn -0.771654 0.519685 0.370079
vn -0.307087 0.661417 0.685039
vn -0.110236 0.456693 0.881890
vn -0.110236 0.456693 0.881890
vn 0.244094 -0.157480 -0.960630
vn 0.125984 -0.000000 -0.992126
vn 0.228346 -0.314961 -0.921260
vn 0.007874 -0.157480 -0.984252
vn 0.118110 -0.000000 -0.992126
vn 0.000000 -0.944882 -0.314960
vn -0.070866 -0.944882 -0.307086
vn -0.039370 -0.984252 -0.165354
vn -0.141732 -0.944882 -0.283464
vn 0.000000 -0.984252 -0.173228
vn -0.078740 -0.984252 -0.149606
vn 0.078740 -0.944882 -0.307086
vn -0.204724 -0.944882 -0.236220
vn 0.039370 -0.984252 -0.165354
vn 0.149606 -0.944882 -0.275590
vn -0.110236 -0.984252 -0.125984
vn -0.259843 -0.944882 -0.181102
vn 0.078740 -0.984252 -0.149606
vn 0.118110 -0.984252 -0.125984
vn 0.212598 -0.944882 -0.236220
vn 0.078740 -0.984252 0.149606
vn 0.141732 -0.984252 -0.094488
vn 0.259843 -0.944882 -0.181102
vn -0.039370 -0.984252 0.165354
vn 0.157480 -0.984252 0.062992
vn 0.157480 -0.984252 -0.062992
vn 0.299213 -0.944882 -0.110236
vn 0.314961 -0.944882 -0.039370
vn 0.173228 -0.984252 -0.023622
vn 0.173228 -0.984252 0.023622
vn 0.314961 -0.944882 0.039370
vn 0.291339 -0.944882 0.110236
vn 0.141732 -0.984252 0.102362
vn 0.259843 -0.944882 0.181102
vn 0.110236 -0.984252 0.125984
vn 0.204724 -0.944882 0.236221
vn 0.141732 -0.944882 0.283465
vn 0.078740 -0.984252 0.149606
vn 0.070866 -0.944882 0.307087
vn 0.039370 -0.984252 0.165354
vn 0.000000 -0.944882 0.314961
vn 0.000000 -0.984252 0.173228
vn -0.078740 -0.944882 0.307087
vn -0.078740 -0.984252 0.149606
vn -0.149606 -0.944882 0.275591
vn -0.118110 -0.984252 0.125984
vn -0.212598 -0.944882 0.236221
vn -0.141732 -0.984252 0.094488
vn -0.259843 -0.944882 0.181102
vn -0.157480 -0.984252 0.062992
vn -0.299213 -0.944882 0.110236
vn -0.173228 -0.984252 0.023622
vn -0.314961 -0.944882 0.039370
vn -0.173228 -0.984252 -0.023622
vn -0.314961 -0.944882 -0.039370
vn -0.141732 -0.984252 -0.102362
vn -0.291339 -0.944882 -0.110236
vn -0.157480 -0.984252 -0.062992
vn 0.196850 0.960630 -0.188976
vn 0.110236 0.968504 -0.212599
vn 0.228346 0.960630 -0.181102
vn 0.283465 0.944882 -0.141732
vn 0.062992 0.992126 -0.125984
vn -0.102362 0.976378 -0.181102
vn 0.283465 0.937008 -0.212599
vn 0.196850 0.976378 -0.102362
vn 0.094488 0.968504 -0.220473
vn -0.173228 0.984252 -0.055118
vn -0.307087 0.944882 -0.086614
vn -0.078740 0.992126 -0.078740
vn -0.275591 0.960630 -0.015748
vn -0.251969 0.968504 -0.015748
vn -0.212598 0.976378 -0.023622
vn -0.212598 0.976378 0.007874
vn -0.212598 0.976378 -0.039370
vn -0.157480 0.984252 -0.102362
vn -0.173228 0.984252 -0.031496
vn -0.181102 0.984252 -0.070866
vn -0.125984 0.984252 -0.141732
vn -0.118110 0.976378 -0.181102
vn -0.078740 0.984252 -0.173228
vn -0.133858 0.976378 -0.188976
vn -0.181102 0.984252 0.023622
vn -0.070866 0.992126 -0.078740
vn -0.078740 1.000000 0.047244
vn -0.173228 0.937008 0.299212
vn -0.094488 0.992126 0.094488
vn 0.023622 1.000000 0.070866
vn -0.070866 0.944882 0.322834
vn -0.110236 0.921260 0.362205
vn -0.078740 0.937008 0.330709
vn -0.086614 0.937008 0.330709
vn -0.094488 0.976378 0.196850
vn -0.007874 0.952756 0.299212
vn -0.070866 0.968504 0.244094
vn -0.070866 0.992126 0.070866
vn 0.047244 0.984252 0.149606
vn 0.055118 0.968504 0.244094
vn 0.015748 0.984252 0.196850
vn 0.023622 1.000000 0.078740
vn 0.125984 0.960630 0.244094
vn 0.141732 0.976378 0.181102
vn 0.133858 0.984252 0.125984
vn 0.118110 0.976378 0.157480
vn 0.086614 0.976378 0.188976
vn 0.031496 0.984252 0.188976
vn 0.047244 0.968504 0.251968
vn 0.023622 0.960630 0.283464
vn 0.015748 0.976378 0.220472
vn 0.055118 0.968504 0.236220
vn -0.031496 0.976378 0.204724
vn 0.086614 0.968504 0.244094
vn 0.133858 0.952756 0.275590
vn 0.086614 0.968504 0.236220
vn 0.023622 0.944882 0.314960
vn 0.110236 0.952756 0.275590
vn 0.110236 0.968504 0.236220
vn -0.023622 0.952756 0.299212
vn 0.086614 0.960630 0.267716
vn 0.196850 0.960630 0.181102
vn 0.165354 0.976378 0.118110
vn 0.039370 0.984252 0.165354
vn 0.204724 0.976378 0.055118
vn 0.275591 0.960630 -0.031496
vn 0.236220 0.968504 -0.070866
vn 0.330709 0.929134 -0.165354
vn 0.314961 0.937008 -0.157480
vn 0.377953 0.897638 -0.228347
vn 0.267717 0.952756 -0.149606
vn 0.299213 0.913386 -0.267717
vn 0.322835 0.921260 -0.220473
vn 0.165354 0.976378 -0.110236
vn 0.212598 0.960630 -0.165354
vn 0.212598 0.976378 0.039370
vn 0.094488 0.992126 -0.023622
vn 0.259843 0.921260 -0.299213
vn 0.204724 0.952756 -0.204724
vn 0.251969 0.921260 -0.283465
vn -0.015748 1.000000 -0.047244
tan -0.985740 0.054498 0.160270 1.000000
tan -0.983260 -0.027280 0.155000 1.000000
tan -0.989646 0.013702 0.154070 1.000000
tan -0.571083 0.040548 0.816480 1.000000
tan -0.568417 -0.038688 0.816541 1.000000
tan -0.564883 0.079112 0.817782 1.000000
tan -0.966396 0.045012 0.255750 1.000000
tan -0.985740 -0.055676 0.152520 1.000000
tan -0.962490 0.083080 0.265361 1.000000
tan -0.996094 -0.033542 0.037510 1.000000
tan 0.256618 0.955174 -0.123132 1.000000
tan 0.068448 0.984190 -0.177072 1.000000
tan 0.047616 0.984252 -0.183024 1.000000
tan 0.024800 0.984562 -0.195300 1.000000
tan 0.042780 0.978548 -0.175398 1.000000
tan 0.177816 0.961002 -0.217001 1.000000
tan -0.021390 0.982640 -0.179676 1.000000
tan 0.170190 0.964226 -0.200136 1.000000
tan 0.128650 0.976936 -0.168578 1.000000
tan -0.038192 0.990638 -0.103292 1.000000
tan 0.512121 0.820262 -0.260401 1.000000
tan 0.474363 0.829314 -0.298717 1.000000
tan 0.837746 0.472813 -0.271003 1.000000
tan 0.130696 0.981090 -0.128216 1.000000
tan -0.017856 1.004960 -0.026040 1.000000
tan 0.035340 1.007502 0.031620 1.000000
tan 0.485399 0.829003 -0.292021 1.000000
tan 0.865894 0.407031 -0.312729 1.000000
tan 0.442433 0.826275 -0.341931 1.000000
tan 0.898382 -0.307335 -0.314961 1.000000
tan 0.909604 -0.356501 -0.228098 1.000000
tan 0.821688 0.383099 -0.413231 1.000000
tan 0.592101 -0.759253 -0.271436 1.000000
tan 0.600471 -0.780705 -0.177754 1.000000
tan 0.852006 -0.298779 -0.421539 1.000000
tan 0.203856 -0.962118 -0.201934 1.000000
tan 0.195300 -0.972038 -0.098704 1.000000
tan 0.546469 -0.781698 -0.312356 1.000000
tan 0.771344 -0.306653 -0.564635 1.000000
tan 0.743815 0.380991 -0.549011 1.000000
tan 0.494079 -0.780582 -0.377705 1.000000
tan 0.663773 -0.305475 -0.679459 1.000000
tan 0.407155 0.822493 -0.383285 1.000000
tan 0.163866 -0.966768 -0.164982 1.000000
tan 0.155806 0.979416 -0.103168 1.000000
tan 0.642817 0.377705 -0.656147 1.000000
tan 0.390291 0.826771 -0.408271 1.000000
tan 0.202864 0.973836 -0.103664 1.000000
tan 0.111104 0.990266 0.059520 1.000000
tan 0.219604 0.975076 -0.096410 1.000000
tan 0.144894 0.989956 0.036518 1.000000
tan 0.363259 0.852935 -0.373675 1.000000
tan 0.513733 0.488127 -0.704321 1.000000
tan 0.558931 0.400831 -0.722735 1.000000
tan 0.506231 -0.361771 -0.779899 1.000000
tan 0.573625 -0.311365 -0.751069 1.000000
tan 0.408705 -0.770724 -0.491661 1.000000
tan 0.372249 -0.788517 -0.492405 1.000000
tan 0.444479 -0.778102 -0.434249 1.000000
tan 0.152954 -0.977122 -0.141298 1.000000
tan 0.156736 -0.970178 -0.145824 1.000000
tan 0.199330 -0.966334 -0.151032 1.000000
tan 0.171120 -0.979416 -0.131626 1.000000
tan -0.147808 -0.989584 0.062248 1.000000
tan 0.010664 -0.989832 0.184016 1.000000
tan -0.075330 -0.985244 0.143840 1.000000
tan -0.177940 -0.947362 0.262881 1.000000
tan -0.279745 -0.949966 0.151528 1.000000
tan -0.066588 -0.937070 0.318433 1.000000
tan -0.180296 -0.977804 -0.034968 1.000000
tan -0.328849 -0.944882 0.015128 1.000000
tan -0.171740 -0.979912 -0.124620 1.000000
tan -0.325625 -0.937814 -0.111600 1.000000
tan -0.300701 -0.947672 -0.121520 1.000000
tan -0.145080 -0.977866 -0.097960 1.000000
tan 0.003720 -0.993800 -0.015252 1.000000
tan -0.289975 -0.942030 -0.121024 1.000000
tan 0.003844 -0.997582 -0.015252 1.000000
tan -0.147560 -0.991568 -0.057040 1.000000
tan -0.253642 -0.950648 -0.187178 1.000000
tan 0.155310 -0.980408 0.114204 1.000000
tan -0.124496 -0.990018 -0.096906 1.000000
tan -0.062124 -0.986608 -0.155062 1.000000
tan -0.163866 -0.948912 -0.274846 1.000000
tan 0.182652 -0.974518 0.137578 1.000000
tan 0.047554 -0.979044 -0.201252 1.000000
tan -0.025296 -0.937008 -0.337281 1.000000
tan 0.182652 -0.974146 0.121768 1.000000
tan 0.497241 -0.775993 0.387377 1.000000
tan 0.504681 -0.785665 0.360469 1.000000
tan 0.775374 -0.362949 0.513113 1.000000
tan 0.211234 -0.965776 0.127596 1.000000
tan 0.747349 -0.317937 0.579205 1.000000
tan 0.712691 0.487879 0.511935 1.000000
tan 0.454027 -0.783805 0.426065 1.000000
tan 0.663773 -0.300018 0.679583 1.000000
tan 0.715357 0.410317 0.566185 1.000000
tan 0.426809 0.830678 0.345837 1.000000
tan 0.414781 0.857896 0.304978 1.000000
tan 0.645235 0.383347 0.654163 1.000000
tan 0.550685 -0.301692 0.782132 1.000000
tan 0.150722 0.975324 0.127224 1.000000
tan 0.140678 0.979044 0.122946 1.000000
tan -0.004526 1.000992 0.006448 1.000000
tan -0.011408 1.001798 0.029512 1.000000
tan 0.041664 1.002914 -0.036456 1.000000
tan 0.412363 0.827702 0.383719 1.000000
tan 0.162006 0.979974 0.098456 1.000000
tan 0.203980 0.976378 0.095728 1.000000
tan 0.119102 0.993242 -0.061132 1.000000
tan 0.371257 0.813380 0.429351 1.000000
tan 0.198276 0.978548 -0.048360 1.000000
tan 0.531031 0.376775 0.753487 1.000000
tan 0.352905 0.817782 0.463265 1.000000
tan 0.249302 0.957840 0.136090 1.000000
tan 0.252031 0.962552 0.141546 1.000000
tan 0.220472 0.976378 -0.000000 1.000000
tan 0.346209 0.832166 0.430157 1.000000
tan 0.203112 0.974828 0.024180 1.000000
tan 0.399529 0.476285 0.780581 1.000000
tan 0.205902 0.972782 0.051894 1.000000
tan 0.210924 0.978796 0.028458 1.000000
tan 0.173910 0.952260 0.229896 1.000000
tan 0.436853 0.395437 0.803831 1.000000
tan 0.372931 -0.352223 0.860500 1.000000
tan 0.443239 -0.301010 0.835266 1.000000
tan 0.371009 -0.753177 0.542625 1.000000
tan 0.286937 -0.773885 0.556761 1.000000
tan 0.399095 -0.774877 0.487011 1.000000
tan 0.256370 -0.948292 0.167214 1.000000
tan 0.209436 -0.965776 0.165974 1.000000
tan 0.141732 -0.969558 -0.192634 1.000000
tan 0.196850 -0.984314 0.001550 1.000000
tan 0.105028 -0.930436 -0.343233 1.000000
tan 0.167710 -0.969000 -0.153698 1.000000
tan 0.158720 -0.930436 -0.308822 1.000000
tan -0.090706 0.981958 -0.204538 1.000000
tan -0.122016 0.989956 -0.030752 1.000000
tan -0.117180 0.994420 -0.015810 1.000000
tan -0.125984 0.992188 -0.000992 1.000000
tan -0.109368 0.990452 -0.013020 1.000000
tan -0.155620 0.976812 -0.143840 1.000000
tan -0.106764 0.993800 0.026040 1.000000
tan -0.161634 0.976626 -0.153636 1.000000
tan -0.246078 0.860810 -0.441565 1.000000
tan -0.035030 1.000248 0.017980 1.000000
tan -0.263005 0.830801 -0.498233 1.000000
tan -0.308265 0.485461 -0.811582 1.000000
tan -0.118544 0.982950 -0.141732 1.000000
tan -0.089218 0.981462 -0.162316 1.000000
tan 0.029450 0.997024 -0.026040 1.000000
tan -0.291587 0.821563 -0.476719 1.000000
tan -0.352533 0.402877 -0.843016 1.000000
tan -0.094054 0.973526 -0.204786 1.000000
tan 0.063364 0.990018 -0.090272 1.000000
tan -0.079732 0.975448 -0.208631 1.000000
tan 0.045632 0.998946 -0.118048 1.000000
tan -0.343915 0.852192 -0.397607 1.000000
tan -0.341373 0.825903 -0.444107 1.000000
tan -0.367165 0.828569 -0.426189 1.000000
tan -0.646537 0.486825 -0.582429 1.000000
tan -0.663029 0.404737 -0.636741 1.000000
tan -0.726517 -0.363507 -0.582677 1.000000
tan -0.582987 0.385517 -0.714861 1.000000
tan -0.689813 -0.314093 -0.647157 1.000000
tan -0.446711 -0.772708 -0.457933 1.000000
tan -0.449253 -0.787774 -0.421973 1.000000
tan -0.124620 -0.976502 -0.161820 1.000000
tan -0.605865 -0.301755 -0.736747 1.000000
tan -0.383037 -0.786596 -0.491475 1.000000
tan -0.455081 0.380495 -0.802468 1.000000
tan -0.467233 -0.303181 -0.831608 1.000000
tan -0.362019 -0.308141 -0.881766 1.000000
tan -0.288115 -0.362019 -0.890508 1.000000
tan -0.320603 -0.779590 -0.532271 1.000000
tan -0.275219 -0.774878 -0.568665 1.000000
tan -0.200384 -0.798438 -0.559613 1.000000
tan -0.161448 -0.967016 -0.186620 1.000000
tan -0.080662 -0.979974 -0.167958 1.000000
tan -0.126046 -0.972348 -0.173352 1.000000
tan -0.115878 -0.975510 -0.181040 1.000000
tan -0.048484 -0.980718 0.172298 1.000000
tan -0.131316 -0.966210 -0.208940 1.000000
tan 0.044392 -0.986236 0.154504 1.000000
tan 0.127472 -0.985926 0.097216 1.000000
tan 0.174840 -0.987476 0.024180 1.000000
tan 0.233368 -0.952322 0.216009 1.000000
tan 0.114824 -0.944014 0.293881 1.000000
tan 0.305661 -0.950090 0.112220 1.000000
tan -0.008060 -0.944634 0.324881 1.000000
tan -0.049600 -0.945006 0.314589 1.000000
tan 0.164300 -0.988778 0.012276 1.000000
tan 0.311117 -0.943642 0.067456 1.000000
tan 0.000000 -0.997582 0.000000 1.000000
tan 0.154256 -0.984562 0.035216 1.000000
tan 0.001860 -0.993800 -0.007626 1.000000
tan 0.310621 -0.953252 0.057040 1.000000
tan -0.191208 -0.980842 0.018848 1.000000
tan 0.159030 -0.989522 0.005890 1.000000
tan 0.315085 -0.949594 -0.012400 1.000000
tan 0.282225 -0.946494 -0.142104 1.000000
tan -0.221340 -0.974766 0.074524 1.000000
tan -0.608159 -0.794531 0.081716 1.000000
tan 0.136648 -0.985988 -0.084816 1.000000
tan 0.191456 -0.936140 -0.271932 1.000000
tan -0.209870 -0.973154 0.044888 1.000000
tan -0.615041 -0.771281 0.142848 1.000000
tan -0.923306 -0.364933 0.111104 1.000000
tan -0.594271 -0.783061 0.188418 1.000000
tan -0.929258 -0.314279 0.181040 1.000000
tan -0.901048 -0.300887 0.305351 1.000000
tan -0.897700 0.413417 0.182280 1.000000
tan -0.866266 0.486453 0.143902 1.000000
tan -0.838180 -0.303429 0.449687 1.000000
tan -0.538161 0.831980 0.123690 1.000000
tan -0.505177 0.853742 0.142972 1.000000
tan -0.176328 0.985182 0.073408 1.000000
tan -0.572075 -0.776365 0.257549 1.000000
tan -0.190650 0.984500 0.064790 1.000000
tan -0.238204 -0.969806 0.026970 1.000000
tan 0.004650 0.998264 0.039060 1.000000
tan 0.066092 -0.985492 -0.180792 1.000000
tan 0.062620 -0.928762 -0.357121 1.000000
tan -0.006944 1.000186 0.054684 1.000000
tan -0.009300 0.993800 0.038130 1.000000
tan -0.011904 1.001488 0.045756 1.000000
tan -0.017112 0.998946 0.044268 1.000000
tan -0.183830 0.989832 -0.000248 1.000000
tan -0.180606 0.983260 0.033728 1.000000
tan -0.010912 0.998016 -0.029512 1.000000
tan -0.537417 0.832910 0.160332 1.000000
tan -0.212784 0.980656 0.008990 1.000000
tan -0.062496 0.993986 -0.091140 1.000000
tan -0.147250 0.985182 -0.131750 1.000000
tan -0.872590 0.385455 0.291710 1.000000
tan -0.523715 0.825717 0.221402 1.000000
tan -0.813566 0.377395 0.430095 1.000000
tan -0.261021 0.961498 0.004836 1.000000
tan -0.506107 0.809846 0.282968 1.000000
tan -0.762788 -0.301445 0.573873 1.000000
tan -0.738235 0.372745 0.555211 1.000000
tan -0.502821 0.799616 0.326120 1.000000
tan -0.331081 0.943394 0.036828 1.000000
tan -0.229152 0.965714 -0.122760 1.000000
tan -0.352533 0.936326 0.044144 1.000000
tan -0.274537 0.957530 -0.069192 1.000000
tan -0.503813 0.811086 0.299460 1.000000
tan -0.628123 0.464815 0.629673 1.000000
tan -0.668485 0.394383 0.631223 1.000000
tan -0.618079 -0.348751 0.708475 1.000000
tan -0.683737 -0.301320 0.662533 1.000000
tan -0.529729 -0.746729 0.407961 1.000000
tan -0.481369 -0.763717 0.434125 1.000000
tan -0.547585 -0.765453 0.328787 1.000000
tan -0.295989 -0.944820 0.090582 1.000000
tan -0.331329 -0.939736 0.073718 1.000000
tan -0.278257 -0.966644 0.032302 1.000000
tan -0.147622 -0.957778 -0.251038 1.000000
tan -0.039184 -0.964412 -0.242792 1.000000
tan -0.075640 -0.912766 -0.384401 1.000000
tan -0.195920 -0.963296 -0.207700 1.000000
tan -0.210924 -0.976750 -0.026784 1.000000
tan -0.168020 -0.920950 -0.356501 1.000000
tan -0.206460 -0.960754 -0.155372 1.000000
tan -0.188480 -0.929568 -0.311426 1.000000
tan -0.228346 -0.976440 -0.001798 1.000000
tan -0.226548 -0.974828 -0.026970 1.000000
tan -0.246575 -0.953686 0.189286 1.000000
tan 0.992498 0.138632 0.041850 1.000000
tan 0.992498 0.138632 0.041850 1.000000
tan 0.992498 0.138632 0.041850 1.000000
tan 0.992498 0.138632 0.041850 1.000000
tan 0.992498 0.138632 0.041850 1.000000
tan 0.992498 0.138632 0.041850 1.000000
tan 0.992498 0.138632 0.041850 1.000000
tan 0.992498 0.138632 0.041850 1.000000
tan 0.649575 0.741087 0.124930 1.000000
tan 0.649885 0.746481 0.141112 1.000000
tan 0.649575 0.741087 0.124930 1.000000
tan 0.653605 0.749209 0.135780 1.000000
tan 0.642259 0.744931 0.144274 1.000000
tan 0.642259 0.744931 0.144274 1.000000
tan 0.645049 0.742141 0.133920 1.000000
tan 0.645049 0.742141 0.133920 1.000000
tan -0.436977 0.900490 -0.069688 1.000000
tan -0.436977 0.900490 -0.069688 1.000000
tan -0.436977 0.900490 -0.069688 1.000000
tan -0.436977 0.900490 -0.069688 1.000000
tan -0.436977 0.900490 -0.069688 1.000000
tan -0.436977 0.900490 -0.069688 1.000000
tan -0.436977 0.900490 -0.069688 1.000000
tan -0.436977 0.900490 -0.069688 1.000000
tan 0.309133 0.882820 -0.344659 1.000000
tan 0.324323 0.889702 -0.326369 1.000000
tan 0.309133 0.882820 -0.344659 1.000000
tan 0.324323 0.889702 -0.326369 1.000000
tan 0.332197 0.884370 -0.313225 1.000000
tan 0.332197 0.887904 -0.316759 1.000000
tan 0.335049 0.892182 -0.310683 1.000000
tan 0.335049 0.892182 -0.310683 1.000000
tan -0.309133 0.952570 -0.084940 1.000000
tan -0.309133 0.952570 -0.084940 1.000000
tan -0.309133 0.952570 -0.084940 1.000000
tan -0.309133 0.952570 -0.084940 1.000000
tan -0.309133 0.952570 -0.084940 1.000000
tan -0.309133 0.952570 -0.084940 1.000000
tan -0.309133 0.952570 -0.084940 1.000000
tan -0.309133 0.952570 -0.084940 1.000000
tan 0.344659 0.942588 0.098952 1.000000
tan 0.328849 0.937938 0.115072 1.000000
tan 0.337405 0.942588 0.095852 1.000000
tan 0.325749 0.937938 0.121768 1.000000
tan 0.320045 0.933660 0.134044 1.000000
tan 0.319921 0.934342 0.131192 1.000000
tan 0.322649 0.937938 0.128464 1.000000
tan 0.322649 0.937938 0.128464 1.000000
tan -0.166408 -0.263934 0.945502 1.000000
tan -0.166408 -0.263934 0.945502 1.000000
tan -0.166408 -0.263934 0.945502 1.000000
tan -0.166408 -0.263934 0.945502 1.000000
tan -0.166408 -0.263934 0.945502 1.000000
tan -0.166408 -0.263934 0.945502 1.000000
tan -0.166408 -0.263934 0.945502 1.000000
tan -0.166408 -0.263934 0.945502 1.000000
tan -0.383533 0.390725 0.838489 1.000000
tan -0.392895 0.394197 0.835018 1.000000
tan -0.383533 0.390725 0.838489 1.000000
tan -0.390601 0.390601 0.837002 1.000000
tan -0.402939 0.387935 0.831855 1.000000
tan -0.395685 0.386199 0.831855 1.000000
tan -0.395685 0.386199 0.831855 1.000000
tan -0.395685 0.386199 0.831855 1.000000
tan -0.190278 0.832909 -0.511253 1.000000
tan -0.190278 0.832909 -0.511253 1.000000
tan -0.190278 0.832909 -0.511253 1.000000
tan -0.190278 0.832909 -0.511253 1.000000
tan -0.190278 0.832909 -0.511253 1.000000
tan -0.190278 0.832909 -0.511253 1.000000
tan -0.190278 0.832909 -0.511253 1.000000
tan -0.190278 0.832909 -0.511253 1.000000
tan 0.163370 0.974022 0.182590 1.000000
tan 0.142228 0.970364 0.199578 1.000000
tan 0.163370 0.974022 0.182590 1.000000
tan 0.142228 0.970364 0.199578 1.000000
tan 0.134292 0.972038 0.206274 1.000000
tan 0.128774 0.966024 0.211234 1.000000
tan 0.130696 0.970364 0.209622 1.000000
tan 0.130696 0.970364 0.209622 1.000000
tan 0.309691 -0.221526 0.921384 1.000000
tan 0.309691 -0.221526 0.921384 1.000000
tan 0.309691 -0.221526 0.921384 1.000000
tan 0.309691 -0.221526 0.921384 1.000000
tan 0.309691 -0.221526 0.921384 1.000000
tan 0.309691 -0.221526 0.921384 1.000000
tan 0.309691 -0.221526 0.921384 1.000000
tan 0.309691 -0.221526 0.921384 1.000000
tan 0.184760 0.463761 0.870482 1.000000
tan 0.171368 0.464877 0.869800 1.000000
tan 0.184760 0.463761 0.870482 1.000000
tan 0.175212 0.464257 0.872714 1.000000
tan 0.165044 0.462397 0.861368 1.000000
tan 0.165044 0.462397 0.861368 1.000000
tan 0.171740 0.461095 0.861368 1.000000
tan 0.171740 0.461095 0.861368 1.000000
tan -0.238700 0.961188 -0.136710 1.000000
tan -0.238700 0.961188 -0.136710 1.000000
tan -0.238700 0.961188 -0.136710 1.000000
tan -0.238700 0.961188 -0.136710 1.000000
tan -0.238700 0.961188 -0.136710 1.000000
tan -0.238700 0.964970 -0.138880 1.000000
tan -0.238700 0.964970 -0.138880 1.000000
tan -0.238700 0.964970 -0.138880 1.000000
tan 0.136772 0.947920 -0.289975 1.000000
tan 0.136772 0.947920 -0.289975 1.000000
tan 0.136772 0.947920 -0.289975 1.000000
tan 0.136772 0.947920 -0.289975 1.000000
tan 0.136772 0.947920 -0.289975 1.000000
tan 0.136772 0.947920 -0.289975 1.000000
tan 0.136772 0.947920 -0.289975 1.000000
tan 0.136772 0.947920 -0.289975 1.000000
tan 0.366855 0.899932 0.248620 1.000000
tan 0.366855 0.899932 0.248620 1.000000
tan 0.366855 0.899932 0.248620 1.000000
tan 0.366855 0.899932 0.248620 1.000000
tan 0.366855 0.899932 0.248620 1.000000
tan 0.366855 0.899932 0.248620 1.000000
tan 0.366855 0.899932 0.248620 1.000000
tan 0.366855 0.899932 0.248620 1.000000
tan -0.427057 0.884370 0.179304 1.000000
tan -0.432885 0.888028 0.154690 1.000000
tan -0.427057 0.884370 0.179304 1.000000
tan -0.432885 0.888028 0.154690 1.000000
tan -0.434311 0.885672 0.140616 1.000000
tan -0.434311 0.886292 0.144150 1.000000
tan -0.434249 0.888028 0.140678 1.000000
tan -0.434249 0.888028 0.140678 1.000000
tan 0.106516 -0.219729 -0.964350 1.000000
tan 0.106516 -0.219729 -0.964350 1.000000
tan 0.106516 -0.219729 -0.964350 1.000000
tan 0.106516 -0.219729 -0.964350 1.000000
tan 0.106516 -0.219729 -0.964350 1.000000
tan 0.106516 -0.219729 -0.964350 1.000000
tan 0.106516 -0.219729 -0.964350 1.000000
tan 0.106516 -0.219729 -0.964350 1.000000
tan 0.203670 0.462707 -0.868312 1.000000
tan 0.217000 0.465249 -0.857586 1.000000
tan 0.203670 0.462707 -0.868312 1.000000
tan 0.214024 0.465249 -0.860314 1.000000
tan 0.223510 0.466303 -0.852750 1.000000
tan 0.216814 0.463451 -0.852750 1.000000
tan 0.210118 0.460599 -0.852750 1.000000
tan 0.210118 0.460599 -0.852750 1.000000
tan 0.156240 0.957282 0.225680 1.000000
tan 0.156240 0.957282 0.225680 1.000000
tan 0.156240 0.957282 0.225680 1.000000
tan 0.156240 0.957282 0.225680 1.000000
tan 0.156240 0.957282 0.225680 1.000000
tan 0.156240 0.957282 0.225680 1.000000
tan 0.156240 0.957282 0.225680 1.000000
tan 0.156240 0.957282 0.225680 1.000000
tan -0.070680 0.843822 -0.525141 1.000000
tan -0.050158 0.844070 -0.535309 1.000000
tan -0.070680 0.843822 -0.525141 1.000000
tan -0.050158 0.844070 -0.535309 1.000000
tan -0.037014 0.837932 -0.541199 1.000000
tan -0.037014 0.841466 -0.543183 1.000000
tan -0.035216 0.839978 -0.543493 1.000000
tan -0.035216 0.839978 -0.543493 1.000000
tan 0.166656 -0.119288 -0.978610 1.000000
tan 0.158224 -0.132184 -0.978610 1.000000
tan 0.014632 0.073098 -0.999752 1.000000
tan 0.300701 -0.281977 -0.910534 1.000000
tan 0.005332 0.288672 -0.952198 1.000000
tan -0.379441 0.458677 -0.797198 1.000000
tan -0.155930 0.599355 -0.791990 1.000000
tan 0.214892 -0.414285 -0.889454 1.000000
tan 0.461901 -0.606733 -0.649017 1.000000
tan 0.271809 -0.662285 -0.695889 1.000000
tan 0.223324 0.288424 -0.930002 1.000000
tan 0.340629 0.603137 -0.719697 1.000000
tan 0.566185 0.469279 -0.676049 1.000000
tan 0.227974 0.085188 -0.970984 1.000000
tan 0.084816 -0.113832 -0.996838 1.000000
tan 0.089528 -0.120156 -0.985802 1.000000
tan -0.059148 -0.281977 -0.953438 1.000000
tan 0.010354 -0.410317 -0.912456 1.000000
tan -0.298345 -0.603137 -0.737181 1.000000
tan -0.095790 -0.670221 -0.737491 1.000000
tan -0.949966 -0.135656 -0.285945 1.000000
tan -0.990514 0.073656 -0.129828 1.000000
tan -0.949966 -0.122884 -0.293757 1.000000
tan -0.867010 -0.283837 -0.410441 1.000000
tan -0.949098 0.291277 -0.126790 1.000000
tan -0.844504 0.462769 0.272366 1.000000
tan -0.796702 0.596441 0.047120 1.000000
tan -0.846922 -0.411123 -0.326183 1.000000
tan -0.587699 -0.598673 -0.538099 1.000000
tan -0.654969 -0.664393 -0.358113 1.000000
tan -0.890260 0.284581 -0.341125 1.000000
tan -0.676235 0.594023 -0.430405 1.000000
tan -0.615909 0.455267 -0.644925 1.000000
tan -0.935458 0.062496 -0.355633 1.000000
tan -0.901420 -0.412425 -0.112592 1.000000
tan -0.750946 -0.665881 -0.000496 1.000000
tan -0.774134 -0.603757 0.194246 1.000000
tan -0.948850 -0.294377 -0.049352 1.000000
tan -0.976502 -0.132432 -0.182652 1.000000
tan -0.966086 -0.147436 -0.188480 1.000000
tan -0.170748 -0.128712 0.976998 1.000000
tan -0.166842 -0.135346 0.976998 1.000000
tan -0.007750 0.067146 0.995784 1.000000
tan -0.303305 -0.288920 0.908922 1.000000
tan -0.005332 0.288673 0.952198 1.000000
tan 0.379441 0.463327 0.801227 1.000000
tan 0.155930 0.598425 0.788889 1.000000
tan -0.214148 -0.414285 0.881952 1.000000
tan -0.461901 -0.600781 0.644491 1.000000
tan -0.271809 -0.662285 0.695889 1.000000
tan -0.222394 0.288425 0.922686 1.000000
tan -0.341435 0.603137 0.726889 1.000000
tan -0.561039 0.463885 0.681443 1.000000
tan -0.230764 0.077562 0.971728 1.000000
tan -0.073656 -0.120528 0.982454 1.000000
tan -0.077748 -0.127224 0.982454 1.000000
tan 0.070494 -0.287184 0.956104 1.000000
tan -0.010354 -0.410317 0.912456 1.000000
tan 0.297353 -0.603137 0.743629 1.000000
tan 0.100192 -0.667865 0.744994 1.000000
tan 0.288487 0.848844 0.446525 1.000000
tan 0.272553 0.841404 0.464443 1.000000
tan 0.288487 0.848844 0.446525 1.000000
tan 0.272553 0.841404 0.464443 1.000000
tan 0.263501 0.843202 0.474301 1.000000
tan 0.263501 0.840474 0.476099 1.000000
tan 0.262199 0.835328 0.476595 1.000000
tan 0.262199 0.835328 0.476595 1.000000
tan -0.175460 0.937318 0.299088 1.000000
tan -0.155682 0.937256 0.320664 1.000000
tan -0.155682 0.937256 0.320664 1.000000
tan -0.169384 0.937318 0.303304 1.000000
tan -0.184388 0.929010 0.292144 1.000000
tan -0.187116 0.937752 0.292268 1.000000
tan -0.184264 0.941534 0.294872 1.000000
tan -0.184264 0.941534 0.294872 1.000000
tan 0.812078 -0.133052 -0.569471 1.000000
tan 0.834336 -0.050406 -0.558931 1.000000
tan 0.782442 -0.576229 -0.247256 1.000000
tan 0.798066 -0.540889 -0.263128 1.000000
tan 0.917602 0.263438 -0.277203 1.000000
tan 0.324385 -0.950090 0.028272 1.000000
tan 0.914316 -0.387191 -0.040238 1.000000
tan 0.932110 0.356749 -0.059768 1.000000
tan 0.360903 -0.930808 0.000806 1.000000
tan 0.935272 -0.336041 0.091760 1.000000
tan 0.927646 0.366049 -0.009548 1.000000
tan 0.944262 -0.324571 0.115196 1.000000
tan 0.418501 -0.908240 0.119784 1.000000
tan 0.374729 -0.913634 0.181784 1.000000
tan 0.358485 -0.906070 0.207328 1.000000
tan -0.465249 -0.870978 0.166656 1.000000
tan -0.428049 -0.888214 0.137392 1.000000
tan -0.343171 -0.922748 0.144894 1.000000
tan -0.932668 -0.377519 0.014508 1.000000
tan -0.925104 -0.370017 0.012028 1.000000
tan -0.320665 -0.929258 0.153760 1.000000
tan -0.405295 -0.910472 0.118730 1.000000
tan -0.918532 -0.387501 0.068200 1.000000
tan -0.930312 0.343667 -0.127348 1.000000
tan -0.939426 0.316325 -0.147188 1.000000
tan -0.362949 0.906566 -0.219356 1.000000
tan -0.889702 -0.425321 0.173600 1.000000
tan -0.932420 -0.365243 0.074214 1.000000
tan -0.918594 0.391407 -0.043710 1.000000
tan -0.362453 0.913262 -0.189844 1.000000
tan 0.458243 0.884184 -0.133362 1.000000
tan -0.944634 0.332073 0.087048 1.000000
tan -0.932048 0.371443 -0.063736 1.000000
tan -0.350053 0.929630 -0.125426 1.000000
tan -0.376837 0.928886 -0.033108 1.000000
tan -0.382417 0.923058 -0.097712 1.000000
tan 0.337653 0.934342 0.119474 1.000000
tan 0.450493 0.895406 0.056916 1.000000
tan 0.726207 0.570153 0.394073 1.000000
tan 0.880464 0.411185 0.260214 1.000000
tan 0.447455 0.889888 -0.085188 1.000000
tan 0.923430 0.363197 0.049910 1.000000
tan 0.449067 0.881704 -0.140678 1.000000
tan 0.936202 0.367351 -0.018104 1.000000
tan 0.927646 0.366049 -0.009548 1.000000
tan 0.051088 -0.201376 0.975138 1.000000
tan 0.017980 -0.113088 0.990452 1.000000
tan 0.022320 -0.677165 0.740157 1.000000
tan 0.033046 -0.620621 0.782813 1.000000
tan -0.494017 0.051088 0.865770 1.000000
tan 0.245954 -0.949346 0.215203 1.000000
tan -0.352409 -0.593465 0.726641 1.000000
tan 0.264369 -0.917540 0.292393 1.000000
tan 0.531217 -0.780457 -0.337219 1.000000
tan 0.559675 -0.728439 -0.393701 1.000000
tan 0.125116 -0.954678 0.293447 1.000000
tan 0.588939 -0.176886 -0.787897 1.000000
tan 0.639593 -0.085436 -0.768677 1.000000
tan 0.583731 -0.760679 -0.279744 1.000000
tan 0.721123 -0.107880 -0.683923 1.000000
tan 0.336785 0.545105 -0.760369 1.000000
tan 0.411061 0.610453 -0.674065 1.000000
tan 0.412921 0.620497 -0.664021 1.000000
tan -0.184760 0.946618 -0.287805 1.000000
tan -0.094240 0.977742 -0.200260 1.000000
tan 0.719884 -0.000806 -0.695021 1.000000
tan -0.698865 0.657015 0.276582 1.000000
tan -0.650009 0.721185 0.272118 1.000000
tan -0.935582 0.213032 0.271560 1.000000
tan -0.877612 0.052886 0.468101 1.000000
tan -0.168392 0.970922 -0.211545 1.000000
tan -0.669105 0.653977 0.352905 1.000000
tan -0.799430 0.006448 0.600657 1.000000
tan 0.373241 0.661169 -0.650009 1.000000
tan -0.651745 0.672081 0.347201 1.000000
tan -0.722549 0.046004 0.693285 1.000000
tan -0.198772 0.959886 -0.214025 1.000000
tan -0.746482 0.583421 0.325687 1.000000
tan -0.745861 -0.041106 0.667927 1.000000
tan -0.852006 -0.037882 0.532581 1.000000
tan -0.799926 0.568975 0.204104 1.000000
tan -0.242296 0.929568 -0.270197 1.000000
tan -0.242854 0.929816 -0.278505 1.000000
tan 0.463947 0.664269 -0.576167 1.000000
tan 0.437039 0.607601 -0.663587 1.000000
tan 0.813318 0.077934 -0.577655 1.000000
tan 0.758138 -0.027032 -0.652861 1.000000
tan 0.777792 -0.553847 -0.307582 1.000000
tan 0.653109 -0.676545 -0.335421 1.000000
tan 0.693905 -0.639593 -0.321905 1.000000
tan 0.219728 -0.944696 0.234609 1.000000
tan 0.162068 -0.950276 0.257487 1.000000
tan 0.216628 -0.948168 0.239135 1.000000
tan -0.409077 -0.605679 0.686031 1.000000
tan -0.715047 0.049414 0.700787 1.000000
tan -0.772832 -0.060264 0.629425 1.000000
tan -0.413231 -0.651559 0.634509 1.000000
tan -0.516523 -0.638725 0.574927 1.000000
tan -0.866638 -0.050902 0.503317 1.000000
tan -0.994792 -0.039866 -0.003782 1.000000
tan -0.767996 0.632091 -0.081344 1.000000
tan -0.998264 -0.039990 -0.003162 1.000000
tan -0.757208 0.640027 -0.072044 1.000000
tan -0.985492 -0.052700 -0.155992 1.000000
tan -0.030504 0.992188 -0.094736 1.000000
tan -0.752310 0.624155 -0.230144 1.000000
tan -0.858764 -0.053754 -0.496621 1.000000
tan -0.039060 0.992126 -0.094798 1.000000
tan -0.692665 0.577655 -0.427491 1.000000
tan -0.761114 0.120528 -0.631657 1.000000
tan -0.604377 0.640957 -0.467109 1.000000
tan -0.038316 0.975510 -0.200074 1.000000
tan 0.023560 0.949842 -0.308141 1.000000
tan 0.014942 0.977060 -0.206771 1.000000
tan 0.717465 0.701283 -0.031930 1.000000
tan 0.764834 0.614297 -0.210738 1.000000
tan 0.994544 0.011470 0.066154 1.000000
tan 0.681939 0.715109 -0.114948 1.000000
tan 0.993366 -0.091512 -0.041292 1.000000
tan 0.713683 -0.675739 0.190030 1.000000
tan 0.697873 0.717031 -0.050964 1.000000
tan 0.721495 0.693409 -0.048918 1.000000
tan 1.005022 0.039370 -0.002790 1.000000
tan 1.004402 0.025668 0.012276 1.000000
tan 0.660239 -0.746481 0.123876 1.000000
tan 0.052266 -0.968628 0.256557 1.000000
tan 1.006200 0.039990 0.004774 1.000000
tan 0.697377 -0.709033 0.106640 1.000000
tan 0.745614 -0.669291 0.057970 1.000000
tan 0.769918 -0.638353 0.049228 1.000000
tan 0.000620 -0.962862 0.272677 1.000000
tan -0.023436 -0.992126 0.133858 1.000000
tan 0.016368 -0.992126 0.094488 1.000000
tan 0.040548 -0.992374 0.093868 1.000000
tan -0.718705 -0.686899 0.082026 1.000000
tan -0.717589 -0.695269 0.066216 1.000000
tan -0.994792 -0.039060 0.004030 1.000000
tan -0.998264 -0.039990 -0.003162 1.000000
tan -0.716473 -0.684853 0.121334 1.000000
tan -0.985802 -0.040610 0.151466 1.000000
tan -0.576043 -0.715667 0.382355 1.000000
tan -0.828818 -0.234856 0.499225 1.000000
tan -0.534193 -0.758881 0.361585 1.000000
tan -0.783620 -0.305909 0.529667 1.000000
tan 0.473805 -0.237398 0.845682 1.000000
tan 0.320293 -0.760369 0.559241 1.000000
tan 0.509889 -0.300700 0.801228 1.000000
tan 0.327051 -0.731415 0.593341 1.000000
tan 0.116622 -0.051522 0.993366 1.000000
tan 0.206336 -0.980346 -0.041788 1.000000
tan 0.065658 -0.692479 0.721309 1.000000
tan -0.125488 -0.019592 0.993118 1.000000
tan 0.224812 -0.971542 0.010664 1.000000
tan -0.072168 -0.682993 0.732841 1.000000
tan -0.172484 -0.023684 0.986484 1.000000
tan -0.100254 -0.673135 0.724967 1.000000
tan 0.098332 -0.995598 0.042532 1.000000
tan 0.040052 -0.996094 -0.001240 1.000000
tan 0.019220 -0.993552 -0.020770 1.000000
tan 0.121334 -0.638229 -0.752619 1.000000
tan 0.145886 -0.670965 -0.734515 1.000000
tan 0.173786 0.020522 -0.984624 1.000000
tan 0.142538 -0.727075 -0.663153 1.000000
tan 0.165354 0.015500 -0.984252 1.000000
tan 0.144460 0.670965 -0.726765 1.000000
tan 0.139376 -0.744993 -0.650815 1.000000
tan 0.170066 -0.684481 -0.705499 1.000000
tan 0.126976 -0.007688 -0.996094 1.000000
tan 0.102982 0.696137 -0.719573 1.000000
tan -0.018228 0.998760 0.012772 1.000000
tan 0.027466 -0.074276 -1.001488 1.000000
tan 0.106702 0.011532 -0.996466 1.000000
tan 0.016554 0.708165 -0.705189 1.000000
tan -0.090892 0.642197 -0.767561 1.000000
tan 0.039432 0.698679 -0.708475 1.000000
tan -0.034782 1.006696 0.018724 1.000000
tan -0.106826 0.994420 0.025048 1.000000
tan -0.184326 0.982268 -0.017298 1.000000
tan -0.123380 0.993118 -0.017050 1.000000
tan -0.398041 0.677041 0.612561 1.000000
tan -0.336661 0.610701 0.708909 1.000000
tan -0.597619 0.146258 0.783991 1.000000
tan -0.439953 -0.027466 0.894972 1.000000
tan -0.203546 0.645297 0.740095 1.000000
tan -0.230578 -0.037138 0.978238 1.000000
tan -0.150412 0.648521 0.740901 1.000000
tan -0.164858 -0.020708 0.985244 1.000000
tan -0.152396 0.642755 0.749023 1.000000
tan -0.172484 -0.023684 0.986484 1.000000
tan -0.683613 -0.282535 -0.674623 1.000000
tan -0.576167 -0.258789 -0.778473 1.000000
tan -0.468659 -0.799182 -0.375287 1.000000
tan -0.511129 -0.825470 -0.258912 1.000000
tan 0.008990 -0.934156 0.336971 1.000000
tan -0.775250 -0.183520 -0.605121 1.000000
tan 0.017732 -0.949098 0.323393 1.000000
tan 0.511935 -0.382355 0.765763 1.000000
tan -0.565937 -0.777481 -0.259346 1.000000
tan -0.905450 -0.198648 -0.371443 1.000000
tan -0.005084 -0.963730 0.267717 1.000000
tan 0.550995 -0.475417 0.687333 1.000000
tan -0.602765 -0.774567 -0.194246 1.000000
tan 0.732718 0.199454 0.656395 1.000000
tan 0.640647 0.292517 0.716597 1.000000
tan 0.575609 -0.512493 0.640461 1.000000
tan -0.047740 -0.970240 0.242173 1.000000
tan 0.556451 0.789324 0.291339 1.000000
tan 0.458925 0.827516 0.326492 1.000000
tan 0.514601 -0.606981 0.603881 1.000000
tan -0.032736 -0.927026 0.381425 1.000000
tan -0.609337 -0.774319 0.192882 1.000000
tan -0.929568 -0.335049 0.166284 1.000000
tan -0.554033 -0.817968 0.180048 1.000000
tan -0.886168 -0.403683 0.209622 1.000000
tan 0.040424 -0.937504 0.345961 1.000000
tan 0.574865 -0.619443 0.541137 1.000000
tan 0.619195 -0.552731 0.562093 1.000000
tan 0.760990 0.132184 0.630417 1.000000
tan 0.877240 0.073222 0.488251 1.000000
tan 0.833034 0.163184 0.528737 1.000000
tan 0.760246 0.228905 0.604749 1.000000
tan 0.534441 0.791742 0.271870 1.000000
tan 0.663897 0.732655 0.176266 1.000000
tan 0.556389 0.787588 0.258788 1.000000
tan 0.521049 0.831421 0.224564 1.000000
tan -0.046376 0.960258 -0.268709 1.000000
tan 0.038812 0.948850 -0.305413 1.000000
tan -0.046004 0.979912 -0.199144 1.000000
tan -0.508401 0.496001 -0.704817 1.000000
tan -0.505921 0.560729 -0.656705 1.000000
tan -0.423833 0.041726 -0.899808 1.000000
tan -0.566619 -0.151032 -0.810590 1.000000
tan -0.574431 0.487755 -0.663091 1.000000
tan -0.676545 -0.216504 -0.699609 1.000000
tan -0.043090 0.950772 -0.303801 1.000000
tan -0.567673 0.501209 -0.646041 1.000000
tan -0.767686 -0.185814 -0.612685 1.000000
tan 0.014384 0.937442 -0.357121 1.000000
tan 0.012648 0.936016 -0.347387 1.000000
tan -0.532147 0.408085 -0.742700 1.000000
tan -0.718705 -0.267345 -0.638353 1.000000
tan -0.439209 0.424949 -0.798562 1.000000
tan -0.608407 -0.249117 -0.756711 1.000000
tan 0.793602 -0.391221 0.451981 1.000000
tan 0.801042 -0.328973 0.504185 1.000000
tan 0.432389 -0.807365 0.393391 1.000000
tan 0.459979 -0.787091 0.428607 1.000000
tan 0.606981 -0.067518 0.790067 1.000000
tan -0.006138 -1.004960 -0.032922 1.000000
tan 0.308203 -0.682807 0.654845 1.000000
tan 0.416021 0.009424 0.908240 1.000000
tan 0.022320 -1.003658 0.001612 1.000000
tan 0.215264 -0.648831 0.728687 1.000000
tan 0.369955 0.016802 0.934032 1.000000
tan 0.184388 -0.644677 0.743133 1.000000
tan -0.163866 -0.980036 0.077004 1.000000
tan -0.050964 -0.989894 0.094054 1.000000
tan -0.134912 -0.990018 0.087296 1.000000
tan -0.342861 -0.751565 -0.569967 1.000000
tan -0.375225 -0.684729 -0.617273 1.000000
tan -0.401389 -0.653977 -0.634261 1.000000
tan -0.372249 -0.023560 -0.925910 1.000000
tan -0.366049 -0.018600 -0.924298 1.000000
tan -0.153822 0.630169 -0.760617 1.000000
tan -0.347263 -0.763531 -0.547027 1.000000
tan -0.343667 -0.710521 -0.612065 1.000000
tan -0.418873 -0.043648 -0.912084 1.000000
tan -0.505177 -0.088908 -0.856718 1.000000
tan -0.431273 -0.010912 -0.899746 1.000000
tan -0.171120 0.652055 -0.736003 1.000000
tan -0.230268 0.690805 -0.690805 1.000000
tan -0.367723 0.646103 -0.675429 1.000000
tan -0.220410 0.672391 -0.701965 1.000000
tan 0.096658 0.995536 -0.033914 1.000000
tan 0.146382 0.987290 -0.078182 1.000000
tan 0.159898 0.976998 -0.087172 1.000000
tan 0.370637 0.665075 0.653543 1.000000
tan -0.007688 0.997582 -0.030504 1.000000
tan 0.049476 0.993242 -0.059892 1.000000
tan 0.103602 0.750883 0.658379 1.000000
tan 0.373489 0.666687 0.638105 1.000000
tan 0.369955 0.016802 0.934032 1.000000
tan 0.369521 0.017732 0.923740 1.000000
tan 0.310249 0.013826 0.944324 1.000000
tan 0.324137 0.671709 0.662037 1.000000
tan 0.100874 0.064604 0.993304 1.000000
tan 0.193192 0.670593 0.711017 1.000000
tan -0.060140 0.265609 0.956786 1.000000
tan -0.841590 -0.451113 0.285077 1.000000
tan -0.884990 -0.371257 0.281729 1.000000
tan -0.558559 -0.821006 0.040734 1.000000
tan -0.607663 -0.787897 0.077748 1.000000
tan -0.988344 -0.063736 -0.143592 1.000000
tan 0.039990 -0.998760 -0.003286 1.000000
tan -0.701345 -0.661169 -0.248992 1.000000
tan -0.899808 0.038440 -0.440325 1.000000
tan -0.022878 -1.000248 0.047616 1.000000
tan -0.673693 -0.641205 -0.364685 1.000000
tan -0.852254 -0.031620 -0.527249 1.000000
tan -0.070990 -0.988592 -0.096720 1.000000
tan -0.772274 0.020336 -0.639345 1.000000
tan -0.614111 -0.632339 -0.483477 1.000000
tan -0.628495 -0.684171 -0.374791 1.000000
tan 0.004836 -0.997210 -0.006200 1.000000
tan -0.025172 -1.000186 -0.073780 1.000000
tan 0.015128 -0.994606 -0.027528 1.000000
tan 0.653791 -0.620745 0.439581 1.000000
tan 0.659371 -0.686093 0.326059 1.000000
tan 0.656209 -0.702027 0.275095 1.000000
tan 0.882386 -0.035712 0.472069 1.000000
tan 0.810900 0.030132 0.583173 1.000000
tan 0.596007 -0.781015 0.205158 1.000000
tan 0.674437 0.642383 0.376713 1.000000
tan 0.595573 0.665509 0.451237 1.000000
tan 0.902598 0.008060 0.436171 1.000000
tan 0.906194 -0.094488 0.409697 1.000000
tan 0.628805 -0.766197 0.133486 1.000000
tan 0.683551 -0.716287 0.162006 1.000000
tan 0.961994 -0.101184 0.239568 1.000000
tan 0.950586 -0.028892 0.312977 1.000000
tan 0.625333 0.702275 0.342489 1.000000
tan 0.662781 0.656581 0.364871 1.000000
tan 0.745861 0.626821 0.228718 1.000000
tan 0.672577 0.652985 0.353153 1.000000
tan -0.030566 1.000744 0.046562 1.000000
tan 0.036022 0.996280 0.047802 1.000000
tan 0.022568 0.991134 0.121024 1.000000
tan -0.521855 0.778907 -0.351479 1.000000
tan -0.031558 0.994730 0.089528 1.000000
tan -0.622605 0.704631 -0.331453 1.000000
tan -0.628123 0.343853 -0.697687 1.000000
tan -0.761176 0.136772 -0.637857 1.000000
tan -0.670593 0.680265 -0.296609 1.000000
tan -0.845186 0.038936 -0.533263 1.000000
tan -0.667059 0.696757 -0.270817 1.000000
tan -0.908116 0.037696 -0.424453 1.000000
tan 0.007936 1.004154 -0.013640 1.000000
tan 0.015066 1.002232 -0.018228 1.000000
tan -0.573625 0.664207 -0.483663 1.000000
tan -0.665261 0.637733 -0.394569 1.000000
tan -0.788022 0.021328 -0.615723 1.000000
tan -0.875876 -0.029574 -0.480005 1.000000
tan 0.170004 -0.037200 -0.983570 1.000000
tan 0.178064 -0.035340 -0.979974 1.000000
tan 0.214582 0.636121 -0.742018 1.000000
tan 0.203794 0.645235 -0.734020 1.000000
tan 0.329469 -0.052824 -0.946370 1.000000
tan 0.098704 0.993800 -0.013640 1.000000
tan 0.356625 0.626201 -0.700229 1.000000
tan 0.639469 -0.049476 -0.759811 1.000000
tan 0.100130 0.992374 -0.022072 1.000000
tan 0.545477 0.583917 -0.609337 1.000000
tan 0.760494 0.126976 -0.643189 1.000000
tan 0.568789 0.648273 -0.513485 1.000000
tan 0.204538 0.978610 -0.002480 1.000000
tan 0.298717 0.945812 0.076260 1.000000
tan 0.201190 0.977432 0.049910 1.000000
tan -0.094922 0.702709 0.711823 1.000000
tan 0.074400 0.615723 0.792919 1.000000
tan -0.238886 0.013454 0.970240 1.000000
tan -0.006448 0.720193 0.693223 1.000000
tan -0.131440 -0.085064 0.980594 1.000000
tan -0.311489 -0.676669 0.670159 1.000000
tan -0.070928 0.714799 0.696261 1.000000
tan -0.077066 0.691549 0.719511 1.000000
tan -0.171554 0.035526 0.989274 1.000000
tan -0.179676 0.025668 0.988778 1.000000
tan -0.240064 -0.743877 0.627069 1.000000
tan -0.261269 -0.964908 0.008122 1.000000
tan -0.171368 0.038254 0.991072 1.000000
tan -0.226672 -0.708909 0.670593 1.000000
tan -0.186186 -0.668299 0.723727 1.000000
tan -0.181536 -0.634261 0.748342 1.000000
tan -0.269887 -0.961560 -0.046624 1.000000
tan -0.127658 -0.991010 -0.046252 1.000000
tan -0.095728 -0.997396 -0.000124 1.000000
tan -0.099200 -0.993552 0.023870 1.000000
tan 0.044702 -0.686031 -0.721309 1.000000
tan 0.060140 -0.693905 -0.717465 1.000000
tan 0.170252 -0.034472 -0.979974 1.000000
tan 0.177816 -0.038192 -0.983570 1.000000
tan 0.004650 -0.686031 -0.724781 1.000000
tan 0.022072 -0.040486 -1.001860 1.000000
tan -0.275777 -0.721433 -0.634757 1.000000
tan -0.352657 -0.230641 -0.902846 1.000000
tan -0.267159 -0.761919 -0.589683 1.000000
tan -0.387129 -0.307521 -0.866762 1.000000
tan 0.405171 -0.111848 -0.906442 1.000000
tan 0.293509 -0.673073 -0.680637 1.000000
tan 0.367041 -0.199640 -0.904706 1.000000
tan 0.306777 -0.617087 -0.723355 1.000000
tan 0.815922 0.050592 -0.571889 1.000000
tan -0.130572 -0.945750 -0.297848 1.000000
tan 0.624589 -0.591171 -0.505425 1.000000
tan -0.108748 -0.921198 -0.370885 1.000000
tan 0.662285 -0.602889 -0.443921 1.000000
tan 0.949532 0.049662 -0.324509 1.000000
tan 0.968132 -0.058590 -0.234918 1.000000
tan 0.012462 -0.942030 -0.316325 1.000000
tan 0.995846 -0.049228 -0.088288 1.000000
tan 0.709033 -0.635005 -0.302251 1.000000
tan 0.642507 -0.653233 -0.397235 1.000000
tan -0.099200 -0.949346 -0.306528 1.000000
tan -0.096162 -0.946866 -0.308140 1.000000
tan -0.034968 -0.949904 -0.294066 1.000000
tan -0.768058 -0.641453 -0.007192 1.000000
tan -0.835514 -0.552793 -0.049724 1.000000
tan -0.731353 -0.683489 0.033356 1.000000
tan -0.964970 -0.031496 0.273793 1.000000
tan -0.974766 0.072416 0.174468 1.000000
tan -0.651125 -0.764337 0.000496 1.000000
tan -0.949036 -0.002728 0.326431 1.000000
tan -0.678839 0.606299 0.414967 1.000000
tan -0.668609 0.664021 0.321223 1.000000
tan -0.623659 -0.775931 0.081592 1.000000
tan -0.674437 -0.722425 0.117552 1.000000
tan -0.945998 -0.107508 0.314713 1.000000
tan -0.866886 -0.173042 0.457251 1.000000
tan -0.908488 -0.080910 0.420237 1.000000
tan -0.661169 0.624031 0.416083 1.000000
tan -0.624403 0.540393 0.556265 1.000000
tan -0.660549 0.615537 0.435241 1.000000
tan -0.618513 0.658999 0.426809 1.000000
tan 0.059458 0.963110 0.254138 1.000000
tan 0.040300 0.940418 0.321966 1.000000
tan 0.003844 0.965652 0.268832 1.000000
tan 0.696137 0.710211 0.139686 1.000000
tan 0.750821 0.655651 0.034348 1.000000
tan 0.965342 0.213962 0.154380 1.000000
tan 0.992312 0.056110 -0.048670 1.000000
tan 0.755658 0.656581 -0.035712 1.000000
tan 0.980842 0.007192 -0.204848 1.000000
tan 0.089218 0.959762 0.277760 1.000000
tan 0.737429 0.673569 -0.034224 1.000000
tan 0.949532 0.049662 -0.324509 1.000000
tan 0.103540 0.934528 0.339575 1.000000
tan 0.102920 0.929072 0.354331 1.000000
tan 0.810342 0.565379 0.158596 1.000000
tan 0.813442 0.588257 0.021328 1.000000
tan 0.956414 -0.039618 -0.279559 1.000000
tan 0.995846 -0.037572 -0.117552 1.000000
tan -0.524831 -0.390787 -0.753921 1.000000
tan -0.508897 -0.329841 -0.801041 1.000000
tan -0.226486 -0.810652 -0.539773 1.000000
tan -0.241552 -0.776799 -0.577035 1.000000
tan -0.217558 -0.068820 -0.969062 1.000000
tan -0.008370 -0.990576 0.032178 1.000000
tan 0.000992 -0.684729 -0.724781 1.000000
tan 0.014198 0.010354 -0.996094 1.000000
tan -0.027032 -0.998760 -0.008618 1.000000
tan 0.122512 -0.648025 -0.750387 1.000000
tan 0.061318 0.017174 -0.998884 1.000000
tan 0.149296 -0.638477 -0.750573 1.000000
tan 0.093992 -0.992188 -0.063240 1.000000
tan 0.159464 -0.987724 -0.022320 1.000000
tan 0.181474 -0.986484 0.000806 1.000000
tan 0.095480 -0.656209 0.745986 1.000000
tan 0.074400 -0.687085 0.722549 1.000000
tan 0.079794 -0.752371 0.661293 1.000000
tan -0.059954 -0.020088 0.992064 1.000000
tan -0.059830 -0.021080 0.998512 1.000000
tan -0.186806 0.630293 0.752929 1.000000
tan 0.082398 -0.763531 0.641701 1.000000
tan 0.050778 -0.710583 0.700787 1.000000
tan -0.010354 -0.041168 1.002232 1.000000
tan -0.161076 0.653543 0.741583 1.000000
tan -0.182776 0.988716 0.011842 1.000000
tan 0.097216 -0.084568 0.987786 1.000000
tan 0.006076 -0.009300 0.995226 1.000000
tan -0.076198 0.688201 0.722053 1.000000
tan 0.045756 0.645669 0.767685 1.000000
tan -0.097836 0.675305 0.728377 1.000000
tan -0.165974 0.985802 0.008990 1.000000
tan -0.094302 0.992684 -0.010044 1.000000
tan -0.005952 1.004464 0.031000 1.000000
tan -0.070308 0.992622 0.032984 1.000000
tan 0.186992 0.751069 -0.641949 1.000000
tan 0.128588 0.673197 -0.729927 1.000000
tan 0.461901 0.272056 -0.845806 1.000000
tan 0.330709 0.060946 -0.936760 1.000000
tan -0.015004 0.678715 -0.738669 1.000000
tan 0.125736 0.014632 -0.986174 1.000000
tan -0.065472 0.666997 -0.736561 1.000000
tan 0.052948 0.016864 -0.996094 1.000000
tan -0.058032 0.661417 -0.746792 1.000000
tan 0.061318 0.017174 -0.998884 1.000000
tan 0.890694 -0.454957 0.102300 1.000000
tan 0.919958 -0.366979 0.120776 1.000000
tan 0.524149 -0.827206 0.201252 1.000000
tan 0.582429 -0.790501 0.187550 1.000000
tan 0.829066 -0.066464 0.544671 1.000000
tan -0.037510 -0.993552 -0.013950 1.000000
tan 0.511997 -0.659309 0.544485 1.000000
tan 0.624217 0.038068 0.779837 1.000000
tan 0.040920 -1.001922 -0.033480 1.000000
tan -0.508525 -0.763965 -0.388679 1.000000
tan -0.545539 -0.713497 -0.438031 1.000000
tan 0.028954 -1.000558 0.113088 1.000000
tan -0.772274 -0.100626 -0.622357 1.000000
tan -0.723169 -0.027900 -0.691673 1.000000
tan -0.442061 -0.779837 -0.444045 1.000000
tan -0.648397 -0.093186 -0.760369 1.000000
tan -0.553475 0.630727 -0.551739 1.000000
tan -0.540145 0.640213 -0.546035 1.000000
tan -0.055056 0.996962 -0.078864 1.000000
tan -0.443611 0.653853 -0.613181 1.000000
tan 0.013888 0.996466 -0.076818 1.000000
tan 0.321223 0.776179 0.542377 1.000000
tan -0.419741 0.701283 -0.577097 1.000000
tan 0.405853 0.705685 0.575113 1.000000
tan 0.272119 0.350239 0.896150 1.000000
tan 0.413479 0.135408 0.901420 1.000000
tan 0.066340 0.993366 -0.067704 1.000000
tan 0.493955 0.683489 0.552111 1.000000
tan 0.532891 0.037510 0.843512 1.000000
tan 0.477773 0.694277 0.533201 1.000000
tan 0.640399 0.037076 0.764151 1.000000
tan 0.047554 1.002232 -0.029078 1.000000
tan 0.437535 0.639903 0.634943 1.000000
tan 0.584537 -0.033728 0.811333 1.000000
tan 0.456383 0.028582 0.891624 1.000000
tan 0.310001 0.663091 0.678715 1.000000
tan -0.012896 0.992002 0.008928 1.000000
tan -0.021390 1.000744 0.010044 1.000000
tan -0.351045 0.665509 -0.660983 1.000000
tan -0.449625 0.637113 -0.625829 1.000000
tan -0.487941 0.025296 -0.874388 1.000000
tan -0.633021 0.009300 -0.776613 1.000000
tan -0.598921 -0.030008 -0.803025 1.000000
tan -0.406411 -0.623163 -0.677351 1.000000
tan -0.486701 -0.699113 -0.521421 1.000000
tan -0.446897 -0.682993 -0.581809 1.000000
tan -0.021018 -0.993118 0.010602 1.000000
tan -0.008680 -0.994606 0.077252 1.000000
tan -0.019158 -1.006510 0.013950 1.000000
tan 0.462211 -0.643437 0.606423 1.000000
tan 0.545167 -0.035154 0.834956 1.000000
tan 0.404985 -0.677909 0.608469 1.000000
tan 0.346519 -0.621427 0.695641 1.000000
tan 0.424887 0.027218 0.907372 1.000000
tan 0.941472 -0.151528 0.293261 1.000000
tan 0.990080 0.061504 0.123442 1.000000
tan 0.948230 -0.138012 0.302065 1.000000
tan 0.863786 -0.298593 0.410565 1.000000
tan 0.846922 -0.411123 0.326183 1.000000
tan 0.592225 -0.606609 0.533573 1.000000
tan 0.660425 -0.662719 0.355881 1.000000
tan 0.952198 0.288177 0.118048 1.000000
tan 0.849774 0.457313 -0.275033 1.000000
tan 0.800236 0.592907 -0.056978 1.000000
tan 0.901420 -0.409511 0.105834 1.000000
tan 0.750946 -0.670221 -0.007192 1.000000
tan 0.774134 -0.610081 -0.198586 1.000000
tan 0.959762 -0.290161 0.045880 1.000000
tan 0.897266 0.289479 0.334119 1.000000
tan 0.681753 0.600595 0.424887 1.000000
tan 0.617087 0.464257 0.634757 1.000000
tan 0.934280 0.066402 0.354703 1.000000
tan 0.971914 -0.126728 0.187116 1.000000
tan 0.971914 -0.140616 0.194308 1.000000
tan 0.015748 -0.988034 0.165974 1.000000
tan 0.000000 -1.000186 0.000000 1.000000
tan -0.021142 -0.951640 0.320107 1.000000
tan -0.047740 -0.984314 0.157108 1.000000
tan 0.007812 -0.998264 0.000930 1.000000
tan -0.942402 0.104160 -0.312481 1.000000
tan -0.996962 0.053010 0.066960 1.000000
tan -0.996094 0.032240 0.045260 1.000000
tan -0.985802 0.147312 0.001860 1.000000
tan -0.998760 0.012276 -0.069750 1.000000
tan -0.981028 0.103974 -0.167710 1.000000
tan -0.982082 -0.035092 -0.143840 1.000000
tan -0.818402 0.297105 -0.479137 1.000000
tan -0.981896 -0.005580 -0.200570 1.000000
tan -0.975262 -0.100130 -0.186124 1.000000
tan -0.883688 0.154628 -0.434807 1.000000
tan -0.883316 0.306405 -0.331267 1.000000
tan -0.940418 -0.023684 -0.339141 1.000000
tan -0.919834 -0.061256 -0.383781 1.000000
tan -0.896522 -0.096534 -0.420733 1.000000
tan -0.939922 -0.123256 -0.316201 1.000000
tan -0.950400 -0.109740 -0.282473 1.000000
tan -0.941596 -0.214768 -0.230454 1.000000
tan -0.974146 0.002666 -0.216070 1.000000
tan -0.930498 -0.169136 -0.316511 1.000000
tan -0.875938 -0.110112 -0.469341 1.000000
tan -0.934218 -0.268089 -0.237832 1.000000
tan -0.890942 -0.282721 -0.342241 1.000000
tan -0.924112 -0.154132 -0.354641 1.000000
tan -0.882200 -0.165726 -0.435799 1.000000
tan -0.867072 -0.305041 -0.384401 1.000000
tan -0.901978 -0.311427 -0.285573 1.000000
tan -0.986174 -0.145452 -0.033108 1.000000
tan -0.948230 -0.282225 -0.111972 1.000000
tan -0.924422 -0.148056 -0.347821 1.000000
tan -0.896522 -0.278133 -0.335545 1.000000
tan -0.906194 -0.238824 -0.342985 1.000000
tan -0.923244 -0.129084 -0.363321 1.000000
tan -0.996962 -0.053010 0.066960 1.000000
tan -0.997396 -0.029636 0.061070 1.000000
tan -0.942402 -0.104160 -0.312481 1.000000
tan -0.926282 -0.064108 -0.364251 1.000000
tan -0.989522 0.045384 -0.114080 1.000000
tan -0.954740 0.031992 -0.292021 1.000000
tan -0.975262 0.102300 -0.178684 1.000000
tan -0.942092 0.070990 -0.328601 1.000000
tan -0.911402 0.105462 -0.398413 1.000000
tan -0.950400 0.109740 -0.282473 1.000000
tan -0.943022 0.211916 -0.247380 1.000000
tan -0.898692 0.117304 -0.413851 1.000000
tan -0.927646 0.263128 -0.262509 1.000000
tan -0.877984 0.143530 -0.458119 1.000000
tan -0.876372 0.276210 -0.381921 1.000000
tan -0.937008 0.172112 -0.299957 1.000000
tan -0.905512 0.313721 -0.285201 1.000000
tan -0.976812 0.154008 -0.128340 1.000000
tan -0.927770 0.308761 -0.194556 1.000000
tan -0.970736 0.166904 -0.181040 1.000000
tan 0.071672 -0.206213 -0.973588 1.000000
tan 0.063798 -0.220473 -0.971294 1.000000
tan 0.068820 -0.200570 -0.977122 1.000000
tan 0.081096 -0.170748 -0.976130 1.000000
tan 0.072168 -0.129952 -0.987290 1.000000
tan 0.075206 -0.174034 -0.980780 1.000000
tan 0.062806 -0.239941 -0.973774 1.000000
tan 0.057536 -0.115444 -0.990514 1.000000
tan 0.058900 -0.226177 -0.968318 1.000000
tan 0.048298 -0.047430 -0.998760 1.000000
tan 0.056358 -0.072850 -0.994544 1.000000
tan 0.061504 -0.073780 -0.991134 1.000000
tan 0.027156 -0.008618 -1.000930 1.000000
tan 0.034472 -0.007316 -1.001488 1.000000
tan 0.035774 -0.016368 -0.998512 1.000000
tan 0.029078 0.014384 -0.998512 1.000000
tan 0.039122 -0.031744 -0.998512 1.000000
tan 0.055676 -0.094550 -0.994792 1.000000
tan 0.044206 -0.024180 -0.998760 1.000000
tan 0.051584 -0.062620 -1.001550 1.000000
tan 0.065472 -0.134664 -0.993366 1.000000
tan 0.078058 -0.173166 -0.984500 1.000000
tan 0.078368 -0.166904 -0.983942 1.000000
tan 0.089776 -0.177568 -0.981028 1.000000
tan 0.073222 0.037510 -1.001550 1.000000
tan 0.053072 -0.074772 -0.989894 1.000000
tan 0.075392 0.053072 -0.997706 1.000000
tan 0.060884 0.313596 -0.946804 1.000000
tan 0.030876 0.097464 -0.992498 1.000000
tan 0.048918 0.069750 -1.000558 1.000000
tan 0.066588 0.326431 -0.940790 1.000000
tan 0.055676 0.369769 -0.923554 1.000000
tan 0.055552 0.334305 -0.933970 1.000000
tan 0.060326 0.335607 -0.935086 1.000000
tan 0.076756 0.204228 -0.976130 1.000000
tan 0.062372 0.299708 -0.952694 1.000000
tan 0.072354 0.248310 -0.964226 1.000000
tan 0.097092 0.077562 -0.988778 1.000000
tan 0.039246 0.148118 -0.986856 1.000000
tan 0.055428 0.241924 -0.972410 1.000000
tan 0.083700 0.195610 -0.984748 1.000000
tan 0.081220 0.076880 -1.000744 1.000000
tan 0.047802 0.240188 -0.969930 1.000000
tan 0.065534 0.172670 -0.982206 1.000000
tan 0.064356 0.118668 -0.995474 1.000000
tan 0.065968 0.150660 -0.983570 1.000000
tan 0.073160 0.182714 -0.977556 1.000000
tan 0.094178 0.184760 -0.977990 1.000000
tan 0.052018 0.250108 -0.971108 1.000000
tan 0.089032 0.279372 -0.954182 1.000000
tan 0.100936 0.217248 -0.969310 1.000000
tan 0.087234 0.230454 -0.965218 1.000000
tan 0.056668 0.206708 -0.977122 1.000000
tan 0.085994 0.236716 -0.969744 1.000000
tan 0.071238 0.269204 -0.965280 1.000000
tan 0.085188 0.228904 -0.969744 1.000000
tan 0.106640 0.310248 -0.938744 1.000000
tan 0.087234 0.267344 -0.959142 1.000000
tan 0.083142 0.228284 -0.974766 1.000000
tan 0.099882 0.299274 -0.945068 1.000000
tan 0.097588 0.259470 -0.962614 1.000000
tan 0.067332 0.170624 -0.978238 1.000000
tan 0.043524 0.112344 -0.989646 1.000000
tan 0.094364 0.160642 -0.978672 1.000000
tan 0.072788 0.040920 -0.995226 1.000000
tan 0.044268 -0.045446 -0.998760 1.000000
tan 0.021948 -0.077934 -0.991940 1.000000
tan 0.028396 -0.184884 -0.982082 1.000000
tan 0.032798 -0.176080 -0.982082 1.000000
tan 0.032178 -0.259781 -0.967946 1.000000
tan 0.036146 -0.164796 -0.984810 1.000000
tan 0.003224 -0.280985 -0.955050 1.000000
tan 0.026598 -0.241367 -0.969620 1.000000
tan 0.051832 -0.120218 -0.987042 1.000000
tan 0.019096 -0.173166 -0.981462 1.000000
tan 0.069874 0.025048 -0.998512 1.000000
tan 0.036828 -0.027156 -0.993242 1.000000
tan -0.002852 -0.310249 -0.957716 1.000000
tan 0.034720 -0.216009 -0.970550 1.000000
tan 0.029574 -0.300329 -0.949780 1.000000
tan 0.055862 -0.046376 -1.000248 1.000000
f 3/3/3 2/2/2 1/1/1
f 6/6/6 5/5/5 4/4/4
f 9/9/9 8/8/8 7/7/7
f 10/10/10 7/7/7 8/8/8
f 13/13/13 12/12/12 11/11/11
f 12/12/12 13/13/13 14/14/14
f 15/15/15 14/14/14 13/13/13
f 15/15/15 16/16/16 14/14/14
f 17/17/17 14/14/14 16/16/16
f 17/17/17 16/16/16 18/18/18
f 17/17/17 18/18/18 19/19/19
f 20/20/20 17/17/17 19/19/19
f 18/18/18 16/16/16 21/21/21
f 18/18/18 21/21/21 19/19/19
f 22/22/22 21/21/21 16/16/16
f 23/23/23 21/21/21 22/22/22
f 20/20/20 19/19/19 24/24/24
f 25/25/25 20/20/20 24/24/24
f 25/25/25 24/24/24 26/26/26
f 27/27/27 19/19/19 21/21/21
f 19/19/19 27/27/27 24/24/24
f 21/21/21 23/23/23 28/28/28
f 29/29/29 24/24/24 27/27/27
f 30/30/30 28/28/28 23/23/23
f 23/23/23 31/31/31 30/30/30
f 28/28/28 32/32/32 21/21/21
f 27/27/27 21/21/21 32/32/32
f 28/28/28 30/30/30 32/32/32
f 32/32/32 29/29/29 27/27/27
f 30/30/30 31/31/31 33/33/33
f 34/34/34 33/33/33 31/31/31
f 35/35/35 32/32/32 30/30/30
f 30/30/30 33/33/33 35/35/35
f 36/36/36 33/33/33 34/34/34
f 37/37/37 36/36/36 34/34/34
f 38/38/38 35/35/35 33/33/33
f 33/33/33 36/36/36 38/38/38
f 32/32/32 35/35/35 39/39/39
f 38/38/38 39/39/39 35/35/35
f 40/40/40 32/32/32 39/39/39
f 29/29/29 32/32/32 40/40/40
f 39/39/39 38/38/38 41/41/41
f 40/40/40 39/39/39 42/42/42
f 41/41/41 42/42/42 39/39/39
f 40/40/40 43/43/43 29/29/29
f 38/38/38 44/44/44 41/41/41
f 44/44/44 38/38/38 36/36/36
f 43/43/43 45/45/45 29/29/29
f 24/24/24 29/29/29 45/45/45
f 45/45/45 26/26/26 24/24/24
f 43/43/43 40/40/40 46/46/46
f 46/46/46 40/40/40 42/42/42
f 45/45/45 43/43/43 47/47/47
f 46/46/46 47/47/47 43/43/43
f 26/26/26 45/45/45 48/48/48
f 48/48/48 45/45/45 47/47/47
f 49/49/49 26/26/26 48/48/48
f 51/51/51 49/49/49 50/50/50
f 49/49/49 48/48/48 50/50/50
f 50/50/50 48/48/48 52/52/52
f 48/48/48 47/47/47 52/52/52
f 52/52/52 47/47/47 53/53/53
f 47/47/47 54/54/54 53/53/53
f 47/47/47 46/46/46 54/54/54
f 53/53/53 54/54/54 55/55/55
f 54/54/54 46/46/46 56/56/56
f 56/56/56 55/55/55 54/54/54
f 42/42/42 56/56/56 46/46/46
f 56/56/56 57/57/57 55/55/55
f 55/55/55 57/57/57 58/58/58
f 56/56/56 42/42/42 59/59/59
f 56/56/56 59/59/59 57/57/57
f 42/42/42 41/41/41 59/59/59
f 60/60/60 58/58/58 57/57/57
f 41/41/41 61/61/61 59/59/59
f 61/61/61 41/41/41 44/44/44
f 62/62/62 57/57/57 59/59/59
f 57/57/57 62/62/62 60/60/60
f 63/63/63 59/59/59 61/61/61
f 59/59/59 63/63/63 62/62/62
f 61/61/61 44/44/44 64/64/64
f 61/61/61 64/64/64 63/63/63
f 62/62/62 65/65/65 60/60/60
f 62/62/62 63/63/63 65/65/65
f 66/66/66 63/63/63 64/64/64
f 66/66/66 65/65/65 63/63/63
f 67/67/67 66/66/66 64/64/64
f 66/66/66 67/67/67 65/65/65
f 68/68/68 67/67/67 64/64/64
f 69/69/69 65/65/65 67/67/67
f 68/68/68 64/64/64 70/70/70
f 70/70/70 64/64/64 44/44/44
f 71/71/71 68/68/68 70/70/70
f 44/44/44 36/36/36 70/70/70
f 70/70/70 72/72/72 71/71/71
f 72/72/72 70/70/70 36/36/36
f 73/73/73 71/71/71 72/72/72
f 72/72/72 36/36/36 37/37/37
f 73/73/73 72/72/72 74/74/74
f 75/75/75 72/72/72 37/37/37
f 75/75/75 74/74/74 72/72/72
f 37/37/37 76/76/76 75/75/75
f 74/74/74 75/75/75 77/77/77
f 76/76/76 78/78/78 75/75/75
f 79/79/79 77/77/77 75/75/75
f 78/78/78 79/79/79 75/75/75
f 77/77/77 79/79/79 80/80/80
f 78/78/78 81/81/81 79/79/79
f 82/82/82 80/80/80 79/79/79
f 79/79/79 81/81/81 82/82/82
f 80/80/80 82/82/82 83/83/83
f 84/84/84 80/80/80 83/83/83
f 85/85/85 82/82/82 81/81/81
f 82/82/82 85/85/85 83/83/83
f 84/84/84 83/83/83 86/86/86
f 87/87/87 84/84/84 86/86/86
f 88/88/88 83/83/83 85/85/85
f 83/83/83 88/88/88 86/86/86
f 89/89/89 85/85/85 81/81/81
f 85/85/85 89/89/89 88/88/88
f 81/81/81 90/90/90 89/89/89
f 90/90/90 91/91/91 89/89/89
f 92/92/92 86/86/86 88/88/88
f 93/93/93 89/89/89 91/91/91
f 91/91/91 94/94/94 93/93/93
f 95/95/95 88/88/88 89/89/89
f 88/88/88 95/95/95 92/92/92
f 93/93/93 96/96/96 89/89/89
f 95/95/95 89/89/89 96/96/96
f 97/97/97 93/93/93 94/94/94
f 93/93/93 97/97/97 96/96/96
f 97/97/97 94/94/94 98/98/98
f 94/94/94 99/99/99 98/98/98
f 100/100/100 96/96/96 97/97/97
f 98/98/98 100/100/100 97/97/97
f 96/96/96 101/101/101 95/95/95
f 96/96/96 100/100/100 101/101/101
f 102/102/102 98/98/98 99/99/99
f 103/103/103 102/102/102 99/99/99
f 105/105/105 104/104/104 103/103/103
f 104/104/104 102/102/102 103/103/103
f 104/104/104 106/106/106 102/102/102
f 98/98/98 102/102/102 107/107/107
f 107/107/107 100/100/100 98/98/98
f 106/106/106 108/108/108 102/102/102
f 108/108/108 107/107/107 102/102/102
f 106/106/106 109/109/109 108/108/108
f 106/106/106 110/110/110 109/109/109
f 107/107/107 108/108/108 111/111/111
f 107/107/107 111/111/111 100/100/100
f 109/109/109 111/111/111 108/108/108
f 110/110/110 112/112/112 109/109/109
f 113/113/113 100/100/100 111/111/111
f 113/113/113 101/101/101 100/100/100
f 111/111/111 109/109/109 114/114/114
f 112/112/112 115/115/115 109/109/109
f 115/115/115 114/114/114 109/109/109
f 115/115/115 112/112/112 116/116/116
f 117/117/117 116/116/116 112/112/112
f 116/116/116 118/118/118 115/115/115
f 114/114/114 115/115/115 118/118/118
f 119/119/119 116/116/116 117/117/117
f 120/120/120 114/114/114 118/118/118
f 117/117/117 121/121/121 119/119/119
f 119/119/119 121/121/121 122/122/122
f 121/121/121 123/123/123 122/122/122
f 114/114/114 120/120/120 124/124/124
f 124/124/124 111/111/111 114/114/114
f 111/111/111 124/124/124 113/113/113
f 120/120/120 125/125/125 124/124/124
f 124/124/124 126/126/126 113/113/113
f 126/126/126 124/124/124 125/125/125
f 101/101/101 113/113/113 126/126/126
f 126/126/126 125/125/125 127/127/127
f 125/125/125 128/128/128 127/127/127
f 101/101/101 126/126/126 129/129/129
f 127/127/127 129/129/129 126/126/126
f 129/129/129 95/95/95 101/101/101
f 129/129/129 92/92/92 95/95/95
f 130/130/130 127/127/127 128/128/128
f 127/127/127 130/130/130 129/129/129
f 92/92/92 129/129/129 130/130/130
f 131/131/131 130/130/130 128/128/128
f 130/130/130 132/132/132 92/92/92
f 132/132/132 130/130/130 131/131/131
f 133/133/133 132/132/132 131/131/131
f 86/86/86 92/92/92 132/132/132
f 87/87/87 86/86/86 132/132/132
f 134/134/134 87/87/87 132/132/132
f 134/134/134 132/132/132 135/135/135
f 136/136/136 134/134/134 135/135/135
f 139/139/139 138/138/138 137/137/137
f 138/138/138 139/139/139 140/140/140
f 141/141/141 140/140/140 139/139/139
f 141/141/141 142/142/142 140/140/140
f 143/143/143 140/140/140 142/142/142
f 143/143/143 142/142/142 144/144/144
f 142/142/142 145/145/145 144/144/144
f 143/143/143 144/144/144 146/146/146
f 147/147/147 144/144/144 145/145/145
f 148/148/148 147/147/147 145/145/145
f 149/149/149 146/146/146 144/144/144
f 144/144/144 147/147/147 149/149/149
f 146/146/146 149/149/149 150/150/150
f 151/151/151 146/146/146 150/150/150
f 152/152/152 149/149/149 147/147/147
f 149/149/149 152/152/152 150/150/150
f 147/147/147 148/148/148 153/153/153
f 151/151/151 150/150/150 154/154/154
f 155/155/155 151/151/151 154/154/154
f 157/157/157 155/155/155 156/156/156
f 155/155/155 154/154/154 156/156/156
f 156/156/156 154/154/154 158/158/158
f 150/150/150 159/159/159 154/154/154
f 159/159/159 150/150/150 152/152/152
f 154/154/154 160/160/160 158/158/158
f 160/160/160 154/154/154 159/159/159
f 158/158/158 160/160/160 161/161/161
f 162/162/162 161/161/161 160/160/160
f 160/160/160 159/159/159 162/162/162
f 161/161/161 162/162/162 163/163/163
f 159/159/159 152/152/152 164/164/164
f 164/164/164 162/162/162 159/159/159
f 162/162/162 165/165/165 163/163/163
f 165/165/165 162/162/162 164/164/164
f 166/166/166 163/163/163 165/165/165
f 163/163/163 166/166/166 167/167/167
f 168/168/168 167/167/167 166/166/166
f 164/164/164 169/169/169 165/165/165
f 166/166/166 165/165/165 170/170/170
f 170/170/170 165/165/165 169/169/169
f 171/171/171 164/164/164 152/152/152
f 152/152/152 147/147/147 171/171/171
f 153/153/153 171/171/171 147/147/147
f 169/169/169 164/164/164 172/172/172
f 171/171/171 172/172/172 164/164/164
f 153/153/153 173/173/173 171/171/171
f 172/172/172 171/171/171 173/173/173
f 173/173/173 153/153/153 148/148/148
f 174/174/174 173/173/173 148/148/148
f 172/172/172 175/175/175 169/169/169
f 172/172/172 173/173/173 175/175/175
f 170/170/170 169/169/169 175/175/175
f 176/176/176 173/173/173 174/174/174
f 176/176/176 175/175/175 173/173/173
f 174/174/174 177/177/177 176/176/176
f 178/178/178 176/176/176 177/177/177
f 176/176/176 178/178/178 175/175/175
f 179/179/179 178/178/178 177/177/177
f 175/175/175 180/180/180 170/170/170
f 180/180/180 175/175/175 178/178/178
f 181/181/181 170/170/170 180/180/180
f 170/170/170 181/181/181 166/166/166
f 178/178/178 182/182/182 180/180/180
f 182/182/182 178/178/178 179/179/179
f 183/183/183 166/166/166 181/181/181
f 166/166/166 183/183/183 168/168/168
f 180/180/180 184/184/184 181/181/181
f 184/184/184 180/180/180 182/182/182
f 181/181/181 185/185/185 183/183/183
f 185/185/185 181/181/181 184/184/184
f 183/183/183 186/186/186 168/168/168
f 186/186/186 183/183/183 185/185/185
f 187/187/187 185/185/185 184/184/184
f 188/188/188 187/187/187 184/184/184
f 188/188/188 184/184/184 182/182/182
f 187/187/187 189/189/189 185/185/185
f 189/189/189 186/186/186 185/185/185
f 190/190/190 188/188/188 182/182/182
f 190/190/190 182/182/182 191/191/191
f 186/186/186 189/189/189 192/192/192
f 192/192/192 168/168/168 186/186/186
f 193/193/193 192/192/192 189/189/189
f 194/194/194 168/168/168 192/192/192
f 192/192/192 193/193/193 195/195/195
f 192/192/192 195/195/195 194/194/194
f 194/194/194 195/195/195 196/196/196
f 197/197/197 195/195/195 193/193/193
f 195/195/195 198/198/198 196/196/196
f 195/195/195 197/197/197 199/199/199
f 195/195/195 199/199/199 198/198/198
f 200/200/200 199/199/199 197/197/197
f 200/200/200 201/201/201 199/199/199
f 199/199/199 202/202/202 198/198/198
f 198/198/198 202/202/202 203/203/203
f 201/201/201 204/204/204 199/199/199
f 201/201/201 205/205/205 204/204/204
f 202/202/202 199/199/199 206/206/206
f 204/204/204 206/206/206 199/199/199
f 202/202/202 207/207/207 203/203/203
f 208/208/208 203/203/203 207/207/207
f 206/206/206 209/209/209 202/202/202
f 207/207/207 202/202/202 209/209/209
f 207/207/207 210/210/210 208/208/208
f 211/211/211 207/207/207 209/209/209
f 210/210/210 207/207/207 211/211/211
f 210/210/210 212/212/212 208/208/208
f 210/210/210 211/211/211 212/212/212
f 213/213/213 208/208/208 212/212/212
f 211/211/211 209/209/209 214/214/214
f 215/215/215 213/213/213 212/212/212
f 213/213/213 215/215/215 216/216/216
f 216/216/216 215/215/215 217/217/217
f 218/218/218 214/214/214 209/209/209
f 209/209/209 206/206/206 218/218/218
f 219/219/219 217/217/217 215/215/215
f 220/220/220 218/218/218 206/206/206
f 206/206/206 204/204/204 220/220/220
f 221/221/221 217/217/217 219/219/219
f 222/222/222 220/220/220 204/204/204
f 205/205/205 222/222/222 204/204/204
f 205/205/205 223/223/223 222/222/222
f 221/221/221 224/224/224 217/217/217
f 225/225/225 217/217/217 224/224/224
f 225/225/225 224/224/224 226/226/226
f 227/227/227 226/226/226 224/224/224
f 227/227/227 228/228/228 226/226/226
f 221/221/221 219/219/219 229/229/229
f 219/219/219 215/215/215 229/229/229
f 230/230/230 221/221/221 229/229/229
f 231/231/231 229/229/229 215/215/215
f 215/215/215 212/212/212 231/231/231
f 230/230/230 229/229/229 232/232/232
f 229/229/229 231/231/231 232/232/232
f 233/233/233 230/230/230 232/232/232
f 233/233/233 232/232/232 234/234/234
f 231/231/231 212/212/212 235/235/235
f 235/235/235 212/212/212 211/211/211
f 236/236/236 232/232/232 231/231/231
f 231/231/231 235/235/235 236/236/236
f 235/235/235 211/211/211 237/237/237
f 237/237/237 236/236/236 235/235/235
f 214/214/214 237/237/237 211/211/211
f 232/232/232 236/236/236 238/238/238
f 238/238/238 234/234/234 232/232/232
f 236/236/236 237/237/237 239/239/239
f 239/239/239 238/238/238 236/236/236
f 214/214/214 240/240/240 237/237/237
f 214/214/214 218/218/218 240/240/240
f 241/241/241 239/239/239 237/237/237
f 240/240/240 241/241/241 237/237/237
f 238/238/238 239/239/239 242/242/242
f 239/239/239 241/241/241 242/242/242
f 234/234/234 238/238/238 243/243/243
f 243/243/243 238/238/238 242/242/242
f 244/244/244 234/234/234 243/243/243
f 246/246/246 244/244/244 245/245/245
f 244/244/244 243/243/243 245/245/245
f 245/245/245 243/243/243 247/247/247
f 243/243/243 242/242/242 247/247/247
f 247/247/247 242/242/242 248/248/248
f 242/242/242 249/249/249 248/248/248
f 249/249/249 242/242/242 241/241/241
f 250/250/250 248/248/248 249/249/249
f 251/251/251 249/249/249 241/241/241
f 249/249/249 251/251/251 250/250/250
f 240/240/240 251/251/251 241/241/241
f 251/251/251 252/252/252 250/250/250
f 250/250/250 252/252/252 253/253/253
f 240/240/240 254/254/254 251/251/251
f 252/252/252 251/251/251 254/254/254
f 254/254/254 240/240/240 218/218/218
f 255/255/255 253/253/253 252/252/252
f 218/218/218 220/220/220 254/254/254
f 256/256/256 252/252/252 254/254/254
f 252/252/252 256/256/256 255/255/255
f 257/257/257 254/254/254 220/220/220
f 254/254/254 257/257/257 256/256/256
f 220/220/220 222/222/222 257/257/257
f 256/256/256 258/258/258 255/255/255
f 256/256/256 257/257/257 258/258/258
f 259/259/259 257/257/257 222/222/222
f 259/259/259 258/258/258 257/257/257
f 223/223/223 259/259/259 222/222/222
f 259/259/259 223/223/223 258/258/258
f 260/260/260 258/258/258 223/223/223
f 261/261/261 255/255/255 258/258/258
f 258/258/258 260/260/260 261/261/261
f 262/262/262 255/255/255 261/261/261
f 263/263/263 261/261/261 260/260/260
f 261/261/261 263/263/263 264/264/264
f 265/265/265 264/264/264 263/263/263
f 262/262/262 261/261/261 266/266/266
f 267/267/267 262/262/262 266/266/266
f 266/266/266 268/268/268 267/267/267
f 271/271/271 270/270/270 269/269/269
f 272/272/272 269/269/269 270/270/270
f 269/269/269 272/272/272 273/273/273
f 274/274/274 273/273/273 272/272/272
f 272/272/272 275/275/275 274/274/274
f 276/276/276 274/274/274 275/275/275
f 279/279/279 278/278/278 277/277/277
f 277/277/277 278/278/278 280/280/280
f 278/278/278 281/281/281 280/280/280
f 282/282/282 280/280/280 281/281/281
f 283/283/283 280/280/280 282/282/282
f 284/284/284 283/283/283 282/282/282
f 287/287/287 286/286/286 285/285/285
f 288/288/288 285/285/285 286/286/286
f 285/285/285 288/288/288 289/289/289
f 290/290/290 289/289/289 288/288/288
f 288/288/288 291/291/291 290/290/290
f 292/292/292 290/290/290 291/291/291
f 295/295/295 294/294/294 293/293/293
f 293/293/293 294/294/294 296/296/296
f 294/294/294 297/297/297 296/296/296
f 298/298/298 296/296/296 297/297/297
f 299/299/299 296/296/296 298/298/298
f 300/300/300 299/299/299 298/298/298
f 303/303/303 302/302/302 301/301/301
f 304/304/304 301/301/301 302/302/302
f 301/301/301 304/304/304 305/305/305
f 306/306/306 305/305/305 304/304/304
f 304/304/304 307/307/307 306/306/306
f 308/308/308 306/306/306 307/307/307
f 311/311/311 310/310/310 309/309/309
f 309/309/309 310/310/310 312/312/312
f 310/310/310 313/313/313 312/312/312
f 314/314/314 312/312/312 313/313/313
f 315/315/315 312/312/312 314/314/314
f 316/316/316 315/315/315 314/314/314
f 319/319/319 318/318/318 317/317/317
f 320/320/320 317/317/317 318/318/318
f 317/317/317 320/320/320 321/321/321
f 322/322/322 321/321/321 320/320/320
f 320/320/320 323/323/323 322/322/322
f 324/324/324 322/322/322 323/323/323
f 327/327/327 326/326/326 325/325/325
f 325/325/325 326/326/326 328/328/328
f 326/326/326 329/329/329 328/328/328
f 330/330/330 328/328/328 329/329/329
f 331/331/331 328/328/328 330/330/330
f 332/332/332 331/331/331 330/330/330
f 335/335/335 334/334/334 333/333/333
f 336/336/336 333/333/333 334/334/334
f 333/333/333 336/336/336 337/337/337
f 338/338/338 337/337/337 336/336/336
f 336/336/336 339/339/339 338/338/338
f 340/340/340 338/338/338 339/339/339
f 343/343/343 342/342/342 341/341/341
f 341/341/341 342/342/342 344/344/344
f 342/342/342 345/345/345 344/344/344
f 346/346/346 344/344/344 345/345/345
f 347/347/347 344/344/344 346/346/346
f 348/348/348 347/347/347 346/346/346
f 351/351/351 350/350/350 349/349/349
f 352/352/352 349/349/349 350/350/350
f 349/349/349 352/352/352 353/353/353
f 354/354/354 353/353/353 352/352/352
f 352/352/352 355/355/355 354/354/354
f 356/356/356 354/354/354 355/355/355
f 359/359/359 358/358/358 357/357/357
f 357/357/357 358/358/358 360/360/360
f 358/358/358 361/361/361 360/360/360
f 362/362/362 360/360/360 361/361/361
f 363/363/363 360/360/360 362/362/362
f 364/364/364 363/363/363 362/362/362
f 367/367/367 366/366/366 365/365/365
f 368/368/368 365/365/365 366/366/366
f 365/365/365 368/368/368 369/369/369
f 370/370/370 369/369/369 368/368/368
f 368/368/368 371/371/371 370/370/370
f 372/372/372 370/370/370 371/371/371
f 375/375/375 374/374/374 373/373/373
f 376/376/376 373/373/373 374/374/374
f 373/373/373 376/376/376 377/377/377
f 378/378/378 377/377/377 376/376/376
f 376/376/376 379/379/379 378/378/378
f 380/380/380 378/378/378 379/379/379
f 383/383/383 382/382/382 381/381/381
f 384/384/384 381/381/381 382/382/382
f 381/381/381 384/384/384 385/385/385
f 386/386/386 385/385/385 384/384/384
f 384/384/384 387/387/387 386/386/386
f 388/388/388 386/386/386 387/387/387
f 391/391/391 390/390/390 389/389/389
f 389/389/389 390/390/390 392/392/392
f 390/390/390 393/393/393 392/392/392
f 394/394/394 392/392/392 393/393/393
f 395/395/395 392/392/392 394/394/394
f 396/396/396 395/395/395 394/394/394
f 399/399/399 398/398/398 397/397/397
f 400/400/400 397/397/397 398/398/398
f 397/397/397 400/400/400 401/401/401
f 402/402/402 401/401/401 400/400/400
f 400/400/400 403/403/403 402/402/402
f 404/404/404 402/402/402 403/403/403
f 407/407/407 406/406/406 405/405/405
f 405/405/405 406/406/406 408/408/408
f 406/406/406 409/409/409 408/408/408
f 410/410/410 408/408/408 409/409/409
f 411/411/411 408/408/408 410/410/410
f 412/412/412 411/411/411 410/410/410
f 415/415/415 414/414/414 413/413/413
f 416/416/416 413/413/413 414/414/414
f 413/413/413 416/416/416 417/417/417
f 418/418/418 417/417/417 416/416/416
f 416/416/416 419/419/419 418/418/418
f 420/420/420 418/418/418 419/419/419
f 423/423/423 422/422/422 421/421/421
f 421/421/421 422/422/422 424/424/424
f 422/422/422 425/425/425 424/424/424
f 426/426/426 424/424/424 425/425/425
f 427/427/427 424/424/424 426/426/426
f 428/428/428 427/427/427 426/426/426
f 431/431/431 430/430/430 429/429/429
f 432/432/432 431/431/431 429/429/429
f 431/431/431 432/432/432 433/433/433
f 431/431/431 433/433/433 434/434/434
f 434/434/434 433/433/433 435/435/435
f 436/436/436 433/433/433 432/432/432
f 432/432/432 437/437/437 436/436/436
f 438/438/438 436/436/436 437/437/437
f 433/433/433 439/439/439 435/435/435
f 433/433/433 436/436/436 439/439/439
f 440/440/440 435/435/435 439/439/439
f 440/440/440 439/439/439 441/441/441
f 442/442/442 441/441/441 439/439/439
f 444/444/444 442/442/442 443/443/443
f 445/445/445 443/443/443 442/442/442
f 439/439/439 445/445/445 442/442/442
f 446/446/446 439/439/439 436/436/436
f 446/446/446 445/445/445 439/439/439
f 436/436/436 438/438/438 446/446/446
f 447/447/447 445/445/445 446/446/446
f 448/448/448 446/446/446 438/438/438
f 448/448/448 447/447/447 446/446/446
f 451/451/451 450/450/450 449/449/449
f 452/452/452 450/450/450 451/451/451
f 453/453/453 450/450/450 452/452/452
f 450/450/450 453/453/453 454/454/454
f 454/454/454 453/453/453 455/455/455
f 452/452/452 456/456/456 453/453/453
f 452/452/452 457/457/457 456/456/456
f 458/458/458 456/456/456 457/457/457
f 453/453/453 459/459/459 455/455/455
f 453/453/453 456/456/456 459/459/459
f 460/460/460 455/455/455 459/459/459
f 460/460/460 459/459/459 461/461/461
f 462/462/462 461/461/461 459/459/459
f 456/456/456 458/458/458 463/463/463
f 463/463/463 459/459/459 456/456/456
f 459/459/459 463/463/463 462/462/462
f 464/464/464 463/463/463 458/458/458
f 465/465/465 463/463/463 464/464/464
f 466/466/466 463/463/463 465/465/465
f 466/466/466 462/462/462 463/463/463
f 466/466/466 467/467/467 462/462/462
f 468/468/468 462/462/462 467/467/467
f 471/471/471 470/470/470 469/469/469
f 472/472/472 471/471/471 469/469/469
f 473/473/473 471/471/471 472/472/472
f 471/471/471 473/473/473 474/474/474
f 474/474/474 473/473/473 475/475/475
f 476/476/476 473/473/473 472/472/472
f 472/472/472 477/477/477 476/476/476
f 478/478/478 476/476/476 477/477/477
f 475/475/475 473/473/473 479/479/479
f 473/473/473 476/476/476 479/479/479
f 479/479/479 480/480/480 475/475/475
f 480/480/480 479/479/479 481/481/481
f 482/482/482 481/481/481 479/479/479
f 484/484/484 482/482/482 483/483/483
f 485/485/485 483/483/483 482/482/482
f 485/485/485 482/482/482 479/479/479
f 486/486/486 479/479/479 476/476/476
f 485/485/485 479/479/479 486/486/486
f 476/476/476 478/478/478 486/486/486
f 487/487/487 485/485/485 486/486/486
f 488/488/488 486/486/486 478/478/478
f 488/488/488 487/487/487 486/486/486
f 491/491/491 490/490/490 489/489/489
f 489/489/489 490/490/490 492/492/492
f 494/494/494 493/493/493 490/490/490
f 492/492/492 490/490/490 493/493/493
f 493/493/493 495/495/495 492/492/492
f 496/496/496 492/492/492 495/495/495
f 499/499/499 498/498/498 497/497/497
f 500/500/500 497/497/497 498/498/498
f 497/497/497 500/500/500 501/501/501
f 502/502/502 501/501/501 500/500/500
f 503/503/503 497/497/497 501/501/501
f 504/504/504 503/503/503 501/501/501
f 507/507/507 506/506/506 505/505/505
f 506/506/506 507/507/507 508/508/508
f 508/508/508 509/509/509 506/506/506
f 507/507/507 510/510/510 508/508/508
f 509/509/509 508/508/508 511/511/511
f 511/511/511 512/512/512 509/509/509
f 508/508/508 510/510/510 513/513/513
f 513/513/513 511/511/511 508/508/508
f 512/512/512 511/511/511 514/514/514
f 512/512/512 514/514/514 515/515/515
f 515/515/515 514/514/514 516/516/516
f 517/517/517 514/514/514 511/511/511
f 511/511/511 513/513/513 517/517/517
f 518/518/518 516/516/516 514/514/514
f 514/514/514 517/517/517 518/518/518
f 516/516/516 518/518/518 519/519/519
f 519/519/519 518/518/518 520/520/520
f 518/518/518 517/517/517 521/521/521
f 521/521/521 520/520/520 518/518/518
f 517/517/517 513/513/513 522/522/522
f 522/522/522 521/521/521 517/517/517
f 523/523/523 520/520/520 521/521/521
f 521/521/521 522/522/522 523/523/523
f 520/520/520 523/523/523 524/524/524
f 525/525/525 522/522/522 513/513/513
f 513/513/513 510/510/510 525/525/525
f 526/526/526 525/525/525 510/510/510
f 527/527/527 523/523/523 522/522/522
f 522/522/522 525/525/525 527/527/527
f 528/528/528 524/524/524 523/523/523
f 523/523/523 527/527/527 528/528/528
f 524/524/524 528/528/528 529/529/529
f 529/529/529 528/528/528 530/530/530
f 525/525/525 526/526/526 531/531/531
f 531/531/531 527/527/527 525/525/525
f 532/532/532 531/531/531 526/526/526
f 533/533/533 528/528/528 527/527/527
f 527/527/527 531/531/531 533/533/533
f 534/534/534 530/530/530 528/528/528
f 528/528/528 533/533/533 534/534/534
f 530/530/530 534/534/534 535/535/535
f 531/531/531 532/532/532 536/536/536
f 536/536/536 533/533/533 531/531/531
f 537/537/537 536/536/536 532/532/532
f 533/533/533 536/536/536 538/538/538
f 538/538/538 534/534/534 533/533/533
f 536/536/536 537/537/537 539/539/539
f 539/539/539 538/538/538 536/536/536
f 540/540/540 539/539/539 537/537/537
f 541/541/541 539/539/539 540/540/540
f 539/539/539 541/541/541 542/542/542
f 542/542/542 538/538/538 539/539/539
f 543/543/543 542/542/542 541/541/541
f 542/542/542 543/543/543 544/544/544
f 538/538/538 542/542/542 545/545/545
f 544/544/544 545/545/545 542/542/542
f 545/545/545 534/534/534 538/538/538
f 545/545/545 544/544/544 546/546/546
f 534/534/534 545/545/545 547/547/547
f 546/546/546 547/547/547 545/545/545
f 547/547/547 535/535/535 534/534/534
f 548/548/548 547/547/547 546/546/546
f 535/535/535 547/547/547 549/549/549
f 548/548/548 549/549/549 547/547/547
f 552/552/552 551/551/551 550/550/550
f 551/551/551 552/552/552 553/553/553
f 553/553/553 554/554/554 551/551/551
f 552/552/552 555/555/555 553/553/553
f 554/554/554 553/553/553 556/556/556
f 553/553/553 555/555/555 557/557/557
f 553/553/553 557/557/557 556/556/556
f 557/557/557 555/555/555 558/558/558
f 559/559/559 558/558/558 555/555/555
f 556/556/556 557/557/557 560/560/560
f 558/558/558 559/559/559 561/561/561
f 562/562/562 561/561/561 559/559/559
f 558/558/558 563/563/563 557/557/557
f 560/560/560 557/557/557 563/563/563
f 561/561/561 564/564/564 558/558/558
f 564/564/564 563/563/563 558/558/558
f 561/561/561 562/562/562 565/565/565
f 566/566/566 565/565/565 562/562/562
f 567/567/567 564/564/564 561/561/561
f 565/565/565 567/567/567 561/561/561
f 565/565/565 566/566/566 568/568/568
f 565/565/565 568/568/568 567/567/567
f 569/569/569 568/568/568 566/566/566
f 564/564/564 567/567/567 570/570/570
f 564/564/564 570/570/570 563/563/563
f 568/568/568 569/569/569 571/571/571
f 572/572/572 571/571/571 569/569/569
f 573/573/573 571/571/571 572/572/572
f 571/571/571 573/573/573 574/574/574
f 571/571/571 575/575/575 568/568/568
f 575/575/575 567/567/567 568/568/568
f 574/574/574 576/576/576 571/571/571
f 571/571/571 576/576/576 575/575/575
f 576/576/576 574/574/574 577/577/577
f 567/567/567 575/575/575 578/578/578
f 578/578/578 570/570/570 567/567/567
f 577/577/577 579/579/579 576/576/576
f 576/576/576 579/579/579 575/575/575
f 579/579/579 577/577/577 580/580/580
f 581/581/581 578/578/578 575/575/575
f 581/581/581 575/575/575 579/579/579
f 579/579/579 580/580/580 582/582/582
f 583/583/583 582/582/582 580/580/580
f 583/583/583 584/584/584 582/582/582
f 584/584/584 585/585/585 582/582/582
f 582/582/582 586/586/586 579/579/579
f 582/582/582 585/585/585 586/586/586
f 579/579/579 586/586/586 581/581/581
f 585/585/585 587/587/587 586/586/586
f 586/586/586 587/587/587 588/588/588
f 586/586/586 589/589/589 581/581/581
f 586/586/586 588/588/588 589/589/589
f 578/578/578 581/581/581 589/589/589
f 578/578/578 589/589/589 570/570/570
f 590/590/590 589/589/589 588/588/588
f 589/589/589 590/590/590 591/591/591
f 589/589/589 591/591/591 570/570/570
f 592/592/592 591/591/591 590/590/590
f 570/570/570 591/591/591 593/593/593
f 593/593/593 563/563/563 570/570/570
f 591/591/591 592/592/592 594/594/594
f 591/591/591 594/594/594 593/593/593
f 592/592/592 595/595/595 594/594/594
f 593/593/593 596/596/596 563/563/563
f 593/593/593 594/594/594 596/596/596
f 560/560/560 563/563/563 596/596/596
f 560/560/560 596/596/596 556/556/556
f 597/597/597 594/594/594 595/595/595
f 597/597/597 596/596/596 594/594/594
f 598/598/598 556/556/556 596/596/596
f 596/596/596 597/597/597 598/598/598
f 556/556/556 598/598/598 554/554/554
f 599/599/599 554/554/554 598/598/598
f 599/599/599 598/598/598 600/600/600
f 597/597/597 595/595/595 601/601/601
f 601/601/601 598/598/598 597/597/597
f 601/601/601 600/600/600 598/598/598
f 602/602/602 601/601/601 595/595/595
f 601/601/601 602/602/602 600/600/600
f 602/602/602 603/603/603 600/600/600
f 606/606/606 605/605/605 604/604/604
f 604/604/604 605/605/605 607/607/607
f 604/604/604 607/607/607 608/608/608
f 609/609/609 607/607/607 605/605/605
f 608/608/608 607/607/607 610/610/610
f 608/608/608 610/610/610 611/611/611
f 607/607/607 609/609/609 612/612/612
f 612/612/612 610/610/610 607/607/607
f 613/613/613 611/611/611 610/610/610
f 611/611/611 613/613/613 614/614/614
f 615/615/615 614/614/614 613/613/613
f 616/616/616 613/613/613 610/610/610
f 610/610/610 612/612/612 616/616/616
f 617/617/617 615/615/615 613/613/613
f 613/613/613 616/616/616 617/617/617
f 615/615/615 617/617/617 618/618/618
f 618/618/618 617/617/617 619/619/619
f 620/620/620 619/619/619 617/617/617
f 617/617/617 616/616/616 620/620/620
f 619/619/619 620/620/620 621/621/621
f 616/616/616 612/612/612 622/622/622
f 622/622/622 620/620/620 616/616/616
f 623/623/623 621/621/621 620/620/620
f 620/620/620 622/622/622 623/623/623
f 621/621/621 623/623/623 624/624/624
f 625/625/625 622/622/622 612/612/612
f 612/612/612 609/609/609 625/625/625
f 626/626/626 625/625/625 609/609/609
f 626/626/626 627/627/627 625/625/625
f 628/628/628 623/623/623 622/622/622
f 622/622/622 625/625/625 628/628/628
f 629/629/629 624/624/624 623/623/623
f 623/623/623 628/628/628 629/629/629
f 624/624/624 629/629/629 630/630/630
f 631/631/631 628/628/628 625/625/625
f 631/631/631 625/625/625 627/627/627
f 632/632/632 629/629/629 628/628/628
f 628/628/628 631/631/631 632/632/632
f 631/631/631 627/627/627 633/633/633
f 633/633/633 632/632/632 631/631/631
f 634/634/634 633/633/633 627/627/627
f 629/629/629 632/632/632 635/635/635
f 635/635/635 630/630/630 629/629/629
f 632/632/632 633/633/633 636/636/636
f 636/636/636 635/635/635 632/632/632
f 633/633/633 634/634/634 637/637/637
f 637/637/637 636/636/636 633/633/633
f 638/638/638 637/637/637 634/634/634
f 638/638/638 639/639/639 637/637/637
f 637/637/637 640/640/640 636/636/636
f 637/637/637 639/639/639 640/640/640
f 642/642/642 641/641/641 639/639/639
f 640/640/640 639/639/639 641/641/641
f 636/636/636 640/640/640 643/643/643
f 640/640/640 641/641/641 643/643/643
f 636/636/636 643/643/643 635/635/635
f 643/643/643 641/641/641 644/644/644
f 645/645/645 635/635/635 643/643/643
f 643/643/643 644/644/644 645/645/645
f 635/635/635 645/645/645 630/630/630
f 646/646/646 645/645/645 644/644/644
f 647/647/647 630/630/630 645/645/645
f 647/647/647 645/645/645 646/646/646
f 647/647/647 646/646/646 648/648/648
f 651/651/651 650/650/650 649/649/649
f 649/649/649 650/650/650 652/652/652
f 649/649/649 652/652/652 653/653/653
f 650/650/650 654/654/654 652/652/652
f 653/653/653 652/652/652 655/655/655
f 653/653/653 655/655/655 656/656/656
f 657/657/657 652/652/652 654/654/654
f 652/652/652 657/657/657 655/655/655
f 658/658/658 656/656/656 655/655/655
f 656/656/656 658/658/658 659/659/659
f 660/660/660 659/659/659 658/658/658
f 655/655/655 661/661/661 658/658/658
f 661/661/661 655/655/655 657/657/657
f 658/658/658 662/662/662 660/660/660
f 662/662/662 658/658/658 661/661/661
f 663/663/663 660/660/660 662/662/662
f 663/663/663 662/662/662 664/664/664
f 665/665/665 664/664/664 662/662/662
f 662/662/662 661/661/661 665/665/665
f 664/664/664 665/665/665 666/666/666
f 661/661/661 657/657/657 667/667/667
f 667/667/667 665/665/665 661/661/661
f 668/668/668 666/666/666 665/665/665
f 665/665/665 667/667/667 668/668/668
f 666/666/666 668/668/668 669/669/669
f 670/670/670 667/667/667 657/657/657
f 657/657/657 654/654/654 670/670/670
f 671/671/671 670/670/670 654/654/654
f 672/672/672 668/668/668 667/667/667
f 667/667/667 670/670/670 672/672/672
f 673/673/673 669/669/669 668/668/668
f 668/668/668 672/672/672 673/673/673
f 669/669/669 673/673/673 674/674/674
f 670/670/670 671/671/671 675/675/675
f 675/675/675 672/672/672 670/670/670
f 676/676/676 675/675/675 671/671/671
f 677/677/677 673/673/673 672/672/672
f 672/672/672 675/675/675 677/677/677
f 675/675/675 676/676/676 678/678/678
f 678/678/678 677/677/677 675/675/675
f 679/679/679 678/678/678 676/676/676
f 673/673/673 677/677/677 680/680/680
f 680/680/680 674/674/674 673/673/673
f 677/677/677 678/678/678 681/681/681
f 681/681/681 680/680/680 677/677/677
f 678/678/678 679/679/679 682/682/682
f 682/682/682 681/681/681 678/678/678
f 683/683/683 682/682/682 679/679/679
f 684/684/684 682/682/682 683/683/683
f 682/682/682 684/684/684 685/685/685
f 685/685/685 681/681/681 682/682/682
f 684/684/684 686/686/686 685/685/685
f 685/685/685 686/686/686 687/687/687
f 681/681/681 685/685/685 688/688/688
f 685/685/685 687/687/687 688/688/688
f 688/688/688 680/680/680 681/681/681
f 688/688/688 687/687/687 689/689/689
f 680/680/680 688/688/688 690/690/690
f 688/688/688 689/689/689 690/690/690
f 690/690/690 674/674/674 680/680/680
f 691/691/691 690/690/690 689/689/689
f 674/674/674 690/690/690 692/692/692
f 691/691/691 693/693/693 690/690/690
f 692/692/692 690/690/690 693/693/693
f 696/696/696 695/695/695 694/694/694
f 694/694/694 697/697/697 696/696/696
f 696/696/696 697/697/697 698/698/698
f 694/694/694 699/699/699 697/697/697
f 700/700/700 698/698/698 697/697/697
f 698/698/698 700/700/700 701/701/701
f 702/702/702 697/697/697 699/699/699
f 699/699/699 703/703/703 702/702/702
f 700/700/700 697/697/697 704/704/704
f 704/704/704 697/697/697 702/702/702
f 705/705/705 701/701/701 700/700/700
f 700/700/700 704/704/704 705/705/705
f 706/706/706 702/702/702 703/703/703
f 702/702/702 706/706/706 704/704/704
f 707/707/707 701/701/701 705/705/705
f 708/708/708 701/701/701 707/707/707
f 709/709/709 705/705/705 704/704/704
f 705/705/705 709/709/709 707/707/707
f 710/710/710 704/704/704 706/706/706
f 711/711/711 708/708/708 707/707/707
f 711/711/711 712/712/712 708/708/708
f 710/710/710 713/713/713 704/704/704
f 709/709/709 704/704/704 713/713/713
f 710/710/710 706/706/706 714/714/714
f 710/710/710 714/714/714 713/713/713
f 703/703/703 715/715/715 706/706/706
f 715/715/715 714/714/714 706/706/706
f 716/716/716 715/715/715 703/703/703
f 718/718/718 717/717/717 716/716/716
f 716/716/716 717/717/717 715/715/715
f 717/717/717 719/719/719 715/715/715
f 714/714/714 715/715/715 719/719/719
f 714/714/714 719/719/719 720/720/720
f 720/720/720 713/713/713 714/714/714
f 721/721/721 720/720/720 719/719/719
f 713/713/713 720/720/720 722/722/722
f 722/722/722 709/709/709 713/713/713
f 720/720/720 721/721/721 723/723/723
f 723/723/723 722/722/722 720/720/720
f 724/724/724 723/723/723 721/721/721
f 725/725/725 709/709/709 722/722/722
f 725/725/725 707/707/707 709/709/709
f 722/722/722 723/723/723 726/726/726
f 722/722/722 726/726/726 725/725/725
f 723/723/723 724/724/724 727/727/727
f 727/727/727 726/726/726 723/723/723
f 728/728/728 727/727/727 724/724/724
f 725/725/725 729/729/729 707/707/707
f 729/729/729 725/725/725 726/726/726
f 711/711/711 707/707/707 729/729/729
f 730/730/730 726/726/726 727/727/727
f 726/726/726 730/730/730 729/729/729
f 727/727/727 728/728/728 731/731/731
f 727/727/727 731/731/731 730/730/730
f 732/732/732 731/731/731 728/728/728
f 731/731/731 732/732/732 733/733/733
f 733/733/733 730/730/730 731/731/731
f 734/734/734 733/733/733 732/732/732
f 734/734/734 735/735/735 733/733/733
f 736/736/736 733/733/733 735/735/735
f 733/733/733 736/736/736 737/737/737
f 733/733/733 737/737/737 730/730/730
f 737/737/737 736/736/736 738/738/738
f 730/730/730 737/737/737 739/739/739
f 739/739/739 729/729/729 730/730/730
f 737/737/737 738/738/738 740/740/740
f 739/739/739 737/737/737 740/740/740
f 741/741/741 740/740/740 738/738/738
f 739/739/739 742/742/742 729/729/729
f 740/740/740 742/742/742 739/739/739
f 711/711/711 729/729/729 742/742/742
f 742/742/742 712/712/712 711/711/711
f 712/712/712 742/742/742 743/743/743
f 741/741/741 744/744/744 740/740/740
f 744/744/744 742/742/742 740/740/740
f 742/742/742 744/744/744 743/743/743
f 744/744/744 741/741/741 745/745/745
f 746/746/746 743/743/743 744/744/744
f 744/744/744 745/745/745 747/747/747
f 747/747/747 746/746/746 744/744/744
f 750/750/750 749/749/749 748/748/748
f 750/750/750 751/751/751 749/749/749
f 749/749/749 751/751/751 752/752/752
f 750/750/750 753/753/753 751/751/751
f 754/754/754 752/752/752 751/751/751
f 752/752/752 754/754/754 755/755/755
f 751/751/751 753/753/753 756/756/756
f 757/757/757 755/755/755 754/754/754
f 757/757/757 758/758/758 755/755/755
f 759/759/759 758/758/758 757/757/757
f 759/759/759 757/757/757 760/760/760
f 754/754/754 751/751/751 761/761/761
f 756/756/756 761/761/761 751/751/751
f 757/757/757 754/754/754 762/762/762
f 761/761/761 762/762/762 754/754/754
f 762/762/762 760/760/760 757/757/757
f 761/761/761 756/756/756 763/763/763
f 761/761/761 763/763/763 762/762/762
f 762/762/762 764/764/764 760/760/760
f 764/764/764 762/762/762 763/763/763
f 765/765/765 760/760/760 764/764/764
f 764/764/764 766/766/766 765/765/765
f 764/764/764 763/763/763 766/766/766
f 767/767/767 765/765/765 766/766/766
f 767/767/767 766/766/766 768/768/768
f 769/769/769 763/763/763 756/756/756
f 756/756/756 753/753/753 769/769/769
f 770/770/770 769/769/769 753/753/753
f 771/771/771 766/766/766 763/763/763
f 763/763/763 769/769/769 771/771/771
f 769/769/769 770/770/770 772/772/772
f 772/772/772 771/771/771 769/769/769
f 773/773/773 772/772/772 770/770/770
f 766/766/766 771/771/771 774/774/774
f 774/774/774 768/768/768 766/766/766
f 771/771/771 772/772/772 775/775/775
f 775/775/775 774/774/774 771/771/771
f 772/772/772 773/773/773 776/776/776
f 776/776/776 775/775/775 772/772/772
f 777/777/777 776/776/776 773/773/773
f 778/778/778 774/774/774 775/775/775
f 775/775/775 776/776/776 778/778/778
f 779/779/779 768/768/768 774/774/774
f 774/774/774 778/778/778 779/779/779
f 768/768/768 779/779/779 780/780/780
f 780/780/780 779/779/779 781/781/781
f 776/776/776 777/777/777 782/782/782
f 782/782/782 778/778/778 776/776/776
f 783/783/783 782/782/782 777/777/777
f 784/784/784 782/782/782 783/783/783
f 785/785/785 781/781/781 779/779/779
f 779/779/779 778/778/778 785/785/785
f 781/781/781 785/785/785 786/786/786
f 787/787/787 786/786/786 785/785/785
f 787/787/787 785/785/785 788/788/788
f 789/789/789 788/788/788 785/785/785
f 789/789/789 785/785/785 778/778/778
f 788/788/788 789/789/789 790/790/790
f 778/778/778 791/791/791 789/789/789
f 791/791/791 790/790/790 789/789/789
f 782/782/782 791/791/791 778/778/778
f 782/782/782 784/784/784 791/791/791
f 790/790/790 791/791/791 792/792/792
f 784/784/784 792/792/792 791/791/791
f 795/795/795 794/794/794 793/793/793
f 795/795/795 796/796/796 794/794/794
f 794/794/794 796/796/796 797/797/797
f 795/795/795 798/798/798 796/796/796
f 799/799/799 797/797/797 796/796/796
f 797/797/797 799/799/799 800/800/800
f 796/796/796 798/798/798 801/801/801
f 796/796/796 801/801/801 799/799/799
f 802/802/802 800/800/800 799/799/799
f 802/802/802 803/803/803 800/800/800
f 799/799/799 801/801/801 804/804/804
f 799/799/799 804/804/804 802/802/802
f 806/806/806 805/805/805 803/803/803
f 803/803/803 807/807/807 806/806/806
f 803/803/803 802/802/802 807/807/807
f 806/806/806 807/807/807 808/808/808
f 809/809/809 807/807/807 802/802/802
f 809/809/809 802/802/802 804/804/804
f 810/810/810 808/808/808 807/807/807
f 807/807/807 809/809/809 810/810/810
f 808/808/808 810/810/810 811/811/811
f 810/810/810 809/809/809 812/812/812
f 810/810/810 812/812/812 811/811/811
f 809/809/809 804/804/804 813/813/813
f 809/809/809 813/813/813 812/812/812
f 814/814/814 811/811/811 812/812/812
f 812/812/812 813/813/813 814/814/814
f 815/815/815 811/811/811 814/814/814
f 804/804/804 816/816/816 813/813/813
f 804/804/804 801/801/801 816/816/816
f 817/817/817 815/815/815 814/814/814
f 818/818/818 815/815/815 817/817/817
f 813/813/813 819/819/819 814/814/814
f 814/814/814 819/819/819 817/817/817
f 816/816/816 820/820/820 813/813/813
f 819/819/819 813/813/813 820/820/820
f 801/801/801 821/821/821 816/816/816
f 816/816/816 821/821/821 820/820/820
f 801/801/801 798/798/798 821/821/821
f 822/822/822 821/821/821 798/798/798
f 821/821/821 822/822/822 823/823/823
f 821/821/821 823/823/823 820/820/820
f 824/824/824 823/823/823 822/822/822
f 819/819/819 820/820/820 825/825/825
f 819/819/819 825/825/825 817/817/817
f 820/820/820 823/823/823 826/826/826
f 826/826/826 825/825/825 820/820/820
f 823/823/823 824/824/824 827/827/827
f 823/823/823 827/827/827 826/826/826
f 828/828/828 827/827/827 824/824/824
f 829/829/829 825/825/825 826/826/826
f 827/827/827 828/828/828 830/830/830
f 831/831/831 830/830/830 828/828/828
f 831/831/831 832/832/832 830/830/830
f 833/833/833 826/826/826 827/827/827
f 827/827/827 830/830/830 833/833/833
f 826/826/826 833/833/833 829/829/829
f 830/830/830 832/832/832 834/834/834
f 834/834/834 833/833/833 830/830/830
f 832/832/832 835/835/835 834/834/834
f 836/836/836 834/834/834 835/835/835
f 833/833/833 834/834/834 837/837/837
f 834/834/834 836/836/836 837/837/837
f 837/837/837 829/829/829 833/833/833
f 838/838/838 837/837/837 836/836/836
f 837/837/837 838/838/838 839/839/839
f 829/829/829 837/837/837 839/839/839
f 840/840/840 839/839/839 838/838/838
f 829/829/829 839/839/839 841/841/841
f 825/825/825 829/829/829 841/841/841
f 841/841/841 817/817/817 825/825/825
f 841/841/841 818/818/818 817/817/817
f 818/818/818 841/841/841 842/842/842
f 843/843/843 842/842/842 841/841/841
f 844/844/844 841/841/841 839/839/839
f 841/841/841 844/844/844 843/843/843
f 840/840/840 844/844/844 839/839/839
f 845/845/845 843/843/843 844/844/844
f 844/844/844 840/840/840 846/846/846
f 844/844/844 846/846/846 845/845/845
f 849/849/849 848/848/848 847/847/847
f 848/848/848 849/849/849 850/850/850
f 850/850/850 851/851/851 848/848/848
f 852/852/852 850/850/850 849/849/849
f 851/851/851 850/850/850 853/853/853
f 854/854/854 851/851/851 853/853/853
f 850/850/850 852/852/852 855/855/855
f 855/855/855 853/853/853 850/850/850
f 854/854/854 853/853/853 856/856/856
f 857/857/857 854/854/854 856/856/856
f 857/857/857 856/856/856 858/858/858
f 859/859/859 856/856/856 853/853/853
f 853/853/853 855/855/855 859/859/859
f 860/860/860 858/858/858 856/856/856
f 856/856/856 859/859/859 860/860/860
f 858/858/858 860/860/860 861/861/861
f 861/861/861 860/860/860 862/862/862
f 863/863/863 862/862/862 860/860/860
f 860/860/860 859/859/859 863/863/863
f 862/862/862 863/863/863 864/864/864
f 859/859/859 855/855/855 865/865/865
f 865/865/865 863/863/863 859/859/859
f 866/866/866 864/864/864 863/863/863
f 863/863/863 865/865/865 866/866/866
f 864/864/864 866/866/866 867/867/867
f 868/868/868 865/865/865 855/855/855
f 855/855/855 852/852/852 868/868/868
f 869/869/869 868/868/868 852/852/852
f 870/870/870 868/868/868 869/869/869
f 871/871/871 866/866/866 865/865/865
f 865/865/865 868/868/868 871/871/871
f 872/872/872 867/867/867 866/866/866
f 866/866/866 871/871/871 872/872/872
f 867/867/867 872/872/872 873/873/873
f 874/874/874 871/871/871 868/868/868
f 874/874/874 868/868/868 870/870/870
f 875/875/875 872/872/872 871/871/871
f 871/871/871 874/874/874 875/875/875
f 874/874/874 870/870/870 876/876/876
f 876/876/876 875/875/875 874/874/874
f 877/877/877 876/876/876 870/870/870
f 872/872/872 875/875/875 878/878/878
f 878/878/878 873/873/873 872/872/872
f 875/875/875 876/876/876 879/879/879
f 879/879/879 878/878/878 875/875/875
f 876/876/876 877/877/877 880/880/880
f 880/880/880 879/879/879 876/876/876
f 881/881/881 880/880/880 877/877/877
f 881/881/881 882/882/882 880/880/880
f 880/880/880 883/883/883 879/879/879
f 880/880/880 882/882/882 883/883/883
f 885/885/885 884/884/884 882/882/882
f 883/883/883 882/882/882 884/884/884
f 879/879/879 883/883/883 886/886/886
f 884/884/884 886/886/886 883/883/883
f 879/879/879 886/886/886 878/878/878
f 886/886/886 884/884/884 887/887/887
f 888/888/888 878/878/878 886/886/886
f 888/888/888 886/886/886 887/887/887
f 878/878/878 888/888/888 873/873/873
f 888/888/888 887/887/887 889/889/889
f 890/890/890 873/873/873 888/888/888
f 889/889/889 890/890/890 888/888/888
f 890/890/890 889/889/889 891/891/891
f 894/894/894 893/893/893 892/892/892
f 892/892/892 893/893/893 895/895/895
f 892/892/892 895/895/895 896/896/896
f 893/893/893 897/897/897 895/895/895
f 896/896/896 895/895/895 898/898/898
f 895/895/895 897/897/897 899/899/899
f 898/898/898 900/900/900 896/896/896
f 901/901/901 896/896/896 900/900/900
f 900/900/900 902/902/902 901/901/901
f 898/898/898 895/895/895 903/903/903
f 899/899/899 903/903/903 895/895/895
f 905/905/905 904/904/904 902/902/902
f 902/902/902 906/906/906 905/905/905
f 902/902/902 900/900/900 906/906/906
f 905/905/905 906/906/906 907/907/907
f 906/906/906 900/900/900 908/908/908
f 908/908/908 907/907/907 906/906/906
f 900/900/900 898/898/898 909/909/909
f 909/909/909 908/908/908 900/900/900
f 903/903/903 909/909/909 898/898/898
f 908/908/908 910/910/910 907/907/907
f 911/911/911 907/907/907 910/910/910
f 909/909/909 912/912/912 908/908/908
f 910/910/910 908/908/908 912/912/912
f 913/913/913 911/911/911 910/910/910
f 910/910/910 912/912/912 913/913/913
f 914/914/914 911/911/911 913/913/913
f 912/912/912 909/909/909 915/915/915
f 903/903/903 915/915/915 909/909/909
f 916/916/916 913/913/913 912/912/912
f 912/912/912 915/915/915 916/916/916
f 917/917/917 914/914/914 913/913/913
f 913/913/913 916/916/916 917/917/917
f 918/918/918 914/914/914 917/917/917
f 915/915/915 903/903/903 919/919/919
f 899/899/899 919/919/919 903/903/903
f 899/899/899 897/897/897 919/919/919
f 920/920/920 919/919/919 897/897/897
f 915/915/915 919/919/919 921/921/921
f 921/921/921 916/916/916 915/915/915
f 919/919/919 920/920/920 922/922/922
f 922/922/922 921/921/921 919/919/919
f 923/923/923 922/922/922 920/920/920
f 921/921/921 924/924/924 916/916/916
f 921/921/921 922/922/922 924/924/924
f 922/922/922 923/923/923 925/925/925
f 925/925/925 924/924/924 922/922/922
f 926/926/926 925/925/925 923/923/923
f 927/927/927 916/916/916 924/924/924
f 927/927/927 917/917/917 916/916/916
f 928/928/928 924/924/924 925/925/925
f 924/924/924 928/928/928 927/927/927
f 925/925/925 926/926/926 929/929/929
f 929/929/929 928/928/928 925/925/925
f 930/930/930 929/929/929 926/926/926
f 931/931/931 929/929/929 930/930/930
f 929/929/929 931/931/931 932/932/932
f 932/932/932 928/928/928 929/929/929
f 931/931/931 933/933/933 932/932/932
f 932/932/932 933/933/933 934/934/934
f 932/932/932 934/934/934 935/935/935
f 928/928/928 932/932/932 935/935/935
f 935/935/935 934/934/934 936/936/936
f 937/937/937 927/927/927 928/928/928
f 935/935/935 937/937/937 928/928/928
f 927/927/927 937/937/937 917/917/917
f 935/935/935 936/936/936 938/938/938
f 937/937/937 935/935/935 938/938/938
f 938/938/938 936/936/936 939/939/939
f 940/940/940 917/917/917 937/937/937
f 940/940/940 918/918/918 917/917/917
f 940/940/940 941/941/941 918/918/918
f 941/941/941 940/940/940 942/942/942
f 938/938/938 943/943/943 937/937/937
f 940/940/940 937/937/937 943/943/943
f 939/939/939 943/943/943 938/938/938
f 943/943/943 942/942/942 940/940/940
f 943/943/943 939/939/939 944/944/944
f 945/945/945 942/942/942 943/943/943
f 943/943/943 944/944/944 945/945/945
f 948/948/948 947/947/947 946/946/946
f 947/947/947 948/948/948 949/949/949
f 949/949/949 950/950/950 947/947/947
f 948/948/948 951/951/951 949/949/949
f 949/949/949 952/952/952 950/950/950
f 952/952/952 953/953/953 950/950/950
f 949/949/949 951/951/951 954/954/954
f 949/949/949 954/954/954 952/952/952
f 952/952/952 955/955/955 953/953/953
f 955/955/955 956/956/956 953/953/953
f 956/956/956 955/955/955 957/957/957
f 952/952/952 958/958/958 955/955/955
f 958/958/958 952/952/952 954/954/954
f 955/955/955 959/959/959 957/957/957
f 959/959/959 955/955/955 958/958/958
f 960/960/960 957/957/957 959/959/959
f 960/960/960 959/959/959 961/961/961
f 959/959/959 958/958/958 962/962/962
f 962/962/962 961/961/961 959/959/959
f 958/958/958 954/954/954 963/963/963
f 963/963/963 962/962/962 958/958/958
f 964/964/964 961/961/961 962/962/962
f 962/962/962 963/963/963 964/964/964
f 961/961/961 964/964/964 965/965/965
f 965/965/965 964/964/964 966/966/966
f 967/967/967 963/963/963 954/954/954
f 954/954/954 951/951/951 967/967/967
f 968/968/968 967/967/967 951/951/951
f 969/969/969 964/964/964 963/963/963
f 963/963/963 967/967/967 969/969/969
f 970/970/970 966/966/966 964/964/964
f 964/964/964 969/969/969 970/970/970
f 966/966/966 970/970/970 971/971/971
f 967/967/967 968/968/968 972/972/972
f 972/972/972 969/969/969 967/967/967
f 973/973/973 972/972/972 968/968/968
f 974/974/974 970/970/970 969/969/969
f 969/969/969 972/972/972 974/974/974
f 972/972/972 973/973/973 975/975/975
f 975/975/975 974/974/974 972/972/972
f 976/976/976 975/975/975 973/973/973
f 970/970/970 974/974/974 977/977/977
f 977/977/977 971/971/971 970/970/970
f 974/974/974 975/975/975 978/978/978
f 978/978/978 977/977/977 974/974/974
f 975/975/975 976/976/976 979/979/979
f 979/979/979 978/978/978 975/975/975
f 980/980/980 979/979/979 976/976/976
f 981/981/981 979/979/979 980/980/980
f 979/979/979 981/981/981 982/982/982
f 982/982/982 978/978/978 979/979/979
f 983/983/983 982/982/982 981/981/981
f 983/983/983 984/984/984 982/982/982
f 978/978/978 982/982/982 985/985/985
f 984/984/984 985/985/985 982/982/982
f 985/985/985 977/977/977 978/978/978
f 984/984/984 986/986/986 985/985/985
f 977/977/977 985/985/985 987/987/987
f 986/986/986 987/987/987 985/985/985
f 987/987/987 971/971/971 977/977/977
f 987/987/987 986/986/986 988/988/988
f 971/971/971 987/987/987 989/989/989
f 988/988/988 990/990/990 987/987/987
f 989/989/989 987/987/987 990/990/990
f 993/993/993 992/992/992 991/991/991
f 992/992/992 993/993/993 994/994/994
f 994/994/994 995/995/995 992/992/992
f 993/993/993 996/996/996 994/994/994
f 994/994/994 997/997/997 995/995/995
f 997/997/997 998/998/998 995/995/995
f 994/994/994 996/996/996 999/999/999
f 994/994/994 999/999/999 997/997/997
f 999/999/999 996/996/996 1000/1000/1000
f 1001/1001/1001 1000/1000/1000 996/996/996
f 997/997/997 999/999/999 1002/1002/1002
f 1000/1000/1000 1001/1001/1001 1003/1003/1003
f 1004/1004/1004 1003/1003/1003 1001/1001/1001
f 999/999/999 1000/1000/1000 1005/1005/1005
f 1002/1002/1002 999/999/999 1005/1005/1005
f 1000/1000/1000 1003/1003/1003 1006/1006/1006
f 1006/1006/1006 1005/1005/1005 1000/1000/1000
f 1003/1003/1003 1004/1004/1004 1007/1007/1007
f 1008/1008/1008 1007/1007/1007 1004/1004/1004
f 1009/1009/1009 1007/1007/1007 1008/1008/1008
f 1003/1003/1003 1007/1007/1007 1010/1010/1010
f 1010/1010/1010 1006/1006/1006 1003/1003/1003
f 1007/1007/1007 1009/1009/1009 1011/1011/1011
f 1007/1007/1007 1011/1011/1011 1010/1010/1010
f 1009/1009/1009 1012/1012/1012 1011/1011/1011
f 1006/1006/1006 1010/1010/1010 1013/1013/1013
f 1011/1011/1011 1012/1012/1012 1014/1014/1014
f 1015/1015/1015 1014/1014/1014 1012/1012/1012
f 1015/1015/1015 1016/1016/1016 1014/1014/1014
f 1017/1017/1017 1010/1010/1010 1011/1011/1011
f 1010/1010/1010 1017/1017/1017 1013/1013/1013
f 1014/1014/1014 1018/1018/1018 1011/1011/1011
f 1016/1016/1016 1018/1018/1018 1014/1014/1014
f 1017/1017/1017 1011/1011/1011 1018/1018/1018
f 1016/1016/1016 1019/1019/1019 1018/1018/1018
f 1019/1019/1019 1020/1020/1020 1018/1018/1018
f 1018/1018/1018 1020/1020/1020 1017/1017/1017
f 1021/1021/1021 1020/1020/1020 1019/1019/1019
f 1022/1022/1022 1017/1017/1017 1020/1020/1020
f 1022/1022/1022 1013/1013/1013 1017/1017/1017
f 1021/1021/1021 1023/1023/1023 1020/1020/1020
f 1020/1020/1020 1023/1023/1023 1022/1022/1022
f 1024/1024/1024 1023/1023/1023 1021/1021/1021
f 1024/1024/1024 1025/1025/1025 1023/1023/1023
f 1026/1026/1026 1023/1023/1023 1025/1025/1025
f 1027/1027/1027 1023/1023/1023 1026/1026/1026
f 1027/1027/1027 1022/1022/1022 1023/1023/1023
f 1026/1026/1026 1028/1028/1028 1027/1027/1027
f 1029/1029/1029 1027/1027/1027 1028/1028/1028
f 1027/1027/1027 1030/1030/1030 1022/1022/1022
f 1027/1027/1027 1029/1029/1029 1030/1030/1030
f 1013/1013/1013 1022/1022/1022 1030/1030/1030
f 1031/1031/1031 1030/1030/1030 1029/1029/1029
f 1032/1032/1032 1013/1013/1013 1030/1030/1030
f 1013/1013/1013 1032/1032/1032 1006/1006/1006
f 1033/1033/1033 1030/1030/1030 1031/1031/1031
f 1030/1030/1030 1033/1033/1033 1032/1032/1032
f 1034/1034/1034 1033/1033/1033 1031/1031/1031
f 1032/1032/1032 1035/1035/1035 1006/1006/1006
f 1035/1035/1035 1032/1032/1032 1033/1033/1033
f 1005/1005/1005 1006/1006/1006 1035/1035/1035
f 1036/1036/1036 1033/1033/1033 1034/1034/1034
f 1033/1033/1033 1036/1036/1036 1035/1035/1035
f 1034/1034/1034 1037/1037/1037 1036/1036/1036
f 1035/1035/1035 1038/1038/1038 1005/1005/1005
f 1002/1002/1002 1005/1005/1005 1038/1038/1038
f 1002/1002/1002 1038/1038/1038 997/997/997
f 1036/1036/1036 1039/1039/1039 1035/1035/1035
f 1038/1038/1038 1035/1035/1035 1039/1039/1039
f 1039/1039/1039 1036/1036/1036 1037/1037/1037
f 1040/1040/1040 997/997/997 1038/1038/1038
f 1038/1038/1038 1039/1039/1039 1040/1040/1040
f 1040/1040/1040 998/998/998 997/997/997
f 1040/1040/1040 1041/1041/1041 998/998/998
f 1039/1039/1039 1037/1037/1037 1042/1042/1042
f 1042/1042/1042 1040/1040/1040 1039/1039/1039
f 1042/1042/1042 1041/1041/1041 1040/1040/1040
f 1043/1043/1043 1042/1042/1042 1037/1037/1037
f 1042/1042/1042 1043/1043/1043 1041/1041/1041
f 1044/1044/1044 1041/1041/1041 1043/1043/1043
f 1047/1047/1047 1046/1046/1046 1045/1045/1045
f 1048/1048/1048 1046/1046/1046 1047/1047/1047
f 1048/1048/1048 1049/1049/1049 1046/1046/1046
f 1048/1048/1048 1050/1050/1050 1049/1049/1049
f 1051/1051/1051 1049/1049/1049 1050/1050/1050
f 1052/1052/1052 1046/1046/1046 1049/1049/1049
f 1046/1046/1046 1052/1052/1052 1053/1053/1053
f 1053/1053/1053 1052/1052/1052 1054/1054/1054
f 1049/1049/1049 1051/1051/1051 1055/1055/1055
f 1056/1056/1056 1055/1055/1055 1051/1051/1051
f 1057/1057/1057 1055/1055/1055 1056/1056/1056
f 1058/1058/1058 1055/1055/1055 1057/1057/1057
f 1052/1052/1052 1049/1049/1049 1059/1059/1059
f 1052/1052/1052 1059/1059/1059 1054/1054/1054
f 1055/1055/1055 1059/1059/1059 1049/1049/1049
f 1059/1059/1059 1060/1060/1060 1054/1054/1054
f 1060/1060/1060 1059/1059/1059 1061/1061/1061
f 1062/1062/1062 1061/1061/1061 1059/1059/1059
f 1059/1059/1059 1055/1055/1055 1062/1062/1062
f 1058/1058/1058 1062/1062/1062 1055/1055/1055
f 1058/1058/1058 1063/1063/1063 1062/1062/1062
f 1064/1064/1064 1062/1062/1062 1063/1063/1063
f 1065/1065/1065 60/60/60 65/65/65
f 65/65/65 69/69/69 1065/1065/1065
f 1066/1066/1066 60/60/60 1065/1065/1065
f 1067/1067/1067 1065/1065/1065 69/69/69
f 1065/1065/1065 1068/1068/1068 1066/1066/1066
f 1065/1065/1065 1067/1067/1067 1068/1068/1068
f 1066/1066/1066 1068/1068/1068 1069/1069/1069
f 191/191/191 1068/1068/1068 1067/1067/1067
f 1068/1068/1068 179/179/179 1069/1069/1069
f 1068/1068/1068 191/191/191 182/182/182
f 1068/1068/1068 182/182/182 179/179/179
f 1072/1072/1072 1071/1071/1071 1070/1070/1070
f 1071/1071/1071 1072/1072/1072 1073/1073/1073
f 1074/1074/1074 1072/1072/1072 1070/1070/1070
f 1075/1075/1075 1073/1073/1073 1072/1072/1072
f 1074/1074/1074 1070/1070/1070 1076/1076/1076
f 1073/1073/1073 1075/1075/1075 1077/1077/1077
f 1078/1078/1078 1074/1074/1074 1076/1076/1076
f 1074/1074/1074 1078/1078/1078 1075/1075/1075
f 1076/1076/1076 1079/1079/1079 1078/1078/1078
f 1080/1080/1080 1077/1077/1077 1075/1075/1075
f 1077/1077/1077 1080/1080/1080 1081/1081/1081
f 1082/1082/1082 1078/1078/1078 1079/1079/1079
f 1082/1082/1082 1079/1079/1079 1083/1083/1083
f 1082/1082/1082 1083/1083/1083 1078/1078/1078
f 1084/1084/1084 1083/1083/1083 1079/1079/1079
f 1075/1075/1075 1078/1078/1078 1085/1085/1085
f 1083/1083/1083 1084/1084/1084 1086/1086/1086
f 1086/1086/1086 1078/1078/1078 1083/1083/1083
f 1078/1078/1078 1086/1086/1086 1085/1085/1085
f 1087/1087/1087 1086/1086/1086 1084/1084/1084
f 1085/1085/1085 1088/1088/1088 1075/1075/1075
f 1080/1080/1080 1075/1075/1075 1088/1088/1088
f 1089/1089/1089 1085/1085/1085 1086/1086/1086
f 1086/1086/1086 1087/1087/1087 1090/1090/1090
f 1091/1091/1091 1090/1090/1090 1087/1087/1087
f 1090/1090/1090 1091/1091/1091 1092/1092/1092
f 1090/1090/1090 1093/1093/1093 1086/1086/1086
f 1092/1092/1092 1093/1093/1093 1090/1090/1090
f 1093/1093/1093 1094/1094/1094 1086/1086/1086
f 1093/1093/1093 1092/1092/1092 1094/1094/1094
f 1094/1094/1094 1089/1089/1089 1086/1086/1086
f 1095/1095/1095 1094/1094/1094 1092/1092/1092
f 1094/1094/1094 1095/1095/1095 1089/1089/1089
f 1096/1096/1096 1089/1089/1089 1095/1095/1095
f 1089/1089/1089 1096/1096/1096 1097/1097/1097
f 1098/1098/1098 1097/1097/1097 1096/1096/1096
f 1097/1097/1097 1099/1099/1099 1089/1089/1089
f 1097/1097/1097 1098/1098/1098 1100/1100/1100
f 1099/1099/1099 1097/1097/1097 1100/1100/1100
f 1100/1100/1100 1101/1101/1101 1099/1099/1099
f 1102/1102/1102 1099/1099/1099 1101/1101/1101
f 1101/1101/1101 1103/1103/1103 1102/1102/1102
f 1104/1104/1104 1102/1102/1102 1103/1103/1103
f 1103/1103/1103 1105/1105/1105 1104/1104/1104
f 1105/1105/1105 1106/1106/1106 1104/1104/1104
f 1106/1106/1106 1105/1105/1105 1088/1088/1088
f 1107/1107/1107 1088/1088/1088 1105/1105/1105
f 1088/1088/1088 1107/1107/1107 1108/1108/1108
f 1109/1109/1109 1108/1108/1108 1107/1107/1107
f 1108/1108/1108 1109/1109/1109 1110/1110/1110
f 1111/1111/1111 1110/1110/1110 1109/1109/1109
f 1088/1088/1088 1108/1108/1108 1112/1112/1112
f 1110/1110/1110 1112/1112/1112 1108/1108/1108
f 1110/1110/1110 1111/1111/1111 1112/1112/1112
f 1088/1088/1088 1112/1112/1112 1080/1080/1080
f 1113/1113/1113 1112/1112/1112 1111/1111/1111
f 1112/1112/1112 1113/1113/1113 1114/1114/1114
f 1115/1115/1115 1114/1114/1114 1113/1113/1113
f 1114/1114/1114 1115/1115/1115 1116/1116/1116
f 1114/1114/1114 1116/1116/1116 1112/1112/1112
f 1117/1117/1117 1116/1116/1116 1115/1115/1115
f 1118/1118/1118 1112/1112/1112 1116/1116/1116
f 1116/1116/1116 1117/1117/1117 1118/1118/1118
f 1118/1118/1118 1080/1080/1080 1112/1112/1112
f 1119/1119/1119 1118/1118/1118 1117/1117/1117
f 1080/1080/1080 1118/1118/1118 1120/1120/1120
f 1120/1120/1120 1081/1081/1081 1080/1080/1080
f 1081/1081/1081 1120/1120/1120 1121/1121/1121
f 1118/1118/1118 1119/1119/1119 1122/1122/1122
f 1121/1121/1121 1122/1122/1122 1119/1119/1119
f 1122/1122/1122 1120/1120/1120 1118/1118/1118
f 1122/1122/1122 1121/1121/1121 1120/1120/1120
f 1125/1125/1125 1124/1124/1124 1123/1123/1123
f 1126/1126/1126 1125/1125/1125 1123/1123/1123
f 1127/1127/1127 1123/1123/1123 1124/1124/1124
f 1124/1124/1124 1128/1128/1128 1127/1127/1127
f 1129/1129/1129 1126/1126/1126 1123/1123/1123
f 1130/1130/1130 1126/1126/1126 1129/1129/1129
f 1123/1123/1123 1127/1127/1127 1131/1131/1131
f 1129/1129/1129 1123/1123/1123 1131/1131/1131
f 1132/1132/1132 1127/1127/1127 1128/1128/1128
f 1128/1128/1128 1133/1133/1133 1132/1132/1132
f 1134/1134/1134 1131/1131/1131 1127/1127/1127
f 1127/1127/1127 1132/1132/1132 1134/1134/1134
f 1135/1135/1135 1132/1132/1132 1133/1133/1133
f 1133/1133/1133 1136/1136/1136 1135/1135/1135
f 1137/1137/1137 1135/1135/1135 1136/1136/1136
f 1138/1138/1138 1134/1134/1134 1132/1132/1132
f 1132/1132/1132 1135/1135/1135 1138/1138/1138
f 1135/1135/1135 1137/1137/1137 1139/1139/1139
f 1139/1139/1139 1138/1138/1138 1135/1135/1135
f 1140/1140/1140 1139/1139/1139 1137/1137/1137
f 1134/1134/1134 1138/1138/1138 1141/1141/1141
f 1134/1134/1134 1141/1141/1141 1131/1131/1131
f 1138/1138/1138 1139/1139/1139 1142/1142/1142
f 1142/1142/1142 1141/1141/1141 1138/1138/1138
f 1139/1139/1139 1140/1140/1140 1143/1143/1143
f 1143/1143/1143 1142/1142/1142 1139/1139/1139
f 1144/1144/1144 1143/1143/1143 1140/1140/1140
f 1143/1143/1143 1144/1144/1144 1145/1145/1145
f 1146/1146/1146 1145/1145/1145 1144/1144/1144
f 1145/1145/1145 1146/1146/1146 1147/1147/1147
f 1142/1142/1142 1143/1143/1143 1148/1148/1148
f 1145/1145/1145 1148/1148/1148 1143/1143/1143
f 1145/1145/1145 1147/1147/1147 1149/1149/1149
f 1145/1145/1145 1149/1149/1149 1148/1148/1148
f 1149/1149/1149 1147/1147/1147 1150/1150/1150
f 1148/1148/1148 1151/1151/1151 1142/1142/1142
f 1141/1141/1141 1142/1142/1142 1151/1151/1151
f 1152/1152/1152 1148/1148/1148 1149/1149/1149
f 1151/1151/1151 1148/1148/1148 1152/1152/1152
f 1149/1149/1149 1150/1150/1150 1153/1153/1153
f 1149/1149/1149 1153/1153/1153 1152/1152/1152
f 1153/1153/1153 1150/1150/1150 1154/1154/1154
f 1153/1153/1153 1154/1154/1154 1155/1155/1155
f 1155/1155/1155 1154/1154/1154 1156/1156/1156
f 1155/1155/1155 1156/1156/1156 1157/1157/1157
f 1158/1158/1158 1152/1152/1152 1153/1153/1153
f 1153/1153/1153 1155/1155/1155 1158/1158/1158
f 1155/1155/1155 1157/1157/1157 1159/1159/1159
f 1159/1159/1159 1158/1158/1158 1155/1155/1155
f 1160/1160/1160 1159/1159/1159 1157/1157/1157
f 1161/1161/1161 1152/1152/1152 1158/1158/1158
f 1161/1161/1161 1151/1151/1151 1152/1152/1152
f 1162/1162/1162 1158/1158/1158 1159/1159/1159
f 1162/1162/1162 1161/1161/1161 1158/1158/1158
f 1163/1163/1163 1159/1159/1159 1160/1160/1160
f 1163/1163/1163 1162/1162/1162 1159/1159/1159
f 1164/1164/1164 1163/1163/1163 1160/1160/1160
f 1162/1162/1162 1165/1165/1165 1161/1161/1161
f 1162/1162/1162 1163/1163/1163 1165/1165/1165
f 1163/1163/1163 1164/1164/1164 1166/1166/1166
f 1166/1166/1166 1165/1165/1165 1163/1163/1163
f 1167/1167/1167 1166/1166/1166 1164/1164/1164
f 1167/1167/1167 1168/1168/1168 1166/1166/1166
f 1169/1169/1169 1166/1166/1166 1168/1168/1168
f 1166/1166/1166 1169/1169/1169 1165/1165/1165
f 1168/1168/1168 1170/1170/1170 1169/1169/1169
f 1171/1171/1171 1161/1161/1161 1165/1165/1165
f 1161/1161/1161 1171/1171/1171 1151/1151/1151
f 1172/1172/1172 1165/1165/1165 1169/1169/1169
f 1165/1165/1165 1172/1172/1172 1171/1171/1171
f 1173/1173/1173 1169/1169/1169 1170/1170/1170
f 1169/1169/1169 1173/1173/1173 1172/1172/1172
f 1170/1170/1170 1174/1174/1174 1173/1173/1173
f 1175/1175/1175 1151/1151/1151 1171/1171/1171
f 1151/1151/1151 1175/1175/1175 1141/1141/1141
f 1176/1176/1176 1173/1173/1173 1174/1174/1174
f 1174/1174/1174 1177/1177/1177 1176/1176/1176
f 1178/1178/1178 1176/1176/1176 1177/1177/1177
f 1173/1173/1173 1176/1176/1176 1179/1179/1179
f 1179/1179/1179 1172/1172/1172 1173/1173/1173
f 1176/1176/1176 1178/1178/1178 1180/1180/1180
f 1180/1180/1180 1179/1179/1179 1176/1176/1176
f 1181/1181/1181 1180/1180/1180 1178/1178/1178
f 1172/1172/1172 1179/1179/1179 1182/1182/1182
f 1182/1182/1182 1171/1171/1171 1172/1172/1172
f 1171/1171/1171 1182/1182/1182 1175/1175/1175
f 1179/1179/1179 1180/1180/1180 1183/1183/1183
f 1183/1183/1183 1182/1182/1182 1179/1179/1179
f 1180/1180/1180 1181/1181/1181 1184/1184/1184
f 1184/1184/1184 1183/1183/1183 1180/1180/1180
f 1185/1185/1185 1184/1184/1184 1181/1181/1181
f 1182/1182/1182 1183/1183/1183 1186/1186/1186
f 1186/1186/1186 1175/1175/1175 1182/1182/1182
f 1183/1183/1183 1184/1184/1184 1187/1187/1187
f 1187/1187/1187 1186/1186/1186 1183/1183/1183
f 1184/1184/1184 1185/1185/1185 1188/1188/1188
f 1188/1188/1188 1187/1187/1187 1184/1184/1184
f 1189/1189/1189 1188/1188/1188 1185/1185/1185
f 1189/1189/1189 1190/1190/1190 1188/1188/1188
f 1191/1191/1191 1188/1188/1188 1190/1190/1190
f 1191/1191/1191 1187/1187/1187 1188/1188/1188
f 1190/1190/1190 1192/1192/1192 1191/1191/1191
f 1191/1191/1191 1193/1193/1193 1187/1187/1187
f 1187/1187/1187 1193/1193/1193 1186/1186/1186
f 1194/1194/1194 1191/1191/1191 1192/1192/1192
f 1194/1194/1194 1193/1193/1193 1191/1191/1191
f 1192/1192/1192 1195/1195/1195 1194/1194/1194
f 1196/1196/1196 1186/1186/1186 1193/1193/1193
f 1197/1197/1197 1194/1194/1194 1195/1195/1195
f 1195/1195/1195 1198/1198/1198 1197/1197/1197
f 1198/1198/1198 1199/1199/1199 1197/1197/1197
f 1194/1194/1194 1200/1200/1200 1193/1193/1193
f 1197/1197/1197 1200/1200/1200 1194/1194/1194
f 1193/1193/1193 1200/1200/1200 1196/1196/1196
f 1199/1199/1199 1201/1201/1201 1197/1197/1197
f 1197/1197/1197 1201/1201/1201 1200/1200/1200
f 1199/1199/1199 1130/1130/1130 1201/1201/1201
f 1201/1201/1201 1130/1130/1130 1129/1129/1129
f 1200/1200/1200 1201/1201/1201 1202/1202/1202
f 1129/1129/1129 1202/1202/1202 1201/1201/1201
f 1202/1202/1202 1196/1196/1196 1200/1200/1200
f 1202/1202/1202 1129/1129/1129 1131/1131/1131
f 1196/1196/1196 1202/1202/1202 1203/1203/1203
f 1202/1202/1202 1131/1131/1131 1203/1203/1203
f 1196/1196/1196 1203/1203/1203 1186/1186/1186
f 1203/1203/1203 1131/1131/1131 1141/1141/1141
f 1175/1175/1175 1186/1186/1186 1203/1203/1203
f 1203/1203/1203 1141/1141/1141 1175/1175/1175
