mtllib SM_Bar_01.mtl
g SM_Bar_01
#Vertices 3770
#Indices 14379
#Section 0 Offset 0 NumIndices 14187 MaterialIndex 1 MI_Metal_01
#Section 1 Offset 14187 NumIndices 84 MaterialIndex 2 MI_Tables_Glass_01
#Section 2 Offset 14271 NumIndices 108 MaterialIndex 0 MI_Table_Board
v 5.751473 1.036418 2.301295
v 5.748838 1.040716 2.294630
v 5.749045 1.039147 2.296191
v 5.718615 0.792697 2.073418
v 5.730777 0.793754 2.059867
v 5.730792 0.797371 2.061241
v 1.607912 0.787997 2.074867
v 1.620041 0.000000 2.072039
v 1.620041 0.000000 2.074867
v 6.240078 0.793043 1.936427
v 6.359610 1.045031 2.152319
v 6.252254 0.785917 1.948603
v 6.372884 1.040604 2.166660
v 6.255814 0.786704 1.949846
v 6.375486 1.039565 2.166278
v 6.388332 1.042671 2.155249
v 6.267985 0.788542 1.937674
v 6.388714 1.044431 2.153069
v 6.267254 0.788180 1.933603
v 6.375439 1.048859 2.138726
v 6.255079 0.795306 1.921427
v 6.252985 0.797317 1.922674
v 6.372837 1.049898 2.139109
v 6.240814 0.795480 1.934846
v 6.359993 1.046791 2.150139
v 6.359610 1.045031 2.152319
v 6.240078 0.793043 1.936427
v 5.742637 0.793575 1.794226
v 5.742637 0.000000 1.794226
v 5.730465 0.793575 1.806398
v 5.730465 0.000000 1.806398
v 5.727637 0.793575 1.806398
v 5.727637 0.000000 1.806398
v 5.715465 0.000000 1.794226
v 5.715465 0.793575 1.794226
v 5.715465 0.000000 1.791398
v 5.715465 0.793575 1.791398
v 5.727637 0.000000 1.779226
v 5.727637 0.793575 1.779226
v 5.730465 0.793575 1.779226
v 5.730465 0.000000 1.779226
v 5.742637 0.793575 1.791398
v 5.742637 0.000000 1.791398
v 5.742637 0.793575 1.794226
v 5.742637 0.000000 1.794226
v 3.002635 0.804198 1.794673
v 3.002634 0.804204 1.362253
v 3.014806 0.790612 1.796087
v 3.014806 0.792026 1.350087
v 3.014806 0.789197 1.790809
v 3.014806 0.790612 1.344810
v 3.002635 0.777026 1.778638
v 3.002634 0.777020 1.346221
v 2.999806 0.777026 1.778638
v 2.999806 0.777020 1.346221
v 2.987634 0.789197 1.346224
v 2.987634 0.789197 1.790809
v 2.987634 0.792026 1.350087
v 2.987634 0.792026 1.794673
v 2.999806 0.804204 1.362253
v 2.999806 0.804198 1.794673
v 3.002634 0.804204 1.362253
v 3.002635 0.804198 1.794673
v 4.409528 0.804198 1.794673
v 4.409528 0.804204 1.362253
v 4.421700 0.790612 1.796087
v 4.421700 0.792026 1.350087
v 4.421700 0.789197 1.790809
v 4.421699 0.790612 1.344810
v 4.409528 0.777026 1.778638
v 4.409527 0.777020 1.346221
v 4.406700 0.777026 1.778638
v 4.406700 0.777020 1.346221
v 4.394528 0.789197 1.346224
v 4.394528 0.789197 1.790809
v 4.394528 0.792026 1.350087
v 4.394528 0.792026 1.794673
v 4.406700 0.804204 1.362253
v 4.406700 0.804198 1.794673
v 4.409528 0.804198 1.794673
v 4.409528 0.804204 1.362253
v 5.730336 -0.001414 2.059868
v 6.232632 -0.001414 1.920032
v 5.730336 0.001415 2.059868
v 6.232632 0.001414 1.920032
v 5.731998 0.013586 2.072039
v 6.244804 0.013586 1.929278
v 5.732385 0.013586 2.074867
v 6.247633 0.013586 1.931426
v 5.734047 0.001415 2.087039
v 6.259804 0.001414 1.940673
v 5.734047 -0.001414 2.087039
v 6.259804 -0.001414 1.940673
v 0.000000 -0.001414 1.332639
v 0.187433 -0.001414 1.332639
v 0.000000 0.001414 1.332639
v 0.187433 0.001414 1.332639
v 0.000000 0.013586 1.344810
v 0.187433 0.013586 1.344810
v 0.000000 0.013586 1.347639
v 0.187433 0.013586 1.347639
v 0.000000 0.001414 1.359810
v 0.187433 0.001414 1.359810
v 0.000000 -0.001414 1.359810
v 0.187433 -0.001414 1.359810
v 0.353039 -0.000055 1.786704
v 0.193096 -0.000055 2.080048
v 0.353039 0.002774 1.786704
v 0.193096 0.002774 2.080048
v 0.333282 0.014945 1.793700
v 0.183125 0.014945 2.073067
v 0.328691 0.014945 1.795326
v 0.180808 0.014945 2.071445
v 0.308934 0.002774 1.802321
v 0.170838 0.002774 2.064464
v 0.170838 -0.000055 2.064464
v 0.308934 -0.000055 1.802321
v 0.000000 -0.001414 0.659526
v 0.187433 -0.001414 0.659526
v 0.000000 0.001414 0.659526
v 0.187433 0.001414 0.659526
v 0.000000 0.013586 0.671698
v 0.187433 0.013586 0.671698
v 0.000000 0.013586 0.674526
v 0.187433 0.013586 0.674526
v 0.000000 0.001414 0.686698
v 0.187433 0.001414 0.686698
v 0.000000 -0.001414 0.686698
v 0.187433 -0.001414 0.686698
v 5.718606 -0.001414 2.073453
v 5.718606 -0.001414 1.794673
v 5.718606 0.001414 2.073453
v 5.718606 0.001414 1.794673
v 5.730777 0.013586 2.073453
v 5.730777 0.013586 1.794673
v 5.733606 0.013586 2.073453
v 5.733606 0.013586 1.794673
v 5.745778 0.001414 2.073453
v 5.745778 0.001414 1.794673
v 5.745778 -0.001414 1.794673
v 5.745778 -0.001414 2.073453
v 6.234819 0.792024 1.724597
v 6.234819 0.792023 1.917152
v 6.234819 0.789195 1.724597
v 6.234819 0.789195 1.917152
v 6.246994 0.777026 1.718337
v 6.246993 0.777026 1.926400
v 6.249822 0.777026 1.716883
v 6.249822 0.777026 1.928549
v 6.261991 0.789200 1.710626
v 6.261991 0.789200 1.937793
v 6.261991 0.792028 1.937793
v 6.261991 0.792028 1.710626
v 6.249817 0.804198 1.928545
v 6.249816 0.804198 1.716886
v 6.246988 0.804197 1.926397
v 6.246988 0.804197 1.718340
v 6.234819 0.792023 1.917152
v 6.234819 0.792024 1.724597
v 1.592404 0.790955 1.808190
v 1.592403 0.000005 1.808196
v 1.589660 0.790268 1.807504
v 1.589659 0.000005 1.807510
v 1.580804 0.788687 1.791379
v 1.580803 -0.000000 1.792750
v 1.581490 0.783693 1.790008
v 1.581490 0.785943 1.787759
v 1.581489 -0.000001 1.790006
v 1.596250 0.777082 1.778907
v 1.596250 0.774833 1.781156
v 1.596249 -0.000004 1.781150
v 1.598994 0.777768 1.779207
v 1.598993 -0.000004 1.781836
v 1.598994 0.775134 1.781842
v 1.607849 0.000001 1.796596
v 1.607850 0.789900 1.796595
v 1.607850 0.792536 1.793962
v 1.607164 0.000002 1.799340
v 1.607164 0.793908 1.799338
v 1.592404 0.790955 1.808190
v 1.592403 0.000005 1.808196
v 0.178680 0.790612 1.584136
v 0.178679 0.000000 1.584136
v 0.177265 0.790612 1.581686
v 0.177265 0.000000 1.581686
v 0.181720 0.790612 1.565060
v 0.181720 0.000000 1.565060
v 0.184170 0.000000 1.563645
v 0.184170 0.790612 1.563645
v 0.200796 0.000000 1.568101
v 0.200797 0.790612 1.568100
v 0.202211 0.790612 1.570550
v 0.202211 0.000000 1.570550
v 0.197756 0.790612 1.587177
v 0.197756 0.000000 1.587177
v 0.195306 0.000000 1.588591
v 0.195306 0.790612 1.588591
v 0.178680 0.790612 1.584136
v 0.178679 0.000000 1.584136
v -0.008869 0.004384 1.862132
v 0.183113 -0.001029 1.552892
v 0.185126 0.013766 1.571984
v 0.000406 0.018412 1.865802
v 0.185970 0.014418 1.576736
v 0.002938 0.018886 1.866971
v 0.191221 0.005240 1.598544
v 0.015451 0.008941 1.873358
v 0.191597 0.002455 1.598860
v 0.015828 0.006156 1.873674
v 0.183570 0.189879 0.015000
v 0.003864 0.182810 0.015000
v 0.016035 0.194981 0.027172
v 0.171398 0.202051 0.027172
v 0.016035 0.197810 0.027172
v 0.171398 0.204879 0.027172
v 0.183570 0.217051 0.015000
v 0.003864 0.209981 0.015000
v 0.186398 0.217051 0.012172
v 0.001035 0.209981 0.012172
v 0.001749 0.197810 0.000442
v 0.198570 0.204879 -0.000000
v 0.198570 0.202051 -0.000000
v 0.001749 0.194981 0.000442
v 0.186398 0.189879 0.012172
v 0.001035 0.182810 0.012172
v 0.183570 0.189879 0.015000
v 0.003864 0.182810 0.015000
v 0.314281 0.000000 1.786675
v 0.318736 0.790612 1.803301
v 0.318736 0.000000 1.803301
v 0.314281 0.790612 1.786674
v 0.315695 0.000000 1.784225
v 0.315695 0.790612 1.784225
v 0.332322 0.790612 1.779770
v 0.332322 0.000000 1.779770
v 0.334771 0.790612 1.781184
v 0.334771 0.000000 1.781184
v 0.339226 0.790612 1.797811
v 0.339226 0.000000 1.797811
v 0.337812 0.790612 1.800260
v 0.337812 0.000000 1.800261
v 0.321185 0.790612 1.804716
v 0.321185 0.000000 1.804716
v 0.318736 0.790612 1.803301
v 0.318736 0.000000 1.803301
v 1.592403 0.804135 1.361997
v 1.607164 0.793908 1.799338
v 1.592404 0.804141 1.795016
v 1.607164 0.795279 1.353140
v 1.607850 0.792536 1.793962
v 1.607849 0.793907 1.348147
v 1.598994 0.777768 1.779207
v 1.598993 0.777774 1.346563
v 1.596250 0.777082 1.778907
v 1.596249 0.777088 1.345877
v 1.581489 0.785945 1.342929
v 1.581490 0.785943 1.787759
v 1.580803 0.788689 1.346936
v 1.580804 0.788687 1.791379
v 1.589659 0.803449 1.361696
v 1.589660 0.803455 1.794330
v 1.592403 0.804135 1.361997
v 1.592404 0.804141 1.795016
v 0.180808 0.804912 2.071445
v 0.308934 0.792740 1.802321
v 0.328691 0.804912 1.795325
v 0.170838 0.792740 2.064464
v 0.308934 0.789912 1.802321
v 0.170838 0.789912 2.064464
v 0.180808 0.777740 2.071445
v 0.328691 0.777740 1.795325
v 0.183125 0.777740 2.073067
v 0.333282 0.777740 1.793700
v 0.193096 0.789912 2.080048
v 0.353039 0.789912 1.786704
v 0.353039 0.792740 1.786704
v 0.193096 0.792740 2.080048
v 0.333282 0.804912 1.793700
v 0.183125 0.804912 2.073067
v 0.328691 0.804912 1.795325
v 0.180808 0.804912 2.071445
v 0.002938 0.808853 1.866970
v 0.191221 0.795207 1.598544
v 0.015451 0.798908 1.873358
v 0.185970 0.804385 1.576736
v 0.000406 0.808379 1.865802
v 0.185126 0.803732 1.571984
v -0.008869 0.794350 1.862132
v 0.183113 0.788937 1.552892
v 0.183489 0.786152 1.553208
v -0.008493 0.791565 1.862447
v 0.188740 0.776974 1.575016
v 0.004021 0.781620 1.868835
v 0.189584 0.777626 1.579768
v 0.006552 0.782094 1.870004
v 0.191597 0.792421 1.598859
v 0.015828 0.796122 1.873674
v 0.015451 0.798908 1.873358
v 0.191221 0.795207 1.598544
v 6.246991 0.204319 1.718339
v 6.234819 0.205593 1.917152
v 6.234819 0.192147 1.724597
v 6.246991 0.217764 1.926399
v 6.249819 0.204319 1.716884
v 6.249819 0.217764 1.928547
v 6.261991 0.192147 1.710626
v 6.261991 0.205593 1.937793
v 6.261991 0.202764 1.937793
v 6.261991 0.189319 1.710626
v 6.249819 0.190593 1.928547
v 6.249819 0.177147 1.716884
v 6.246991 0.190593 1.926399
v 6.246991 0.177147 1.718339
v 6.234819 0.202764 1.917152
v 6.234819 0.189319 1.724597
v 6.234819 0.192147 1.724597
v 6.234819 0.205593 1.917152
v 6.246991 0.405312 1.718339
v 6.234819 0.406586 1.917152
v 6.234819 0.393141 1.724597
v 6.246991 0.418758 1.926399
v 6.249819 0.405312 1.716884
v 6.249819 0.418758 1.928547
v 6.261991 0.393141 1.710626
v 6.261991 0.406586 1.937793
v 6.261991 0.403758 1.937793
v 6.261991 0.390312 1.710626
v 6.249819 0.391586 1.928547
v 6.249819 0.378141 1.716884
v 6.246991 0.391586 1.926399
v 6.246991 0.378141 1.718339
v 6.234819 0.403758 1.917152
v 6.234819 0.390312 1.724597
v 6.234819 0.393141 1.724597
v 6.234819 0.406586 1.917152
v 6.234819 0.594162 1.917152
v 6.246991 0.581990 1.718338
v 6.234819 0.594162 1.724597
v 6.246991 0.581990 1.926399
v 6.249819 0.581990 1.716884
v 6.249819 0.581990 1.928547
v 6.261991 0.594162 1.710626
v 6.261991 0.594162 1.937793
v 6.261991 0.596990 1.937793
v 6.261991 0.596990 1.710626
v 6.249819 0.609162 1.928547
v 6.249819 0.609162 1.716884
v 6.246991 0.609162 1.926399
v 6.246991 0.609162 1.718338
v 6.234819 0.596990 1.917152
v 6.234819 0.596990 1.724597
v 6.234819 0.594162 1.724597
v 6.234819 0.594162 1.917152
v 0.183570 0.581990 0.015000
v 0.001035 0.581990 0.012171
v 0.003864 0.581990 0.015000
v 0.186398 0.581990 0.012171
v 0.003749 0.594161 0.001173
v 0.198570 0.594162 -0.000000
v 0.003749 0.596990 0.001173
v 0.198570 0.596990 -0.000000
v 0.186398 0.609161 0.012171
v 0.001035 0.609161 0.012171
v 0.003864 0.609161 0.015000
v 0.183570 0.609161 0.015000
v 0.016035 0.596990 0.027171
v 0.171398 0.596990 0.027171
v 0.016035 0.594162 0.027171
v 0.171398 0.594161 0.027171
v 0.183570 0.581990 0.015000
v 0.003864 0.581990 0.015000
v 0.171398 0.789197 0.027171
v 0.016035 0.792026 0.027171
v 0.171398 0.792026 0.027171
v 0.016035 0.789197 0.027171
v 0.183570 0.777026 0.015000
v 0.003864 0.777026 0.015000
v 0.186398 0.777026 0.012171
v 0.001035 0.777026 0.012171
v 0.002722 0.789197 0.000859
v 0.198570 0.789197 -0.000000
v 0.198570 0.792026 -0.000000
v 0.002722 0.792026 0.000859
v 0.186398 0.804197 0.012171
v 0.001035 0.804197 0.012171
v 0.003864 0.804197 0.015000
v 0.183570 0.804197 0.015000
v 0.171398 0.792026 0.027171
v 0.016035 0.792026 0.027171
v 6.252254 0.785917 1.948603
v 6.238252 0.000000 1.933673
v 6.240078 0.793043 1.936427
v 6.250423 0.000000 1.945845
v 6.255075 0.783294 1.948594
v 6.253252 0.000000 1.945845
v 6.255814 0.786704 1.949846
v 6.265423 0.000000 1.933673
v 6.267985 0.788542 1.937674
v 6.267247 0.785131 1.936421
v 6.265423 0.000000 1.930845
v 6.267254 0.788180 1.933603
v 6.253252 0.000000 1.918673
v 6.255079 0.795306 1.921427
v 6.252247 0.793907 1.921421
v 6.252985 0.797317 1.922674
v 6.250423 0.000000 1.918673
v 6.240076 0.792070 1.933594
v 6.240814 0.795480 1.934846
v 6.238252 0.000000 1.930845
v 6.240078 0.793043 1.936427
v 6.238252 0.000000 1.933673
v 4.409527 0.790612 1.808259
v 4.417342 0.000000 1.796087
v 4.405170 0.000000 1.808259
v 4.421700 0.790612 1.796087
v 4.421700 0.786748 1.793259
v 4.417342 0.000000 1.793259
v 4.421700 0.789197 1.790809
v 4.409528 0.774577 1.781087
v 4.405170 0.000000 1.781087
v 4.409528 0.777026 1.778638
v 4.406700 0.774577 1.781087
v 4.402341 0.000000 1.781087
v 4.406700 0.777026 1.778638
v 4.390170 0.000000 1.793259
v 4.394528 0.789197 1.790809
v 4.394528 0.786748 1.793259
v 4.390170 0.000000 1.796087
v 4.394528 0.792026 1.794673
v 4.406699 0.790612 1.808259
v 4.402341 0.000000 1.808259
v 4.405170 0.000000 1.808259
v 4.409527 0.790612 1.808259
v 3.002635 0.790612 1.808259
v 3.014806 0.000000 1.796087
v 3.002634 0.000000 1.808259
v 3.014806 0.790612 1.796087
v 3.014806 0.786748 1.793259
v 3.014806 0.000000 1.793259
v 3.014806 0.789197 1.790809
v 3.002635 0.759410 1.781087
v 3.002634 0.000000 1.781087
v 3.002635 0.774577 1.781087
v 3.002635 0.777026 1.778638
v 2.999806 0.759410 1.781087
v 2.999806 0.000000 1.781087
v 2.987634 0.000000 1.793259
v 2.999806 0.774577 1.781087
v 2.999806 0.777026 1.778638
v 2.987634 0.789197 1.790809
v 2.987634 0.786748 1.793259
v 2.987634 0.000000 1.796087
v 2.987634 0.792026 1.794673
v 2.999806 0.790612 1.808259
v 2.999806 0.000000 1.808259
v 3.002634 0.000000 1.808259
v 3.002635 0.790612 1.808259
v 5.748544 0.001414 1.374625
v 6.233088 -0.001414 1.721231
v 5.748544 -0.001414 1.374625
v 6.233088 0.001414 1.721231
v 6.245260 0.013586 1.714973
v 5.736372 0.013586 1.350953
v 6.248088 0.013586 1.713518
v 5.733543 0.013586 1.345452
v 6.260260 0.001414 1.707260
v 5.733606 0.001414 1.332639
v 5.733606 -0.001414 1.332639
v 6.260260 -0.001414 1.707260
v 1.607912 -0.001414 1.794673
v 1.620041 -0.001414 2.073453
v 1.607912 0.001414 1.794673
v 1.620041 0.001414 2.073453
v 1.607869 0.013586 2.073453
v 1.595740 0.013586 1.794673
v 1.605041 0.013586 2.073453
v 1.592912 0.013586 1.794673
v 1.592869 0.001414 2.073453
v 1.580740 0.001414 1.794673
v 1.580740 -0.001414 1.794673
v 1.592869 -0.001414 2.073453
v 2.987634 -0.001414 2.073453
v 2.987634 -0.001414 1.794673
v 2.987634 0.001414 2.073453
v 2.987634 0.001414 1.794673
v 2.999806 0.013586 1.794673
v 2.999806 0.013586 2.073453
v 3.002634 0.013586 1.794673
v 3.002635 0.013586 2.073453
v 3.014806 0.001414 1.794673
v 3.014806 0.001414 2.073453
v 3.014806 -0.001414 2.073453
v 3.014806 -0.001414 1.794673
v 4.394528 -0.001414 2.073453
v 4.390170 -0.001414 1.794673
v 4.394528 0.001414 2.073453
v 4.390170 0.001414 1.794673
v 4.402341 0.013586 1.794673
v 4.406700 0.013586 2.073453
v 4.405170 0.013586 1.794673
v 4.409528 0.013586 2.073453
v 4.417342 0.001414 1.794673
v 4.421700 0.001414 2.073453
v 4.421700 -0.001414 2.073453
v 4.417342 -0.001414 1.794673
v 0.183570 0.383803 0.015863
v 0.003864 0.383803 0.015000
v 0.016035 0.395975 0.027172
v 0.171398 0.395975 0.028035
v 0.171398 0.398803 0.028035
v 0.016035 0.398803 0.027172
v 0.183570 0.410975 0.015863
v 0.003864 0.410975 0.015000
v 0.186398 0.410975 0.013035
v 0.001035 0.410975 0.012172
v 0.002141 0.398803 0.000842
v 0.198570 0.398803 0.000863
v 0.198570 0.395975 0.000863
v 0.002141 0.395975 0.000842
v 0.186398 0.383803 0.013035
v 0.001035 0.383803 0.012172
v 0.003864 0.383803 0.015000
v 0.183570 0.383803 0.015863
v 5.745778 0.411690 1.376047
v 5.736372 0.423861 1.350953
v 5.748544 0.411690 1.374625
v 5.733606 0.423861 1.352376
v 5.733606 0.423861 1.793638
v 5.745778 0.411690 1.805809
v 5.743328 0.411690 1.808259
v 5.731156 0.423861 1.796087
v 5.728328 0.423861 1.793259
v 5.730777 0.423861 1.790810
v 5.730777 0.423861 1.346875
v 5.716156 0.411690 1.781087
v 5.718606 0.411690 1.778638
v 5.718690 0.411690 1.347489
v 5.716156 0.408861 1.781087
v 5.718690 0.408861 1.347489
v 5.718606 0.408861 1.778638
v 5.730777 0.396690 1.346875
v 5.730777 0.396690 1.790810
v 5.728328 0.396690 1.793259
v 5.733606 0.396690 1.352376
v 5.733606 0.396690 1.793638
v 5.731156 0.396690 1.796087
v 5.745778 0.408861 1.376047
v 5.736372 0.396690 1.350953
v 5.745778 0.408861 1.805809
v 5.743328 0.408861 1.808259
v 5.748544 0.408861 1.374625
v 5.745778 0.411690 1.805809
v 5.743328 0.411690 1.808259
v 5.745778 0.411690 1.376047
v 5.748544 0.411690 1.374625
v 5.745778 0.602094 1.376047
v 5.736372 0.614265 1.350953
v 5.748544 0.602094 1.374625
v 5.733606 0.614265 1.352375
v 5.733606 0.614265 1.793638
v 5.745778 0.602094 1.805809
v 5.743328 0.602094 1.808259
v 5.731156 0.614265 1.796087
v 5.728328 0.614265 1.793259
v 5.730777 0.614265 1.790809
v 5.730777 0.614265 1.346875
v 5.716156 0.602094 1.781087
v 5.718606 0.602094 1.778638
v 5.718749 0.602094 1.347064
v 5.716156 0.599265 1.781087
v 5.718749 0.599265 1.347064
v 5.718606 0.599265 1.778638
v 5.730777 0.587094 1.346875
v 5.730777 0.587094 1.790809
v 5.728328 0.587094 1.793259
v 5.733606 0.587094 1.352375
v 5.733606 0.587094 1.793638
v 5.731156 0.587094 1.796087
v 5.745778 0.599265 1.376047
v 5.736372 0.587094 1.350953
v 5.748544 0.599265 1.374625
v 5.745778 0.599265 1.805809
v 5.743328 0.599265 1.808259
v 5.745778 0.602094 1.376047
v 5.748544 0.602094 1.374625
v 5.745778 0.602094 1.805809
v 5.743328 0.602094 1.808259
v 0.176297 1.048589 1.359810
v 1.594327 1.048589 1.359810
v 0.188469 1.036418 1.347639
v 1.594327 1.036418 1.347639
v 3.001220 1.048589 1.359810
v 0.191297 1.036418 1.344810
v 3.001220 1.036418 1.347639
v 4.408113 1.048589 1.359810
v 1.594327 1.036418 1.344810
v 0.203469 1.048589 1.332639
v 4.408113 1.036418 1.347639
v 5.947621 1.048589 1.359810
v 5.952118 1.036418 1.347639
v 3.001220 1.036418 1.344810
v 1.594327 1.048589 1.332639
v 0.203469 1.051418 1.332639
v 4.408113 1.036418 1.344810
v 5.953163 1.036418 1.344810
v 3.001220 1.048589 1.332639
v 4.408113 1.048589 1.332639
v 5.957661 1.048589 1.332639
v 1.594327 1.051418 1.332639
v 3.001220 1.051418 1.332639
v 4.408113 1.051418 1.332639
v 5.957661 1.051418 1.332639
v 5.953163 1.063589 1.344810
v 1.594327 1.063589 1.344810
v 0.191297 1.063589 1.344810
v 3.001220 1.063589 1.344810
v 4.408113 1.063589 1.344810
v 5.952118 1.063589 1.347639
v 1.594327 1.063589 1.347639
v 0.188469 1.063589 1.347639
v 3.001220 1.063589 1.347639
v 4.408113 1.063589 1.347639
v 5.947621 1.051418 1.359810
v 1.594327 1.051418 1.359810
v 0.176297 1.051418 1.359810
v 0.176297 1.048589 1.359810
v 1.594327 1.048589 1.359810
v 3.001220 1.051418 1.359810
v 3.001220 1.048589 1.359810
v 4.408113 1.051418 1.359810
v 4.408113 1.048589 1.359810
v 5.947621 1.048589 1.359810
v 0.182442 0.193362 0.019536
v 0.197535 0.000000 0.021765
v 0.180322 0.000000 0.021765
v 0.199656 0.193362 0.019536
v 0.199535 0.000000 0.019765
v 0.182442 0.790612 0.019536
v 0.201656 0.193362 0.017536
v 0.199535 0.000000 0.002552
v 0.199656 0.790612 0.019536
v 0.197778 1.050003 0.021686
v 0.180564 1.050003 0.021686
v 0.199778 1.050003 0.019686
v 0.201656 0.790612 0.017536
v 0.199778 1.050003 0.002472
v 0.201656 0.193362 0.000323
v 0.201656 0.790612 0.000323
v 0.199656 0.790612 -0.001677
v 0.197778 1.050003 0.000473
v 0.199656 0.193362 -0.001677
v 0.197535 0.000000 0.000552
v 0.182442 0.790612 -0.001677
v 0.180564 1.050003 0.000473
v 0.182442 0.193362 -0.001677
v 0.180322 0.000000 0.000552
v 0.180442 0.790612 0.000323
v 0.178564 1.050003 0.002472
v 0.180442 0.193362 0.000323
v 0.178322 0.000000 0.002552
v 0.180442 0.790612 0.017536
v 0.178564 1.050003 0.019686
v 0.180442 0.193362 0.017536
v 0.178322 0.000000 0.019765
v 0.180322 0.000000 0.021765
v 0.182442 0.193362 0.019536
v 0.182442 0.790612 0.019536
v 0.180564 1.050003 0.021686
v 0.173847 1.050003 0.671698
v 0.173847 0.790612 0.671698
v 0.186019 1.050003 0.659526
v 0.186019 0.790612 0.659526
v 0.173847 0.000000 0.671698
v 0.188847 1.050003 0.659526
v 0.186019 0.000000 0.659526
v 0.188847 0.790612 0.659526
v 0.201019 1.050003 0.671698
v 0.188847 0.000000 0.659526
v 0.201019 0.790612 0.671698
v 0.201019 1.050003 0.674526
v 0.201019 0.000000 0.671698
v 0.201019 0.790612 0.674526
v 0.201019 0.000000 0.674526
v 0.188847 1.050003 0.686698
v 0.188847 0.000000 0.686698
v 0.188847 0.790612 0.686698
v 0.186019 1.050003 0.686698
v 0.186019 0.000000 0.686698
v 0.186019 0.790612 0.686698
v 0.173847 1.050003 0.674526
v 0.173847 0.000000 0.674526
v 0.173847 0.790612 0.674526
v 0.173847 1.050003 0.671698
v 0.173847 0.000000 0.671698
v 0.173847 0.790612 0.671698
v 0.201866 0.792026 1.558727
v 0.188848 0.804198 1.346224
v 0.201019 0.792026 1.346224
v 0.189705 0.804198 1.570898
v 0.186019 0.804198 1.346224
v 0.203102 0.792026 1.563168
v 0.186879 0.804198 1.573727
v 0.173848 0.792026 1.346224
v 0.190940 0.804198 1.575339
v 0.331515 0.792026 1.777926
v 0.174717 0.792026 1.585898
v 0.173848 0.789198 1.346224
v 0.188114 0.804198 1.578168
v 0.319343 0.804198 1.790097
v 0.335131 0.792026 1.779979
v 0.322959 0.804198 1.792150
v 0.320131 0.804198 1.794978
v 0.316515 0.804198 1.792925
v 0.307959 0.792026 1.807149
v 0.175952 0.792026 1.590339
v 0.304343 0.792026 1.805096
v 0.307959 0.789198 1.807149
v 0.304343 0.789198 1.805096
v 0.175952 0.789198 1.590339
v 0.316515 0.777026 1.792925
v 0.320131 0.777026 1.794978
v 0.174717 0.789198 1.585898
v 0.188114 0.777026 1.578168
v 0.319343 0.777026 1.790097
v 0.322959 0.777026 1.792150
v 0.186879 0.777026 1.573727
v 0.186019 0.777026 1.346224
v 0.190940 0.777026 1.575339
v 0.331515 0.789198 1.777926
v 0.335131 0.789198 1.779979
v 0.335131 0.792026 1.779979
v 0.331515 0.792026 1.777926
v 0.203102 0.789198 1.563168
v 0.203102 0.792026 1.563168
v 0.189705 0.777026 1.570898
v 0.188848 0.777026 1.346224
v 0.201866 0.789198 1.558727
v 0.201866 0.792026 1.558727
v 0.201019 0.789198 1.346224
v 0.201019 0.792026 1.346224
v 6.232632 0.789195 1.920032
v 5.730336 0.789195 2.059868
v 5.731999 0.777026 2.072041
v 6.244806 0.777026 1.929279
v 6.234819 0.789195 1.917152
v 5.732385 0.777026 2.074870
v 6.246993 0.777026 1.926400
v 6.247634 0.777026 1.931428
v 5.734048 0.789200 2.087039
v 6.249822 0.777026 1.928549
v 6.259804 0.789200 1.940673
v 6.261991 0.789200 1.937793
v 6.259803 0.792028 1.940672
v 5.734047 0.792028 2.087039
v 6.261991 0.792028 1.937793
v 6.247630 0.804198 1.931424
v 5.732385 0.804198 2.074865
v 6.249817 0.804198 1.928545
v 6.244802 0.804197 1.929276
v 6.246988 0.804197 1.926397
v 5.731998 0.804197 2.072037
v 6.234819 0.792023 1.917152
v 6.232632 0.792023 1.920031
v 5.730336 0.792024 2.059867
v 6.234819 0.789195 1.917152
v 5.730336 0.789195 2.059868
v 6.232632 0.789195 1.920032
v 0.173847 0.792021 0.673112
v 0.186015 0.804197 1.345194
v 0.173847 0.792022 1.357361
v 0.186014 0.804197 0.673112
v 0.188843 0.804198 1.342365
v 0.173847 0.792026 0.029621
v 0.188843 0.804198 0.673112
v 0.201019 0.792030 1.330189
v 0.186019 0.804197 0.017449
v 0.171398 0.792026 0.027171
v 0.183570 0.804197 0.015000
v 0.186398 0.804197 0.012171
v 0.188848 0.804198 0.014621
v 0.201019 0.792030 0.673112
v 0.201019 0.789202 1.330189
v 0.201019 0.792026 0.002449
v 0.198570 0.792026 -0.000000
v 0.198570 0.789197 -0.000000
v 0.201019 0.789202 0.673112
v 0.201019 0.789197 0.002449
v 0.188847 0.777026 0.014621
v 0.186398 0.777026 0.012171
v 0.183570 0.777026 0.015000
v 0.188852 0.777026 0.673112
v 0.188852 0.777026 1.342357
v 0.186019 0.777025 0.017449
v 0.171398 0.789197 0.027171
v 0.186024 0.777026 0.673112
v 0.186023 0.777026 1.345184
v 0.173848 0.789198 0.029621
v 0.171398 0.792026 0.027171
v 0.173847 0.792026 0.029621
v 0.173847 0.792021 0.673112
v 0.173848 0.789193 0.673112
v 0.173848 0.789193 1.357360
v 0.173847 0.792022 1.357361
v 0.190450 0.835707 2.100401
v 0.242851 0.823536 2.113911
v 0.242851 0.835708 2.101740
v 0.187905 0.823536 2.112572
v 0.242851 0.823536 2.116740
v 0.153541 0.835708 2.085672
v 0.187313 0.823536 2.115402
v 0.242851 0.835708 2.128911
v 0.145806 0.823536 2.095574
v 0.150437 0.835708 2.083248
v 0.184767 0.835707 2.127572
v 0.242851 0.838536 2.128911
v 0.144009 0.823536 2.097875
v 0.142703 0.823536 2.093150
v -0.012457 0.823536 1.891951
v -0.002818 0.835708 1.884518
v -0.024662 0.835708 1.856193
v -0.036834 0.823536 1.860340
v -0.014697 0.823536 1.893678
v -0.039663 0.823536 1.861304
v 0.140906 0.823536 2.095450
v -0.024335 0.835708 1.901111
v -0.051834 0.835708 1.865452
v 0.133171 0.835708 2.105352
v 0.136275 0.835708 2.107776
v 0.133171 0.838536 2.105352
v -0.024335 0.838536 1.901111
v -0.051834 0.838536 1.865452
v -0.039663 0.850708 1.861304
v 0.184767 0.838536 2.127572
v -0.014697 0.850708 1.893678
v -0.036834 0.850708 1.860340
v 0.136275 0.838536 2.107776
v 0.187313 0.850707 2.115402
v 0.242851 0.850708 2.116740
v 0.144009 0.850708 2.097875
v 0.140906 0.850708 2.095450
v 0.142703 0.850708 2.093150
v 0.145806 0.850708 2.095574
v 0.187905 0.850707 2.112572
v 0.242851 0.850708 2.113911
v -0.012457 0.850708 1.891951
v -0.024662 0.838536 1.856193
v 0.150438 0.838536 2.083248
v -0.002818 0.838536 1.884518
v -0.024662 0.835708 1.856193
v -0.002818 0.835708 1.884518
v 0.150437 0.835708 2.083248
v 0.153541 0.835708 2.085672
v 0.153541 0.838536 2.085672
v 0.190450 0.838536 2.100401
v 0.190450 0.835707 2.100401
v 0.242851 0.838536 2.101740
v 0.242851 0.835708 2.101740
v 1.594327 0.838536 2.101740
v 0.242851 0.850708 2.113911
v 0.242851 0.838536 2.101740
v 1.594327 0.850708 2.113911
v 0.242851 0.850708 2.116740
v 3.001220 0.838536 2.101740
v 1.594327 0.850708 2.116740
v 0.242851 0.838536 2.128911
v 3.001220 0.850708 2.113911
v 4.408113 0.838536 2.101740
v 1.594327 0.838536 2.128911
v 0.242851 0.835708 2.128911
v 4.408113 0.850708 2.113911
v 5.730418 0.838536 2.101740
v 3.001220 0.850708 2.116740
v 3.001220 0.838536 2.128911
v 4.408113 0.850708 2.116740
v 5.732007 0.850707 2.113911
v 6.257322 0.838536 1.961752
v 6.269494 0.850708 1.971113
v 5.732377 0.850707 2.116740
v 6.272322 0.850708 1.973288
v 4.408113 0.838536 2.128911
v 5.733965 0.838536 2.128911
v 6.284494 0.838536 1.982648
v 3.001220 0.835708 2.128911
v 5.733965 0.835707 2.128911
v 6.284494 0.835708 1.982648
v 6.272322 0.823536 1.973288
v 4.408113 0.835708 2.128911
v 5.732377 0.823536 2.116740
v 6.269494 0.823536 1.971113
v 3.001220 0.823536 2.116740
v 5.732007 0.823536 2.113911
v 6.257322 0.835708 1.961752
v 4.408113 0.823536 2.116740
v 5.730418 0.835707 2.101740
v 6.257322 0.838536 1.961752
v 5.730418 0.838536 2.101740
v 4.408113 0.823536 2.113911
v 4.408113 0.835708 2.101740
v 4.408113 0.838536 2.101740
v 3.001220 0.838536 2.101740
v 3.001220 0.835708 2.101740
v 1.594327 0.838536 2.101740
v 3.001220 0.823536 2.113911
v 1.594327 0.835708 2.101740
v 0.242851 0.838536 2.101740
v 0.242851 0.835708 2.101740
v 1.594327 0.823536 2.113911
v 0.242851 0.823536 2.113911
v 1.594327 0.823536 2.116740
v 0.242851 0.823536 2.116740
v 1.594327 0.835708 2.128911
v 0.173847 0.835707 0.673112
v 0.173848 0.835708 1.357361
v 0.186019 0.823536 1.345189
v 0.186019 0.823536 0.673112
v 0.173847 0.835707 0.029621
v 0.188848 0.823536 1.342361
v 0.186019 0.823536 0.017449
v 0.188847 0.823536 0.673112
v 0.201019 0.835708 1.330189
v 0.188847 0.823536 0.014621
v 0.201019 0.835707 0.673112
v 0.201019 0.835707 0.002449
v 0.201019 0.838536 0.002449
v 0.201019 0.838536 0.673112
v 0.201019 0.838536 1.330189
v 0.188847 0.850707 0.014621
v 0.188847 0.850707 0.673112
v 0.188848 0.850708 1.342361
v 0.186019 0.850707 0.017449
v 0.186019 0.850707 0.673112
v 0.186019 0.850708 1.345189
v 0.173847 0.838536 0.029621
v 0.173847 0.838536 0.673112
v 0.173848 0.838536 1.357361
v 0.173847 0.835707 0.029621
v 0.173848 0.835708 1.357361
v 0.173847 0.835707 0.673112
v 2.999806 1.050008 1.359810
v 2.999805 0.806653 1.359804
v 2.987634 1.050004 1.347639
v 2.987634 0.794477 1.347638
v 2.999806 0.804204 1.362253
v 2.987634 0.792026 1.350087
v 2.987634 1.050003 1.344810
v 2.987634 0.789197 1.346224
v 2.999806 0.790615 1.332645
v 2.999806 1.049999 1.332639
v 3.002635 1.049999 1.332639
v 3.002635 0.790615 1.332645
v 3.014806 0.790612 1.344810
v 3.014806 1.050003 1.344810
v 3.014806 0.794477 1.347638
v 3.014806 0.792026 1.350087
v 3.014806 1.050004 1.347639
v 3.002634 0.804204 1.362253
v 3.002635 0.806653 1.359804
v 3.002635 1.050008 1.359810
v 2.999805 0.806653 1.359804
v 2.999806 0.804204 1.362253
v 2.999806 1.050008 1.359810
v 4.421700 1.050004 1.347639
v 4.409528 0.806653 1.359804
v 4.409528 1.050008 1.359810
v 4.421699 0.794477 1.347638
v 4.409528 0.804204 1.362253
v 4.421700 0.792026 1.350087
v 4.421700 1.050003 1.344810
v 4.421699 0.790612 1.344810
v 4.409528 1.049999 1.332639
v 4.409528 0.790615 1.332645
v 4.406699 0.790615 1.332645
v 4.406700 1.049999 1.332639
v 4.394528 1.050003 1.344810
v 4.394528 0.789197 1.346224
v 4.394528 0.794477 1.347638
v 4.394528 0.792026 1.350087
v 4.394528 1.050004 1.347639
v 4.406700 0.804204 1.362253
v 4.406700 0.806653 1.359804
v 4.409528 0.804204 1.362253
v 4.406700 1.050008 1.359810
v 4.409528 0.806653 1.359804
v 4.409528 1.050008 1.359810
v 6.259804 0.001414 1.940673
v 6.261991 -0.001414 1.937793
v 6.259804 -0.001414 1.940673
v 6.261991 0.001414 1.937793
v 6.247633 0.013586 1.931426
v 6.261991 -0.001414 1.710626
v 6.249819 0.013586 1.928547
v 6.244804 0.013586 1.929278
v 6.261991 0.001414 1.710626
v 6.260260 -0.001414 1.707260
v 6.260260 0.001414 1.707260
v 6.249819 0.013586 1.716884
v 6.248088 0.013586 1.713518
v 6.246991 0.013586 1.926399
v 6.232632 0.001414 1.920032
v 6.246991 0.013586 1.718339
v 6.245260 0.013586 1.714973
v 6.234819 0.001414 1.917152
v 6.234819 -0.001414 1.917152
v 6.232632 -0.001414 1.920032
v 6.234819 -0.001414 1.724597
v 6.234819 0.001414 1.724597
v 6.233088 0.001414 1.721231
v 6.233088 -0.001414 1.721231
v 0.171398 -0.001414 0.027172
v 0.173847 0.001414 0.029621
v 0.173847 -0.001414 0.029621
v 0.171398 0.001414 0.027172
v 0.016035 -0.001414 0.027172
v 0.186019 0.013586 0.017449
v 0.016035 0.001414 0.027172
v 0.013586 -0.001414 0.029621
v 0.013586 0.001414 0.029621
v 0.001414 0.013586 0.017449
v 0.003864 0.013586 0.015000
v 0.183570 0.013586 0.015000
v 0.186398 0.013586 0.012172
v 0.001035 0.013586 0.012172
v 0.188847 0.013586 0.014621
v 0.001414 0.001414 -0.000000
v 0.201019 0.001414 0.002449
v 0.198570 0.001414 -0.000000
v 0.198570 -0.001414 -0.000000
v 0.001414 -0.001414 -0.000000
v 0.201019 -0.001414 0.002449
v 5.728328 0.804198 1.793259
v 5.733606 0.804198 1.793638
v 5.731156 0.804198 1.796087
v 5.730777 0.804198 1.790809
v 5.733606 0.804198 1.348224
v 5.716156 0.792026 1.781087
v 5.730777 0.804198 1.348224
v 5.732192 0.802783 1.346224
v 5.718606 0.792026 1.778638
v 5.716156 0.789198 1.781087
v 5.718606 0.792026 1.348224
v 5.720020 0.790612 1.346224
v 5.718606 0.789198 1.348224
v 5.732192 0.778440 1.346224
v 5.718606 0.789198 1.778638
v 5.730777 0.777026 1.790809
v 5.728328 0.777026 1.793259
v 5.730777 0.777026 1.348224
v 5.733606 0.777026 1.793638
v 5.731156 0.777026 1.796087
v 5.733606 0.777026 1.348224
v 5.745778 0.789198 1.348224
v 5.744363 0.790612 1.346224
v 5.745778 0.789198 1.805809
v 5.743328 0.789198 1.808259
v 5.745778 0.792026 1.348224
v 5.732192 0.802783 1.346224
v 5.733606 0.804198 1.348224
v 5.733606 0.804198 1.793638
v 5.745778 0.792026 1.805809
v 5.743328 0.792026 1.808259
v 5.731156 0.804198 1.796087
v 2.986517 1.044221 2.294938
v 2.988243 1.047764 2.291245
v 2.984630 1.048589 2.293394
v 2.986630 1.051418 2.293394
v 2.993401 1.049513 2.290041
v 1.614299 1.048592 2.293396
v 1.611567 1.044518 2.294838
v 1.609804 1.047278 2.291658
v 3.001220 1.051418 2.293394
v 3.001220 1.049513 2.290041
v 3.009049 1.049513 2.290041
v 1.611865 1.051394 2.293422
v 1.599566 1.044164 2.288187
v 1.594296 1.045997 2.287514
v 1.594327 1.050004 2.291980
v 1.594273 1.063589 2.305566
v 1.576705 1.051390 2.293417
v 3.001164 1.063589 2.305566
v 1.594273 1.063589 2.308394
v 3.015832 1.051418 2.293394
v 3.014213 1.047764 2.291247
v 3.015937 1.044220 2.294939
v 3.017832 1.048589 2.293394
v 4.391480 1.048589 2.293394
v 4.393379 1.044220 2.294939
v 4.395102 1.047764 2.291247
v 4.393480 1.051418 2.293394
v 4.400268 1.049513 2.290041
v 4.408113 1.051418 2.293394
v 4.408113 1.049513 2.290041
v 4.416047 1.049513 2.290041
v 4.408168 1.063582 2.305573
v 4.422898 1.051433 2.293379
v 4.421245 1.047765 2.291255
v 4.422958 1.044215 2.294941
v 4.424900 1.048589 2.293394
v 5.718953 1.051464 2.293346
v 5.717100 1.048589 2.293394
v 5.719240 1.044351 2.294814
v 5.720664 1.047778 2.291223
v 5.725828 1.049550 2.290032
v 5.730751 1.051466 2.293334
v 5.730353 1.049525 2.290038
v 5.741214 1.049501 2.287657
v 5.733965 1.063552 2.304332
v 5.748015 1.051448 2.289562
v 5.746078 1.047886 2.288284
v 5.748838 1.040716 2.294630
v 5.749862 1.048589 2.289187
v 6.370342 1.051438 2.152819
v 6.370347 1.048589 2.152839
v 6.382520 1.063569 2.162643
v 5.734310 1.063589 2.307110
v 6.385346 1.063589 2.164899
v 4.408170 1.063589 2.308394
v 5.735742 1.051418 2.319257
v 6.397516 1.051418 2.174685
v 6.397520 1.048569 2.174705
v 4.408175 1.051418 2.320566
v 5.735706 1.048552 2.319307
v 3.001164 1.063589 2.308394
v 3.001164 1.051418 2.320565
v 1.594250 1.051418 2.320565
v 1.594250 1.048589 2.320565
v 3.001164 1.048589 2.320565
v 1.594327 1.035004 2.306980
v 1.576557 1.036448 2.308359
v 1.611925 1.036452 2.308364
v 1.594337 1.031367 2.303810
v 1.599610 1.031782 2.301778
v 1.609786 1.034760 2.304374
v 1.614299 1.036420 2.305568
v 1.611567 1.037851 2.301505
v 1.611567 1.044518 2.294838
v 1.614299 1.048592 2.293396
v 2.984630 1.048589 2.293394
v 2.986517 1.038288 2.300872
v 2.986517 1.044221 2.294938
v 2.984630 1.036418 2.305566
v 2.988340 1.034505 2.304795
v 2.986630 1.036418 2.308394
v 2.994782 1.033064 2.306492
v 3.001220 1.036418 2.308394
v 3.001220 1.033064 2.306492
v 3.007664 1.033064 2.306492
v 3.015832 1.036418 2.308394
v 3.014116 1.034507 2.304796
v 3.017832 1.036418 2.305566
v 3.015937 1.038288 2.300870
v 3.017832 1.048589 2.293394
v 3.015937 1.044220 2.294939
v 4.393480 1.036418 2.308394
v 4.391480 1.036418 2.305566
v 4.391480 1.048589 2.293394
v 4.393379 1.038288 2.300870
v 4.393379 1.044220 2.294939
v 4.395198 1.034507 2.304796
v 4.401654 1.033064 2.306492
v 4.408113 1.036418 2.308394
v 4.408113 1.033064 2.306492
v 4.414654 1.033064 2.306492
v 4.408176 1.048582 2.320574
v 4.422916 1.036433 2.308378
v 4.421166 1.034516 2.304797
v 4.424915 1.036418 2.305566
v 4.422966 1.038291 2.300865
v 4.424900 1.048589 2.293394
v 4.422958 1.044215 2.294941
v 5.717100 1.048589 2.293394
v 5.719887 1.038344 2.300821
v 5.719240 1.044351 2.294814
v 5.718409 1.036418 2.305566
v 5.722098 1.034475 2.304763
v 5.720568 1.036465 2.308345
v 5.728255 1.033080 2.306431
v 5.732382 1.036466 2.308333
v 5.732322 1.033102 2.306478
v 5.740945 1.033051 2.304611
v 5.750001 1.036448 2.304483
v 6.385342 1.036438 2.164881
v 5.747746 1.034731 2.301402
v 6.382518 1.036418 2.162627
v 5.751473 1.036418 2.301295
v 5.749045 1.039147 2.296191
v 6.370347 1.048589 2.152839
v 5.749862 1.048589 2.289187
v 5.748838 1.040716 2.294630
v 0.173847 0.838536 0.029621
v 0.173847 0.835707 0.029621
v 0.171398 0.835707 0.027171
v 0.171398 0.838536 0.027171
v 0.186019 0.850707 0.017449
v -0.023469 0.835707 0.027171
v 0.183570 0.850707 0.015000
v 0.188847 0.850707 0.014621
v -0.023469 0.838536 0.027171
v -0.025919 0.835707 0.029621
v -0.025919 0.838536 0.029621
v -0.038090 0.850707 0.017449
v -0.035641 0.850707 0.015000
v 0.186398 0.850707 0.012171
v -0.038469 0.850707 0.012171
v 0.201019 0.838536 0.002449
v -0.034556 0.838536 0.001116
v 0.198570 0.838536 -0.000000
v 0.201019 0.835707 0.002449
v -0.034556 0.835707 0.001116
v 0.198570 0.835707 -0.000000
v 0.186398 0.823536 0.012171
v 0.188847 0.823536 0.014621
v -0.038469 0.823536 0.012171
v 0.183570 0.823536 0.015000
v 0.186019 0.823536 0.017449
v -0.035641 0.823536 0.015000
v 0.171398 0.835707 0.027171
v 0.173847 0.835707 0.029621
v -0.023469 0.835707 0.027171
v -0.025919 0.835707 0.029621
v -0.038090 0.823536 0.017449
v 0.186019 1.036418 0.017449
v 0.171398 1.048589 0.027171
v 0.173847 1.048589 0.029621
v 0.183570 1.036418 0.015000
v -0.204286 1.048589 0.027171
v 0.188847 1.036418 0.014621
v -0.216457 1.036418 0.015000
v -0.206735 1.048589 0.029621
v -0.218907 1.036418 0.017449
v -0.221735 1.036418 0.014621
v -0.219286 1.036418 0.012171
v 0.186398 1.036418 0.012171
v 0.201019 1.048589 0.002449
v -0.231457 1.048589 -0.000000
v -0.233907 1.048589 0.002449
v -0.233907 1.051418 0.002449
v 0.198570 1.048589 -0.000000
v -0.231457 1.051418 -0.000000
v 0.198570 1.051418 -0.000000
v 0.201019 1.051418 0.002449
v -0.219286 1.063589 0.012171
v -0.221735 1.063589 0.014621
v -0.218907 1.063589 0.017449
v 0.186398 1.063589 0.012171
v 0.188847 1.063589 0.014621
v -0.216457 1.063589 0.015000
v 0.183570 1.063589 0.015000
v 0.186019 1.063589 0.017449
v -0.204286 1.051418 0.027171
v -0.206735 1.051418 0.029621
v -0.206735 1.048589 0.029621
v -0.204286 1.048589 0.027171
v 0.171398 1.051418 0.027171
v 0.173847 1.051418 0.029621
v 0.171398 1.048589 0.027171
v 0.173847 1.048589 0.029621
v -0.013586 -0.001414 1.862228
v -0.013586 -0.001414 1.346225
v -0.013586 0.001414 1.862228
v -0.013586 0.001414 1.346225
v -0.001414 0.013586 1.857655
v -0.013586 -0.001414 0.673112
v -0.001414 0.013586 1.346225
v 0.001414 0.013586 1.856593
v -0.013586 0.001414 0.673112
v -0.013586 -0.001414 0.015000
v -0.013586 0.001414 0.015000
v -0.001414 0.013586 0.673112
v -0.001414 0.013586 0.014621
v 0.001414 0.013586 0.017449
v 0.001414 0.013586 1.346225
v 0.013586 0.001414 1.852020
v 0.001414 0.013586 0.673112
v 0.013586 0.001414 0.029621
v 0.013586 0.001414 1.346225
v 0.013586 -0.001414 1.852020
v 0.013586 -0.001414 1.346225
v 0.013586 0.001414 0.673112
v 0.013586 -0.001414 0.673112
v 0.013586 -0.001414 0.029621
v 5.734047 -0.001414 2.087039
v 4.408114 -0.001414 2.087039
v 5.734047 0.001415 2.087039
v 4.408114 0.001414 2.087039
v 5.732385 0.013586 2.074867
v 3.001220 -0.001414 2.087039
v 4.408114 0.013586 2.074867
v 5.731998 0.013586 2.072039
v 3.001220 0.001414 2.087039
v 1.606455 -0.001414 2.087039
v 4.408114 0.013586 2.072039
v 5.730336 0.001415 2.059868
v 3.001220 0.013586 2.074867
v 1.606455 0.001414 2.087039
v 0.181034 0.001375 2.087049
v 0.181034 -0.001375 2.087049
v 0.187036 0.013627 2.074857
v 1.606455 0.013586 2.074867
v 0.187824 0.013625 2.072050
v 3.001220 0.013586 2.072039
v 1.606455 0.013586 2.072039
v 0.193861 0.001373 2.059857
v 4.408114 0.001414 2.059867
v 5.730336 -0.001414 2.059868
v 4.408114 -0.001414 2.059867
v 3.001220 0.001414 2.059867
v 3.001220 -0.001414 2.059867
v 1.606455 -0.001414 2.059867
v 0.193861 -0.001373 2.059857
v 1.606455 0.001414 2.059867
v -0.218907 1.036418 1.856572
v -0.205404 1.048589 1.855507
v -0.206735 1.048589 1.851861
v -0.217617 1.036418 1.860242
v 0.123980 1.048617 2.254154
v -0.221735 1.036418 1.857667
v 0.117930 1.036389 2.265553
v 0.191723 1.048635 2.292336
v -0.220403 1.036418 1.861312
v -0.233907 1.048589 1.862378
v 0.116193 1.036390 2.267881
v -0.232615 1.048589 1.866047
v -0.233907 1.051418 1.862378
v 0.185101 1.036372 2.307326
v -0.232615 1.051418 1.866047
v 0.186283 1.036373 2.304642
v -0.220403 1.063589 1.861312
v -0.221735 1.063589 1.857667
v 0.190153 1.036418 2.305566
v 0.195532 1.048589 2.293394
v 1.574264 1.048587 2.293392
v 1.574194 1.036416 2.305564
v 0.188904 1.036418 2.308394
v 1.576557 1.036448 2.308359
v 0.183525 1.048589 2.320565
v 1.594250 1.048589 2.320565
v 0.179661 1.048634 2.319630
v 0.183525 1.051418 2.320565
v 1.594250 1.051418 2.320565
v 0.179661 1.051373 2.319630
v 0.110149 1.048618 2.279287
v 0.110149 1.051389 2.279287
v 0.185101 1.063635 2.307326
v 0.116193 1.063617 2.267881
v 0.188904 1.063589 2.308394
v 1.594273 1.063589 2.308394
v -0.217617 1.063589 1.860242
v -0.218907 1.063589 1.856572
v 0.117930 1.063618 2.265553
v 0.186283 1.063634 2.304642
v 0.190153 1.063589 2.305566
v 1.594273 1.063589 2.305566
v 1.576705 1.051390 2.293417
v 0.191723 1.051372 2.292336
v 0.195532 1.051418 2.293394
v 1.574264 1.048587 2.293392
v 0.195532 1.048589 2.293394
v 0.191723 1.048635 2.292336
v 0.123980 1.051390 2.254154
v 0.123980 1.048617 2.254154
v -0.205404 1.048589 1.855507
v -0.205404 1.051418 1.855507
v -0.206735 1.048589 1.851861
v -0.206735 1.051418 1.851861
v 5.730777 0.000000 1.359810
v 5.733606 0.788021 1.359810
v 5.733606 0.000000 1.359810
v 5.730777 0.789068 1.359810
v 5.718606 0.000000 1.347639
v 5.734951 0.791657 1.359810
v 5.718606 0.793573 1.347639
v 5.718606 0.000000 1.344810
v 5.732123 0.792704 1.359810
v 5.949761 1.047306 1.361465
v 5.951909 1.045465 1.361465
v 5.940524 1.055231 1.349294
v 5.719952 0.797210 1.347638
v 5.940524 1.055231 1.346466
v 5.718606 0.793573 1.344810
v 5.719952 0.797210 1.344810
v 5.732123 0.792704 1.332638
v 5.953635 1.051837 1.334323
v 5.730777 0.789068 1.332639
v 5.730777 0.000000 1.332639
v 5.734951 0.791657 1.332638
v 5.955782 1.049996 1.334323
v 5.733606 0.788021 1.332639
v 5.733606 0.000000 1.332639
v 5.747123 0.787152 1.344810
v 5.965019 1.042071 1.346495
v 5.745778 0.783515 1.344810
v 5.745778 0.000000 1.344810
v 5.747123 0.787152 1.347638
v 5.965019 1.042071 1.349324
v 5.951909 1.045465 1.361465
v 5.734951 0.791657 1.359810
v 5.733606 0.788021 1.359810
v 5.745778 0.783515 1.347639
v 5.733606 0.000000 1.359810
v 5.745778 0.000000 1.347639
v 1.592404 1.050004 1.359748
v 1.592403 0.806384 1.359748
v 1.589660 1.050004 1.359061
v 1.589659 0.806084 1.359061
v 1.592403 0.804135 1.361997
v 1.589659 0.803449 1.361696
v 1.580804 1.050004 1.344301
v 1.580803 0.788689 1.346936
v 1.580803 0.791323 1.344301
v 1.581489 1.050004 1.341557
v 1.581489 0.785945 1.342929
v 1.596249 0.790273 1.332701
v 1.596250 1.050004 1.332701
v 1.598993 0.790959 1.333387
v 1.598994 1.050004 1.333387
v 1.607849 0.793907 1.348147
v 1.607850 1.050004 1.348147
v 1.607164 0.797528 1.350891
v 1.607164 1.050004 1.350891
v 1.607164 0.795279 1.353140
v 1.592403 0.806384 1.359748
v 1.592404 1.050004 1.359748
v 1.592403 0.804135 1.361997
v 1.589033 1.044161 2.288186
v 1.576705 1.051390 2.293417
v 1.578783 1.047272 2.291654
v 1.594296 1.045997 2.287514
v 1.594327 1.050004 2.291980
v 1.592793 1.042175 2.285510
v 1.595801 1.042176 2.285509
v 1.599566 1.044164 2.288187
v 1.595844 0.797430 2.061192
v 1.592810 0.797429 2.061193
v 1.607814 1.036529 2.291824
v 1.595741 0.793754 2.059867
v 1.592912 0.793754 2.059867
v 1.605041 0.000000 2.059867
v 1.607869 0.000000 2.059867
v 1.607812 0.792624 2.073501
v 1.607912 0.789082 2.072039
v 1.620041 0.000000 2.072039
v 1.607912 0.787997 2.074867
v 1.607811 0.791686 2.076167
v 1.595839 0.786879 2.088484
v 1.607817 1.034770 2.293791
v 1.608109 1.039962 2.292885
v 1.609804 1.047278 2.291658
v 1.611567 1.044518 2.294838
v 1.610242 1.038800 2.295797
v 1.611567 1.037851 2.301505
v 1.608097 1.035969 2.297096
v 1.609786 1.034760 2.304374
v 1.599610 1.031782 2.301778
v 1.595843 1.029125 2.300101
v 1.594337 1.031367 2.303810
v 1.592839 1.029124 2.300101
v 1.576557 1.036448 2.308359
v 1.594327 1.035004 2.306980
v 1.589048 1.031778 2.301771
v 1.592813 0.786878 2.088485
v 1.578736 1.034761 2.304370
v 1.574194 1.036416 2.305564
v 1.580821 1.034770 2.293790
v 1.580515 1.035976 2.297078
v 1.576966 1.037841 2.301519
v 1.577004 1.044536 2.294825
v 1.574264 1.048587 2.293392
v 1.578364 1.038796 2.295790
v 1.578783 1.047272 2.291654
v 1.576705 1.051390 2.293417
v 1.580516 1.039958 2.292884
v 1.589033 1.044161 2.288186
v 1.580822 1.036530 2.291824
v 1.592793 1.042175 2.285510
v 1.580843 0.791687 2.076166
v 1.580840 0.792624 2.073500
v 1.592810 0.797429 2.061193
v 1.592912 0.793754 2.059867
v 1.580741 0.787997 2.074867
v 1.580741 0.789082 2.072039
v 1.605041 0.000000 2.059867
v 1.592869 0.000000 2.072039
v 1.592869 0.000000 2.074867
v 1.592912 0.783325 2.087039
v 1.605041 0.000000 2.087039
v 1.595741 0.783325 2.087039
v 1.607869 0.000000 2.087039
v 1.620041 0.000000 2.074867
v 5.720664 1.047778 2.291223
v 5.728741 1.046614 2.286223
v 5.725828 1.049550 2.290032
v 5.734255 1.048362 2.284809
v 5.730353 1.049525 2.290038
v 5.732653 1.045385 2.282336
v 5.741214 1.049501 2.287657
v 5.739215 1.046789 2.285469
v 5.746078 1.047886 2.288284
v 5.735480 1.045384 2.282337
v 5.746763 1.041739 2.291078
v 5.748838 1.040716 2.294630
v 5.733619 0.797374 2.061246
v 5.730792 0.797371 2.061241
v 5.748980 1.039438 2.295211
v 5.749045 1.039147 2.296191
v 5.747654 1.037242 2.291381
v 5.745787 0.792701 2.073419
v 5.733606 0.793754 2.059867
v 5.730777 0.793754 2.059867
v 5.730777 0.000000 2.059867
v 5.733606 0.000000 2.059867
v 5.745778 0.789082 2.072039
v 5.745778 0.000000 2.072039
v 5.745792 0.791614 2.076241
v 5.745778 0.787997 2.074867
v 5.745778 0.000000 2.074867
v 5.747653 1.035349 2.293484
v 5.733615 0.786940 2.088418
v 5.733606 0.783325 2.087039
v 5.733606 0.000000 2.087039
v 5.747482 1.035908 2.297442
v 5.747746 1.034731 2.301402
v 5.741142 1.031666 2.302154
v 5.740945 1.033051 2.304611
v 5.735481 1.027205 2.302530
v 5.734031 1.029856 2.305457
v 5.732322 1.033102 2.306478
v 5.728255 1.033080 2.306431
v 5.732654 1.027206 2.302529
v 5.729135 1.030698 2.303686
v 5.722098 1.034475 2.304763
v 5.721323 1.035925 2.297880
v 5.719887 1.038344 2.300821
v 5.730788 0.786944 2.088419
v 5.720480 1.035348 2.293485
v 5.719291 1.039459 2.295528
v 5.719240 1.044351 2.294814
v 5.720731 1.041255 2.292176
v 5.720664 1.047778 2.291223
v 5.728741 1.046614 2.286223
v 5.720482 1.037241 2.291382
v 5.732653 1.045385 2.282336
v 5.718619 0.791617 2.076246
v 5.718615 0.792697 2.073418
v 5.730792 0.797371 2.061241
v 5.718606 0.789082 2.072039
v 5.730777 0.793754 2.059867
v 5.730777 0.000000 2.059867
v 5.718606 0.000000 2.072039
v 5.718606 0.787997 2.074867
v 5.718606 0.000000 2.074867
v 5.730777 0.783325 2.087039
v 5.730777 0.000000 2.087039
v 4.395102 1.047764 2.291247
v 4.402862 1.046537 2.286393
v 4.400268 1.049513 2.290041
v 4.408114 1.048273 2.285132
v 4.408113 1.049513 2.290041
v 4.406695 1.045252 2.282547
v 4.416047 1.049513 2.290041
v 4.409522 1.045252 2.282547
v 4.413368 1.046533 2.286381
v 4.421245 1.047765 2.291255
v 4.406700 0.797372 2.061245
v 4.421357 1.041187 2.292319
v 4.422958 1.044215 2.294941
v 4.409527 0.797372 2.061245
v 4.406700 0.793754 2.059867
v 4.423042 1.039338 2.295729
v 4.422966 1.038291 2.300865
v 4.409528 0.793754 2.059867
v 4.406700 0.000000 2.059867
v 4.409528 0.000000 2.059867
v 4.421700 0.792698 2.073420
v 4.421700 0.789082 2.072039
v 4.421700 0.000000 2.072039
v 4.421695 1.037109 2.291593
v 4.421700 0.791614 2.076245
v 4.421700 0.787997 2.074867
v 4.421700 0.000000 2.074867
v 4.421695 1.035216 2.293695
v 4.409527 0.786941 2.088419
v 4.409528 0.783325 2.087039
v 4.409528 0.000000 2.087039
v 4.406700 0.000000 2.087039
v 4.406700 0.783325 2.087039
v 4.394528 0.000000 2.074867
v 4.394528 0.787997 2.074867
v 4.394528 0.000000 2.072039
v 4.406700 0.786941 2.088419
v 4.394528 0.789082 2.072039
v 4.406700 0.000000 2.059867
v 4.406700 0.793754 2.059867
v 4.394527 0.791614 2.076245
v 4.394527 0.792698 2.073420
v 4.406700 0.797372 2.061245
v 4.406695 1.045252 2.282547
v 4.394522 1.037109 2.291593
v 4.394522 1.035216 2.293695
v 4.394905 1.041213 2.292306
v 4.402862 1.046537 2.286393
v 4.395102 1.047764 2.291247
v 4.393379 1.044220 2.294939
v 4.393232 1.039337 2.295728
v 4.393379 1.038288 2.300870
v 4.395000 1.035924 2.297848
v 4.395198 1.034507 2.304796
v 4.406695 1.027073 2.302740
v 4.403014 1.030561 2.303804
v 4.401654 1.033064 2.306492
v 4.409522 1.027073 2.302740
v 4.408114 1.029802 2.305673
v 4.408113 1.033064 2.306492
v 4.414654 1.033064 2.306492
v 4.413211 1.030548 2.303800
v 4.421166 1.034516 2.304797
v 4.421270 1.035940 2.297811
v 2.988243 1.047764 2.291245
v 2.995972 1.046538 2.286396
v 2.993401 1.049513 2.290041
v 3.001216 1.048274 2.285137
v 3.001220 1.049513 2.290041
v 2.999802 1.045252 2.282547
v 3.009049 1.049513 2.290041
v 3.002629 1.045252 2.282547
v 3.006461 1.046537 2.286393
v 3.014213 1.047764 2.291247
v 2.999806 0.797372 2.061245
v 3.014416 1.041215 2.292305
v 3.015937 1.044220 2.294939
v 3.002634 0.797372 2.061245
v 2.999806 0.793754 2.059867
v 3.016088 1.039337 2.295728
v 3.015937 1.038288 2.300870
v 3.002635 0.793754 2.059867
v 2.999806 0.000000 2.059867
v 3.002635 0.000000 2.059867
v 3.014807 0.792698 2.073420
v 3.014806 0.789082 2.072039
v 3.014806 0.000000 2.072039
v 3.014802 1.037109 2.291593
v 3.014807 0.791614 2.076245
v 3.014806 0.787997 2.074867
v 3.014806 0.000000 2.074867
v 3.014802 1.035216 2.293696
v 3.002634 0.786941 2.088419
v 3.002635 0.783325 2.087039
v 3.002635 0.000000 2.087039
v 2.999806 0.000000 2.087039
v 2.999806 0.783325 2.087039
v 2.987634 0.000000 2.074867
v 2.987634 0.787997 2.074867
v 2.987634 0.000000 2.072039
v 2.999807 0.786941 2.088419
v 2.987634 0.789082 2.072039
v 2.999806 0.000000 2.059867
v 2.999806 0.793754 2.059867
v 2.987634 0.791614 2.076245
v 2.987634 0.792698 2.073420
v 2.999806 0.797372 2.061245
v 2.999802 1.045252 2.282547
v 2.987629 1.037109 2.291593
v 2.987629 1.035216 2.293695
v 2.988023 1.041220 2.292303
v 2.995972 1.046538 2.286396
v 2.988243 1.047764 2.291245
v 2.986517 1.044221 2.294938
v 2.986353 1.039336 2.295728
v 2.986517 1.038288 2.300872
v 2.988119 1.035920 2.297856
v 2.988340 1.034505 2.304795
v 2.999802 1.027073 2.302740
v 2.996123 1.030564 2.303805
v 2.994782 1.033064 2.306492
v 3.002629 1.027073 2.302740
v 3.001216 1.029806 2.305673
v 3.001220 1.033064 2.306492
v 3.007664 1.033064 2.306492
v 3.006309 1.030562 2.303804
v 3.014116 1.034507 2.304796
v 3.014321 1.035923 2.297850
v 5.729501 0.789195 1.361003
v 5.729688 0.777026 1.347636
v 5.725782 0.789195 1.359810
v 5.733407 0.777026 1.348829
v 5.730596 0.777026 1.344808
v 6.233089 0.789195 1.721231
v 5.734314 0.777026 1.346001
v 5.734500 0.789200 1.332638
v 6.245263 0.777026 1.714971
v 6.234819 0.789195 1.724597
v 6.246994 0.777026 1.718337
v 6.248091 0.777026 1.713517
v 6.249822 0.777026 1.716883
v 6.261991 0.789200 1.710626
v 5.738219 0.789200 1.333831
v 6.260261 0.789200 1.707259
v 6.260260 0.792028 1.707259
v 6.261991 0.792028 1.710626
v 5.738218 0.792029 1.333832
v 5.734499 0.792029 1.332639
v 6.248086 0.804198 1.713519
v 6.249816 0.804198 1.716886
v 5.734312 0.804198 1.346006
v 5.730593 0.804198 1.344813
v 5.729686 0.804197 1.347641
v 6.245257 0.804197 1.714974
v 6.246988 0.804197 1.718340
v 5.733405 0.804197 1.348834
v 6.233088 0.792024 1.721231
v 6.234819 0.792024 1.724597
v 6.234819 0.789195 1.724597
v 6.233089 0.789195 1.721231
v 5.729501 0.789195 1.361003
v 5.729501 0.792023 1.361003
v 5.725782 0.789195 1.359810
v 5.725782 0.792023 1.359810
v 0.335210 0.001414 1.780000
v 0.332024 -0.001414 1.778195
v 0.335210 -0.001414 1.780000
v 0.332024 0.001414 1.778195
v 0.202890 -0.001414 1.563147
v 0.323038 0.013586 1.792171
v 0.202890 0.001414 1.563147
v 0.201800 -0.001414 1.559241
v 0.201800 0.001414 1.559241
v 0.189641 0.013586 1.571413
v 0.190731 0.013586 1.575319
v 0.186815 0.013586 1.574241
v 0.319852 0.013586 1.790366
v 0.320210 0.013586 1.794999
v 0.187905 0.013586 1.578147
v 0.174655 0.001414 1.586413
v 0.317024 0.013586 1.793194
v 0.308038 0.001414 1.807169
v 0.175744 0.001414 1.590319
v 0.175744 -0.001414 1.590319
v 0.174655 -0.001414 1.586413
v 0.304852 -0.001414 1.805364
v 0.304852 0.001414 1.805364
v 0.308038 -0.001414 1.807169
v 0.002596 0.190595 1.860321
v 0.154069 0.202765 2.041484
v 0.014834 0.202762 1.855712
v 0.147471 0.190591 2.052310
v -0.000161 0.190595 1.861344
v 0.157217 0.202819 2.043855
v 0.145869 0.190592 2.054901
v -0.012396 0.202762 1.865952
v 0.150545 0.190535 2.054761
v 0.187824 0.190554 2.072050
v 0.193861 0.202806 2.059857
v 0.149002 0.190537 2.057304
v 0.187036 0.190551 2.074857
v 0.181034 0.202804 2.087049
v 0.139269 0.202766 2.065729
v -0.012396 0.205595 1.865952
v 0.142328 0.202822 2.068215
v 0.181034 0.205554 2.087049
v 0.142328 0.205535 2.068215
v 0.139269 0.205591 2.065729
v 0.149002 0.217820 2.057304
v 0.187036 0.217806 2.074857
v 0.187824 0.217803 2.072050
v 0.145869 0.217765 2.054901
v -0.000161 0.217763 1.861344
v 0.150545 0.217822 2.054761
v 0.147471 0.217766 2.052310
v 0.002596 0.217762 1.860321
v 0.157217 0.205538 2.043855
v 0.193861 0.205552 2.059857
v 0.193861 0.202806 2.059857
v 0.157217 0.202819 2.043855
v 0.154069 0.205592 2.041484
v 0.014834 0.205595 1.855712
v 0.154069 0.202765 2.041484
v 0.014834 0.202762 1.855712
v 0.308038 0.202764 1.807169
v 1.594326 0.202764 1.808259
v 0.320210 0.190593 1.794999
v 1.594326 0.190593 1.796087
v 3.001220 0.193706 1.808259
v 0.323038 0.190593 1.792171
v 3.001220 0.181534 1.796087
v 4.408113 0.202764 1.808259
v 1.594326 0.190593 1.793259
v 0.335210 0.202764 1.780000
v 5.743328 0.196638 1.808259
v 5.731156 0.184467 1.796087
v 1.594326 0.202764 1.781087
v 4.408113 0.190593 1.796087
v 5.728328 0.184467 1.793259
v 0.335210 0.205593 1.780000
v 4.408113 0.190593 1.793259
v 5.716156 0.196638 1.781087
v 3.001220 0.181534 1.793259
v 4.408113 0.202764 1.781087
v 3.001220 0.193706 1.781087
v 5.716156 0.199467 1.781087
v 3.001220 0.196534 1.781087
v 4.408113 0.205593 1.781087
v 4.408113 0.217764 1.793259
v 5.728328 0.211638 1.793259
v 3.001220 0.208706 1.793259
v 1.594326 0.205593 1.781087
v 1.594326 0.217764 1.793259
v 0.323038 0.217764 1.792171
v 1.594326 0.217764 1.796087
v 0.320210 0.217764 1.794999
v 3.001220 0.208706 1.796087
v 1.594326 0.205593 1.808259
v 0.308038 0.205593 1.807169
v 0.308038 0.202764 1.807169
v 1.594326 0.202764 1.808259
v 3.001220 0.196534 1.808259
v 3.001220 0.193706 1.808259
v 4.408113 0.202764 1.808259
v 4.408113 0.217764 1.796087
v 5.731156 0.211638 1.796087
v 4.408113 0.205593 1.808259
v 5.743328 0.199467 1.808259
v 5.743328 0.196638 1.808259
v 5.748544 0.202764 1.374625
v 5.745778 0.205593 1.376047
v 5.748544 0.205593 1.374625
v 5.745778 0.202764 1.376047
v 5.736372 0.190593 1.350953
v 5.745778 0.199467 1.805809
v 5.730777 0.190593 1.346875
v 5.743328 0.196638 1.808259
v 5.743328 0.199467 1.808259
v 5.733606 0.184467 1.793638
v 5.745778 0.196638 1.805809
v 5.731156 0.184467 1.796087
v 5.728328 0.184467 1.793259
v 5.730777 0.190593 1.359035
v 5.730777 0.184467 1.790810
v 5.716156 0.196638 1.781087
v 5.718606 0.196638 1.778638
v 5.718714 0.202656 1.347479
v 5.718606 0.199467 1.778638
v 5.718714 0.205702 1.347479
v 5.716156 0.199467 1.781087
v 5.730777 0.217764 1.346875
v 5.730777 0.211638 1.790810
v 5.728328 0.211638 1.793259
v 5.733606 0.217764 1.352376
v 5.733606 0.211638 1.793638
v 5.731156 0.211638 1.796087
v 5.733543 0.217764 1.345453
v 5.748544 0.205593 1.374625
v 5.745778 0.205593 1.376047
v 5.745778 0.199467 1.805809
v 5.743328 0.199467 1.808259
v 0.183570 0.189879 0.015000
v 0.188847 0.189879 0.014621
v 0.186398 0.189879 0.012172
v 0.186019 0.189879 0.017449
v 0.188847 0.196201 0.673112
v 0.171398 0.202051 0.027172
v 0.186019 0.196201 0.673112
v 0.173847 0.202051 0.029621
v 0.173847 0.204879 0.029621
v 0.171398 0.204879 0.027172
v 0.173847 0.208373 0.673112
v 0.186019 0.190593 1.346225
v 0.188847 0.190593 1.346225
v 0.189641 0.190593 1.571413
v 0.173847 0.202764 1.346225
v 0.186815 0.190593 1.574241
v 0.190731 0.190593 1.575319
v 0.187905 0.190593 1.578147
v 0.319852 0.190593 1.790366
v 0.174655 0.202764 1.586413
v 0.320210 0.190593 1.794999
v 0.323038 0.190593 1.792171
v 0.317024 0.190593 1.793194
v 0.308038 0.202764 1.807169
v 0.175744 0.202764 1.590319
v 0.304852 0.202764 1.805364
v 0.304852 0.205593 1.805364
v 0.308038 0.205593 1.807169
v 0.175744 0.205593 1.590319
v 0.317024 0.217764 1.793194
v 0.320210 0.217764 1.794999
v 0.174655 0.205593 1.586413
v 0.187905 0.217764 1.578147
v 0.319852 0.217764 1.790366
v 0.323038 0.217764 1.792171
v 0.186815 0.217764 1.574241
v 0.332024 0.205593 1.778195
v 0.335210 0.205593 1.780000
v 0.190731 0.217764 1.575319
v 0.332024 0.202764 1.778195
v 0.335210 0.202764 1.780000
v 0.323038 0.190593 1.792171
v 0.319852 0.190593 1.790366
v 0.190731 0.190593 1.575319
v 0.202890 0.202764 1.563147
v 0.189641 0.190593 1.571413
v 0.202890 0.205593 1.563147
v 0.201800 0.202764 1.559241
v 0.188847 0.190593 1.346225
v 0.189641 0.217764 1.571413
v 0.201800 0.205593 1.559241
v 0.201019 0.202764 1.346225
v 0.201019 0.205593 1.346225
v 0.188847 0.217764 1.346225
v 0.201019 0.208373 0.673112
v 0.188847 0.196201 0.673112
v 0.188847 0.189879 0.014621
v 0.186019 0.217764 1.346225
v 0.201019 0.202051 0.002449
v 0.186398 0.189879 0.012172
v 0.198570 0.202051 -0.000000
v 0.201019 0.204879 0.002449
v 0.198570 0.204879 -0.000000
v 0.201019 0.211201 0.673112
v 0.188847 0.217051 0.014621
v 0.186398 0.217051 0.012172
v 0.188847 0.223373 0.673112
v 0.186019 0.217051 0.017449
v 0.183570 0.217051 0.015000
v 0.186019 0.223373 0.673112
v 0.173847 0.211201 0.673112
v 0.173847 0.205593 1.346225
v 5.730336 0.202764 2.059868
v 6.232632 0.202764 1.920032
v 5.730336 0.205593 2.059868
v 6.232632 0.205593 1.920032
v 6.234819 0.202764 1.917152
v 6.234819 0.205593 1.917152
v 5.731998 0.217764 2.072039
v 6.246991 0.217764 1.926399
v 6.244804 0.217764 1.929278
v 5.732385 0.217764 2.074867
v 6.249819 0.217764 1.928547
v 6.247633 0.217764 1.931426
v 5.734047 0.205593 2.087039
v 6.259417 0.205593 1.940258
v 6.261991 0.205593 1.937793
v 5.734047 0.202764 2.087039
v 6.259417 0.202764 1.940258
v 6.261991 0.202764 1.937793
v 6.249819 0.190593 1.928547
v 6.247633 0.190593 1.931426
v 5.732385 0.190593 2.074867
v 6.244804 0.190593 1.929278
v 6.246991 0.190593 1.926399
v 5.731998 0.190593 2.072039
v 6.232632 0.202764 1.920032
v 6.234819 0.202764 1.917152
v 5.730336 0.202764 2.059868
v 0.002596 0.391589 1.860321
v 0.153759 0.403759 2.041903
v 0.014834 0.403756 1.855712
v 0.147162 0.391585 2.052729
v -0.000161 0.391588 1.861344
v 0.156908 0.403813 2.044274
v 0.145560 0.391586 2.055320
v -0.012396 0.403756 1.865952
v 0.150235 0.391529 2.055180
v 0.187824 0.391547 2.072050
v 0.193861 0.403799 2.059857
v 0.148693 0.391531 2.057723
v 0.187036 0.391545 2.074857
v 0.181034 0.403797 2.087049
v 0.138960 0.403760 2.066148
v -0.012396 0.406589 1.865952
v 0.142019 0.403816 2.068634
v 0.181034 0.406547 2.087049
v 0.142019 0.406529 2.068634
v 0.138960 0.406585 2.066148
v 0.148693 0.418814 2.057723
v 0.187036 0.418799 2.074857
v 0.187824 0.418797 2.072050
v 0.145560 0.418759 2.055320
v -0.000161 0.418756 1.861344
v 0.150235 0.418815 2.055180
v 0.147162 0.418760 2.052729
v 0.002596 0.418755 1.860321
v 0.156908 0.406531 2.044274
v 0.193861 0.406545 2.059857
v 0.193861 0.403799 2.059857
v 0.156908 0.403813 2.044274
v 0.153759 0.406586 2.041903
v 0.014834 0.406588 1.855712
v 0.153759 0.403759 2.041903
v 0.014834 0.403756 1.855712
v 0.308038 0.403758 1.807169
v 1.594326 0.403758 1.808259
v 0.320210 0.391586 1.794999
v 1.594326 0.391586 1.796087
v 3.001220 0.403758 1.808259
v 0.323038 0.391586 1.792171
v 3.001220 0.391586 1.796087
v 4.408113 0.395645 1.808259
v 1.594326 0.391586 1.793259
v 0.335210 0.403758 1.780000
v 5.731156 0.396690 1.796087
v 5.743328 0.408861 1.808259
v 1.594326 0.403758 1.781087
v 4.408113 0.383473 1.796087
v 5.728328 0.396690 1.793259
v 0.335210 0.406586 1.780000
v 4.408113 0.383473 1.793259
v 5.716156 0.408861 1.781087
v 3.001220 0.391586 1.793259
v 4.408113 0.395645 1.781087
v 4.408113 0.398473 1.781087
v 5.716156 0.411690 1.781087
v 3.001220 0.403758 1.781087
v 1.594326 0.406586 1.781087
v 3.001220 0.406586 1.781087
v 1.594326 0.418758 1.793259
v 0.323038 0.418758 1.792171
v 3.001220 0.418758 1.793259
v 1.594326 0.418758 1.796087
v 0.320210 0.418758 1.794999
v 4.408113 0.410645 1.793259
v 5.728328 0.423861 1.793259
v 3.001220 0.418758 1.796087
v 4.408113 0.410645 1.796087
v 5.731156 0.423861 1.796087
v 1.594326 0.406586 1.808259
v 0.308038 0.406586 1.807169
v 0.308038 0.403758 1.807169
v 1.594326 0.403758 1.808259
v 3.001220 0.406586 1.808259
v 3.001220 0.403758 1.808259
v 4.408113 0.398473 1.808259
v 4.408113 0.395645 1.808259
v 5.743328 0.411690 1.808259
v 5.743328 0.408861 1.808259
v 0.183570 0.383803 0.015863
v 0.188847 0.383803 0.015484
v 0.186398 0.383803 0.013035
v 0.186019 0.383803 0.018313
v 0.188847 0.391586 0.673112
v 0.171398 0.395975 0.028035
v 0.186019 0.391586 0.673112
v 0.173847 0.395975 0.030484
v 0.173847 0.398803 0.030484
v 0.171398 0.398803 0.028035
v 0.173847 0.403758 0.673112
v 0.186019 0.385273 1.346225
v 0.188847 0.385273 1.346225
v 0.189641 0.391586 1.571413
v 0.173847 0.397445 1.346225
v 0.186815 0.391586 1.574241
v 0.190731 0.391586 1.575319
v 0.173847 0.400273 1.346225
v 0.187905 0.391586 1.578147
v 0.174655 0.403758 1.586413
v 0.319852 0.391586 1.790366
v 0.320210 0.391586 1.794999
v 0.323038 0.391586 1.792171
v 0.317024 0.391586 1.793194
v 0.308038 0.403758 1.807169
v 0.175744 0.403758 1.590319
v 0.304852 0.403758 1.805364
v 0.304852 0.406586 1.805364
v 0.308038 0.406586 1.807169
v 0.175744 0.406586 1.590319
v 0.174655 0.406586 1.586413
v 0.317024 0.418758 1.793194
v 0.320210 0.418758 1.794999
v 0.187905 0.418758 1.578147
v 0.319852 0.418758 1.790366
v 0.323038 0.418758 1.792171
v 0.186815 0.418758 1.574241
v 0.190731 0.418758 1.575319
v 0.332024 0.406586 1.778195
v 0.335210 0.406586 1.780000
v 0.189641 0.418758 1.571413
v 0.332024 0.403758 1.778195
v 0.335210 0.403758 1.780000
v 0.323038 0.391586 1.792171
v 0.319852 0.391586 1.790366
v 0.190731 0.391586 1.575319
v 0.202890 0.403758 1.563147
v 0.189641 0.391586 1.571413
v 0.202890 0.406586 1.563147
v 0.201800 0.403758 1.559241
v 0.188847 0.385273 1.346225
v 0.201800 0.406586 1.559241
v 0.201019 0.397445 1.346225
v 0.201019 0.400273 1.346225
v 0.188847 0.412445 1.346225
v 0.201019 0.403758 0.673112
v 0.188847 0.391586 0.673112
v 0.188847 0.383803 0.015484
v 0.201019 0.395975 0.003313
v 0.186398 0.383803 0.013035
v 0.198570 0.395975 0.000863
v 0.201019 0.398803 0.003313
v 0.198570 0.398803 0.000863
v 0.201019 0.406586 0.673112
v 0.188847 0.410975 0.015484
v 0.186398 0.410975 0.013035
v 0.188847 0.418758 0.673112
v 0.186019 0.410975 0.018313
v 0.183570 0.410975 0.015863
v 0.186019 0.418758 0.673112
v 0.173847 0.406586 0.673112
v 0.186019 0.412445 1.346225
v 0.002596 0.581993 1.860321
v 0.153110 0.594163 2.043153
v 0.014834 0.594160 1.855712
v 0.146513 0.581988 2.053979
v -0.000161 0.581992 1.861344
v 0.156259 0.594217 2.045525
v 0.144911 0.581989 2.056570
v -0.012396 0.594159 1.865952
v 0.149586 0.581933 2.056431
v 0.187824 0.581951 2.072050
v 0.193861 0.594203 2.059857
v 0.187036 0.581949 2.074857
v 0.148044 0.581934 2.058974
v 0.181034 0.594201 2.087049
v 0.138311 0.594163 2.067399
v 0.141370 0.594219 2.069885
v 0.181034 0.596951 2.087049
v 0.138311 0.596989 2.067399
v -0.012396 0.596992 1.865952
v 0.141370 0.596932 2.069885
v 0.148044 0.609218 2.058974
v 0.187036 0.609203 2.074857
v 0.144911 0.609163 2.056570
v -0.000161 0.609160 1.861344
v 0.149586 0.609219 2.056431
v 0.187824 0.609201 2.072050
v 0.146513 0.609163 2.053979
v 0.002596 0.609159 1.860321
v 0.156259 0.596935 2.045525
v 0.193861 0.596949 2.059857
v 0.193861 0.594203 2.059857
v 0.156259 0.594217 2.045525
v 0.153110 0.596989 2.043153
v 0.014834 0.596992 1.855712
v 0.153110 0.594163 2.043153
v 0.014834 0.594160 1.855712
v 4.408113 0.596990 1.808259
v 5.731156 0.614265 1.796087
v 5.743328 0.602094 1.808259
v 4.408113 0.609162 1.796087
v 5.728328 0.614265 1.793259
v 3.001220 0.607844 1.808259
v 4.408113 0.609162 1.793259
v 5.716156 0.602094 1.781087
v 3.001220 0.620016 1.796087
v 1.594326 0.596990 1.808259
v 4.408113 0.596990 1.781087
v 5.716156 0.599265 1.781087
v 3.001220 0.620016 1.793259
v 1.594326 0.609162 1.796087
v 0.320210 0.609162 1.794999
v 0.308038 0.596990 1.807169
v 0.323038 0.609162 1.792171
v 1.594326 0.609162 1.793259
v 0.335210 0.596990 1.780000
v 3.001220 0.607844 1.781087
v 1.594326 0.596990 1.781087
v 1.594326 0.594162 1.781087
v 0.335210 0.594162 1.780000
v 3.001220 0.605016 1.781087
v 4.408113 0.594162 1.781087
v 3.001220 0.592844 1.793259
v 4.408113 0.581990 1.793259
v 5.728328 0.587094 1.793259
v 1.594326 0.581990 1.793259
v 0.323038 0.581990 1.792171
v 4.408113 0.581990 1.796087
v 5.731156 0.587094 1.796087
v 3.001220 0.592844 1.796087
v 1.594326 0.581990 1.796087
v 0.320210 0.581990 1.794999
v 4.408113 0.594162 1.808259
v 5.743328 0.599265 1.808259
v 1.594326 0.594162 1.808259
v 0.308038 0.594162 1.807169
v 3.001220 0.605016 1.808259
v 1.594326 0.596990 1.808259
v 0.308038 0.596990 1.807169
v 3.001220 0.607844 1.808259
v 4.408113 0.596990 1.808259
v 5.743328 0.602094 1.808259
v 0.002596 0.581993 1.860321
v -0.001414 0.581990 1.857655
v -0.000161 0.581992 1.861344
v 0.001414 0.581990 1.856593
v -0.001414 0.575677 1.346224
v 0.014834 0.594160 1.855712
v 0.001414 0.575677 1.346224
v 0.013586 0.594162 1.852020
v 0.013586 0.596990 1.852020
v 0.014834 0.596992 1.855712
v 0.013586 0.587849 1.346224
v 0.001414 0.609162 1.856593
v 0.002596 0.609159 1.860321
v 0.013586 0.590677 1.346224
v 0.001414 0.602849 1.346224
v -0.001414 0.609162 1.857655
v -0.000161 0.609160 1.861344
v -0.001414 0.602849 1.346224
v -0.013586 0.596990 1.862228
v -0.012396 0.596992 1.865952
v -0.012396 0.594159 1.865952
v -0.013586 0.590677 1.346224
v -0.013586 0.594162 1.862228
v -0.000161 0.581992 1.861344
v -0.001414 0.581990 1.857655
v -0.013586 0.587849 1.346224
v -0.001414 0.575677 1.346224
v -0.001414 0.591443 0.673112
v -0.013586 0.603615 0.673112
v -0.001414 0.581990 0.014621
v -0.012232 0.594161 0.010418
v -0.012232 0.596990 0.010418
v -0.013586 0.606443 0.673112
v -0.001414 0.609161 0.014621
v -0.001414 0.618615 0.673112
v 0.001414 0.609161 0.017449
v 0.001414 0.618615 0.673112
v 0.016035 0.596990 0.027171
v 0.003864 0.609161 0.015000
v 0.013586 0.606443 0.673112
v 0.013586 0.596990 0.029621
v 0.013586 0.603615 0.673112
v 0.013586 0.594162 0.029621
v 0.016035 0.594162 0.027171
v 0.003864 0.581990 0.015000
v 0.001414 0.581990 0.017449
v 0.001414 0.591443 0.673112
v -0.001414 0.591443 0.673112
v -0.001414 0.581990 0.014621
v 5.718606 0.001414 1.347639
v 5.718606 -0.001414 1.778638
v 5.718606 -0.001414 1.347639
v 5.718606 0.001414 1.778638
v 5.716156 -0.001414 1.781087
v 5.730777 0.013586 1.346875
v 5.716156 0.001414 1.781087
v 5.730777 0.013586 1.790810
v 5.733606 0.013586 1.352376
v 5.728328 0.013586 1.793259
v 5.733606 0.013586 1.793638
v 5.731156 0.013586 1.796087
v 5.743328 0.001414 1.808259
v 5.745778 0.001414 1.376047
v 5.736372 0.013586 1.350953
v 5.748544 0.001414 1.374625
v 5.748544 -0.001414 1.374625
v 5.745778 -0.001414 1.376047
v 5.745778 -0.001414 1.794673
v 5.743328 -0.001414 1.808259
v 5.745778 0.001414 1.794673
v 0.016035 0.789197 0.027171
v 0.003864 0.777026 0.015000
v 0.013586 0.789197 0.029621
v 0.001414 0.777026 0.017449
v 0.001414 0.777026 0.673112
v 0.013586 0.789197 0.673112
v 0.013586 0.792026 0.673112
v 0.013586 0.792026 1.346224
v 0.013586 0.789197 1.346224
v 0.013586 0.792025 1.852665
v 0.013586 0.789197 1.852665
v 0.001414 0.777026 1.346224
v 0.001414 0.777026 1.856674
v -0.001414 0.777026 0.673112
v -0.001414 0.777026 0.014621
v -0.001415 0.777026 1.346224
v -0.001415 0.777026 1.857606
v -0.013586 0.789198 0.673112
v -0.013586 0.789197 0.013308
v -0.013586 0.792026 0.013308
v -0.013586 0.789198 1.346224
v -0.013586 0.789198 1.861615
v -0.013586 0.792026 0.673112
v -0.001414 0.804197 0.014621
v -0.013586 0.792026 1.346224
v -0.013586 0.792027 1.861615
v -0.001414 0.804198 1.857605
v -0.001414 0.804197 0.673112
v 0.001414 0.804197 0.017449
v -0.001414 0.804197 1.346224
v 0.001415 0.804197 1.856674
v 0.001415 0.804197 0.673112
v 0.001415 0.804197 1.346224
v 0.013586 0.792025 1.852665
v 0.013586 0.792026 1.346224
v 0.013586 0.792026 0.673112
v 0.013586 0.789197 0.029621
v 0.013586 0.792026 0.029621
v 0.016035 0.792026 0.027171
v 0.003864 0.804197 0.015000
v 0.016035 0.789197 0.027171
v 0.003864 0.182810 0.015000
v 0.001035 0.182810 0.012172
v -0.001414 0.182810 0.014621
v 0.001414 0.182810 0.017449
v -0.001414 0.196201 0.673112
v 0.001414 0.196201 0.673112
v -0.013586 0.208373 0.673112
v -0.012984 0.194981 0.013445
v -0.012984 0.197810 0.013445
v -0.001414 0.190593 1.346225
v 0.001414 0.190593 1.346225
v 0.001414 0.190593 1.856593
v -0.013586 0.202764 1.346225
v -0.001414 0.190593 1.857655
v 0.002596 0.190595 1.860321
v -0.000161 0.190595 1.861344
v -0.013586 0.202764 1.862228
v -0.012396 0.202762 1.865952
v -0.013586 0.205593 1.346225
v -0.013586 0.205593 1.862228
v -0.012396 0.205595 1.865952
v -0.000161 0.217763 1.861344
v -0.001414 0.217764 1.857655
v 0.002596 0.217762 1.860321
v -0.013586 0.211201 0.673112
v -0.001414 0.209981 0.014621
v 0.001414 0.217764 1.856593
v 0.014834 0.205595 1.855712
v -0.001414 0.217764 1.346225
v -0.001414 0.223373 0.673112
v 0.001414 0.217764 1.346225
v 0.013586 0.205593 1.852020
v 0.014834 0.202762 1.855712
v 0.002596 0.190595 1.860321
v 0.001414 0.190593 1.856593
v 0.013586 0.202764 1.852020
v 0.001414 0.190593 1.346225
v 0.013586 0.205593 1.346225
v 0.013586 0.202764 1.346225
v 0.013586 0.208373 0.673112
v 0.001414 0.196201 0.673112
v 0.001414 0.223373 0.673112
v 0.013586 0.211201 0.673112
v 0.013586 0.194981 0.029621
v 0.001414 0.182810 0.017449
v 0.003864 0.182810 0.015000
v 0.016035 0.194981 0.027172
v 0.016035 0.197810 0.027172
v 0.013586 0.197810 0.029621
v 0.001414 0.209981 0.017449
v 0.003864 0.209981 0.015000
v 0.001035 0.209981 0.012172
v 0.197351 0.791697 2.067145
v 0.182973 0.000000 2.060543
v 0.199148 0.000000 2.066430
v 0.179768 0.791822 2.064156
v 0.197158 0.795398 2.068267
v 0.180100 1.057422 2.294703
v 0.193613 1.058893 2.303099
v 0.179557 0.795525 2.065272
v 0.178089 1.055734 2.294703
v 0.177324 0.794932 2.066897
v 0.177530 0.791223 2.065778
v 0.180410 0.000000 2.061738
v 0.175655 0.789642 2.083856
v 0.174293 1.042682 2.303099
v 0.175852 0.785936 2.082730
v 0.174523 0.000000 2.077913
v 0.177488 0.789011 2.086162
v 0.175423 1.041337 2.305050
v 0.177700 0.785308 2.085047
v 0.175718 0.000000 2.080476
v 0.195089 0.788884 2.089158
v 0.188935 1.042808 2.313446
v 0.195283 0.785183 2.088036
v 0.191893 0.000000 2.086364
v 0.194457 0.000000 2.085168
v 0.197521 0.785782 2.086414
v 0.200344 0.000000 2.068993
v 0.197324 0.789488 2.087539
v 0.190946 1.044496 2.313446
v 0.194742 1.057548 2.305050
v 0.199199 0.791068 2.069462
v 0.199148 0.000000 2.066430
v 0.197351 0.791697 2.067145
v 0.197158 0.795398 2.068267
v 0.198993 0.794778 2.070580
v 0.193613 1.058893 2.303099
v 0.176596 0.000000 1.337911
v 0.177066 0.790612 1.355117
v 0.177066 0.000000 1.355118
v 0.177066 1.050004 1.355117
v 0.176595 1.050004 1.337911
v 0.176596 0.790612 1.337911
v 0.178540 0.000000 1.335857
v 0.178540 1.050004 1.335857
v 0.178540 0.790612 1.335857
v 0.195747 0.000000 1.335387
v 0.195747 1.050004 1.335387
v 0.195747 0.790612 1.335387
v 0.197801 0.000000 1.337331
v 0.197801 1.050004 1.337331
v 0.197801 0.790612 1.337331
v 0.198271 1.050004 1.354538
v 0.198271 0.790612 1.354538
v 0.198271 0.000000 1.354538
v 0.196326 1.050004 1.356592
v 0.196326 0.790612 1.356592
v 0.196326 0.000000 1.356592
v 0.179120 0.790612 1.357062
v 0.179119 1.050004 1.357062
v 0.179120 0.000000 1.357062
v 0.177066 0.790612 1.355117
v 0.177066 1.050004 1.355117
v 0.177066 0.000000 1.355118
v 0.233233 0.794611 2.067182
v 0.246788 1.054775 2.297679
v 0.230969 1.055076 2.298299
v 0.251087 0.794485 2.067293
v 0.233258 0.790825 2.066376
v 0.253273 0.794045 2.069330
v 0.248664 1.053652 2.299090
v 0.251093 0.790700 2.066486
v 0.237283 0.000000 2.060981
v 0.253909 0.000000 2.065435
v 0.253292 0.790251 2.068521
v 0.255324 0.000000 2.067885
v 0.254373 0.790304 2.086737
v 0.248986 1.044284 2.311853
v 0.254382 0.786512 2.085926
v 0.250869 0.000000 2.084512
v 0.252430 0.789877 2.088743
v 0.247184 1.043231 2.313407
v 0.252437 0.786092 2.087936
v 0.248419 0.000000 2.085926
v 0.234602 0.786217 2.087826
v 0.231792 0.000000 2.081471
v 0.230378 0.000000 2.079021
v 0.234576 0.790003 2.088632
v 0.231366 1.043532 2.314027
v 0.229490 1.044655 2.312616
v 0.232403 0.786666 2.085791
v 0.234833 0.000000 2.062395
v 0.232394 0.790458 2.086602
v 0.229169 1.054022 2.299854
v 0.231312 0.790405 2.068386
v 0.237283 0.000000 2.060981
v 0.233258 0.790825 2.066376
v 0.233233 0.794611 2.067182
v 0.231294 0.794199 2.069195
v 0.230969 1.055076 2.298299
v -0.167613 1.050853 1.903227
v 0.019065 0.792736 1.874059
v -0.150345 1.050144 1.912875
v 0.032951 0.796799 1.884246
v 0.020266 0.789029 1.873874
v 0.020266 0.000000 1.873874
v 0.034144 0.000000 1.884058
v 0.034144 0.793088 1.884057
v 0.034573 0.000000 1.886853
v 0.033379 0.796800 1.887039
v -0.149916 1.050144 1.915671
v 0.034573 0.793088 1.886853
v -0.163489 1.050853 1.930084
v 0.024389 0.789029 1.900730
v 0.024389 0.000000 1.900731
v 0.023188 0.792737 1.900919
v 0.020401 0.791796 1.901348
v -0.165726 1.049155 1.930427
v 0.021594 0.788085 1.901160
v 0.021593 0.000000 1.901160
v 0.006515 0.787733 1.891162
v -0.177194 1.041848 1.919874
v -0.177623 1.041848 1.917078
v 0.007716 0.784025 1.890976
v 0.007716 0.000000 1.890976
v 0.007287 0.000000 1.888181
v 0.006086 0.787734 1.888369
v 0.007287 0.784025 1.888180
v 0.017470 0.000000 1.874303
v 0.016277 0.791797 1.874489
v -0.169849 1.049155 1.903571
v -0.167613 1.050853 1.903227
v 0.019065 0.792736 1.874059
v 0.020266 0.789029 1.873874
v 0.017470 0.788085 1.874303
v 0.020266 0.000000 1.873874
v 0.157795 0.789197 2.047988
v 0.187687 0.777026 2.072040
v 0.189868 0.789197 2.059868
v 0.150164 0.777026 2.058142
v 0.187180 0.777026 2.074868
v 0.147032 0.777026 2.055788
v 0.154664 0.789197 2.045635
v 0.014806 0.789197 1.856370
v 0.148391 0.777026 2.060501
v 0.184999 0.789198 2.087039
v 0.145259 0.777026 2.058148
v 0.002634 0.777026 1.860379
v 0.013586 0.789197 1.852665
v 0.001414 0.777026 1.856674
v -0.000194 0.777026 1.861311
v -0.001415 0.777026 1.857606
v -0.013586 0.789198 1.861615
v 0.137628 0.789198 2.068300
v -0.012365 0.789198 1.865320
v 0.140760 0.789198 2.070654
v 0.137628 0.792027 2.068300
v -0.012365 0.792027 1.865320
v -0.013586 0.792027 1.861615
v -0.001414 0.804198 1.857605
v 0.140760 0.792027 2.070654
v 0.184999 0.792027 2.087039
v -0.000193 0.804198 1.861310
v 0.001415 0.804197 1.856674
v 0.148391 0.804198 2.060500
v 0.187180 0.804197 2.074867
v 0.145260 0.804197 2.058146
v 0.150165 0.804197 2.058141
v 0.187687 0.804197 2.072038
v 0.002635 0.804197 1.860379
v 0.147033 0.804197 2.055787
v 0.157796 0.792025 2.047988
v 0.189868 0.792025 2.059868
v 0.189868 0.789197 2.059868
v 0.157795 0.789197 2.047988
v 0.154664 0.792025 2.045634
v 0.154664 0.789197 2.045635
v 0.014806 0.789197 1.856370
v 0.014806 0.792025 1.856370
v 0.013586 0.792025 1.852665
v 0.013586 0.789197 1.852665
v 5.947621 1.051418 1.359810
v 5.951258 1.048589 1.361154
v 5.947621 1.048589 1.359810
v 5.951258 1.051418 1.361154
v 5.952118 1.063589 1.347639
v 6.370996 1.048589 1.720371
v 6.370996 1.051418 1.720371
v 5.955756 1.063589 1.348983
v 6.383168 1.063589 1.714767
v 5.956801 1.063589 1.346154
v 5.953163 1.063589 1.344810
v 6.385996 1.063589 1.713465
v 5.957661 1.051418 1.332639
v 5.961298 1.051418 1.333983
v 6.398168 1.051418 1.707861
v 6.398168 1.048589 1.707861
v 5.961298 1.048589 1.333983
v 5.957661 1.048589 1.332639
v 6.385996 1.036418 1.713465
v 5.956801 1.036418 1.346154
v 5.953163 1.036418 1.344810
v 6.383168 1.036418 1.714767
v 5.952118 1.036418 1.347639
v 5.955756 1.036418 1.348983
v 6.370996 1.048589 1.720371
v 5.951258 1.048589 1.361154
v 5.947621 1.048589 1.359810
v 6.259522 0.838536 1.724471
v 6.257813 0.835708 1.721087
v 6.257813 0.838536 1.721087
v 6.259522 0.835708 1.724471
v 6.259522 0.838536 1.958891
v 6.271694 0.823536 1.718321
v 6.269985 0.823536 1.714938
v 6.259522 0.835708 1.958891
v 6.257322 0.838536 1.961752
v 6.257322 0.835708 1.961752
v 6.271694 0.823536 1.968251
v 6.269494 0.823536 1.971113
v 6.274523 0.823536 1.716893
v 6.272813 0.823536 1.713509
v 6.284985 0.835708 1.707917
v 6.274523 0.823536 1.970427
v 6.272322 0.823536 1.973288
v 6.286694 0.835708 1.710743
v 6.286694 0.835708 1.979787
v 6.284494 0.835708 1.982648
v 6.284494 0.838536 1.982648
v 6.286694 0.838536 1.979787
v 6.272322 0.850708 1.973288
v 6.286694 0.838536 1.710743
v 6.284985 0.838536 1.707917
v 6.274523 0.850708 1.970427
v 6.269494 0.850708 1.971113
v 6.274523 0.850708 1.716893
v 6.272813 0.850708 1.713509
v 6.269985 0.850708 1.714938
v 6.271694 0.850708 1.968251
v 6.257322 0.838536 1.961752
v 6.259522 0.838536 1.958891
v 6.271694 0.850708 1.718321
v 6.257813 0.838536 1.721087
v 6.259522 0.838536 1.724471
v 6.382518 1.036418 2.162627
v 6.372594 1.048589 2.150045
v 6.370347 1.048589 2.152839
v 6.384766 1.036418 2.159832
v 6.385342 1.036438 2.164881
v 6.384766 1.036418 1.718238
v 6.372594 1.048589 1.723841
v 6.370996 1.048589 1.720371
v 6.383168 1.036418 1.714767
v 6.387594 1.036418 1.716936
v 6.385996 1.036418 1.713465
v 6.387594 1.036418 2.162107
v 6.399765 1.048589 1.711332
v 6.398168 1.048589 1.707861
v 6.398168 1.051418 1.707861
v 6.399765 1.048589 2.171894
v 6.397520 1.048569 2.174705
v 6.397516 1.051418 2.174685
v 6.399765 1.051418 1.711332
v 6.385996 1.063589 1.713465
v 6.399765 1.051418 2.171894
v 6.387594 1.063589 2.162107
v 6.385346 1.063589 2.164899
v 6.387594 1.063589 1.716936
v 6.383168 1.063589 1.714767
v 6.384766 1.063589 2.159832
v 6.382520 1.063569 2.162643
v 6.370342 1.051438 2.152819
v 6.384766 1.063589 1.718238
v 6.370996 1.051418 1.720371
v 6.372594 1.051418 2.150045
v 6.370347 1.048589 2.152839
v 6.372594 1.048589 2.150045
v 6.372594 1.048589 1.723841
v 6.370996 1.048589 1.720371
v 6.372594 1.051418 1.723841
v 0.335210 -0.001414 1.780000
v 1.594326 -0.001414 1.781087
v 0.335210 0.001414 1.780000
v 1.594326 0.001414 1.781087
v 3.001220 -0.001414 1.781087
v 1.594326 0.013586 1.793259
v 0.323038 0.013586 1.792171
v 3.001220 0.001414 1.781087
v 4.403756 -0.001414 1.781087
v 1.594326 0.013586 1.796087
v 0.320210 0.013586 1.794999
v 3.001220 0.013586 1.793259
v 4.403756 0.001414 1.781087
v 5.716156 -0.001414 1.781087
v 5.716156 0.001414 1.781087
v 4.403756 0.013586 1.793259
v 5.728328 0.013586 1.793259
v 3.001220 0.013586 1.796087
v 4.403756 0.013586 1.796087
v 5.731156 0.013586 1.796087
v 1.594326 0.001414 1.808259
v 0.308038 0.001414 1.807169
v 0.308038 -0.001414 1.807169
v 1.594326 -0.001414 1.808259
v 3.001220 0.001414 1.808259
v 3.001220 -0.001414 1.808259
v 4.403756 -0.001414 1.808259
v 4.403756 0.001414 1.808259
v 5.743328 -0.001414 1.808259
v 5.743328 0.001414 1.808259
v 0.201800 0.001414 1.559241
v 0.201019 -0.001414 1.346225
v 0.201800 -0.001414 1.559241
v 0.201019 0.001414 1.346225
v 0.201019 -0.001414 0.673112
v 0.201019 -0.001414 0.002449
v 0.201019 0.001414 0.002449
v 0.201019 0.001414 0.673112
v 0.188847 0.013586 0.014621
v 0.188847 0.013586 0.673112
v 0.186019 0.013586 0.017449
v 0.188847 0.013586 1.346225
v 0.189641 0.013586 1.571413
v 0.186019 0.013586 0.673112
v 0.173847 0.001414 0.029621
v 0.186019 0.013586 1.346225
v 0.186815 0.013586 1.574241
v 0.173847 0.001414 0.673112
v 0.173847 -0.001414 0.029621
v 0.173847 -0.001414 0.673112
v 0.173847 0.001414 1.346225
v 0.174655 0.001414 1.586413
v 0.173847 -0.001414 1.346225
v 0.174655 -0.001414 1.586413
v 0.012310 0.793328 0.020135
v 0.013586 -0.001414 0.012171
v 0.013586 -0.001414 0.015000
v 0.012767 0.793956 0.017345
v 0.010828 0.797080 0.019688
v 0.005639 0.791310 0.001103
v 0.001414 -0.001414 0.000000
v 0.011829 0.797599 0.017150
v -0.203643 1.054951 0.020482
v -0.204943 1.058427 0.018039
v -0.207253 1.052107 0.002286
v 0.004006 0.794838 0.001326
v 0.001401 0.793831 0.000178
v -0.209386 1.050597 0.000983
v 0.002845 0.790061 0.000643
v -0.001414 -0.001414 0.000000
v -0.013464 0.787326 0.007478
v -0.224555 1.044419 0.005685
v -0.226137 1.044415 0.008136
v -0.012303 0.783585 0.007031
v -0.013586 -0.001414 0.012171
v -0.014411 0.786748 0.010017
v -0.012768 0.783221 0.009824
v -0.013586 -0.001414 0.015000
v -0.001414 -0.001414 0.027171
v -0.005637 0.785868 0.026070
v 0.001414 -0.001414 0.027171
v -0.006588 0.789509 0.025836
v -0.223826 1.050737 0.023895
v -0.221692 1.052247 0.025193
v -0.002851 0.786847 0.026532
v 0.013586 -0.001414 0.015000
v 0.012310 0.793328 0.020135
v -0.004032 0.790578 0.026986
v -0.203643 1.054951 0.020482
v 0.010828 0.797080 0.019688
v 0.013586 0.793536 1.347639
v 0.013586 0.000000 1.344810
v 0.013586 0.000000 1.347639
v 0.013586 0.793536 1.344810
v 0.012274 0.797192 1.347633
v 0.001414 0.789065 1.332639
v 0.001414 0.000000 1.332639
v 0.012273 0.797192 1.344808
v -0.196570 1.049003 1.347114
v -0.196570 1.049003 1.344286
v 0.000094 0.792717 1.332634
v -0.213970 1.050919 1.332094
v -0.002725 0.791681 1.332633
v -0.216126 1.049088 1.332094
v -0.001414 0.788026 1.332639
v -0.001414 0.000000 1.332639
v -0.014906 0.787206 1.344809
v -0.225403 1.041209 1.344265
v -0.225403 1.041208 1.347094
v -0.013586 0.783554 1.344810
v -0.013586 0.000000 1.344810
v -0.013586 0.000000 1.347639
v -0.014906 0.787207 1.347634
v -0.216126 1.049088 1.359265
v -0.013586 0.783554 1.347639
v -0.001414 0.000000 1.359810
v -0.002726 0.791682 1.359808
v -0.001414 0.788026 1.359810
v 0.001414 0.000000 1.359810
v -0.213970 1.050919 1.359265
v 0.001414 0.789065 1.359810
v 0.013586 0.000000 1.347639
v 0.013586 0.793536 1.347639
v 0.000094 0.792716 1.359809
v -0.196570 1.049003 1.347114
v 0.012274 0.797192 1.347633
v 0.013586 0.793536 1.860608
v 0.013586 0.000000 1.857779
v 0.013586 0.000000 1.860608
v 0.013586 0.793536 1.857779
v 0.012267 0.797186 1.860596
v 0.001414 0.789065 1.845608
v 0.001414 0.000000 1.845608
v 0.012264 0.797189 1.857769
v -0.198624 1.049608 1.859124
v -0.198624 1.049608 1.856296
v 0.000088 0.792715 1.845599
v -0.215579 1.050919 1.844070
v -0.002732 0.791676 1.845595
v -0.217735 1.049088 1.844070
v -0.001414 0.788026 1.845608
v -0.001414 0.000000 1.845608
v -0.014911 0.787202 1.857772
v -0.226023 1.041209 1.856200
v -0.226023 1.041209 1.859028
v -0.013586 0.783554 1.857779
v -0.013586 0.000000 1.857779
v -0.014912 0.787204 1.860599
v -0.217735 1.049088 1.871242
v -0.013586 0.783554 1.860608
v -0.013586 0.000000 1.860608
v -0.001414 0.000000 1.872779
v -0.001414 0.788026 1.872779
v 0.001414 0.000000 1.872779
v -0.002736 0.791679 1.872769
v -0.215579 1.050919 1.871242
v 0.001414 0.789065 1.872779
v 0.013586 0.000000 1.860608
v 0.013586 0.793536 1.860608
v 0.000089 0.792712 1.872772
v -0.198624 1.049608 1.859124
v 0.012267 0.797186 1.860596
v 0.013586 0.793536 0.674526
v 0.013586 0.000000 0.671698
v 0.013586 0.000000 0.674526
v 0.013586 0.793536 0.671698
v 0.012272 0.797188 0.674510
v 0.001414 0.789065 0.659526
v 0.001414 0.000000 0.659526
v 0.012268 0.797191 0.671684
v -0.197648 1.049389 0.672543
v -0.197649 1.049389 0.669714
v 0.000091 0.792716 0.659515
v -0.214758 1.050919 0.657469
v -0.002727 0.791678 0.659510
v -0.216913 1.049088 0.657469
v -0.001414 0.788026 0.659526
v -0.001414 0.000000 0.659526
v -0.014908 0.787203 0.671689
v -0.226003 1.041208 0.669641
v -0.226003 1.041208 0.672469
v -0.013586 0.783554 0.671698
v -0.013586 0.000000 0.671698
v -0.014909 0.787206 0.674515
v -0.216913 1.049088 0.684641
v -0.013586 0.783554 0.674526
v -0.013586 0.000000 0.674526
v -0.001414 0.000000 0.686698
v -0.001414 0.788026 0.686698
v 0.001414 0.000000 0.686698
v -0.002732 0.791681 0.686684
v -0.214758 1.050919 0.684641
v 0.001414 0.789065 0.686698
v 0.013586 0.000000 0.674526
v 0.013586 0.793536 0.674526
v 0.000092 0.792713 0.686689
v -0.197648 1.049389 0.672543
v 0.012272 0.797188 0.674510
v 0.156757 0.790826 2.060966
v 0.160947 0.000000 2.057197
v 0.160947 0.000000 2.060025
v 0.155403 0.791624 2.058402
v 0.148775 0.000000 2.045025
v 0.155161 0.795280 2.059619
v 0.156508 0.794535 2.062199
v 0.138817 0.792535 2.052515
v 0.136211 1.053095 2.264989
v 0.137148 1.051626 2.266984
v 0.138571 0.796192 2.053730
v 0.122239 1.053871 2.256984
v 0.119929 1.052581 2.257119
v 0.136069 0.795658 2.054944
v 0.136318 0.791949 2.053710
v 0.145947 0.000000 2.045025
v 0.131102 0.789941 2.071120
v 0.114020 1.040707 2.266283
v 0.131347 0.786234 2.069885
v 0.133775 0.000000 2.057197
v 0.132445 0.789148 2.073664
v 0.114956 1.039237 2.268278
v 0.128929 1.038462 2.276283
v 0.132692 0.785491 2.072449
v 0.133775 0.000000 2.060025
v 0.149036 0.788237 2.079553
v 0.149277 0.784580 2.078336
v 0.145947 0.000000 2.072197
v 0.148775 0.000000 2.072197
v 0.151787 0.785111 2.077141
v 0.160947 0.000000 2.060025
v 0.156757 0.790826 2.060966
v 0.151541 0.788819 2.078375
v 0.156508 0.794535 2.062199
v 0.131239 1.039752 2.276148
v 0.137148 1.051626 2.266984
v 5.716156 0.792026 1.781087
v 4.408113 0.792026 1.781087
v 5.716156 0.789198 1.781087
v 4.408113 0.789198 1.781087
v 3.001220 0.792026 1.781087
v 4.408113 0.777026 1.793259
v 5.728328 0.777026 1.793259
v 3.001220 0.789198 1.781087
v 1.594327 0.792026 1.781087
v 4.408113 0.777026 1.796087
v 5.731156 0.777026 1.796087
v 3.001220 0.777026 1.793259
v 1.594327 0.789198 1.781087
v 0.335131 0.792026 1.779979
v 0.335131 0.789198 1.779979
v 1.594327 0.777026 1.793259
v 0.322959 0.777026 1.792150
v 3.001220 0.777026 1.796087
v 1.594327 0.777026 1.796087
v 0.320131 0.777026 1.794978
v 4.408113 0.789198 1.808259
v 5.743328 0.789198 1.808259
v 5.743328 0.792026 1.808259
v 3.001220 0.789198 1.808259
v 1.594327 0.789198 1.808259
v 0.307959 0.789198 1.807149
v 4.408113 0.792026 1.808259
v 5.731156 0.804198 1.796087
v 3.001220 0.792026 1.808259
v 1.594327 0.792026 1.808259
v 0.307959 0.792026 1.807149
v 0.320131 0.804198 1.794978
v 4.408113 0.804198 1.796087
v 5.728328 0.804198 1.793259
v 3.001220 0.804198 1.796087
v 1.594327 0.804198 1.796087
v 0.322959 0.804198 1.792150
v 4.408113 0.804198 1.793259
v 5.716156 0.792026 1.781087
v 4.408113 0.792026 1.781087
v 3.001220 0.804198 1.793259
v 3.001220 0.792026 1.781087
v 1.594327 0.804198 1.793259
v 1.594327 0.792026 1.781087
v 0.335131 0.792026 1.779979
v 0.193861 0.001373 2.059857
v 0.156259 -0.001359 2.045525
v 0.193861 -0.001373 2.059857
v 0.156259 0.001359 2.045525
v 0.187824 0.013625 2.072050
v 0.153110 0.001414 2.043153
v 0.153110 -0.001413 2.043153
v 0.149586 0.013643 2.056431
v 0.187036 0.013627 2.074857
v 0.146513 0.013588 2.053979
v 0.014834 0.001416 1.855712
v 0.014834 -0.001416 1.855712
v 0.013586 -0.001414 1.852020
v 0.013586 0.001414 1.852020
v 0.001414 0.013586 1.856593
v 0.002596 0.013583 1.860321
v -0.001414 0.013586 1.857655
v -0.000161 0.013584 1.861344
v -0.013586 0.001414 1.862228
v 0.144911 0.013587 2.056570
v -0.012396 0.001417 1.865952
v -0.013586 -0.001414 1.862228
v -0.012396 -0.001416 1.865952
v 0.138311 0.001413 2.067399
v 0.138311 -0.001412 2.067399
v 0.148044 0.013642 2.058974
v 0.181034 0.001375 2.087049
v 0.141370 0.001357 2.069885
v 0.141370 -0.001356 2.069885
v 0.181034 -0.001375 2.087049
v 0.189868 0.789197 2.059868
v 1.594327 0.792025 2.059867
v 0.189868 0.792025 2.059868
v 1.594327 0.789196 2.059868
v 3.001220 0.792024 2.059867
v 1.594327 0.777026 2.072040
v 0.187687 0.777026 2.072040
v 3.001220 0.789196 2.059868
v 4.408113 0.792024 2.059867
v 1.594327 0.777026 2.074868
v 0.187180 0.777026 2.074868
v 3.001220 0.777026 2.072040
v 4.408113 0.789195 2.059868
v 5.730336 0.792024 2.059867
v 5.730336 0.789195 2.059868
v 4.408113 0.777026 2.072041
v 5.731999 0.777026 2.072041
v 3.001220 0.777026 2.074869
v 4.408113 0.777026 2.074869
v 5.732385 0.777026 2.074870
v 1.594327 0.789199 2.087039
v 0.184999 0.789198 2.087039
v 0.184999 0.792027 2.087039
v 3.001220 0.789199 2.087039
v 1.594327 0.792027 2.087039
v 0.187180 0.804197 2.074867
v 4.408113 0.789199 2.087039
v 5.734048 0.789200 2.087039
v 5.734047 0.792028 2.087039
v 3.001220 0.792027 2.087039
v 1.594327 0.804198 2.074866
v 0.187687 0.804197 2.072038
v 4.408113 0.792028 2.087039
v 5.732385 0.804198 2.074865
v 3.001220 0.804198 2.074866
v 1.594327 0.804197 2.072038
v 0.189868 0.792025 2.059868
v 1.594327 0.792025 2.059867
v 4.408113 0.804198 2.074865
v 5.731998 0.804197 2.072037
v 3.001220 0.804197 2.072037
v 3.001220 0.792024 2.059867
v 4.408113 0.804197 2.072037
v 5.730336 0.792024 2.059867
v 4.408113 0.792024 2.059867
v 5.725782 0.789195 1.359810
v 4.408113 0.792023 1.359810
v 5.725782 0.792023 1.359810
v 4.408113 0.789195 1.359810
v 3.001220 0.792023 1.359810
v 4.408113 0.777026 1.347635
v 5.729688 0.777026 1.347636
v 3.001220 0.789194 1.359810
v 1.594326 0.792022 1.359810
v 4.408113 0.777026 1.344807
v 5.730596 0.777026 1.344808
v 3.001220 0.777026 1.347635
v 1.594326 0.789194 1.359810
v 4.408113 0.789201 1.332638
v 5.734500 0.789200 1.332638
v 5.734499 0.792029 1.332639
v 3.001220 0.777026 1.344807
v 4.408113 0.792029 1.332639
v 5.730593 0.804198 1.344813
v 3.001220 0.789201 1.332638
v 1.594326 0.777026 1.347635
v 4.408113 0.804198 1.344813
v 5.729686 0.804197 1.347641
v 3.001220 0.792029 1.332639
v 1.594326 0.777026 1.344806
v 1.594326 0.789201 1.332638
v 4.408113 0.804197 1.347642
v 5.725782 0.792023 1.359810
v 4.408113 0.792023 1.359810
v 3.001220 0.804198 1.344814
v 3.001220 0.804197 1.347642
v 3.001220 0.792023 1.359810
v 1.594326 0.792030 1.332639
v 1.594326 0.804198 1.344814
v 1.594326 0.804197 1.347642
v 1.594326 0.792022 1.359810
v 0.203469 0.789202 1.332638
v 0.188464 0.804197 1.347643
v 0.176296 0.792022 1.359810
v 0.173847 0.792022 1.357361
v 0.186015 0.804197 1.345194
v 0.191293 0.804198 1.344814
v 0.188843 0.804198 1.342365
v 0.203468 0.792030 1.332639
v 0.201019 0.792030 1.330189
v 0.201019 0.789202 1.330189
v 0.188852 0.777026 1.342357
v 0.191301 0.777026 1.344806
v 0.188473 0.777026 1.347634
v 0.186023 0.777026 1.345184
v 0.173848 0.789193 1.357360
v 0.176298 0.789193 1.359810
v 0.173847 0.792022 1.357361
v 0.176296 0.792022 1.359810
v -0.025919 0.835708 1.852506
v -0.036834 0.823536 1.860340
v -0.024662 0.835708 1.856193
v -0.038090 0.823536 1.856654
v -0.039663 0.823536 1.861304
v -0.038090 0.823536 1.346224
v -0.025919 0.835708 1.346224
v -0.025919 0.835707 0.673112
v -0.040919 0.823536 1.857618
v -0.038090 0.823536 0.673112
v -0.025919 0.835707 0.029621
v -0.038090 0.823536 0.017449
v -0.040919 0.823536 1.346224
v -0.040919 0.823536 0.673112
v -0.040919 0.823536 0.014777
v -0.053090 0.835708 1.346224
v -0.053090 0.835707 0.673112
v -0.052728 0.835707 0.008298
v -0.053090 0.835708 1.861766
v -0.051834 0.835708 1.865452
v -0.053090 0.838536 0.673112
v -0.052728 0.838536 0.008298
v -0.040919 0.850707 0.014621
v -0.053090 0.838536 1.861766
v -0.051834 0.838536 1.865452
v -0.039663 0.850708 1.861304
v -0.053090 0.838536 1.346224
v -0.040919 0.850708 1.857618
v -0.038090 0.850708 1.856654
v -0.036834 0.850708 1.860340
v -0.040919 0.850708 1.346224
v -0.025919 0.838536 1.852506
v -0.024662 0.838536 1.856193
v -0.024662 0.835708 1.856193
v -0.025919 0.835708 1.852506
v -0.038090 0.850708 1.346224
v -0.040919 0.850707 0.673112
v -0.038090 0.850707 0.017449
v -0.025919 0.838536 1.346224
v -0.025919 0.835708 1.346224
v -0.038090 0.850707 0.673112
v -0.025919 0.838536 0.029621
v -0.025919 0.838536 0.673112
v -0.025919 0.835707 0.673112
v -0.025919 0.835707 0.029621
v 5.765571 0.835708 1.359810
v 4.408113 0.835708 1.359810
v 5.765571 0.838536 1.359810
v 4.408113 0.838536 1.359810
v 3.001220 0.835708 1.359810
v 4.408113 0.850708 1.347639
v 5.769572 0.850708 1.347639
v 3.001220 0.838536 1.359810
v 1.594326 0.835708 1.359810
v 4.408113 0.850708 1.344810
v 5.770502 0.850708 1.344810
v 3.001220 0.850708 1.347639
v 1.594326 0.838536 1.359810
v 0.176297 0.835708 1.359810
v 3.001220 0.850708 1.344810
v 0.176297 0.838536 1.359810
v 0.173848 0.835708 1.357361
v 0.173848 0.838536 1.357361
v 1.594326 0.850708 1.347639
v 0.188469 0.850708 1.347639
v 0.186019 0.850708 1.345189
v 0.188848 0.850708 1.342361
v 0.191297 0.850708 1.344810
v 0.201019 0.838536 1.330189
v 1.594326 0.850708 1.344810
v 0.203469 0.838536 1.332639
v 0.201019 0.835708 1.330189
v 3.001220 0.838536 1.332639
v 1.594326 0.838536 1.332639
v 0.203469 0.835708 1.332639
v 1.594326 0.835708 1.332639
v 3.001220 0.835708 1.332639
v 0.191297 0.823536 1.344810
v 0.188848 0.823536 1.342361
v 1.594326 0.823536 1.344810
v 3.001220 0.823536 1.344810
v 0.188469 0.823536 1.347639
v 0.186019 0.823536 1.345189
v 0.173848 0.835708 1.357361
v 0.176297 0.835708 1.359810
v 1.594326 0.835708 1.359810
v 1.594326 0.823536 1.347639
v 3.001220 0.835708 1.359810
v 3.001220 0.823536 1.347639
v 4.408113 0.835708 1.359810
v 4.408113 0.823536 1.347639
v 5.765571 0.835708 1.359810
v 5.769572 0.823536 1.347639
v 4.408113 0.823536 1.344810
v 5.770502 0.823536 1.344810
v 4.408113 0.835708 1.332639
v 5.774502 0.835708 1.332638
v 4.408113 0.838536 1.332639
v 5.774502 0.838536 1.332638
v 6.233088 0.189319 1.721231
v 6.234819 0.192147 1.724597
v 6.234819 0.189319 1.724597
v 6.233088 0.192147 1.721231
v 5.748544 0.202764 1.374625
v 5.748544 0.205593 1.374625
v 6.245260 0.204319 1.714973
v 6.246991 0.204319 1.718339
v 5.733543 0.217764 1.345453
v 6.248088 0.204319 1.713518
v 6.249819 0.204319 1.716884
v 6.260260 0.192147 1.707260
v 5.733515 0.205593 1.333174
v 6.261991 0.192147 1.710626
v 5.733515 0.202764 1.333174
v 6.261991 0.189319 1.710626
v 6.260260 0.189319 1.707260
v 5.733543 0.190593 1.345452
v 6.249819 0.177147 1.716884
v 6.248088 0.177147 1.713518
v 5.736372 0.190593 1.350953
v 6.246991 0.177147 1.718339
v 6.245260 0.177147 1.714973
v 5.748544 0.202764 1.374625
v 6.234819 0.189319 1.724597
v 6.233088 0.189319 1.721231
v 6.232632 0.403758 1.920032
v 5.730336 0.408861 2.059868
v 5.731998 0.396690 2.072039
v 6.246991 0.391586 1.926399
v 6.234819 0.403758 1.917152
v 6.244804 0.391586 1.929278
v 5.732385 0.396690 2.074867
v 6.249819 0.391586 1.928547
v 6.247633 0.391586 1.931426
v 5.734047 0.408861 2.087039
v 6.261991 0.403758 1.937793
v 6.259804 0.403758 1.940673
v 6.259804 0.406586 1.940673
v 5.734047 0.411690 2.087039
v 6.261991 0.406586 1.937793
v 6.247633 0.418758 1.931426
v 5.732385 0.423861 2.074867
v 6.249819 0.418758 1.928547
v 6.244804 0.418758 1.929278
v 5.731998 0.423861 2.072039
v 6.246991 0.418758 1.926399
v 6.232632 0.406586 1.920032
v 5.730336 0.411690 2.059868
v 6.234819 0.406586 1.917152
v 5.730336 0.408861 2.059868
v 6.234819 0.403758 1.917152
v 6.232632 0.403758 1.920032
v 6.233088 0.390312 1.721231
v 6.234819 0.393141 1.724597
v 6.234819 0.390312 1.724597
v 6.233088 0.393141 1.721231
v 5.748544 0.408861 1.374625
v 5.748544 0.411690 1.374625
v 6.245260 0.405312 1.714973
v 6.246991 0.405312 1.718339
v 5.736372 0.423861 1.350953
v 6.248088 0.405312 1.713518
v 6.249819 0.405312 1.716884
v 5.733543 0.423861 1.345452
v 6.260260 0.393141 1.707260
v 5.733725 0.411690 1.332889
v 6.261991 0.393141 1.710626
v 5.733726 0.408861 1.332889
v 6.260260 0.390312 1.707260
v 6.261991 0.390312 1.710626
v 5.733543 0.396690 1.345452
v 6.249819 0.378141 1.716884
v 6.248088 0.378141 1.713518
v 5.736372 0.396690 1.350953
v 6.246991 0.378141 1.718339
v 6.245260 0.378141 1.714973
v 5.748544 0.408861 1.374625
v 6.234819 0.390312 1.724597
v 6.233088 0.390312 1.721231
v 0.002596 0.391589 1.860321
v 0.014834 0.403756 1.855712
v 0.001414 0.391586 1.856593
v 0.013586 0.403758 1.852020
v 0.001414 0.385273 1.346225
v 0.013586 0.406586 1.852020
v 0.014834 0.406588 1.855712
v 0.013586 0.397445 1.346225
v 0.001414 0.418758 1.856593
v 0.002596 0.418755 1.860321
v 0.013586 0.400273 1.346225
v 0.001414 0.412445 1.346225
v 0.013586 0.403758 0.673112
v 0.001414 0.391586 0.673112
v 0.013586 0.406586 0.673112
v 0.013586 0.395975 0.029621
v 0.001414 0.383803 0.017449
v 0.003864 0.383803 0.015000
v 0.016035 0.395975 0.027172
v 0.016035 0.398803 0.027172
v 0.013586 0.398803 0.029621
v 0.001414 0.410975 0.017449
v 0.003864 0.410975 0.015000
v 0.001414 0.418758 0.673112
v -0.001414 0.418758 0.673112
v -0.001414 0.410975 0.014621
v -0.001414 0.412445 1.346225
v -0.013586 0.406586 0.673112
v -0.012811 0.398803 0.011716
v -0.001414 0.418758 1.857655
v -0.000161 0.418756 1.861344
v -0.013586 0.400273 1.346225
v -0.013586 0.406586 1.862228
v -0.012396 0.406589 1.865952
v -0.012396 0.403756 1.865952
v -0.013586 0.403758 1.862228
v -0.000161 0.391588 1.861344
v -0.013586 0.403758 0.673112
v -0.012811 0.395975 0.011716
v -0.001414 0.383803 0.014621
v -0.013586 0.397445 1.346225
v -0.001414 0.391586 1.857655
v 0.002596 0.391589 1.860321
v 0.001414 0.391586 1.856593
v -0.001414 0.391586 0.673112
v 0.001414 0.383803 0.017449
v 0.001414 0.391586 0.673112
v -0.001414 0.385273 1.346225
v 0.001414 0.385273 1.346225
v 6.232632 0.594162 1.920032
v 5.730336 0.599265 2.059868
v 5.731998 0.587094 2.072039
v 6.246991 0.581990 1.926399
v 6.234819 0.594162 1.917152
v 6.244804 0.581990 1.929278
v 5.732385 0.587094 2.074867
v 6.249819 0.581990 1.928547
v 6.247633 0.581990 1.931426
v 5.734047 0.599265 2.087039
v 6.261991 0.594162 1.937793
v 6.259804 0.594162 1.940673
v 6.261991 0.596990 1.937793
v 6.259804 0.596990 1.940673
v 5.734047 0.602094 2.087039
v 6.247633 0.609162 1.931426
v 6.249819 0.609162 1.928547
v 5.732385 0.614265 2.074867
v 6.244804 0.609162 1.929278
v 6.246991 0.609162 1.926399
v 5.731998 0.614265 2.072039
v 6.232632 0.596990 1.920032
v 6.234819 0.596990 1.917152
v 5.730336 0.602094 2.059868
v 6.234819 0.594162 1.917152
v 5.730336 0.599265 2.059868
v 6.232632 0.594162 1.920032
v 6.233088 0.594162 1.721231
v 6.234819 0.596990 1.724597
v 6.234819 0.594162 1.724597
v 6.233088 0.596990 1.721231
v 5.748544 0.599265 1.374625
v 5.748544 0.602094 1.374625
v 6.245260 0.609162 1.714972
v 6.246991 0.609162 1.718338
v 5.736372 0.614265 1.350953
v 6.248088 0.609162 1.713518
v 6.249819 0.609162 1.716884
v 5.733543 0.614265 1.345452
v 6.260260 0.596990 1.707259
v 5.733714 0.602094 1.333300
v 6.261991 0.596990 1.710626
v 5.733714 0.599265 1.333300
v 6.260260 0.594162 1.707259
v 6.261991 0.594162 1.710626
v 5.733543 0.587094 1.345452
v 6.249819 0.581990 1.716884
v 6.248088 0.581990 1.713518
v 5.736372 0.587094 1.350953
v 6.246991 0.581990 1.718338
v 6.245260 0.581990 1.714972
v 5.748544 0.599265 1.374625
v 6.234819 0.594162 1.724597
v 6.233088 0.594162 1.721231
v 0.183570 0.581990 0.015000
v 0.171398 0.594161 0.027171
v 0.186019 0.581990 0.017449
v 0.173847 0.594161 0.029621
v 0.186019 0.581990 0.673112
v 0.173847 0.596990 0.029621
v 0.171398 0.596990 0.027171
v 0.173847 0.594162 0.673112
v 0.186019 0.609161 0.017449
v 0.183570 0.609161 0.015000
v 0.186398 0.609161 0.012171
v 0.173847 0.596990 0.673112
v 0.186019 0.609161 0.673112
v 0.188847 0.609161 0.014621
v 0.198570 0.596990 -0.000000
v 0.188847 0.609161 0.673112
v 0.201019 0.596990 0.002449
v 0.198570 0.594162 -0.000000
v 0.201019 0.596990 0.673112
v 0.201019 0.594162 0.002449
v 0.186398 0.581990 0.012171
v 0.201019 0.584308 1.346224
v 0.188847 0.581990 0.014621
v 0.183570 0.581990 0.015000
v 0.186019 0.581990 0.017449
v 0.201019 0.594162 0.673112
v 0.188847 0.581990 0.673112
v 0.186019 0.581990 0.673112
v 0.186019 0.569308 1.346224
v 0.188847 0.569308 1.346224
v 0.201019 0.581479 1.346224
v 0.189641 0.581990 1.571413
v 0.186815 0.581990 1.574241
v 0.201800 0.594162 1.559241
v 0.190731 0.581990 1.575319
v 0.187905 0.581990 1.578147
v 0.202890 0.594162 1.563147
v 0.319852 0.581990 1.790366
v 0.317024 0.581990 1.793194
v 0.320210 0.581990 1.794999
v 0.323038 0.581990 1.792171
v 0.332024 0.594162 1.778195
v 0.335210 0.594162 1.780000
v 0.335210 0.596990 1.780000
v 0.202890 0.596990 1.563147
v 0.332024 0.596990 1.778195
v 0.323038 0.609162 1.792171
v 0.201800 0.596990 1.559241
v 0.319852 0.609162 1.790366
v 0.320210 0.609162 1.794999
v 0.188847 0.596479 1.346224
v 0.189641 0.609162 1.571413
v 0.186019 0.596479 1.346224
v 0.190731 0.609162 1.575319
v 0.186815 0.609162 1.574241
v 0.173847 0.584307 1.346224
v 0.187905 0.609162 1.578147
v 0.174655 0.596990 1.586413
v 0.173847 0.581479 1.346224
v 0.186019 0.569308 1.346224
v 0.186815 0.581990 1.574241
v 0.174655 0.594162 1.586413
v 0.187905 0.581990 1.578147
v 0.175744 0.594162 1.590319
v 0.317024 0.581990 1.793194
v 0.175744 0.596990 1.590319
v 0.304852 0.594162 1.805364
v 0.308038 0.594162 1.807169
v 0.320210 0.581990 1.794999
v 0.304852 0.596990 1.805364
v 0.308038 0.596990 1.807169
v 0.317024 0.609162 1.793194
v 6.234819 0.000000 1.714069
v 6.238776 0.173055 1.714494
v 6.234819 0.000000 1.716898
v 6.238776 0.173055 1.711665
v 6.236906 0.793995 1.712964
v 6.250947 0.172343 1.699494
v 6.246991 0.000000 1.701898
v 6.236906 0.793995 1.710134
v 6.367295 1.049456 1.715654
v 6.367295 1.049456 1.712826
v 6.249076 0.790964 1.697964
v 6.382395 1.052134 1.700613
v 6.251906 0.790259 1.697964
v 6.384892 1.050808 1.700613
v 6.253776 0.172178 1.699494
v 6.249819 0.000000 1.701898
v 6.264076 0.787228 1.710134
v 6.395642 1.045098 1.712785
v 6.265947 0.171466 1.711665
v 6.261991 0.000000 1.714069
v 6.264076 0.787228 1.712964
v 6.395642 1.045098 1.715613
v 6.384892 1.050808 1.727785
v 6.265947 0.171466 1.714494
v 6.261991 0.000000 1.716898
v 6.249819 0.000000 1.729069
v 6.253776 0.172178 1.726665
v 6.246991 0.000000 1.729069
v 6.251906 0.790259 1.725134
v 6.382395 1.052134 1.727785
v 6.250947 0.172343 1.726665
v 6.234819 0.000000 1.716898
v 6.238776 0.173055 1.714494
v 6.249076 0.790964 1.725134
v 6.367295 1.049456 1.715654
v 6.236906 0.793995 1.712964
v 5.765571 0.838536 1.359810
v 5.769278 0.835708 1.361028
v 5.765571 0.835708 1.359810
v 6.257813 0.835708 1.721087
v 6.257813 0.838536 1.721087
v 5.769278 0.838536 1.361028
v 5.773278 0.850708 1.348857
v 5.769572 0.850708 1.347639
v 6.269985 0.850708 1.714938
v 5.770502 0.850708 1.344810
v 5.774208 0.850708 1.346028
v 6.272813 0.850708 1.713509
v 5.778208 0.838536 1.333857
v 5.774502 0.838536 1.332638
v 6.284985 0.838536 1.707917
v 5.774502 0.835708 1.332638
v 6.284985 0.835708 1.707917
v 5.778208 0.835708 1.333857
v 5.770502 0.823536 1.344810
v 6.272813 0.823536 1.713509
v 5.774208 0.823536 1.346028
v 6.269985 0.823536 1.714938
v 5.773278 0.823536 1.348857
v 5.769572 0.823536 1.347639
v 6.257813 0.835708 1.721087
v 5.765571 0.835708 1.359810
v 5.769278 0.835708 1.361028
v 0.193861 0.594203 2.059857
v 1.594327 0.587932 2.059867
v 0.193861 0.596949 2.059857
v 1.594327 0.585103 2.059867
v 1.594327 0.572932 2.072039
v 0.187824 0.581951 2.072050
v 3.001220 0.605016 2.059867
v 3.001220 0.607844 2.059867
v 4.408114 0.596990 2.059867
v 3.001220 0.592844 2.072039
v 1.594327 0.572932 2.074867
v 0.187036 0.581949 2.074857
v 3.001220 0.592844 2.074867
v 1.594327 0.585103 2.087039
v 0.181034 0.594201 2.087049
v 3.001220 0.605016 2.087039
v 1.594327 0.587932 2.087039
v 0.181034 0.596951 2.087049
v 0.187036 0.609203 2.074857
v 1.594327 0.600103 2.074867
v 0.187824 0.609201 2.072050
v 3.001220 0.607844 2.087039
v 1.594327 0.600103 2.072039
v 0.193861 0.596949 2.059857
v 1.594327 0.587932 2.059867
v 3.001220 0.607844 2.059867
v 3.001220 0.620016 2.072039
v 4.408114 0.596990 2.059867
v 3.001220 0.620016 2.074867
v 4.408114 0.609162 2.072039
v 5.730336 0.602094 2.059868
v 5.731998 0.614265 2.072039
v 4.408114 0.609162 2.074867
v 5.732385 0.614265 2.074867
v 4.408114 0.596990 2.087039
v 5.734047 0.602094 2.087039
v 5.734047 0.599265 2.087039
v 4.408114 0.594162 2.087039
v 5.732385 0.587094 2.074867
v 4.408114 0.581990 2.074867
v 5.731998 0.587094 2.072039
v 4.408114 0.581990 2.072039
v 5.730336 0.599265 2.059868
v 4.408114 0.594162 2.059867
v 5.730336 0.602094 2.059868
v -0.218907 1.036418 1.346224
v -0.206735 1.048589 1.851861
v -0.206735 1.048589 1.346224
v -0.218907 1.036418 1.856572
v -0.206735 1.048589 0.673112
v -0.221735 1.036418 1.346224
v -0.221735 1.036418 1.857667
v -0.218907 1.036418 0.673112
v -0.206735 1.048589 0.029621
v -0.218907 1.036418 0.017449
v -0.221735 1.036418 0.673112
v -0.221735 1.036418 0.014621
v -0.233907 1.048589 1.346224
v -0.233907 1.048589 1.862378
v -0.233907 1.048589 0.673112
v -0.233907 1.048589 0.002449
v -0.233907 1.051418 1.862378
v -0.233907 1.051418 0.673112
v -0.233907 1.051418 0.002449
v -0.233907 1.051418 1.346224
v -0.221735 1.063589 1.857667
v -0.221735 1.063589 0.014621
v -0.221735 1.063589 1.346224
v -0.218907 1.063589 1.856572
v -0.221735 1.063589 0.673112
v -0.218907 1.063589 0.017449
v -0.218907 1.063589 1.346224
v -0.206735 1.051418 1.851861
v -0.218907 1.063589 0.673112
v -0.206735 1.051418 0.029621
v -0.206735 1.051418 1.346224
v -0.206735 1.048589 1.851861
v -0.206735 1.048589 1.346224
v -0.206735 1.051418 0.673112
v -0.206735 1.048589 0.029621
v -0.206735 1.048589 0.673112
v 1.594327 0.217764 2.072039
v 0.193861 0.205552 2.059857
v 1.594327 0.205593 2.059867
v 0.187824 0.217803 2.072050
v 3.001220 0.205593 2.059867
v 1.594327 0.217764 2.074867
v 0.187036 0.217806 2.074857
v 3.001220 0.217764 2.072039
v 4.408114 0.205593 2.059867
v 1.594327 0.205593 2.087039
v 0.181034 0.205554 2.087049
v 0.181034 0.202804 2.087049
v 3.001220 0.217764 2.074867
v 4.408114 0.217764 2.072039
v 5.730336 0.205593 2.059868
v 5.731998 0.217764 2.072039
v 4.408114 0.217764 2.074867
v 5.732385 0.217764 2.074867
v 3.001220 0.205593 2.087039
v 4.408114 0.205593 2.087039
v 5.734047 0.205593 2.087039
v 1.594327 0.202764 2.087039
v 0.187036 0.190551 2.074857
v 3.001220 0.202764 2.087039
v 4.408114 0.202764 2.087039
v 5.734047 0.202764 2.087039
v 5.732385 0.190593 2.074867
v 1.594327 0.190593 2.074867
v 0.187824 0.190554 2.072050
v 3.001220 0.190593 2.074867
v 4.408114 0.190593 2.074867
v 5.731998 0.190593 2.072039
v 1.594327 0.190593 2.072039
v 0.193861 0.202806 2.059857
v 3.001220 0.190593 2.072039
v 4.408114 0.190593 2.072039
v 5.730336 0.202764 2.059868
v 1.594327 0.202764 2.059867
v 0.193861 0.205552 2.059857
v 1.594327 0.205593 2.059867
v 3.001220 0.202764 2.059867
v 3.001220 0.205593 2.059867
v 4.408114 0.202764 2.059867
v 4.408114 0.205593 2.059867
v 5.730336 0.205593 2.059868
v 4.408114 0.391586 2.072039
v 5.730336 0.408861 2.059868
v 4.408114 0.403758 2.059867
v 3.001220 0.403758 2.059867
v 5.731998 0.396690 2.072039
v 3.001220 0.391586 2.072039
v 1.594327 0.394700 2.059867
v 4.408114 0.391586 2.074867
v 5.732385 0.396690 2.074867
v 1.594327 0.382528 2.072039
v 0.193861 0.403799 2.059857
v 0.187824 0.391547 2.072050
v 3.001220 0.391586 2.074867
v 4.408114 0.403758 2.087039
v 5.734047 0.408861 2.087039
v 1.594327 0.382528 2.074867
v 0.187036 0.391545 2.074857
v 3.001220 0.403758 2.087039
v 1.594327 0.394700 2.087039
v 0.181034 0.403797 2.087049
v 4.408114 0.406586 2.087039
v 5.734047 0.411690 2.087039
v 5.732385 0.423861 2.074867
v 1.594327 0.397528 2.087039
v 0.181034 0.406547 2.087049
v 0.187036 0.418799 2.074857
v 3.001220 0.406586 2.087039
v 4.408114 0.418758 2.074867
v 5.731998 0.423861 2.072039
v 3.001220 0.418758 2.074867
v 1.594327 0.409700 2.074867
v 0.187824 0.418797 2.072050
v 4.408114 0.418758 2.072039
v 5.730336 0.411690 2.059868
v 3.001220 0.418758 2.072039
v 1.594327 0.409700 2.072039
v 0.193861 0.406545 2.059857
v 4.408114 0.406586 2.059867
v 5.730336 0.408861 2.059868
v 4.408114 0.403758 2.059867
v 3.001220 0.406586 2.059867
v 3.001220 0.403758 2.059867
v 1.594327 0.397528 2.059867
v 1.594327 0.394700 2.059867
v 0.193861 0.403799 2.059857
v 0.173847 1.048589 0.673112
v 0.173847 1.048589 0.029621
v 0.173847 1.051418 0.673112
v 0.173847 1.048589 1.357361
v 0.173847 1.051418 0.029621
v 0.173847 1.051418 1.357361
v 0.176297 1.048589 1.359810
v 0.176297 1.051418 1.359810
v 0.186019 1.063589 0.673112
v 0.186019 1.063589 0.017449
v 0.186019 1.063589 1.345189
v 0.188469 1.063589 1.347639
v 0.191297 1.063589 1.344810
v 0.188847 1.063589 1.342361
v 0.188847 1.063589 0.673112
v 0.188847 1.063589 0.014621
v 0.201019 1.051418 1.330189
v 0.203469 1.051418 1.332639
v 0.203469 1.048589 1.332639
v 0.201019 1.051418 0.673112
v 0.201019 1.051418 0.002449
v 0.201019 1.048589 0.002449
v 0.201019 1.048589 1.330189
v 0.191297 1.036418 1.344810
v 0.201019 1.048589 0.673112
v 0.188847 1.036418 0.014621
v 0.188847 1.036418 0.673112
v 0.186019 1.036418 0.017449
v 0.188847 1.036418 1.342361
v 0.186019 1.036418 0.673112
v 0.173847 1.048589 0.029621
v 0.173847 1.048589 0.673112
v 0.186019 1.036418 1.345189
v 0.188469 1.036418 1.347639
v 0.173847 1.048589 1.357361
v 0.176297 1.048589 1.359810
v -0.000755 0.788980 0.012151
v 0.188761 1.051331 0.012258
v -0.222066 1.050810 0.012323
v 0.188761 0.789284 0.012258
v 6.388085 1.051031 1.714708
v 6.249492 0.788664 1.930304
v 6.387788 1.050677 2.164769
v 6.249656 0.788841 1.714714
v -0.222066 1.050810 0.012323
v -0.001075 0.788620 1.859602
v -0.000755 0.788980 0.012151
v -0.222360 1.050853 1.859835
v 0.188761 0.789284 0.012258
v 0.188127 0.788531 1.345531
v 0.188761 1.051331 0.012258
v 0.188127 1.052084 1.345531
v 5.955646 1.051123 1.344447
v 0.188127 1.052084 1.345531
v 5.732475 0.789010 1.344599
v 0.188127 0.788531 1.345531
v 6.388085 1.051031 1.714708
v 5.955646 1.051123 1.344447
v 6.249656 0.788841 1.714714
v 5.732475 0.789010 1.344599
v -0.222360 1.050853 1.859835
v 0.151952 0.788677 2.069736
v -0.001075 0.788620 1.859602
v 0.116401 1.050973 2.271644
v 0.186962 1.050849 2.309066
v 0.151952 0.788677 2.069736
v 0.116401 1.050973 2.271644
v 0.187366 0.788526 2.074421
v 0.186962 1.050849 2.309066
v 5.732411 1.050892 2.309090
v 0.187366 0.788526 2.074421
v 5.732337 0.788544 2.074450
v 6.249492 0.788664 1.930304
v 6.387788 1.050677 2.164769
v 6.387788 1.050677 2.164769
v 5.732411 1.050892 2.309090
v 6.388085 1.051031 1.714708
v 5.955646 1.051123 1.344447
v 0.188127 1.052084 1.345531
v 0.186962 1.050849 2.309066
v 0.116401 1.050973 2.271644
v -0.222360 1.050853 1.859835
v -0.222066 1.050810 0.012323
v 0.188761 1.051331 0.012258
v 0.187433 0.790612 2.073453
v 0.000000 0.790612 1.859193
v 0.152664 0.790612 2.068716
v -0.220321 1.050003 0.013586
v 0.000000 0.790612 0.013586
v 0.187433 1.050003 0.013586
v 0.187433 0.790612 0.013586
v 6.386179 1.050004 1.715483
v 6.248405 0.790612 1.929743
v 6.386179 1.050004 2.163270
v 6.248405 0.790612 1.715483
v -0.220321 1.050003 0.013586
v -0.220321 1.050004 1.859193
v 0.000000 0.790612 1.859193
v 0.000000 0.790612 0.013586
v 0.187433 0.790612 0.013586
v 0.187433 0.790612 1.346224
v 0.187433 1.050003 0.013586
v 0.187433 1.050004 1.346224
v 0.187433 1.050004 2.306980
v 5.732192 1.050004 2.306980
v 5.732192 0.790612 2.073453
v 0.187433 0.790612 2.073453
v 5.954708 1.050004 1.346224
v 0.187433 1.050004 1.346224
v 5.732192 0.790612 1.346224
v 0.187433 0.790612 1.346224
v 6.386179 1.050004 1.715483
v 5.954708 1.050004 1.346224
v 6.248405 0.790612 1.715483
v 5.732192 0.790612 1.346224
v 5.732192 1.050004 2.306980
v 6.248405 0.790612 1.929743
v 5.732192 0.790612 2.073453
v 6.386179 1.050004 2.163270
v -0.220321 1.050004 1.859193
v 0.152664 0.790612 2.068716
v 0.000000 0.790612 1.859193
v 0.117663 1.050004 2.269984
v 0.187433 1.050004 2.306980
v 0.152664 0.790612 2.068716
v 0.117663 1.050004 2.269984
v 0.187433 0.790612 2.073453
v 0.187433 1.050004 1.346224
v -0.220321 1.050003 0.013586
v 0.187433 1.050003 0.013586
v -0.220321 1.050004 1.859193
v 5.954708 1.050004 1.346224
v 6.386179 1.050004 1.715483
v 5.732192 1.050004 2.306980
v 6.386179 1.050004 2.163270
v 0.187433 1.050004 2.306980
v 0.117663 1.050004 2.269984
v 6.248405 0.790612 1.715483
v 5.732192 0.790612 2.073453
v 6.248405 0.790612 1.929743
v 5.732192 0.790612 1.346224
v 0.187433 0.790612 2.073453
v 0.187433 0.790612 1.346224
v 0.000000 0.790612 1.859193
v 0.000000 0.790612 0.013586
v 0.187433 0.790612 0.013586
vt -1.212891 -0.551758
vt -1.209961 -0.549805
vt -1.210938 -0.550781
vt -0.858887 0.777466
vt -0.851562 0.776489
vt -0.851562 0.776489
vt -1.324219 0.666504
vt -1.324219 0.992508
vt -1.324219 0.991676
vt 1.106445 0.569824
vt 1.106445 0.424316
vt 1.113281 0.567139
vt 1.113281 0.420410
vt 1.115234 0.566162
vt 1.114258 0.420410
vt 1.122070 0.420410
vt 1.122070 0.566895
vt 1.123047 0.420410
vt 1.123047 0.568115
vt 1.129883 0.424316
vt 1.130859 0.570801
vt 1.131836 0.570312
vt 1.130859 0.424316
vt 1.138672 0.569336
vt 1.138672 0.424316
vt 1.139648 0.424316
vt 1.139648 0.569824
vt 1.120117 0.638428
vt 1.120117 0.310547
vt 1.127930 0.638428
vt 1.127930 0.310547
vt 1.128906 0.638428
vt 1.128906 0.310547
vt 1.135742 0.310547
vt 1.135742 0.638428
vt 1.136719 0.310547
vt 1.136719 0.638428
vt 1.144531 0.310547
vt 1.144531 0.638428
vt 1.145508 0.638428
vt 1.145508 0.311035
vt 1.152344 0.638428
vt 1.152344 0.311035
vt 1.153320 0.638428
vt 1.153320 0.311035
vt 1.253906 0.336914
vt 1.253906 0.515381
vt 1.247070 0.336426
vt 1.247070 0.520264
vt 1.246094 0.338379
vt 1.246094 0.522461
vt 1.239258 0.343262
vt 1.238281 0.521973
vt 1.238281 0.343262
vt 1.237305 0.521973
vt 1.230469 0.521973
vt 1.230469 0.338379
vt 1.229492 0.520264
vt 1.229492 0.336914
vt 1.221680 0.515137
vt 1.222656 0.336914
vt 1.220703 0.515137
vt 1.221680 0.336914
vt 1.242188 0.385742
vt 1.242188 0.564453
vt 1.234375 0.385254
vt 1.234375 0.569336
vt 1.234375 0.387695
vt 1.234375 0.571533
vt 1.226562 0.392578
vt 1.226562 0.571045
vt 1.225586 0.392578
vt 1.225586 0.571045
vt 1.217773 0.570801
vt 1.218750 0.387207
vt 1.216797 0.569336
vt 1.217773 0.385742
vt 1.209961 0.564209
vt 1.209961 0.385742
vt 1.208984 0.385742
vt 1.208984 0.564209
vt 0.876953 0.898254
vt 0.876953 0.683105
vt 0.877930 0.898254
vt 0.877930 0.683105
vt 0.885254 0.898926
vt 0.885254 0.679199
vt 0.886230 0.899048
vt 0.886230 0.678223
vt 0.893555 0.899780
vt 0.893555 0.674561
vt 0.894531 0.899780
vt 0.894531 0.674561
vt 0.515625 0.176758
vt 0.515625 0.099609
vt 0.516602 0.176758
vt 0.516602 0.099609
vt 0.523926 0.176758
vt 0.523926 0.099609
vt 0.524902 0.176758
vt 0.524902 0.099609
vt 0.532227 0.176758
vt 0.532227 0.099609
vt 0.533203 0.176758
vt 0.533203 0.099609
vt 0.277100 -0.011719
vt 0.277100 -0.149414
vt 0.278076 -0.011719
vt 0.278320 -0.149414
vt 0.285645 -0.017578
vt 0.285645 -0.148438
vt 0.286865 -0.019531
vt 0.286865 -0.148438
vt 0.294189 -0.025391
vt 0.294189 -0.147461
vt 0.295410 -0.147461
vt 0.295410 -0.025391
vt 0.737305 0.530029
vt 0.737305 0.452637
vt 0.738281 0.530029
vt 0.738281 0.452637
vt 0.745605 0.530029
vt 0.745605 0.452637
vt 0.746582 0.530029
vt 0.746582 0.452637
vt 0.753906 0.530029
vt 0.753906 0.452637
vt 0.754883 0.530029
vt 0.754883 0.452637
vt 0.430176 0.699463
vt 0.430176 0.814575
vt 0.428955 0.699463
vt 0.428955 0.814575
vt 0.421875 0.699463
vt 0.421875 0.814575
vt 0.420654 0.699463
vt 0.420654 0.814575
vt 0.413574 0.699463
vt 0.413574 0.814575
vt 0.412354 0.814575
vt 0.412354 0.699463
vt 0.178589 0.378418
vt 0.178589 0.458008
vt 0.177490 0.378418
vt 0.177490 0.458008
vt 0.170410 0.375488
vt 0.170410 0.461426
vt 0.169189 0.375000
vt 0.169189 0.462402
vt 0.162109 0.372559
vt 0.162109 0.466309
vt 0.160889 0.466309
vt 0.160889 0.372559
vt 0.153809 0.462402
vt 0.153809 0.375000
vt 0.152710 0.461426
vt 0.152710 0.375488
vt 0.145508 0.458008
vt 0.145508 0.378418
vt 1.130859 0.636230
vt 1.130859 0.309570
vt 1.131836 0.635986
vt 1.131836 0.309570
vt 1.139648 0.635254
vt 1.139648 0.309570
vt 1.140625 0.633301
vt 1.141602 0.634277
vt 1.140625 0.309570
vt 1.147461 0.630615
vt 1.147461 0.629395
vt 1.147461 0.309570
vt 1.148438 0.630859
vt 1.149414 0.309570
vt 1.149414 0.629639
vt 1.156250 0.309570
vt 1.156250 0.635986
vt 1.155273 0.636963
vt 1.157227 0.309570
vt 1.157227 0.637451
vt 1.164062 0.636230
vt 1.164062 0.309570
vt 1.567383 0.790649
vt 1.567383 0.464355
vt 1.568359 0.790649
vt 1.568359 0.464355
vt 1.575195 0.790649
vt 1.575195 0.464355
vt 1.576172 0.464355
vt 1.576172 0.790649
vt 1.583984 0.464355
vt 1.583984 0.790649
vt 1.584961 0.790649
vt 1.584961 0.464355
vt 1.591797 0.790649
vt 1.591797 0.464355
vt 1.592773 0.464355
vt 1.592773 0.790649
vt 1.599609 0.790649
vt 1.599609 0.464355
vt 0.453857 -0.096680
vt 0.456787 0.052734
vt 0.448730 0.046875
vt 0.447021 -0.096680
vt 0.446777 0.045410
vt 0.446289 -0.095703
vt 0.438721 0.039062
vt 0.439697 -0.095703
vt 0.437256 0.039062
vt 0.438721 -0.095703
vt -0.235962 -0.103516
vt -0.235718 -0.177734
vt -0.228760 -0.171875
vt -0.228638 -0.108398
vt -0.227661 -0.171875
vt -0.227539 -0.108398
vt -0.220459 -0.102539
vt -0.220459 -0.176758
vt -0.219360 -0.101562
vt -0.219238 -0.178711
vt -0.212158 -0.177734
vt -0.212158 -0.096680
vt -0.211060 -0.096680
vt -0.210938 -0.177734
vt -0.204102 -0.102539
vt -0.203979 -0.178711
vt -0.202881 -0.103516
vt -0.202881 -0.177734
vt 1.578125 0.797607
vt 1.584961 0.471191
vt 1.584961 0.797607
vt 1.578125 0.471191
vt 1.577148 0.797607
vt 1.577148 0.471191
vt 1.570312 0.471191
vt 1.570312 0.797607
vt 1.569336 0.471191
vt 1.569336 0.797607
vt 1.561523 0.471191
vt 1.561523 0.797607
vt 1.560547 0.471191
vt 1.560547 0.797607
vt 1.553711 0.471191
vt 1.553711 0.797607
vt 1.552734 0.471191
vt 1.552734 0.797607
vt 1.287109 0.518799
vt 1.279297 0.338379
vt 1.287109 0.340332
vt 1.279297 0.522461
vt 1.278320 0.340820
vt 1.279297 0.524658
vt 1.271484 0.346680
vt 1.271484 0.525391
vt 1.270508 0.346680
vt 1.270508 0.525635
vt 1.263672 0.526855
vt 1.263672 0.343262
vt 1.261719 0.525146
vt 1.261719 0.341797
vt 1.254883 0.519043
vt 1.254883 0.340332
vt 1.253906 0.518799
vt 1.253906 0.340332
vt 1.131836 0.631104
vt 1.138672 0.754028
vt 1.130859 0.760376
vt 1.138672 0.631592
vt 1.140625 0.754028
vt 1.140625 0.631592
vt 1.147461 0.631104
vt 1.147461 0.760376
vt 1.148438 0.630859
vt 1.148438 0.761841
vt 1.156250 0.630371
vt 1.156250 0.768311
vt 1.157227 0.768311
vt 1.157227 0.630371
vt 1.165039 0.761841
vt 1.164062 0.630859
vt 1.166016 0.760376
vt 1.166016 0.631104
vt 1.159180 0.127930
vt 1.165039 -0.006836
vt 1.166016 0.127441
vt 1.157227 -0.013672
vt 1.158203 0.128418
vt 1.156250 -0.014648
vt 1.150391 0.128906
vt 1.148438 -0.020508
vt 1.147461 -0.020508
vt 1.148438 0.128906
vt 1.140625 -0.014648
vt 1.140625 0.128418
vt 1.140625 -0.012695
vt 1.138672 0.128418
vt 1.132812 -0.006836
vt 1.131836 0.127441
vt 1.129883 0.127441
vt 1.131836 -0.006836
vt -0.350098 0.375977
vt -0.357178 0.458008
vt -0.357178 0.378418
vt -0.350342 0.461914
vt -0.348877 0.375488
vt -0.349121 0.462891
vt -0.341797 0.372559
vt -0.341797 0.466309
vt -0.340576 0.466309
vt -0.340820 0.372559
vt -0.333740 0.462402
vt -0.333496 0.374512
vt -0.332520 0.461426
vt -0.332275 0.375488
vt -0.325195 0.458008
vt -0.325439 0.378418
vt -0.324219 0.378418
vt -0.324219 0.458008
vt -0.181030 0.375977
vt -0.188232 0.458008
vt -0.188232 0.378418
vt -0.181274 0.461914
vt -0.179810 0.375488
vt -0.180054 0.462891
vt -0.172852 0.372559
vt -0.172852 0.466309
vt -0.171631 0.466309
vt -0.171631 0.372559
vt -0.164795 0.462402
vt -0.164429 0.374512
vt -0.163574 0.461426
vt -0.163330 0.375488
vt -0.156250 0.458008
vt -0.156372 0.378418
vt -0.155151 0.378418
vt -0.155151 0.458008
vt 0.016678 0.458008
vt 0.009575 0.375488
vt 0.016678 0.378418
vt 0.009575 0.461426
vt 0.008408 0.375000
vt 0.008408 0.462402
vt 0.001306 0.372559
vt 0.001307 0.466309
vt 0.000140 0.466309
vt 0.000140 0.372559
vt -0.006966 0.462402
vt -0.006966 0.375000
vt -0.008133 0.461426
vt -0.008133 0.375488
vt -0.015236 0.458008
vt -0.015236 0.378418
vt -0.016403 0.378418
vt -0.016403 0.458008
vt -0.163696 -0.084961
vt -0.164917 -0.161133
vt -0.163696 -0.159180
vt -0.164795 -0.083984
vt -0.171753 -0.159180
vt -0.171875 -0.079102
vt -0.172974 -0.159180
vt -0.172852 -0.079102
vt -0.179932 -0.083984
vt -0.179810 -0.161133
vt -0.181030 -0.159180
vt -0.181030 -0.084961
vt -0.188110 -0.154297
vt -0.188110 -0.090820
vt -0.189331 -0.154297
vt -0.189331 -0.090820
vt -0.196411 -0.084961
vt -0.196411 -0.159180
vt -0.947266 0.810425
vt -0.946289 0.746338
vt -0.946289 0.810425
vt -0.947266 0.746338
vt -0.954590 0.815430
vt -0.954590 0.741211
vt -0.955566 0.816528
vt -0.955566 0.739990
vt -0.962402 0.740723
vt -0.962402 0.821655
vt -0.963867 0.821655
vt -0.963867 0.740723
vt -0.970703 0.816528
vt -0.970703 0.739990
vt -0.971680 0.741211
vt -0.971680 0.815430
vt -0.979004 0.810425
vt -0.979004 0.746338
vt 1.168945 0.643311
vt 1.176758 0.318848
vt 1.175781 0.646240
vt 1.169922 0.318848
vt 1.167969 0.642334
vt 1.167969 0.318848
vt 1.167969 0.644043
vt 1.160156 0.318848
vt 1.161133 0.644775
vt 1.161133 0.643311
vt 1.158203 0.318848
vt 1.160156 0.644531
vt 1.151367 0.318848
vt 1.152344 0.647461
vt 1.151367 0.646729
vt 1.151367 0.648193
vt 1.151367 0.318848
vt 1.143555 0.645996
vt 1.143555 0.647461
vt 1.144531 0.318848
vt 1.142578 0.646484
vt 1.143555 0.318848
vt 1.223633 0.595703
vt 1.216797 0.269531
vt 1.223633 0.269531
vt 1.216797 0.595703
vt 1.215820 0.594238
vt 1.214844 0.269531
vt 1.214844 0.595215
vt 1.208008 0.589111
vt 1.207031 0.269043
vt 1.208008 0.590332
vt 1.207031 0.588867
vt 1.206055 0.269043
vt 1.207031 0.590332
vt 1.199219 0.269043
vt 1.200195 0.595215
vt 1.199219 0.593994
vt 1.198242 0.269043
vt 1.198242 0.596191
vt 1.190430 0.595459
vt 1.191406 0.269043
vt 1.190430 0.269043
vt 1.189453 0.595459
vt 1.271484 0.602295
vt 1.263672 0.275879
vt 1.271484 0.275879
vt 1.263672 0.602295
vt 1.262695 0.600830
vt 1.262695 0.275879
vt 1.261719 0.601807
vt 1.255859 0.589355
vt 1.255859 0.275879
vt 1.255859 0.595703
vt 1.254883 0.596924
vt 1.253906 0.589355
vt 1.253906 0.275879
vt 1.247070 0.275879
vt 1.253906 0.595703
vt 1.254883 0.596924
vt 1.248047 0.601807
vt 1.247070 0.600830
vt 1.246094 0.275879
vt 1.246094 0.602783
vt 1.238281 0.602295
vt 1.238281 0.275879
vt 1.237305 0.275879
vt 1.237305 0.602295
vt 0.053253 0.697510
vt 0.051758 0.943420
vt 0.052063 0.697510
vt 0.052917 0.943420
vt 0.060028 0.946014
vt 0.060364 0.687744
vt 0.061218 0.946625
vt 0.061523 0.685547
vt 0.068298 0.949219
vt 0.068115 0.682373
vt 0.069336 0.682373
vt 0.069458 0.949219
vt 0.204834 0.719238
vt 0.204712 0.604004
vt 0.206055 0.719238
vt 0.205933 0.604004
vt 0.213013 0.604248
vt 0.213135 0.719482
vt 0.214111 0.604248
vt 0.214355 0.719482
vt 0.221313 0.604492
vt 0.221436 0.719727
vt 0.222534 0.719727
vt 0.222412 0.604492
vt 0.204834 0.354492
vt 0.204834 0.239258
vt 0.205933 0.354492
vt 0.205933 0.239258
vt 0.213013 0.239258
vt 0.213013 0.354492
vt 0.214233 0.239258
vt 0.214233 0.354492
vt 0.221313 0.239258
vt 0.221313 0.354492
vt 0.222534 0.354492
vt 0.222534 0.239258
vt 0.205444 -0.013672
vt 0.204102 -0.128906
vt 0.206543 -0.013672
vt 0.205322 -0.128906
vt 0.212280 -0.128906
vt 0.213867 -0.013672
vt 0.213501 -0.128906
vt 0.214966 -0.013672
vt 0.220703 -0.128906
vt 0.221924 -0.013672
vt 0.223145 -0.013672
vt 0.221924 -0.128906
vt -0.195557 -0.097656
vt -0.196045 -0.171875
vt -0.188843 -0.166992
vt -0.188599 -0.103516
vt -0.187622 -0.103516
vt -0.187378 -0.166992
vt -0.180664 -0.097656
vt -0.180176 -0.171875
vt -0.179443 -0.096680
vt -0.179077 -0.173828
vt -0.172241 -0.172852
vt -0.172241 -0.091797
vt -0.171143 -0.091797
vt -0.171143 -0.172852
vt -0.163940 -0.096680
vt -0.164307 -0.173828
vt -0.163086 -0.171875
vt -0.162720 -0.097656
vt 0.956543 1.019196
vt 0.950684 1.008675
vt 0.957520 1.018463
vt 0.949219 1.009377
vt 0.949219 1.191528
vt 0.956543 1.196533
vt 0.955566 1.197754
vt 0.948242 1.192505
vt 0.947266 1.191406
vt 0.948242 1.190186
vt 0.948242 1.006935
vt 0.940430 1.186157
vt 0.940918 1.184937
vt 0.940918 1.006939
vt 0.939941 1.186035
vt 0.939453 1.006630
vt 0.939453 1.184570
vt 0.932129 1.006027
vt 0.932129 1.189209
vt 0.932617 1.190430
vt 0.930664 1.007935
vt 0.930664 1.190063
vt 0.931152 1.191284
vt 0.923340 1.017487
vt 0.929688 1.007061
vt 0.923340 1.194946
vt 0.923828 1.196045
vt 0.922363 1.016418
vt 0.922363 1.195068
vt 0.922852 1.196411
vt 0.922363 1.017776
vt 0.921387 1.016815
vt 0.729004 0.997572
vt 0.722656 0.987053
vt 0.729980 0.996813
vt 0.721680 0.987816
vt 0.722168 1.169922
vt 0.729004 1.175049
vt 0.728027 1.176147
vt 0.721191 1.171143
vt 0.719727 1.170044
vt 0.720703 1.168823
vt 0.720703 0.985550
vt 0.712891 1.165039
vt 0.713379 1.163818
vt 0.713379 0.985611
vt 0.712402 1.165039
vt 0.711914 0.985588
vt 0.711914 1.163696
vt 0.705078 0.985466
vt 0.704590 1.168823
vt 0.705566 1.169922
vt 0.703613 0.987663
vt 0.703613 1.169800
vt 0.704102 1.171021
vt 0.696289 0.997402
vt 0.702637 0.986855
vt 0.695312 0.996378
vt 0.696289 1.174805
vt 0.697266 1.176025
vt 0.695312 0.997744
vt 0.694824 0.996830
vt 0.695312 1.175049
vt 0.695801 1.176514
vt -0.697754 2.203125
vt -0.698242 1.618164
vt -0.690918 2.198242
vt -0.690918 1.618164
vt -0.697754 1.037323
vt -0.689453 2.197266
vt -0.690918 1.037323
vt -0.697754 0.456543
vt -0.689941 1.618164
vt -0.682617 2.192383
vt -0.690918 0.456543
vt -0.698242 -0.178711
vt -0.690918 -0.180664
vt -0.689941 1.037323
vt -0.682617 1.618164
vt -0.681641 2.192383
vt -0.689941 0.456543
vt -0.689941 -0.181641
vt -0.682617 1.037323
vt -0.682617 0.456543
vt -0.682617 -0.182617
vt -0.681641 1.618164
vt -0.681641 1.037323
vt -0.681641 0.456543
vt -0.681641 -0.182617
vt -0.674316 -0.181641
vt -0.674316 1.618164
vt -0.674316 2.197266
vt -0.674316 1.037323
vt -0.674316 0.456543
vt -0.673340 -0.180664
vt -0.673340 1.618164
vt -0.673340 2.198242
vt -0.673340 1.037323
vt -0.673340 0.456543
vt -0.666016 -0.178711
vt -0.666016 1.618164
vt -0.666016 2.203125
vt -0.665039 2.203125
vt -0.665039 1.618164
vt -0.666016 1.037323
vt -0.665039 1.037323
vt -0.666016 0.456543
vt -0.665039 0.456543
vt -0.665039 -0.178711
vt 1.363281 0.576172
vt 1.356445 0.496582
vt 1.364258 0.496582
vt 1.356445 0.576172
vt 1.355469 0.496582
vt 1.363281 0.822754
vt 1.354492 0.576172
vt 1.348633 0.496582
vt 1.356445 0.822754
vt 1.357422 0.929871
vt 1.364258 0.929871
vt 1.355469 0.929871
vt 1.354492 0.822754
vt 1.348633 0.929871
vt 1.347656 0.576172
vt 1.347656 0.822754
vt 1.346680 0.822754
vt 1.346680 0.929871
vt 1.346680 0.576172
vt 1.346680 0.496582
vt 1.339844 0.822754
vt 1.338867 0.929871
vt 1.339844 0.576172
vt 1.339844 0.496582
vt 1.338867 0.822754
vt 1.337891 0.929871
vt 1.338867 0.576172
vt 1.337891 0.496582
vt 1.332031 0.822754
vt 1.331055 0.929871
vt 1.332031 0.576172
vt 1.331055 0.496582
vt 1.330078 0.496582
vt 1.330078 0.576172
vt 1.330078 0.822754
vt 1.330078 0.929871
vt 1.362305 0.829712
vt 1.362305 0.722656
vt 1.369141 0.829712
vt 1.369141 0.722656
vt 1.362305 0.396484
vt 1.371094 0.829712
vt 1.369141 0.396484
vt 1.371094 0.722656
vt 1.377930 0.829712
vt 1.371094 0.396484
vt 1.377930 0.722656
vt 1.378906 0.829712
vt 1.377930 0.396484
vt 1.378906 0.722656
vt 1.378906 0.396484
vt 1.385742 0.829712
vt 1.385742 0.396484
vt 1.385742 0.722656
vt 1.387695 0.829712
vt 1.387695 0.396484
vt 1.387695 0.722656
vt 1.394531 0.829712
vt 1.394531 0.396484
vt 1.394531 0.722656
vt 1.395508 0.829712
vt 1.395508 0.396484
vt 1.395508 0.722656
vt -1.131836 -0.050781
vt -1.140625 -0.139648
vt -1.133789 -0.139648
vt -1.139648 -0.046875
vt -1.141602 -0.140625
vt -1.131836 -0.047852
vt -1.141602 -0.046875
vt -1.149414 -0.140625
vt -1.139648 -0.044922
vt -1.130859 0.055664
vt -1.149414 -0.041992
vt -1.150391 -0.140625
vt -1.141602 -0.043945
vt -1.138672 0.058105
vt -1.129883 0.057129
vt -1.137695 0.059570
vt -1.139648 0.060059
vt -1.140625 0.058594
vt -1.148438 0.062500
vt -1.149414 -0.041016
vt -1.149414 0.061035
vt -1.150391 0.062988
vt -1.149414 0.061035
vt -1.150391 -0.041016
vt -1.158203 0.059082
vt -1.159180 0.060059
vt -1.150391 -0.041992
vt -1.158203 -0.043945
vt -1.159180 0.058105
vt -1.160156 0.059570
vt -1.158203 -0.045898
vt -1.158203 -0.140625
vt -1.159180 -0.044922
vt -1.167969 0.055176
vt -1.168945 0.056641
vt -1.169922 0.056152
vt -1.168945 0.054688
vt -1.167969 -0.047852
vt -1.168945 -0.048828
vt -1.159180 -0.046875
vt -1.159180 -0.139648
vt -1.166992 -0.050781
vt -1.167969 -0.050781
vt -1.166992 -0.138672
vt -1.167969 -0.138672
vt 0.962402 0.184570
vt 0.962891 0.399902
vt 0.955566 0.400879
vt 0.955566 0.180664
vt 0.963379 0.183594
vt 0.954590 0.400879
vt 0.956055 0.179688
vt 0.954102 0.180176
vt 0.947266 0.401855
vt 0.955078 0.178711
vt 0.947266 0.176270
vt 0.947754 0.174805
vt 0.946289 0.176270
vt 0.946289 0.401855
vt 0.946289 0.174805
vt 0.939453 0.180176
vt 0.938965 0.400879
vt 0.938477 0.178711
vt 0.937988 0.180664
vt 0.937500 0.179688
vt 0.937988 0.400879
vt 0.930176 0.183105
vt 0.931152 0.184570
vt 0.930664 0.399902
vt 0.929199 0.183594
vt 0.929688 0.399902
vt 0.929688 0.185059
vt 1.259766 0.639893
vt 1.267578 0.917236
vt 1.259766 0.922241
vt 1.267578 0.639893
vt 1.268555 0.916077
vt 1.259766 0.374023
vt 1.268555 0.639893
vt 1.275391 0.911072
vt 1.267578 0.369141
vt 1.258789 0.373047
vt 1.266602 0.368164
vt 1.267578 0.366699
vt 1.268555 0.368164
vt 1.275391 0.639893
vt 1.276367 0.911072
vt 1.275391 0.363281
vt 1.275391 0.361816
vt 1.276367 0.361816
vt 1.276367 0.639893
vt 1.276367 0.363281
vt 1.283203 0.368164
vt 1.284180 0.366699
vt 1.285156 0.367676
vt 1.283203 0.639893
vt 1.283203 0.916077
vt 1.285156 0.369141
vt 1.292969 0.372559
vt 1.285156 0.639648
vt 1.285156 0.917236
vt 1.291992 0.374023
vt 1.293945 0.373047
vt 1.292969 0.374512
vt 1.292969 0.639893
vt 1.291992 0.639648
vt 1.291992 0.922241
vt 1.292969 0.922241
vt -0.722168 0.841675
vt -0.728516 0.818726
vt -0.721191 0.819458
vt -0.729004 0.841431
vt -0.729980 0.817993
vt -0.721191 0.859253
vt -0.730469 0.841064
vt -0.737793 0.817139
vt -0.728516 0.860352
vt -0.721191 0.862305
vt -0.737305 0.840820
vt -0.739746 0.817261
vt -0.729492 0.860474
vt -0.728027 0.861938
vt -0.728027 0.967163
vt -0.721191 0.966858
vt -0.720703 0.981705
vt -0.727539 0.983780
vt -0.729492 0.967621
vt -0.729004 0.984459
vt -0.729492 0.862183
vt -0.736328 0.968079
vt -0.736328 0.986580
vt -0.736328 0.862061
vt -0.736328 0.861450
vt -0.737305 0.862183
vt -0.737305 0.968140
vt -0.737793 0.986610
vt -0.745117 0.984528
vt -0.737793 0.840820
vt -0.744629 0.967743
vt -0.746094 0.983810
vt -0.737305 0.861572
vt -0.744629 0.841553
vt -0.747559 0.818726
vt -0.744141 0.860840
vt -0.744141 0.862427
vt -0.745605 0.862305
vt -0.745117 0.860840
vt -0.745605 0.842163
vt -0.749023 0.819702
vt -0.745605 0.967255
vt -0.753418 0.981491
vt -0.752441 0.862549
vt -0.752441 0.966675
vt -0.754395 0.981354
vt -0.753906 0.966492
vt -0.753418 0.862427
vt -0.753418 0.860229
vt -0.752441 0.860229
vt -0.752930 0.843140
vt -0.753906 0.843506
vt -0.756348 0.821533
vt -0.757324 0.821899
vt -0.880371 -0.435547
vt -0.887207 -0.993164
vt -0.880371 -0.993164
vt -0.887207 -0.435547
vt -0.888672 -0.993164
vt -0.880371 0.145508
vt -0.888672 -0.435547
vt -0.895508 -0.993164
vt -0.887207 0.145508
vt -0.880371 0.726318
vt -0.895508 -0.435547
vt -0.896973 -0.993164
vt -0.887207 0.726318
vt -0.880371 1.272705
vt -0.888672 0.145020
vt -0.895508 0.145020
vt -0.888672 0.726074
vt -0.887207 1.272705
vt -0.880371 1.498291
vt -0.887695 1.501953
vt -0.888672 1.272705
vt -0.888672 1.503418
vt -0.895508 0.725830
vt -0.895508 1.272705
vt -0.895996 1.507812
vt -0.896973 0.145020
vt -0.896973 1.272705
vt -0.896973 1.507812
vt -0.904297 1.503418
vt -0.896973 0.725830
vt -0.903809 1.272705
vt -0.905273 1.501953
vt -0.903809 0.145020
vt -0.905273 1.272461
vt -0.912598 1.497803
vt -0.903809 0.726074
vt -0.912109 1.272461
vt -0.913574 1.497559
vt -0.913574 1.272461
vt -0.905273 0.726318
vt -0.912109 0.726318
vt -0.913574 0.726318
vt -0.913086 0.145508
vt -0.912109 0.145508
vt -0.913086 -0.435547
vt -0.904785 0.145508
vt -0.912109 -0.435547
vt -0.913086 -0.993164
vt -0.912109 -0.993164
vt -0.904785 -0.435547
vt -0.904785 -0.993164
vt -0.903809 -0.435547
vt -0.903809 -0.993164
vt -0.896973 -0.435547
vt -0.598145 1.051300
vt -0.598145 0.768799
vt -0.591309 0.773804
vt -0.591309 1.051300
vt -0.598145 1.316895
vt -0.589844 0.775024
vt -0.591309 1.322021
vt -0.589844 1.051300
vt -0.583008 0.780029
vt -0.589844 1.323242
vt -0.583008 1.051300
vt -0.583008 1.328125
vt -0.582031 1.328125
vt -0.582031 1.051300
vt -0.582031 0.780029
vt -0.574707 1.322998
vt -0.574707 1.051270
vt -0.574707 0.775024
vt -0.573730 1.322021
vt -0.573730 1.051270
vt -0.573730 0.773804
vt -0.566406 1.316895
vt -0.566406 1.051270
vt -0.566406 0.768799
vt -0.565430 1.316895
vt -0.565430 0.768799
vt -0.565430 1.051270
vt 1.203125 0.481445
vt 1.203125 0.380859
vt 1.209961 0.481445
vt 1.209961 0.375488
vt 1.202148 0.379395
vt 1.208984 0.374512
vt 1.211914 0.481445
vt 1.210938 0.373535
vt 1.218750 0.374023
vt 1.218750 0.481445
vt 1.219727 0.481445
vt 1.219727 0.374023
vt 1.226562 0.374023
vt 1.226562 0.481445
vt 1.228516 0.375488
vt 1.228516 0.374512
vt 1.227539 0.481445
vt 1.236328 0.379395
vt 1.235352 0.380859
vt 1.235352 0.481445
vt 1.236328 0.380859
vt 1.237305 0.379883
vt 1.236328 0.481445
vt 1.222656 0.560303
vt 1.230469 0.459961
vt 1.230469 0.560303
vt 1.222656 0.455078
vt 1.230469 0.458984
vt 1.223633 0.453613
vt 1.221680 0.560303
vt 1.221680 0.453125
vt 1.214844 0.560303
vt 1.214844 0.453125
vt 1.212891 0.453125
vt 1.213867 0.560303
vt 1.206055 0.560303
vt 1.206055 0.452637
vt 1.205078 0.455078
vt 1.204102 0.453613
vt 1.205078 0.560303
vt 1.197266 0.458496
vt 1.198242 0.459961
vt 1.196289 0.458984
vt 1.198242 0.560303
vt 1.196289 0.459961
vt 1.197266 0.560303
vt 0.671875 0.167969
vt 0.670410 0.169434
vt 0.670898 0.167969
vt 0.671387 0.169434
vt 0.679199 0.171875
vt 0.670410 0.263184
vt 0.678711 0.173340
vt 0.680664 0.172852
vt 0.671387 0.263184
vt 0.670898 0.265137
vt 0.671875 0.264648
vt 0.678711 0.260742
vt 0.679199 0.262207
vt 0.679688 0.174316
vt 0.687500 0.176270
vt 0.679688 0.260254
vt 0.680176 0.261719
vt 0.687012 0.177734
vt 0.687988 0.178223
vt 0.688477 0.176758
vt 0.687988 0.257324
vt 0.687012 0.257324
vt 0.687500 0.259277
vt 0.688477 0.258789
vt -0.065735 1.236450
vt -0.065247 1.238037
vt -0.066223 1.237671
vt -0.064514 1.236694
vt -0.065735 1.172607
vt -0.058197 1.242798
vt -0.064514 1.172363
vt -0.066223 1.171387
vt -0.065186 1.171021
vt -0.058105 1.166260
vt -0.057343 1.167358
vt -0.057343 1.241699
vt -0.056122 1.242798
vt -0.056152 1.166260
vt -0.056946 1.243896
vt -0.049042 1.166382
vt -0.049713 1.248901
vt -0.049042 1.247803
vt -0.047974 1.247925
vt -0.047852 1.166382
vt -0.048523 1.249390
vt 0.468506 1.282471
vt 0.466553 1.282471
vt 0.467285 1.281494
vt 0.467773 1.283691
vt 0.466797 1.466797
vt 0.475098 1.287598
vt 0.468018 1.466553
vt 0.468018 1.467529
vt 0.474854 1.288818
vt 0.475830 1.287598
vt 0.475098 1.466553
vt 0.475586 1.467529
vt 0.476074 1.466553
vt 0.483398 1.467529
vt 0.476074 1.288818
vt 0.483154 1.283447
vt 0.482178 1.282471
vt 0.482910 1.466553
vt 0.484375 1.282471
vt 0.483398 1.281250
vt 0.483887 1.466553
vt 0.490723 1.466553
vt 0.491211 1.467773
vt 0.491455 1.277588
vt 0.490967 1.276367
vt 0.491699 1.466553
vt 0.498535 1.468018
vt 0.498535 1.466797
vt 0.499268 1.282471
vt 0.492188 1.277588
vt 0.492676 1.276367
vt 0.500000 1.281250
vt -1.239258 0.591309
vt -1.238281 0.589600
vt -1.237305 0.591064
vt -1.236328 0.590088
vt -1.237305 0.587402
vt -1.234375 1.156860
vt -1.236328 1.157471
vt -1.235352 1.158691
vt -1.236328 0.583984
vt -1.237305 0.583984
vt -1.237305 0.580811
vt -1.233398 1.157837
vt -1.237305 1.162964
vt -1.236328 1.165161
vt -1.234375 1.165161
vt -1.226562 1.164917
vt -1.233398 1.172363
vt -1.229492 0.583984
vt -1.224609 1.164917
vt -1.236328 0.577881
vt -1.238281 0.578613
vt -1.239258 0.576904
vt -1.237305 0.576904
vt -1.239258 0.009766
vt -1.241211 0.009766
vt -1.240234 0.008301
vt -1.238281 0.008789
vt -1.240234 0.005859
vt -1.238281 0.002930
vt -1.240234 0.002441
vt -1.240234 0.000000
vt -1.231445 0.002930
vt -1.238281 -0.002930
vt -1.240234 -0.002930
vt -1.241211 -0.003906
vt -1.239258 -0.004883
vt -1.238281 -0.539062
vt -1.239258 -0.538086
vt -1.241211 -0.538086
vt -1.240234 -0.540039
vt -1.239258 -0.541992
vt -1.238281 -0.543945
vt -1.239258 -0.543945
vt -1.239258 -0.549805
vt -1.231445 -0.544922
vt -1.237305 -0.551758
vt -1.239258 -0.551758
vt -1.242188 -0.553711
vt -1.238281 -0.552734
vt -1.197266 -0.812500
vt -1.198242 -0.812500
vt -1.189453 -0.815430
vt -1.230469 -0.544922
vt -1.187500 -0.816406
vt -1.230469 0.002930
vt -1.223633 -0.543945
vt -1.179688 -0.820312
vt -1.178711 -0.820312
vt -1.223633 0.003418
vt -1.221680 -0.543945
vt -1.227539 0.584229
vt -1.220703 0.584229
vt -1.217773 1.165161
vt -1.216797 1.165405
vt -1.219727 0.584473
vt -1.208984 1.165527
vt -1.209961 1.172852
vt -1.208984 1.158325
vt -1.207031 1.165649
vt -1.206055 1.163452
vt -1.208008 1.159302
vt -1.208008 1.157349
vt -1.207031 1.158447
vt -1.203125 1.158691
vt -1.201172 1.157349
vt -1.204102 0.591553
vt -1.208984 0.591064
vt -1.206055 0.590576
vt -1.210938 0.591797
vt -1.210938 0.589844
vt -1.212891 0.590576
vt -1.210938 0.587158
vt -1.212891 0.584717
vt -1.210938 0.584717
vt -1.210938 0.582031
vt -1.212891 0.578369
vt -1.210938 0.579346
vt -1.210938 0.577637
vt -1.208984 0.578125
vt -1.204102 0.577637
vt -1.206055 0.578857
vt -1.214844 0.009766
vt -1.213867 0.010742
vt -1.206055 0.010254
vt -1.211914 0.009766
vt -1.208008 0.009277
vt -1.212891 0.008789
vt -1.213867 0.005859
vt -1.214844 0.003418
vt -1.212891 0.003418
vt -1.213867 0.000977
vt -1.221680 0.003418
vt -1.214844 -0.001953
vt -1.212891 -0.001953
vt -1.213867 -0.003906
vt -1.211914 -0.002930
vt -1.207031 -0.002930
vt -1.208008 -0.001953
vt -1.207031 -0.537109
vt -1.211914 -0.538086
vt -1.208008 -0.538086
vt -1.213867 -0.537109
vt -1.212891 -0.539062
vt -1.214844 -0.538086
vt -1.213867 -0.541992
vt -1.215820 -0.542969
vt -1.213867 -0.542969
vt -1.213867 -0.546875
vt -1.214844 -0.550781
vt -1.172852 -0.816406
vt -1.212891 -0.549805
vt -1.171875 -0.814453
vt -1.212891 -0.551758
vt -1.210938 -0.550781
vt -1.165039 -0.809570
vt -1.206055 -0.549805
vt -1.209961 -0.549805
vt -0.706543 1.155762
vt -0.707520 1.155396
vt -0.707031 1.154297
vt -0.706055 1.154419
vt -0.699707 1.160645
vt -0.707031 1.074097
vt -0.698730 1.159424
vt -0.698242 1.161743
vt -0.705566 1.073853
vt -0.707520 1.072876
vt -0.706543 1.072510
vt -0.699219 1.067749
vt -0.698730 1.068909
vt -0.697266 1.160645
vt -0.697266 1.067749
vt -0.690918 1.166870
vt -0.690430 1.069336
vt -0.690430 1.165527
vt -0.688965 1.166870
vt -0.689453 1.069336
vt -0.689453 1.165527
vt -0.682617 1.160645
vt -0.681641 1.161743
vt -0.682617 1.067749
vt -0.681152 1.159546
vt -0.680664 1.160767
vt -0.681152 1.068970
vt -0.674316 1.154541
vt -0.673340 1.155640
vt -0.674316 1.074036
vt -0.673340 1.072876
vt -0.680664 1.067810
vt -0.394775 1.201904
vt -0.401123 1.208008
vt -0.401855 1.206909
vt -0.393799 1.203003
vt -0.401123 1.362793
vt -0.393311 1.200684
vt -0.393799 1.367676
vt -0.401855 1.363770
vt -0.394775 1.368896
vt -0.393066 1.370117
vt -0.392334 1.368896
vt -0.392334 1.201904
vt -0.385254 1.195923
vt -0.385010 1.373779
vt -0.385254 1.374756
vt -0.383301 1.374756
vt -0.385010 1.197021
vt -0.383545 1.373779
vt -0.383545 1.197021
vt -0.383301 1.195923
vt -0.376221 1.368896
vt -0.375244 1.370117
vt -0.373779 1.368896
vt -0.376221 1.201904
vt -0.375488 1.200684
vt -0.374512 1.367676
vt -0.374512 1.203003
vt -0.373779 1.201904
vt -0.366943 1.362793
vt -0.366455 1.364014
vt -0.365234 1.363770
vt -0.365723 1.362549
vt -0.367188 1.208008
vt -0.366455 1.206665
vt -0.365967 1.208252
vt -0.365234 1.207031
vt -0.496094 0.363281
vt -0.496094 0.576416
vt -0.497314 0.363281
vt -0.497314 0.576416
vt -0.504395 0.365234
vt -0.496094 0.854370
vt -0.504395 0.576416
vt -0.505371 0.365723
vt -0.497314 0.854370
vt -0.496094 1.125977
vt -0.497314 1.125977
vt -0.504395 0.854370
vt -0.504395 1.126221
vt -0.505371 1.125000
vt -0.505371 0.576416
vt -0.512695 0.367676
vt -0.505371 0.854370
vt -0.512695 1.119995
vt -0.512695 0.576416
vt -0.513672 0.367676
vt -0.513672 0.576416
vt -0.512695 0.854370
vt -0.513672 0.854370
vt -0.513672 1.119995
vt -0.451416 1.698242
vt -0.451416 1.150879
vt -0.450439 1.698242
vt -0.450439 1.150879
vt -0.443115 1.697754
vt -0.451416 0.570068
vt -0.443115 1.150879
vt -0.442139 1.697266
vt -0.450439 0.570068
vt -0.451416 -0.005859
vt -0.442139 1.150879
vt -0.435059 1.696777
vt -0.443115 0.570068
vt -0.450439 -0.005859
vt -0.450439 -0.593750
vt -0.451416 -0.593750
vt -0.443115 -0.591797
vt -0.443115 -0.005859
vt -0.442139 -0.591797
vt -0.442139 0.570068
vt -0.442139 -0.005859
vt -0.434814 -0.588867
vt -0.435059 1.150879
vt -0.433838 1.696777
vt -0.433838 1.150879
vt -0.435059 0.570068
vt -0.433838 0.570068
vt -0.433838 -0.005859
vt -0.433838 -0.588867
vt -0.435059 -0.005859
vt -1.083008 0.696289
vt -1.077148 0.692627
vt -1.076172 0.694092
vt -1.083984 0.694824
vt -1.076172 0.478516
vt -1.084961 0.697021
vt -1.083984 0.477539
vt -1.076172 0.444824
vt -1.084961 0.695557
vt -1.091797 0.699463
vt -1.084961 0.478027
vt -1.091797 0.697998
vt -1.093750 0.699463
vt -1.084961 0.444824
vt -1.092773 0.697998
vt -1.083008 0.444824
vt -1.099609 0.695557
vt -1.100586 0.696777
vt -1.083008 0.443359
vt -1.076172 0.441895
vt -1.076172 -0.127930
vt -1.083008 -0.127930
vt -1.083984 0.443359
vt -1.084961 -0.129883
vt -1.091797 0.444336
vt -1.091797 -0.137695
vt -1.091797 0.444824
vt -1.092773 0.444336
vt -1.092773 -0.137695
vt -1.092773 0.444824
vt -1.091797 0.477051
vt -1.092773 0.477051
vt -1.100586 0.444824
vt -1.100586 0.477539
vt -1.100586 0.443359
vt -1.100586 -0.136719
vt -1.101562 0.694580
vt -1.101562 0.696045
vt -1.101562 0.477539
vt -1.101562 0.444824
vt -1.101562 0.443359
vt -1.101562 -0.135742
vt -1.108398 -0.127930
vt -1.108398 0.445312
vt -1.108398 0.442871
vt -1.109375 -0.126953
vt -1.110352 0.442871
vt -1.110352 0.445312
vt -1.108398 0.478027
vt -1.109375 0.478027
vt -1.109375 0.691406
vt -1.108398 0.691895
vt -1.110352 0.693115
vt -1.108398 0.693359
vt 1.161133 0.238770
vt 1.160156 0.562500
vt 1.160156 0.239258
vt 1.161133 0.562500
vt 1.168945 0.238281
vt 1.160156 0.566650
vt 1.168945 0.563232
vt 1.170898 0.238281
vt 1.162109 0.566650
vt 1.161133 0.704834
vt 1.160156 0.704346
vt 1.168945 0.705078
vt 1.168945 0.565918
vt 1.169922 0.705078
vt 1.170898 0.563232
vt 1.170898 0.565674
vt 1.177734 0.566162
vt 1.177734 0.706787
vt 1.177734 0.562500
vt 1.177734 0.238770
vt 1.179688 0.565918
vt 1.179688 0.705811
vt 1.179688 0.562744
vt 1.179688 0.239746
vt 1.187500 0.566406
vt 1.187500 0.705078
vt 1.187500 0.562012
vt 1.187500 0.240234
vt 1.188477 0.566406
vt 1.189453 0.704834
vt 1.196289 0.702637
vt 1.196289 0.565430
vt 1.196289 0.562988
vt 1.188477 0.562256
vt 1.196289 0.240723
vt 1.188477 0.240723
vt 1.154297 0.515625
vt 1.154297 0.415527
vt 1.155273 0.515625
vt 1.155273 0.415039
vt 1.153320 0.414551
vt 1.154297 0.413574
vt 1.162109 0.515625
vt 1.161133 0.407715
vt 1.162109 0.408691
vt 1.163086 0.515381
vt 1.163086 0.406738
vt 1.170898 0.408203
vt 1.170898 0.515381
vt 1.171875 0.408691
vt 1.171875 0.515381
vt 1.178711 0.409668
vt 1.178711 0.515381
vt 1.179688 0.411133
vt 1.179688 0.515381
vt 1.180664 0.410156
vt 1.187500 0.415039
vt 1.187500 0.515381
vt 1.187500 0.414062
vt -1.322266 0.526367
vt -1.320312 0.520020
vt -1.320312 0.522217
vt -1.324219 0.526855
vt -1.326172 0.524902
vt -1.323242 0.528320
vt -1.324219 0.528809
vt -1.326172 0.527832
vt -1.315430 0.665039
vt -1.314453 0.664795
vt -1.331055 0.529541
vt -1.315430 0.666016
vt -1.313477 0.666016
vt -1.317383 0.993523
vt -1.318359 0.993233
vt -1.322266 0.664795
vt -1.322266 0.666748
vt -1.324219 0.992508
vt -1.324219 0.666504
vt -1.324219 0.665039
vt -1.332031 0.664551
vt -1.332031 0.530273
vt -1.330078 0.527832
vt -1.329102 0.524902
vt -1.331055 0.525391
vt -1.332031 0.527588
vt -1.333984 0.526367
vt -1.333008 0.528564
vt -1.335938 0.527100
vt -1.336914 0.531006
vt -1.337891 0.531738
vt -1.337891 0.530273
vt -1.338867 0.531250
vt -1.341797 0.523682
vt -1.336914 0.528809
vt -1.339844 0.529541
vt -1.333008 0.664551
vt -1.342773 0.525635
vt -1.342773 0.523682
vt -1.345703 0.530273
vt -1.344727 0.528320
vt -1.343750 0.525391
vt -1.347656 0.525635
vt -1.349609 0.524170
vt -1.345703 0.527344
vt -1.349609 0.526123
vt -1.350586 0.524902
vt -1.347656 0.528320
vt -1.351562 0.529541
vt -1.346680 0.529785
vt -1.352539 0.530518
vt -1.339844 0.665039
vt -1.341797 0.665039
vt -1.348633 0.666260
vt -1.348633 0.666260
vt -1.339844 0.666504
vt -1.340820 0.666748
vt -1.347656 0.993065
vt -1.340820 0.992573
vt -1.338867 0.991714
vt -1.333008 0.667236
vt -1.331055 0.991013
vt -1.332031 0.667236
vt -1.330078 0.990982
vt -1.324219 0.991676
vt -0.885254 0.917053
vt -0.881348 0.915771
vt -0.882812 0.917542
vt -0.878906 0.915955
vt -0.880859 0.917908
vt -0.879395 0.914551
vt -0.876465 0.917480
vt -0.876953 0.915771
vt -0.874512 0.917297
vt -0.878418 0.914429
vt -0.872559 0.915100
vt -0.870605 0.915527
vt -0.884277 0.777710
vt -0.885742 0.777832
vt -0.870605 0.915100
vt -0.870117 0.915222
vt -0.871094 0.913452
vt -0.876953 0.778198
vt -0.884277 0.776855
vt -0.885742 0.776733
vt -0.885254 0.449219
vt -0.884277 0.449707
vt -0.876953 0.776245
vt -0.876953 0.450684
vt -0.875977 0.778076
vt -0.875977 0.776489
vt -0.875977 0.451172
vt -0.870117 0.912842
vt -0.868652 0.778442
vt -0.868652 0.775757
vt -0.868652 0.452148
vt -0.868652 0.914062
vt -0.867676 0.914856
vt -0.865234 0.913513
vt -0.864746 0.914795
vt -0.862793 0.911804
vt -0.861816 0.913635
vt -0.861328 0.915039
vt -0.859863 0.915100
vt -0.861328 0.911804
vt -0.859863 0.913391
vt -0.857422 0.915466
vt -0.854980 0.913696
vt -0.855469 0.915527
vt -0.867188 0.778442
vt -0.854004 0.912170
vt -0.853516 0.914429
vt -0.852051 0.915833
vt -0.852051 0.914062
vt -0.850098 0.916138
vt -0.847168 0.913757
vt -0.852539 0.912598
vt -0.845703 0.912476
vt -0.859863 0.777466
vt -0.858887 0.777466
vt -0.851562 0.776489
vt -0.858887 0.775879
vt -0.851562 0.776489
vt -0.852051 0.449707
vt -0.858887 0.450195
vt -0.859863 0.776123
vt -0.860352 0.451172
vt -0.867188 0.775757
vt -0.867188 0.451660
vt -0.987793 0.484863
vt -0.991211 0.486816
vt -0.990234 0.484863
vt -0.993652 0.486816
vt -0.993652 0.484863
vt -0.992676 0.488281
vt -0.996582 0.484863
vt -0.994141 0.488770
vt -0.995605 0.487305
vt -0.999023 0.485352
vt -0.992676 0.625244
vt -1.000000 0.487793
vt -1.000977 0.485840
vt -0.994141 0.625244
vt -0.992676 0.626465
vt -1.001953 0.487793
vt -1.003906 0.486816
vt -0.994141 0.626221
vt -0.993164 0.953796
vt -0.994141 0.953461
vt -1.000977 0.624756
vt -1.000977 0.626709
vt -1.000977 0.952606
vt -1.000977 0.489258
vt -1.001953 0.624756
vt -1.001953 0.626465
vt -1.001953 0.951630
vt -1.001953 0.489746
vt -1.009766 0.624268
vt -1.009766 0.626953
vt -1.009766 0.950928
vt -1.010742 0.950958
vt -1.010742 0.626953
vt -1.017578 0.951691
vt -1.017578 0.626465
vt -1.019531 0.952515
vt -1.010742 0.624268
vt -1.019531 0.626709
vt -1.026367 0.952911
vt -1.026367 0.625977
vt -1.018555 0.625000
vt -1.019531 0.625000
vt -1.026367 0.625977
vt -1.026367 0.489746
vt -1.019531 0.489746
vt -1.018555 0.490234
vt -1.020508 0.488281
vt -1.025391 0.488770
vt -1.022461 0.486328
vt -1.020508 0.486816
vt -1.018555 0.487793
vt -1.016602 0.486816
vt -1.016602 0.488770
vt -1.014648 0.486816
vt -1.010742 0.490723
vt -1.012695 0.489258
vt -1.012695 0.487793
vt -1.009766 0.490723
vt -1.009766 0.489258
vt -1.009766 0.487793
vt -1.007812 0.487305
vt -1.007812 0.489258
vt -1.005859 0.486816
vt -1.002930 0.488770
vt -1.146484 0.499023
vt -1.150391 0.500732
vt -1.149414 0.498535
vt -1.152344 0.500732
vt -1.152344 0.498535
vt -1.151367 0.502197
vt -1.155273 0.499023
vt -1.153320 0.502441
vt -1.154297 0.500977
vt -1.158203 0.499023
vt -1.151367 0.639160
vt -1.159180 0.501465
vt -1.160156 0.500000
vt -1.153320 0.639160
vt -1.152344 0.640137
vt -1.161133 0.501221
vt -1.163086 0.500488
vt -1.153320 0.639893
vt -1.152344 0.967651
vt -1.153320 0.967285
vt -1.160156 0.638428
vt -1.160156 0.640381
vt -1.160156 0.966431
vt -1.160156 0.503174
vt -1.161133 0.638672
vt -1.161133 0.640137
vt -1.161133 0.965454
vt -1.161133 0.503662
vt -1.168945 0.638184
vt -1.168945 0.640869
vt -1.168945 0.964752
vt -1.169922 0.964783
vt -1.169922 0.640869
vt -1.176758 0.965485
vt -1.176758 0.640381
vt -1.178711 0.966339
vt -1.169922 0.638184
vt -1.178711 0.640625
vt -1.185547 0.966736
vt -1.185547 0.639893
vt -1.177734 0.638916
vt -1.178711 0.638916
vt -1.185547 0.639648
vt -1.185547 0.503418
vt -1.178711 0.503418
vt -1.177734 0.503906
vt -1.179688 0.501953
vt -1.184570 0.502197
vt -1.181641 0.500000
vt -1.179688 0.500244
vt -1.177734 0.501709
vt -1.175781 0.500488
vt -1.175781 0.502441
vt -1.173828 0.500732
vt -1.169922 0.504639
vt -1.171875 0.502930
vt -1.171875 0.501221
vt -1.168945 0.504639
vt -1.168945 0.502930
vt -1.168945 0.501465
vt -1.166992 0.501221
vt -1.166992 0.502930
vt -1.165039 0.500488
vt -1.162109 0.502197
vt 0.749512 0.942719
vt 0.756348 0.945923
vt 0.749023 0.944275
vt 0.756836 0.944336
vt 0.757324 0.946259
vt 0.749512 0.687012
vt 0.757812 0.944702
vt 0.764648 0.947906
vt 0.756836 0.684570
vt 0.749023 0.685547
vt 0.755859 0.683105
vt 0.757812 0.683838
vt 0.757324 0.682373
vt 0.764648 0.679932
vt 0.764648 0.946320
vt 0.764648 0.681396
vt 0.766113 0.681396
vt 0.766113 0.679932
vt 0.766113 0.946320
vt 0.766113 0.947876
vt 0.772949 0.683838
vt 0.773438 0.682373
vt 0.772949 0.944702
vt 0.773438 0.946259
vt 0.774414 0.945923
vt 0.773926 0.684570
vt 0.774414 0.683105
vt 0.773926 0.944336
vt 0.781250 0.687012
vt 0.781738 0.685547
vt 0.782715 0.685791
vt 0.782227 0.687256
vt 0.782227 0.942657
vt 0.781250 0.942719
vt 0.782715 0.944183
vt 0.781738 0.944336
vt 0.226440 1.169189
vt 0.227051 1.167603
vt 0.227417 1.168945
vt 0.225952 1.167725
vt 0.227539 1.064148
vt 0.217896 1.170776
vt 0.226318 1.064087
vt 0.227783 1.062561
vt 0.226685 1.062408
vt 0.218140 1.064148
vt 0.217773 1.065796
vt 0.216553 1.064575
vt 0.217285 1.169434
vt 0.216309 1.171143
vt 0.216187 1.066162
vt 0.208008 1.066284
vt 0.215698 1.169678
vt 0.207642 1.172729
vt 0.207642 1.067871
vt 0.206543 1.067810
vt 0.206787 1.066101
vt 0.206055 1.171509
vt 0.207153 1.171387
vt 0.206421 1.173096
vt -0.223633 1.379150
vt -0.217163 1.281250
vt -0.216431 1.377441
vt -0.224243 1.279785
vt -0.224854 1.379883
vt -0.217041 1.278809
vt -0.225342 1.279785
vt -0.232178 1.381836
vt -0.224243 1.278320
vt -0.222778 1.261230
vt -0.215088 1.262207
vt -0.225342 1.278076
vt -0.224121 1.260498
vt -0.232300 1.260010
vt -0.232300 1.278564
vt -0.233398 1.381836
vt -0.232422 1.277344
vt -0.234131 1.260010
vt -0.233276 1.277344
vt -0.233276 1.278564
vt -0.240356 1.278076
vt -0.242188 1.260986
vt -0.243652 1.261719
vt -0.240234 1.279785
vt -0.240479 1.380127
vt -0.241455 1.278320
vt -0.241455 1.280029
vt -0.241577 1.379395
vt -0.248657 1.279541
vt -0.251221 1.262939
vt -0.252441 1.263184
vt -0.249756 1.279541
vt -0.248535 1.281494
vt -0.248657 1.377441
vt -0.249756 1.281250
vt -0.249756 1.377441
vt -0.154907 -0.710938
vt -0.154297 -0.179688
vt -0.161987 -0.706055
vt -0.161377 -0.179688
vt -0.154297 0.400879
vt -0.163086 -0.705078
vt -0.161377 0.400879
vt -0.154297 0.981491
vt -0.162598 -0.179688
vt -0.169922 -0.700195
vt -0.154297 1.532715
vt -0.161499 1.527832
vt -0.169678 -0.179688
vt -0.161499 0.981491
vt -0.162598 1.526367
vt -0.170654 -0.700195
vt -0.162598 0.981491
vt -0.169678 1.521484
vt -0.162598 0.400879
vt -0.169800 0.981491
vt -0.169678 0.400879
vt -0.170898 1.521484
vt -0.170898 0.400879
vt -0.170898 0.981491
vt -0.178101 0.981491
vt -0.178101 1.526367
vt -0.178101 0.400879
vt -0.171021 -0.179688
vt -0.178101 -0.179688
vt -0.177612 -0.705078
vt -0.179321 -0.179688
vt -0.178711 -0.706055
vt -0.179199 0.400879
vt -0.186401 -0.179688
vt -0.185791 -0.710938
vt -0.186890 -0.710938
vt -0.187500 -0.179688
vt -0.186401 0.400879
vt -0.187500 0.400879
vt -0.187500 0.981491
vt -0.179199 0.981491
vt -0.179199 1.527832
vt -0.186401 0.981491
vt -0.186279 1.532715
vt -0.187500 1.532715
vt 1.168945 1.012962
vt 1.168945 1.014313
vt 1.167969 1.013184
vt 1.169922 1.014053
vt 1.175781 1.003258
vt 1.170898 1.191772
vt 1.178711 1.002171
vt 1.172852 1.192993
vt 1.170898 1.193237
vt 1.178711 1.186646
vt 1.171875 1.191650
vt 1.179688 1.187744
vt 1.180664 1.186646
vt 1.179688 1.007133
vt 1.179688 1.185547
vt 1.186523 1.181519
vt 1.186523 1.180298
vt 1.188477 1.002295
vt 1.187500 1.180298
vt 1.190430 1.002316
vt 1.186523 1.181519
vt 1.197266 1.002193
vt 1.194336 1.185547
vt 1.193359 1.186768
vt 1.199219 1.004505
vt 1.195312 1.186768
vt 1.194336 1.187866
vt 1.199219 1.001686
vt 1.207031 1.013794
vt 1.206055 1.014465
vt 1.202148 1.191895
vt 1.201172 1.193115
vt -0.528809 0.237793
vt -0.526855 0.237793
vt -0.527344 0.238770
vt -0.527832 0.236816
vt -0.529785 -0.034180
vt -0.535645 0.232910
vt -0.531250 -0.034180
vt -0.535156 0.231445
vt -0.536621 0.231445
vt -0.536133 0.232910
vt -0.538086 -0.034180
vt -0.528809 -0.311523
vt -0.527832 -0.312500
vt -0.526855 -0.405273
vt -0.536133 -0.311523
vt -0.528320 -0.406250
vt -0.526367 -0.408203
vt -0.527832 -0.408203
vt -0.525879 -0.511719
vt -0.535645 -0.410156
vt -0.526855 -0.513672
vt -0.524902 -0.512695
vt -0.527344 -0.512695
vt -0.535645 -0.515625
vt -0.536133 -0.411133
vt -0.535645 -0.514648
vt -0.536621 -0.514648
vt -0.537109 -0.515625
vt -0.537109 -0.411133
vt -0.544922 -0.511719
vt -0.545410 -0.512695
vt -0.537109 -0.410156
vt -0.544922 -0.408203
vt -0.546387 -0.510742
vt -0.546875 -0.511719
vt -0.544922 -0.406250
vt -0.554688 -0.507812
vt -0.555176 -0.509766
vt -0.546387 -0.407227
vt -0.555664 -0.507812
vt -0.555664 -0.508789
vt -0.563965 -0.510742
vt -0.564453 -0.509766
vt -0.563477 -0.406250
vt -0.555176 -0.404297
vt -0.562988 -0.405273
vt -0.554199 -0.404297
vt -0.555176 -0.401367
vt -0.562500 -0.313477
vt -0.546387 -0.405273
vt -0.554199 -0.401367
vt -0.555176 -0.313477
vt -0.553711 -0.312500
vt -0.546387 -0.312500
vt -0.552734 -0.035156
vt -0.559570 -0.035156
vt -0.562500 0.236816
vt -0.544922 -0.312500
vt -0.555176 0.241699
vt -0.563477 0.238281
vt -0.555664 0.243164
vt -0.553711 0.241699
vt -0.553711 0.243164
vt -0.552246 -0.035156
vt -0.545898 0.237305
vt -0.545410 0.238281
vt -0.546387 -0.034180
vt -0.543945 0.236328
vt -0.543457 0.237793
vt -0.545898 -0.034180
vt -0.539551 -0.034180
vt -0.537109 -0.311523
vt 0.882812 0.300293
vt 0.883301 0.084961
vt 0.884277 0.300293
vt 0.884277 0.084961
vt 0.882812 0.083984
vt 0.883789 0.083496
vt 0.891113 0.300781
vt 0.890625 0.079590
vt 0.891602 0.081055
vt 0.892578 0.301270
vt 0.892090 0.079102
vt 0.892578 0.080566
vt 0.899414 0.301758
vt 0.899902 0.076660
vt 0.899414 0.075195
vt 0.900879 0.301758
vt 0.900879 0.076660
vt 0.900879 0.075195
vt 0.908203 0.079102
vt 0.907715 0.080566
vt 0.907715 0.301270
vt 0.908691 0.081055
vt 0.909668 0.080078
vt 0.909180 0.301270
vt 0.916016 0.084961
vt 0.916504 0.083496
vt 0.916016 0.300293
vt 0.018585 1.378662
vt 0.025055 1.280518
vt 0.025818 1.376953
vt 0.017975 1.279297
vt 0.017380 1.379395
vt 0.025192 1.278320
vt 0.016846 1.279053
vt 0.010094 1.381348
vt 0.017960 1.277588
vt 0.019516 1.260742
vt 0.027191 1.261475
vt 0.016861 1.277344
vt 0.018066 1.260010
vt 0.009964 1.259277
vt 0.009903 1.278076
vt 0.008881 1.381348
vt 0.009781 1.276855
vt 0.008049 1.259277
vt 0.008949 1.276855
vt 0.008934 1.278076
vt 0.001879 1.277588
vt -0.000052 1.260254
vt -0.001536 1.260986
vt 0.001947 1.279297
vt 0.001735 1.379639
vt 0.000782 1.277832
vt 0.000788 1.279297
vt 0.000668 1.378662
vt -0.006428 1.278809
vt -0.009163 1.262207
vt -0.010262 1.262695
vt -0.007545 1.279053
vt -0.006302 1.280762
vt -0.006424 1.376953
vt -0.007500 1.280762
vt -0.007519 1.376709
vt -0.192627 -0.711914
vt -0.192017 -0.180664
vt -0.199585 -0.707031
vt -0.199097 -0.180664
vt -0.192017 0.399902
vt -0.200684 -0.706055
vt -0.199097 0.399902
vt -0.192017 0.980881
vt -0.200195 -0.180664
vt -0.207642 -0.700195
vt -0.199097 1.526855
vt -0.192017 1.532227
vt -0.207397 -0.180664
vt -0.199097 0.980865
vt -0.200317 1.525879
vt -0.208374 -0.700195
vt -0.200317 0.980865
vt -0.207520 1.520996
vt -0.200317 0.399902
vt -0.207397 0.980881
vt -0.208618 0.980881
vt -0.208618 1.520996
vt -0.207397 0.399902
vt -0.208618 -0.180664
vt -0.208618 0.399902
vt -0.215820 -0.180664
vt -0.215332 -0.706055
vt -0.215698 0.399902
vt -0.216919 -0.180664
vt -0.216431 -0.707031
vt -0.215698 0.980896
vt -0.215698 1.525879
vt -0.216919 0.399902
vt -0.216919 0.980896
vt -0.216919 1.526855
vt -0.224121 -0.180664
vt -0.223389 -0.711914
vt -0.224609 -0.711914
vt -0.225220 -0.180664
vt -0.223999 0.399902
vt -0.225220 0.399902
vt -0.223999 0.980881
vt -0.225220 0.980881
vt -0.223999 1.532227
vt -0.225220 1.532227
vt -0.420898 0.211426
vt -0.419189 0.211426
vt -0.419922 0.212402
vt -0.419922 0.209961
vt -0.419189 -0.060547
vt -0.427734 0.206055
vt -0.421143 -0.060547
vt -0.427246 0.205078
vt -0.428711 0.205078
vt -0.428467 0.206055
vt -0.428711 -0.060547
vt -0.419922 -0.337891
vt -0.419189 -0.337891
vt -0.418701 -0.431641
vt -0.426758 -0.337891
vt -0.420166 -0.432617
vt -0.418701 -0.433594
vt -0.428223 -0.337891
vt -0.419922 -0.434570
vt -0.427979 -0.436523
vt -0.417236 -0.538086
vt -0.417969 -0.540039
vt -0.416504 -0.539062
vt -0.418701 -0.538086
vt -0.426758 -0.541992
vt -0.427979 -0.437500
vt -0.427002 -0.540039
vt -0.427979 -0.540039
vt -0.428467 -0.541992
vt -0.428711 -0.437500
vt -0.428955 -0.436523
vt -0.436279 -0.538086
vt -0.437256 -0.539062
vt -0.436523 -0.434570
vt -0.437988 -0.537109
vt -0.438721 -0.538086
vt -0.436279 -0.432617
vt -0.437500 -0.433594
vt -0.446533 -0.534180
vt -0.446777 -0.535156
vt -0.437500 -0.431641
vt -0.447754 -0.534180
vt -0.447510 -0.535156
vt -0.456055 -0.537109
vt -0.456543 -0.535156
vt -0.454590 -0.432617
vt -0.446289 -0.429688
vt -0.454102 -0.431641
vt -0.445312 -0.429688
vt -0.446289 -0.427734
vt -0.454102 -0.338867
vt -0.444824 -0.427734
vt -0.447021 -0.338867
vt -0.445801 -0.338867
vt -0.437988 -0.338867
vt -0.444824 -0.061523
vt -0.451904 -0.061523
vt -0.453613 0.210449
vt -0.446533 0.215332
vt -0.454346 0.211426
vt -0.447021 0.216309
vt -0.445801 0.215332
vt -0.445312 0.216309
vt -0.443604 -0.061523
vt -0.438232 0.210449
vt -0.437500 0.211914
vt -0.437988 -0.060547
vt -0.436523 0.209473
vt -0.435791 0.210938
vt -0.436768 -0.060547
vt -0.429932 -0.060547
vt -0.435791 -0.338867
vt 0.248047 1.377197
vt 0.254395 1.279053
vt 0.255371 1.375488
vt 0.247437 1.277588
vt 0.246826 1.378174
vt 0.254639 1.276611
vt 0.246338 1.277588
vt 0.239624 1.380127
vt 0.247437 1.275879
vt 0.249023 1.259033
vt 0.256592 1.259766
vt 0.247559 1.258301
vt 0.246338 1.275635
vt 0.239380 1.257812
vt 0.239380 1.276367
vt 0.239258 1.275391
vt 0.237427 1.257812
vt 0.238403 1.276367
vt 0.238403 1.380127
vt 0.238403 1.275391
vt 0.231323 1.275879
vt 0.229248 1.258545
vt 0.231445 1.277588
vt 0.231201 1.378174
vt 0.230225 1.276123
vt 0.227783 1.259521
vt 0.230225 1.277832
vt 0.230103 1.377441
vt 0.223022 1.277100
vt 0.220093 1.260498
vt 0.218994 1.260986
vt 0.221924 1.277344
vt 0.223145 1.279053
vt 0.223022 1.375488
vt 0.221924 1.279053
vt 0.221924 1.375488
vt -0.173218 0.980957
vt -0.166138 1.526855
vt -0.173218 1.532227
vt -0.166138 0.980957
vt -0.164917 1.525879
vt -0.173218 0.400391
vt -0.164917 0.980957
vt -0.157837 1.520996
vt -0.166138 0.400391
vt -0.173218 -0.180664
vt -0.157837 0.980957
vt -0.156616 1.520996
vt -0.164917 0.400391
vt -0.166138 -0.180664
vt -0.165649 -0.707031
vt -0.172607 -0.711914
vt -0.164429 -0.706055
vt -0.164917 -0.180664
vt -0.157593 -0.700195
vt -0.157837 0.400391
vt -0.157837 -0.180664
vt -0.156616 -0.180664
vt -0.156860 -0.700195
vt -0.156616 0.400391
vt -0.156616 0.980942
vt -0.149414 0.400391
vt -0.149536 0.980942
vt -0.149536 1.525879
vt -0.149414 -0.180664
vt -0.149902 -0.706055
vt -0.148315 0.980942
vt -0.148315 1.526855
vt -0.148315 0.400391
vt -0.148315 -0.180664
vt -0.148804 -0.707031
vt -0.141235 0.980942
vt -0.141235 1.532227
vt -0.141113 -0.180664
vt -0.141724 -0.711914
vt -0.141235 0.400391
vt -0.140015 -0.180664
vt -0.140625 -0.711914
vt -0.140015 0.400391
vt -0.140015 0.980942
vt -0.140015 1.532227
vt -0.338867 -0.574219
vt -0.340332 -0.573242
vt -0.340088 -0.575195
vt -0.339111 -0.573242
vt -0.343506 -0.362305
vt -0.332275 -0.572266
vt -0.342285 -0.362305
vt -0.332031 -0.571289
vt -0.331299 -0.571289
vt -0.331787 -0.572266
vt -0.334961 -0.362305
vt -0.325195 -0.573242
vt -0.325439 -0.575195
vt -0.333008 -0.362305
vt -0.324707 -0.362305
vt -0.324707 -0.573242
vt -0.324951 -0.575195
vt -0.322754 -0.362305
vt -0.318115 -0.575195
vt -0.318115 -0.577148
vt -0.316650 -0.577148
vt -0.315186 -0.362305
vt -0.316895 -0.575195
vt -0.309326 -0.575195
vt -0.309814 -0.574219
vt -0.314209 -0.362305
vt -0.306885 -0.362305
vt -0.306396 -0.084961
vt -0.313232 -0.083984
vt -0.301270 0.187012
vt -0.308594 0.188965
vt -0.310059 0.188965
vt -0.314453 -0.083984
vt -0.318115 0.187500
vt -0.319824 -0.083984
vt -0.322754 0.186035
vt -0.320801 -0.083984
vt -0.331055 0.182617
vt -0.323730 0.187012
vt -0.326660 -0.083984
vt -0.330811 0.181152
vt -0.327881 -0.083984
vt -0.332031 0.181152
vt -0.331787 0.182617
vt -0.338623 0.187500
vt -0.339355 0.186523
vt -0.335205 -0.083984
vt -0.336182 -0.083984
vt -0.340576 0.187500
vt 0.349121 0.533691
vt 0.350342 0.355957
vt 0.350342 0.533691
vt 0.349121 0.355469
vt 0.350830 0.354492
vt 0.342041 0.533936
vt 0.349854 0.354492
vt 0.342041 0.350586
vt 0.340820 0.531738
vt 0.342773 0.349609
vt 0.340820 0.349609
vt 0.341553 0.348633
vt 0.334473 0.343262
vt 0.333740 0.521973
vt 0.339844 0.532471
vt 0.332764 0.522949
vt 0.331787 0.522461
vt 0.332520 0.521729
vt 0.332520 0.349121
vt 0.333252 0.343262
vt 0.333740 0.349121
vt -0.937012 0.606445
vt -0.944336 0.611572
vt -0.937988 0.605225
vt -0.944824 0.610352
vt -0.944824 0.339844
vt -0.937988 0.339844
vt -0.936523 0.339844
vt -0.936523 0.061523
vt -0.937988 0.061523
vt -0.936523 -0.147461
vt -0.937988 -0.147461
vt -0.944824 0.061523
vt -0.944824 -0.148438
vt -0.946289 0.339844
vt -0.946289 0.611572
vt -0.946289 0.061523
vt -0.946289 -0.149414
vt -0.953125 0.339844
vt -0.953125 0.612061
vt -0.954590 0.612061
vt -0.953125 0.061523
vt -0.953125 -0.150391
vt -0.954590 0.339844
vt -0.961914 0.611572
vt -0.954590 0.061523
vt -0.954590 -0.150391
vt -0.961426 -0.149414
vt -0.961426 0.339844
vt -0.962891 0.610352
vt -0.961426 0.061523
vt -0.962891 -0.148438
vt -0.962891 0.339844
vt -0.962891 0.062012
vt -0.969727 -0.147461
vt -0.969727 0.062012
vt -0.969727 0.339844
vt -0.970703 0.605225
vt -0.970703 0.606201
vt -0.971191 0.607422
vt -0.963867 0.611572
vt -0.972168 0.606445
vt -0.583008 0.241211
vt -0.584473 0.242676
vt -0.585449 0.241699
vt -0.583984 0.240234
vt -0.580078 -0.030273
vt -0.578613 -0.030273
vt -0.586914 -0.030273
vt -0.592285 0.241699
vt -0.593262 0.241699
vt -0.578125 -0.308594
vt -0.577148 -0.308594
vt -0.577637 -0.519531
vt -0.584961 -0.308594
vt -0.578613 -0.519531
vt -0.577148 -0.520508
vt -0.578125 -0.521484
vt -0.585449 -0.521484
vt -0.585449 -0.522461
vt -0.586426 -0.308594
vt -0.586914 -0.521484
vt -0.586914 -0.522461
vt -0.594238 -0.521484
vt -0.594238 -0.519531
vt -0.595703 -0.520508
vt -0.587891 -0.030273
vt -0.600098 0.241211
vt -0.595703 -0.519531
vt -0.603027 -0.518555
vt -0.594238 -0.308594
vt -0.594238 -0.030273
vt -0.595703 -0.308594
vt -0.603027 -0.517578
vt -0.604004 -0.518555
vt -0.611328 -0.520508
vt -0.611328 -0.519531
vt -0.604492 -0.517578
vt -0.611328 -0.308594
vt -0.603027 -0.308594
vt -0.604492 -0.308594
vt -0.603027 -0.030273
vt -0.609863 -0.030273
vt -0.594727 -0.030273
vt -0.601562 -0.030273
vt -0.609375 0.234863
vt -0.616699 0.239746
vt -0.615723 0.241211
vt -0.608887 0.236328
vt -0.608887 0.236328
vt -0.608398 0.234863
vt -0.601562 0.240234
vt -0.602539 0.241699
vt -0.601074 0.242188
vt 1.623047 0.592041
vt 1.628906 0.918945
vt 1.622070 0.919006
vt 1.630859 0.592041
vt 1.624023 0.590332
vt 1.631836 0.447754
vt 1.625977 0.444824
vt 1.630859 0.591064
vt 1.632812 0.448730
vt 1.631836 0.591309
vt 1.631836 0.592041
vt 1.629883 0.918335
vt 1.638672 0.590088
vt 1.638672 0.451660
vt 1.638672 0.592529
vt 1.636719 0.917419
vt 1.639648 0.590332
vt 1.640625 0.452148
vt 1.639648 0.592285
vt 1.638672 0.916809
vt 1.646484 0.589844
vt 1.646484 0.449707
vt 1.647461 0.592041
vt 1.645508 0.916687
vt 1.647461 0.917236
vt 1.647461 0.592285
vt 1.654297 0.918152
vt 1.648438 0.589844
vt 1.647461 0.448730
vt 1.653320 0.446289
vt 1.654297 0.591797
vt 1.656250 0.918579
vt 1.656250 0.592041
vt 1.656250 0.591309
vt 1.655273 0.591064
vt 1.654297 0.445801
vt 1.551758 0.446289
vt 1.544922 0.772583
vt 1.544922 0.446289
vt 1.544922 0.879700
vt 1.551758 0.879700
vt 1.551758 0.772583
vt 1.552734 0.446289
vt 1.552734 0.879700
vt 1.552734 0.772583
vt 1.560547 0.446289
vt 1.560547 0.879700
vt 1.560547 0.772583
vt 1.561523 0.446289
vt 1.561523 0.879700
vt 1.561523 0.772583
vt 1.568359 0.879700
vt 1.568359 0.772583
vt 1.568359 0.446289
vt 1.569336 0.879700
vt 1.569336 0.772583
vt 1.569336 0.446289
vt 1.577148 0.772583
vt 1.577148 0.879700
vt 1.577148 0.446289
vt 1.578125 0.772583
vt 1.578125 0.879700
vt 1.578125 0.446289
vt 1.462891 0.751099
vt 1.471680 0.894226
vt 1.464844 0.894775
vt 1.469727 0.750854
vt 1.462891 0.749756
vt 1.471680 0.750732
vt 1.472656 0.893555
vt 1.469727 0.749756
vt 1.463867 0.423340
vt 1.470703 0.423340
vt 1.471680 0.750000
vt 1.471680 0.424316
vt 1.478516 0.752686
vt 1.478516 0.893188
vt 1.478516 0.750244
vt 1.478516 0.425293
vt 1.479492 0.752563
vt 1.479492 0.892700
vt 1.479492 0.750488
vt 1.480469 0.425781
vt 1.486328 0.750610
vt 1.488281 0.425781
vt 1.490234 0.425293
vt 1.486328 0.752686
vt 1.486328 0.893005
vt 1.487305 0.893555
vt 1.487305 0.750366
vt 1.497070 0.424316
vt 1.488281 0.752686
vt 1.493164 0.893799
vt 1.494141 0.750122
vt 1.498047 0.423828
vt 1.496094 0.750000
vt 1.496094 0.750732
vt 1.495117 0.750854
vt 1.495117 0.894104
vt 1.416992 0.864014
vt 1.416992 0.731689
vt 1.423828 0.860107
vt 1.423828 0.730957
vt 1.416992 0.727295
vt 1.416992 0.402832
vt 1.423828 0.402832
vt 1.423828 0.728027
vt 1.424805 0.402832
vt 1.424805 0.730713
vt 1.425781 0.859863
vt 1.424805 0.728027
vt 1.432617 0.863159
vt 1.432617 0.727539
vt 1.432617 0.403320
vt 1.432617 0.731201
vt 1.433594 0.730957
vt 1.433594 0.862305
vt 1.433594 0.727539
vt 1.433594 0.403809
vt 1.441406 0.731201
vt 1.440430 0.861572
vt 1.441406 0.861450
vt 1.441406 0.727051
vt 1.440430 0.404785
vt 1.442383 0.404785
vt 1.442383 0.731201
vt 1.442383 0.727051
vt 1.449219 0.404297
vt 1.449219 0.730713
vt 1.449219 0.861938
vt 1.450195 0.862183
vt 1.450195 0.730469
vt 1.450195 0.727539
vt 1.449219 0.727539
vt 1.450195 0.403809
vt 0.459961 1.272217
vt 0.465576 1.288574
vt 0.458496 1.286621
vt 0.467041 1.272217
vt 0.467041 1.289551
vt 0.467041 1.270508
vt 0.459961 1.269775
vt 0.459717 1.172119
vt 0.468018 1.272217
vt 0.474854 1.291260
vt 0.468018 1.270508
vt 0.466797 1.170166
vt 0.459229 1.170532
vt 0.466309 1.168579
vt 0.468018 1.169434
vt 0.467529 1.167969
vt 0.474609 1.165771
vt 0.475098 1.271240
vt 0.474854 1.167358
vt 0.475098 1.271973
vt 0.475830 1.271240
vt 0.476074 1.167236
vt 0.476318 1.165771
vt 0.483398 1.167847
vt 0.475830 1.271973
vt 0.477051 1.291260
vt 0.482910 1.169312
vt 0.484619 1.168457
vt 0.482910 1.272217
vt 0.484863 1.289062
vt 0.482910 1.270508
vt 0.483887 1.271973
vt 0.486328 1.288330
vt 0.484131 1.170044
vt 0.483887 1.270508
vt 0.491211 1.271484
vt 0.493408 1.285645
vt 0.494629 1.285400
vt 0.492432 1.271484
vt 0.490967 1.269531
vt 0.492188 1.269531
vt 0.492188 1.172363
vt 0.491211 1.172119
vt 0.491455 1.170654
vt 0.492676 1.170898
vt -0.753906 0.419922
vt -0.754883 0.421875
vt -0.755371 0.420410
vt -0.753906 0.421875
vt -0.747070 0.418457
vt -0.754883 0.649902
vt -0.753906 0.649902
vt -0.746582 0.419922
vt -0.746582 0.652100
vt -0.745605 0.419434
vt -0.745605 0.417969
vt -0.745605 0.652588
vt -0.738770 0.416016
vt -0.738281 0.417480
vt -0.738281 0.655029
vt -0.737305 0.655029
vt -0.737305 0.417480
vt -0.737305 0.416016
vt -0.729980 0.652588
vt -0.730469 0.419434
vt -0.729980 0.417969
vt -0.729004 0.652100
vt -0.728516 0.418457
vt -0.729004 0.419922
vt -0.721680 0.649902
vt -0.722168 0.421875
vt -0.721680 0.420410
vt 0.216919 0.360840
vt 0.216187 0.358887
vt 0.217285 0.359375
vt 0.215820 0.360352
vt 0.216919 0.457031
vt 0.208618 0.357910
vt 0.209106 0.356445
vt 0.215820 0.457520
vt 0.217407 0.458496
vt 0.216309 0.458984
vt 0.208618 0.461426
vt 0.209351 0.462402
vt 0.207397 0.357422
vt 0.207886 0.355957
vt 0.200684 0.353516
vt 0.207397 0.461914
vt 0.208130 0.463379
vt 0.200439 0.354980
vt 0.200439 0.465820
vt 0.200684 0.467285
vt 0.199097 0.467285
vt 0.199463 0.465820
vt 0.191772 0.463379
vt 0.199341 0.354980
vt 0.199097 0.353516
vt 0.192383 0.461914
vt 0.190430 0.462402
vt 0.192383 0.357422
vt 0.191895 0.355957
vt 0.190674 0.356445
vt 0.191162 0.461426
vt 0.183350 0.458496
vt 0.184082 0.457520
vt 0.191162 0.357910
vt 0.183594 0.358887
vt 0.184082 0.360352
vt 0.390625 0.469727
vt 0.396973 0.464355
vt 0.397705 0.465820
vt 0.389893 0.468262
vt 0.389404 0.470703
vt 0.389893 0.286133
vt 0.396973 0.288086
vt 0.397461 0.286621
vt 0.390381 0.284668
vt 0.388672 0.285645
vt 0.389160 0.284180
vt 0.388672 0.469238
vt 0.381592 0.283203
vt 0.381836 0.281738
vt 0.380371 0.281738
vt 0.381592 0.473145
vt 0.381836 0.474609
vt 0.380371 0.474609
vt 0.380615 0.283203
vt 0.373047 0.284180
vt 0.380615 0.473145
vt 0.373535 0.469238
vt 0.372803 0.470703
vt 0.373535 0.285645
vt 0.371826 0.284668
vt 0.372314 0.468262
vt 0.371582 0.469727
vt 0.364502 0.465820
vt 0.372314 0.286133
vt 0.364746 0.286621
vt 0.365234 0.464355
vt 0.363525 0.465332
vt 0.364014 0.464355
vt 0.364014 0.288574
vt 0.363770 0.287109
vt 0.365234 0.288086
vt -0.080627 -0.708984
vt -0.081238 -0.189453
vt -0.081787 -0.708984
vt -0.082397 -0.189453
vt -0.081238 0.391602
vt -0.089478 -0.189453
vt -0.088928 -0.714844
vt -0.082397 0.391602
vt -0.081238 0.970337
vt -0.090637 -0.189453
vt -0.090088 -0.715820
vt -0.089478 0.391602
vt -0.082397 0.970337
vt -0.081238 1.512207
vt -0.082397 1.512207
vt -0.089478 0.970337
vt -0.089478 1.517090
vt -0.090637 0.391602
vt -0.090637 0.970337
vt -0.090637 1.518066
vt -0.097778 -0.189453
vt -0.097168 -0.720703
vt -0.098328 -0.720703
vt -0.098938 -0.189453
vt -0.097778 0.391602
vt -0.098938 0.391602
vt -0.098938 0.970337
vt -0.097778 0.970337
vt -0.098938 1.523438
vt -0.097778 1.523438
vt -0.311035 0.265137
vt -0.312012 0.353027
vt -0.312256 0.265137
vt -0.310791 0.353027
vt -0.312012 0.631104
vt -0.312012 0.907837
vt -0.310791 0.907837
vt -0.310791 0.631104
vt -0.303711 0.902832
vt -0.303711 0.631104
vt -0.302490 0.901672
vt -0.303711 0.353027
vt -0.303955 0.260254
vt -0.302490 0.631104
vt -0.295410 0.896667
vt -0.302490 0.353027
vt -0.302734 0.258789
vt -0.295410 0.631104
vt -0.294189 0.896667
vt -0.294189 0.631104
vt -0.295410 0.353027
vt -0.295654 0.253906
vt -0.294189 0.353027
vt -0.294434 0.253906
vt 1.340820 0.789795
vt 1.337891 0.463379
vt 1.338867 0.463379
vt 1.339844 0.790161
vt 1.340820 0.793213
vt 1.333008 0.789795
vt 1.332031 0.464355
vt 1.339844 0.793091
vt 1.339844 0.931519
vt 1.338867 0.932739
vt 1.333008 0.930786
vt 1.333008 0.793335
vt 1.332031 0.793091
vt 1.332031 0.930054
vt 1.332031 0.789917
vt 1.331055 0.464844
vt 1.325195 0.793457
vt 1.325195 0.931213
vt 1.324219 0.931335
vt 1.325195 0.788818
vt 1.323242 0.465820
vt 1.324219 0.793213
vt 1.324219 0.788940
vt 1.322266 0.466309
vt 1.315430 0.465820
vt 1.316406 0.789185
vt 1.314453 0.464844
vt 1.316406 0.792725
vt 1.316406 0.933044
vt 1.315430 0.933533
vt 1.315430 0.789062
vt 1.307617 0.464844
vt 1.308594 0.790283
vt 1.315430 0.792969
vt 1.308594 0.929993
vt 1.308594 0.792358
vt 1.416016 0.777710
vt 1.415039 0.452637
vt 1.416016 0.452148
vt 1.415039 0.777832
vt 1.416016 0.780762
vt 1.408203 0.777222
vt 1.408203 0.453125
vt 1.415039 0.780640
vt 1.416016 0.915527
vt 1.415039 0.915161
vt 1.408203 0.781006
vt 1.408203 0.919434
vt 1.407227 0.780640
vt 1.407227 0.918457
vt 1.407227 0.777344
vt 1.407227 0.454102
vt 1.400391 0.781128
vt 1.400391 0.917664
vt 1.399414 0.917603
vt 1.400391 0.776611
vt 1.400391 0.454590
vt 1.398438 0.454590
vt 1.398438 0.781128
vt 1.391602 0.918274
vt 1.398438 0.776611
vt 1.391602 0.454102
vt 1.391602 0.780518
vt 1.391602 0.777222
vt 1.390625 0.453125
vt 1.390625 0.919067
vt 1.389648 0.777100
vt 1.382812 0.452637
vt 1.382812 0.777954
vt 1.389648 0.780762
vt 1.382812 0.914307
vt 1.382812 0.780029
vt 1.424805 0.695068
vt 1.423828 0.369629
vt 1.424805 0.369629
vt 1.424805 0.695312
vt 1.424805 0.699951
vt 1.417969 0.694580
vt 1.417969 0.370605
vt 1.424805 0.699707
vt 1.424805 0.835693
vt 1.423828 0.835327
vt 1.417969 0.699951
vt 1.417969 0.839355
vt 1.417969 0.699707
vt 1.417969 0.838379
vt 1.417969 0.694824
vt 1.417969 0.371094
vt 1.412109 0.700195
vt 1.412109 0.837402
vt 1.412109 0.837280
vt 1.412109 0.694092
vt 1.412109 0.372070
vt 1.412109 0.700195
vt 1.405273 0.838257
vt 1.412109 0.694092
vt 1.412109 0.372070
vt 1.405273 0.371094
vt 1.405273 0.694824
vt 1.404297 0.370605
vt 1.405273 0.699707
vt 1.405273 0.838989
vt 1.404297 0.694580
vt 1.397461 0.370117
vt 1.397461 0.695312
vt 1.404297 0.699707
vt 1.398438 0.834473
vt 1.397461 0.699219
vt 1.378906 0.778564
vt 1.377930 0.453125
vt 1.378906 0.453125
vt 1.377930 0.778687
vt 1.378906 0.781616
vt 1.371094 0.778076
vt 1.371094 0.454102
vt 1.377930 0.781494
vt 1.377930 0.916870
vt 1.376953 0.916504
vt 1.371094 0.781860
vt 1.371094 0.920593
vt 1.370117 0.781616
vt 1.370117 0.919617
vt 1.370117 0.778198
vt 1.370117 0.454590
vt 1.363281 0.781982
vt 1.363281 0.918762
vt 1.362305 0.918701
vt 1.363281 0.777588
vt 1.363281 0.455078
vt 1.361328 0.781982
vt 1.354492 0.919434
vt 1.361328 0.777466
vt 1.362305 0.455078
vt 1.354492 0.454590
vt 1.354492 0.778198
vt 1.353516 0.454102
vt 1.354492 0.781372
vt 1.353516 0.920227
vt 1.353516 0.778076
vt 1.345703 0.453613
vt 1.345703 0.778809
vt 1.353516 0.781616
vt 1.346680 0.915649
vt 1.345703 0.781006
vt 1.504883 0.553467
vt 1.504883 0.880432
vt 1.504883 0.880371
vt 1.505859 0.553467
vt 1.510742 0.880493
vt 1.506836 0.552002
vt 1.504883 0.551758
vt 1.513672 0.553467
vt 1.507812 0.415527
vt 1.506836 0.415527
vt 1.513672 0.552490
vt 1.513672 0.416992
vt 1.515625 0.417969
vt 1.514648 0.552490
vt 1.515625 0.553223
vt 1.510742 0.880005
vt 1.522461 0.551758
vt 1.521484 0.419922
vt 1.522461 0.553955
vt 1.517578 0.879089
vt 1.523438 0.552002
vt 1.522461 0.420898
vt 1.529297 0.419434
vt 1.523438 0.553711
vt 1.519531 0.878296
vt 1.530273 0.551514
vt 1.530273 0.553711
vt 1.528320 0.877991
vt 1.530273 0.878235
vt 1.530273 0.553711
vt 1.538086 0.878479
vt 1.537109 0.552734
vt 1.531250 0.551514
vt 1.538086 0.552490
vt 1.530273 0.418945
vt 1.536133 0.417480
vt -1.165039 1.376465
vt -1.165039 0.836426
vt -1.164062 1.376465
vt -1.164062 0.836426
vt -1.165039 0.255859
vt -1.157227 0.836426
vt -1.157227 1.381592
vt -1.164062 0.255859
vt -1.165039 -0.325195
vt -1.156250 0.836426
vt -1.156250 1.382568
vt -1.157227 0.255859
vt -1.164062 -0.325195
vt -1.166016 -0.844727
vt -1.165039 -0.844727
vt -1.157227 -0.325195
vt -1.157227 -0.849609
vt -1.156250 0.255859
vt -1.155273 -0.325195
vt -1.156250 -0.851562
vt -1.148438 0.836426
vt -1.148438 1.387695
vt -1.147461 1.387695
vt -1.148438 0.255859
vt -1.148438 -0.325195
vt -1.149414 -0.856445
vt -1.147461 0.836426
vt -1.140625 1.382568
vt -1.147461 0.255859
vt -1.147461 -0.325195
vt -1.147461 -0.856445
vt -1.139648 -0.851562
vt -1.140625 0.836426
vt -1.139648 1.381592
vt -1.140625 0.255859
vt -1.140625 -0.325195
vt -1.138672 -0.849609
vt -1.139648 0.836426
vt -1.131836 1.376465
vt -1.131836 0.836426
vt -1.139648 0.255859
vt -1.131836 0.255859
vt -1.139648 -0.325195
vt -1.131836 -0.325195
vt -1.131836 -0.844727
vt 0.110718 0.021484
vt 0.106079 0.005371
vt 0.111755 0.020996
vt 0.105042 0.005859
vt 0.103455 0.023438
vt 0.104736 0.003906
vt 0.105896 0.003906
vt 0.097900 0.007324
vt 0.102356 0.024414
vt 0.097656 0.005859
vt 0.106445 -0.091797
vt 0.107605 -0.091797
vt 0.107910 -0.093750
vt 0.106812 -0.093750
vt 0.099670 -0.094727
vt 0.099243 -0.093750
vt 0.098450 -0.095703
vt 0.098083 -0.093750
vt 0.091248 -0.096680
vt 0.096436 0.006348
vt 0.090881 -0.095703
vt 0.090088 -0.097656
vt 0.089783 -0.095703
vt 0.089417 0.007812
vt 0.088196 0.007812
vt 0.096680 0.007812
vt 0.095154 0.026367
vt 0.089539 0.009277
vt 0.088501 0.009766
vt 0.094055 0.026855
vt -0.712891 -0.898438
vt -0.713867 -0.318359
vt -0.713867 -0.898438
vt -0.712891 -0.318359
vt -0.713867 0.262207
vt -0.705566 -0.318359
vt -0.705566 -0.899414
vt -0.712891 0.262207
vt -0.713867 0.842896
vt -0.704590 -0.318359
vt -0.704590 -0.899414
vt -0.705566 0.262207
vt -0.712891 0.842896
vt -0.713867 1.388672
vt -0.712891 1.388672
vt -0.705566 0.842896
vt -0.705566 1.389404
vt -0.704590 0.262207
vt -0.704590 0.842896
vt -0.704590 1.389648
vt -0.697266 -0.318359
vt -0.697266 -0.900391
vt -0.696289 -0.900391
vt -0.697266 0.262207
vt -0.696289 -0.318359
vt -0.688965 -0.899414
vt -0.697266 0.842896
vt -0.697266 1.390137
vt -0.696289 1.390137
vt -0.696289 0.262207
vt -0.688965 -0.318359
vt -0.687988 -0.899414
vt -0.696289 0.842896
vt -0.688965 1.389648
vt -0.688965 0.262207
vt -0.687988 -0.318359
vt -0.681152 -0.898438
vt -0.681152 -0.318359
vt -0.688965 0.842896
vt -0.687988 1.389404
vt -0.687988 0.262207
vt -0.681152 0.262207
vt -0.687988 0.842896
vt -0.681152 1.388672
vt -0.681152 0.842896
vt -1.033203 -0.962891
vt -1.035156 -0.418945
vt -1.035156 -0.962891
vt -1.033203 -0.418945
vt -1.035156 0.162109
vt -1.026367 -0.418945
vt -1.026367 -0.964844
vt -1.033203 0.162109
vt -1.035156 0.742920
vt -1.025391 -0.418945
vt -1.025391 -0.964844
vt -1.026367 0.162109
vt -1.033203 0.742920
vt -1.018555 -0.418945
vt -1.018555 -0.966797
vt -1.016602 -0.966797
vt -1.025391 0.162109
vt -1.016602 -0.418945
vt -1.009766 -0.964844
vt -1.018555 0.162109
vt -1.026367 0.742920
vt -1.009766 -0.418945
vt -1.008789 -0.964844
vt -1.016602 0.162109
vt -1.025391 0.742920
vt -1.018555 0.742920
vt -1.008789 -0.418945
vt -1.001953 -0.962891
vt -1.001953 -0.418945
vt -1.009766 0.162109
vt -1.008789 0.162109
vt -1.001953 0.162109
vt -1.016602 0.742920
vt -1.009766 0.742920
vt -1.008789 0.742920
vt -1.001953 0.742920
vt -1.018555 1.316895
vt -1.008789 1.323242
vt -1.000977 1.328369
vt -1.001953 1.329346
vt -1.009766 1.324463
vt -1.009766 1.322021
vt -1.010742 1.323242
vt -1.016602 1.316895
vt -1.017578 1.318359
vt -1.017578 1.318359
vt -1.024414 1.323242
vt -1.025391 1.322021
vt -1.026367 1.323242
vt -1.025391 1.324219
vt -1.033203 1.329346
vt -1.034180 1.328125
vt -1.034180 1.329834
vt -1.035156 1.328369
vt -0.772949 0.619873
vt -0.779297 0.616455
vt -0.772461 0.618164
vt -0.779785 0.618164
vt -0.780762 0.616211
vt -0.779785 0.828857
vt -0.772949 0.828857
vt -0.772461 1.106750
vt -0.781250 0.617676
vt -0.779785 1.106750
vt -0.772461 1.372559
vt -0.779785 1.377441
vt -0.780762 0.828857
vt -0.780762 1.106750
vt -0.780762 1.378662
vt -0.788086 0.828857
vt -0.788086 1.106750
vt -0.788086 1.381348
vt -0.788086 0.615967
vt -0.787598 0.614502
vt -0.789062 1.106750
vt -0.789062 1.381348
vt -0.795898 1.378662
vt -0.789062 0.615967
vt -0.789062 0.614258
vt -0.796387 0.616211
vt -0.789062 0.828857
vt -0.795898 0.617676
vt -0.797363 0.617920
vt -0.797363 0.616455
vt -0.795898 0.828857
vt -0.804199 0.619873
vt -0.804688 0.618164
vt -0.805664 0.618408
vt -0.805664 0.619873
vt -0.797363 0.828857
vt -0.795898 1.106750
vt -0.797363 1.377441
vt -0.804199 0.828857
vt -0.805664 0.828857
vt -0.797363 1.106750
vt -0.804199 1.372314
vt -0.804199 1.106750
vt -0.805664 1.106750
vt -0.805664 1.372314
vt -0.836426 1.437988
vt -0.836426 0.877625
vt -0.835449 1.437988
vt -0.835449 0.877625
vt -0.836426 0.296875
vt -0.828125 0.877625
vt -0.828125 1.439697
vt -0.835449 0.296875
vt -0.836426 -0.284180
vt -0.827148 0.877625
vt -0.827148 1.440186
vt -0.828125 0.296875
vt -0.835449 -0.284180
vt -0.836426 -0.870117
vt -0.827148 0.296875
vt -0.835449 -0.869141
vt -0.835938 -0.871094
vt -0.834961 -0.871094
vt -0.828125 -0.284180
vt -0.828125 -0.864258
vt -0.827637 -0.865234
vt -0.826172 -0.864258
vt -0.827148 -0.863281
vt -0.819824 -0.859375
vt -0.827148 -0.284180
vt -0.819824 -0.858398
vt -0.818848 -0.859375
vt -0.819824 0.296875
vt -0.819824 -0.284180
vt -0.818848 -0.858398
vt -0.818848 -0.284180
vt -0.818848 0.296875
vt -0.811523 -0.863281
vt -0.812500 -0.864258
vt -0.811523 -0.284180
vt -0.811523 0.296875
vt -0.810059 -0.864258
vt -0.811035 -0.865234
vt -0.804199 -0.871094
vt -0.803223 -0.869141
vt -0.803223 -0.284180
vt -0.810547 -0.284180
vt -0.803223 0.296875
vt -0.810547 0.296875
vt -0.803223 0.877625
vt -0.810547 0.877625
vt -0.803223 1.437988
vt -0.810547 1.439697
vt -0.811523 0.877625
vt -0.811523 1.440186
vt -0.818848 0.877625
vt -0.818848 1.441650
vt -0.819824 0.877625
vt -0.819824 1.441650
vt 0.388184 0.918091
vt 0.388916 0.919800
vt 0.387695 0.919556
vt 0.389404 0.918213
vt 0.390381 0.672119
vt 0.391357 0.672119
vt 0.396484 0.920776
vt 0.395996 0.922241
vt 0.399414 0.660156
vt 0.397705 0.921326
vt 0.397217 0.922791
vt 0.404541 0.924011
vt 0.406006 0.657227
vt 0.404297 0.925537
vt 0.406982 0.657227
vt 0.405762 0.925537
vt 0.405762 0.924072
vt 0.413574 0.660400
vt 0.413330 0.923096
vt 0.412598 0.921631
vt 0.414551 0.662842
vt 0.414551 0.922607
vt 0.413818 0.921082
vt 0.421875 0.672363
vt 0.421631 0.919861
vt 0.420898 0.918396
vt 0.964355 0.309082
vt 0.964355 0.524170
vt 0.957520 0.524902
vt 0.958008 0.303711
vt 0.965332 0.307617
vt 0.957520 0.305176
vt 0.956543 0.525146
vt 0.957031 0.303223
vt 0.956055 0.304199
vt 0.949219 0.525879
vt 0.949707 0.299316
vt 0.949219 0.300781
vt 0.948242 0.300781
vt 0.948242 0.525879
vt 0.947754 0.299316
vt 0.941406 0.304199
vt 0.940918 0.525146
vt 0.940430 0.303223
vt 0.939941 0.305176
vt 0.939941 0.524902
vt 0.939453 0.303711
vt 0.932617 0.309082
vt 0.932617 0.524170
vt 0.932129 0.307617
vt 0.931641 0.524170
vt 0.931152 0.307617
vt 0.931641 0.309082
vt 0.148926 0.574707
vt 0.148193 0.572998
vt 0.149292 0.573242
vt 0.147705 0.574707
vt 0.148438 0.820679
vt 0.147217 0.820679
vt 0.140503 0.572266
vt 0.141113 0.570801
vt 0.140381 0.830688
vt 0.139282 0.571533
vt 0.139893 0.570068
vt 0.139160 0.832886
vt 0.132324 0.568848
vt 0.132568 0.835815
vt 0.132690 0.567383
vt 0.131348 0.835693
vt 0.131348 0.568848
vt 0.131104 0.567383
vt 0.124817 0.832642
vt 0.123779 0.569824
vt 0.124329 0.571289
vt 0.123657 0.830322
vt 0.122559 0.570312
vt 0.123169 0.571777
vt 0.116333 0.820679
vt 0.115540 0.573242
vt 0.116089 0.574707
vt -0.504883 -0.534180
vt -0.498047 -0.532227
vt -0.505371 -0.533203
vt -0.498291 -0.531250
vt -0.506836 -0.322266
vt -0.496826 -0.531250
vt -0.497314 -0.533203
vt -0.499756 -0.322266
vt -0.489990 -0.533203
vt -0.490479 -0.535156
vt -0.498535 -0.322266
vt -0.490967 -0.322266
vt -0.497803 -0.043945
vt -0.504883 -0.043945
vt -0.496826 -0.043945
vt -0.499756 0.221191
vt -0.506836 0.226074
vt -0.506348 0.227539
vt -0.499512 0.222656
vt -0.498535 0.222656
vt -0.498291 0.221191
vt -0.490723 0.226074
vt -0.491455 0.227539
vt -0.490234 -0.043945
vt -0.489502 -0.043945
vt -0.489258 0.227539
vt -0.488770 -0.322266
vt -0.482666 -0.043945
vt -0.482422 0.228516
vt -0.489014 -0.533203
vt -0.489502 -0.535156
vt -0.481201 -0.322266
vt -0.482178 -0.535156
vt -0.482422 -0.537109
vt -0.480957 -0.537109
vt -0.481201 -0.535156
vt -0.473877 -0.535156
vt -0.481689 -0.043945
vt -0.480957 0.228516
vt -0.474121 0.227539
vt -0.479980 -0.322266
vt -0.474121 -0.533203
vt -0.472656 -0.535156
vt -0.472656 -0.533203
vt -0.474121 -0.043945
vt -0.472900 0.226074
vt -0.472656 -0.043945
vt -0.473145 -0.322266
vt -0.472656 -0.322266
vt 0.958984 0.246094
vt 0.958984 0.461426
vt 0.951660 0.462402
vt 0.952637 0.241211
vt 0.959473 0.245117
vt 0.951660 0.242188
vt 0.950684 0.462402
vt 0.951172 0.240234
vt 0.950684 0.241699
vt 0.943359 0.463379
vt 0.943848 0.236328
vt 0.943359 0.237793
vt 0.942383 0.236328
vt 0.942383 0.237793
vt 0.942383 0.463379
vt 0.935547 0.241699
vt 0.935059 0.240234
vt 0.935059 0.462402
vt 0.934570 0.242676
vt 0.933594 0.241211
vt 0.934082 0.462402
vt 0.927246 0.246094
vt 0.926758 0.244629
vt 0.926758 0.461426
vt 0.925293 0.245117
vt 0.925781 0.461426
vt 0.925781 0.246582
vt 0.149414 0.698730
vt 0.148438 0.697021
vt 0.149536 0.697266
vt 0.148071 0.698730
vt 0.147339 0.944611
vt 0.146484 0.944611
vt 0.140625 0.696289
vt 0.141113 0.694824
vt 0.140015 0.954437
vt 0.139282 0.695801
vt 0.139771 0.694092
vt 0.139526 0.956818
vt 0.131958 0.693115
vt 0.133667 0.959717
vt 0.132202 0.691650
vt 0.132812 0.959717
vt 0.130859 0.693115
vt 0.130615 0.691650
vt 0.126221 0.956848
vt 0.123352 0.694336
vt 0.123901 0.695801
vt 0.125122 0.954529
vt 0.122131 0.694824
vt 0.122681 0.696289
vt 0.117859 0.944855
vt 0.115051 0.697510
vt 0.115601 0.698975
vt -0.270996 0.226562
vt -0.277832 0.221680
vt -0.270264 0.225586
vt -0.277588 0.220215
vt -0.270508 -0.044922
vt -0.278809 0.220215
vt -0.278564 0.221680
vt -0.277588 -0.044922
vt -0.286133 0.225098
vt -0.285400 0.226562
vt -0.286621 0.227051
vt -0.278809 -0.044922
vt -0.286133 -0.044922
vt -0.287354 0.226074
vt -0.294189 0.231934
vt -0.287354 -0.045898
vt -0.294434 0.230957
vt -0.295898 0.231934
vt -0.294434 -0.045898
vt -0.295410 0.230469
vt -0.303223 0.227051
vt -0.299805 -0.324219
vt -0.302246 0.225586
vt -0.304443 0.225586
vt -0.303467 0.224609
vt -0.295410 -0.045898
vt -0.302246 -0.045898
vt -0.303467 -0.045898
vt -0.310791 -0.324219
vt -0.309570 -0.324219
vt -0.301758 -0.324219
vt -0.302734 -0.416992
vt -0.304199 -0.417969
vt -0.295410 -0.413086
vt -0.303223 -0.417969
vt -0.304443 -0.418945
vt -0.295166 -0.415039
vt -0.304443 -0.521484
vt -0.305908 -0.521484
vt -0.305176 -0.523438
vt -0.303711 -0.522461
vt -0.295654 -0.519531
vt -0.295410 -0.520508
vt -0.294922 -0.520508
vt -0.294434 -0.415039
vt -0.294434 -0.519531
vt -0.286865 -0.523438
vt -0.294189 -0.413086
vt -0.286133 -0.521484
vt -0.285400 -0.524414
vt -0.292725 -0.324219
vt -0.286377 -0.416992
vt -0.291504 -0.323242
vt -0.286133 -0.417969
vt -0.284668 -0.417969
vt -0.284424 -0.323242
vt -0.284912 -0.418945
vt -0.276611 -0.420898
vt -0.283203 -0.323242
vt -0.276123 -0.322266
vt -0.268311 -0.416992
vt -0.275391 -0.421875
vt -0.267578 -0.419922
vt -0.275635 -0.422852
vt -0.267090 -0.523438
vt -0.276611 -0.421875
vt -0.275635 -0.525391
vt -0.275391 -0.527344
vt -0.266602 -0.525391
vt -0.276611 -0.525391
vt -0.276855 -0.526367
vt -0.284668 -0.522461
vt 1.172852 0.246094
vt 1.172852 0.317383
vt 1.171875 0.246094
vt 1.173828 0.317871
vt 1.172852 0.573486
vt 1.180664 0.317871
vt 1.180664 0.246582
vt 1.173828 0.573486
vt 1.171875 0.691895
vt 1.173828 0.691650
vt 1.180664 0.573242
vt 1.180664 0.694580
vt 1.181641 0.573242
vt 1.182617 0.693848
vt 1.182617 0.318359
vt 1.182617 0.247070
vt 1.188477 0.572998
vt 1.189453 0.693115
vt 1.189453 0.318359
vt 1.189453 0.247070
vt 1.190430 0.572998
vt 1.190430 0.693115
vt 1.197266 0.693848
vt 1.190430 0.318359
vt 1.191406 0.247559
vt 1.198242 0.247070
vt 1.197266 0.318359
vt 1.199219 0.246582
vt 1.197266 0.573242
vt 1.199219 0.694580
vt 1.198242 0.317871
vt 1.206055 0.246582
vt 1.205078 0.317871
vt 1.199219 0.573242
vt 1.206055 0.690918
vt 1.206055 0.573486
vt -0.842285 0.561768
vt -0.843262 0.563477
vt -0.843262 0.562012
vt -0.843262 0.813965
vt -0.841797 0.813965
vt -0.841797 0.563477
vt -0.834961 0.561768
vt -0.835449 0.560059
vt -0.834961 0.816528
vt -0.833984 0.559814
vt -0.833496 0.561523
vt -0.833496 0.817139
vt -0.826660 0.559814
vt -0.826660 0.558350
vt -0.826660 0.819824
vt -0.825195 0.558350
vt -0.825684 0.819824
vt -0.825684 0.559814
vt -0.817871 0.559814
vt -0.818359 0.817139
vt -0.818359 0.561523
vt -0.817383 0.816528
vt -0.817383 0.561768
vt -0.816895 0.560303
vt -0.810059 0.813965
vt -0.809570 0.561768
vt -0.810059 0.563477
vt -0.373291 -0.683594
vt -0.374512 -0.105469
vt -0.374512 -0.683594
vt -0.373291 -0.105469
vt -0.366211 -0.105469
vt -0.366211 -0.686523
vt -0.373291 0.475098
vt -0.374512 0.475098
vt -0.374512 1.056030
vt -0.366211 0.475098
vt -0.364990 -0.105469
vt -0.364990 -0.686523
vt -0.364990 0.475098
vt -0.357910 -0.105469
vt -0.357910 -0.689453
vt -0.357910 0.475098
vt -0.356689 -0.105469
vt -0.356689 -0.689453
vt -0.349609 -0.686523
vt -0.349609 -0.105469
vt -0.348389 -0.686523
vt -0.356689 0.475098
vt -0.348389 -0.105469
vt -0.341309 -0.683594
vt -0.341309 -0.105469
vt -0.341309 0.475098
vt -0.348389 0.475098
vt -0.341309 1.056030
vt -0.349609 0.475098
vt -0.348389 1.056030
vt -0.341309 1.602051
vt -0.348389 1.602539
vt -0.349609 1.056030
vt -0.349609 1.602539
vt -0.356689 1.056030
vt -0.356689 1.603516
vt -0.357910 1.603516
vt -0.357910 1.056030
vt -0.364990 1.602539
vt -0.364990 1.056030
vt -0.366211 1.602539
vt -0.366211 1.056030
vt -0.373291 1.602051
vt -0.373291 1.056030
vt -0.374512 1.602051
vt -0.837891 0.828125
vt -0.831055 0.619629
vt -0.831055 0.828125
vt -0.837891 0.617676
vt -0.831055 1.105774
vt -0.839355 0.828125
vt -0.839355 0.617188
vt -0.837891 1.105774
vt -0.831055 1.371338
vt -0.837891 1.376221
vt -0.839355 1.105774
vt -0.839355 1.377441
vt -0.846680 0.828125
vt -0.846680 0.615234
vt -0.846680 1.105835
vt -0.846680 1.382568
vt -0.848145 0.615234
vt -0.848145 1.105835
vt -0.848145 1.382568
vt -0.848145 0.828125
vt -0.855469 0.617188
vt -0.855469 1.377441
vt -0.855469 0.828125
vt -0.856934 0.617676
vt -0.855469 1.105835
vt -0.856934 1.376465
vt -0.856934 0.828247
vt -0.864258 0.619629
vt -0.856934 1.105896
vt -0.864258 1.371338
vt -0.864258 0.828247
vt -0.865723 0.619629
vt -0.865723 0.828247
vt -0.864258 1.105896
vt -0.865723 1.371338
vt -0.865723 1.105896
vt -0.370117 -0.151367
vt -0.363037 -0.730469
vt -0.363037 -0.151367
vt -0.370117 -0.732422
vt -0.363037 0.429199
vt -0.371338 -0.151367
vt -0.371338 -0.732422
vt -0.370117 0.429199
vt -0.363037 1.009834
vt -0.378418 -0.151367
vt -0.378418 -0.735352
vt -0.379639 -0.735352
vt -0.371338 0.429199
vt -0.370117 1.009834
vt -0.363037 1.555664
vt -0.370117 1.556152
vt -0.371338 1.009834
vt -0.371338 1.556641
vt -0.378418 0.429199
vt -0.378418 1.009834
vt -0.378418 1.557129
vt -0.379639 -0.151367
vt -0.386719 -0.732422
vt -0.379639 0.429199
vt -0.379639 1.009834
vt -0.379639 1.557129
vt -0.386719 1.556641
vt -0.386719 -0.151367
vt -0.387939 -0.732422
vt -0.386719 0.429199
vt -0.386719 1.009834
vt -0.387939 1.556152
vt -0.387939 -0.151367
vt -0.395020 -0.730469
vt -0.387939 0.429199
vt -0.387939 1.009834
vt -0.395020 1.555664
vt -0.395020 -0.151367
vt -0.396240 -0.730469
vt -0.396240 -0.151367
vt -0.395020 0.429199
vt -0.396240 0.429199
vt -0.395020 1.009834
vt -0.396240 1.009834
vt -0.396240 1.555664
vt -0.413818 1.008011
vt -0.420898 1.553711
vt -0.420898 1.008018
vt -0.420898 0.427246
vt -0.413818 1.554688
vt -0.413818 0.427246
vt -0.420898 -0.153320
vt -0.412598 1.008003
vt -0.412598 1.554688
vt -0.413818 -0.153320
vt -0.420898 -0.731445
vt -0.413818 -0.734375
vt -0.412598 0.427246
vt -0.405518 1.008018
vt -0.405518 1.555176
vt -0.412598 -0.153320
vt -0.412598 -0.734375
vt -0.405518 0.427246
vt -0.405518 -0.153320
vt -0.405518 -0.737305
vt -0.404297 1.008018
vt -0.404297 1.555176
vt -0.397217 1.554688
vt -0.404297 -0.153320
vt -0.404541 -0.737305
vt -0.397217 -0.734375
vt -0.404297 0.427246
vt -0.397217 1.008026
vt -0.396240 1.554688
vt -0.397217 0.427246
vt -0.397217 -0.153320
vt -0.396240 -0.734375
vt -0.396240 1.008026
vt -0.388916 1.553711
vt -0.396240 0.427246
vt -0.396240 -0.153320
vt -0.388916 -0.731445
vt -0.388916 1.008018
vt -0.387939 1.553711
vt -0.387939 1.008011
vt -0.388916 0.427246
vt -0.387939 0.427246
vt -0.388916 -0.153320
vt -0.387939 -0.153320
vt -0.387939 -0.731445
vt -0.588867 0.755737
vt -0.588867 1.021301
vt -0.589844 0.755615
vt -0.588379 0.473145
vt -0.589844 1.021210
vt -0.589355 0.473145
vt -0.588867 0.471680
vt -0.589844 0.472168
vt -0.597168 0.755371
vt -0.597168 1.026001
vt -0.596680 0.478027
vt -0.597656 0.476562
vt -0.598633 0.477539
vt -0.598145 0.478516
vt -0.598145 0.755005
vt -0.598145 1.026871
vt -0.605469 0.483398
vt -0.605957 0.481934
vt -0.606445 0.481934
vt -0.605469 0.754761
vt -0.605469 1.031616
vt -0.606934 1.031464
vt -0.606934 0.483398
vt -0.613281 0.477051
vt -0.606934 0.754517
vt -0.614258 1.026398
vt -0.614258 0.754517
vt -0.615234 1.025238
vt -0.614258 0.478516
vt -0.615234 0.754517
vt -0.622559 1.020233
vt -0.622559 0.754517
vt -0.615234 0.477051
vt -0.614746 0.476074
vt -0.622559 0.472168
vt -0.621582 0.471191
vt -0.192749 1.289795
vt -0.114807 1.397949
vt -0.283936 1.397705
vt -0.114746 1.290039
vt 0.995605 1.405029
vt 1.083984 1.282715
vt 1.180664 1.404785
vt 0.995605 1.282959
vt 2.011719 1.159668
vt 1.252930 1.018387
vt 2.013672 1.018539
vt 1.252930 1.159668
vt -0.070435 -0.498047
vt 0.479980 -0.498047
vt -0.070435 -0.389648
vt 0.479980 -0.389648
vt 4.214844 1.647949
vt 1.839844 1.633301
vt 4.121094 1.539551
vt 1.840820 1.524902
vt 4.445312 1.605469
vt 4.214844 1.647949
vt 4.382812 1.501465
vt 4.121094 1.539551
vt 0.642090 1.048370
vt 0.477295 0.922852
vt 0.583984 0.919495
vt 0.422363 1.048370
vt 2.539062 2.014648
vt 2.552734 1.862305
vt 2.572266 2.003906
vt 2.539062 1.863281
vt 2.539062 2.014648
vt 0.148315 2.028320
vt 2.539062 1.863281
vt 0.147339 1.876465
vt -0.080688 1.836914
vt -0.138184 1.989258
vt 2.777344 0.790649
vt 2.505859 0.850220
vt 2.777344 0.604736
vt 2.597656 0.452148
vt 0.217529 0.452637
vt 0.217041 0.850220
vt 0.187988 0.834717
vt 0.048096 0.664795
vt 0.048218 -0.097656
vt 0.217773 -0.097656
vt 3.562500 1.151489
vt 3.638672 1.064026
vt 3.576172 1.149658
vt 0.051392 1.334473
vt 0.159424 1.207397
vt 0.251221 1.334473
vt 0.251221 1.207397
vt 0.996582 1.336182
vt 1.101562 1.192139
vt 1.215820 1.336182
vt 0.996582 1.192139
vt 2.251953 0.167480
vt 1.498047 0.167480
vt 1.498047 0.000000
vt 2.251953 0.000000
vt 0.456787 -0.001953
vt 1.000977 -0.001953
vt 0.456787 0.168457
vt 1.000977 0.168457
vt 4.531250 1.333496
vt 1.531250 1.333496
vt 1.524414 1.165283
vt 4.531250 1.165283
vt 2.853516 1.833984
vt 0.498535 1.833984
vt 2.763672 1.666016
vt 0.498535 1.666016
vt 3.726562 1.857422
vt 3.361328 1.857422
vt 3.679688 1.665039
vt 3.273438 1.665039
vt 0.776367 0.999866
vt 0.496582 0.832153
vt 0.724609 0.832153
vt 0.497803 1.002228
vt 0.984375 0.292480
vt 0.826660 0.166992
vt 0.932617 0.167969
vt 0.767578 0.292480
vt 4.390625 1.662109
vt 4.425781 1.497803
vt 4.433594 1.653320
vt 4.410156 1.497803
vt -1.281250 0.332031
vt -1.500977 -0.365234
vt -1.281250 -0.365234
vt -1.500977 0.600342
vt 1.833008 0.332031
vt 2.066406 0.525146
vt 1.712891 0.834595
vt 2.066406 0.759399
vt -1.281250 0.834595
vt -1.318359 0.815186
vt 1.084961 1.005322
vt 1.295898 1.151611
vt 1.084961 1.092834
vt 1.295898 0.854492
vt 3.562500 1.151489
vt 3.562500 0.854492
vt 3.638672 1.064026
vt 3.638672 0.310059
vt 3.562500 0.310059
vt1 0.823242 0.186035
vt1 0.822754 0.187012
vt1 0.822754 0.186523
vt1 0.816406 0.409668
vt1 0.816406 0.408203
vt1 0.816406 0.408203
vt1 0.778809 0.373535
vt1 0.846191 0.373535
vt1 0.845703 0.373535
vt1 0.920410 0.451660
vt1 0.920410 0.481445
vt1 0.918945 0.452148
vt1 0.918945 0.482422
vt1 0.918457 0.452637
vt1 0.918457 0.482422
vt1 0.916992 0.482422
vt1 0.916992 0.452148
vt1 0.916992 0.482422
vt1 0.916992 0.452148
vt1 0.915527 0.481445
vt1 0.915527 0.451660
vt1 0.915039 0.451660
vt1 0.915039 0.481445
vt1 0.913574 0.451660
vt1 0.913574 0.481445
vt1 0.913574 0.481445
vt1 0.913574 0.451660
vt1 0.465088 0.622803
vt1 0.397705 0.622803
vt1 0.465088 0.621338
vt1 0.397705 0.621338
vt1 0.465088 0.621094
vt1 0.397705 0.621094
vt1 0.397949 0.619629
vt1 0.465088 0.619629
vt1 0.397949 0.619385
vt1 0.465088 0.619385
vt1 0.397949 0.617920
vt1 0.465088 0.617920
vt1 0.465088 0.617676
vt1 0.397949 0.617676
vt1 0.465088 0.616211
vt1 0.397949 0.616211
vt1 0.465088 0.615967
vt1 0.397949 0.615967
vt1 0.969238 0.354004
vt1 0.969238 0.390625
vt1 0.967773 0.353516
vt1 0.967773 0.391602
vt1 0.967773 0.354004
vt1 0.967773 0.392090
vt1 0.966309 0.354980
vt1 0.965820 0.392090
vt1 0.965820 0.354980
vt1 0.965820 0.392090
vt1 0.964355 0.392090
vt1 0.964355 0.354004
vt1 0.963867 0.391602
vt1 0.964355 0.354004
vt1 0.962402 0.390625
vt1 0.962891 0.354004
vt1 0.962402 0.390625
vt1 0.962402 0.354004
vt1 0.937988 0.305176
vt1 0.937988 0.341797
vt1 0.936523 0.304688
vt1 0.936523 0.342773
vt1 0.936523 0.305176
vt1 0.936523 0.343262
vt1 0.935059 0.306152
vt1 0.935059 0.342773
vt1 0.934570 0.306152
vt1 0.934570 0.342773
vt1 0.933105 0.342773
vt1 0.933105 0.305176
vt1 0.933105 0.342773
vt1 0.933105 0.304688
vt1 0.931641 0.341797
vt1 0.931641 0.304688
vt1 0.931152 0.304688
vt1 0.931152 0.341797
vt1 0.246704 0.066406
vt1 0.246704 0.021973
vt1 0.246948 0.066406
vt1 0.246948 0.021973
vt1 0.248413 0.066406
vt1 0.248413 0.020996
vt1 0.248657 0.066406
vt1 0.248657 0.020996
vt1 0.250000 0.066406
vt1 0.250000 0.020020
vt1 0.250244 0.066406
vt1 0.250244 0.020020
vt1 0.340088 0.509277
vt1 0.355957 0.509277
vt1 0.340088 0.509521
vt1 0.355957 0.509521
vt1 0.340088 0.510986
vt1 0.355957 0.510986
vt1 0.340088 0.511230
vt1 0.355957 0.511230
vt1 0.340088 0.512695
vt1 0.355957 0.512695
vt1 0.340088 0.512939
vt1 0.355957 0.512939
vt1 0.975586 0.835449
vt1 0.975586 0.807129
vt1 0.976074 0.835449
vt1 0.976074 0.807129
vt1 0.977539 0.834106
vt1 0.977539 0.807251
vt1 0.977539 0.833740
vt1 0.977539 0.807251
vt1 0.979492 0.832520
vt1 0.979492 0.807373
vt1 0.979492 0.807373
vt1 0.979492 0.832520
vt1 0.926758 0.753784
vt1 0.942871 0.753784
vt1 0.926758 0.753906
vt1 0.942871 0.753906
vt1 0.926758 0.755371
vt1 0.942871 0.755371
vt1 0.926758 0.755615
vt1 0.942871 0.755615
vt1 0.926758 0.757080
vt1 0.942871 0.757080
vt1 0.926758 0.757324
vt1 0.942871 0.757324
vt1 0.890625 0.437988
vt1 0.890625 0.461914
vt1 0.890137 0.437988
vt1 0.890137 0.461914
vt1 0.888672 0.437988
vt1 0.888672 0.461914
vt1 0.888672 0.437988
vt1 0.888672 0.461914
vt1 0.887207 0.437988
vt1 0.887207 0.461914
vt1 0.886719 0.461914
vt1 0.886719 0.437988
vt1 0.639160 0.744873
vt1 0.655273 0.744873
vt1 0.639160 0.745117
vt1 0.655273 0.745117
vt1 0.638672 0.746582
vt1 0.656250 0.746582
vt1 0.638184 0.746826
vt1 0.656250 0.746826
vt1 0.637695 0.748291
vt1 0.657227 0.748291
vt1 0.657227 0.748535
vt1 0.637695 0.748535
vt1 0.656250 0.750000
vt1 0.638184 0.750000
vt1 0.656250 0.750122
vt1 0.638672 0.750122
vt1 0.655273 0.751587
vt1 0.639160 0.751587
vt1 0.873535 0.287598
vt1 0.873535 0.220215
vt1 0.873535 0.287598
vt1 0.873535 0.220215
vt1 0.875488 0.287109
vt1 0.875000 0.220215
vt1 0.875488 0.286621
vt1 0.875488 0.287109
vt1 0.875488 0.220215
vt1 0.876953 0.286133
vt1 0.876953 0.286133
vt1 0.876953 0.220215
vt1 0.876953 0.286133
vt1 0.876953 0.220215
vt1 0.876953 0.286133
vt1 0.878418 0.220215
vt1 0.878418 0.287598
vt1 0.878418 0.287598
vt1 0.878906 0.220215
vt1 0.878906 0.287598
vt1 0.880371 0.287598
vt1 0.880371 0.220215
vt1 0.611328 0.584717
vt1 0.678223 0.584717
vt1 0.611328 0.584961
vt1 0.678223 0.584961
vt1 0.611328 0.586426
vt1 0.678223 0.586426
vt1 0.678223 0.586670
vt1 0.611328 0.586670
vt1 0.678223 0.588135
vt1 0.611328 0.588135
vt1 0.611328 0.588379
vt1 0.678223 0.588379
vt1 0.611328 0.589844
vt1 0.678223 0.589844
vt1 0.678223 0.589844
vt1 0.611328 0.589844
vt1 0.611328 0.591309
vt1 0.678223 0.591309
vt1 0.979004 0.860474
vt1 0.979980 0.891296
vt1 0.978027 0.890015
vt1 0.977539 0.860596
vt1 0.977539 0.889709
vt1 0.977539 0.860596
vt1 0.976074 0.888367
vt1 0.976074 0.860718
vt1 0.975586 0.888367
vt1 0.976074 0.860718
vt1 0.781250 0.740479
vt1 0.796875 0.740479
vt1 0.795410 0.741943
vt1 0.782227 0.741943
vt1 0.795410 0.742188
vt1 0.782227 0.742188
vt1 0.781250 0.743652
vt1 0.796387 0.743652
vt1 0.781250 0.743896
vt1 0.796875 0.743896
vt1 0.796875 0.745361
vt1 0.780273 0.745361
vt1 0.780273 0.745605
vt1 0.796875 0.745605
vt1 0.781250 0.747070
vt1 0.796875 0.747070
vt1 0.781250 0.747314
vt1 0.796875 0.747314
vt1 0.593262 0.621338
vt1 0.660156 0.622803
vt1 0.593262 0.622803
vt1 0.660156 0.621338
vt1 0.593262 0.621094
vt1 0.660156 0.621094
vt1 0.660156 0.619629
vt1 0.593262 0.619629
vt1 0.660156 0.619385
vt1 0.593262 0.619385
vt1 0.660156 0.617920
vt1 0.593262 0.617920
vt1 0.660156 0.617676
vt1 0.593262 0.617676
vt1 0.660156 0.616211
vt1 0.593262 0.616211
vt1 0.660156 0.615967
vt1 0.593262 0.615967
vt1 0.962402 0.284180
vt1 0.963867 0.321289
vt1 0.962402 0.320801
vt1 0.963867 0.283691
vt1 0.963867 0.320801
vt1 0.963867 0.283203
vt1 0.965332 0.319824
vt1 0.965332 0.282715
vt1 0.965820 0.319336
vt1 0.965820 0.282715
vt1 0.967285 0.282715
vt1 0.967285 0.320312
vt1 0.967285 0.282715
vt1 0.967285 0.320801
vt1 0.968750 0.284180
vt1 0.968750 0.320801
vt1 0.969238 0.284180
vt1 0.969238 0.320801
vt1 0.931641 0.571533
vt1 0.933105 0.596924
vt1 0.931152 0.598145
vt1 0.933105 0.571777
vt1 0.933105 0.596924
vt1 0.933105 0.571777
vt1 0.934570 0.571533
vt1 0.934570 0.598145
vt1 0.935059 0.571533
vt1 0.935059 0.598389
vt1 0.936523 0.571533
vt1 0.936523 0.599854
vt1 0.936523 0.599854
vt1 0.936523 0.571533
vt1 0.937988 0.598389
vt1 0.937988 0.571533
vt1 0.938477 0.598145
vt1 0.938477 0.571533
vt1 0.915039 0.513916
vt1 0.913574 0.541748
vt1 0.913574 0.513916
vt1 0.915527 0.542969
vt1 0.915039 0.513916
vt1 0.915527 0.543213
vt1 0.916504 0.513672
vt1 0.916992 0.544434
vt1 0.917480 0.544434
vt1 0.916992 0.513672
vt1 0.918457 0.543213
vt1 0.918457 0.513672
vt1 0.918945 0.542969
vt1 0.918945 0.513916
vt1 0.920410 0.541748
vt1 0.920410 0.513916
vt1 0.920898 0.513916
vt1 0.920410 0.541748
vt1 0.558594 0.746338
vt1 0.541504 0.744873
vt1 0.558105 0.744873
vt1 0.541016 0.746338
vt1 0.558594 0.746582
vt1 0.540527 0.746582
vt1 0.559082 0.748047
vt1 0.540039 0.748047
vt1 0.540039 0.748291
vt1 0.559082 0.748291
vt1 0.541016 0.749756
vt1 0.558594 0.749756
vt1 0.541016 0.750000
vt1 0.558594 0.750000
vt1 0.541504 0.751343
vt1 0.558105 0.751343
vt1 0.558105 0.751587
vt1 0.541504 0.751587
vt1 0.589844 0.750122
vt1 0.606445 0.751587
vt1 0.589844 0.751587
vt1 0.607422 0.750244
vt1 0.589355 0.750000
vt1 0.607422 0.750000
vt1 0.588867 0.748535
vt1 0.608398 0.748535
vt1 0.608398 0.748291
vt1 0.588867 0.748291
vt1 0.607422 0.746826
vt1 0.589355 0.746826
vt1 0.606934 0.746582
vt1 0.589355 0.746582
vt1 0.606445 0.745117
vt1 0.590332 0.745117
vt1 0.590332 0.744873
vt1 0.606445 0.744873
vt1 0.688477 0.747314
vt1 0.705566 0.745850
vt1 0.704590 0.747314
vt1 0.687500 0.745850
vt1 0.705566 0.745605
vt1 0.687500 0.745605
vt1 0.706055 0.744141
vt1 0.686523 0.744141
vt1 0.686523 0.743896
vt1 0.706055 0.743896
vt1 0.687500 0.742432
vt1 0.705566 0.742432
vt1 0.687500 0.742188
vt1 0.705566 0.742188
vt1 0.688477 0.740723
vt1 0.704590 0.740723
vt1 0.704590 0.740479
vt1 0.688477 0.740479
vt1 0.830078 0.760498
vt1 0.845703 0.760254
vt1 0.845703 0.760498
vt1 0.830078 0.760254
vt1 0.845703 0.758789
vt1 0.829102 0.758789
vt1 0.845703 0.758545
vt1 0.829102 0.758545
vt1 0.830078 0.757080
vt1 0.845703 0.757080
vt1 0.845703 0.756836
vt1 0.830078 0.756836
vt1 0.844727 0.755371
vt1 0.831543 0.755371
vt1 0.844727 0.755127
vt1 0.831543 0.755127
vt1 0.830078 0.753784
vt1 0.845703 0.753784
vt1 0.844238 0.728271
vt1 0.844727 0.715088
vt1 0.844727 0.728271
vt1 0.844238 0.715088
vt1 0.842773 0.729248
vt1 0.842773 0.714111
vt1 0.842773 0.729492
vt1 0.842773 0.713867
vt1 0.841309 0.713867
vt1 0.841309 0.730469
vt1 0.840820 0.730469
vt1 0.840820 0.713867
vt1 0.839355 0.729492
vt1 0.839844 0.713867
vt1 0.839355 0.714111
vt1 0.839355 0.729248
vt1 0.837891 0.728271
vt1 0.837891 0.715088
vt1 0.640137 0.199219
vt1 0.573730 0.197754
vt1 0.641113 0.197754
vt1 0.573730 0.199219
vt1 0.640137 0.199219
vt1 0.573730 0.199219
vt1 0.640625 0.199219
vt1 0.573730 0.201172
vt1 0.640625 0.200684
vt1 0.640137 0.200684
vt1 0.573730 0.201172
vt1 0.640625 0.201172
vt1 0.573730 0.202637
vt1 0.641113 0.202637
vt1 0.641113 0.202637
vt1 0.641113 0.202637
vt1 0.573730 0.202637
vt1 0.641113 0.204102
vt1 0.641113 0.204590
vt1 0.573730 0.204102
vt1 0.641113 0.204590
vt1 0.573730 0.204590
vt1 0.562500 0.615967
vt1 0.495605 0.617432
vt1 0.495605 0.615967
vt1 0.562500 0.617432
vt1 0.562500 0.617676
vt1 0.495605 0.617676
vt1 0.562500 0.617920
vt1 0.561035 0.619141
vt1 0.495605 0.619385
vt1 0.561523 0.619141
vt1 0.561035 0.619385
vt1 0.495605 0.619385
vt1 0.561523 0.619385
vt1 0.495605 0.620850
vt1 0.562500 0.620850
vt1 0.562500 0.620850
vt1 0.495605 0.621094
vt1 0.562500 0.621094
vt1 0.562500 0.622803
vt1 0.495605 0.622559
vt1 0.495605 0.622803
vt1 0.562500 0.623047
vt1 0.580566 0.584717
vt1 0.513184 0.586182
vt1 0.513184 0.584717
vt1 0.580566 0.586182
vt1 0.580078 0.586426
vt1 0.513184 0.586426
vt1 0.580078 0.586670
vt1 0.577637 0.588135
vt1 0.513184 0.588135
vt1 0.579102 0.587891
vt1 0.579102 0.588135
vt1 0.577637 0.588379
vt1 0.513184 0.588379
vt1 0.513184 0.589844
vt1 0.579102 0.588379
vt1 0.579102 0.588135
vt1 0.580078 0.589600
vt1 0.580078 0.589844
vt1 0.513184 0.590088
vt1 0.580566 0.589844
vt1 0.580566 0.591553
vt1 0.513184 0.591553
vt1 0.513184 0.591797
vt1 0.580566 0.591797
vt1 0.614258 0.716553
vt1 0.614746 0.666016
vt1 0.614746 0.716553
vt1 0.614746 0.666016
vt1 0.613281 0.665527
vt1 0.612793 0.718506
vt1 0.612793 0.665283
vt1 0.612793 0.718994
vt1 0.611328 0.664795
vt1 0.611328 0.719727
vt1 0.611328 0.719727
vt1 0.611328 0.664795
vt1 0.767090 0.615967
vt1 0.790527 0.615967
vt1 0.767090 0.616211
vt1 0.790527 0.616211
vt1 0.790527 0.617676
vt1 0.766602 0.617676
vt1 0.790527 0.617920
vt1 0.766602 0.617920
vt1 0.790527 0.619385
vt1 0.766602 0.619385
vt1 0.766602 0.619629
vt1 0.790527 0.619629
vt1 0.842285 0.608398
vt1 0.842285 0.584717
vt1 0.842773 0.608398
vt1 0.842773 0.584717
vt1 0.844238 0.584717
vt1 0.844238 0.608398
vt1 0.844238 0.584717
vt1 0.844238 0.608398
vt1 0.845703 0.584717
vt1 0.845703 0.608398
vt1 0.846191 0.608398
vt1 0.846191 0.584717
vt1 0.793457 0.688477
vt1 0.793457 0.664795
vt1 0.793945 0.688477
vt1 0.793457 0.664795
vt1 0.794922 0.664795
vt1 0.795410 0.688477
vt1 0.795410 0.664795
vt1 0.795898 0.688477
vt1 0.796875 0.664795
vt1 0.796875 0.688477
vt1 0.797363 0.688477
vt1 0.796875 0.664795
vt1 0.879395 0.753784
vt1 0.894531 0.753784
vt1 0.893555 0.755249
vt1 0.880371 0.755249
vt1 0.880371 0.755493
vt1 0.893555 0.755493
vt1 0.879395 0.756836
vt1 0.894531 0.756958
vt1 0.878906 0.757202
vt1 0.894531 0.757202
vt1 0.894531 0.758667
vt1 0.877930 0.758667
vt1 0.877930 0.758911
vt1 0.894531 0.758789
vt1 0.878906 0.760376
vt1 0.894531 0.760254
vt1 0.894531 0.760498
vt1 0.879395 0.760620
vt1 0.787109 0.793945
vt1 0.785156 0.795166
vt1 0.787109 0.793701
vt1 0.785156 0.795410
vt1 0.822754 0.795410
vt1 0.823730 0.793945
vt1 0.823730 0.794189
vt1 0.822754 0.795654
vt1 0.822754 0.795898
vt1 0.822266 0.795654
vt1 0.784668 0.795654
vt1 0.821777 0.797241
vt1 0.821289 0.797119
vt1 0.784668 0.797119
vt1 0.821289 0.797363
vt1 0.784668 0.797485
vt1 0.821289 0.797485
vt1 0.784668 0.798950
vt1 0.822266 0.798950
vt1 0.822266 0.798828
vt1 0.785156 0.799194
vt1 0.822266 0.799316
vt1 0.822754 0.799072
vt1 0.787109 0.800781
vt1 0.784668 0.799438
vt1 0.823242 0.800781
vt1 0.823730 0.800659
vt1 0.786621 0.800903
vt1 0.823242 0.801025
vt1 0.823730 0.800903
vt1 0.787109 0.801025
vt1 0.786621 0.801147
vt1 0.936035 0.830444
vt1 0.937012 0.832642
vt1 0.935547 0.830688
vt1 0.937500 0.832520
vt1 0.937500 0.795044
vt1 0.936035 0.794067
vt1 0.936035 0.793823
vt1 0.937500 0.794800
vt1 0.937988 0.795044
vt1 0.937500 0.795288
vt1 0.937500 0.833008
vt1 0.938965 0.796143
vt1 0.938965 0.796387
vt1 0.938965 0.833008
vt1 0.939453 0.796143
vt1 0.939453 0.833008
vt1 0.939453 0.796387
vt1 0.940918 0.833008
vt1 0.940918 0.795288
vt1 0.940918 0.795044
vt1 0.940918 0.832520
vt1 0.940918 0.795166
vt1 0.940918 0.794922
vt1 0.942383 0.830566
vt1 0.941406 0.832642
vt1 0.942871 0.830688
vt1 0.942383 0.794067
vt1 0.942383 0.793823
vt1 0.942871 0.830444
vt1 0.942871 0.830688
vt1 0.942871 0.794067
vt1 0.942871 0.793701
vt1 0.037781 0.913757
vt1 0.157959 0.913757
vt1 0.038788 0.915222
vt1 0.157959 0.915222
vt1 0.277344 0.913757
vt1 0.039032 0.915466
vt1 0.277344 0.915222
vt1 0.396484 0.913757
vt1 0.157959 0.915466
vt1 0.040070 0.916931
vt1 0.396484 0.915222
vt1 0.526855 0.913757
vt1 0.527344 0.915222
vt1 0.277344 0.915466
vt1 0.157959 0.916931
vt1 0.040070 0.917175
vt1 0.396484 0.915466
vt1 0.527344 0.915466
vt1 0.277344 0.916931
vt1 0.396484 0.916931
vt1 0.527832 0.916931
vt1 0.157959 0.917175
vt1 0.277344 0.917175
vt1 0.396484 0.917175
vt1 0.527832 0.917175
vt1 0.527344 0.918640
vt1 0.157959 0.918640
vt1 0.039032 0.918640
vt1 0.277344 0.918640
vt1 0.396484 0.918640
vt1 0.527344 0.918884
vt1 0.157959 0.918884
vt1 0.038788 0.918884
vt1 0.277344 0.918884
vt1 0.396484 0.918884
vt1 0.526855 0.920288
vt1 0.157959 0.920288
vt1 0.037781 0.920349
vt1 0.037781 0.920593
vt1 0.157959 0.920532
vt1 0.277344 0.920288
vt1 0.277344 0.920532
vt1 0.396484 0.920288
vt1 0.396484 0.920532
vt1 0.526855 0.920532
vt1 0.294189 0.616211
vt1 0.277832 0.617432
vt1 0.277832 0.615967
vt1 0.294189 0.617676
vt1 0.277832 0.617676
vt1 0.344727 0.616211
vt1 0.294189 0.617920
vt1 0.277832 0.619141
vt1 0.344727 0.617676
vt1 0.366943 0.617432
vt1 0.366943 0.615967
vt1 0.366943 0.617676
vt1 0.344727 0.617920
vt1 0.366943 0.619141
vt1 0.294189 0.619385
vt1 0.344727 0.619385
vt1 0.344727 0.619385
vt1 0.366943 0.619629
vt1 0.294189 0.619629
vt1 0.277832 0.619385
vt1 0.344727 0.620850
vt1 0.366943 0.621094
vt1 0.294189 0.620850
vt1 0.277832 0.621094
vt1 0.344727 0.621094
vt1 0.366943 0.621338
vt1 0.294189 0.621094
vt1 0.277832 0.621338
vt1 0.344727 0.622559
vt1 0.366943 0.622803
vt1 0.294189 0.622559
vt1 0.277832 0.622803
vt1 0.277832 0.623047
vt1 0.294189 0.622803
vt1 0.344727 0.622803
vt1 0.366943 0.622803
vt1 0.277832 0.584717
vt1 0.299805 0.584717
vt1 0.277832 0.586182
vt1 0.299805 0.586182
vt1 0.366699 0.584717
vt1 0.277832 0.586426
vt1 0.366699 0.586182
vt1 0.299805 0.586426
vt1 0.277832 0.587891
vt1 0.366699 0.586426
vt1 0.299805 0.587891
vt1 0.277832 0.588135
vt1 0.366699 0.587891
vt1 0.299805 0.588135
vt1 0.366699 0.588135
vt1 0.277832 0.589600
vt1 0.366699 0.589600
vt1 0.299805 0.589600
vt1 0.277832 0.589844
vt1 0.366943 0.589844
vt1 0.299805 0.589844
vt1 0.277832 0.591309
vt1 0.366943 0.591309
vt1 0.299805 0.591309
vt1 0.277832 0.591553
vt1 0.366943 0.591553
vt1 0.299805 0.591553
vt1 0.761230 0.683350
vt1 0.759277 0.665039
vt1 0.760742 0.665039
vt1 0.759766 0.684082
vt1 0.759277 0.665039
vt1 0.761230 0.684082
vt1 0.759277 0.684326
vt1 0.757812 0.664795
vt1 0.759277 0.684570
vt1 0.761230 0.705322
vt1 0.757812 0.685059
vt1 0.757324 0.664795
vt1 0.759277 0.684814
vt1 0.759766 0.705811
vt1 0.761719 0.705566
vt1 0.759766 0.706055
vt1 0.759766 0.706299
vt1 0.759277 0.706055
vt1 0.757812 0.706787
vt1 0.757812 0.685303
vt1 0.757812 0.706543
vt1 0.757324 0.706787
vt1 0.757324 0.706543
vt1 0.757324 0.685303
vt1 0.755859 0.706055
vt1 0.755859 0.706299
vt1 0.757324 0.685059
vt1 0.755859 0.684814
vt1 0.755371 0.705811
vt1 0.755371 0.706055
vt1 0.755859 0.684326
vt1 0.755859 0.665039
vt1 0.755371 0.684570
vt1 0.753906 0.705322
vt1 0.753418 0.705566
vt1 0.753418 0.705322
vt1 0.753418 0.705078
vt1 0.753906 0.683838
vt1 0.753418 0.683838
vt1 0.755371 0.684082
vt1 0.755371 0.665039
vt1 0.753906 0.683350
vt1 0.753906 0.683350
vt1 0.753906 0.665283
vt1 0.753906 0.665283
vt1 0.682617 0.709473
vt1 0.682617 0.665283
vt1 0.684082 0.665039
vt1 0.684082 0.710205
vt1 0.682129 0.709717
vt1 0.684082 0.665039
vt1 0.683594 0.710449
vt1 0.684082 0.710449
vt1 0.685547 0.664795
vt1 0.684082 0.710693
vt1 0.685547 0.711182
vt1 0.685547 0.711426
vt1 0.685547 0.711182
vt1 0.686035 0.664795
vt1 0.686035 0.711426
vt1 0.687012 0.710449
vt1 0.687500 0.665039
vt1 0.687500 0.710693
vt1 0.687500 0.710205
vt1 0.687500 0.710449
vt1 0.687500 0.665039
vt1 0.688965 0.709717
vt1 0.688965 0.709473
vt1 0.688965 0.665283
vt1 0.689453 0.709717
vt1 0.689453 0.665283
vt1 0.688965 0.709473
vt1 0.580078 0.895264
vt1 0.581543 0.952271
vt1 0.580078 0.953308
vt1 0.581543 0.895264
vt1 0.582031 0.952026
vt1 0.580078 0.840698
vt1 0.582031 0.895325
vt1 0.583496 0.951019
vt1 0.581543 0.839722
vt1 0.580078 0.840454
vt1 0.581543 0.839478
vt1 0.581543 0.839233
vt1 0.582031 0.839478
vt1 0.583496 0.895325
vt1 0.583496 0.951019
vt1 0.583496 0.838501
vt1 0.583496 0.838257
vt1 0.583496 0.838257
vt1 0.583496 0.895325
vt1 0.583496 0.838501
vt1 0.584961 0.839478
vt1 0.584961 0.839233
vt1 0.585449 0.839478
vt1 0.584961 0.895264
vt1 0.584961 0.952026
vt1 0.585449 0.839722
vt1 0.586914 0.840454
vt1 0.585449 0.895264
vt1 0.585449 0.952271
vt1 0.586914 0.840698
vt1 0.586914 0.840576
vt1 0.586914 0.840820
vt1 0.586914 0.895264
vt1 0.586914 0.895264
vt1 0.586914 0.953308
vt1 0.586914 0.953308
vt1 0.969727 0.625488
vt1 0.968262 0.620605
vt1 0.969727 0.620850
vt1 0.968262 0.625488
vt1 0.967773 0.620605
vt1 0.969727 0.629150
vt1 0.967773 0.625244
vt1 0.966309 0.620361
vt1 0.968262 0.629150
vt1 0.969727 0.629639
vt1 0.966309 0.625244
vt1 0.965820 0.620361
vt1 0.968262 0.629395
vt1 0.968262 0.629639
vt1 0.968262 0.651123
vt1 0.969727 0.651123
vt1 0.969727 0.654297
vt1 0.968262 0.654541
vt1 0.968262 0.651367
vt1 0.968262 0.654785
vt1 0.968262 0.629639
vt1 0.966797 0.651367
vt1 0.966797 0.655273
vt1 0.966797 0.629639
vt1 0.966797 0.629395
vt1 0.966309 0.629639
vt1 0.966309 0.651367
vt1 0.966309 0.655273
vt1 0.964844 0.654785
vt1 0.966309 0.625244
vt1 0.964844 0.651367
vt1 0.964844 0.654541
vt1 0.966309 0.629395
vt1 0.964844 0.625488
vt1 0.964355 0.620605
vt1 0.964844 0.629395
vt1 0.964844 0.629639
vt1 0.964844 0.629639
vt1 0.964844 0.629395
vt1 0.964844 0.625488
vt1 0.963867 0.620850
vt1 0.964844 0.651123
vt1 0.963379 0.654053
vt1 0.963379 0.629639
vt1 0.963379 0.651123
vt1 0.962891 0.654053
vt1 0.963379 0.651123
vt1 0.963379 0.629639
vt1 0.963379 0.629150
vt1 0.963379 0.629150
vt1 0.963379 0.625732
vt1 0.962891 0.625732
vt1 0.962402 0.621338
vt1 0.962402 0.621338
vt1 0.152344 0.944885
vt1 0.037781 0.946320
vt1 0.037781 0.944885
vt1 0.152344 0.946320
vt1 0.037781 0.946564
vt1 0.271484 0.944885
vt1 0.152344 0.946564
vt1 0.037781 0.948029
vt1 0.271484 0.946350
vt1 0.390869 0.944885
vt1 0.152344 0.948029
vt1 0.037781 0.948273
vt1 0.390869 0.946350
vt1 0.502930 0.944885
vt1 0.271484 0.946564
vt1 0.271484 0.948029
vt1 0.390869 0.946564
vt1 0.502930 0.946350
vt1 0.549316 0.944946
vt1 0.550293 0.946411
vt1 0.502930 0.946594
vt1 0.550293 0.946625
vt1 0.390869 0.948029
vt1 0.502930 0.948059
vt1 0.551270 0.948090
vt1 0.271484 0.948273
vt1 0.502930 0.948273
vt1 0.551270 0.948334
vt1 0.550293 0.949799
vt1 0.390869 0.948273
vt1 0.502930 0.949738
vt1 0.550293 0.950043
vt1 0.271484 0.949738
vt1 0.502930 0.949982
vt1 0.549316 0.951477
vt1 0.390869 0.949738
vt1 0.502930 0.951447
vt1 0.549316 0.951691
vt1 0.502930 0.951691
vt1 0.390869 0.949982
vt1 0.390869 0.951447
vt1 0.390869 0.951691
vt1 0.271729 0.951660
vt1 0.271729 0.951416
vt1 0.152344 0.951660
vt1 0.271484 0.949982
vt1 0.152344 0.951416
vt1 0.037811 0.951660
vt1 0.037811 0.951416
vt1 0.152344 0.949982
vt1 0.037781 0.949982
vt1 0.152344 0.949738
vt1 0.037781 0.949738
vt1 0.152344 0.948273
vt1 0.622559 0.895020
vt1 0.622559 0.953064
vt1 0.621094 0.952026
vt1 0.621094 0.895020
vt1 0.622559 0.840454
vt1 0.620605 0.951782
vt1 0.621094 0.839478
vt1 0.620605 0.895081
vt1 0.619141 0.950745
vt1 0.620605 0.839233
vt1 0.619141 0.895081
vt1 0.619141 0.838257
vt1 0.619141 0.838257
vt1 0.619141 0.895081
vt1 0.619141 0.950775
vt1 0.617676 0.839233
vt1 0.617676 0.895081
vt1 0.617676 0.951782
vt1 0.617188 0.839478
vt1 0.617188 0.895081
vt1 0.617188 0.952026
vt1 0.615723 0.840454
vt1 0.615723 0.895081
vt1 0.615723 0.953064
vt1 0.615723 0.840454
vt1 0.615723 0.953064
vt1 0.615723 0.895081
vt1 0.900391 0.722900
vt1 0.920898 0.722900
vt1 0.900391 0.724365
vt1 0.921875 0.724365
vt1 0.920898 0.722656
vt1 0.921875 0.724121
vt1 0.900391 0.724609
vt1 0.922363 0.724365
vt1 0.922363 0.726074
vt1 0.900391 0.726074
vt1 0.900391 0.726318
vt1 0.922363 0.726318
vt1 0.922363 0.727783
vt1 0.900391 0.727783
vt1 0.921875 0.728027
vt1 0.921875 0.728027
vt1 0.900391 0.728027
vt1 0.920898 0.729492
vt1 0.920898 0.729492
vt1 0.900391 0.729492
vt1 0.920898 0.729736
vt1 0.920898 0.729736
vt1 0.900391 0.729736
vt1 0.900391 0.692627
vt1 0.920898 0.694092
vt1 0.900391 0.694092
vt1 0.921875 0.692627
vt1 0.920898 0.694336
vt1 0.921875 0.692871
vt1 0.900391 0.692383
vt1 0.922363 0.692383
vt1 0.900391 0.690918
vt1 0.922363 0.690918
vt1 0.922363 0.690674
vt1 0.900391 0.690674
vt1 0.900391 0.689209
vt1 0.922363 0.688965
vt1 0.921875 0.688965
vt1 0.921875 0.688721
vt1 0.900391 0.688965
vt1 0.920898 0.687256
vt1 0.920898 0.687500
vt1 0.920898 0.687012
vt1 0.900391 0.687500
vt1 0.920898 0.687256
vt1 0.900391 0.687256
vt1 0.813477 0.714111
vt1 0.812988 0.713867
vt1 0.813477 0.713867
vt1 0.812988 0.714111
vt1 0.812500 0.715576
vt1 0.793945 0.713867
vt1 0.812500 0.715332
vt1 0.812500 0.715820
vt1 0.793945 0.714111
vt1 0.793457 0.713867
vt1 0.793457 0.714111
vt1 0.794434 0.715332
vt1 0.793945 0.715576
vt1 0.812012 0.715576
vt1 0.811523 0.717285
vt1 0.794434 0.715820
vt1 0.793945 0.715820
vt1 0.811523 0.717285
vt1 0.811035 0.717529
vt1 0.811523 0.717529
vt1 0.794922 0.717529
vt1 0.794922 0.717285
vt1 0.794434 0.717285
vt1 0.794922 0.717529
vt1 0.733887 0.740479
vt1 0.733398 0.740723
vt1 0.733398 0.740479
vt1 0.733887 0.740723
vt1 0.747070 0.740479
vt1 0.732422 0.742188
vt1 0.747070 0.740723
vt1 0.747070 0.740479
vt1 0.747070 0.740723
vt1 0.748047 0.742188
vt1 0.748047 0.742188
vt1 0.732910 0.742188
vt1 0.732422 0.742432
vt1 0.748047 0.742432
vt1 0.732422 0.742432
vt1 0.748047 0.743896
vt1 0.731445 0.743896
vt1 0.731445 0.743896
vt1 0.731445 0.744141
vt1 0.748047 0.744141
vt1 0.730957 0.744141
vt1 0.900391 0.795044
vt1 0.900391 0.795044
vt1 0.900391 0.794800
vt1 0.900391 0.795288
vt1 0.900391 0.832886
vt1 0.901855 0.796021
vt1 0.900391 0.832764
vt1 0.900391 0.833008
vt1 0.901855 0.796265
vt1 0.901855 0.796021
vt1 0.901855 0.832764
vt1 0.901855 0.833008
vt1 0.901855 0.832764
vt1 0.903809 0.833008
vt1 0.902344 0.796265
vt1 0.903320 0.795288
vt1 0.903320 0.795044
vt1 0.903320 0.832764
vt1 0.903809 0.795044
vt1 0.903809 0.794800
vt1 0.903809 0.832764
vt1 0.905273 0.832886
vt1 0.905273 0.833008
vt1 0.905273 0.793945
vt1 0.905273 0.793701
vt1 0.905273 0.832886
vt1 0.906738 0.833130
vt1 0.906738 0.832886
vt1 0.906738 0.795044
vt1 0.905273 0.793945
vt1 0.905273 0.793701
vt1 0.907227 0.794800
vt1 0.588379 0.180664
vt1 0.588867 0.181152
vt1 0.588379 0.181152
vt1 0.588379 0.181641
vt1 0.589355 0.181152
vt1 0.472168 0.181641
vt1 0.472168 0.181641
vt1 0.471924 0.181641
vt1 0.589844 0.181641
vt1 0.589844 0.181152
vt1 0.590332 0.181152
vt1 0.472168 0.182129
vt1 0.470947 0.181152
vt1 0.470459 0.181152
vt1 0.470459 0.182129
vt1 0.470703 0.183594
vt1 0.468994 0.182129
vt1 0.589844 0.183105
vt1 0.470703 0.183594
vt1 0.591309 0.181641
vt1 0.590820 0.181152
vt1 0.591309 0.180664
vt1 0.591309 0.181152
vt1 0.707520 0.180664
vt1 0.707520 0.180176
vt1 0.708008 0.180664
vt1 0.708008 0.181152
vt1 0.708496 0.180664
vt1 0.708984 0.181152
vt1 0.708984 0.180664
vt1 0.709961 0.180664
vt1 0.708984 0.182617
vt1 0.710449 0.181152
vt1 0.710449 0.180664
vt1 0.710938 0.180176
vt1 0.710938 0.180664
vt1 0.820312 0.181152
vt1 0.820312 0.180664
vt1 0.820312 0.180176
vt1 0.820801 0.180664
vt1 0.821289 0.180664
vt1 0.821777 0.181152
vt1 0.821777 0.180664
vt1 0.822754 0.180664
vt1 0.821777 0.182617
vt1 0.823242 0.181152
vt1 0.823242 0.180664
vt1 0.823730 0.180176
vt1 0.823242 0.181152
vt1 0.876465 0.189453
vt1 0.876465 0.189453
vt1 0.877441 0.190918
vt1 0.821777 0.182617
vt1 0.877441 0.191406
vt1 0.708984 0.182617
vt1 0.821777 0.184082
vt1 0.878418 0.192871
vt1 0.878418 0.193359
vt1 0.708984 0.184082
vt1 0.821777 0.184570
vt1 0.589844 0.183105
vt1 0.589844 0.184570
vt1 0.470459 0.185059
vt1 0.470459 0.185547
vt1 0.589844 0.185059
vt1 0.470459 0.187012
vt1 0.468994 0.187012
vt1 0.471924 0.187012
vt1 0.470459 0.187500
vt1 0.470947 0.187500
vt1 0.471680 0.187500
vt1 0.472168 0.187012
vt1 0.471924 0.187500
vt1 0.471924 0.188477
vt1 0.472168 0.188477
vt1 0.588379 0.187988
vt1 0.588379 0.187012
vt1 0.588379 0.187500
vt1 0.588379 0.186523
vt1 0.588379 0.186523
vt1 0.588379 0.186523
vt1 0.589355 0.186523
vt1 0.589844 0.186523
vt1 0.589844 0.186523
vt1 0.590332 0.186523
vt1 0.590820 0.186523
vt1 0.590820 0.186523
vt1 0.591309 0.186523
vt1 0.590820 0.187012
vt1 0.591309 0.187988
vt1 0.590820 0.187500
vt1 0.708008 0.186035
vt1 0.707520 0.186035
vt1 0.707520 0.187500
vt1 0.707520 0.186523
vt1 0.708008 0.187012
vt1 0.708008 0.186035
vt1 0.708496 0.186035
vt1 0.708984 0.186035
vt1 0.708984 0.186035
vt1 0.709473 0.186035
vt1 0.708984 0.184570
vt1 0.710449 0.186035
vt1 0.709961 0.186035
vt1 0.710449 0.186035
vt1 0.710449 0.186523
vt1 0.710449 0.187500
vt1 0.710449 0.187012
vt1 0.820312 0.187500
vt1 0.820312 0.186523
vt1 0.820312 0.187012
vt1 0.820312 0.186035
vt1 0.820801 0.186035
vt1 0.820312 0.186035
vt1 0.821289 0.186035
vt1 0.821289 0.185547
vt1 0.821289 0.186035
vt1 0.822266 0.186035
vt1 0.822754 0.186035
vt1 0.877441 0.194336
vt1 0.822754 0.186035
vt1 0.876953 0.194824
vt1 0.823242 0.186035
vt1 0.822754 0.186523
vt1 0.875977 0.196289
vt1 0.822754 0.187500
vt1 0.822754 0.187012
vt1 0.829102 0.682861
vt1 0.829102 0.682861
vt1 0.829102 0.682617
vt1 0.829590 0.682617
vt1 0.830566 0.683838
vt1 0.829102 0.666260
vt1 0.831055 0.683594
vt1 0.831055 0.684082
vt1 0.829590 0.666016
vt1 0.829102 0.666016
vt1 0.829102 0.665771
vt1 0.830566 0.664795
vt1 0.831055 0.665039
vt1 0.831055 0.683838
vt1 0.831055 0.664795
vt1 0.832520 0.685303
vt1 0.832520 0.665283
vt1 0.832520 0.685059
vt1 0.833008 0.685303
vt1 0.832520 0.665283
vt1 0.832520 0.685059
vt1 0.833984 0.683838
vt1 0.834473 0.684082
vt1 0.833984 0.664795
vt1 0.834473 0.683838
vt1 0.834473 0.683838
vt1 0.834473 0.665039
vt1 0.835938 0.682617
vt1 0.835938 0.682861
vt1 0.835938 0.666260
vt1 0.835938 0.666016
vt1 0.834473 0.664795
vt1 0.968262 0.589355
vt1 0.969727 0.587891
vt1 0.969727 0.588135
vt1 0.968262 0.589111
vt1 0.969727 0.556152
vt1 0.968262 0.589355
vt1 0.968262 0.555176
vt1 0.969727 0.555908
vt1 0.968262 0.554932
vt1 0.968262 0.554688
vt1 0.967773 0.554932
vt1 0.967773 0.589111
vt1 0.966309 0.590576
vt1 0.966309 0.553955
vt1 0.966309 0.553711
vt1 0.966309 0.553711
vt1 0.966309 0.590332
vt1 0.966309 0.553955
vt1 0.966309 0.590332
vt1 0.966309 0.590576
vt1 0.964844 0.554932
vt1 0.964355 0.554688
vt1 0.964355 0.554932
vt1 0.964844 0.589111
vt1 0.964355 0.589355
vt1 0.964355 0.555176
vt1 0.964355 0.588867
vt1 0.964355 0.589355
vt1 0.962891 0.556152
vt1 0.962402 0.555908
vt1 0.962402 0.555908
vt1 0.962402 0.556152
vt1 0.962891 0.587891
vt1 0.962402 0.588135
vt1 0.962402 0.587891
vt1 0.962402 0.588135
vt1 0.979492 0.252930
vt1 0.979492 0.209473
vt1 0.979980 0.252930
vt1 0.979980 0.209473
vt1 0.981445 0.252930
vt1 0.979492 0.152344
vt1 0.981445 0.209473
vt1 0.981445 0.252441
vt1 0.979980 0.152344
vt1 0.979492 0.096680
vt1 0.979980 0.096680
vt1 0.981445 0.152344
vt1 0.981445 0.096680
vt1 0.981445 0.096680
vt1 0.981445 0.209473
vt1 0.982910 0.252441
vt1 0.981445 0.152344
vt1 0.982910 0.097656
vt1 0.982910 0.209473
vt1 0.983398 0.252441
vt1 0.983398 0.209473
vt1 0.982910 0.152344
vt1 0.983398 0.152344
vt1 0.983398 0.097656
vt1 0.037781 0.727051
vt1 0.150146 0.727051
vt1 0.037781 0.727295
vt1 0.150146 0.727295
vt1 0.037903 0.728760
vt1 0.269531 0.727051
vt1 0.150146 0.728760
vt1 0.037933 0.729004
vt1 0.269531 0.727295
vt1 0.387695 0.727051
vt1 0.150146 0.729004
vt1 0.038086 0.730469
vt1 0.269531 0.728760
vt1 0.387695 0.727295
vt1 0.508301 0.727295
vt1 0.508301 0.727051
vt1 0.507812 0.728760
vt1 0.387695 0.728760
vt1 0.507812 0.729004
vt1 0.269531 0.729004
vt1 0.387695 0.729004
vt1 0.507324 0.730469
vt1 0.150146 0.730469
vt1 0.038086 0.730713
vt1 0.150146 0.730713
vt1 0.269531 0.730469
vt1 0.269531 0.730713
vt1 0.387695 0.730713
vt1 0.507324 0.730713
vt1 0.387695 0.730469
vt1 0.341553 0.314453
vt1 0.340088 0.314941
vt1 0.340088 0.314941
vt1 0.341797 0.314453
vt1 0.340088 0.358887
vt1 0.341797 0.314453
vt1 0.341553 0.359375
vt1 0.340088 0.366211
vt1 0.341797 0.314453
vt1 0.343262 0.313477
vt1 0.341797 0.359375
vt1 0.343262 0.313965
vt1 0.343506 0.313477
vt1 0.341797 0.366211
vt1 0.343506 0.313965
vt1 0.341553 0.366211
vt1 0.344971 0.314453
vt1 0.345215 0.314453
vt1 0.341553 0.366211
vt1 0.340088 0.366699
vt1 0.340088 0.483887
vt1 0.341553 0.483887
vt1 0.341797 0.366211
vt1 0.341797 0.483887
vt1 0.343262 0.366211
vt1 0.343262 0.485840
vt1 0.343262 0.366211
vt1 0.343506 0.366211
vt1 0.343506 0.485840
vt1 0.343506 0.366211
vt1 0.343262 0.359375
vt1 0.343506 0.359375
vt1 0.344971 0.366211
vt1 0.344971 0.359375
vt1 0.344971 0.366211
vt1 0.344971 0.485352
vt1 0.345215 0.314941
vt1 0.345459 0.314453
vt1 0.345215 0.359375
vt1 0.345215 0.366211
vt1 0.345215 0.366211
vt1 0.345215 0.485352
vt1 0.346680 0.483887
vt1 0.346680 0.365723
vt1 0.346680 0.366699
vt1 0.346924 0.483398
vt1 0.346924 0.366211
vt1 0.346924 0.365723
vt1 0.346680 0.359375
vt1 0.346924 0.359375
vt1 0.346924 0.315430
vt1 0.346680 0.315430
vt1 0.346924 0.314941
vt1 0.346680 0.314941
vt1 0.845215 0.447266
vt1 0.778809 0.447266
vt1 0.845215 0.447266
vt1 0.778809 0.447266
vt1 0.845215 0.448730
vt1 0.777832 0.447266
vt1 0.778320 0.448730
vt1 0.845215 0.449219
vt1 0.777832 0.447266
vt1 0.749512 0.447266
vt1 0.749512 0.447266
vt1 0.749512 0.448730
vt1 0.777832 0.448730
vt1 0.749512 0.449219
vt1 0.778320 0.449219
vt1 0.777832 0.449219
vt1 0.777832 0.450684
vt1 0.749023 0.450684
vt1 0.778809 0.450684
vt1 0.845215 0.450684
vt1 0.777832 0.451172
vt1 0.749023 0.451172
vt1 0.778320 0.451172
vt1 0.844727 0.451172
vt1 0.777832 0.452637
vt1 0.749512 0.452637
vt1 0.778809 0.452637
vt1 0.844727 0.452637
vt1 0.777832 0.453125
vt1 0.749512 0.453125
vt1 0.750000 0.454590
vt1 0.777832 0.454590
vt1 0.778320 0.454590
vt1 0.778809 0.453125
vt1 0.844727 0.454590
vt1 0.844727 0.453125
vt1 0.907227 0.629395
vt1 0.907227 0.649902
vt1 0.906738 0.629395
vt1 0.906738 0.649902
vt1 0.907227 0.650146
vt1 0.907227 0.650146
vt1 0.905273 0.629395
vt1 0.905762 0.651611
vt1 0.905273 0.651367
vt1 0.905273 0.629395
vt1 0.905273 0.651611
vt1 0.903809 0.651367
vt1 0.903809 0.629395
vt1 0.903320 0.651367
vt1 0.903320 0.629395
vt1 0.901855 0.651123
vt1 0.901855 0.629395
vt1 0.901855 0.650635
vt1 0.901855 0.629395
vt1 0.901367 0.650879
vt1 0.900391 0.649902
vt1 0.900391 0.629395
vt1 0.900391 0.650146
vt1 0.750488 0.373047
vt1 0.749023 0.373047
vt1 0.749512 0.372559
vt1 0.750488 0.373535
vt1 0.750000 0.374023
vt1 0.750488 0.373535
vt1 0.750977 0.373535
vt1 0.750488 0.374023
vt1 0.778809 0.371582
vt1 0.778809 0.371582
vt1 0.750977 0.375000
vt1 0.778809 0.371582
vt1 0.778809 0.371582
vt1 0.846191 0.372070
vt1 0.846191 0.372559
vt1 0.778809 0.373535
vt1 0.779297 0.373535
vt1 0.846191 0.373535
vt1 0.778809 0.373535
vt1 0.778809 0.373535
vt1 0.778809 0.375000
vt1 0.750977 0.375000
vt1 0.750488 0.375000
vt1 0.750000 0.374512
vt1 0.750000 0.375000
vt1 0.750488 0.375488
vt1 0.750488 0.375488
vt1 0.750977 0.375488
vt1 0.750488 0.375977
vt1 0.750977 0.375977
vt1 0.751465 0.376465
vt1 0.750977 0.376465
vt1 0.751465 0.376953
vt1 0.749512 0.377441
vt1 0.750977 0.375977
vt1 0.750977 0.376953
vt1 0.778809 0.375488
vt1 0.750000 0.377441
vt1 0.749512 0.377441
vt1 0.750977 0.377930
vt1 0.750488 0.377930
vt1 0.750000 0.377930
vt1 0.750000 0.378418
vt1 0.750000 0.378906
vt1 0.750488 0.377930
vt1 0.750000 0.378906
vt1 0.750000 0.378906
vt1 0.750488 0.378418
vt1 0.750977 0.379395
vt1 0.750977 0.378418
vt1 0.750977 0.379395
vt1 0.778809 0.376953
vt1 0.778809 0.376953
vt1 0.778809 0.378418
vt1 0.778809 0.378418
vt1 0.778809 0.376953
vt1 0.779297 0.376953
vt1 0.846191 0.378418
vt1 0.846191 0.376953
vt1 0.845703 0.376465
vt1 0.779297 0.375488
vt1 0.845703 0.375000
vt1 0.779297 0.375000
vt1 0.845703 0.375000
vt1 0.845703 0.373535
vt1 0.845215 0.415039
vt1 0.844727 0.414551
vt1 0.845215 0.414551
vt1 0.844727 0.414062
vt1 0.845215 0.414551
vt1 0.844727 0.414062
vt1 0.845215 0.413574
vt1 0.844727 0.413574
vt1 0.845215 0.413086
vt1 0.844727 0.414062
vt1 0.844727 0.412598
vt1 0.844727 0.412109
vt1 0.816406 0.415039
vt1 0.816406 0.415527
vt1 0.844727 0.412109
vt1 0.844727 0.412109
vt1 0.844238 0.412598
vt1 0.816406 0.413574
vt1 0.816406 0.415039
vt1 0.816406 0.415527
vt1 0.749023 0.415039
vt1 0.749023 0.415039
vt1 0.815918 0.413574
vt1 0.749023 0.413574
vt1 0.816406 0.413086
vt1 0.816406 0.413086
vt1 0.749512 0.413086
vt1 0.844238 0.412109
vt1 0.816406 0.411621
vt1 0.815918 0.411621
vt1 0.749512 0.411621
vt1 0.844238 0.412109
vt1 0.844727 0.411621
vt1 0.844238 0.411133
vt1 0.844727 0.411133
vt1 0.843750 0.410645
vt1 0.844238 0.410645
vt1 0.844727 0.410156
vt1 0.844727 0.410156
vt1 0.843750 0.410156
vt1 0.844238 0.410156
vt1 0.844727 0.409668
vt1 0.844238 0.409180
vt1 0.844727 0.409180
vt1 0.816406 0.411621
vt1 0.844238 0.408691
vt1 0.844727 0.408691
vt1 0.844727 0.408203
vt1 0.844238 0.408203
vt1 0.844727 0.408203
vt1 0.844238 0.407227
vt1 0.844238 0.408691
vt1 0.844238 0.407227
vt1 0.816406 0.410156
vt1 0.816406 0.409668
vt1 0.816406 0.408203
vt1 0.815918 0.409668
vt1 0.816406 0.408203
vt1 0.749023 0.408203
vt1 0.749023 0.409668
vt1 0.815918 0.410156
vt1 0.749512 0.410156
vt1 0.815918 0.411621
vt1 0.749512 0.411621
vt1 0.872559 0.855957
vt1 0.872070 0.856445
vt1 0.872070 0.855957
vt1 0.871582 0.856445
vt1 0.871582 0.855957
vt1 0.871582 0.856689
vt1 0.870605 0.856079
vt1 0.871094 0.856812
vt1 0.871094 0.856445
vt1 0.870117 0.856079
vt1 0.871582 0.884827
vt1 0.870117 0.856567
vt1 0.870117 0.856201
vt1 0.871094 0.884827
vt1 0.871582 0.885071
vt1 0.869629 0.856567
vt1 0.869141 0.856323
vt1 0.871094 0.885010
vt1 0.871582 0.952301
vt1 0.871094 0.952209
vt1 0.869629 0.884705
vt1 0.869629 0.885132
vt1 0.869629 0.952057
vt1 0.869629 0.856934
vt1 0.869629 0.884766
vt1 0.869629 0.885071
vt1 0.869629 0.951843
vt1 0.869629 0.857056
vt1 0.868164 0.884644
vt1 0.868164 0.885193
vt1 0.868164 0.951691
vt1 0.867676 0.951721
vt1 0.867676 0.885193
vt1 0.866211 0.951843
vt1 0.866211 0.885071
vt1 0.866211 0.952026
vt1 0.867676 0.884644
vt1 0.866211 0.885132
vt1 0.864746 0.952118
vt1 0.864746 0.884949
vt1 0.866211 0.884766
vt1 0.866211 0.884766
vt1 0.864746 0.884949
vt1 0.864746 0.857056
vt1 0.866211 0.857056
vt1 0.866211 0.857056
vt1 0.865723 0.856689
vt1 0.864746 0.856689
vt1 0.865234 0.856323
vt1 0.865723 0.856323
vt1 0.866211 0.856689
vt1 0.866699 0.856445
vt1 0.866699 0.856812
vt1 0.867188 0.856445
vt1 0.867676 0.857178
vt1 0.867676 0.856934
vt1 0.867676 0.856567
vt1 0.868164 0.857178
vt1 0.868164 0.856934
vt1 0.868164 0.856567
vt1 0.868652 0.856567
vt1 0.868164 0.856934
vt1 0.869141 0.856445
vt1 0.869141 0.856689
vt1 0.900391 0.952271
vt1 0.900879 0.951874
vt1 0.900391 0.952271
vt1 0.901367 0.951874
vt1 0.901367 0.952301
vt1 0.901367 0.951569
vt1 0.901855 0.952240
vt1 0.901367 0.951508
vt1 0.901855 0.951813
vt1 0.902344 0.952179
vt1 0.901367 0.923462
vt1 0.902832 0.951691
vt1 0.902832 0.952057
vt1 0.901367 0.923462
vt1 0.901367 0.923218
vt1 0.902832 0.951721
vt1 0.903320 0.951935
vt1 0.901367 0.923279
vt1 0.901367 0.855957
vt1 0.901367 0.856079
vt1 0.902832 0.923584
vt1 0.902832 0.923157
vt1 0.902832 0.856201
vt1 0.902832 0.951355
vt1 0.903320 0.923523
vt1 0.903320 0.923218
vt1 0.903320 0.856445
vt1 0.903320 0.951233
vt1 0.904785 0.923645
vt1 0.904785 0.923096
vt1 0.904785 0.856567
vt1 0.904785 0.856567
vt1 0.904785 0.923096
vt1 0.906250 0.856445
vt1 0.906250 0.923218
vt1 0.906738 0.856201
vt1 0.904785 0.923645
vt1 0.906738 0.923157
vt1 0.908203 0.856201
vt1 0.908203 0.923279
vt1 0.906250 0.923523
vt1 0.906738 0.923523
vt1 0.908203 0.923340
vt1 0.908203 0.951294
vt1 0.906738 0.951263
vt1 0.906250 0.951202
vt1 0.906738 0.951599
vt1 0.907715 0.951538
vt1 0.907227 0.951996
vt1 0.906738 0.951935
vt1 0.906738 0.951660
vt1 0.906250 0.951874
vt1 0.906250 0.951508
vt1 0.905762 0.951874
vt1 0.904785 0.951050
vt1 0.905273 0.951385
vt1 0.905273 0.951752
vt1 0.904785 0.951080
vt1 0.904785 0.951416
vt1 0.904785 0.951721
vt1 0.904297 0.951752
vt1 0.904297 0.951416
vt1 0.903809 0.951874
vt1 0.903320 0.951538
vt1 0.582520 0.666016
vt1 0.581055 0.665283
vt1 0.582520 0.665527
vt1 0.581055 0.665527
vt1 0.580566 0.665283
vt1 0.582520 0.718506
vt1 0.580566 0.665527
vt1 0.579102 0.664795
vt1 0.581055 0.718994
vt1 0.582520 0.718750
vt1 0.581055 0.719238
vt1 0.580566 0.718994
vt1 0.580566 0.719482
vt1 0.579102 0.719971
vt1 0.579102 0.665283
vt1 0.579102 0.719727
vt1 0.579102 0.719727
vt1 0.579102 0.719971
vt1 0.579102 0.665283
vt1 0.579102 0.664795
vt1 0.577637 0.718994
vt1 0.577637 0.719482
vt1 0.577637 0.665527
vt1 0.577637 0.665283
vt1 0.577148 0.665283
vt1 0.577148 0.718994
vt1 0.577148 0.719238
vt1 0.577148 0.665527
vt1 0.575684 0.718506
vt1 0.575684 0.718750
vt1 0.575684 0.718750
vt1 0.575684 0.718506
vt1 0.575684 0.666016
vt1 0.575684 0.666016
vt1 0.575684 0.665527
vt1 0.575684 0.665527
vt1 0.904297 0.597900
vt1 0.904297 0.597412
vt1 0.904785 0.597900
vt1 0.904297 0.597656
vt1 0.904785 0.576172
vt1 0.902344 0.598145
vt1 0.904297 0.576172
vt1 0.904785 0.575928
vt1 0.904297 0.575928
vt1 0.902832 0.576172
vt1 0.902344 0.576660
vt1 0.902344 0.576416
vt1 0.902344 0.597900
vt1 0.902344 0.598145
vt1 0.902344 0.576660
vt1 0.900391 0.576660
vt1 0.902344 0.597900
vt1 0.900391 0.598633
vt1 0.900391 0.577148
vt1 0.900391 0.577148
vt1 0.900391 0.576660
vt1 0.900391 0.598389
vt1 0.900391 0.598389
vt1 0.900391 0.598633
vt1 0.813477 0.586670
vt1 0.793457 0.585205
vt1 0.812988 0.585205
vt1 0.792969 0.586670
vt1 0.813477 0.586914
vt1 0.792969 0.585205
vt1 0.792969 0.586914
vt1 0.813965 0.588379
vt1 0.792969 0.586670
vt1 0.789062 0.586426
vt1 0.789551 0.584717
vt1 0.792480 0.586914
vt1 0.789062 0.586670
vt1 0.789062 0.588379
vt1 0.792969 0.588379
vt1 0.813965 0.588623
vt1 0.792480 0.588379
vt1 0.789062 0.588623
vt1 0.792480 0.588623
vt1 0.792969 0.588623
vt1 0.792969 0.590088
vt1 0.789062 0.590332
vt1 0.789551 0.590820
vt1 0.792969 0.590088
vt1 0.813477 0.590088
vt1 0.792969 0.590332
vt1 0.792969 0.590332
vt1 0.813477 0.590332
vt1 0.792969 0.591797
vt1 0.789551 0.592285
vt1 0.789551 0.592529
vt1 0.792969 0.592041
vt1 0.793457 0.591797
vt1 0.812988 0.591797
vt1 0.793457 0.592041
vt1 0.812988 0.592041
vt1 0.384521 0.242676
vt1 0.493652 0.242676
vt1 0.385498 0.244141
vt1 0.493652 0.244141
vt1 0.612793 0.242676
vt1 0.385742 0.244141
vt1 0.612793 0.244141
vt1 0.731934 0.242676
vt1 0.493652 0.244141
vt1 0.386719 0.245605
vt1 0.845215 0.242676
vt1 0.844238 0.244141
vt1 0.493652 0.245605
vt1 0.731934 0.244141
vt1 0.844238 0.244141
vt1 0.386719 0.246094
vt1 0.731934 0.244141
vt1 0.842773 0.245605
vt1 0.612793 0.244141
vt1 0.731934 0.245605
vt1 0.612793 0.245605
vt1 0.842773 0.246094
vt1 0.612793 0.246094
vt1 0.731934 0.246094
vt1 0.731934 0.247559
vt1 0.844238 0.247559
vt1 0.612793 0.247559
vt1 0.493652 0.246094
vt1 0.493652 0.247559
vt1 0.385742 0.247559
vt1 0.493652 0.247559
vt1 0.385498 0.247559
vt1 0.612793 0.247559
vt1 0.493652 0.249023
vt1 0.384521 0.249023
vt1 0.384521 0.249512
vt1 0.493652 0.249512
vt1 0.612793 0.249023
vt1 0.612793 0.249512
vt1 0.731934 0.249512
vt1 0.731934 0.247559
vt1 0.844238 0.247559
vt1 0.731934 0.249023
vt1 0.845215 0.249023
vt1 0.845215 0.249512
vt1 0.867676 0.830811
vt1 0.868164 0.830444
vt1 0.868164 0.830688
vt1 0.867676 0.830566
vt1 0.866211 0.832764
vt1 0.867676 0.794067
vt1 0.865723 0.833008
vt1 0.867188 0.793823
vt1 0.867188 0.793701
vt1 0.865723 0.795044
vt1 0.867188 0.794067
vt1 0.865723 0.794922
vt1 0.865723 0.795044
vt1 0.865723 0.832031
vt1 0.865723 0.795288
vt1 0.864258 0.796143
vt1 0.864258 0.796387
vt1 0.863770 0.833008
vt1 0.864258 0.796387
vt1 0.863770 0.833008
vt1 0.864258 0.796143
vt1 0.861816 0.833008
vt1 0.862793 0.795288
vt1 0.862793 0.795044
vt1 0.861816 0.832520
vt1 0.862305 0.795044
vt1 0.862793 0.794800
vt1 0.861816 0.833130
vt1 0.860352 0.830566
vt1 0.860352 0.830444
vt1 0.860840 0.794067
vt1 0.861328 0.793823
vt1 0.494873 0.545654
vt1 0.494873 0.545166
vt1 0.495117 0.545410
vt1 0.494629 0.545410
vt1 0.438965 0.545898
vt1 0.493896 0.546875
vt1 0.438965 0.546143
vt1 0.493652 0.546875
vt1 0.493408 0.547119
vt1 0.493896 0.547119
vt1 0.438965 0.547607
vt1 0.381836 0.545654
vt1 0.381836 0.545410
vt1 0.362549 0.545166
vt1 0.381836 0.547119
vt1 0.362549 0.545410
vt1 0.362305 0.545166
vt1 0.362061 0.545410
vt1 0.340820 0.544922
vt1 0.361572 0.547119
vt1 0.340576 0.545166
vt1 0.340576 0.544922
vt1 0.340820 0.545166
vt1 0.340088 0.546875
vt1 0.361572 0.547119
vt1 0.340332 0.547119
vt1 0.340332 0.547119
vt1 0.340088 0.547363
vt1 0.361572 0.547119
vt1 0.340820 0.548828
vt1 0.340576 0.549072
vt1 0.361572 0.547363
vt1 0.362061 0.548828
vt1 0.341064 0.549072
vt1 0.340820 0.549316
vt1 0.362549 0.548828
vt1 0.341553 0.550781
vt1 0.341309 0.551025
vt1 0.362305 0.549072
vt1 0.341553 0.551025
vt1 0.341309 0.551025
vt1 0.341064 0.552734
vt1 0.341309 0.552979
vt1 0.362549 0.552734
vt1 0.363037 0.551025
vt1 0.362549 0.552490
vt1 0.363037 0.550781
vt1 0.363525 0.551025
vt1 0.381592 0.552490
vt1 0.362549 0.549072
vt1 0.363525 0.550781
vt1 0.381592 0.551025
vt1 0.381592 0.550781
vt1 0.381836 0.549072
vt1 0.438721 0.550537
vt1 0.438721 0.551758
vt1 0.494629 0.552490
vt1 0.381836 0.548828
vt1 0.495605 0.551025
vt1 0.494873 0.552734
vt1 0.495850 0.551025
vt1 0.495605 0.550781
vt1 0.495850 0.550781
vt1 0.438721 0.550293
vt1 0.494629 0.549072
vt1 0.494873 0.549072
vt1 0.438721 0.549072
vt1 0.494629 0.548584
vt1 0.494873 0.548584
vt1 0.438965 0.549072
vt1 0.438965 0.547852
vt1 0.381836 0.547363
vt1 0.724609 0.665283
vt1 0.724609 0.709473
vt1 0.724609 0.665283
vt1 0.724609 0.709473
vt1 0.724609 0.709717
vt1 0.724609 0.709717
vt1 0.723145 0.665039
vt1 0.723145 0.710449
vt1 0.723145 0.710205
vt1 0.722656 0.665039
vt1 0.722656 0.710693
vt1 0.722656 0.710449
vt1 0.721191 0.664795
vt1 0.721191 0.711182
vt1 0.721191 0.711426
vt1 0.721191 0.664795
vt1 0.721191 0.711182
vt1 0.721191 0.711426
vt1 0.719727 0.710693
vt1 0.719727 0.710449
vt1 0.719727 0.665039
vt1 0.719238 0.710205
vt1 0.719238 0.710449
vt1 0.719238 0.665039
vt1 0.717773 0.709473
vt1 0.717773 0.709717
vt1 0.717773 0.665283
vt1 0.840332 0.537598
vt1 0.819824 0.536377
vt1 0.839844 0.536133
vt1 0.819824 0.537842
vt1 0.840332 0.537842
vt1 0.819336 0.536377
vt1 0.819824 0.538086
vt1 0.840820 0.539307
vt1 0.819336 0.537842
vt1 0.815918 0.537598
vt1 0.815918 0.535889
vt1 0.819336 0.538086
vt1 0.815918 0.537842
vt1 0.815430 0.539551
vt1 0.819336 0.539551
vt1 0.840820 0.539551
vt1 0.819336 0.539551
vt1 0.815430 0.539795
vt1 0.819336 0.539551
vt1 0.819336 0.539551
vt1 0.819336 0.541016
vt1 0.815918 0.541504
vt1 0.815918 0.541748
vt1 0.819824 0.541016
vt1 0.840332 0.541260
vt1 0.819336 0.541260
vt1 0.819824 0.541260
vt1 0.840332 0.541260
vt1 0.819824 0.542725
vt1 0.816406 0.543457
vt1 0.816406 0.543701
vt1 0.819824 0.542969
vt1 0.820312 0.542725
vt1 0.839844 0.542725
vt1 0.819824 0.542969
vt1 0.839844 0.542969
vt1 0.037781 0.665039
vt1 0.146851 0.664795
vt1 0.038818 0.666504
vt1 0.146851 0.666260
vt1 0.266113 0.664795
vt1 0.039032 0.666748
vt1 0.266113 0.666260
vt1 0.385254 0.664795
vt1 0.146851 0.666504
vt1 0.040070 0.667969
vt1 0.497559 0.666260
vt1 0.498535 0.664795
vt1 0.146851 0.667969
vt1 0.385254 0.666260
vt1 0.497314 0.666504
vt1 0.040070 0.668213
vt1 0.385254 0.666504
vt1 0.496338 0.667969
vt1 0.266113 0.666504
vt1 0.385254 0.667969
vt1 0.385254 0.668213
vt1 0.496338 0.668213
vt1 0.266113 0.667969
vt1 0.146851 0.668213
vt1 0.266113 0.668213
vt1 0.146851 0.669678
vt1 0.039032 0.669678
vt1 0.266113 0.669678
vt1 0.146851 0.669922
vt1 0.038818 0.669922
vt1 0.385254 0.669678
vt1 0.497314 0.669678
vt1 0.266113 0.669922
vt1 0.385254 0.669922
vt1 0.497559 0.669922
vt1 0.146851 0.671387
vt1 0.037781 0.671387
vt1 0.037781 0.671631
vt1 0.146851 0.671631
vt1 0.266113 0.671387
vt1 0.266113 0.671631
vt1 0.385254 0.671387
vt1 0.385254 0.671631
vt1 0.498535 0.671387
vt1 0.498535 0.671631
vt1 0.721191 0.501221
vt1 0.721191 0.500977
vt1 0.721680 0.500977
vt1 0.721191 0.500977
vt1 0.665527 0.500977
vt1 0.720215 0.502686
vt1 0.665527 0.501221
vt1 0.720215 0.502441
vt1 0.720215 0.502930
vt1 0.720215 0.502930
vt1 0.665527 0.502930
vt1 0.608398 0.500977
vt1 0.608398 0.500977
vt1 0.589355 0.500732
vt1 0.608398 0.502441
vt1 0.589355 0.501221
vt1 0.588867 0.500732
vt1 0.608398 0.502686
vt1 0.588867 0.500977
vt1 0.588379 0.502686
vt1 0.567383 0.500488
vt1 0.566895 0.500732
vt1 0.567383 0.500244
vt1 0.567383 0.500732
vt1 0.566895 0.502441
vt1 0.587891 0.502686
vt1 0.566895 0.502441
vt1 0.566895 0.502686
vt1 0.566895 0.502930
vt1 0.587891 0.502930
vt1 0.588379 0.502930
vt1 0.567383 0.504395
vt1 0.567383 0.504639
vt1 0.588867 0.504395
vt1 0.567871 0.504883
vt1 0.567383 0.504883
vt1 0.589355 0.504395
vt1 0.588867 0.504639
vt1 0.568359 0.506592
vt1 0.567871 0.506592
vt1 0.589355 0.504639
vt1 0.568359 0.506836
vt1 0.567871 0.506836
vt1 0.567871 0.508545
vt1 0.567871 0.508545
vt1 0.589355 0.508301
vt1 0.589844 0.506592
vt1 0.589355 0.508057
vt1 0.589844 0.506348
vt1 0.590332 0.506592
vt1 0.608398 0.508057
vt1 0.590332 0.506104
vt1 0.608398 0.506592
vt1 0.608398 0.506348
vt1 0.608398 0.504883
vt1 0.665527 0.506104
vt1 0.665527 0.507568
vt1 0.721191 0.508057
vt1 0.722168 0.506592
vt1 0.721191 0.508057
vt1 0.722656 0.506592
vt1 0.722168 0.506348
vt1 0.722656 0.506348
vt1 0.665527 0.505859
vt1 0.721191 0.504883
vt1 0.721680 0.504639
vt1 0.665527 0.504639
vt1 0.721191 0.504395
vt1 0.721191 0.504395
vt1 0.665527 0.504639
vt1 0.665527 0.503174
vt1 0.608398 0.504395
vt1 0.945312 0.728516
vt1 0.965332 0.729980
vt1 0.945312 0.730225
vt1 0.965820 0.728516
vt1 0.944824 0.728271
vt1 0.965820 0.729980
vt1 0.965820 0.728271
vt1 0.944824 0.726807
vt1 0.965820 0.728516
vt1 0.969238 0.728760
vt1 0.969238 0.730469
vt1 0.969727 0.728516
vt1 0.965820 0.728271
vt1 0.969727 0.726807
vt1 0.965820 0.726807
vt1 0.966309 0.726807
vt1 0.969727 0.726562
vt1 0.965820 0.726562
vt1 0.944824 0.726562
vt1 0.966309 0.726562
vt1 0.965820 0.725098
vt1 0.969727 0.724854
vt1 0.965820 0.725098
vt1 0.944824 0.725098
vt1 0.965820 0.724854
vt1 0.969238 0.724365
vt1 0.965820 0.724854
vt1 0.945312 0.724854
vt1 0.965820 0.723389
vt1 0.969238 0.722900
vt1 0.969238 0.722656
vt1 0.965820 0.723145
vt1 0.965332 0.723389
vt1 0.945312 0.723389
vt1 0.965332 0.723145
vt1 0.945801 0.723145
vt1 0.731934 0.218262
vt1 0.844238 0.216797
vt1 0.845215 0.218262
vt1 0.731934 0.216797
vt1 0.844238 0.216797
vt1 0.612793 0.218262
vt1 0.731934 0.216797
vt1 0.842773 0.215332
vt1 0.612793 0.216797
vt1 0.493652 0.218262
vt1 0.731934 0.215332
vt1 0.842773 0.214844
vt1 0.612793 0.216797
vt1 0.493652 0.216797
vt1 0.385498 0.216797
vt1 0.384521 0.218262
vt1 0.385742 0.216309
vt1 0.493652 0.216797
vt1 0.386719 0.214844
vt1 0.612793 0.215332
vt1 0.493652 0.215332
vt1 0.493652 0.214844
vt1 0.386719 0.214844
vt1 0.612793 0.214844
vt1 0.731934 0.214844
vt1 0.612793 0.213379
vt1 0.731934 0.213379
vt1 0.844238 0.213379
vt1 0.493652 0.213379
vt1 0.385742 0.213379
vt1 0.731934 0.213379
vt1 0.844238 0.213379
vt1 0.612793 0.213379
vt1 0.493652 0.213379
vt1 0.385498 0.213379
vt1 0.731934 0.211914
vt1 0.845215 0.211914
vt1 0.493652 0.211914
vt1 0.384521 0.211914
vt1 0.612793 0.211914
vt1 0.493652 0.211426
vt1 0.384521 0.211426
vt1 0.612793 0.211426
vt1 0.731934 0.211426
vt1 0.845215 0.211426
vt1 0.541016 0.372559
vt1 0.541016 0.372070
vt1 0.541504 0.372070
vt1 0.541016 0.372559
vt1 0.497803 0.371582
vt1 0.541016 0.374023
vt1 0.497803 0.371582
vt1 0.540527 0.374023
vt1 0.540527 0.374023
vt1 0.541016 0.374023
vt1 0.497803 0.373047
vt1 0.541016 0.375488
vt1 0.541504 0.375000
vt1 0.497803 0.373535
vt1 0.497803 0.375488
vt1 0.541016 0.375488
vt1 0.541504 0.375488
vt1 0.497803 0.375977
vt1 0.541504 0.376953
vt1 0.541992 0.376953
vt1 0.541992 0.376953
vt1 0.497803 0.377441
vt1 0.541504 0.376953
vt1 0.541504 0.378418
vt1 0.541016 0.378418
vt1 0.497803 0.377441
vt1 0.497803 0.378906
vt1 0.440674 0.378906
vt1 0.440674 0.377930
vt1 0.384766 0.380371
vt1 0.384521 0.378906
vt1 0.384521 0.378418
vt1 0.440674 0.377441
vt1 0.384766 0.376465
vt1 0.440674 0.376465
vt1 0.385010 0.375977
vt1 0.440674 0.375977
vt1 0.385742 0.374023
vt1 0.384766 0.375488
vt1 0.440674 0.375000
vt1 0.385986 0.374023
vt1 0.440674 0.374512
vt1 0.385986 0.374023
vt1 0.385742 0.374023
vt1 0.384766 0.372559
vt1 0.385010 0.372559
vt1 0.440674 0.373047
vt1 0.440674 0.373047
vt1 0.384766 0.372070
vt1 0.976074 0.913818
vt1 0.976074 0.950348
vt1 0.976074 0.913818
vt1 0.976074 0.950378
vt1 0.975586 0.950592
vt1 0.977539 0.913757
vt1 0.976074 0.950653
vt1 0.977539 0.951416
vt1 0.978027 0.914246
vt1 0.977539 0.951660
vt1 0.978027 0.951630
vt1 0.977539 0.951874
vt1 0.979004 0.952881
vt1 0.979492 0.916199
vt1 0.978027 0.914062
vt1 0.979492 0.916016
vt1 0.979492 0.916077
vt1 0.979492 0.916321
vt1 0.979492 0.951752
vt1 0.979492 0.952911
vt1 0.979492 0.951721
vt1 0.722168 0.407227
vt1 0.723145 0.408691
vt1 0.722168 0.407227
vt1 0.723145 0.408691
vt1 0.667480 0.408691
vt1 0.667480 0.407227
vt1 0.667480 0.407227
vt1 0.610352 0.407227
vt1 0.610352 0.407227
vt1 0.567383 0.407227
vt1 0.567383 0.407227
vt1 0.610352 0.408691
vt1 0.566895 0.408691
vt1 0.667480 0.409180
vt1 0.723145 0.409180
vt1 0.610352 0.409180
vt1 0.566895 0.409180
vt1 0.667480 0.410645
vt1 0.723633 0.410645
vt1 0.723633 0.410645
vt1 0.610352 0.410645
vt1 0.566895 0.410645
vt1 0.667480 0.410645
vt1 0.723145 0.412109
vt1 0.610352 0.410645
vt1 0.566895 0.410645
vt1 0.566895 0.412109
vt1 0.667480 0.412109
vt1 0.723145 0.412598
vt1 0.610352 0.412109
vt1 0.566895 0.412598
vt1 0.667480 0.412598
vt1 0.610352 0.412598
vt1 0.567383 0.414062
vt1 0.610352 0.414062
vt1 0.667480 0.414062
vt1 0.722168 0.414062
vt1 0.722168 0.414062
vt1 0.722656 0.414062
vt1 0.723145 0.412598
vt1 0.722168 0.414551
vt1 0.541504 0.412598
vt1 0.541504 0.413086
vt1 0.541504 0.413086
vt1 0.541016 0.413086
vt1 0.485596 0.412109
vt1 0.485596 0.412109
vt1 0.485596 0.413574
vt1 0.541504 0.414551
vt1 0.541504 0.415039
vt1 0.428467 0.411621
vt1 0.428467 0.411621
vt1 0.385254 0.411621
vt1 0.428467 0.413086
vt1 0.385254 0.412109
vt1 0.385010 0.411621
vt1 0.384766 0.411621
vt1 0.384766 0.413086
vt1 0.384521 0.413086
vt1 0.428467 0.413574
vt1 0.384766 0.413574
vt1 0.384521 0.413574
vt1 0.384766 0.415039
vt1 0.385254 0.415039
vt1 0.385010 0.415527
vt1 0.485596 0.413574
vt1 0.541504 0.416504
vt1 0.385254 0.415527
vt1 0.385254 0.416992
vt1 0.428467 0.415039
vt1 0.485596 0.415039
vt1 0.428467 0.415527
vt1 0.385742 0.416992
vt1 0.385254 0.416992
vt1 0.385010 0.418457
vt1 0.385254 0.418457
vt1 0.385498 0.416992
vt1 0.428467 0.418457
vt1 0.428467 0.416992
vt1 0.428467 0.416992
vt1 0.485596 0.416992
vt1 0.485596 0.418457
vt1 0.485596 0.415039
vt1 0.485596 0.416504
vt1 0.540039 0.417969
vt1 0.541016 0.419922
vt1 0.541504 0.419434
vt1 0.540527 0.417969
vt1 0.540527 0.417969
vt1 0.540039 0.417969
vt1 0.541016 0.416504
vt1 0.541504 0.416992
vt1 0.541504 0.416504
vt1 0.779297 0.342773
vt1 0.846191 0.341309
vt1 0.846191 0.342773
vt1 0.779297 0.341309
vt1 0.778809 0.342773
vt1 0.749512 0.340820
vt1 0.749023 0.342285
vt1 0.779297 0.341309
vt1 0.750000 0.340820
vt1 0.779297 0.340820
vt1 0.779297 0.340820
vt1 0.846191 0.341309
vt1 0.778809 0.339355
vt1 0.750488 0.339355
vt1 0.779297 0.339355
vt1 0.846191 0.339844
vt1 0.778809 0.339355
vt1 0.750488 0.339355
vt1 0.779297 0.339355
vt1 0.846191 0.339355
vt1 0.778809 0.337891
vt1 0.750000 0.337891
vt1 0.779297 0.337891
vt1 0.846191 0.337891
vt1 0.846191 0.337891
vt1 0.779297 0.337891
vt1 0.846191 0.336426
vt1 0.778809 0.337402
vt1 0.750000 0.337891
vt1 0.749512 0.336426
vt1 0.779297 0.336426
vt1 0.846191 0.335938
vt1 0.779297 0.335938
vt1 0.779297 0.335938
vt1 0.779297 0.336426
vt1 0.749023 0.336426
vt1 0.393311 0.590332
vt1 0.460449 0.591797
vt1 0.393311 0.591797
vt1 0.482422 0.591797
vt1 0.482422 0.590332
vt1 0.460449 0.590332
vt1 0.393311 0.590088
vt1 0.482422 0.590088
vt1 0.460449 0.590088
vt1 0.393311 0.588623
vt1 0.482422 0.588623
vt1 0.460449 0.588623
vt1 0.393311 0.588135
vt1 0.482422 0.588135
vt1 0.460449 0.588135
vt1 0.482422 0.586670
vt1 0.460449 0.586670
vt1 0.393311 0.586670
vt1 0.482422 0.586426
vt1 0.460449 0.586426
vt1 0.393311 0.586426
vt1 0.460449 0.584961
vt1 0.482422 0.584961
vt1 0.393311 0.584961
vt1 0.460449 0.584717
vt1 0.482422 0.584717
vt1 0.393311 0.584717
vt1 0.757812 0.923279
vt1 0.759766 0.952698
vt1 0.758301 0.952789
vt1 0.759277 0.923279
vt1 0.757812 0.923035
vt1 0.759766 0.923218
vt1 0.759766 0.952545
vt1 0.759277 0.923035
vt1 0.757812 0.855957
vt1 0.759277 0.856079
vt1 0.759766 0.923096
vt1 0.759766 0.856201
vt1 0.761230 0.923645
vt1 0.761230 0.952484
vt1 0.761230 0.923157
vt1 0.761230 0.856323
vt1 0.761230 0.923645
vt1 0.761230 0.952393
vt1 0.761230 0.923157
vt1 0.761719 0.856445
vt1 0.762695 0.923218
vt1 0.763184 0.856445
vt1 0.763672 0.856323
vt1 0.762695 0.923645
vt1 0.762695 0.952454
vt1 0.762695 0.952545
vt1 0.762695 0.923157
vt1 0.765137 0.856201
vt1 0.763184 0.923645
vt1 0.764160 0.952606
vt1 0.764160 0.923096
vt1 0.765137 0.856079
vt1 0.764648 0.923035
vt1 0.764648 0.923218
vt1 0.764648 0.923218
vt1 0.764648 0.952667
vt1 0.674805 0.782837
vt1 0.647461 0.782837
vt1 0.673828 0.781372
vt1 0.647461 0.781372
vt1 0.646484 0.782837
vt1 0.580078 0.782837
vt1 0.580078 0.781372
vt1 0.646973 0.781372
vt1 0.580078 0.781006
vt1 0.647461 0.781128
vt1 0.673828 0.781006
vt1 0.646973 0.781128
vt1 0.674805 0.779541
vt1 0.646973 0.779541
vt1 0.580078 0.779541
vt1 0.647461 0.779541
vt1 0.647461 0.779297
vt1 0.674316 0.779297
vt1 0.646973 0.779297
vt1 0.580078 0.779297
vt1 0.647461 0.777832
vt1 0.674316 0.777832
vt1 0.674316 0.777710
vt1 0.646484 0.777832
vt1 0.580566 0.777832
vt1 0.580566 0.777588
vt1 0.647461 0.777588
vt1 0.646484 0.777588
vt1 0.580078 0.776245
vt1 0.647461 0.776245
vt1 0.674316 0.776245
vt1 0.674316 0.776001
vt1 0.647461 0.776001
vt1 0.646973 0.776001
vt1 0.646973 0.776245
vt1 0.580078 0.776001
vt1 0.938477 0.633301
vt1 0.937012 0.629883
vt1 0.938477 0.630127
vt1 0.937012 0.633301
vt1 0.937012 0.629639
vt1 0.937012 0.633545
vt1 0.938477 0.633789
vt1 0.938477 0.653809
vt1 0.936523 0.633057
vt1 0.935547 0.629395
vt1 0.936523 0.633545
vt1 0.937012 0.654053
vt1 0.938477 0.654053
vt1 0.937012 0.654541
vt1 0.936523 0.654297
vt1 0.937012 0.654541
vt1 0.935547 0.655029
vt1 0.935059 0.633301
vt1 0.935547 0.654785
vt1 0.935059 0.633301
vt1 0.935059 0.633301
vt1 0.935059 0.654785
vt1 0.935059 0.655029
vt1 0.933594 0.654541
vt1 0.935059 0.633301
vt1 0.935059 0.629395
vt1 0.933594 0.654297
vt1 0.933105 0.654541
vt1 0.933594 0.633301
vt1 0.933105 0.629639
vt1 0.933594 0.633545
vt1 0.933594 0.633301
vt1 0.933105 0.629883
vt1 0.933594 0.654297
vt1 0.933594 0.633545
vt1 0.932129 0.633301
vt1 0.931641 0.630371
vt1 0.931152 0.630371
vt1 0.931641 0.633301
vt1 0.932129 0.633789
vt1 0.931641 0.633789
vt1 0.931641 0.653809
vt1 0.932129 0.653809
vt1 0.932129 0.654053
vt1 0.931641 0.654053
vt1 0.709961 0.591553
vt1 0.709961 0.591553
vt1 0.709961 0.591797
vt1 0.709961 0.591309
vt1 0.709473 0.590088
vt1 0.756836 0.591553
vt1 0.756836 0.591309
vt1 0.709961 0.589844
vt1 0.757324 0.590088
vt1 0.709473 0.589600
vt1 0.709473 0.589844
vt1 0.757324 0.589844
vt1 0.708984 0.588379
vt1 0.709473 0.588379
vt1 0.757812 0.588379
vt1 0.757812 0.588135
vt1 0.709473 0.588135
vt1 0.708984 0.588135
vt1 0.757324 0.586670
vt1 0.709473 0.586670
vt1 0.709473 0.586426
vt1 0.757324 0.586426
vt1 0.709473 0.586182
vt1 0.709961 0.586426
vt1 0.756836 0.584961
vt1 0.709961 0.584961
vt1 0.709961 0.584717
vt1 0.889160 0.493164
vt1 0.889160 0.492676
vt1 0.889160 0.492676
vt1 0.889160 0.493164
vt1 0.889160 0.512695
vt1 0.887695 0.492676
vt1 0.887695 0.492188
vt1 0.889160 0.512695
vt1 0.889160 0.512939
vt1 0.889160 0.512939
vt1 0.887695 0.513672
vt1 0.887695 0.513916
vt1 0.887207 0.492188
vt1 0.887207 0.492188
vt1 0.885742 0.491699
vt1 0.887207 0.513672
vt1 0.887207 0.513916
vt1 0.885742 0.491699
vt1 0.885742 0.514404
vt1 0.885742 0.514893
vt1 0.885742 0.514893
vt1 0.885742 0.514404
vt1 0.884277 0.513916
vt1 0.885742 0.491699
vt1 0.885742 0.491699
vt1 0.884277 0.513672
vt1 0.883789 0.513916
vt1 0.884277 0.492188
vt1 0.884277 0.492188
vt1 0.883789 0.492188
vt1 0.883789 0.513672
vt1 0.882324 0.512939
vt1 0.882324 0.512695
vt1 0.883789 0.492676
vt1 0.882324 0.492676
vt1 0.882324 0.493164
vt1 0.827637 0.826294
vt1 0.826660 0.825073
vt1 0.826660 0.824829
vt1 0.827148 0.826538
vt1 0.827637 0.826538
vt1 0.790039 0.826416
vt1 0.790527 0.825073
vt1 0.790039 0.824951
vt1 0.789551 0.826416
vt1 0.789551 0.826660
vt1 0.789551 0.826660
vt1 0.827637 0.826782
vt1 0.789062 0.828125
vt1 0.789062 0.828125
vt1 0.789062 0.828369
vt1 0.828125 0.828125
vt1 0.828613 0.828125
vt1 0.828613 0.828369
vt1 0.789062 0.828369
vt1 0.789551 0.829956
vt1 0.828125 0.828369
vt1 0.827637 0.829834
vt1 0.827637 0.829956
vt1 0.789551 0.829834
vt1 0.789551 0.830200
vt1 0.827148 0.830078
vt1 0.827637 0.830200
vt1 0.826660 0.831665
vt1 0.790039 0.830078
vt1 0.790039 0.831543
vt1 0.826660 0.831543
vt1 0.826660 0.831909
vt1 0.826660 0.831787
vt1 0.790527 0.831787
vt1 0.790039 0.831787
vt1 0.790527 0.831543
vt1 0.842773 0.277344
vt1 0.736328 0.277344
vt1 0.842773 0.277344
vt1 0.736328 0.276855
vt1 0.616699 0.277344
vt1 0.736328 0.275391
vt1 0.844238 0.275879
vt1 0.616699 0.276855
vt1 0.498047 0.277344
vt1 0.736328 0.275391
vt1 0.844238 0.275391
vt1 0.616699 0.275391
vt1 0.498047 0.276855
vt1 0.386719 0.277344
vt1 0.386719 0.276855
vt1 0.498047 0.275391
vt1 0.385742 0.275391
vt1 0.616699 0.275391
vt1 0.498047 0.275391
vt1 0.385498 0.275391
vt1 0.736328 0.273926
vt1 0.845215 0.273926
vt1 0.845215 0.273926
vt1 0.736328 0.273926
vt1 0.616699 0.273926
vt1 0.616699 0.273926
vt1 0.498047 0.273926
vt1 0.498047 0.273926
vt1 0.384521 0.273926
vt1 0.384521 0.273926
vt1 0.528809 0.539307
vt1 0.546875 0.539551
vt1 0.528809 0.539551
vt1 0.546875 0.539307
vt1 0.604004 0.539551
vt1 0.661133 0.539551
vt1 0.661133 0.539307
vt1 0.604004 0.539307
vt1 0.660156 0.537842
vt1 0.604004 0.537842
vt1 0.659668 0.537598
vt1 0.546875 0.537842
vt1 0.527832 0.537842
vt1 0.604004 0.537598
vt1 0.658691 0.536133
vt1 0.546875 0.537598
vt1 0.527832 0.537598
vt1 0.604004 0.536133
vt1 0.658691 0.535889
vt1 0.604004 0.535889
vt1 0.546875 0.536133
vt1 0.526855 0.536133
vt1 0.546875 0.535889
vt1 0.526855 0.535889
vt1 0.800293 0.923035
vt1 0.799805 0.856079
vt1 0.799805 0.855957
vt1 0.799805 0.923096
vt1 0.800293 0.923706
vt1 0.798340 0.923035
vt1 0.798340 0.856201
vt1 0.799805 0.923706
vt1 0.800293 0.952118
vt1 0.799805 0.952362
vt1 0.798340 0.951965
vt1 0.798340 0.923767
vt1 0.798340 0.923706
vt1 0.798340 0.951813
vt1 0.798340 0.923035
vt1 0.797852 0.856323
vt1 0.796875 0.923767
vt1 0.796875 0.952057
vt1 0.796875 0.952087
vt1 0.796875 0.922852
vt1 0.796875 0.856445
vt1 0.796875 0.923767
vt1 0.796875 0.922852
vt1 0.796387 0.856567
vt1 0.794922 0.856445
vt1 0.795410 0.922913
vt1 0.794922 0.856323
vt1 0.795410 0.923645
vt1 0.795410 0.952423
vt1 0.794922 0.952545
vt1 0.794922 0.922852
vt1 0.793457 0.856201
vt1 0.793457 0.923157
vt1 0.794922 0.923645
vt1 0.793457 0.951813
vt1 0.793457 0.923523
vt1 0.939941 0.885071
vt1 0.940430 0.951904
vt1 0.939941 0.951935
vt1 0.940430 0.885071
vt1 0.939941 0.884460
vt1 0.941895 0.885193
vt1 0.941895 0.951752
vt1 0.940430 0.884460
vt1 0.940430 0.856812
vt1 0.940430 0.856934
vt1 0.941895 0.884399
vt1 0.941895 0.855957
vt1 0.941895 0.884460
vt1 0.941895 0.856201
vt1 0.941895 0.885132
vt1 0.941895 0.951599
vt1 0.943359 0.884399
vt1 0.943359 0.856323
vt1 0.943848 0.856323
vt1 0.943359 0.885315
vt1 0.943359 0.951477
vt1 0.943848 0.951477
vt1 0.943848 0.884399
vt1 0.945312 0.856201
vt1 0.943848 0.885315
vt1 0.945312 0.951599
vt1 0.945312 0.884521
vt1 0.945312 0.885132
vt1 0.945312 0.951752
vt1 0.945312 0.856079
vt1 0.945801 0.885193
vt1 0.946777 0.951813
vt1 0.947266 0.885010
vt1 0.945801 0.884460
vt1 0.946777 0.857056
vt1 0.947266 0.884583
vt1 0.829102 0.885620
vt1 0.829102 0.952423
vt1 0.829102 0.952484
vt1 0.829102 0.885559
vt1 0.829102 0.884644
vt1 0.830566 0.885681
vt1 0.830566 0.952271
vt1 0.829102 0.884644
vt1 0.829102 0.856689
vt1 0.829102 0.856812
vt1 0.830566 0.884583
vt1 0.830566 0.855957
vt1 0.830566 0.884644
vt1 0.830566 0.856201
vt1 0.830566 0.885681
vt1 0.830566 0.952118
vt1 0.831543 0.884521
vt1 0.831543 0.856445
vt1 0.831543 0.856445
vt1 0.831543 0.885803
vt1 0.831543 0.951996
vt1 0.831543 0.884583
vt1 0.833008 0.856201
vt1 0.831543 0.885803
vt1 0.831543 0.951996
vt1 0.833008 0.952118
vt1 0.833008 0.885681
vt1 0.833008 0.952271
vt1 0.833008 0.884644
vt1 0.833008 0.856079
vt1 0.833008 0.885681
vt1 0.834473 0.952332
vt1 0.834473 0.885559
vt1 0.833008 0.884644
vt1 0.834473 0.856934
vt1 0.834473 0.884766
vt1 0.778320 0.489258
vt1 0.845215 0.489258
vt1 0.845215 0.489258
vt1 0.778320 0.489258
vt1 0.777344 0.489258
vt1 0.778320 0.487793
vt1 0.844727 0.487793
vt1 0.777344 0.489258
vt1 0.749512 0.489258
vt1 0.750000 0.489258
vt1 0.777344 0.487793
vt1 0.749023 0.487793
vt1 0.777344 0.487793
vt1 0.749023 0.487793
vt1 0.778320 0.487793
vt1 0.844727 0.487793
vt1 0.777344 0.486328
vt1 0.749512 0.486328
vt1 0.749512 0.485840
vt1 0.778320 0.486328
vt1 0.844727 0.486328
vt1 0.777344 0.485840
vt1 0.749023 0.484375
vt1 0.778320 0.485840
vt1 0.844727 0.485840
vt1 0.844727 0.484375
vt1 0.778320 0.484375
vt1 0.844727 0.484375
vt1 0.777344 0.484375
vt1 0.749023 0.484375
vt1 0.778320 0.484375
vt1 0.844727 0.482910
vt1 0.778320 0.482910
vt1 0.777344 0.484375
vt1 0.750000 0.482910
vt1 0.777832 0.482910
vt1 0.608398 0.813965
vt1 0.675293 0.813843
vt1 0.675293 0.813965
vt1 0.608398 0.813721
vt1 0.675293 0.812622
vt1 0.607910 0.813599
vt1 0.607910 0.813843
vt1 0.608398 0.812134
vt1 0.580078 0.813354
vt1 0.580078 0.813599
vt1 0.607910 0.812134
vt1 0.580078 0.812012
vt1 0.580566 0.811890
vt1 0.608398 0.811890
vt1 0.608398 0.811768
vt1 0.675293 0.812622
vt1 0.607910 0.810425
vt1 0.581055 0.810547
vt1 0.608398 0.810303
vt1 0.675293 0.811279
vt1 0.607910 0.810181
vt1 0.581055 0.810303
vt1 0.581055 0.808960
vt1 0.608398 0.810181
vt1 0.675293 0.810913
vt1 0.607910 0.808838
vt1 0.608398 0.808838
vt1 0.674805 0.809204
vt1 0.675293 0.808594
vt1 0.608398 0.808594
vt1 0.675293 0.807129
vt1 0.608398 0.807251
vt1 0.607910 0.808594
vt1 0.608398 0.807129
vt1 0.580566 0.808838
vt1 0.580566 0.807495
vt1 0.386719 0.300293
vt1 0.497803 0.300293
vt1 0.386719 0.300781
vt1 0.497803 0.300781
vt1 0.616699 0.300293
vt1 0.497803 0.302246
vt1 0.385742 0.302246
vt1 0.616699 0.300781
vt1 0.736328 0.300293
vt1 0.497803 0.302246
vt1 0.385498 0.302246
vt1 0.616699 0.302246
vt1 0.736328 0.300781
vt1 0.842773 0.300293
vt1 0.842773 0.300781
vt1 0.736328 0.302246
vt1 0.844238 0.302246
vt1 0.616699 0.302246
vt1 0.736328 0.302246
vt1 0.844238 0.302246
vt1 0.497803 0.303711
vt1 0.384521 0.303711
vt1 0.384521 0.304199
vt1 0.616699 0.303711
vt1 0.736328 0.303711
vt1 0.845215 0.303711
vt1 0.497803 0.304199
vt1 0.385498 0.305664
vt1 0.616699 0.304199
vt1 0.736328 0.304199
vt1 0.845215 0.304199
vt1 0.844238 0.305664
vt1 0.497803 0.305664
vt1 0.385742 0.305664
vt1 0.616699 0.305664
vt1 0.736328 0.305664
vt1 0.844238 0.306152
vt1 0.497803 0.305664
vt1 0.386719 0.307129
vt1 0.497803 0.307129
vt1 0.616699 0.305664
vt1 0.616699 0.307129
vt1 0.736328 0.305664
vt1 0.736328 0.307129
vt1 0.842773 0.307617
vt1 0.945801 0.691650
vt1 0.948730 0.690674
vt1 0.945801 0.691895
vt1 0.948730 0.690430
vt1 0.945312 0.690186
vt1 0.949219 0.690430
vt1 0.949219 0.690674
vt1 0.948730 0.688965
vt1 0.945312 0.689941
vt1 0.948730 0.688965
vt1 0.968750 0.691650
vt1 0.968750 0.691895
vt1 0.969238 0.691895
vt1 0.969238 0.691650
vt1 0.969727 0.690186
vt1 0.969238 0.690186
vt1 0.969727 0.689941
vt1 0.969238 0.689941
vt1 0.970215 0.688477
vt1 0.948730 0.688721
vt1 0.969727 0.688477
vt1 0.970215 0.688232
vt1 0.969727 0.688232
vt1 0.948730 0.687256
vt1 0.948730 0.687012
vt1 0.948242 0.688721
vt1 0.944824 0.688477
vt1 0.948242 0.687256
vt1 0.948242 0.687012
vt1 0.944824 0.688232
vt1 0.507812 0.696289
vt1 0.388672 0.696045
vt1 0.507812 0.696045
vt1 0.388672 0.696289
vt1 0.269531 0.696045
vt1 0.388672 0.697754
vt1 0.507812 0.697754
vt1 0.269531 0.696289
vt1 0.150146 0.696045
vt1 0.388672 0.697998
vt1 0.507812 0.697998
vt1 0.269531 0.697754
vt1 0.150146 0.696289
vt1 0.038086 0.696045
vt1 0.038086 0.696289
vt1 0.150146 0.697754
vt1 0.037933 0.697754
vt1 0.269531 0.697998
vt1 0.150146 0.697998
vt1 0.037903 0.697998
vt1 0.388672 0.699463
vt1 0.508301 0.699463
vt1 0.508301 0.699707
vt1 0.269531 0.699463
vt1 0.388672 0.699707
vt1 0.507812 0.701172
vt1 0.150146 0.699463
vt1 0.037781 0.699463
vt1 0.037781 0.699707
vt1 0.269531 0.699707
vt1 0.388672 0.701172
vt1 0.507812 0.701416
vt1 0.150146 0.699707
vt1 0.037903 0.701172
vt1 0.269531 0.701172
vt1 0.388672 0.701416
vt1 0.507812 0.702881
vt1 0.388672 0.702881
vt1 0.150146 0.701172
vt1 0.037933 0.701416
vt1 0.269531 0.701416
vt1 0.269531 0.702881
vt1 0.150146 0.701416
vt1 0.038086 0.702881
vt1 0.150146 0.702881
vt1 0.508301 0.851807
vt1 0.396973 0.851562
vt1 0.508301 0.851562
vt1 0.396973 0.851807
vt1 0.277588 0.851562
vt1 0.396973 0.853271
vt1 0.508789 0.853271
vt1 0.277588 0.851807
vt1 0.158325 0.851562
vt1 0.396973 0.853516
vt1 0.508789 0.853516
vt1 0.277588 0.853271
vt1 0.158325 0.851807
vt1 0.396973 0.854980
vt1 0.509277 0.854980
vt1 0.509277 0.855225
vt1 0.277588 0.853516
vt1 0.396973 0.855225
vt1 0.508789 0.856689
vt1 0.277588 0.854980
vt1 0.158325 0.853271
vt1 0.396973 0.856689
vt1 0.508789 0.856934
vt1 0.277588 0.855225
vt1 0.158325 0.853516
vt1 0.158325 0.854980
vt1 0.396973 0.856934
vt1 0.508301 0.858398
vt1 0.396973 0.858398
vt1 0.277588 0.856689
vt1 0.277588 0.856934
vt1 0.277588 0.858398
vt1 0.158325 0.855225
vt1 0.158325 0.856689
vt1 0.158325 0.856934
vt1 0.158325 0.858398
vt1 0.040405 0.854980
vt1 0.039124 0.856934
vt1 0.038086 0.858398
vt1 0.037842 0.858276
vt1 0.038879 0.856812
vt1 0.039337 0.856689
vt1 0.039124 0.856567
vt1 0.040405 0.855225
vt1 0.040131 0.855103
vt1 0.040131 0.854980
vt1 0.039124 0.853638
vt1 0.039368 0.853516
vt1 0.039124 0.853271
vt1 0.038910 0.853394
vt1 0.037872 0.851929
vt1 0.038116 0.851807
vt1 0.037781 0.851685
vt1 0.038055 0.851562
vt1 0.723145 0.342773
vt1 0.723633 0.341309
vt1 0.723633 0.342773
vt1 0.723633 0.341309
vt1 0.723633 0.341309
vt1 0.680176 0.341309
vt1 0.680176 0.342773
vt1 0.623047 0.342773
vt1 0.723633 0.340820
vt1 0.623047 0.341309
vt1 0.568359 0.342773
vt1 0.567383 0.341309
vt1 0.680176 0.340820
vt1 0.623047 0.340820
vt1 0.567383 0.340820
vt1 0.680176 0.339355
vt1 0.623047 0.339355
vt1 0.566895 0.339355
vt1 0.723633 0.339355
vt1 0.724121 0.339844
vt1 0.623047 0.339355
vt1 0.566895 0.339355
vt1 0.567383 0.337891
vt1 0.723633 0.339355
vt1 0.724121 0.339355
vt1 0.723633 0.337891
vt1 0.680176 0.339355
vt1 0.723633 0.337891
vt1 0.723633 0.337891
vt1 0.723633 0.337402
vt1 0.680176 0.337891
vt1 0.723145 0.336426
vt1 0.723633 0.335938
vt1 0.723633 0.335938
vt1 0.723145 0.335938
vt1 0.680176 0.337891
vt1 0.623047 0.337891
vt1 0.567383 0.337891
vt1 0.680176 0.336426
vt1 0.680176 0.335938
vt1 0.623047 0.337891
vt1 0.568359 0.336426
vt1 0.623047 0.336426
vt1 0.623047 0.335938
vt1 0.568359 0.335938
vt1 0.511719 0.889465
vt1 0.396973 0.889465
vt1 0.511719 0.889221
vt1 0.396973 0.889221
vt1 0.277588 0.889465
vt1 0.396973 0.887756
vt1 0.512207 0.887756
vt1 0.277588 0.889221
vt1 0.158325 0.889465
vt1 0.396973 0.887512
vt1 0.512207 0.887512
vt1 0.277588 0.887756
vt1 0.158325 0.889221
vt1 0.038055 0.889465
vt1 0.277588 0.887512
vt1 0.038116 0.889282
vt1 0.037781 0.889343
vt1 0.037872 0.889099
vt1 0.158325 0.887817
vt1 0.039124 0.887817
vt1 0.038879 0.887634
vt1 0.039124 0.887390
vt1 0.039368 0.887573
vt1 0.040131 0.885986
vt1 0.158325 0.887573
vt1 0.040405 0.886108
vt1 0.040131 0.885864
vt1 0.277588 0.886047
vt1 0.158325 0.886047
vt1 0.040405 0.885803
vt1 0.158325 0.885803
vt1 0.277588 0.885864
vt1 0.039368 0.884338
vt1 0.039124 0.884521
vt1 0.158325 0.884338
vt1 0.277588 0.884399
vt1 0.039124 0.884094
vt1 0.038910 0.884277
vt1 0.037842 0.882812
vt1 0.038086 0.882629
vt1 0.158325 0.882629
vt1 0.158325 0.884094
vt1 0.277588 0.882690
vt1 0.277588 0.884155
vt1 0.396973 0.882690
vt1 0.396973 0.884155
vt1 0.511719 0.882690
vt1 0.512207 0.884155
vt1 0.396973 0.884399
vt1 0.512207 0.884399
vt1 0.396973 0.885864
vt1 0.512695 0.885864
vt1 0.396973 0.886047
vt1 0.512695 0.886047
vt1 0.371338 0.073730
vt1 0.371338 0.074219
vt1 0.371094 0.074219
vt1 0.371582 0.073730
vt1 0.371582 0.023438
vt1 0.371826 0.023438
vt1 0.373047 0.074219
vt1 0.372803 0.074707
vt1 0.373535 0.020996
vt1 0.373291 0.074707
vt1 0.373047 0.074707
vt1 0.374512 0.075195
vt1 0.374756 0.020020
vt1 0.374512 0.075195
vt1 0.375000 0.020020
vt1 0.374756 0.075195
vt1 0.374756 0.075195
vt1 0.376465 0.020996
vt1 0.376465 0.074707
vt1 0.376221 0.074707
vt1 0.376709 0.021484
vt1 0.376709 0.074707
vt1 0.376465 0.074219
vt1 0.378174 0.023438
vt1 0.378174 0.074219
vt1 0.377930 0.073730
vt1 0.735840 0.622803
vt1 0.691406 0.622803
vt1 0.691406 0.621338
vt1 0.736816 0.621582
vt1 0.735840 0.623047
vt1 0.736328 0.621338
vt1 0.691406 0.621094
vt1 0.736816 0.621338
vt1 0.736816 0.621094
vt1 0.691406 0.619629
vt1 0.737793 0.619629
vt1 0.737305 0.619629
vt1 0.737305 0.619385
vt1 0.691406 0.619385
vt1 0.737793 0.619385
vt1 0.736816 0.617920
vt1 0.691406 0.617920
vt1 0.736816 0.617920
vt1 0.736328 0.617676
vt1 0.691406 0.617676
vt1 0.736816 0.617676
vt1 0.735840 0.616211
vt1 0.691406 0.616211
vt1 0.735840 0.616211
vt1 0.691406 0.615967
vt1 0.735840 0.615967
vt1 0.735840 0.615967
vt1 0.346924 0.021973
vt1 0.346680 0.021484
vt1 0.346924 0.021484
vt1 0.346680 0.021484
vt1 0.346680 0.072266
vt1 0.346436 0.072266
vt1 0.345215 0.020996
vt1 0.345215 0.020996
vt1 0.345215 0.074219
vt1 0.344971 0.020996
vt1 0.344971 0.020996
vt1 0.344971 0.074707
vt1 0.343506 0.020508
vt1 0.343506 0.075195
vt1 0.343506 0.020020
vt1 0.343262 0.075195
vt1 0.343262 0.020508
vt1 0.343262 0.020020
vt1 0.342041 0.074707
vt1 0.341797 0.020508
vt1 0.341797 0.020996
vt1 0.341797 0.074219
vt1 0.341553 0.020996
vt1 0.341553 0.020996
vt1 0.340088 0.072266
vt1 0.340088 0.021484
vt1 0.340088 0.021484
vt1 0.567383 0.378418
vt1 0.567383 0.376953
vt1 0.567383 0.378418
vt1 0.567871 0.376953
vt1 0.610840 0.378418
vt1 0.567871 0.376465
vt1 0.567383 0.376465
vt1 0.610840 0.376953
vt1 0.567383 0.375000
vt1 0.567383 0.375000
vt1 0.610840 0.376953
vt1 0.610840 0.375488
vt1 0.667969 0.376953
vt1 0.667969 0.377930
vt1 0.667969 0.376465
vt1 0.722656 0.376953
vt1 0.723633 0.378418
vt1 0.723633 0.378418
vt1 0.722656 0.376953
vt1 0.722656 0.376953
vt1 0.722656 0.376953
vt1 0.723633 0.375488
vt1 0.723633 0.375488
vt1 0.667969 0.375000
vt1 0.667969 0.375000
vt1 0.723633 0.375000
vt1 0.610840 0.375000
vt1 0.667969 0.373535
vt1 0.724121 0.373535
vt1 0.567383 0.375000
vt1 0.566895 0.375000
vt1 0.610840 0.373047
vt1 0.566895 0.373535
vt1 0.566895 0.373535
vt1 0.566895 0.373047
vt1 0.566895 0.373535
vt1 0.566895 0.371582
vt1 0.667969 0.373535
vt1 0.724121 0.373047
vt1 0.723633 0.372070
vt1 0.610840 0.373047
vt1 0.567383 0.372070
vt1 0.566895 0.371582
vt1 0.567383 0.371582
vt1 0.667969 0.372070
vt1 0.723633 0.371582
vt1 0.667969 0.371582
vt1 0.610840 0.371582
vt1 0.610840 0.371582
vt1 0.082336 0.614014
vt1 0.038116 0.614014
vt1 0.037964 0.612549
vt1 0.083374 0.612549
vt1 0.082581 0.614014
vt1 0.083130 0.612549
vt1 0.037933 0.612305
vt1 0.083557 0.612305
vt1 0.083252 0.612305
vt1 0.037781 0.610840
vt1 0.084351 0.610840
vt1 0.084045 0.610840
vt1 0.084351 0.610596
vt1 0.084045 0.610596
vt1 0.037781 0.610596
vt1 0.083252 0.609131
vt1 0.083557 0.608887
vt1 0.037903 0.609131
vt1 0.083069 0.608887
vt1 0.083374 0.608643
vt1 0.037964 0.608887
vt1 0.082336 0.607422
vt1 0.082642 0.607178
vt1 0.038116 0.607422
vt1 0.082581 0.606934
vt1 0.038086 0.607178
vt1 0.082275 0.607178
vt1 0.540039 0.718506
vt1 0.540039 0.718750
vt1 0.540039 0.718750
vt1 0.540039 0.718506
vt1 0.540527 0.667969
vt1 0.540527 0.667969
vt1 0.541992 0.718994
vt1 0.541504 0.719238
vt1 0.541992 0.666016
vt1 0.541992 0.718994
vt1 0.541992 0.719482
vt1 0.541992 0.665527
vt1 0.543457 0.719727
vt1 0.543457 0.664795
vt1 0.543457 0.719971
vt1 0.543457 0.664795
vt1 0.543945 0.719727
vt1 0.543945 0.719971
vt1 0.544922 0.665527
vt1 0.545410 0.719482
vt1 0.545410 0.718994
vt1 0.544922 0.666016
vt1 0.545410 0.719238
vt1 0.545410 0.718994
vt1 0.546387 0.667969
vt1 0.546875 0.718750
vt1 0.546875 0.718506
vt1 0.539062 0.510254
vt1 0.538086 0.511475
vt1 0.539062 0.510010
vt1 0.538086 0.511475
vt1 0.483398 0.510010
vt1 0.538086 0.511719
vt1 0.538086 0.511719
vt1 0.483398 0.511475
vt1 0.539062 0.513184
vt1 0.539062 0.513184
vt1 0.539062 0.513428
vt1 0.483398 0.511719
vt1 0.483398 0.513184
vt1 0.539062 0.513428
vt1 0.540527 0.514893
vt1 0.483398 0.513428
vt1 0.540039 0.514893
vt1 0.540039 0.515137
vt1 0.483154 0.514893
vt1 0.540039 0.515137
vt1 0.539062 0.516846
vt1 0.426025 0.516113
vt1 0.539062 0.516602
vt1 0.539062 0.517090
vt1 0.538574 0.516846
vt1 0.483154 0.515137
vt1 0.483154 0.516602
vt1 0.483154 0.516846
vt1 0.426270 0.518311
vt1 0.426270 0.518066
vt1 0.426025 0.516357
vt1 0.407227 0.516602
vt1 0.406982 0.516846
vt1 0.407959 0.515137
vt1 0.406982 0.516846
vt1 0.406738 0.517090
vt1 0.407471 0.515137
vt1 0.385742 0.517090
vt1 0.385498 0.517334
vt1 0.385254 0.517090
vt1 0.385254 0.516846
vt1 0.385986 0.515137
vt1 0.385742 0.515137
vt1 0.385742 0.515137
vt1 0.407471 0.514893
vt1 0.385986 0.514893
vt1 0.385254 0.513428
vt1 0.407959 0.514893
vt1 0.385498 0.513184
vt1 0.385010 0.513184
vt1 0.426270 0.514648
vt1 0.407227 0.513184
vt1 0.426270 0.514404
vt1 0.406738 0.513184
vt1 0.406982 0.512939
vt1 0.426514 0.512939
vt1 0.406494 0.512939
vt1 0.406250 0.511230
vt1 0.426514 0.512695
vt1 0.426514 0.511230
vt1 0.407227 0.509521
vt1 0.406250 0.510986
vt1 0.406494 0.509521
vt1 0.406006 0.510986
vt1 0.385254 0.509277
vt1 0.406006 0.511230
vt1 0.384766 0.510986
vt1 0.384521 0.510986
vt1 0.384766 0.509277
vt1 0.384766 0.511230
vt1 0.384521 0.511230
vt1 0.385254 0.512939
vt1 0.783203 0.536133
vt1 0.768555 0.536133
vt1 0.783203 0.535889
vt1 0.768555 0.536377
vt1 0.715820 0.536133
vt1 0.768555 0.537842
vt1 0.783203 0.537842
vt1 0.715820 0.536377
vt1 0.691895 0.535889
vt1 0.691895 0.536133
vt1 0.716309 0.537842
vt1 0.691406 0.537842
vt1 0.716309 0.537842
vt1 0.691406 0.538086
vt1 0.768555 0.538086
vt1 0.783203 0.538086
vt1 0.716309 0.539307
vt1 0.691406 0.539551
vt1 0.768555 0.539551
vt1 0.783203 0.539551
vt1 0.716309 0.539551
vt1 0.691406 0.539795
vt1 0.691406 0.541260
vt1 0.768555 0.539795
vt1 0.783203 0.539795
vt1 0.783203 0.541260
vt1 0.768555 0.541016
vt1 0.783203 0.541504
vt1 0.716309 0.541260
vt1 0.691406 0.541504
vt1 0.768555 0.541260
vt1 0.783203 0.542969
vt1 0.768555 0.542725
vt1 0.716309 0.541504
vt1 0.691895 0.542969
vt1 0.716309 0.542969
vt1 0.653320 0.717773
vt1 0.653809 0.717529
vt1 0.653809 0.717773
vt1 0.653320 0.666016
vt1 0.653320 0.666016
vt1 0.653320 0.717529
vt1 0.651855 0.717773
vt1 0.651855 0.718262
vt1 0.651855 0.665527
vt1 0.651855 0.718262
vt1 0.651367 0.718018
vt1 0.651855 0.665527
vt1 0.650391 0.718262
vt1 0.650391 0.718506
vt1 0.650391 0.664795
vt1 0.649902 0.718506
vt1 0.649902 0.664795
vt1 0.649902 0.718262
vt1 0.648438 0.718262
vt1 0.648438 0.665527
vt1 0.648438 0.718018
vt1 0.648438 0.665527
vt1 0.648438 0.717773
vt1 0.647949 0.718262
vt1 0.646973 0.666016
vt1 0.646484 0.717773
vt1 0.646973 0.717529
vt1 0.507324 0.820679
vt1 0.388672 0.820435
vt1 0.507324 0.820435
vt1 0.388672 0.820679
vt1 0.388672 0.822144
vt1 0.507812 0.822144
vt1 0.269531 0.820679
vt1 0.269531 0.820435
vt1 0.150146 0.820435
vt1 0.269531 0.822144
vt1 0.388672 0.822388
vt1 0.507812 0.822388
vt1 0.269531 0.822388
vt1 0.388672 0.823853
vt1 0.508301 0.823853
vt1 0.269531 0.823853
vt1 0.388672 0.824097
vt1 0.508301 0.824097
vt1 0.507812 0.825562
vt1 0.388672 0.825562
vt1 0.507812 0.825806
vt1 0.269531 0.824097
vt1 0.388672 0.825806
vt1 0.507324 0.827271
vt1 0.388672 0.827271
vt1 0.269531 0.827271
vt1 0.269531 0.825806
vt1 0.150146 0.827271
vt1 0.269531 0.825562
vt1 0.150146 0.825806
vt1 0.038086 0.827271
vt1 0.037933 0.825806
vt1 0.150146 0.825562
vt1 0.037903 0.825562
vt1 0.150146 0.824097
vt1 0.037781 0.824097
vt1 0.037781 0.823853
vt1 0.150146 0.823853
vt1 0.037903 0.822388
vt1 0.150146 0.822388
vt1 0.037933 0.822144
vt1 0.150146 0.822144
vt1 0.038086 0.820679
vt1 0.150146 0.820679
vt1 0.038086 0.820435
vt1 0.498291 0.341797
vt1 0.541016 0.343262
vt1 0.498291 0.343262
vt1 0.541504 0.341797
vt1 0.441406 0.343262
vt1 0.498291 0.341309
vt1 0.541504 0.341309
vt1 0.441406 0.341797
vt1 0.386719 0.343262
vt1 0.385742 0.341797
vt1 0.441406 0.341309
vt1 0.385498 0.341309
vt1 0.498291 0.339844
vt1 0.541992 0.339844
vt1 0.441406 0.339844
vt1 0.384521 0.339844
vt1 0.541992 0.339355
vt1 0.441406 0.339355
vt1 0.384521 0.339355
vt1 0.498291 0.339355
vt1 0.541504 0.337891
vt1 0.385498 0.337891
vt1 0.498291 0.337891
vt1 0.541504 0.337891
vt1 0.441406 0.337891
vt1 0.385742 0.337891
vt1 0.498291 0.337891
vt1 0.541016 0.336426
vt1 0.441406 0.337891
vt1 0.386719 0.336426
vt1 0.498291 0.336426
vt1 0.541016 0.335938
vt1 0.498291 0.335938
vt1 0.441406 0.336426
vt1 0.386719 0.335938
vt1 0.441406 0.335938
vt1 0.388672 0.763550
vt1 0.507324 0.765015
vt1 0.388672 0.765015
vt1 0.507812 0.763550
vt1 0.269531 0.765015
vt1 0.388672 0.763306
vt1 0.507812 0.763306
vt1 0.269531 0.763550
vt1 0.150146 0.765015
vt1 0.388672 0.761841
vt1 0.508301 0.761841
vt1 0.508301 0.761597
vt1 0.269531 0.763306
vt1 0.150146 0.763550
vt1 0.038086 0.765015
vt1 0.037933 0.763550
vt1 0.150146 0.763306
vt1 0.037903 0.763306
vt1 0.269531 0.761841
vt1 0.150146 0.761841
vt1 0.037781 0.761841
vt1 0.388672 0.761597
vt1 0.507812 0.760132
vt1 0.269531 0.761597
vt1 0.150146 0.761597
vt1 0.037781 0.761597
vt1 0.037903 0.760132
vt1 0.388672 0.760132
vt1 0.507812 0.759888
vt1 0.269531 0.760132
vt1 0.150146 0.760132
vt1 0.037933 0.759888
vt1 0.388672 0.759888
vt1 0.507324 0.758423
vt1 0.269531 0.759888
vt1 0.150146 0.759888
vt1 0.038086 0.758423
vt1 0.388672 0.758423
vt1 0.507324 0.758179
vt1 0.388672 0.758179
vt1 0.269531 0.758423
vt1 0.269531 0.758179
vt1 0.150146 0.758423
vt1 0.150146 0.758179
vt1 0.038086 0.758179
vt1 0.150146 0.790771
vt1 0.038086 0.789307
vt1 0.150146 0.789307
vt1 0.269531 0.789307
vt1 0.037933 0.790771
vt1 0.269531 0.790771
vt1 0.388672 0.789307
vt1 0.150146 0.791016
vt1 0.037903 0.791016
vt1 0.388672 0.790771
vt1 0.507324 0.789307
vt1 0.507812 0.790771
vt1 0.269531 0.791016
vt1 0.150146 0.792480
vt1 0.037781 0.792480
vt1 0.388672 0.791016
vt1 0.507812 0.791016
vt1 0.269531 0.792480
vt1 0.388672 0.792480
vt1 0.508301 0.792480
vt1 0.150146 0.792725
vt1 0.037781 0.792725
vt1 0.037903 0.794189
vt1 0.388672 0.792725
vt1 0.508301 0.792725
vt1 0.507812 0.794189
vt1 0.269531 0.792725
vt1 0.150146 0.794189
vt1 0.037933 0.794434
vt1 0.269531 0.794189
vt1 0.388672 0.794189
vt1 0.507812 0.794434
vt1 0.150146 0.794434
vt1 0.038086 0.795898
vt1 0.269531 0.794434
vt1 0.388672 0.794434
vt1 0.507324 0.795898
vt1 0.150146 0.795898
vt1 0.038086 0.796143
vt1 0.150146 0.796143
vt1 0.269531 0.795898
vt1 0.269531 0.796143
vt1 0.388672 0.795898
vt1 0.388672 0.796143
vt1 0.507324 0.796143
vt1 0.544434 0.832642
vt1 0.544434 0.778076
vt1 0.544922 0.832642
vt1 0.544434 0.890625
vt1 0.544922 0.778076
vt1 0.544434 0.890625
vt1 0.544434 0.890930
vt1 0.544922 0.890869
vt1 0.546387 0.832764
vt1 0.546387 0.777100
vt1 0.546387 0.889648
vt1 0.546387 0.889954
vt1 0.546387 0.889771
vt1 0.546387 0.889526
vt1 0.546387 0.832764
vt1 0.546387 0.776978
vt1 0.547852 0.888550
vt1 0.547852 0.888855
vt1 0.548340 0.888855
vt1 0.547852 0.832886
vt1 0.547852 0.776001
vt1 0.548340 0.776001
vt1 0.548340 0.888550
vt1 0.549805 0.889832
vt1 0.548340 0.832886
vt1 0.549805 0.776978
vt1 0.549805 0.832886
vt1 0.549805 0.777222
vt1 0.549805 0.889587
vt1 0.549805 0.832886
vt1 0.551270 0.778320
vt1 0.551270 0.832886
vt1 0.549805 0.889832
vt1 0.549805 0.890076
vt1 0.551270 0.890869
vt1 0.551270 0.891113
vt1 0.882324 0.333984
vt1 0.904785 0.318359
vt1 0.904785 0.353027
vt1 0.882324 0.318359
vt1 0.969727 0.458496
vt1 0.944824 0.440430
vt1 0.969727 0.420410
vt1 0.944824 0.458496
vt1 0.384521 0.451660
vt1 0.541016 0.480469
vt1 0.384521 0.480469
vt1 0.541016 0.451660
vt1 0.673340 0.838257
vt1 0.673340 0.951233
vt1 0.651367 0.838257
vt1 0.651367 0.951233
vt1 0.139038 0.134277
vt1 0.135986 0.623535
vt1 0.116821 0.153320
vt1 0.113708 0.623291
vt1 0.130371 0.086914
vt1 0.139038 0.134277
vt1 0.108887 0.100098
vt1 0.116821 0.153320
vt1 0.913574 0.283203
vt1 0.939453 0.249512
vt1 0.939941 0.271484
vt1 0.913574 0.238281
vt1 0.218140 0.613525
vt1 0.248291 0.616211
vt1 0.220337 0.619873
vt1 0.248047 0.613281
vt1 0.218140 0.613525
vt1 0.215576 0.143066
vt1 0.248047 0.613281
vt1 0.245483 0.143066
vt1 0.253174 0.098145
vt1 0.223267 0.086914
vt1 0.024628 0.572998
vt1 0.012390 0.517578
vt1 0.062744 0.572998
vt1 0.094177 0.536377
vt1 0.094055 0.047363
vt1 0.012398 0.047363
vt1 0.015572 0.041504
vt1 0.050476 0.012695
vt1 0.207153 0.012695
vt1 0.207153 0.047363
vt1 0.355957 0.109375
vt1 0.340088 0.127441
vt1 0.353027 0.109375
vt1 0.922363 0.419434
vt1 0.900391 0.400879
vt1 0.922363 0.384766
vt1 0.900391 0.384766
vt1 0.969727 0.524902
vt1 0.944824 0.506836
vt1 0.969727 0.487305
vt1 0.944824 0.524902
vt1 0.723145 0.471680
vt1 0.566895 0.471680
vt1 0.566895 0.442871
vt1 0.723145 0.442871
vt1 0.726562 0.838257
vt1 0.726562 0.951172
vt1 0.704590 0.838257
vt1 0.704590 0.951172
vt1 0.280273 0.546631
vt1 0.277832 0.076660
vt1 0.307373 0.076172
vt1 0.309814 0.546387
vt1 0.191895 0.121094
vt1 0.188965 0.609863
vt1 0.169800 0.139648
vt1 0.166992 0.609863
vt1 0.183594 0.073730
vt1 0.191895 0.121094
vt1 0.162231 0.086426
vt1 0.169800 0.139648
vt1 0.277832 0.076660
vt1 0.315186 0.031250
vt1 0.307373 0.076172
vt1 0.285400 0.020020
vt1 0.758301 0.829590
vt1 0.725586 0.802612
vt1 0.747559 0.802856
vt1 0.713379 0.827759
vt1 0.280273 0.546631
vt1 0.310303 0.549316
vt1 0.282471 0.552979
vt1 0.309814 0.546387
vt1 0.931152 0.094238
vt1 0.953125 0.208984
vt1 0.918457 0.205566
vt1 0.967285 0.052734
vt1 0.444092 0.095215
vt1 0.407959 0.064453
vt1 0.463379 0.014648
vt1 0.407959 0.026367
vt1 0.932617 0.014648
vt1 0.938477 0.017578
vt1 0.869629 0.139648
vt1 0.826172 0.109375
vt1 0.869629 0.121582
vt1 0.826172 0.170898
vt1 0.355957 0.109375
vt1 0.355957 0.170898
vt1 0.340088 0.127441
vt1 0.340088 0.283691
vt1 0.355957 0.283691
vn -0.125984 -0.803150 -0.582677
vn 0.669291 -0.448819 -0.598425
vn 0.692913 -0.614173 -0.377953
vn -0.755906 0.440945 -0.488189
vn -0.614173 -0.000000 -0.787401
vn -0.614173 0.519685 -0.590551
vn 0.803150 0.007874 0.598425
vn 0.779528 0.015748 -0.629921
vn 0.779528 0.015748 0.629921
vn -0.787402 -0.039370 0.614173
vn -0.795276 -0.133858 0.598425
vn -0.692913 -0.070866 0.716535
vn -0.661417 -0.283464 0.692913
vn 0.464567 -0.692913 0.559055
vn 0.488189 -0.692913 0.535433
vn 0.645669 -0.653543 0.401575
vn 0.692913 -0.629921 0.362205
vn 0.826772 0.086614 -0.559055
vn 0.748031 0.047244 -0.661417
vn 0.700787 0.244094 -0.669291
vn 0.661417 0.078740 -0.748031
vn -0.464567 0.692913 -0.551181
vn -0.488189 0.692913 -0.535433
vn -0.653543 0.645669 -0.393701
vn -0.645669 0.653543 -0.401575
vn -0.795276 -0.133858 0.598425
vn -0.787402 -0.039370 0.614173
vn 0.779528 0.000000 0.629921
vn 0.779528 0.000000 0.629921
vn 0.629921 0.000000 0.779527
vn 0.629921 0.000000 0.779527
vn -0.629921 0.000000 0.779527
vn -0.629921 0.000000 0.779527
vn -0.779528 0.000000 0.629921
vn -0.779528 0.000000 0.629921
vn -0.779528 -0.000000 -0.629921
vn -0.779528 -0.000000 -0.629921
vn -0.629921 -0.000000 -0.779527
vn -0.629921 -0.000000 -0.779527
vn 0.629921 -0.000000 -0.779527
vn 0.629921 -0.000000 -0.779527
vn 0.779528 -0.000000 -0.629921
vn 0.779528 -0.000000 -0.629921
vn 0.779528 0.000000 0.629921
vn 0.779528 0.000000 0.629921
vn 0.677165 0.740157 -0.000000
vn 0.653543 0.755905 0.007874
vn 0.834646 0.259843 0.496063
vn 0.803150 0.590551 0.007874
vn 0.803150 -0.590551 -0.007874
vn 0.842520 -0.456693 -0.291339
vn 0.653543 -0.755905 -0.007874
vn 0.677165 -0.740157 0.000000
vn -0.653543 -0.755905 0.000000
vn -0.629921 -0.779527 0.000000
vn -0.834646 -0.480315 -0.275590
vn -0.850394 -0.527559 -0.007874
vn -0.850394 0.527559 0.007874
vn -0.834646 0.275591 0.472441
vn -0.653543 0.755905 -0.000000
vn -0.629921 0.779527 -0.000000
vn 0.653543 0.755905 0.007874
vn 0.677165 0.740157 -0.000000
vn 0.677165 0.740157 -0.000000
vn 0.653543 0.755905 0.007874
vn 0.834646 0.251969 0.496063
vn 0.803150 0.590551 0.007874
vn 0.803150 -0.590551 -0.007874
vn 0.842520 -0.456693 -0.291339
vn 0.653543 -0.755905 -0.007874
vn 0.677165 -0.740157 0.000000
vn -0.653543 -0.755905 0.000000
vn -0.629921 -0.779527 0.000000
vn -0.834646 -0.480315 -0.275590
vn -0.850394 -0.527559 -0.007874
vn -0.850394 0.527559 0.007874
vn -0.834646 0.275591 0.472441
vn -0.653543 0.755905 -0.000000
vn -0.629921 0.779527 -0.000000
vn 0.677165 0.740157 -0.000000
vn 0.653543 0.755905 0.007874
vn -0.078740 -0.000000 -1.000000
vn -0.275591 -0.000000 -0.960630
vn -0.055118 0.637795 -0.771653
vn -0.204724 0.645669 -0.732283
vn -0.047244 0.787401 -0.614173
vn -0.149606 0.826771 -0.535433
vn 0.047244 0.771653 0.637795
vn 0.181102 0.740157 0.645669
vn 0.062992 0.629921 0.779527
vn 0.220472 0.598425 0.771653
vn 0.078740 0.000000 1.000000
vn 0.275591 0.000000 0.960630
vn 0.000000 -0.000000 -1.000000
vn 0.000000 -0.000000 -1.000000
vn 0.000000 0.629921 -0.779527
vn 0.000000 0.629921 -0.779527
vn 0.000000 0.779527 -0.629921
vn 0.000000 0.779527 -0.629921
vn 0.000000 0.779527 0.629921
vn 0.000000 0.779527 0.629921
vn 0.000000 0.629921 0.779527
vn 0.000000 0.629921 0.779527
vn 0.000000 0.000000 1.000000
vn 0.000000 0.000000 1.000000
vn 0.881890 0.000000 0.480315
vn 0.881890 0.000000 0.480315
vn 0.685039 0.629921 0.370079
vn 0.685039 0.622047 0.370079
vn 0.551181 0.779527 0.299212
vn 0.566929 0.763779 0.307086
vn -0.409449 0.881890 -0.220473
vn -0.543307 0.787401 -0.291339
vn -0.622047 0.708661 -0.330709
vn -0.685039 0.629921 -0.362205
vn -0.881890 -0.000000 -0.464567
vn -0.881890 -0.000000 -0.464567
vn 0.000000 -0.000000 -1.000000
vn 0.000000 -0.000000 -1.000000
vn 0.000000 0.629921 -0.779527
vn 0.000000 0.629921 -0.779527
vn 0.000000 0.779527 -0.629921
vn 0.000000 0.779527 -0.629921
vn 0.000000 0.779527 0.629921
vn 0.000000 0.779527 0.629921
vn 0.000000 0.629921 0.779527
vn 0.000000 0.629921 0.779527
vn 0.000000 0.000000 1.000000
vn 0.000000 0.000000 1.000000
vn -1.000000 0.000000 0.000000
vn -1.000000 0.000000 0.000000
vn -0.779528 0.629921 -0.000000
vn -0.779528 0.629921 -0.000000
vn -0.629921 0.779527 -0.000000
vn -0.629921 0.779527 -0.000000
vn 0.629921 0.779527 -0.000000
vn 0.629921 0.779527 -0.000000
vn 0.779528 0.629921 -0.000000
vn 0.779528 0.629921 -0.000000
vn 1.000000 0.000000 0.000000
vn 1.000000 0.000000 0.000000
vn -0.763780 0.645669 0.007874
vn -0.755906 0.653543 -0.007874
vn -0.763780 -0.645669 0.007874
vn -0.755906 -0.653543 -0.007874
vn -0.574803 -0.818897 0.007874
vn -0.559055 -0.834646 -0.007874
vn 0.661417 -0.748031 -0.007874
vn 0.669291 -0.740157 0.007874
vn 0.795276 -0.606299 -0.007874
vn 0.795276 -0.606299 0.007874
vn 0.795276 0.606299 0.007874
vn 0.795276 0.606299 -0.007874
vn 0.669291 0.740157 0.007874
vn 0.661417 0.748031 -0.007874
vn -0.559055 0.826772 -0.007874
vn -0.574803 0.818897 0.007874
vn -0.755906 0.653543 -0.007874
vn -0.763780 0.645669 0.007874
vn 0.440945 0.000000 0.897638
vn 0.425197 0.000000 0.905512
vn -0.811024 0.000000 0.582677
vn -0.803150 0.000000 0.598425
vn -0.929134 0.181102 0.314961
vn -0.905512 0.000000 0.425197
vn -0.606299 -0.000000 -0.795275
vn -0.677165 -0.732283 -0.007874
vn -0.598425 -0.000000 -0.795275
vn -0.440945 -0.897638 0.000000
vn -0.440945 -0.000000 -0.897638
vn -0.425197 -0.000000 -0.905512
vn 0.826772 -0.566929 0.000000
vn 0.803150 -0.000000 -0.598425
vn 0.818898 -0.000000 -0.574803
vn 0.905512 -0.000000 -0.425197
vn 0.960630 -0.000000 -0.283465
vn 0.944882 -0.322835 -0.007874
vn 0.598425 0.000000 0.803149
vn 0.677165 0.338583 0.653543
vn 0.440945 0.000000 0.897638
vn 0.425197 0.000000 0.905512
vn -0.354331 0.000000 0.937008
vn -0.354331 0.000000 0.937008
vn -0.984252 -0.000000 -0.157480
vn -0.984252 -0.000000 -0.157480
vn -0.937008 -0.000000 -0.354331
vn -0.937008 -0.000000 -0.354331
vn 0.157480 -0.000000 -0.984252
vn 0.157480 -0.000000 -0.984252
vn 0.354331 -0.000000 -0.937008
vn 0.354331 -0.000000 -0.937008
vn 0.984252 0.000000 0.157480
vn 0.984252 0.000000 0.157480
vn 0.937008 0.000000 0.354331
vn 0.937008 0.000000 0.354331
vn -0.157480 0.000000 0.984252
vn -0.157480 0.000000 0.984252
vn -0.354331 0.000000 0.937008
vn -0.354331 0.000000 0.937008
vn -0.685039 0.574803 -0.440945
vn -0.653543 0.629921 -0.417323
vn -0.637795 0.653543 -0.409449
vn -0.645669 0.645669 -0.417323
vn 0.251969 0.952756 0.149606
vn 0.401575 0.881890 0.244094
vn 0.480315 0.826772 0.291338
vn 0.559055 0.755905 0.346457
vn 0.834646 0.173228 0.527559
vn 0.834646 0.173228 0.527559
vn 0.023622 -0.842520 0.535433
vn 0.047244 -0.866142 0.503937
vn 0.031496 -0.677165 0.740157
vn 0.015748 -0.637795 0.771653
vn -0.015748 0.637795 0.771653
vn -0.031496 0.677165 0.740157
vn -0.047244 0.866142 0.503937
vn -0.023622 0.842520 0.535433
vn -0.023622 0.724409 -0.692913
vn -0.031496 0.740157 -0.677165
vn -0.023622 0.614173 -0.795276
vn -0.007874 0.590551 -0.811024
vn 0.031496 -0.598425 -0.803149
vn 0.023622 -0.622047 -0.787401
vn 0.031496 -0.748031 -0.661417
vn 0.031496 -0.732283 -0.677165
vn 0.023622 -0.842520 0.535433
vn 0.047244 -0.866142 0.503937
vn -0.984252 0.000000 0.157480
vn -0.937008 0.000000 0.354331
vn -0.937008 0.000000 0.354331
vn -0.984252 0.000000 0.157480
vn -0.354331 -0.000000 -0.937008
vn -0.354331 -0.000000 -0.937008
vn -0.157480 -0.000000 -0.984252
vn -0.157480 -0.000000 -0.984252
vn 0.937008 -0.000000 -0.354331
vn 0.937008 -0.000000 -0.354331
vn 0.984252 -0.000000 -0.157480
vn 0.984252 -0.000000 -0.157480
vn 0.354331 0.000000 0.937008
vn 0.354331 0.000000 0.937008
vn 0.157480 0.000000 0.984252
vn 0.157480 0.000000 0.984252
vn -0.937008 0.000000 0.354331
vn -0.937008 0.000000 0.354331
vn 0.440945 0.897638 0.007874
vn 0.677165 0.338583 0.653543
vn 0.503937 0.866142 -0.000000
vn 0.606299 0.795275 0.007874
vn 0.944882 -0.322835 -0.007874
vn 0.929134 -0.307087 -0.188976
vn 0.826772 -0.566929 0.000000
vn 0.811024 -0.582677 0.000000
vn -0.440945 -0.897638 0.000000
vn -0.440945 -0.897638 0.000000
vn -0.685039 -0.637795 -0.362205
vn -0.677165 -0.732283 -0.007874
vn -0.960630 0.283465 -0.000000
vn -0.929134 0.181102 0.314961
vn -0.818898 0.566929 -0.000000
vn -0.787402 0.622047 -0.000000
vn 0.440945 0.897638 0.007874
vn 0.503937 0.866142 -0.000000
vn -0.543307 0.787401 -0.291339
vn -0.622047 0.708661 -0.330709
vn -0.409449 0.881890 -0.220473
vn -0.685039 0.629921 -0.362205
vn -0.622047 -0.708661 -0.330709
vn -0.685039 -0.629921 -0.362205
vn -0.543307 -0.787401 -0.291338
vn -0.409449 -0.881890 -0.220472
vn 0.566929 -0.763779 0.307087
vn 0.551181 -0.779527 0.299213
vn 0.685039 -0.622047 0.370079
vn 0.685039 -0.629921 0.370079
vn 0.685039 0.629921 0.370079
vn 0.685039 0.622047 0.370079
vn 0.551181 0.779527 0.299212
vn 0.566929 0.763779 0.307086
vn -0.409449 0.881890 -0.220473
vn -0.543307 0.787401 -0.291339
vn 0.401575 0.881890 0.244094
vn 0.480315 0.826772 0.291338
vn 0.559055 0.755905 0.346457
vn 0.251969 0.952756 0.149606
vn -0.645669 0.645669 -0.417323
vn -0.637795 0.653543 -0.409449
vn -0.740157 0.480315 -0.472441
vn -0.740157 0.488189 -0.464567
vn -0.559055 -0.755905 -0.330709
vn -0.566929 -0.748031 -0.346457
vn -0.417323 -0.881890 -0.244094
vn -0.433071 -0.866142 -0.259842
vn 0.519685 -0.787401 0.338583
vn 0.622047 -0.669291 0.409449
vn 0.685039 -0.574803 0.440945
vn 0.732283 -0.488189 0.472441
vn 0.559055 0.755905 0.346457
vn 0.480315 0.826772 0.291338
vn -0.590551 0.803149 -0.047244
vn -0.740157 0.669291 -0.047244
vn -0.779528 0.629921 -0.039370
vn -0.519685 0.850394 -0.062992
vn 0.645669 0.763779 -0.055118
vn 0.685039 0.724409 -0.039370
vn 0.795276 0.606299 -0.047244
vn 0.803150 0.598425 -0.023622
vn 0.795276 -0.606299 0.047244
vn 0.795276 -0.606299 0.031496
vn 0.653543 -0.755905 0.047244
vn 0.669291 -0.740157 0.039370
vn -0.582677 -0.811023 0.039370
vn -0.551181 -0.826772 0.062992
vn -0.771654 -0.637795 0.031496
vn -0.748031 -0.661417 0.047244
vn -0.779528 0.629921 -0.039370
vn -0.740157 0.669291 -0.047244
vn -0.590551 0.803149 -0.047244
vn -0.740157 0.669291 -0.047244
vn -0.779528 0.629921 -0.039370
vn -0.519685 0.850394 -0.062992
vn 0.645669 0.763779 -0.055118
vn 0.685039 0.724409 -0.039370
vn 0.795276 0.606299 -0.047244
vn 0.803150 0.598425 -0.023622
vn 0.795276 -0.606299 0.047244
vn 0.795276 -0.606299 0.031496
vn 0.653543 -0.755905 0.047244
vn 0.669291 -0.740157 0.039370
vn -0.582677 -0.811023 0.039370
vn -0.551181 -0.826772 0.062992
vn -0.771654 -0.637795 0.031496
vn -0.748031 -0.661417 0.047244
vn -0.779528 0.629921 -0.039370
vn -0.740157 0.669291 -0.047244
vn -0.755906 -0.653543 -0.007874
vn -0.574803 -0.818897 0.007874
vn -0.763780 -0.645669 0.007874
vn -0.559055 -0.834646 -0.007874
vn 0.661417 -0.748031 -0.007874
vn 0.669291 -0.740157 0.007874
vn 0.795276 -0.606299 -0.007874
vn 0.795276 -0.606299 0.007874
vn 0.795276 0.606299 0.007874
vn 0.795276 0.606299 -0.007874
vn 0.669291 0.740157 0.007874
vn 0.661417 0.748031 -0.007874
vn -0.559055 0.826772 -0.007874
vn -0.574803 0.818897 0.007874
vn -0.755906 0.653543 -0.007874
vn -0.763780 0.645669 0.007874
vn -0.763780 -0.645669 0.007874
vn -0.755906 -0.653543 -0.007874
vn -0.015748 -0.858268 0.511811
vn 0.000000 -0.716535 -0.692913
vn 0.007874 -0.842520 0.535433
vn 0.000000 -0.732283 -0.677165
vn 0.000000 -0.598425 -0.803149
vn 0.007874 -0.590551 -0.803149
vn 0.000000 0.598425 -0.803150
vn 0.007874 0.590551 -0.803150
vn 0.000000 0.732283 -0.677165
vn 0.000000 0.716535 -0.692913
vn 0.015748 0.858268 0.511811
vn -0.007874 0.850394 0.535433
vn 0.007874 0.653543 0.755905
vn -0.007874 0.661417 0.748031
vn 0.007874 -0.661417 0.748031
vn -0.007874 -0.653543 0.755905
vn -0.015748 -0.858268 0.511811
vn 0.007874 -0.842520 0.535433
vn -0.007874 -0.661417 0.748031
vn 0.007874 0.653543 0.755905
vn -0.007874 0.661417 0.748031
vn 0.007874 -0.653543 0.755905
vn -0.007874 -0.850394 0.527559
vn 0.015748 -0.858268 0.519685
vn 0.000000 -0.732283 -0.677165
vn 0.000000 -0.724409 -0.692913
vn 0.000000 -0.606299 -0.795275
vn 0.007874 -0.590551 -0.803149
vn 0.007874 0.590551 -0.803150
vn 0.000000 0.606299 -0.795276
vn 0.000000 0.732283 -0.677165
vn 0.000000 0.724409 -0.685039
vn 0.015748 0.858268 0.511811
vn -0.007874 0.850394 0.535433
vn -0.007874 0.661417 0.748031
vn 0.007874 0.653543 0.755905
vn -0.692913 -0.070866 0.716535
vn -0.779528 0.000000 0.629921
vn -0.787402 -0.039370 0.614173
vn -0.629921 0.000000 0.779527
vn 0.606299 -0.007874 0.795275
vn 0.629921 -0.007874 0.779527
vn 0.464567 -0.692913 0.559055
vn 0.779528 -0.007874 0.629921
vn 0.692913 -0.629921 0.362205
vn 0.811024 -0.007874 0.582677
vn 0.779528 -0.000000 -0.629921
vn 0.748031 0.047244 -0.661417
vn 0.629921 -0.000000 -0.779527
vn 0.661417 0.078740 -0.748031
vn -0.606299 0.007874 -0.795275
vn -0.464567 0.692913 -0.551181
vn -0.629921 0.007874 -0.779527
vn -0.787402 0.007874 -0.622047
vn -0.653543 0.645669 -0.393701
vn -0.779528 0.007874 -0.629921
vn -0.787402 -0.039370 0.614173
vn -0.779528 0.000000 0.629921
vn 0.629921 0.000000 0.779527
vn 0.779528 -0.007874 0.629921
vn 0.629921 0.000000 0.779527
vn 0.834646 0.251969 0.496063
vn 0.850394 -0.007874 -0.519685
vn 0.779528 -0.007874 -0.629921
vn 0.803150 -0.590551 -0.007874
vn 0.653543 -0.007874 -0.755905
vn 0.629921 -0.000000 -0.779527
vn 0.653543 -0.755905 -0.007874
vn -0.653543 -0.000000 -0.755905
vn -0.629921 -0.000000 -0.779527
vn -0.653543 -0.755905 0.000000
vn -0.779528 0.007874 -0.629921
vn -0.850394 -0.527559 -0.007874
vn -0.803150 -0.000000 -0.598425
vn -0.779528 0.007874 0.629921
vn -0.834646 0.275591 0.472441
vn -0.677165 0.000000 0.740157
vn -0.629921 0.007874 0.771653
vn 0.629921 0.000000 0.779527
vn 0.629921 0.000000 0.779527
vn 0.629921 0.000000 0.779527
vn 0.779528 0.000000 0.629921
vn 0.629921 0.000000 0.779527
vn 0.834646 0.259843 0.496063
vn 0.897638 -0.000000 -0.440945
vn 0.779528 -0.000000 -0.629921
vn 0.803150 -0.590551 -0.007874
vn 0.661417 -0.000000 -0.748031
vn 0.629921 -0.000000 -0.779527
vn 0.685039 -0.078740 -0.724409
vn 0.653543 -0.755905 -0.007874
vn -0.661417 -0.000000 -0.748031
vn -0.629921 -0.000000 -0.779527
vn -0.779528 -0.000000 -0.629921
vn -0.685039 -0.078740 -0.724409
vn -0.653543 -0.755905 0.000000
vn -0.850394 -0.527559 -0.007874
vn -0.850394 -0.007874 -0.527559
vn -0.779528 0.000000 0.629921
vn -0.834646 0.275591 0.472441
vn -0.677165 0.000000 0.740157
vn -0.629921 0.000000 0.779527
vn 0.629921 0.000000 0.779527
vn 0.629921 0.000000 0.779527
vn -0.433071 0.661417 0.614173
vn -0.582677 0.000000 0.811023
vn -0.574803 0.000000 0.818897
vn -0.448819 0.645669 0.622047
vn -0.338583 0.811024 0.472441
vn -0.251969 0.897638 0.354331
vn 0.385827 0.748031 -0.535433
vn 0.425197 0.677165 -0.598425
vn 0.464567 0.606299 -0.645669
vn 0.488189 0.543307 -0.685039
vn 0.582677 -0.000000 -0.811023
vn 0.582677 -0.000000 -0.811023
vn 1.000000 -0.000000 -0.047244
vn 1.000000 -0.000000 -0.047244
vn 0.771654 0.629921 -0.031496
vn 0.779528 0.629921 -0.031496
vn 0.629921 0.771653 -0.023622
vn 0.629921 0.779527 -0.023622
vn -0.629921 0.779527 0.023622
vn -0.629921 0.771653 0.023622
vn -0.771654 0.629921 0.031496
vn -0.779528 0.629921 0.031496
vn -1.000000 0.000000 0.047244
vn -1.000000 0.000000 0.047244
vn -1.000000 0.000000 0.000000
vn -1.000000 0.000000 0.000000
vn -0.779528 0.629921 -0.000000
vn -0.779528 0.629921 -0.000000
vn -0.629921 0.779527 -0.000000
vn -0.629921 0.779527 -0.000000
vn 0.629921 0.779527 -0.000000
vn 0.629921 0.779527 -0.000000
vn 0.779528 0.629921 -0.000000
vn 0.779528 0.629921 -0.000000
vn 1.000000 0.000000 0.000000
vn 1.000000 0.000000 0.000000
vn -1.000000 0.000000 0.015748
vn -1.000000 0.000000 0.015748
vn -0.779528 0.629921 0.015748
vn -0.779528 0.629921 0.015748
vn -0.629921 0.771653 0.007874
vn -0.629921 0.779527 0.007874
vn 0.629921 0.779527 -0.007874
vn 0.629921 0.771653 -0.007874
vn 0.779528 0.629921 -0.015748
vn 0.779528 0.629921 -0.015748
vn 1.000000 -0.000000 -0.015748
vn 1.000000 -0.000000 -0.015748
vn -0.015748 -0.858268 0.511811
vn 0.007874 -0.842520 0.535433
vn 0.007874 -0.661417 0.748031
vn -0.015748 -0.653543 0.755905
vn -0.007874 0.661417 0.748031
vn 0.007874 0.653543 0.755905
vn -0.015748 0.850394 0.527559
vn 0.007874 0.858268 0.511811
vn 0.007874 0.732283 -0.677165
vn 0.000000 0.724409 -0.692913
vn 0.000000 0.606299 -0.795276
vn 0.015748 0.598425 -0.803150
vn 0.015748 -0.598425 -0.803149
vn 0.000000 -0.606299 -0.795275
vn 0.007874 -0.740157 -0.677165
vn 0.000000 -0.724409 -0.692913
vn 0.007874 -0.842520 0.535433
vn -0.015748 -0.858268 0.511811
vn 0.748031 0.661417 -0.000000
vn -0.196850 0.921260 0.330709
vn -0.409449 0.677165 0.606299
vn 0.440945 0.897638 0.007874
vn 0.677165 0.740157 -0.000000
vn 0.811024 0.590551 0.007874
vn 0.000000 0.582677 0.811023
vn -0.007874 0.732283 0.685039
vn -0.007874 0.850394 -0.527559
vn -0.535433 0.842520 -0.007874
vn -0.685039 0.732283 -0.000000
vn -0.007874 0.653543 -0.755905
vn -0.755906 0.653543 -0.000000
vn -0.779528 0.629921 -0.000000
vn 0.007874 -0.645669 -0.763779
vn -0.779528 -0.629921 0.000000
vn -0.755906 -0.653543 0.000000
vn -0.685039 -0.732283 0.000000
vn -0.535433 -0.842520 -0.007874
vn 0.007874 -0.842520 -0.543307
vn 0.440945 -0.897638 0.007874
vn 0.677165 -0.740157 0.000000
vn 0.007874 -0.740157 0.677165
vn 0.748031 -0.661417 0.000000
vn -0.299213 -0.874016 0.385827
vn 0.803150 -0.590551 0.007874
vn 0.007874 -0.590551 0.811024
vn -0.456693 -0.645669 0.614173
vn 0.811024 0.590551 0.007874
vn 0.000000 0.582677 0.811023
vn 0.748031 0.661417 -0.000000
vn -0.409449 0.677165 0.606299
vn 0.748031 0.661417 -0.000000
vn -0.236220 0.905512 0.354331
vn -0.425197 0.669291 0.614173
vn 0.448819 0.897638 0.007874
vn 0.677165 0.740157 -0.000000
vn 0.811024 0.590551 0.007874
vn 0.000000 0.590551 0.811023
vn 0.000000 0.732283 0.677165
vn -0.007874 0.842520 -0.535433
vn -0.535433 0.842520 -0.007874
vn -0.685039 0.724409 -0.000000
vn 0.000000 0.653543 -0.755905
vn -0.755906 0.653543 -0.000000
vn -0.779528 0.629921 -0.000000
vn 0.000000 -0.653543 -0.755905
vn -0.779528 -0.629921 0.000000
vn -0.755906 -0.653543 0.000000
vn -0.685039 -0.724409 0.000000
vn -0.535433 -0.842520 -0.007874
vn 0.000000 -0.842520 -0.535433
vn 0.440945 -0.897638 0.007874
vn 0.677165 -0.740157 0.000000
vn 0.000000 -0.740157 0.677165
vn 0.748031 -0.661417 0.000000
vn -0.267717 -0.889764 0.370079
vn -0.440945 -0.653543 0.614173
vn 0.803150 -0.590551 0.007874
vn 0.007874 -0.590551 0.811024
vn 0.748031 0.661417 -0.000000
vn -0.425197 0.669291 0.614173
vn 0.811024 0.590551 0.007874
vn 0.000000 0.590551 0.811023
vn 0.000000 -0.590551 0.811024
vn 0.000000 -0.629921 0.779527
vn 0.000000 -0.732283 0.677165
vn 0.000000 -0.779527 0.629921
vn 0.000000 -0.629921 0.779527
vn 0.000000 -0.842520 -0.535433
vn 0.000000 -0.779527 0.629921
vn 0.000000 -0.629921 0.779527
vn 0.000000 -0.779527 -0.629921
vn 0.000000 -0.653543 -0.755905
vn 0.000000 -0.779527 0.629921
vn 0.000000 -0.637795 0.771653
vn 0.000000 -0.803149 0.598425
vn 0.000000 -0.779527 -0.629921
vn 0.000000 -0.629921 -0.779527
vn 0.000000 0.653543 -0.755905
vn 0.000000 -0.779527 -0.629921
vn 0.000000 -0.755905 -0.653543
vn 0.000000 -0.629921 -0.779527
vn 0.000000 -0.629921 -0.779527
vn 0.000000 -0.614173 -0.787401
vn 0.000000 0.629921 -0.779527
vn 0.000000 0.629921 -0.779527
vn 0.000000 0.629921 -0.779527
vn 0.000000 0.614173 -0.787401
vn 0.000000 0.755905 -0.653543
vn 0.000000 0.779527 -0.629921
vn 0.000000 0.842520 -0.535433
vn 0.000000 0.779527 -0.629921
vn 0.000000 0.779527 -0.629921
vn 0.000000 0.803150 0.598425
vn 0.000000 0.779527 0.629921
vn 0.000000 0.732283 0.677165
vn 0.000000 0.779527 0.629921
vn 0.000000 0.779527 0.629921
vn 0.000000 0.637795 0.771653
vn 0.000000 0.629921 0.779527
vn 0.000000 0.590551 0.811023
vn 0.000000 -0.590551 0.811024
vn 0.000000 -0.629921 0.779527
vn 0.000000 0.629921 0.779527
vn 0.000000 -0.629921 0.779527
vn 0.000000 0.629921 0.779527
vn 0.000000 -0.629921 0.779527
vn 0.000000 -0.637795 0.771653
vn -0.102362 0.000000 0.992126
vn 0.102362 0.007874 0.992126
vn -0.102362 0.015748 0.992126
vn 0.102362 0.000000 0.992126
vn 0.992126 -0.007874 0.102362
vn -0.102362 0.000000 0.992126
vn 0.992126 0.000000 0.102362
vn 0.992126 -0.015748 -0.102362
vn 0.102362 0.000000 0.992126
vn 0.102362 -0.007874 0.992126
vn -0.102362 -0.007874 0.992126
vn 0.992126 0.007874 0.102362
vn 0.992126 0.000000 0.102362
vn 0.992126 0.007874 -0.102362
vn 0.992126 -0.000000 -0.102362
vn 0.992126 -0.000000 -0.102362
vn 0.102362 -0.000000 -0.992126
vn 0.102362 0.007874 -0.992126
vn 0.102362 -0.000000 -0.992126
vn 0.102362 -0.015748 -0.992126
vn -0.102362 -0.000000 -0.992126
vn -0.102362 0.007874 -0.992126
vn -0.102362 -0.000000 -0.992126
vn -0.102362 -0.007874 -0.992126
vn -0.992126 -0.000000 -0.102362
vn -0.992126 -0.007874 -0.102362
vn -0.992126 -0.000000 -0.102362
vn -0.992126 0.007874 -0.102362
vn -0.992126 0.000000 0.102362
vn -0.992126 -0.007874 0.102362
vn -0.992126 0.000000 0.102362
vn -0.992126 0.015748 0.102362
vn -0.102362 0.015748 0.992126
vn -0.102362 0.000000 0.992126
vn -0.102362 0.000000 0.992126
vn -0.102362 -0.007874 0.992126
vn -0.779528 -0.000000 -0.629921
vn -0.779528 -0.000000 -0.629921
vn -0.629921 -0.000000 -0.779527
vn -0.629921 -0.000000 -0.779527
vn -0.779528 -0.000000 -0.629921
vn 0.629921 -0.000000 -0.779527
vn -0.629921 -0.000000 -0.779527
vn 0.629921 -0.000000 -0.779527
vn 0.779528 -0.000000 -0.629921
vn 0.629921 -0.000000 -0.779527
vn 0.779528 -0.000000 -0.629921
vn 0.779528 0.000000 0.629921
vn 0.779528 -0.000000 -0.629921
vn 0.779528 0.000000 0.629921
vn 0.779528 0.000000 0.629921
vn 0.629921 0.000000 0.779527
vn 0.629921 0.000000 0.779527
vn 0.629921 0.000000 0.779527
vn -0.629921 0.000000 0.779527
vn -0.629921 0.000000 0.779527
vn -0.629921 0.000000 0.779527
vn -0.779528 0.000000 0.629921
vn -0.779528 0.000000 0.629921
vn -0.779528 0.000000 0.629921
vn -0.779528 -0.000000 -0.629921
vn -0.779528 -0.000000 -0.629921
vn -0.779528 -0.000000 -0.629921
vn 0.755906 0.653543 -0.007874
vn 0.622047 0.779527 -0.000000
vn 0.779528 0.629921 -0.000000
vn 0.535433 0.842520 -0.007874
vn -0.629921 0.771653 -0.000000
vn 0.582677 0.732283 -0.346457
vn -0.677165 0.740157 0.007874
vn -0.779528 0.629921 -0.000000
vn 0.456693 0.850394 -0.267717
vn 0.566929 0.748031 -0.346457
vn -0.803150 0.590551 0.007874
vn -0.779528 -0.629921 0.000000
vn -0.425197 0.874016 0.244094
vn 0.417323 0.874016 -0.251969
vn 0.000000 0.653543 -0.755905
vn 0.000000 0.842520 -0.535433
vn 0.000000 0.732283 0.677165
vn -0.448819 0.850394 0.275590
vn 0.000000 0.590551 0.811023
vn -0.566929 0.748031 0.338583
vn -0.582677 0.732283 0.354331
vn 0.000000 -0.590551 0.811024
vn -0.582677 -0.732283 0.354331
vn -0.566929 -0.748031 0.338583
vn -0.448819 -0.850394 0.275591
vn 0.000000 -0.732283 0.677165
vn -0.803150 -0.590551 0.007874
vn -0.425197 -0.874016 0.244095
vn 0.417323 -0.874016 -0.251968
vn 0.000000 -0.842520 -0.535433
vn -0.677165 -0.740157 0.007874
vn -0.629921 -0.771653 0.000000
vn 0.456693 -0.850394 -0.267716
vn 0.566929 -0.748031 -0.346457
vn 0.000000 -0.653543 -0.755905
vn 0.000000 0.653543 -0.755905
vn 0.566929 0.748031 -0.346457
vn 0.582677 -0.732283 -0.346457
vn 0.582677 0.732283 -0.346457
vn 0.535433 -0.842520 -0.007874
vn 0.622047 -0.779527 0.000000
vn 0.755906 -0.653543 -0.007874
vn 0.755906 0.653543 -0.007874
vn 0.779528 -0.629921 0.000000
vn 0.779528 0.629921 -0.000000
vn -0.204724 -0.653543 -0.732283
vn -0.055118 -0.637795 -0.771653
vn -0.047244 -0.787401 -0.614173
vn -0.149606 -0.826772 -0.535433
vn -0.755906 -0.653543 -0.007874
vn 0.047244 -0.771653 0.637795
vn -0.559055 -0.834646 -0.007874
vn 0.181102 -0.740157 0.645669
vn 0.062992 -0.629921 0.779527
vn 0.669291 -0.740157 0.007874
vn 0.220472 -0.598425 0.771653
vn 0.795276 -0.606299 0.007874
vn 0.220472 0.598425 0.771653
vn 0.062992 0.629921 0.779527
vn 0.795276 0.606299 0.007874
vn 0.181102 0.740157 0.645669
vn 0.047244 0.771653 0.637795
vn 0.669291 0.740157 0.007874
vn -0.149606 0.826771 -0.535433
vn -0.559055 0.826772 -0.007874
vn -0.047244 0.787401 -0.614173
vn -0.755906 0.653543 -0.007874
vn -0.204724 0.645669 -0.732283
vn -0.055118 0.637795 -0.771653
vn -0.755906 -0.653543 -0.007874
vn -0.055118 -0.637795 -0.771653
vn -0.204724 -0.653543 -0.732283
vn -0.779528 0.629921 -0.000000
vn -0.677165 0.732283 -0.000000
vn -0.811024 0.590551 0.007874
vn -0.629921 0.779527 -0.000000
vn 0.535433 0.842520 -0.000000
vn -0.755906 0.653543 -0.000000
vn 0.629921 0.779527 -0.000000
vn 0.755906 0.653543 -0.000000
vn -0.535433 0.842520 -0.000000
vn -0.007874 0.661417 0.748031
vn -0.007874 0.850394 0.535433
vn 0.000000 0.732283 -0.677165
vn 0.677165 0.732283 -0.000000
vn 0.779528 0.629921 -0.000000
vn 0.755906 -0.653543 0.000000
vn 0.811024 0.590551 -0.007874
vn 0.007874 0.590551 -0.803150
vn 0.007874 -0.590551 -0.803149
vn 0.779528 -0.629921 0.000000
vn 0.811024 -0.590551 -0.007874
vn 0.677165 -0.732283 0.000000
vn 0.000000 -0.732283 -0.677165
vn -0.007874 -0.850394 0.527559
vn 0.629921 -0.779527 0.000000
vn 0.535433 -0.842520 0.000000
vn -0.535433 -0.842520 0.000000
vn -0.007874 -0.661417 0.748031
vn -0.629921 -0.779527 0.000000
vn -0.677165 -0.732283 0.000000
vn -0.755906 -0.653543 0.000000
vn -0.007874 0.661417 0.748031
vn -0.755906 0.653543 -0.000000
vn -0.779528 0.629921 -0.000000
vn -0.779528 -0.629921 0.000000
vn -0.811024 -0.590551 0.007874
vn -0.811024 0.590551 0.007874
vn 0.133858 -0.645669 -0.755905
vn 0.000000 -0.779527 -0.629921
vn 0.000000 -0.629921 -0.779527
vn 0.110236 -0.795276 -0.590551
vn 0.000000 -0.779527 0.629921
vn 0.299213 -0.645669 -0.700787
vn -0.118110 -0.771653 0.629921
vn 0.000000 -0.629921 0.779527
vn 0.244094 -0.795276 -0.559055
vn 0.606299 -0.637795 -0.472441
vn -0.149606 -0.629921 0.763779
vn 0.000000 0.629921 0.779527
vn -0.259843 -0.755905 0.598425
vn 0.480315 -0.795276 -0.370079
vn 0.496063 -0.779527 -0.385827
vn 0.614173 -0.629921 -0.472441
vn 0.614173 -0.645669 -0.448819
vn 0.488189 -0.803150 -0.346457
vn -0.496063 -0.779527 0.385827
vn -0.527559 -0.755905 0.385827
vn -0.511811 -0.763779 0.393701
vn -0.614173 -0.629921 0.472441
vn -0.629921 -0.622047 0.456693
vn -0.622047 -0.622047 0.480315
vn -0.314961 -0.622047 0.716535
vn -0.622047 0.622047 0.480315
vn -0.614173 0.629921 0.472441
vn -0.629921 0.622047 0.456693
vn -0.527559 0.755905 0.385827
vn -0.149606 0.629921 0.763779
vn -0.496063 0.779527 0.385827
vn 0.488189 0.803149 -0.346457
vn -0.314961 0.622047 0.716535
vn -0.118110 0.771653 0.622047
vn 0.000000 0.779527 0.629921
vn -0.259843 0.755905 0.598425
vn -0.511811 0.763779 0.393701
vn 0.480315 0.795275 -0.370079
vn 0.244094 0.795275 -0.559055
vn 0.102362 0.795275 -0.590551
vn 0.000000 0.779527 -0.629921
vn 0.496063 0.779527 -0.385827
vn 0.614173 0.645669 -0.448819
vn 0.606299 0.637795 -0.472441
vn 0.614173 0.629921 -0.472441
vn 0.614173 -0.645669 -0.448819
vn 0.614173 -0.629921 -0.472441
vn 0.606299 -0.637795 -0.472441
vn 0.299213 -0.645669 -0.700787
vn 0.299213 0.645669 -0.700787
vn 0.133858 0.645669 -0.755905
vn 0.133858 -0.645669 -0.755905
vn 0.000000 0.629921 -0.779527
vn 0.000000 -0.629921 -0.779527
vn 0.000000 0.629921 -0.779527
vn 0.000000 0.779527 -0.629921
vn 0.000000 0.629921 -0.779527
vn 0.000000 0.779527 -0.629921
vn 0.000000 0.779527 0.629921
vn 0.000000 0.629921 -0.779527
vn 0.000000 0.779527 0.629921
vn 0.000000 0.629921 0.779527
vn 0.000000 0.779527 -0.629921
vn 0.000000 0.629921 -0.779527
vn 0.000000 0.629921 0.779527
vn 0.000000 -0.629921 0.779527
vn 0.000000 0.779527 -0.629921
vn -0.055118 0.637795 -0.771653
vn 0.000000 0.779527 0.629921
vn 0.000000 0.629921 0.779527
vn 0.000000 0.779527 0.629921
vn -0.047244 0.787401 -0.614173
vn -0.196850 0.645669 -0.732283
vn -0.149606 0.826771 -0.535433
vn 0.047244 0.771653 0.637795
vn 0.173228 0.740157 0.645669
vn 0.000000 0.629921 0.779527
vn 0.062992 0.629921 0.779527
vn 0.212598 0.598425 0.771653
vn 0.000000 -0.629921 0.779527
vn 0.062992 -0.629921 0.779527
vn 0.212598 -0.598425 0.771653
vn 0.173228 -0.740157 0.645669
vn 0.000000 -0.629921 0.779527
vn 0.047244 -0.771653 0.637795
vn -0.149606 -0.826772 -0.535433
vn 0.000000 -0.779527 0.629921
vn -0.047244 -0.787401 -0.614173
vn -0.196850 -0.645669 -0.732283
vn 0.000000 -0.779527 0.629921
vn -0.055118 -0.637795 -0.771653
vn -0.196850 0.645669 -0.732283
vn -0.055118 0.637795 -0.771653
vn 0.000000 -0.779527 -0.629921
vn 0.000000 -0.629921 -0.779527
vn 0.000000 0.629921 -0.779527
vn 0.000000 0.629921 -0.779527
vn 0.000000 -0.629921 -0.779527
vn 0.000000 0.629921 -0.779527
vn 0.000000 -0.779527 -0.629921
vn 0.000000 -0.629921 -0.779527
vn 0.000000 0.629921 -0.779527
vn 0.000000 -0.629921 -0.779527
vn 0.000000 -0.779527 -0.629921
vn 0.000000 -0.779527 -0.629921
vn 0.000000 -0.779527 0.629921
vn 0.000000 -0.779527 0.629921
vn 0.000000 -0.629921 0.779527
vn -0.779528 -0.629921 0.000000
vn -0.811024 -0.590551 0.007874
vn -0.677165 -0.732283 0.000000
vn -0.629921 -0.779527 0.000000
vn -0.755906 -0.653543 0.000000
vn 0.535433 -0.842520 0.000000
vn -0.535433 -0.842520 0.000000
vn 0.629921 -0.779527 0.000000
vn 0.755906 -0.653543 0.000000
vn 0.677165 -0.732283 0.000000
vn 0.779528 -0.629921 0.000000
vn 0.811024 -0.590551 -0.007874
vn 0.811024 0.590551 -0.007874
vn 0.779528 0.629921 -0.000000
vn 0.755906 0.653543 -0.000000
vn 0.677165 0.732283 -0.000000
vn 0.629921 0.779527 -0.000000
vn 0.535433 0.842520 -0.000000
vn -0.535433 0.842520 -0.000000
vn -0.629921 0.779527 -0.000000
vn -0.677165 0.732283 -0.000000
vn -0.755906 0.653543 -0.000000
vn -0.779528 0.629921 -0.000000
vn -0.811024 0.590551 0.007874
vn -0.755906 -0.653543 0.000000
vn -0.811024 -0.590551 0.007874
vn -0.779528 -0.629921 0.000000
vn -0.629921 0.000000 0.779527
vn -0.653543 0.007874 0.755905
vn -0.779528 0.000000 0.629921
vn -0.811024 0.007874 0.582677
vn -0.653543 0.755905 -0.000000
vn -0.850394 0.527559 0.007874
vn -0.779528 -0.000000 -0.629921
vn -0.834646 -0.480315 -0.275590
vn -0.669291 -0.000000 -0.740157
vn -0.629921 -0.000000 -0.779527
vn 0.629921 -0.000000 -0.779527
vn 0.629921 -0.000000 -0.779527
vn 0.842520 -0.456693 -0.291339
vn 0.779528 -0.000000 -0.629921
vn 0.850394 0.007874 0.519685
vn 0.803150 0.590551 0.007874
vn 0.779528 0.000000 0.629921
vn 0.653543 0.755905 0.007874
vn 0.653543 0.007874 0.755905
vn 0.629921 0.000000 0.779527
vn -0.653543 0.007874 0.755905
vn -0.653543 0.755905 -0.000000
vn -0.629921 0.000000 0.779527
vn 0.779528 0.000000 0.629921
vn 0.653543 0.007874 0.755905
vn 0.629921 0.000000 0.779527
vn 0.850394 0.007874 0.519685
vn 0.653543 0.755905 0.007874
vn 0.803150 0.590551 0.007874
vn 0.779528 -0.000000 -0.629921
vn 0.842520 -0.456693 -0.291339
vn 0.629921 -0.000000 -0.779527
vn 0.629921 -0.000000 -0.779527
vn -0.669291 -0.000000 -0.740157
vn -0.629921 -0.000000 -0.779527
vn -0.779528 -0.000000 -0.629921
vn -0.834646 -0.480315 -0.275590
vn -0.811024 0.007874 0.582677
vn -0.850394 0.527559 0.007874
vn -0.779528 0.000000 0.629921
vn -0.653543 0.755905 -0.000000
vn -0.653543 0.007874 0.755905
vn 0.653543 0.755905 0.007874
vn -0.629921 0.000000 0.779527
vn 0.653543 0.007874 0.755905
vn 0.629921 0.000000 0.779527
vn 0.220472 0.598425 0.771653
vn 1.000000 0.000000 0.007874
vn 0.275591 0.000000 0.960630
vn 0.795276 0.606299 0.007874
vn 0.181102 0.740157 0.645669
vn 1.000000 -0.000000 -0.007874
vn 0.669291 0.740157 0.007874
vn -0.149606 0.826771 -0.535433
vn 0.795276 0.606299 -0.007874
vn 0.582677 -0.000000 -0.811023
vn 0.464567 0.606299 -0.645669
vn 0.661417 0.748031 -0.007874
vn 0.385827 0.748031 -0.535433
vn -0.559055 0.826772 -0.007874
vn -0.204724 0.645669 -0.732283
vn -0.574803 0.818897 0.007874
vn -0.338583 0.811024 0.472441
vn -0.755906 0.653543 -0.007874
vn -1.000000 -0.000000 -0.007874
vn -0.275591 -0.000000 -0.960630
vn -1.000000 0.000000 0.007874
vn -0.763780 0.645669 0.007874
vn -0.448819 0.645669 0.622047
vn -0.582677 0.000000 0.811023
vn -0.015748 0.000000 1.000000
vn -0.755906 0.653543 -0.000000
vn -1.000000 0.000000 0.000000
vn -0.007874 0.661417 0.748031
vn 0.015748 0.000000 1.000000
vn -0.535433 0.842520 -0.000000
vn 0.007874 0.653543 0.755905
vn 1.000000 0.000000 0.000000
vn 0.755906 0.653543 -0.000000
vn 0.535433 0.842520 -0.000000
vn 0.015748 0.858268 0.511811
vn -0.007874 0.850394 0.535433
vn 0.007874 0.740157 -0.677165
vn 0.000000 0.748031 -0.669291
vn 0.677165 0.732283 -0.000000
vn 0.000000 0.629921 -0.779527
vn 0.811024 0.590551 -0.007874
vn 0.015748 0.598425 -0.803150
vn 0.015748 -0.000000 -1.000000
vn 0.000000 -0.000000 -1.000000
vn 1.000000 0.000000 0.000000
vn 0.000000 0.842520 -0.535433
vn 0.677165 0.732283 -0.000000
vn 0.000000 0.732283 0.677165
vn -0.535433 0.842520 -0.007874
vn 0.629921 0.779527 -0.007874
vn 0.000000 0.653543 -0.755905
vn -0.629921 0.779527 -0.007874
vn 0.000000 0.590551 -0.803150
vn -0.755906 0.653543 -0.000000
vn 0.000000 -0.653543 -0.755905
vn -0.779528 0.629921 -0.007874
vn -0.590551 -0.000000 -0.803149
vn -0.779528 -0.629921 -0.007874
vn 0.000000 -0.590551 -0.803149
vn -0.755906 -0.653543 0.000000
vn -0.535433 -0.842520 -0.007874
vn 0.000000 -0.842520 -0.535433
vn -0.629921 -0.779527 -0.007874
vn 0.677165 -0.732283 0.000000
vn 0.000000 -0.732283 0.677165
vn 0.629921 -0.779527 -0.007874
vn 0.779528 -0.629921 -0.007874
vn 0.590551 -0.000000 -0.803149
vn 0.811024 -0.590551 0.007874
vn 0.000000 -0.590551 0.811024
vn 0.779528 0.629921 -0.007874
vn 0.000000 0.590551 -0.803150
vn 0.629921 0.779527 -0.007874
vn 0.677165 0.732283 -0.000000
vn 0.811024 0.590551 0.007874
vn 0.000000 0.590551 0.811023
vn 0.000000 0.732283 0.677165
vn -0.834646 -0.283465 -0.472441
vn -0.559055 0.023622 -0.826772
vn 0.000000 -0.598425 -0.795275
vn 0.000000 0.677165 -0.740157
vn -0.133858 0.803149 -0.582677
vn 0.000000 -0.598425 -0.803149
vn 0.661417 -0.448819 -0.598425
vn 0.377953 -0.047244 -0.921260
vn 0.000000 0.732283 -0.685039
vn 0.000000 0.937008 -0.354331
vn 0.133858 0.803149 -0.582677
vn 0.000000 0.677165 -0.732283
vn 0.362205 0.181102 -0.913386
vn 0.000000 0.637795 -0.771653
vn 0.000000 0.716535 -0.700787
vn 0.000000 0.826771 -0.566929
vn 0.000000 0.677165 -0.732283
vn 0.000000 0.818897 -0.574803
vn 0.000000 0.779527 0.629921
vn 0.000000 0.677165 -0.740157
vn 0.559055 0.023622 -0.826772
vn 0.834646 -0.291339 -0.472441
vn 0.000000 -0.606299 -0.795275
vn 0.000000 -0.598425 -0.795275
vn -0.834646 -0.291339 -0.472441
vn -0.559055 0.023622 -0.826772
vn 0.000000 0.677165 -0.740157
vn -0.133858 0.803149 -0.582677
vn 0.000000 0.732283 -0.685039
vn 0.000000 0.937008 -0.354331
vn 0.133858 0.795275 -0.590551
vn 0.000000 0.818897 -0.574803
vn 0.000000 0.677165 -0.740157
vn 0.559055 0.015748 -0.826772
vn 0.826772 -0.299213 -0.480315
vn 0.000000 -0.606299 -0.795275
vn 0.000000 0.637795 -0.771653
vn 0.000000 -0.606299 -0.795275
vn -0.850394 -0.314961 -0.425197
vn -0.566929 0.015748 -0.826772
vn -0.165354 0.771653 -0.614173
vn -0.086614 0.708661 -0.700787
vn -0.047244 0.929134 -0.377953
vn -0.015748 0.811023 -0.582677
vn -0.039370 0.811023 -0.582677
vn -0.157480 0.653543 -0.740157
vn 0.377953 -0.283465 -0.881890
vn 0.669291 -0.448819 -0.598425
vn -0.165354 -0.606299 -0.779527
vn -0.165354 0.653543 -0.740157
vn -0.165354 -0.653543 -0.740157
vn -0.118110 0.834646 -0.535433
vn 0.047244 0.771653 0.637795
vn 0.141732 0.740157 0.653543
vn 0.000000 0.779527 0.629921
vn 0.055118 0.629921 0.779527
vn 0.173228 0.598425 0.779527
vn 0.173228 -0.590551 0.787401
vn 0.000000 0.629921 0.779527
vn 0.062992 -0.527559 0.842520
vn 0.000000 0.779527 0.629921
vn 0.000000 0.629921 0.779527
vn 0.000000 0.629921 0.779527
vn 0.000000 -0.566929 0.826772
vn 0.000000 -0.574803 0.818898
vn 0.000000 -0.692913 0.716535
vn 0.000000 -0.732283 0.677165
vn 0.000000 -0.732283 0.677165
vn 0.000000 -0.771653 0.637795
vn 0.338583 -0.921260 0.204724
vn 0.346457 -0.937008 -0.047244
vn 0.000000 -0.803150 -0.598425
vn 0.637795 -0.598425 -0.488189
vn 0.661417 -0.448819 -0.598425
vn 0.000000 -0.598425 -0.803149
vn 0.000000 -0.598425 -0.795275
vn -0.803150 -0.496063 -0.322835
vn -0.834646 -0.283465 -0.472441
vn 0.000000 -0.795276 -0.606299
vn -0.551181 -0.834646 0.007874
vn 0.000000 -0.740157 0.677165
vn -0.118110 -0.614173 0.779527
vn 0.000000 -0.685039 0.732283
vn 0.000000 -0.377953 0.921260
vn 0.118110 -0.614173 0.779527
vn 0.000000 -0.740157 0.677165
vn 0.551181 -0.834646 0.007874
vn 0.000000 -0.795276 -0.606299
vn 0.803150 -0.496063 -0.330709
vn 0.000000 -0.606299 -0.795275
vn 0.834646 -0.291339 -0.472441
vn 0.000000 -0.740157 0.669291
vn 0.000000 -0.795276 -0.606299
vn 0.000000 -0.598425 -0.795275
vn -0.803150 -0.496063 -0.330709
vn -0.834646 -0.291339 -0.472441
vn -0.551181 -0.834646 0.007874
vn -0.118110 -0.614173 0.779527
vn 0.000000 -0.685039 0.732283
vn 0.000000 -0.377953 0.921260
vn 0.118110 -0.614173 0.779527
vn 0.000000 -0.574803 0.818898
vn 0.000000 -0.740157 0.677165
vn 0.543307 -0.834646 0.000000
vn 0.000000 -0.795276 -0.598425
vn 0.795276 -0.503937 -0.338583
vn 0.000000 -0.606299 -0.795275
vn 0.826772 -0.299213 -0.480315
vn 0.000000 -0.606299 -0.795275
vn -0.811024 -0.519685 -0.267716
vn -0.850394 -0.314961 -0.425197
vn 0.000000 -0.803150 -0.598425
vn -0.566929 -0.818897 0.047244
vn 0.000000 -0.708661 0.708661
vn -0.133858 -0.629921 0.763779
vn 0.094488 -0.661417 0.748031
vn 0.118110 -0.385827 0.913386
vn 0.259843 -0.566929 0.779527
vn 0.149606 -0.716535 0.677165
vn 0.141732 -0.740157 0.653543
vn 0.543307 -0.834646 -0.070866
vn -0.118110 -0.834646 -0.543307
vn -0.125984 -0.803150 -0.582677
vn 0.692913 -0.614173 -0.377953
vn -0.165354 -0.653543 -0.740157
vn -0.165354 -0.606299 -0.779527
vn 0.669291 -0.448819 -0.598425
vn -0.755906 0.653543 -0.000000
vn -0.755906 -0.653543 0.000000
vn -0.007874 -0.661417 0.748031
vn -0.007874 0.661417 0.748031
vn -0.535433 0.842520 -0.000000
vn 0.007874 -0.653543 0.755905
vn -0.007874 0.842520 0.535433
vn 0.677165 0.732283 -0.000000
vn 0.007874 0.653543 0.755905
vn 0.755906 -0.653543 0.000000
vn 0.755906 0.653543 -0.000000
vn 0.535433 0.842520 -0.000000
vn 0.007874 0.858268 0.511811
vn 0.000000 0.732283 -0.677165
vn 0.000000 0.724409 -0.692913
vn 0.811024 0.590551 -0.007874
vn 0.000000 0.598425 -0.795276
vn 0.007874 0.590551 -0.803150
vn 0.811024 -0.590551 -0.007874
vn 0.000000 -0.598425 -0.795275
vn 0.007874 -0.590551 -0.803149
vn 0.000000 -0.732283 -0.677165
vn 0.677165 -0.732283 0.000000
vn 0.000000 -0.724409 -0.692913
vn -0.007874 -0.850394 0.527559
vn -0.535433 -0.842520 0.000000
vn 0.007874 -0.858268 0.519685
vn -0.007874 -0.661417 0.748031
vn -0.755906 -0.653543 0.000000
vn 0.007874 -0.653543 0.755905
vn 0.755906 -0.653543 0.000000
vn 0.535433 -0.842520 0.000000
vn -0.535433 -0.842520 0.000000
vn 0.000000 -0.653543 0.755905
vn -0.755906 -0.653543 0.000000
vn -0.007874 -0.850394 0.535433
vn 0.000000 -0.653543 0.755905
vn 0.677165 -0.732283 0.000000
vn 0.007874 -0.850394 0.527559
vn 0.755906 -0.653543 0.000000
vn 0.535433 -0.842520 0.000000
vn -0.677165 -0.732283 0.000000
vn 0.000000 -0.740157 -0.677165
vn 0.000000 -0.732283 -0.677165
vn 0.811024 -0.590551 -0.007874
vn -0.007874 -0.582677 -0.811023
vn -0.811024 -0.590551 -0.007874
vn -0.811024 0.590551 -0.007874
vn 0.007874 -0.590551 -0.811023
vn -0.007874 0.590551 -0.811024
vn 0.007874 0.582677 -0.811024
vn 0.811024 0.590551 -0.007874
vn 0.000000 0.732283 -0.677165
vn -0.677165 0.732283 -0.000000
vn 0.535433 0.842520 -0.000000
vn 0.000000 0.740157 -0.677165
vn 0.677165 0.732283 -0.000000
vn 0.007874 0.850394 0.535433
vn -0.007874 0.850394 0.527559
vn -0.535433 0.842520 -0.000000
vn 0.000000 0.653543 0.755905
vn 0.755906 0.653543 -0.000000
vn 0.755906 -0.653543 0.000000
vn 0.000000 -0.653543 0.755905
vn 0.000000 0.653543 0.755905
vn -0.755906 0.653543 -0.000000
vn 0.000000 -0.653543 0.755905
vn -0.755906 -0.653543 0.000000
vn -1.000000 0.000000 0.000000
vn -1.000000 0.000000 0.000000
vn -0.787402 0.614173 -0.000000
vn -0.779528 0.629921 -0.000000
vn -0.653543 0.755905 -0.000000
vn -1.000000 0.000000 0.000000
vn -0.629921 0.779527 -0.000000
vn 0.598425 0.803149 -0.000000
vn -0.779528 0.629921 -0.000000
vn -1.000000 0.000000 0.000000
vn -0.779528 0.629921 -0.000000
vn -0.629921 0.779527 -0.000000
vn -0.669291 0.748031 -0.000000
vn 0.535433 0.842520 -0.000000
vn 0.629921 0.779527 -0.000000
vn 0.763780 0.637795 -0.000000
vn 0.629921 0.779527 -0.000000
vn 0.755906 0.653543 -0.000000
vn 0.779528 0.629921 -0.000000
vn 1.000000 0.000000 0.000000
vn 1.000000 0.000000 0.000000
vn 0.779528 0.629921 -0.000000
vn 1.000000 0.000000 0.000000
vn 1.000000 0.000000 0.000000
vn 0.078740 0.000000 1.000000
vn 0.000000 0.000000 1.000000
vn 0.062992 0.629921 0.779527
vn 0.000000 0.629921 0.779527
vn 0.047244 0.771653 0.637795
vn 0.000000 0.000000 1.000000
vn 0.000000 0.779527 0.629921
vn -0.047244 0.787401 -0.614173
vn 0.000000 0.629921 0.779527
vn 0.000000 0.000000 1.000000
vn 0.000000 0.779527 -0.629921
vn -0.055118 0.637795 -0.771653
vn 0.000000 0.779527 0.629921
vn 0.000000 0.629921 0.779527
vn -0.007874 0.614173 0.787401
vn -0.007874 0.000000 1.000000
vn -0.007874 0.755905 0.653543
vn 0.000000 0.779527 0.629921
vn 0.007874 0.803149 -0.598425
vn 0.000000 0.779527 -0.629921
vn 0.000000 0.779527 -0.629921
vn 0.007874 0.645669 -0.763779
vn 0.000000 0.629921 -0.779527
vn -0.078740 -0.000000 -1.000000
vn 0.000000 -0.000000 -1.000000
vn 0.000000 0.629921 -0.779527
vn 0.000000 -0.000000 -1.000000
vn 0.000000 -0.000000 -1.000000
vn 0.007874 -0.000000 -1.000000
vn 0.000000 0.629921 -0.779527
vn 0.598425 -0.803149 0.000000
vn 0.590551 -0.645669 -0.480315
vn 0.763780 -0.637795 0.000000
vn 0.456693 -0.803150 -0.377953
vn 0.574803 -0.637795 -0.511811
vn -0.653543 -0.755905 0.000000
vn 0.440945 -0.795276 -0.409449
vn 0.362205 -0.669291 -0.653543
vn -0.496063 -0.763779 0.409449
vn -0.787402 -0.614173 0.000000
vn -0.488189 -0.755905 0.433071
vn -0.598425 -0.622047 0.496063
vn -0.787402 0.614173 -0.000000
vn -0.299213 -0.795275 0.535433
vn -0.606299 0.622047 0.496063
vn 0.291339 -0.803150 -0.519685
vn -0.496063 0.763779 0.409449
vn -0.653543 0.755905 -0.000000
vn 0.000000 -0.803150 -0.590551
vn 0.000000 -0.645669 -0.763779
vn 0.000000 -0.598425 -0.803149
vn 0.000000 -0.803150 -0.598425
vn 0.000000 -0.755905 0.661417
vn 0.000000 -0.732283 0.677165
vn 0.000000 -0.614173 0.787401
vn 0.000000 -0.566929 0.826772
vn -0.370079 -0.661417 0.653543
vn 0.000000 0.614173 0.787401
vn 0.000000 0.629921 0.779527
vn -0.370079 0.661417 0.653543
vn -0.574803 -0.614173 0.535433
vn -0.574803 0.614173 0.535433
vn -0.299213 0.795276 0.535433
vn -0.488189 0.755905 0.433071
vn 0.000000 0.755905 0.661417
vn 0.000000 0.779527 0.629921
vn 0.456693 0.803149 -0.377953
vn 0.598425 0.803149 -0.000000
vn 0.440945 0.795275 -0.409449
vn 0.283465 0.803149 -0.519685
vn 0.000000 0.811023 -0.590551
vn 0.000000 0.826771 -0.566929
vn 0.000000 0.677165 -0.732283
vn 0.362205 0.669291 -0.653543
vn 0.000000 0.645669 -0.763779
vn 0.000000 -0.598425 -0.803149
vn 0.000000 -0.645669 -0.763779
vn 0.362205 -0.669291 -0.653543
vn 0.574803 0.637795 -0.511811
vn 0.574803 -0.637795 -0.511811
vn 0.590551 -0.645669 -0.480315
vn 0.590551 0.645669 -0.480315
vn 0.763780 -0.637795 0.000000
vn 0.763780 0.637795 -0.000000
vn -0.629921 0.000000 0.779527
vn 0.598425 0.000000 0.803149
vn 0.629921 0.000000 0.779527
vn -0.653543 0.000000 0.755905
vn -0.779528 0.000000 0.629921
vn 0.456693 -0.393701 0.803150
vn -0.787402 0.000000 0.614173
vn -0.779528 -0.000000 -0.629921
vn -0.503937 0.417323 0.755905
vn -0.480315 0.409449 0.779527
vn 0.488189 -0.417323 0.763779
vn -0.590551 0.503937 0.629921
vn -0.598425 0.503937 0.614173
vn -0.582677 0.503937 -0.645669
vn -0.787402 -0.000000 -0.614173
vn -0.598425 0.511811 -0.614173
vn -0.496063 0.425197 -0.755905
vn -0.464567 0.401575 -0.787401
vn -0.653543 -0.000000 -0.755905
vn -0.629921 -0.000000 -0.779527
vn 0.456693 -0.385827 -0.803149
vn 0.480315 -0.409449 -0.779527
vn 0.598425 -0.000000 -0.803149
vn 0.629921 -0.000000 -0.779527
vn 0.582677 -0.496063 -0.645669
vn 0.590551 -0.503937 -0.629921
vn 0.771654 -0.000000 -0.637795
vn 0.779528 -0.000000 -0.629921
vn 0.582677 -0.496063 0.637795
vn 0.598425 -0.519685 0.614173
vn 0.488189 -0.417323 0.763779
vn 0.456693 -0.393701 0.803150
vn 0.598425 0.000000 0.803149
vn 0.771654 0.000000 0.637795
vn 0.629921 0.000000 0.779527
vn 0.779528 0.000000 0.629921
vn 0.425197 0.000000 0.905512
vn 0.440945 0.007874 0.897638
vn -0.803150 0.000000 0.598425
vn -0.826772 0.007874 0.566929
vn 0.440945 0.897638 0.007874
vn -0.818898 0.566929 -0.000000
vn -0.905512 0.000000 0.417323
vn -0.960630 0.283465 -0.000000
vn -0.952756 0.007874 0.314961
vn -0.598425 -0.000000 -0.795275
vn -0.685039 -0.637795 -0.362205
vn -0.496063 -0.000000 -0.866142
vn -0.425197 -0.000000 -0.905512
vn 0.787402 -0.000000 -0.622047
vn 0.795276 -0.000000 -0.598425
vn 0.929134 -0.307087 -0.188976
vn 0.905512 -0.000000 -0.425197
vn 0.685039 0.007874 0.732283
vn 0.606299 0.000000 0.795275
vn 0.606299 0.795275 0.007874
vn 0.440945 0.007874 0.897638
vn 0.425197 0.000000 0.905512
vn 0.440945 0.897638 0.007874
vn -0.362205 0.181102 -0.913386
vn 0.000000 0.677165 -0.732283
vn -0.377953 -0.055118 -0.921260
vn 0.000000 0.637795 -0.771653
vn 0.000000 0.716535 -0.700787
vn -0.496063 0.574803 -0.645669
vn 0.496063 0.582677 -0.645669
vn 0.362205 0.181102 -0.913386
vn 0.622047 0.527559 -0.582677
vn -0.622047 0.527559 -0.582677
vn 0.677165 0.488189 -0.551181
vn 0.614173 0.007874 -0.787401
vn -0.614173 -0.007874 -0.787401
vn -0.629921 -0.007874 -0.779527
vn 0.629921 0.007874 -0.779527
vn 0.755906 0.440945 -0.480315
vn 0.755906 0.015748 -0.653543
vn 0.779528 0.015748 -0.629921
vn 0.803150 0.007874 0.598425
vn 0.803150 -0.393701 0.440945
vn 0.645669 -0.503937 0.574803
vn 0.685039 -0.480315 0.543307
vn 0.551181 -0.094488 -0.826772
vn 0.377953 -0.047244 -0.921260
vn 0.661417 -0.448819 -0.598425
vn 0.858268 -0.377953 -0.346457
vn 0.637795 -0.598425 -0.488189
vn 0.535433 -0.834646 -0.094488
vn 0.346457 -0.937008 -0.047244
vn 0.338583 -0.921260 0.204724
vn 0.488189 -0.574803 0.653543
vn 0.000000 -0.771653 0.637795
vn -0.488189 -0.574803 0.653543
vn 0.000000 -0.732283 0.677165
vn 0.000000 -0.692913 0.716535
vn -0.330709 -0.921260 0.204724
vn -0.645669 -0.503937 0.574803
vn -0.338583 -0.937008 -0.047244
vn 0.000000 -0.803150 -0.598425
vn -0.685039 -0.480315 0.543307
vn -0.527559 -0.842520 -0.078740
vn -0.653543 -0.606299 -0.456693
vn -0.637795 -0.488189 -0.598425
vn 0.000000 -0.598425 -0.803149
vn -0.866142 -0.354331 -0.354331
vn -0.377953 -0.055118 -0.921260
vn 0.000000 0.677165 -0.732283
vn -0.551181 -0.094488 -0.826772
vn -0.362205 0.181102 -0.913386
vn -0.677165 0.488189 -0.551181
vn -0.496063 0.574803 -0.645669
vn -0.803150 -0.393701 0.440945
vn -0.755906 0.440945 -0.480315
vn -0.622047 0.527559 -0.582677
vn -0.614173 -0.007874 -0.787401
vn -0.803150 -0.015748 0.590551
vn -0.755906 -0.007874 -0.661417
vn -0.629921 -0.007874 -0.779527
vn -0.779528 -0.015748 -0.629921
vn -0.779528 -0.015748 0.629921
vn -0.645669 -0.007874 0.763779
vn -0.629921 -0.007874 0.779527
vn 0.637795 0.007874 0.771653
vn 0.629921 0.007874 0.771653
vn 0.779528 0.015748 0.629921
vn -0.566929 0.015748 -0.826772
vn -0.574803 0.291338 -0.763779
vn -0.165354 0.771653 -0.614173
vn -0.062992 0.874016 -0.480315
vn -0.047244 0.929134 -0.377953
vn -0.629921 0.519685 -0.582677
vn -0.015748 0.811023 -0.582677
vn 0.519685 0.149606 -0.842520
vn 0.377953 -0.283465 -0.881890
vn 0.629921 0.511811 -0.582677
vn 0.692913 -0.062992 -0.716535
vn 0.669291 -0.448819 -0.598425
vn 0.614173 0.519685 -0.590551
vn -0.614173 0.519685 -0.590551
vn 0.952756 -0.212598 -0.220472
vn 0.692913 -0.614173 -0.377953
vn 0.779528 0.409449 -0.472441
vn 0.755906 0.433071 -0.496063
vn 0.614173 -0.000000 -0.787401
vn -0.614173 -0.000000 -0.787401
vn -0.629921 -0.000000 -0.779527
vn 0.629921 -0.000000 -0.779527
vn 0.755906 -0.000000 -0.653543
vn 0.779528 -0.000000 -0.629921
vn 0.803150 -0.401575 0.448819
vn 0.803150 0.000000 0.598425
vn 0.779528 0.000000 0.629921
vn 0.779528 -0.425197 0.464567
vn 0.637795 -0.511811 0.574803
vn 0.637795 0.000000 0.763779
vn 0.629921 0.000000 0.779527
vn 0.700787 -0.716535 -0.047244
vn 0.543307 -0.834646 -0.070866
vn 0.559055 -0.787401 0.244095
vn 0.259843 -0.566929 0.779527
vn 0.629921 -0.519685 0.574803
vn 0.133858 -0.496063 0.858268
vn 0.118110 -0.385827 0.913386
vn -0.133858 -0.629921 0.763779
vn -0.629921 -0.519685 0.582677
vn -0.559055 -0.779527 0.283465
vn -0.566929 -0.818897 0.047244
vn -0.716535 -0.692913 0.086614
vn -0.811024 -0.519685 -0.267716
vn -0.645669 -0.503937 0.574803
vn -0.779528 -0.417323 0.472441
vn -0.992126 -0.133858 -0.031496
vn -0.850394 -0.314961 -0.425197
vn -0.724409 0.031496 -0.685039
vn -0.566929 0.015748 -0.826772
vn -0.574803 0.291338 -0.763779
vn -0.779528 0.417323 -0.472441
vn -0.629921 0.519685 -0.582677
vn -0.803150 -0.393701 0.448819
vn -0.755906 0.440945 -0.488189
vn -0.614173 0.519685 -0.590551
vn -0.755906 -0.000000 -0.653543
vn -0.614173 -0.000000 -0.787401
vn -0.629921 -0.000000 -0.779527
vn -0.779528 -0.000000 -0.629921
vn -0.803150 0.000000 0.598425
vn -0.779528 0.000000 0.629921
vn -0.637795 0.000000 0.763779
vn -0.629921 0.000000 0.779527
vn -0.559055 0.023622 -0.826772
vn -0.574803 0.291338 -0.763779
vn -0.133858 0.803149 -0.582677
vn 0.031496 0.826771 -0.559055
vn 0.000000 0.937008 -0.354331
vn -0.629921 0.519685 -0.582677
vn 0.133858 0.795275 -0.590551
vn 0.629921 0.519685 -0.582677
vn 0.566929 0.275590 -0.771653
vn 0.559055 0.015748 -0.826772
vn -0.614173 0.519685 -0.590551
vn 0.716535 0.039370 -0.692913
vn 0.826772 -0.299213 -0.480315
vn 0.614173 0.519685 -0.590551
vn -0.614173 -0.000000 -0.787401
vn 0.976378 -0.173228 -0.125984
vn 0.795276 -0.503937 -0.338583
vn 0.614173 -0.000000 -0.787401
vn -0.629921 -0.000000 -0.779527
vn 0.629921 -0.000000 -0.779527
vn 0.755906 0.433071 -0.488189
vn 0.755906 -0.000000 -0.653543
vn 0.779528 -0.000000 -0.629921
vn 0.779528 0.417323 -0.472441
vn 0.803150 -0.393701 0.448819
vn 0.803150 0.000000 0.598425
vn 0.779528 0.000000 0.629921
vn 0.779528 -0.417323 0.464567
vn 0.645669 -0.511811 0.574803
vn 0.637795 0.000000 0.763779
vn 0.629921 0.000000 0.779527
vn -0.629921 0.000000 0.779527
vn -0.637795 0.000000 0.763779
vn -0.779528 0.000000 0.629921
vn -0.803150 0.000000 0.598425
vn -0.779528 -0.000000 -0.629921
vn -0.645669 -0.511811 0.574803
vn -0.755906 -0.000000 -0.653543
vn -0.629921 -0.000000 -0.779527
vn -0.614173 -0.000000 -0.787401
vn -0.803150 -0.393701 0.448819
vn -0.755906 0.433071 -0.488189
vn -0.614173 0.519685 -0.590551
vn -0.629921 0.519685 -0.582677
vn -0.779528 0.417323 -0.472441
vn -0.779528 -0.417323 0.464567
vn -0.724409 0.031496 -0.685039
vn -0.574803 0.291338 -0.763779
vn -0.559055 0.023622 -0.826772
vn -0.834646 -0.291339 -0.472441
vn -0.984252 -0.118110 -0.149606
vn -0.803150 -0.496063 -0.330709
vn -0.700787 -0.716535 0.039370
vn -0.551181 -0.834646 0.007874
vn -0.629921 -0.519685 0.582677
vn -0.543307 -0.803149 0.259843
vn -0.118110 -0.614173 0.779527
vn 0.629921 -0.519685 0.582677
vn -0.039370 -0.598425 0.795276
vn 0.000000 -0.377953 0.921260
vn 0.118110 -0.614173 0.779527
vn 0.543307 -0.795275 0.259843
vn 0.543307 -0.834646 0.000000
vn 0.692913 -0.716535 0.015748
vn -0.559055 0.023622 -0.826772
vn -0.574803 0.291338 -0.763779
vn -0.133858 0.803149 -0.582677
vn 0.031496 0.826771 -0.559055
vn 0.000000 0.937008 -0.354331
vn -0.629921 0.519685 -0.582677
vn 0.133858 0.803149 -0.582677
vn 0.629921 0.519685 -0.582677
vn 0.574803 0.283464 -0.771653
vn 0.559055 0.023622 -0.826772
vn -0.614173 0.519685 -0.590551
vn 0.724409 0.047244 -0.685039
vn 0.834646 -0.291339 -0.472441
vn 0.614173 0.519685 -0.590551
vn -0.614173 -0.000000 -0.787401
vn 0.984252 -0.165354 -0.110236
vn 0.803150 -0.496063 -0.330709
vn 0.614173 -0.000000 -0.787401
vn -0.629921 -0.000000 -0.779527
vn 0.629921 -0.000000 -0.779527
vn 0.755906 0.433071 -0.488189
vn 0.755906 -0.000000 -0.653543
vn 0.779528 -0.000000 -0.629921
vn 0.779528 0.417323 -0.472441
vn 0.803150 -0.393701 0.448819
vn 0.803150 0.000000 0.598425
vn 0.779528 0.000000 0.629921
vn 0.779528 -0.417323 0.464567
vn 0.645669 -0.511811 0.574803
vn 0.637795 0.000000 0.763779
vn 0.629921 0.000000 0.779527
vn -0.629921 0.000000 0.779527
vn -0.637795 0.000000 0.763779
vn -0.779528 0.000000 0.629921
vn -0.803150 0.000000 0.598425
vn -0.779528 -0.000000 -0.629921
vn -0.645669 -0.511811 0.574803
vn -0.755906 -0.000000 -0.653543
vn -0.629921 -0.000000 -0.779527
vn -0.614173 -0.000000 -0.787401
vn -0.803150 -0.393701 0.448819
vn -0.755906 0.433071 -0.488189
vn -0.614173 0.519685 -0.590551
vn -0.629921 0.519685 -0.582677
vn -0.779528 0.417323 -0.472441
vn -0.779528 -0.417323 0.464567
vn -0.724409 0.031496 -0.685039
vn -0.574803 0.291338 -0.763779
vn -0.559055 0.023622 -0.826772
vn -0.834646 -0.283465 -0.472441
vn -0.984252 -0.118110 -0.149606
vn -0.803150 -0.496063 -0.322835
vn -0.700787 -0.716535 0.039370
vn -0.551181 -0.834646 0.007874
vn -0.629921 -0.519685 0.582677
vn -0.543307 -0.803149 0.259843
vn -0.118110 -0.614173 0.779527
vn 0.629921 -0.519685 0.582677
vn -0.039370 -0.598425 0.795276
vn 0.000000 -0.377953 0.921260
vn 0.118110 -0.614173 0.779527
vn 0.543307 -0.795275 0.267717
vn 0.551181 -0.834646 0.007874
vn 0.700787 -0.716535 0.023622
vn -0.448819 -0.637795 0.629921
vn 0.000000 -0.795275 0.598425
vn 0.000000 -0.637795 0.771653
vn -0.346457 -0.803149 0.488189
vn 0.000000 -0.755905 -0.653543
vn -0.448819 -0.645669 0.622047
vn 0.377953 -0.755905 -0.527559
vn 0.000000 -0.622047 -0.787401
vn -0.338583 -0.811023 0.472441
vn -0.763780 -0.645669 0.007874
vn -0.574803 -0.818897 0.007874
vn 0.385827 -0.748031 -0.535433
vn 0.661417 -0.748031 -0.007874
vn 0.795276 -0.606299 -0.007874
vn 0.456693 -0.614173 -0.637795
vn 0.464567 -0.614173 -0.645669
vn 0.464567 0.606299 -0.645669
vn 0.795276 0.606299 -0.007874
vn 0.456693 0.622047 -0.637795
vn 0.000000 0.622047 -0.787401
vn 0.385827 0.748031 -0.535433
vn 0.661417 0.748031 -0.007874
vn 0.377953 0.755905 -0.527559
vn 0.000000 0.755905 -0.653543
vn 0.000000 0.795276 0.606299
vn -0.338583 0.811024 0.472441
vn -0.574803 0.818897 0.007874
vn -0.346457 0.795276 0.488189
vn -0.448819 0.645669 0.622047
vn -0.763780 0.645669 0.007874
vn -0.763780 -0.645669 0.007874
vn -0.448819 -0.645669 0.622047
vn -0.448819 -0.637795 0.629921
vn -0.448819 0.637795 0.622047
vn 0.000000 -0.637795 0.771653
vn 0.000000 0.637795 0.771653
vn 0.000000 0.653543 -0.755905
vn 0.850394 -0.000000 -0.519685
vn 0.000000 -0.000000 -1.000000
vn 0.566929 0.748031 -0.346457
vn 0.858268 -0.000000 -0.511811
vn 0.000000 0.842520 -0.535433
vn 0.582677 0.732283 -0.346457
vn 1.000000 -0.000000 -0.007874
vn 0.755906 0.653543 -0.007874
vn 0.535433 0.842520 -0.007874
vn 0.448819 0.850394 -0.267717
vn -0.677165 0.740157 -0.000000
vn 0.417323 0.874016 -0.251969
vn 0.000000 0.732283 0.677165
vn -0.417323 0.874016 0.251968
vn -0.803150 0.590551 0.007874
vn -0.448819 0.850394 0.275590
vn 0.000000 0.590551 0.811023
vn -0.566929 0.748031 0.338583
vn -0.858268 0.000000 0.511811
vn -1.000000 0.000000 0.007874
vn -0.850394 0.000000 0.519685
vn -0.574803 0.732283 0.354331
vn 0.000000 0.000000 1.000000
vn 0.480315 -0.803150 -0.354331
vn 0.622047 -0.629921 -0.472441
vn 0.606299 -0.653543 -0.456693
vn 0.480315 -0.803150 -0.362205
vn -0.511811 -0.763779 0.385827
vn 0.322835 -0.661417 -0.677165
vn -0.527559 -0.748031 0.401575
vn -0.622047 -0.629921 0.464567
vn 0.267717 -0.795276 -0.543307
vn 0.007874 -0.803150 -0.598425
vn 0.007874 -0.645669 -0.763779
vn -0.275591 -0.787401 0.551181
vn -0.007874 -0.755905 0.653543
vn -0.015748 -0.614173 0.787401
vn -0.637795 -0.606299 0.480315
vn -0.622047 0.629921 0.464567
vn -0.346457 -0.645669 0.685039
vn -0.015748 0.614173 0.787401
vn -0.346457 0.645669 0.685039
vn -0.629921 0.606299 0.488189
vn -0.283465 0.779527 0.559055
vn -0.007874 0.755905 0.653543
vn 0.007874 0.803149 -0.598425
vn -0.527559 0.748031 0.401575
vn -0.511811 0.771653 0.385827
vn 0.267717 0.795275 -0.543307
vn 0.480315 0.795275 -0.370079
vn 0.480315 0.803149 -0.354331
vn 0.322835 0.661417 -0.677165
vn 0.007874 0.645669 -0.763779
vn 0.007874 -0.645669 -0.763779
vn 0.322835 -0.661417 -0.677165
vn 0.614173 0.629921 -0.472441
vn 0.606299 0.653543 -0.448819
vn 0.622047 -0.629921 -0.472441
vn 0.606299 -0.653543 -0.456693
vn 0.000000 -0.590551 0.811024
vn 0.000000 -0.629921 0.779527
vn 0.000000 -0.732283 0.677165
vn 0.000000 -0.779527 0.629921
vn 0.000000 -0.629921 0.779527
vn 0.000000 -0.842520 -0.535433
vn 0.000000 -0.779527 0.629921
vn 0.000000 -0.629921 0.779527
vn 0.000000 -0.779527 -0.629921
vn 0.000000 -0.653543 -0.755905
vn 0.000000 -0.590551 0.811024
vn 0.000000 -0.732283 0.677165
vn 0.000000 -0.629921 -0.779527
vn 0.000000 -0.779527 0.629921
vn -0.007874 -0.842520 -0.535433
vn 0.000000 0.653543 -0.755905
vn 0.000000 -0.779527 -0.629921
vn -0.007874 -0.653543 -0.755905
vn 0.000000 -0.779527 -0.629921
vn 0.000000 -0.629921 -0.779527
vn 0.000000 -0.629921 -0.779527
vn 0.000000 0.653543 -0.763779
vn 0.000000 0.629921 -0.779527
vn 0.000000 0.629921 -0.779527
vn 0.000000 0.779527 -0.629921
vn 0.000000 0.842520 -0.535433
vn 0.000000 0.779527 -0.629921
vn 0.000000 0.629921 -0.779527
vn 0.000000 0.779527 -0.629921
vn 0.000000 0.842520 -0.535433
vn 0.000000 0.779527 0.629921
vn 0.000000 0.732283 0.677165
vn 0.000000 0.779527 0.629921
vn 0.000000 0.629921 0.779527
vn 0.000000 0.590551 0.811023
vn 0.000000 -0.590551 0.811024
vn 0.000000 -0.629921 0.779527
vn 0.000000 0.629921 0.779527
vn 0.000000 -0.629921 0.779527
vn 0.000000 -0.629921 0.779527
vn 0.000000 0.779527 0.629921
vn 0.007874 0.740157 0.677165
vn 0.000000 0.629921 0.779527
vn 0.007874 0.590551 0.811023
vn 0.000000 -0.590551 0.811024
vn -0.448819 -0.645669 0.614173
vn 0.740157 0.669291 0.015748
vn -0.370079 0.748031 0.551181
vn 0.685039 -0.724409 -0.007874
vn -0.299213 -0.874016 0.385827
vn 0.803150 0.590551 0.015748
vn 0.637795 -0.771653 0.000000
vn 0.000000 -0.590551 0.811024
vn 0.007874 0.590551 0.811023
vn 0.685039 -0.732283 -0.007874
vn 0.803150 -0.590551 -0.007874
vn 0.000000 -0.732283 0.677165
vn -0.007874 -0.842520 -0.535433
vn -0.708661 -0.700787 -0.007874
vn -0.519685 -0.850394 -0.015748
vn -0.007874 -0.653543 -0.755905
vn -0.755906 -0.653543 -0.015748
vn -0.811024 -0.582677 -0.007874
vn -0.763780 0.645669 0.007874
vn -0.779528 0.629921 0.007874
vn 0.000000 0.653543 -0.763779
vn -0.685039 0.732283 0.007874
vn -0.543307 0.834646 0.007874
vn 0.000000 0.842520 -0.535433
vn 0.433071 0.897638 0.015748
vn 0.669291 0.740157 0.015748
vn 0.007874 0.740157 0.677165
vn 0.338583 0.834646 -0.440945
vn -0.370079 0.748031 0.551181
vn 0.740157 0.669291 0.015748
vn 0.803150 0.590551 0.015748
vn 0.007874 0.590551 0.811023
vn 0.023622 -0.842520 0.535433
vn 0.685039 -0.732283 0.007874
vn 0.031496 -0.748031 -0.661417
vn -0.527559 -0.850394 0.007874
vn 0.629921 -0.779527 0.000000
vn 0.015748 -0.637795 0.771653
vn -0.629921 -0.779527 0.000000
vn -0.755906 -0.653543 0.007874
vn -0.763780 0.645669 -0.007874
vn -0.031496 0.677165 0.740157
vn -0.779528 -0.629921 0.000000
vn -0.629921 -0.779527 -0.007874
vn 0.629921 -0.779527 -0.007874
vn 0.535433 -0.842520 -0.007874
vn -0.779528 -0.629921 0.000000
vn -0.677165 -0.740157 0.000000
vn 0.448819 -0.850394 -0.267716
vn -0.417323 -0.874016 0.251969
vn 0.417323 -0.874016 -0.251968
vn -0.803150 -0.590551 0.007874
vn 0.000000 -0.732283 0.677165
vn 0.000000 -0.842520 -0.535433
vn -0.448819 -0.850394 0.275591
vn 0.000000 -0.590551 0.811024
vn -0.566929 -0.748031 0.338583
vn -0.574803 -0.732283 0.354331
vn -0.574803 0.732283 0.354331
vn 0.000000 0.590551 0.811023
vn -0.566929 0.748031 0.338583
vn -0.448819 0.850394 0.275590
vn 0.000000 0.732283 0.677165
vn -0.803150 0.590551 0.007874
vn -0.417323 0.874016 0.251968
vn 0.417323 0.874016 -0.251969
vn 0.000000 0.842520 -0.535433
vn -0.677165 0.740157 -0.000000
vn 0.566929 0.748031 -0.346457
vn 0.000000 0.653543 -0.755905
vn 0.448819 0.850394 -0.267717
vn 0.566929 -0.748031 -0.346457
vn 0.000000 -0.653543 -0.755905
vn 0.000000 -0.842520 -0.535433
vn 0.417323 -0.874016 -0.251968
vn 0.448819 -0.850394 -0.267716
vn 0.582677 -0.732283 -0.346457
vn 0.535433 -0.842520 -0.007874
vn 0.582677 0.732283 -0.346457
vn 0.755906 -0.653543 -0.007874
vn 0.629921 -0.779527 -0.007874
vn 0.535433 0.842520 -0.007874
vn 0.755906 0.653543 -0.007874
vn 0.779528 -0.629921 -0.007874
vn 0.779528 0.629921 -0.000000
vn 0.629921 0.779527 0.007874
vn 0.779528 -0.629921 0.000000
vn 0.629921 -0.779527 0.000000
vn 0.685039 -0.732283 0.007874
vn -0.629921 0.779527 0.007874
vn 0.811024 -0.590551 0.000000
vn 0.031496 -0.748031 -0.661417
vn 0.031496 -0.598425 -0.803149
vn 0.811024 0.590551 -0.007874
vn -0.007874 0.590551 -0.811024
vn 0.779528 0.629921 -0.000000
vn 0.677165 0.740157 -0.007874
vn -0.023622 0.724409 -0.692913
vn 0.629921 0.779527 -0.000000
vn -0.543307 0.842520 -0.007874
vn -0.047244 0.866142 0.503937
vn -0.629921 0.779527 -0.000000
vn -0.779528 0.629921 -0.000000
vn -0.779528 0.629921 0.007874
vn -0.055118 -0.637795 -0.771653
vn -0.204724 -0.645669 -0.732283
vn -0.055118 0.637795 -0.771653
vn -0.204724 0.645669 -0.732283
vn -0.771654 -0.637795 0.031496
vn -0.740157 0.669291 -0.047244
vn -0.047244 0.787401 -0.614173
vn -0.519685 0.850394 -0.062992
vn -0.149606 0.826771 -0.535433
vn 0.047244 0.771653 0.637795
vn 0.685039 0.724409 -0.039370
vn 0.188976 0.732283 0.661417
vn 0.062992 0.629921 0.779527
vn 0.220472 0.582677 0.779527
vn 0.803150 0.598425 -0.023622
vn 0.062992 -0.629921 0.779527
vn 0.220472 -0.582677 0.779527
vn 0.795276 -0.606299 0.047244
vn 0.653543 -0.755905 0.047244
vn 0.188976 -0.732283 0.661417
vn 0.047244 -0.771653 0.637795
vn -0.149606 -0.826772 -0.535433
vn -0.582677 -0.811023 0.039370
vn -0.047244 -0.787401 -0.614173
vn -0.204724 -0.645669 -0.732283
vn -0.771654 -0.637795 0.031496
vn -0.055118 -0.637795 -0.771653
vn 0.480315 -0.803150 -0.354331
vn 0.622047 -0.629921 -0.464567
vn 0.606299 -0.653543 -0.448819
vn 0.480315 -0.795276 -0.362205
vn -0.511811 -0.763779 0.385827
vn 0.314961 -0.661417 -0.685039
vn -0.527559 -0.748031 0.401575
vn -0.622047 -0.629921 0.464567
vn 0.259843 -0.795276 -0.543307
vn 0.000000 -0.803150 -0.598425
vn 0.000000 -0.645669 -0.763779
vn -0.275591 -0.779527 0.559055
vn -0.007874 -0.755905 0.653543
vn -0.015748 -0.614173 0.787401
vn -0.637795 -0.606299 0.480315
vn -0.622047 0.629921 0.464567
vn -0.338583 -0.645669 0.685039
vn -0.007874 0.614173 0.787401
vn -0.338583 0.645669 0.685039
vn -0.629921 0.606299 0.480315
vn -0.275591 0.779527 0.559055
vn 0.000000 0.755905 0.653543
vn 0.015748 0.803149 -0.598425
vn -0.527559 0.748031 0.401575
vn -0.511811 0.771653 0.385827
vn 0.259843 0.795275 -0.551181
vn 0.480315 0.795275 -0.362205
vn 0.480315 0.803149 -0.354331
vn 0.314961 0.661417 -0.685039
vn 0.007874 0.645669 -0.763779
vn 0.000000 -0.645669 -0.763779
vn 0.314961 -0.661417 -0.685039
vn 0.622047 0.629921 -0.464567
vn 0.614173 0.653543 -0.448819
vn 0.622047 -0.629921 -0.464567
vn 0.606299 -0.653543 -0.448819
vn 0.000000 -0.590551 0.811024
vn 0.000000 -0.629921 0.779527
vn 0.000000 -0.732283 0.677165
vn 0.000000 -0.779527 0.629921
vn 0.000000 -0.629921 0.779527
vn 0.000000 -0.842520 -0.535433
vn 0.000000 -0.779527 0.629921
vn 0.000000 -0.629921 0.779527
vn 0.000000 -0.779527 -0.629921
vn 0.000000 -0.653543 -0.755905
vn 0.007874 -0.740157 0.677165
vn 0.007874 -0.590551 0.811024
vn 0.000000 -0.629921 -0.779527
vn 0.000000 -0.779527 0.629921
vn 0.007874 -0.842520 -0.543307
vn 0.000000 0.653543 -0.755905
vn 0.000000 -0.779527 -0.629921
vn 0.007874 -0.645669 -0.763779
vn 0.000000 -0.779527 -0.629921
vn 0.000000 -0.629921 -0.779527
vn 0.000000 0.629921 -0.779527
vn -0.007874 0.653543 -0.755905
vn 0.000000 -0.629921 -0.779527
vn 0.000000 0.629921 -0.779527
vn 0.000000 0.629921 -0.779527
vn 0.000000 0.779527 -0.629921
vn 0.000000 0.842520 -0.535433
vn 0.000000 0.779527 -0.629921
vn 0.000000 0.779527 0.629921
vn 0.000000 0.732283 0.677165
vn 0.000000 0.779527 -0.629921
vn -0.007874 0.850394 -0.527559
vn 0.000000 0.779527 0.629921
vn 0.000000 0.779527 0.629921
vn -0.007874 0.732283 0.685039
vn 0.000000 0.629921 0.779527
vn 0.000000 0.590551 0.811023
vn 0.000000 -0.590551 0.811024
vn 0.000000 -0.629921 0.779527
vn 0.000000 0.629921 0.779527
vn 0.000000 -0.629921 0.779527
vn 0.000000 0.629921 0.779527
vn 0.000000 -0.629921 0.779527
vn 0.000000 0.582677 0.811023
vn 0.007874 -0.590551 0.811024
vn -0.015748 -0.858268 0.511811
vn 0.685039 -0.732283 0.007874
vn 0.007874 -0.740157 -0.677165
vn -0.527559 -0.850394 0.015748
vn 0.629921 -0.779527 0.000000
vn -0.015748 -0.653543 0.755905
vn -0.629921 -0.779527 0.000000
vn -0.755906 -0.653543 0.007874
vn -0.763780 0.645669 -0.007874
vn -0.007874 0.661417 0.748031
vn -0.779528 -0.629921 0.000000
vn -0.629921 -0.779527 0.000000
vn 0.629921 -0.779527 0.000000
vn 0.551181 -0.834646 0.015748
vn -0.779528 -0.629921 0.000000
vn -0.669291 -0.748031 0.023622
vn 0.448819 -0.850394 -0.267716
vn -0.779528 0.629921 -0.000000
vn -0.417323 -0.874016 0.251969
vn -0.803150 -0.598425 0.023622
vn 0.417323 -0.874016 -0.251968
vn 0.000000 -0.732283 0.677165
vn 0.000000 -0.842520 -0.535433
vn -0.448819 -0.850394 0.275591
vn 0.000000 -0.590551 0.811024
vn -0.566929 -0.748031 0.338583
vn -0.574803 -0.732283 0.354331
vn -0.574803 0.732283 0.354331
vn 0.000000 0.590551 0.811023
vn -0.566929 0.748031 0.338583
vn -0.811024 0.590551 -0.007874
vn -0.448819 0.850394 0.275590
vn 0.000000 0.732283 0.677165
vn -0.417323 0.874016 0.251968
vn 0.417323 0.874016 -0.251969
vn 0.000000 0.842520 -0.535433
vn -0.685039 0.724409 -0.015748
vn 0.448819 0.850394 -0.267717
vn 0.566929 0.748031 -0.346457
vn 0.000000 0.653543 -0.755905
vn 0.519685 0.858268 -0.031496
vn 0.566929 -0.748031 -0.346457
vn 0.000000 -0.653543 -0.755905
vn 0.000000 -0.842520 -0.535433
vn 0.417323 -0.874016 -0.251968
vn 0.448819 -0.850394 -0.267716
vn 0.582677 -0.732283 -0.346457
vn 0.551181 -0.834646 0.015748
vn 0.582677 0.732283 -0.346457
vn 0.763780 -0.645669 0.015748
vn 0.629921 -0.779527 0.000000
vn 0.748031 0.661417 -0.023622
vn 0.779528 -0.629921 0.000000
vn 0.779528 0.629921 -0.000000
vn 0.629921 0.779527 -0.000000
vn 0.779528 -0.629921 0.000000
vn 0.629921 -0.779527 0.000000
vn 0.685039 -0.732283 0.007874
vn 0.811024 -0.590551 0.000000
vn 0.007874 -0.740157 -0.677165
vn 0.015748 -0.598425 -0.803149
vn 0.811024 0.590551 -0.007874
vn 0.015748 0.598425 -0.803150
vn 0.779528 0.629921 -0.000000
vn 0.669291 0.740157 -0.007874
vn 0.007874 0.732283 -0.677165
vn 0.629921 0.779527 -0.000000
vn -0.543307 0.842520 -0.007874
vn -0.015748 0.850394 0.527559
vn -0.629921 0.779527 -0.000000
vn -0.779528 0.629921 -0.000000
vn -0.629921 0.779527 -0.000000
vn 0.480315 -0.803150 -0.354331
vn 0.622047 -0.629921 -0.464567
vn 0.614173 -0.653543 -0.448819
vn 0.480315 -0.795276 -0.362205
vn -0.511811 -0.763779 0.385827
vn 0.291339 -0.661417 -0.692913
vn -0.535433 -0.748031 0.401575
vn -0.622047 -0.629921 0.464567
vn 0.244094 -0.795276 -0.551181
vn 0.000000 -0.803150 -0.598425
vn 0.000000 -0.645669 -0.763779
vn -0.007874 -0.755905 0.653543
vn -0.259843 -0.779527 0.566929
vn -0.015748 -0.614173 0.787401
vn -0.637795 -0.598425 0.480315
vn -0.322835 -0.637795 0.700787
vn -0.007874 0.614173 0.787401
vn -0.637795 0.606299 0.480315
vn -0.629921 0.629921 0.464567
vn -0.322835 0.637795 0.700787
vn -0.259843 0.779527 0.566929
vn 0.000000 0.755905 0.653543
vn -0.535433 0.748031 0.401575
vn -0.511811 0.771653 0.377953
vn 0.244094 0.795275 -0.551181
vn 0.015748 0.803149 -0.598425
vn 0.480315 0.795275 -0.362205
vn 0.480315 0.803149 -0.346457
vn 0.291339 0.661417 -0.692913
vn 0.007874 0.645669 -0.763779
vn 0.000000 -0.645669 -0.763779
vn 0.291339 -0.661417 -0.692913
vn 0.622047 0.629921 -0.464567
vn 0.614173 0.653543 -0.448819
vn 0.622047 -0.629921 -0.464567
vn 0.614173 -0.653543 -0.448819
vn 0.000000 0.629921 0.779527
vn 0.000000 0.732283 0.677165
vn 0.000000 0.590551 0.811023
vn 0.000000 0.779527 0.629921
vn -0.007874 0.842520 -0.535433
vn 0.000000 0.629921 0.779527
vn 0.000000 0.779527 -0.629921
vn 0.000000 0.653543 -0.755905
vn 0.000000 0.779527 0.629921
vn 0.000000 0.629921 0.779527
vn 0.000000 0.629921 -0.779527
vn 0.000000 -0.653543 -0.755905
vn 0.000000 0.779527 -0.629921
vn 0.000000 0.779527 0.629921
vn 0.000000 0.732283 0.677165
vn 0.000000 0.590551 0.811023
vn 0.000000 0.842520 -0.535433
vn 0.000000 0.779527 -0.629921
vn 0.000000 0.653543 -0.755905
vn 0.000000 0.629921 -0.779527
vn 0.000000 0.629921 -0.779527
vn 0.000000 -0.629921 -0.779527
vn 0.000000 -0.653543 -0.755905
vn 0.000000 -0.629921 -0.779527
vn 0.000000 -0.629921 -0.779527
vn 0.000000 -0.779527 -0.629921
vn 0.000000 -0.779527 -0.629921
vn 0.000000 -0.842520 -0.535433
vn 0.000000 -0.779527 -0.629921
vn 0.000000 -0.842520 -0.535433
vn 0.000000 -0.779527 0.629921
vn 0.000000 -0.740157 0.677165
vn 0.000000 -0.779527 0.629921
vn 0.000000 -0.779527 0.629921
vn 0.000000 -0.732283 0.677165
vn 0.000000 -0.629921 0.779527
vn 0.007874 -0.590551 0.811024
vn 0.000000 -0.629921 0.779527
vn 0.000000 -0.590551 0.811024
vn 0.000000 -0.629921 0.779527
vn 0.000000 0.629921 0.779527
vn 0.000000 0.590551 0.811023
vn 0.000000 0.629921 0.779527
vn 0.000000 0.629921 0.779527
vn 0.000000 0.590551 0.811023
vn 0.480315 -0.803150 -0.354331
vn -0.653543 -0.755905 0.007874
vn -0.511811 -0.763779 0.385827
vn 0.598425 -0.803149 0.007874
vn -0.629921 -0.779527 -0.007874
vn 0.614173 -0.653543 -0.448819
vn 0.629921 -0.779527 -0.007874
vn 0.771654 -0.637795 0.007874
vn 0.763780 0.645669 -0.007874
vn 0.614173 0.653543 -0.448819
vn 0.771654 -0.629921 -0.007874
vn 0.590551 0.803149 -0.007874
vn 0.480315 0.803149 -0.346457
vn 0.779528 0.629921 0.007874
vn 0.629921 0.779527 0.007874
vn -0.653543 0.755905 -0.007874
vn -0.511811 0.771653 0.377953
vn -0.629921 0.779527 0.007874
vn -0.787402 0.614173 -0.007874
vn -0.629921 0.629921 0.464567
vn -0.622047 -0.629921 0.464567
vn -0.779528 0.629921 0.007874
vn -0.787402 -0.614173 0.007874
vn -0.511811 -0.763779 0.385827
vn -0.653543 -0.755905 0.007874
vn -0.771654 -0.629921 -0.007874
vn -0.629921 -0.779527 -0.007874
vn -0.629921 -0.779527 0.000000
vn -0.779528 -0.629921 0.000000
vn -0.708661 -0.700787 0.007874
vn -0.818898 -0.574803 0.007874
vn -0.818898 0.574803 -0.007874
vn -0.779528 0.629921 -0.000000
vn -0.708661 0.708661 -0.007874
vn -0.629921 0.779527 -0.000000
vn 0.543307 0.834646 -0.007874
vn 0.629921 0.779527 -0.000000
vn 0.007874 0.653543 0.755905
vn 0.015748 0.858268 0.511811
vn 0.771654 0.629921 -0.000000
vn 0.763780 0.645669 -0.007874
vn 0.779528 -0.629921 0.000000
vn 0.755906 -0.653543 0.007874
vn 0.007874 -0.661417 0.748031
vn 0.007874 -0.842520 0.535433
vn 0.519685 -0.850394 0.015748
vn 0.629921 -0.779527 0.000000
vn -0.629921 -0.779527 0.000000
vn -0.708661 -0.700787 0.007874
vn -0.771654 0.629921 -0.000000
vn -1.000000 -0.000000 -0.007874
vn -1.000000 0.000000 0.000000
vn -0.755906 0.653543 -0.000000
vn 0.000000 -0.000000 -1.000000
vn -0.685039 0.732283 -0.000000
vn 0.000000 0.653543 -0.755905
vn -0.535433 0.842520 -0.007874
vn 0.448819 0.897638 0.007874
vn 0.000000 0.842520 -0.535433
vn 0.669291 0.748031 0.007874
vn 0.000000 0.732283 0.677165
vn 0.007874 0.590551 0.803149
vn 0.748031 0.661417 -0.000000
vn -0.251969 0.897638 0.354331
vn -0.433071 0.661417 0.614173
vn -0.574803 0.000000 0.818897
vn 1.000000 0.000000 0.007874
vn 1.000000 0.000000 0.007874
vn 0.007874 0.000000 1.000000
vn 0.779528 0.629921 0.007874
vn 0.007874 -0.653543 0.755905
vn 0.015748 -0.858268 0.519685
vn 1.000000 -0.015748 0.000000
vn 0.535433 -0.842520 0.000000
vn 0.629921 -0.779527 0.000000
vn 0.779528 -0.629921 0.000000
vn 0.779528 0.629921 -0.000000
vn 0.779528 0.629921 -0.000000
vn 0.779528 -0.629921 0.000000
vn 0.771654 0.637795 -0.000000
vn 0.771654 -0.637795 0.000000
vn 0.629921 -0.779527 0.000000
vn 0.598425 -0.795275 0.000000
vn -0.629921 -0.779527 0.000000
vn -0.669291 -0.740157 0.000000
vn -0.629921 -0.779527 0.000000
vn -0.653543 -0.755905 0.000000
vn -0.779528 -0.629921 0.000000
vn -0.779528 -0.629921 0.000000
vn -0.779528 0.629921 -0.000000
vn -0.779528 -0.629921 0.000000
vn -0.787402 -0.622047 0.000000
vn -0.779528 0.629921 -0.000000
vn -0.669291 0.740157 -0.000000
vn -0.779528 0.629921 -0.000000
vn -0.787402 0.622047 -0.000000
vn -0.653543 0.755905 -0.000000
vn -0.629921 0.779527 -0.000000
vn 0.622047 0.779527 -0.000000
vn -0.629921 0.779527 -0.000000
vn 0.598425 0.795275 -0.000000
vn 0.629921 0.779527 -0.000000
vn 0.629921 0.779527 -0.000000
vn 0.771654 0.637795 -0.000000
vn 0.779528 0.629921 -0.000000
vn 0.779528 0.629921 -0.000000
vn 1.000000 -0.015748 0.000000
vn -0.110236 0.574803 0.811023
vn 0.007874 0.653543 0.755905
vn 0.015748 0.858268 0.511811
vn 0.007874 -0.653543 0.755905
vn 0.047244 -0.866142 0.503937
vn 0.031496 -0.732283 -0.677165
vn -0.685039 -0.724409 0.015748
vn 0.519685 -0.858268 0.023622
vn -0.629921 -0.779527 0.007874
vn 0.629921 -0.779527 0.007874
vn -0.779528 -0.629921 0.000000
vn -0.795276 -0.606299 0.007874
vn -0.795276 0.606299 -0.015748
vn -0.629921 -0.779527 0.000000
vn 0.629921 -0.779527 0.000000
vn 0.598425 -0.803149 0.000000
vn -0.779528 -0.629921 0.000000
vn -0.653543 -0.755905 0.000000
vn 0.480315 -0.803150 -0.354331
vn -0.511811 -0.763779 0.385827
vn -0.787402 -0.614173 0.000000
vn -0.622047 -0.629921 0.464567
vn -0.779528 0.629921 -0.000000
vn -0.787402 0.614173 -0.000000
vn -0.622047 0.629921 0.464567
vn -0.511811 0.771653 0.385827
vn -0.653543 0.755905 -0.000000
vn 0.480315 0.803149 -0.354331
vn -0.779528 0.629921 -0.000000
vn -0.685039 0.732283 -0.015748
vn 0.598425 0.803149 -0.000000
vn 0.606299 0.653543 -0.448819
vn -0.629921 0.779527 -0.000000
vn -0.629921 0.779527 -0.007874
vn 0.629921 0.779527 -0.000000
vn 0.763780 0.637795 -0.000000
vn 0.606299 -0.653543 -0.456693
vn 0.480315 -0.803150 -0.354331
vn 0.598425 -0.803149 0.000000
vn 0.763780 -0.637795 0.000000
vn 0.629921 -0.779527 0.000000
vn 0.779528 0.629921 -0.000000
vn 0.779528 -0.629921 0.000000
vn 0.779528 -0.629921 0.000000
vn 0.629921 -0.779527 0.007874
vn 0.629921 0.779527 -0.007874
vn 0.779528 0.629921 -0.000000
vn 0.748031 -0.661417 0.015748
vn 0.519685 -0.858268 0.023622
vn 0.047244 -0.866142 0.503937
vn 0.031496 -0.677165 0.740157
vn -0.015748 0.637795 0.771653
vn 0.763780 0.645669 -0.007874
vn 0.551181 0.834646 -0.015748
vn -0.023622 0.842520 0.535433
vn -0.031496 0.740157 -0.677165
vn 0.251969 0.007874 -0.968504
vn 0.244094 -0.000000 -0.968504
vn 0.440945 -0.000000 -0.897638
vn 0.078740 0.007874 -1.000000
vn 0.204724 0.645669 -0.740157
vn 0.299213 0.637795 -0.708661
vn 0.496063 0.582677 -0.645669
vn 0.047244 0.653543 -0.755905
vn -0.921260 0.251968 -0.291339
vn -0.968504 0.173228 -0.196850
vn -0.968504 -0.000000 -0.244094
vn -0.897638 -0.000000 -0.433071
vn -1.000000 0.023622 -0.023622
vn -0.984252 0.102362 -0.125984
vn -1.000000 -0.000000 -0.023622
vn -0.968504 -0.000000 -0.244094
vn -0.251969 -0.629921 0.732283
vn -0.433071 -0.598425 0.669291
vn -0.275591 -0.007874 0.960630
vn -0.433071 0.000000 0.897638
vn -0.031496 -0.653543 0.755905
vn -0.188976 -0.653543 0.732283
vn -0.055118 -0.007874 1.000000
vn -0.244094 0.000000 0.968504
vn 0.897638 -0.007874 0.440945
vn 0.984252 0.000000 0.181102
vn 0.968504 0.000000 0.236220
vn 0.984252 -0.102362 0.141732
vn 0.952756 -0.188976 0.244094
vn 0.992126 -0.078740 0.118110
vn 1.000000 -0.000000 -0.047244
vn 0.440945 -0.000000 -0.897638
vn 0.251969 0.007874 -0.968504
vn 0.204724 0.645669 -0.740157
vn 1.000000 0.062992 -0.047244
vn 0.496063 0.582677 -0.645669
vn -1.000000 -0.000000 -0.078740
vn -0.992126 0.000000 0.133858
vn -0.992126 0.000000 0.133858
vn -0.992126 0.000000 0.133858
vn -1.000000 -0.000000 -0.078740
vn -1.000000 -0.000000 -0.078740
vn -0.133858 -0.000000 -0.992126
vn -0.133858 -0.000000 -0.992126
vn -0.133858 -0.000000 -0.992126
vn 0.078740 -0.000000 -1.000000
vn 0.078740 -0.000000 -1.000000
vn 0.078740 -0.000000 -1.000000
vn 0.992126 -0.000000 -0.133858
vn 0.992126 -0.000000 -0.133858
vn 0.992126 -0.000000 -0.133858
vn 1.000000 0.000000 0.078740
vn 1.000000 0.000000 0.078740
vn 1.000000 0.000000 0.078740
vn 0.133858 0.000000 0.992126
vn 0.133858 0.000000 0.992126
vn 0.133858 0.000000 0.992126
vn -0.078740 0.000000 1.000000
vn -0.078740 0.000000 1.000000
vn -0.078740 0.000000 1.000000
vn -0.992126 0.000000 0.133858
vn -0.992126 0.000000 0.133858
vn -0.992126 0.000000 0.133858
vn -0.062992 0.661417 -0.748031
vn 0.086614 0.661417 -0.748031
vn -0.125984 0.653543 -0.740157
vn 0.078740 0.661417 -0.748031
vn -0.086614 0.007874 -1.000000
vn 0.968504 0.181102 -0.188976
vn 0.992126 0.094488 -0.078740
vn 0.102362 0.007874 -0.992126
vn 0.157480 -0.000000 -0.984252
vn 0.354331 -0.000000 -0.937008
vn 0.984252 -0.000000 -0.188976
vn 0.992126 0.000000 0.149606
vn 1.000000 0.015748 -0.000000
vn 0.992126 -0.047244 0.078740
vn 1.000000 0.000000 0.031496
vn 0.937008 -0.007874 0.354331
vn 0.102362 -0.653543 0.748031
vn 0.110236 -0.661417 0.748031
vn 0.102362 -0.007874 0.992126
vn -0.157480 0.000000 0.984252
vn -0.118110 -0.007874 0.992126
vn -0.354331 0.000000 0.937008
vn -0.984252 -0.000000 -0.157480
vn -0.118110 -0.653543 0.748031
vn -0.086614 -0.661417 0.748031
vn -0.992126 -0.094488 0.094488
vn -0.992126 -0.007874 0.141732
vn -0.937008 0.007874 -0.354331
vn -0.992126 -0.102362 0.102362
vn -1.000000 0.039370 -0.062992
vn -1.000000 -0.000000 -0.070866
vn 0.157480 -0.000000 -0.984252
vn -0.086614 0.007874 -1.000000
vn -0.062992 0.661417 -0.748031
vn -0.992126 0.078740 -0.094488
vn -0.125984 0.653543 -0.740157
vn 0.354331 0.354331 -0.866142
vn 0.401575 0.385827 -0.834646
vn 0.503937 0.448819 -0.732283
vn 0.535433 0.464567 -0.708661
vn 0.527559 -0.000000 -0.850394
vn 0.503937 -0.000000 -0.866142
vn 0.669291 -0.000000 -0.740157
vn 0.685039 -0.000000 -0.732283
vn 0.866142 0.000000 0.503937
vn 0.724409 0.456693 0.519685
vn 0.708661 0.448819 0.551181
vn 0.874016 0.000000 0.488189
vn 0.598425 0.354331 0.716535
vn 0.763780 0.000000 0.653543
vn 0.740157 0.000000 0.669291
vn 0.637795 0.377953 0.669291
vn -0.362205 -0.354331 0.866142
vn -0.385827 -0.370079 0.842520
vn -0.472441 0.000000 0.881890
vn -0.503937 0.000000 0.866142
vn -0.511811 -0.448819 0.724409
vn -0.519685 -0.456693 0.716535
vn -0.716535 -0.456693 -0.527559
vn -0.661417 0.000000 0.748031
vn -0.669291 0.000000 0.740157
vn -0.866142 -0.000000 -0.503937
vn -0.708661 -0.448819 -0.543307
vn -0.858268 -0.000000 -0.519685
vn -0.740157 -0.000000 -0.669291
vn -0.606299 -0.354331 -0.716535
vn -0.622047 -0.370079 -0.692913
vn 0.354331 0.354331 -0.866142
vn 0.401575 0.385827 -0.834646
vn 0.527559 -0.000000 -0.850394
vn -0.716535 -0.000000 -0.700787
vn 0.503937 -0.000000 -0.866142
vn 0.283465 -0.645669 -0.708661
vn 0.007874 -0.787401 -0.614173
vn 0.007874 -0.637795 -0.771653
vn 0.228346 -0.795276 -0.559055
vn -0.007874 -0.763779 0.645669
vn 0.480315 -0.795276 -0.362205
vn 0.614173 -0.637795 -0.456693
vn 0.622047 -0.637795 -0.456693
vn -0.236220 -0.755905 0.606299
vn -0.007874 -0.622047 0.779527
vn -0.519685 -0.755905 0.385827
vn 0.488189 -0.803150 -0.354331
vn 0.771654 -0.637795 0.000000
vn 0.598425 -0.795275 0.000000
vn -0.527559 -0.755905 0.385827
vn -0.653543 -0.755905 0.000000
vn -0.787402 -0.622047 0.000000
vn -0.629921 -0.614173 0.472441
vn -0.637795 -0.622047 0.464567
vn -0.291339 -0.622047 0.724409
vn -0.629921 0.622047 0.472441
vn -0.637795 0.614173 0.464567
vn -0.787402 0.622047 -0.000000
vn -0.653543 0.755905 -0.000000
vn -0.291339 0.622047 0.724409
vn -0.007874 0.622047 0.779527
vn -0.527559 0.755905 0.385827
vn 0.598425 0.795275 -0.000000
vn -0.236220 0.755905 0.606299
vn -0.007874 0.763779 0.645669
vn -0.519685 0.755905 0.385827
vn 0.228346 0.795275 -0.559055
vn 0.007874 0.787401 -0.614173
vn 0.480315 0.803149 -0.354331
vn 0.480315 0.795275 -0.362205
vn 0.283465 0.645669 -0.708661
vn 0.007874 0.637795 -0.771653
vn 0.007874 -0.637795 -0.771653
vn 0.283465 -0.645669 -0.708661
vn 0.614173 0.637795 -0.456693
vn 0.614173 -0.637795 -0.456693
vn 0.622047 -0.637795 -0.456693
vn 0.622047 0.637795 -0.456693
vn 0.771654 0.637795 -0.000000
vn 0.771654 -0.637795 0.000000
vn 0.000000 0.637795 0.771653
vn -0.496063 -0.637795 0.582677
vn 0.000000 -0.637795 0.771653
vn -0.496063 0.637795 0.582677
vn 0.000000 0.803150 0.598425
vn -0.496063 -0.645669 0.582677
vn -0.496063 0.645669 0.582677
vn -0.385827 0.803150 0.456693
vn -0.385827 0.811024 0.440945
vn 0.425197 0.755905 -0.496063
vn 0.000000 0.755905 -0.653543
vn 0.433071 0.755905 -0.496063
vn 0.000000 0.614173 -0.787401
vn 0.511811 0.614173 -0.598425
vn 0.519685 0.614173 -0.598425
vn 0.511811 -0.614173 -0.598425
vn 0.511811 -0.614173 -0.598425
vn 0.000000 -0.614173 -0.787401
vn 0.433071 -0.748031 -0.503937
vn 0.425197 -0.755905 -0.496063
vn 0.000000 -0.755905 -0.653543
vn -0.385827 -0.811023 0.448819
vn 0.000000 -0.803149 0.598425
vn -0.385827 -0.803149 0.456693
vn -0.496063 -0.645669 0.582677
vn -0.496063 -0.637795 0.582677
vn 0.000000 -0.637795 0.771653
vn -0.763780 0.645669 0.007874
vn -0.456693 -0.645669 0.614173
vn -0.456693 0.645669 0.614173
vn -0.763780 -0.645669 0.007874
vn -0.755906 0.653543 -0.007874
vn -0.574803 -0.818897 0.007874
vn -0.346457 -0.811023 0.472441
vn -0.755906 -0.653543 -0.007874
vn -0.196850 0.645669 -0.732283
vn -0.196850 -0.645669 -0.732283
vn -0.559055 -0.834646 -0.007874
vn -0.149606 -0.826772 -0.535433
vn 0.661417 -0.748031 0.000000
vn 0.401575 -0.740157 -0.543307
vn 0.480315 -0.598425 -0.645669
vn 0.669291 -0.740157 0.007874
vn 0.173228 -0.740157 0.645669
vn 0.795276 -0.606299 -0.007874
vn 0.795276 -0.598425 0.007874
vn 0.212598 -0.598425 0.771653
vn 0.212598 0.598425 0.771653
vn 0.795276 0.598425 0.007874
vn 0.173228 0.740157 0.645669
vn 0.795276 0.606299 -0.007874
vn 0.480315 0.590551 -0.645669
vn 0.669291 0.740157 0.007874
vn -0.149606 0.826771 -0.535433
vn 0.661417 0.748031 -0.000000
vn 0.401575 0.740157 -0.543307
vn -0.346457 0.811024 0.464567
vn -0.559055 0.826772 -0.007874
vn -0.196850 0.645669 -0.732283
vn -0.755906 0.653543 -0.007874
vn -0.574803 0.818897 0.007874
vn -0.456693 0.645669 0.614173
vn -0.763780 0.645669 0.007874
vn -0.118110 -0.834646 -0.543307
vn -0.755906 -0.653543 0.000000
vn -0.165354 -0.653543 -0.740157
vn -0.551181 -0.834646 -0.007874
vn 0.141732 -0.740157 0.653543
vn -0.582677 -0.811023 0.000000
vn -0.763780 -0.645669 0.000000
vn -0.496063 -0.645669 0.582677
vn -0.385827 -0.811023 0.448819
vn 0.661417 -0.755905 0.000000
vn 0.433071 -0.748031 -0.503937
vn 0.669291 -0.740157 0.000000
vn 0.795276 -0.614173 0.000000
vn 0.511811 -0.614173 -0.598425
vn 0.519685 0.614173 -0.598425
vn 0.803150 -0.598425 0.007874
vn 0.173228 -0.590551 0.787401
vn 0.173228 0.598425 0.779527
vn 0.795276 0.614173 -0.000000
vn 0.433071 0.755905 -0.496063
vn 0.803150 0.598425 0.007874
vn 0.669291 0.740157 -0.000000
vn 0.141732 0.740157 0.653543
vn 0.661417 0.755905 -0.000000
vn -0.385827 0.811024 0.440945
vn -0.551181 0.834646 -0.007874
vn -0.118110 0.834646 -0.535433
vn -0.165354 0.653543 -0.740157
vn -0.582677 0.811023 -0.000000
vn -0.496063 0.645669 0.582677
vn -0.755906 0.653543 -0.000000
vn -0.165354 -0.653543 -0.740157
vn -0.755906 -0.653543 0.000000
vn -0.763780 -0.645669 0.000000
vn -0.496063 -0.645669 0.582677
vn -0.763780 0.645669 -0.000000
vn 0.000000 -0.000000 -1.000000
vn 0.000000 -0.000000 -1.000000
vn 0.000000 0.653543 -0.755905
vn 0.000000 0.629921 -0.779527
vn 0.000000 -0.000000 -1.000000
vn 0.000000 0.779527 -0.629921
vn 0.000000 0.842520 -0.535433
vn 0.000000 0.629921 -0.779527
vn 0.000000 -0.000000 -1.000000
vn 0.000000 0.779527 0.629921
vn 0.000000 0.732283 0.677165
vn 0.000000 0.779527 -0.629921
vn 0.000000 0.629921 -0.779527
vn 0.000000 -0.000000 -1.000000
vn 0.000000 0.653543 -0.755905
vn 0.000000 0.779527 -0.629921
vn 0.000000 0.842520 -0.535433
vn 0.000000 0.779527 0.629921
vn 0.000000 0.779527 0.629921
vn 0.000000 0.732283 0.677165
vn 0.000000 0.629921 0.779527
vn 0.000000 0.590551 0.811023
vn 0.000000 0.000000 1.000000
vn 0.000000 0.000000 1.000000
vn 0.000000 0.629921 0.779527
vn 0.000000 0.000000 1.000000
vn 0.000000 0.000000 1.000000
vn 0.000000 0.629921 0.779527
vn 0.007874 0.000000 1.000000
vn 0.007874 0.590551 0.803149
vn 0.755906 0.653543 -0.007874
vn 1.000000 0.000000 0.000000
vn 1.000000 -0.000000 -0.007874
vn 0.779528 0.629921 -0.000000
vn 1.000000 0.000000 0.000000
vn 1.000000 0.000000 0.000000
vn 0.811024 0.590551 -0.007874
vn 0.779528 0.629921 -0.000000
vn 0.677165 0.732283 -0.000000
vn 0.629921 0.779527 -0.000000
vn -0.535433 0.842520 -0.000000
vn 0.629921 0.779527 -0.000000
vn 0.535433 0.842520 -0.007874
vn -0.629921 0.779527 -0.000000
vn -0.755906 0.653543 -0.000000
vn -0.629921 0.779527 -0.000000
vn -0.677165 0.740157 -0.000000
vn -0.779528 0.629921 -0.000000
vn -1.000000 0.000000 0.000000
vn -1.000000 0.000000 0.000000
vn -0.779528 0.629921 -0.000000
vn -0.803150 0.590551 0.007874
vn -1.000000 0.000000 0.000000
vn -1.000000 0.000000 0.007874
vn 0.551181 0.000000 0.834646
vn 0.779528 0.007874 -0.629921
vn 0.771654 0.007874 0.629921
vn 0.944882 -0.000000 -0.338583
vn 0.409449 0.330709 0.850394
vn 0.881890 -0.000000 -0.480315
vn 0.629921 0.007874 -0.771653
vn 0.724409 0.598425 -0.338583
vn 0.314961 0.267717 0.913386
vn 0.740157 0.606299 -0.299213
vn 0.692913 0.574803 -0.433071
vn 0.669291 0.551181 -0.503937
vn -0.220472 -0.173228 -0.960630
vn -0.157480 -0.133858 -0.976378
vn -0.275591 -0.000000 -0.960630
vn -0.629921 -0.000000 -0.779527
vn -0.385827 -0.307087 -0.874016
vn -0.330709 -0.275591 -0.897638
vn -0.740157 -0.614173 0.275591
vn -0.480315 -0.000000 -0.874016
vn -0.779528 -0.000000 -0.629921
vn -0.724409 -0.590551 0.346457
vn -0.944882 -0.007874 0.338583
vn -0.779528 0.007874 0.629921
vn -0.629921 0.007874 0.771653
vn -0.842520 -0.007874 0.543307
vn 0.629921 0.007874 0.779527
vn -0.653543 -0.527559 0.543307
vn -0.685039 -0.566929 0.448819
vn 0.102362 0.094488 0.992126
vn 0.346457 -0.007874 0.937008
vn 0.771654 0.007874 0.629921
vn 0.551181 0.000000 0.834646
vn 0.267717 0.212599 0.937008
vn 0.314961 0.267717 0.913386
vn 0.409449 0.330709 0.850394
vn 0.787402 0.000000 0.614173
vn 0.779528 -0.000000 -0.629921
vn 0.779528 0.000000 0.629921
vn 0.787402 -0.000000 -0.614173
vn 0.606299 0.496063 0.622047
vn 0.653543 -0.000000 -0.755905
vn 0.629921 -0.000000 -0.779527
vn 0.606299 0.496063 -0.622047
vn 0.582677 0.488189 0.653543
vn 0.582677 0.480315 -0.653543
vn 0.503937 0.409449 -0.763779
vn 0.448819 0.370079 -0.811024
vn -0.464567 -0.377953 -0.803149
vn -0.480315 -0.401575 -0.779527
vn -0.598425 -0.000000 -0.803149
vn -0.629921 -0.000000 -0.779527
vn -0.590551 -0.488189 -0.645669
vn -0.598425 -0.496063 -0.629921
vn -0.598425 -0.496063 0.629921
vn -0.771654 -0.000000 -0.637795
vn -0.779528 -0.000000 -0.629921
vn -0.779528 0.000000 0.629921
vn -0.590551 -0.488189 0.645669
vn -0.488189 -0.401575 0.779527
vn -0.771654 0.000000 0.637795
vn -0.629921 0.000000 0.779527
vn -0.464567 -0.377953 0.803150
vn -0.598425 0.000000 0.803149
vn 0.629921 0.000000 0.779527
vn 0.448819 0.377953 0.811023
vn 0.653543 0.000000 0.755905
vn 0.779528 0.000000 0.629921
vn 0.787402 0.000000 0.614173
vn 0.503937 0.417323 0.755905
vn 0.582677 0.488189 0.653543
vn 0.606299 0.496063 0.622047
vn 0.787402 0.000000 0.614173
vn 0.779528 -0.000000 -0.629921
vn 0.779528 0.000000 0.629921
vn 0.787402 -0.000000 -0.614173
vn 0.606299 0.503937 0.622047
vn 0.653543 -0.000000 -0.755905
vn 0.629921 -0.000000 -0.779527
vn 0.606299 0.496063 -0.622047
vn 0.582677 0.488189 0.653543
vn 0.582677 0.480315 -0.653543
vn 0.503937 0.409449 -0.755905
vn 0.456693 0.377953 -0.811024
vn -0.456693 -0.385827 -0.803149
vn -0.496063 -0.417323 -0.763779
vn -0.598425 -0.000000 -0.803149
vn -0.629921 -0.000000 -0.779527
vn -0.590551 -0.488189 -0.637795
vn -0.606299 -0.511811 -0.606299
vn -0.614173 -0.503937 0.606299
vn -0.771654 -0.000000 -0.637795
vn -0.779528 -0.000000 -0.629921
vn -0.590551 -0.488189 0.645669
vn -0.496063 -0.409449 0.763779
vn -0.771654 0.000000 0.637795
vn -0.779528 0.000000 0.629921
vn -0.629921 0.000000 0.779527
vn -0.598425 0.000000 0.803149
vn 0.629921 0.000000 0.779527
vn -0.464567 -0.377953 0.803150
vn 0.448819 0.377953 0.811023
vn 0.653543 0.000000 0.755905
vn 0.779528 0.000000 0.629921
vn 0.787402 0.000000 0.614173
vn 0.496063 0.417323 0.755905
vn 0.582677 0.488189 0.653543
vn 0.606299 0.503937 0.622047
vn 0.787402 0.000000 0.614173
vn 0.779528 -0.000000 -0.629921
vn 0.779528 0.000000 0.629921
vn 0.787402 -0.000000 -0.614173
vn 0.606299 0.503937 0.622047
vn 0.653543 -0.000000 -0.755905
vn 0.629921 -0.000000 -0.779527
vn 0.606299 0.496063 -0.622047
vn 0.582677 0.488189 0.653543
vn 0.582677 0.480315 -0.653543
vn 0.503937 0.409449 -0.763779
vn 0.456693 0.370079 -0.811024
vn -0.456693 -0.385827 -0.803149
vn -0.480315 -0.409449 -0.771653
vn -0.598425 -0.000000 -0.803149
vn -0.629921 -0.000000 -0.779527
vn -0.590551 -0.488189 -0.637795
vn -0.598425 -0.503937 -0.629921
vn -0.606299 -0.496063 0.622047
vn -0.771654 -0.000000 -0.637795
vn -0.779528 -0.000000 -0.629921
vn -0.590551 -0.488189 0.645669
vn -0.488189 -0.401575 0.771653
vn -0.771654 0.000000 0.637795
vn -0.779528 0.000000 0.629921
vn -0.629921 0.000000 0.779527
vn -0.598425 0.000000 0.803149
vn 0.629921 0.000000 0.779527
vn -0.464567 -0.377953 0.803150
vn 0.448819 0.377953 0.811023
vn 0.653543 0.000000 0.755905
vn 0.779528 0.000000 0.629921
vn 0.787402 0.000000 0.614173
vn 0.496063 0.417323 0.755905
vn 0.582677 0.488189 0.653543
vn 0.606299 0.503937 0.622047
vn 0.992126 0.007874 0.149606
vn 0.779528 0.007874 -0.629921
vn 0.779528 -0.007874 0.622047
vn 0.417323 0.015748 -0.913386
vn 0.629921 0.007874 -0.779527
vn 0.370079 0.590551 -0.716535
vn 0.992126 -0.031496 0.133858
vn 0.244094 0.015748 -0.968504
vn 0.535433 0.551181 -0.645669
vn 0.960630 -0.118110 0.251968
vn 0.204724 0.614173 -0.763779
vn 0.354331 0.598425 -0.716535
vn -0.858268 0.275590 -0.433071
vn -0.913386 0.220472 -0.354331
vn -0.905512 -0.007874 -0.433071
vn -0.629921 0.007874 -0.771653
vn -0.976378 0.086614 -0.196850
vn -0.952756 0.141732 -0.267717
vn -0.976378 -0.007874 -0.228346
vn -0.771654 0.007874 -0.629921
vn -0.409449 -0.574803 0.708661
vn -0.503937 -0.559055 0.661417
vn -0.299213 -0.606299 0.740157
vn -0.440945 -0.015748 0.897638
vn -0.771654 0.000000 0.629921
vn -0.196850 -0.606299 0.771653
vn -0.236220 -0.015748 0.968504
vn -0.629921 0.000000 0.779527
vn 0.629921 -0.007874 0.779527
vn 0.929134 0.000000 0.377953
vn 0.779528 -0.007874 0.622047
vn 0.992126 0.007874 0.149606
vn 0.937008 -0.173228 0.314961
vn 0.992126 -0.031496 0.133858
vn 0.889764 -0.236220 0.393701
vn 0.960630 -0.118110 0.251968
vn 0.000000 0.653543 -0.755905
vn 0.000000 0.629921 -0.779527
vn 0.000000 -0.653543 -0.755905
vn 0.000000 -0.629921 -0.779527
vn 0.000000 0.629921 -0.779527
vn 0.000000 -0.779527 -0.629921
vn 0.000000 -0.842520 -0.535433
vn 0.000000 -0.629921 -0.779527
vn 0.000000 0.629921 -0.779527
vn 0.000000 -0.779527 0.629921
vn 0.000000 -0.732283 0.677165
vn 0.000000 -0.779527 -0.629921
vn 0.000000 -0.629921 -0.779527
vn 0.000000 0.653543 -0.755905
vn 0.000000 -0.653543 -0.755905
vn 0.000000 -0.779527 -0.629921
vn 0.000000 -0.842520 -0.535433
vn 0.000000 -0.779527 0.629921
vn 0.000000 -0.779527 0.629921
vn 0.000000 -0.732283 0.677165
vn 0.000000 -0.629921 0.779527
vn 0.000000 -0.590551 0.811024
vn 0.000000 0.590551 0.811023
vn 0.000000 -0.629921 0.779527
vn 0.000000 -0.629921 0.779527
vn 0.000000 -0.590551 0.811024
vn 0.000000 0.629921 0.779527
vn 0.000000 0.732283 0.677165
vn 0.000000 0.629921 0.779527
vn 0.000000 0.629921 0.779527
vn 0.000000 0.590551 0.811023
vn 0.000000 0.732283 0.677165
vn 0.000000 0.779527 0.629921
vn 0.000000 0.842520 -0.535433
vn 0.000000 0.779527 0.629921
vn 0.000000 0.779527 0.629921
vn 0.000000 0.842520 -0.535433
vn 0.000000 0.779527 -0.629921
vn 0.000000 0.653543 -0.755905
vn 0.000000 0.629921 -0.779527
vn 0.000000 0.779527 -0.629921
vn 0.000000 0.629921 -0.779527
vn 0.000000 0.779527 -0.629921
vn 0.000000 0.629921 -0.779527
vn 0.000000 0.653543 -0.755905
vn 0.007874 0.645669 -0.763779
vn 0.377953 -0.000000 -0.921260
vn 0.007874 -0.000000 -1.000000
vn 0.291339 0.661417 -0.692913
vn 0.007874 0.803149 -0.598425
vn 0.622047 0.629921 -0.464567
vn 0.803150 -0.000000 -0.598425
vn 0.244094 0.795275 -0.551181
vn -0.007874 0.755905 0.653543
vn 0.480315 0.795275 -0.362205
vn 0.614173 0.653543 -0.448819
vn 0.811024 -0.000000 -0.590551
vn 1.000000 0.000000 0.000000
vn 0.763780 0.637795 -0.000000
vn 0.598425 0.803149 -0.000000
vn 0.480315 0.803149 -0.346457
vn -0.653543 0.755905 -0.000000
vn -0.511811 0.771653 0.377953
vn -0.787402 0.614173 -0.000000
vn -0.535433 0.748031 0.401575
vn -0.629921 0.629921 0.464567
vn -1.000000 0.000000 0.000000
vn -0.803150 0.000000 0.598425
vn -0.637795 0.606299 0.480315
vn -0.795276 0.000000 0.598425
vn -0.259843 0.779527 0.566929
vn -0.007874 0.614173 0.787401
vn -0.322835 0.637795 0.700787
vn -0.417323 0.000000 0.905512
vn -0.007874 0.000000 1.000000
vn 0.007874 -0.637795 -0.771653
vn 0.000000 0.629921 -0.779527
vn 0.007874 0.637795 -0.771653
vn 0.000000 -0.629921 -0.779527
vn 0.000000 0.629921 -0.779527
vn 0.000000 -0.779527 -0.629921
vn 0.007874 -0.787401 -0.614173
vn 0.000000 -0.629921 -0.779527
vn 0.000000 0.629921 -0.779527
vn 0.000000 -0.779527 0.629921
vn -0.007874 -0.763779 0.645669
vn 0.000000 -0.779527 -0.629921
vn 0.000000 -0.629921 -0.779527
vn -0.055118 0.637795 -0.771653
vn -0.055118 -0.637795 -0.771653
vn 0.000000 -0.779527 -0.629921
vn -0.047244 -0.787401 -0.614173
vn 0.000000 -0.779527 0.629921
vn 0.000000 -0.779527 0.629921
vn 0.047244 -0.771653 0.637795
vn 0.000000 -0.629921 0.779527
vn -0.007874 -0.622047 0.779527
vn -0.007874 0.622047 0.779527
vn 0.000000 -0.629921 0.779527
vn 0.000000 0.629921 0.779527
vn -0.007874 0.763779 0.645669
vn 0.000000 -0.629921 0.779527
vn 0.062992 -0.629921 0.779527
vn 0.062992 0.629921 0.779527
vn 0.000000 0.629921 0.779527
vn 0.000000 0.779527 0.629921
vn 0.007874 0.787401 -0.614173
vn 0.000000 0.629921 0.779527
vn 0.047244 0.771653 0.637795
vn 0.000000 0.779527 0.629921
vn 0.000000 0.779527 -0.629921
vn 0.007874 0.637795 -0.771653
vn 0.000000 0.629921 -0.779527
vn 0.000000 0.779527 0.629921
vn -0.047244 0.787401 -0.614173
vn 0.000000 0.779527 -0.629921
vn 0.000000 0.629921 -0.779527
vn 0.000000 0.779527 -0.629921
vn -0.055118 0.637795 -0.771653
vn 0.000000 0.629921 -0.779527
vn 0.000000 -0.637795 0.771653
vn 0.000000 0.629921 0.779527
vn 0.000000 0.637795 0.771653
vn 0.000000 -0.629921 0.779527
vn 0.000000 0.629921 0.779527
vn 0.000000 -0.779527 0.629921
vn 0.000000 -0.795275 0.598425
vn 0.000000 -0.629921 0.779527
vn 0.000000 0.629921 0.779527
vn 0.000000 -0.779527 -0.629921
vn 0.000000 -0.755905 -0.653543
vn 0.000000 -0.779527 0.629921
vn 0.000000 -0.629921 0.779527
vn 0.000000 -0.629921 -0.779527
vn 0.000000 -0.622047 -0.787401
vn 0.000000 0.622047 -0.787401
vn 0.000000 -0.779527 -0.629921
vn 0.000000 0.629921 -0.779527
vn 0.000000 0.755905 -0.653543
vn 0.000000 -0.629921 -0.779527
vn 0.000000 -0.779527 0.629921
vn 0.000000 0.779527 -0.629921
vn 0.000000 0.795276 0.606299
vn 0.000000 0.629921 -0.779527
vn 0.000000 -0.779527 -0.629921
vn 0.000000 -0.629921 -0.779527
vn 0.000000 0.779527 0.629921
vn 0.000000 0.637795 0.771653
vn 0.000000 0.629921 0.779527
vn 0.000000 0.779527 -0.629921
vn 0.000000 0.779527 0.629921
vn 0.000000 0.629921 0.779527
vn 0.000000 0.629921 -0.779527
vn 0.000000 0.779527 -0.629921
vn 0.000000 0.779527 0.629921
vn 0.000000 0.629921 0.779527
vn 0.000000 -0.653543 -0.755905
vn 0.000000 0.732283 0.677165
vn 0.000000 0.590551 0.811023
vn -0.811024 0.590551 0.007874
vn -0.677165 0.732283 -0.000000
vn 0.000000 0.842520 -0.535433
vn 0.535433 0.842520 -0.000000
vn 0.000000 0.653543 -0.755905
vn 0.755906 0.653543 -0.000000
vn 0.755906 -0.653543 0.000000
vn 0.535433 -0.842520 0.000000
vn 0.000000 -0.842520 -0.535433
vn 0.000000 -0.732283 0.677165
vn -0.677165 -0.732283 0.000000
vn -0.811024 -0.590551 0.007874
vn 0.000000 -0.590551 0.811024
vn -0.811024 0.590551 0.007874
vn 0.000000 0.590551 0.811023
vn 0.771654 -0.637795 0.000000
vn 0.488189 -0.803150 -0.346457
vn 0.614173 -0.645669 -0.448819
vn 0.598425 -0.803149 0.000000
vn -0.527559 -0.755905 0.385827
vn 0.629921 -0.779527 0.000000
vn 0.779528 -0.629921 0.000000
vn 0.779528 -0.629921 0.000000
vn -0.653543 -0.755905 0.000000
vn 0.629921 -0.779527 0.000000
vn 0.755906 -0.653543 0.000000
vn 0.535433 -0.842520 0.000000
vn -0.629921 -0.779527 0.000000
vn -0.629921 -0.779527 0.000000
vn -0.685039 -0.732283 0.000000
vn -0.779528 -0.629921 0.000000
vn -0.779528 -0.629921 0.000000
vn -0.803150 -0.598425 0.000000
vn -0.787402 -0.614173 0.000000
vn -0.629921 -0.622047 0.456693
vn -0.779528 0.629921 -0.000000
vn -0.803150 0.598425 -0.000000
vn -0.685039 0.732283 -0.000000
vn -0.787402 0.614173 -0.000000
vn -0.629921 0.622047 0.456693
vn -0.527559 0.755905 0.385827
vn -0.779528 0.629921 -0.000000
vn -0.653543 0.755905 -0.000000
vn 0.598425 0.803149 -0.000000
vn 0.488189 0.803149 -0.346457
vn -0.629921 0.779527 -0.000000
vn 0.771654 0.637795 -0.000000
vn 0.614173 0.645669 -0.448819
vn 0.614173 -0.645669 -0.448819
vn 0.771654 -0.637795 0.000000
vn 0.629921 0.779527 -0.000000
vn -0.629921 0.779527 -0.000000
vn 0.535433 0.842520 -0.000000
vn 0.779528 0.629921 -0.000000
vn 0.779528 -0.629921 0.000000
vn 0.629921 0.779527 -0.000000
vn 0.755906 0.653543 -0.000000
vn 0.779528 0.629921 -0.000000
vn 0.779528 -0.629921 0.000000
vn 0.755906 -0.653543 0.000000
vn 0.000000 -0.637795 0.771653
vn 0.000000 -0.629921 0.779527
vn 0.000000 0.637795 0.771653
vn 0.000000 0.629921 0.779527
vn 0.000000 -0.629921 0.779527
vn 0.000000 0.779527 0.629921
vn 0.000000 0.795276 0.598425
vn 0.000000 0.629921 0.779527
vn 0.000000 -0.629921 0.779527
vn 0.000000 0.779527 -0.629921
vn 0.000000 0.755905 -0.653543
vn 0.000000 0.779527 0.629921
vn 0.000000 0.629921 0.779527
vn 0.000000 -0.590551 0.811024
vn 0.000000 0.779527 -0.629921
vn 0.000000 0.590551 0.811023
vn -0.811024 -0.590551 0.007874
vn -0.811024 0.590551 0.007874
vn 0.000000 0.779527 0.629921
vn 0.000000 0.732283 0.677165
vn -0.677165 0.732283 -0.000000
vn 0.535433 0.842520 -0.000000
vn 0.000000 0.842520 -0.535433
vn 0.755906 0.653543 -0.000000
vn 0.000000 0.779527 -0.629921
vn 0.000000 0.653543 -0.755905
vn 0.755906 -0.653543 0.000000
vn 0.000000 0.629921 -0.779527
vn 0.000000 0.629921 -0.779527
vn 0.000000 -0.653543 -0.755905
vn 0.000000 -0.629921 -0.779527
vn 0.000000 -0.629921 -0.779527
vn 0.000000 -0.842520 -0.535433
vn 0.535433 -0.842520 0.000000
vn 0.000000 -0.779527 -0.629921
vn 0.000000 -0.779527 -0.629921
vn 0.000000 -0.732283 0.677165
vn -0.677165 -0.732283 0.000000
vn -0.811024 -0.590551 0.007874
vn 0.000000 -0.590551 0.811024
vn 0.000000 -0.629921 0.779527
vn 0.000000 -0.779527 0.629921
vn 0.000000 -0.629921 0.779527
vn 0.000000 -0.779527 0.629921
vn 0.000000 -0.629921 0.779527
vn 0.000000 -0.779527 0.629921
vn 0.000000 -0.637795 0.771653
vn 0.000000 -0.795275 0.598425
vn 0.000000 -0.779527 -0.629921
vn 0.000000 -0.755905 -0.653543
vn 0.000000 -0.629921 -0.779527
vn 0.000000 -0.622047 -0.787401
vn 0.000000 0.629921 -0.779527
vn 0.000000 0.614173 -0.787401
vn -0.456693 -0.645669 0.606299
vn -0.779528 0.629921 -0.039370
vn -0.748031 -0.661417 0.047244
vn -0.440945 0.645669 0.629921
vn -0.448819 -0.645669 0.614173
vn -0.370079 0.748031 0.551181
vn -0.330709 0.803150 0.488189
vn -0.590551 0.803149 -0.047244
vn 0.338583 0.834646 -0.440945
vn 0.393701 0.755905 -0.527559
vn 0.645669 0.763779 -0.055118
vn 0.472441 0.606299 -0.637795
vn 0.503937 0.527559 -0.685039
vn 0.795276 0.606299 -0.047244
vn 0.480315 -0.527559 -0.700787
vn 0.795276 -0.606299 0.031496
vn 0.456693 -0.606299 -0.653543
vn 0.425197 -0.661417 -0.614173
vn 0.669291 -0.740157 0.039370
vn 0.377953 -0.748031 -0.551181
vn -0.299213 -0.874016 0.385827
vn -0.551181 -0.826772 0.062992
vn -0.346457 -0.818897 0.456693
vn -0.448819 -0.645669 0.614173
vn -0.748031 -0.661417 0.047244
vn -0.456693 -0.645669 0.606299
vn -0.212598 -0.653543 -0.724409
vn -0.055118 -0.637795 -0.771653
vn -0.047244 -0.787401 -0.614173
vn -0.582677 -0.811023 0.039370
vn -0.771654 -0.637795 0.031496
vn -0.157480 -0.834646 -0.527559
vn 0.047244 -0.771653 0.637795
vn 0.653543 -0.755905 0.047244
vn 0.173228 -0.740157 0.653543
vn 0.062992 -0.629921 0.779527
vn 0.795276 -0.606299 0.047244
vn 0.212598 -0.598425 0.771653
vn 0.220472 0.598425 0.763779
vn 0.062992 0.629921 0.771653
vn 0.803150 0.598425 -0.023622
vn 0.188976 0.740157 0.637795
vn 0.047244 0.771653 0.637795
vn 0.685039 0.724409 -0.039370
vn -0.149606 0.826771 -0.543307
vn -0.047244 0.787401 -0.614173
vn -0.519685 0.850394 -0.062992
vn -0.204724 0.645669 -0.732283
vn -0.055118 0.637795 -0.771653
vn -0.740157 0.669291 -0.047244
vn -0.055118 -0.637795 -0.771653
vn -0.771654 -0.637795 0.031496
vn -0.212598 -0.653543 -0.724409
vn -0.456693 -0.653543 0.606299
vn -0.779528 0.629921 -0.039370
vn -0.748031 -0.661417 0.047244
vn -0.433071 0.637795 0.637795
vn -0.456693 -0.645669 0.614173
vn -0.409449 0.677165 0.606299
vn -0.330709 0.803150 0.496063
vn -0.590551 0.803149 -0.047244
vn -0.196850 0.921260 0.330709
vn 0.401575 0.755905 -0.519685
vn 0.645669 0.763779 -0.055118
vn 0.448819 0.661417 -0.598425
vn 0.480315 0.606299 -0.629921
vn 0.503937 0.543307 -0.677165
vn 0.795276 0.606299 -0.047244
vn 0.472441 -0.543307 -0.692913
vn 0.448819 -0.606299 -0.653543
vn 0.795276 -0.606299 0.031496
vn 0.409449 -0.677165 -0.606299
vn 0.669291 -0.740157 0.039370
vn 0.370079 -0.748031 -0.551181
vn -0.299213 -0.874016 0.385827
vn -0.551181 -0.826772 0.062992
vn -0.354331 -0.818897 0.448819
vn -0.456693 -0.645669 0.614173
vn -0.748031 -0.661417 0.047244
vn -0.456693 -0.653543 0.606299
vn 0.480315 -0.803150 -0.354331
vn 0.606299 -0.653543 -0.448819
vn 0.598425 -0.803149 0.007874
vn 0.771654 -0.637795 0.007874
vn 0.629921 -0.779527 0.000000
vn 0.763780 0.645669 -0.007874
vn 0.614173 0.653543 -0.448819
vn 0.779528 -0.629921 0.000000
vn 0.590551 0.803149 -0.007874
vn 0.480315 0.803149 -0.354331
vn 0.779528 0.629921 -0.000000
vn 0.629921 0.779527 -0.000000
vn 0.779528 -0.629921 0.000000
vn 0.629921 -0.779527 0.000000
vn 0.779528 0.629921 -0.000000
vn 0.755906 -0.653543 0.007874
vn 0.527559 -0.850394 0.015748
vn 0.007874 -0.842520 0.535433
vn 0.007874 -0.661417 0.748031
vn 0.007874 0.653543 0.755905
vn 0.763780 0.645669 -0.007874
vn 0.543307 0.842520 -0.007874
vn 0.007874 0.858268 0.511811
vn 0.629921 0.779527 -0.000000
vn -0.629921 0.779527 -0.000000
vn -0.692913 0.724409 -0.007874
vn -0.629921 0.779527 -0.000000
vn -0.779528 0.629921 -0.000000
vn -0.803150 0.598425 -0.007874
vn -0.653543 0.755905 -0.007874
vn -0.511811 0.771653 0.385827
vn -0.779528 0.629921 -0.000000
vn -0.787402 0.614173 -0.007874
vn -0.622047 0.629921 0.464567
vn -0.622047 -0.629921 0.464567
vn -0.787402 -0.614173 0.007874
vn -0.511811 -0.763779 0.385827
vn -0.779528 -0.629921 0.000000
vn -0.803150 -0.598425 0.007874
vn -0.692913 -0.716535 0.007874
vn -0.779528 -0.629921 0.000000
vn -0.653543 -0.755905 0.007874
vn 0.480315 -0.803150 -0.354331
vn 0.598425 -0.803149 0.007874
vn -0.629921 -0.779527 0.000000
vn 0.527559 -0.850394 0.015748
vn 0.629921 -0.779527 0.000000
vn -0.629921 -0.779527 0.000000
vn 0.629921 -0.779527 0.000000
vn -0.212598 -0.653543 -0.724409
vn -0.055118 -0.637795 -0.771653
vn -0.047244 -0.787401 -0.614173
vn -0.559055 -0.834646 -0.007874
vn -0.755906 -0.653543 -0.007874
vn -0.157480 -0.834646 -0.527559
vn 0.047244 -0.771653 0.637795
vn 0.669291 -0.740157 0.007874
vn 0.173228 -0.740157 0.653543
vn 0.062992 -0.629921 0.779527
vn 0.795276 -0.606299 0.007874
vn 0.212598 -0.598425 0.771653
vn 0.795276 0.606299 0.007874
vn 0.220472 0.598425 0.763779
vn 0.062992 0.629921 0.771653
vn 0.188976 0.740157 0.637795
vn 0.669291 0.740157 0.007874
vn 0.047244 0.771653 0.637795
vn -0.149606 0.826771 -0.543307
vn -0.559055 0.826772 -0.007874
vn -0.047244 0.787401 -0.614173
vn -0.204724 0.645669 -0.732283
vn -0.755906 0.653543 -0.007874
vn -0.055118 0.637795 -0.771653
vn -0.755906 -0.653543 -0.007874
vn -0.055118 -0.637795 -0.771653
vn -0.212598 -0.653543 -0.724409
vn -0.448819 -0.645669 0.614173
vn -0.763780 0.645669 0.007874
vn -0.763780 -0.645669 0.007874
vn -0.440945 0.645669 0.622047
vn -0.440945 -0.653543 0.614173
vn -0.425197 0.669291 0.614173
vn -0.338583 0.811024 0.480315
vn -0.574803 0.818897 0.007874
vn -0.236220 0.905512 0.354331
vn 0.393701 0.748031 -0.535433
vn 0.661417 0.748031 -0.007874
vn 0.440945 0.661417 -0.614173
vn 0.464567 0.606299 -0.645669
vn 0.496063 0.527559 -0.692913
vn 0.795276 0.606299 -0.007874
vn 0.488189 -0.527559 -0.692913
vn 0.456693 -0.606299 -0.645669
vn 0.795276 -0.606299 -0.007874
vn 0.433071 -0.661417 -0.614173
vn 0.661417 -0.748031 -0.007874
vn 0.385827 -0.748031 -0.543307
vn -0.267717 -0.889764 0.370079
vn -0.574803 -0.818897 0.007874
vn -0.338583 -0.818897 0.464567
vn -0.440945 -0.653543 0.614173
vn -0.763780 -0.645669 0.007874
vn -0.448819 -0.645669 0.614173
vn -0.015748 -0.858268 0.511811
vn -0.007874 -0.653543 0.755905
vn -0.535433 -0.842520 0.000000
vn -0.755906 -0.653543 0.000000
vn -0.629921 -0.779527 -0.007874
vn -0.755906 0.653543 -0.000000
vn -0.007874 0.661417 0.748031
vn -0.779528 -0.629921 -0.007874
vn -0.535433 0.842520 -0.000000
vn -0.007874 0.850394 0.535433
vn 0.000000 0.732283 -0.677165
vn -0.779528 0.629921 0.007874
vn -0.629921 0.779527 0.007874
vn 0.677165 0.732283 -0.000000
vn 0.007874 0.590551 -0.803150
vn 0.629921 0.779527 0.007874
vn 0.811024 0.590551 -0.007874
vn 0.007874 -0.590551 -0.803149
vn 0.779528 0.629921 0.007874
vn 0.811024 -0.590551 -0.007874
vn 0.000000 -0.732283 -0.677165
vn 0.779528 0.629921 -0.000000
vn 0.677165 -0.732283 0.000000
vn -0.015748 -0.858268 0.511811
vn -0.535433 -0.842520 0.000000
vn 0.779528 -0.629921 -0.007874
vn 0.629921 -0.779527 -0.007874
vn -0.629921 -0.779527 -0.007874
vn -0.629921 -0.779527 0.000000
vn 0.629921 -0.779527 0.000000
vn 0.771654 -0.629921 0.000000
vn 0.574803 -0.818897 0.039370
vn -0.653543 -0.755905 0.039370
vn 0.771654 -0.637795 0.031496
vn 0.448819 -0.850394 -0.267716
vn -0.417323 -0.874016 0.251969
vn 0.582677 -0.732283 -0.346457
vn 0.417323 -0.874016 -0.251968
vn -0.448819 -0.850394 0.275591
vn 0.000000 -0.732283 0.677165
vn 0.000000 -0.842520 -0.535433
vn 0.566929 -0.748031 -0.346457
vn 0.000000 -0.653543 -0.755905
vn 0.000000 0.653543 -0.755905
vn 0.582677 0.732283 -0.346457
vn 0.566929 0.748031 -0.346457
vn 0.000000 0.842520 -0.535433
vn 0.740157 0.677165 -0.039370
vn 0.417323 0.874016 -0.251969
vn 0.000000 0.732283 0.677165
vn 0.629921 0.779527 -0.000000
vn 0.496063 0.866142 -0.055118
vn -0.629921 0.771653 -0.000000
vn 0.448819 0.850394 -0.267717
vn -0.692913 0.716535 -0.031496
vn -0.779528 0.629921 -0.000000
vn -0.417323 0.874016 0.251968
vn -0.811024 0.582677 -0.023622
vn -0.771654 -0.629921 0.000000
vn -0.629921 -0.779527 0.000000
vn -0.653543 -0.755905 0.039370
vn -0.803150 -0.598425 0.039370
vn -0.417323 -0.874016 0.251969
vn -0.566929 -0.748031 0.338583
vn -0.448819 -0.850394 0.275591
vn -0.566929 0.748031 0.338583
vn -0.574803 -0.732283 0.354331
vn 0.000000 -0.590551 0.811024
vn 0.000000 -0.732283 0.677165
vn -0.574803 0.732283 0.354331
vn 0.000000 0.590551 0.811023
vn -0.448819 0.850394 0.275590
vn -0.779528 0.007874 -0.629921
vn -0.779528 0.007874 0.629921
vn -0.779528 0.023622 0.629921
vn -0.779528 -0.000000 -0.629921
vn -0.771654 0.110236 0.629921
vn -0.629921 -0.000000 -0.779527
vn -0.629921 -0.000000 -0.771653
vn -0.763780 0.110236 -0.629921
vn -0.677165 0.338583 0.653543
vn -0.677165 0.354331 -0.645669
vn -0.629921 0.094488 -0.771653
vn -0.535433 0.283464 -0.795276
vn 0.590551 -0.086614 -0.803149
vn 0.559055 -0.275591 -0.779527
vn 0.629921 -0.007874 -0.771653
vn 0.629921 -0.023622 -0.779527
vn 0.755906 -0.110236 -0.645669
vn 0.692913 -0.346457 -0.629921
vn 0.779528 -0.007874 -0.629921
vn 0.779528 -0.023622 -0.629921
vn 0.755906 -0.110236 0.645669
vn 0.685039 -0.354331 0.629921
vn 0.559055 -0.291338 0.779527
vn 0.779528 0.000000 0.629921
vn 0.771654 -0.007874 0.629921
vn 0.629921 0.000000 0.779527
vn 0.629921 0.000000 0.771653
vn -0.629921 0.023622 0.771653
vn 0.590551 -0.086614 0.803149
vn -0.535433 0.259843 0.803149
vn -0.629921 0.007874 0.779527
vn -0.779528 0.023622 0.629921
vn -0.779528 0.007874 0.629921
vn -0.629921 0.094488 0.771653
vn -0.677165 0.338583 0.653543
vn -0.771654 0.110236 0.629921
vn 0.000000 0.637795 0.771653
vn -0.456693 -0.637795 0.622047
vn 0.000000 -0.637795 0.771653
vn -0.456693 -0.645669 0.614173
vn -0.456693 0.645669 0.614173
vn -0.456693 0.637795 0.622047
vn -0.354331 0.795276 0.488189
vn 0.000000 0.795276 0.598425
vn -0.346457 0.811024 0.464567
vn 0.000000 0.755905 -0.653543
vn 0.385827 0.755905 -0.527559
vn 0.401575 0.740157 -0.543307
vn 0.464567 0.622047 -0.629921
vn 0.000000 0.614173 -0.787401
vn 0.480315 0.590551 -0.645669
vn 0.000000 -0.622047 -0.787401
vn 0.480315 -0.598425 -0.645669
vn 0.464567 -0.614173 -0.637795
vn 0.000000 -0.755905 -0.653543
vn 0.401575 -0.740157 -0.543307
vn 0.385827 -0.755905 -0.527559
vn -0.346457 -0.811023 0.472441
vn -0.354331 -0.803149 0.480315
vn 0.000000 -0.795275 0.598425
vn -0.456693 -0.645669 0.614173
vn 0.000000 -0.637795 0.771653
vn -0.456693 -0.637795 0.622047
vn 0.000000 -0.645669 -0.763779
vn 0.000000 0.629921 -0.779527
vn 0.007874 0.645669 -0.763779
vn 0.000000 -0.629921 -0.779527
vn 0.000000 -0.779527 -0.629921
vn 0.000000 -0.803150 -0.598425
vn 0.000000 -0.629921 -0.779527
vn 0.000000 0.629921 -0.779527
vn 0.000000 0.629921 -0.779527
vn 0.000000 -0.779527 -0.629921
vn 0.000000 -0.779527 0.629921
vn -0.007874 -0.755905 0.653543
vn 0.000000 -0.779527 0.629921
vn 0.000000 -0.629921 0.779527
vn -0.015748 -0.614173 0.787401
vn 0.000000 -0.629921 0.779527
vn 0.000000 0.629921 0.779527
vn -0.007874 0.614173 0.787401
vn 0.000000 0.755905 0.653543
vn 0.000000 0.779527 0.629921
vn 0.015748 0.803149 -0.598425
vn 0.000000 0.629921 0.779527
vn 0.000000 0.779527 -0.629921
vn 0.007874 0.645669 -0.763779
vn 0.000000 0.629921 -0.779527
vn 0.000000 0.629921 -0.779527
vn 0.000000 0.779527 -0.629921
vn 0.000000 0.629921 -0.779527
vn 0.000000 0.779527 0.629921
vn 0.000000 0.779527 -0.629921
vn -0.055118 0.637795 -0.771653
vn -0.047244 0.787401 -0.614173
vn 0.000000 0.779527 0.629921
vn 0.047244 0.771653 0.637795
vn 0.000000 0.629921 0.779527
vn 0.062992 0.629921 0.771653
vn 0.062992 -0.629921 0.779527
vn 0.000000 -0.629921 0.779527
vn 0.047244 -0.771653 0.637795
vn 0.000000 -0.779527 0.629921
vn -0.047244 -0.787401 -0.614173
vn 0.000000 -0.779527 -0.629921
vn -0.055118 -0.637795 -0.771653
vn 0.000000 -0.629921 -0.779527
vn -0.055118 0.637795 -0.771653
vn 0.629921 -0.779527 0.000000
vn 0.763780 -0.637795 0.000000
vn 0.779528 -0.629921 0.000000
vn 0.598425 -0.803149 0.000000
vn 0.779528 -0.629921 0.000000
vn -0.629921 -0.779527 0.000000
vn -0.653543 -0.755905 0.000000
vn 0.629921 -0.779527 0.000000
vn 0.755906 -0.653543 0.000000
vn 0.535433 -0.842520 0.000000
vn -0.629921 -0.779527 0.000000
vn -0.677165 -0.732283 0.000000
vn -0.779528 -0.629921 0.000000
vn -0.787402 -0.614173 0.000000
vn -0.779528 -0.629921 0.000000
vn -0.811024 -0.590551 -0.007874
vn -0.787402 0.614173 -0.000000
vn -0.779528 0.629921 -0.000000
vn -0.811024 0.590551 -0.007874
vn -0.779528 0.629921 -0.000000
vn -0.653543 0.755905 -0.000000
vn -0.677165 0.732283 -0.000000
vn -0.629921 0.779527 -0.000000
vn 0.598425 0.803149 -0.000000
vn -0.629921 0.779527 -0.000000
vn 0.535433 0.842520 -0.000000
vn 0.629921 0.779527 -0.000000
vn 0.763780 0.637795 -0.000000
vn 0.629921 0.779527 -0.000000
vn 0.755906 0.653543 -0.000000
vn 0.779528 0.629921 -0.000000
vn 0.763780 -0.637795 0.000000
vn 0.779528 -0.629921 0.000000
vn 0.779528 0.629921 -0.000000
vn 0.755906 -0.653543 0.000000
vn 0.779528 -0.629921 0.000000
vn 0.000000 0.779527 -0.629921
vn 0.007874 0.645669 -0.763779
vn 0.000000 0.629921 -0.779527
vn 0.007874 0.803149 -0.598425
vn 0.000000 0.629921 -0.779527
vn 0.000000 0.779527 0.629921
vn -0.007874 0.755905 0.653543
vn 0.000000 0.779527 -0.629921
vn 0.000000 0.629921 -0.779527
vn 0.000000 0.629921 0.779527
vn -0.015748 0.614173 0.787401
vn -0.015748 -0.614173 0.787401
vn 0.000000 0.779527 0.629921
vn 0.000000 0.779527 -0.629921
vn -0.055118 0.637795 -0.771653
vn -0.047244 0.787401 -0.614173
vn 0.000000 0.779527 0.629921
vn 0.047244 0.771653 0.637795
vn 0.000000 0.629921 0.779527
vn 0.000000 0.629921 0.779527
vn 0.062992 0.629921 0.779527
vn 0.000000 -0.629921 0.779527
vn -0.007874 -0.755905 0.653543
vn 0.000000 -0.629921 0.779527
vn 0.000000 -0.629921 0.779527
vn 0.062992 -0.629921 0.779527
vn 0.047244 -0.771653 0.637795
vn 0.000000 -0.779527 0.629921
vn 0.007874 -0.803150 -0.598425
vn 0.000000 -0.779527 0.629921
vn 0.000000 -0.779527 0.629921
vn -0.047244 -0.787401 -0.614173
vn 0.000000 -0.779527 -0.629921
vn 0.007874 -0.645669 -0.763779
vn 0.000000 -0.779527 -0.629921
vn 0.000000 -0.779527 -0.629921
vn -0.055118 -0.637795 -0.771653
vn 0.000000 -0.629921 -0.779527
vn 0.007874 0.645669 -0.763779
vn 0.000000 0.629921 -0.779527
vn 0.000000 -0.629921 -0.779527
vn 0.000000 0.629921 -0.779527
vn 0.000000 -0.629921 -0.779527
vn 0.000000 0.629921 -0.779527
vn -0.055118 0.637795 -0.771653
vn 0.000000 -0.779527 -0.629921
vn -0.055118 -0.637795 -0.771653
vn 0.000000 -0.629921 -0.779527
vn 0.000000 -0.629921 -0.779527
vn -0.047244 -0.787401 -0.614173
vn 0.000000 -0.779527 -0.629921
vn 0.000000 -0.629921 -0.779527
vn 0.000000 -0.779527 0.629921
vn 0.047244 -0.771653 0.637795
vn 0.000000 -0.779527 -0.629921
vn 0.000000 -0.645669 -0.763779
vn 0.000000 -0.803150 -0.598425
vn 0.000000 -0.779527 0.629921
vn 0.000000 -0.629921 0.779527
vn 0.062992 -0.629921 0.779527
vn 0.000000 -0.779527 0.629921
vn -0.007874 -0.755905 0.653543
vn 0.000000 -0.629921 0.779527
vn 0.000000 -0.629921 0.779527
vn -0.015748 -0.614173 0.787401
vn 0.000000 0.629921 0.779527
vn 0.062992 0.629921 0.771653
vn 0.047244 0.771653 0.637795
vn 0.000000 0.629921 0.779527
vn -0.007874 0.614173 0.787401
vn 0.000000 0.755905 0.653543
vn 0.000000 0.629921 0.779527
vn 0.000000 0.779527 0.629921
vn -0.047244 0.787401 -0.614173
vn 0.000000 0.779527 0.629921
vn 0.000000 0.779527 0.629921
vn 0.015748 0.803149 -0.598425
vn 0.000000 0.779527 -0.629921
vn -0.055118 0.637795 -0.771653
vn 0.000000 0.779527 -0.629921
vn 0.000000 0.779527 -0.629921
vn 0.007874 0.645669 -0.763779
vn 0.000000 0.629921 -0.779527
vn -0.055118 -0.637795 -0.771653
vn 0.000000 -0.629921 -0.779527
vn 0.000000 0.629921 -0.779527
vn 0.000000 -0.629921 -0.779527
vn 0.000000 0.629921 -0.779527
vn 0.000000 -0.629921 -0.779527
vn 0.000000 -0.645669 -0.763779
vn -0.779528 -0.629921 0.000000
vn -0.755906 -0.653543 0.000000
vn -0.779528 0.629921 -0.000000
vn -0.811024 -0.590551 0.007874
vn -0.755906 0.653543 -0.000000
vn -0.811024 0.590551 0.007874
vn 0.000000 -0.590551 0.811024
vn 0.000000 0.590551 0.811023
vn -0.629921 0.779527 -0.000000
vn -0.535433 0.842520 -0.000000
vn -0.677165 0.732283 -0.000000
vn 0.000000 0.732283 0.677165
vn 0.000000 0.842520 -0.535433
vn 0.535433 0.842520 -0.000000
vn 0.629921 0.779527 -0.000000
vn 0.677165 0.732283 -0.000000
vn 0.755906 0.653543 -0.000000
vn 0.000000 0.653543 -0.755905
vn 0.000000 -0.653543 -0.755905
vn 0.779528 0.629921 -0.000000
vn 0.811024 0.590551 -0.007874
vn 0.811024 -0.590551 -0.007874
vn 0.755906 -0.653543 0.000000
vn 0.000000 -0.842520 -0.535433
vn 0.779528 -0.629921 0.000000
vn 0.677165 -0.732283 0.000000
vn 0.629921 -0.779527 0.000000
vn -0.535433 -0.842520 0.000000
vn 0.535433 -0.842520 0.000000
vn -0.629921 -0.779527 0.000000
vn -0.755906 -0.653543 0.000000
vn -0.779528 -0.629921 0.000000
vn -0.677165 -0.732283 0.000000
vn 0.000000 -0.732283 0.677165
vn -0.811024 -0.590551 0.007874
vn 0.000000 -0.590551 0.811024
vn 0.000000 -0.000000 -1.000000
vn 0.000000 -0.000000 -1.000000
vn 0.000000 -0.000000 -1.000000
vn 0.000000 -0.000000 -1.000000
vn 0.881890 -0.464567 0.000000
vn 0.881890 -0.464567 0.000000
vn 0.881890 -0.464567 0.000000
vn 0.881890 -0.464567 0.000000
vn -0.763780 -0.645669 0.000000
vn -0.763780 -0.645669 0.000000
vn -0.763780 -0.645669 0.000000
vn -0.763780 -0.645669 0.000000
vn 1.000000 0.000000 0.000000
vn 1.000000 0.000000 0.000000
vn 1.000000 0.000000 0.000000
vn 1.000000 0.000000 0.000000
vn 0.000000 -0.000000 -1.000000
vn 0.000000 -0.000000 -1.000000
vn 0.000000 -0.000000 -1.000000
vn 0.000000 -0.000000 -1.000000
vn 0.566929 -0.393701 -0.724409
vn 0.566929 -0.393701 -0.724409
vn 0.566929 -0.393701 -0.724409
vn 0.566929 -0.393701 -0.724409
vn -0.669291 -0.527559 0.527559
vn -0.511811 -0.582677 0.629921
vn -0.669291 -0.527559 0.527559
vn -0.448819 -0.598425 0.661417
vn -0.291339 -0.622047 0.724409
vn -0.511811 -0.582677 0.629921
vn -0.448819 -0.598425 0.661417
vn -0.291339 -0.622047 0.724409
vn 0.000000 -0.669291 0.748031
vn 0.086614 -0.677165 0.732283
vn 0.000000 -0.669291 0.748031
vn 0.094488 -0.677165 0.732283
vn 0.173228 -0.685039 0.708661
vn 0.173228 -0.685039 0.708661
vn 0.000000 1.000000 -0.000000
vn 0.000000 1.000000 -0.000000
vn 0.000000 1.000000 -0.000000
vn 0.000000 1.000000 -0.000000
vn 0.000000 1.000000 -0.000000
vn 0.000000 1.000000 -0.000000
vn 0.000000 1.000000 -0.000000
vn 0.000000 1.000000 -0.000000
vn 0.000000 1.000000 -0.000000
vn 0.000000 1.000000 -0.000000
vn 0.000000 -1.000000 0.000000
vn 0.000000 -1.000000 0.000000
vn 0.000000 -1.000000 0.000000
vn 0.000000 -0.000000 -1.000000
vn 0.000000 -0.000000 -1.000000
vn 0.000000 -0.000000 -1.000000
vn 0.000000 -0.000000 -1.000000
vn 0.881890 -0.472441 0.000000
vn 0.881890 -0.472441 0.000000
vn 0.881890 -0.472441 0.000000
vn 0.881890 -0.472441 0.000000
vn -0.763780 -0.645669 0.000000
vn -0.763780 -0.645669 0.000000
vn -0.763780 -0.645669 0.000000
vn -0.763780 -0.645669 0.000000
vn 1.000000 0.000000 0.000000
vn 1.000000 0.000000 0.000000
vn 1.000000 0.000000 0.000000
vn 1.000000 0.000000 0.000000
vn 0.000000 -0.669291 0.740157
vn 0.086614 -0.677165 0.732283
vn 0.094488 -0.677165 0.724409
vn 0.000000 -0.669291 0.740157
vn 0.000000 -0.000000 -1.000000
vn 0.000000 -0.000000 -1.000000
vn 0.000000 -0.000000 -1.000000
vn 0.000000 -0.000000 -1.000000
vn 0.566929 -0.393701 -0.724409
vn 0.566929 -0.393701 -0.724409
vn 0.566929 -0.393701 -0.724409
vn 0.566929 -0.393701 -0.724409
vn 0.086614 -0.677165 0.732283
vn 0.173228 -0.685039 0.708661
vn 0.094488 -0.677165 0.724409
vn 0.173228 -0.685039 0.708661
vn -0.661417 -0.527559 0.527559
vn -0.511811 -0.590551 0.629921
vn -0.661417 -0.527559 0.527559
vn -0.448819 -0.606299 0.661417
vn -0.291339 -0.629921 0.724409
vn -0.511811 -0.590551 0.629921
vn -0.448819 -0.606299 0.661417
vn -0.291339 -0.629921 0.724409
vn 0.000000 1.000000 -0.000000
vn 0.000000 1.000000 -0.000000
vn 0.000000 1.000000 -0.000000
vn 0.000000 1.000000 -0.000000
vn 0.000000 1.000000 -0.000000
vn 0.000000 1.000000 -0.000000
vn 0.000000 1.000000 -0.000000
vn 0.000000 1.000000 -0.000000
vn 0.000000 1.000000 -0.000000
vn 0.000000 1.000000 -0.000000
vn 0.000000 -1.000000 0.000000
vn 0.000000 -1.000000 0.000000
vn 0.000000 -1.000000 0.000000
vn 0.000000 -1.000000 0.000000
vn 0.000000 -1.000000 0.000000
vn 0.000000 -1.000000 0.000000
vn 0.000000 -1.000000 0.000000
vn 0.000000 -1.000000 0.000000
vn 0.000000 -1.000000 0.000000
tan -0.839730 -0.230640 0.499473 1.000000
tan -0.493583 -0.866824 0.098084 1.000000
tan -0.591853 -0.782193 0.186000 1.000000
tan 0.657201 0.482485 -0.581809 1.000000
tan 0.694401 0.470333 -0.541633 1.000000
tan 0.789014 0.425197 -0.446401 1.000000
tan -0.409945 0.744497 0.540393 1.000000
tan 0.412673 0.739537 0.529171 1.000000
tan -0.440573 0.730796 0.526939 1.000000
tan 0.398723 0.725525 0.557691 1.000000
tan 0.340381 0.714861 0.612251 1.000000
tan 0.427491 0.761238 0.488685 1.000000
tan 0.342489 0.708537 0.616777 1.000000
tan 0.344411 0.721185 0.607663 1.000000
tan 0.344721 0.714489 0.610329 1.000000
tan 0.346519 0.717403 0.610391 1.000000
tan 0.340877 0.722053 0.603633 1.000000
tan 0.333871 0.724037 0.605927 1.000000
tan 0.433753 0.722053 0.542129 1.000000
tan 0.333623 0.719573 0.611755 1.000000
tan 0.415091 0.794097 0.450617 1.000000
tan 0.330957 0.711079 0.614979 1.000000
tan 0.336289 0.714489 0.618017 1.000000
tan 0.336909 0.714303 0.612189 1.000000
tan 0.338211 0.712319 0.615475 1.000000
tan 0.345093 0.714861 0.618513 1.000000
tan 0.434435 0.668981 0.599851 1.000000
tan 0.000000 -1.004464 0.000000 1.000000
tan 0.000000 -1.004464 0.000000 1.000000
tan 0.000000 -1.004464 0.000000 1.000000
tan 0.000000 -1.004464 0.000000 1.000000
tan 0.000000 -1.004464 0.000000 1.000000
tan 0.000000 -1.004464 0.000000 1.000000
tan 0.000000 -1.004464 0.000000 1.000000
tan 0.000000 -1.004464 0.000000 1.000000
tan 0.000000 -1.004464 0.000000 1.000000
tan -0.004960 -1.004464 0.006138 1.000000
tan 0.000000 -1.004464 0.000000 1.000000
tan 0.000000 -1.004464 0.000000 1.000000
tan 0.000000 -1.004464 0.000000 1.000000
tan 0.000000 -1.004464 0.000000 1.000000
tan 0.000000 -1.004464 0.000000 1.000000
tan 0.000000 -1.004464 0.000000 1.000000
tan 0.000000 -1.004464 0.000000 1.000000
tan 0.000000 -1.004464 0.000000 1.000000
tan 0.000000 0.000000 1.006386 1.000000
tan -0.005146 -0.005952 0.998512 1.000000
tan -0.414223 -0.308451 0.858516 1.000000
tan -0.006324 -0.004650 0.993800 1.000000
tan 0.006324 -0.004650 0.993800 1.000000
tan 0.236654 -0.175398 0.959328 1.000000
tan 0.005146 -0.005952 0.998512 1.000000
tan 0.000000 0.000000 1.006386 1.000000
tan 0.000000 0.000000 0.998512 1.000000
tan 0.000000 0.000000 1.004464 1.000000
tan -0.234918 -0.143282 0.961188 1.000000
tan -0.006696 -0.004154 1.001488 1.000000
tan 0.006696 -0.004154 1.001488 1.000000
tan 0.408581 -0.263128 0.875318 1.000000
tan 0.000000 0.000000 0.998512 1.000000
tan 0.000000 0.000000 1.004464 1.000000
tan 0.000806 -0.011098 0.998512 1.000000
tan 0.000000 0.000000 1.006386 1.000000
tan 0.000000 0.000000 1.006386 1.000000
tan -0.005146 -0.005952 0.998512 1.000000
tan -0.419307 -0.308451 0.862174 1.000000
tan -0.006324 -0.004650 0.993800 1.000000
tan 0.006324 -0.004650 0.993800 1.000000
tan 0.236654 -0.175398 0.959328 1.000000
tan -0.000806 -0.011098 0.998512 1.000000
tan 0.000000 0.000000 1.006386 1.000000
tan 0.000000 0.000000 0.998512 1.000000
tan 0.000000 0.000000 1.004464 1.000000
tan -0.234918 -0.143282 0.961188 1.000000
tan -0.010850 0.002542 1.001488 1.000000
tan 0.010850 0.002542 1.001488 1.000000
tan 0.404861 -0.263128 0.868746 1.000000
tan 0.000000 0.000000 0.998512 1.000000
tan 0.000000 0.000000 1.004464 1.000000
tan 0.000000 0.000000 1.006386 1.000000
tan 0.000806 -0.011098 0.998512 1.000000
tan 1.000000 -0.000000 -0.078740 1.000000
tan 0.960630 -0.000000 -0.275591 1.000000
tan 0.997210 -0.056420 -0.117862 1.000000
tan 0.960940 0.000496 -0.268212 1.000000
tan 0.967574 -0.119040 -0.227044 1.000000
tan 0.963358 0.002108 -0.265918 1.000000
tan 0.967884 0.120714 -0.217744 1.000000
tan 0.962490 -0.002666 -0.266910 1.000000
tan 0.999504 0.046748 -0.118544 1.000000
tan 0.963730 0.000868 -0.276025 1.000000
tan 1.000000 -0.000000 -0.078740 1.000000
tan 0.960630 -0.000000 -0.275591 1.000000
tan 1.000000 0.000000 0.000000 1.000000
tan 1.000000 0.000000 0.000000 1.000000
tan 1.004464 0.000000 0.000000 1.000000
tan 1.004464 0.000000 0.000000 1.000000
tan 1.004464 0.000000 0.000000 1.000000
tan 1.004464 0.000000 0.000000 1.000000
tan 1.004464 0.000000 0.000000 1.000000
tan 1.004464 0.000000 0.000000 1.000000
tan 1.004464 0.000000 0.000000 1.000000
tan 1.004464 0.000000 0.000000 1.000000
tan 1.000000 0.000000 0.000000 1.000000
tan 1.000000 0.000000 0.000000 1.000000
tan -0.480315 0.000000 0.881890 1.000000
tan -0.480315 0.000000 0.881890 1.000000
tan -0.476967 0.000992 0.881208 1.000000
tan -0.474611 0.000992 0.876868 1.000000
tan -0.476967 -0.000992 0.881208 1.000000
tan -0.474921 -0.002604 0.883254 1.000000
tan -0.470457 0.000992 0.877674 1.000000
tan -0.470333 0.000806 0.879286 1.000000
tan -0.468721 0.000000 0.881642 1.000000
tan -0.470829 -0.002480 0.886168 1.000000
tan -0.464567 0.000000 0.881890 1.000000
tan -0.464567 0.000000 0.881890 1.000000
tan 1.000000 0.000000 0.000000 1.000000
tan 1.000000 0.000000 0.000000 1.000000
tan 1.004464 0.000000 0.000000 1.000000
tan 1.004464 0.000000 0.000000 1.000000
tan 1.004464 0.000000 0.000000 1.000000
tan 1.004464 0.000000 0.000000 1.000000
tan 1.004464 0.000000 0.000000 1.000000
tan 1.004464 0.000000 0.000000 1.000000
tan 1.004464 0.000000 0.000000 1.000000
tan 1.004464 0.000000 0.000000 1.000000
tan 1.000000 0.000000 0.000000 1.000000
tan 1.000000 0.000000 0.000000 1.000000
tan 0.000000 0.000000 1.000000 1.000000
tan 0.000000 0.000000 1.000000 1.000000
tan 0.000000 0.000000 1.004464 1.000000
tan 0.000000 0.000000 1.004464 1.000000
tan 0.000000 0.000000 1.004464 1.000000
tan 0.000000 0.000000 1.004464 1.000000
tan 0.000000 0.000000 1.004464 1.000000
tan 0.000000 0.000000 1.004464 1.000000
tan 0.000000 0.000000 1.004464 1.000000
tan 0.000000 0.000000 1.004464 1.000000
tan 0.000000 0.000000 1.000000 1.000000
tan 0.000000 0.000000 1.000000 1.000000
tan -0.011098 -0.000930 -1.000248 1.000000
tan 0.011098 0.000806 -0.998512 1.000000
tan -0.006014 -0.005084 -1.000248 1.000000
tan 0.005952 0.005146 -0.998512 1.000000
tan -0.004526 -0.006448 -1.000992 1.000000
tan 0.004402 0.006572 -1.009176 1.000000
tan -0.005208 0.005890 -0.997024 1.000000
tan 0.005270 -0.005828 -0.995784 1.000000
tan -0.006262 0.004774 -1.000062 1.000000
tan 0.011036 0.001488 -1.000062 1.000000
tan 0.011036 -0.001488 -1.000062 1.000000
tan -0.006262 -0.004774 -1.000062 1.000000
tan 0.005270 0.005828 -0.995784 1.000000
tan -0.005208 -0.005890 -0.997024 1.000000
tan 0.004402 -0.006510 -0.996094 1.000000
tan -0.004526 0.006448 -1.000992 1.000000
tan 0.005952 -0.005146 -0.998512 1.000000
tan -0.006014 0.005084 -1.000248 1.000000
tan 0.000000 -1.000186 0.000000 1.000000
tan 0.000000 -1.000744 0.000000 1.000000
tan 0.000000 -0.997272 0.000000 1.000000
tan 0.000000 -1.003162 0.000000 1.000000
tan -0.158720 -0.982082 0.096472 1.000000
tan 0.000000 -1.000744 0.000000 1.000000
tan -0.056358 -0.995288 0.042966 1.000000
tan 0.660797 -0.615661 0.427925 1.000000
tan 0.000000 -0.990576 0.000000 1.000000
tan 0.353401 -0.173600 0.919214 1.000000
tan -0.014136 -1.000186 0.006944 1.000000
tan -0.014260 -1.000744 0.006696 1.000000
tan -0.473185 -0.690061 0.549631 1.000000
tan -0.014136 -1.003162 -0.018972 1.000000
tan 0.004526 -1.000992 0.006448 1.000000
tan -0.006696 -1.000744 -0.014260 1.000000
tan 0.008928 -1.003162 0.030256 1.000000
tan -0.319611 -0.937752 0.094550 1.000000
tan 0.012648 -1.003162 -0.009424 1.000000
tan 0.271003 -0.938248 0.205282 1.000000
tan 0.000000 -1.000186 0.000000 1.000000
tan 0.000000 -1.000744 0.000000 1.000000
tan 0.000000 -1.003534 0.000000 1.000000
tan 0.000000 -1.003534 0.000000 1.000000
tan 0.000000 -0.993552 0.000000 1.000000
tan 0.000000 -0.993552 0.000000 1.000000
tan 0.000000 -1.003534 0.000000 1.000000
tan 0.000000 -1.003534 0.000000 1.000000
tan 0.000000 -0.993552 0.000000 1.000000
tan 0.000000 -0.993552 0.000000 1.000000
tan 0.000000 -1.003534 0.000000 1.000000
tan 0.000000 -1.003534 0.000000 1.000000
tan 0.000000 -0.993552 0.000000 1.000000
tan 0.000000 -0.993552 0.000000 1.000000
tan 0.000000 -1.003534 0.000000 1.000000
tan 0.000000 -1.003534 0.000000 1.000000
tan 0.000000 -0.993552 0.000000 1.000000
tan 0.000000 -0.993552 0.000000 1.000000
tan 0.000000 -1.003534 0.000000 1.000000
tan 0.000000 -1.003534 0.000000 1.000000
tan -0.537603 0.004898 0.841590 1.000000
tan -0.538595 -0.001116 0.841776 1.000000
tan -0.541075 -0.000310 0.842334 1.000000
tan -0.542439 0.003038 0.843946 1.000000
tan -0.538719 0.010788 0.838614 1.000000
tan -0.531961 0.009052 0.842458 1.000000
tan -0.529729 0.007626 0.851696 1.000000
tan -0.529977 0.003534 0.847480 1.000000
tan -0.535619 -0.000062 0.847418 1.000000
tan -0.535619 0.004092 0.846054 1.000000
tan -0.996528 -0.032550 -0.007254 1.000000
tan -1.004154 -0.048856 0.010168 1.000000
tan -1.006386 -0.044640 0.001984 1.000000
tan -1.002232 -0.034348 -0.007936 1.000000
tan -1.002232 -0.034348 0.007936 1.000000
tan -1.006386 -0.044640 -0.001984 1.000000
tan -1.004154 -0.052824 -0.003348 1.000000
tan -0.996528 -0.028334 0.000620 1.000000
tan -1.004898 -0.033480 -0.000744 1.000000
tan -1.006386 -0.039308 0.003844 1.000000
tan -1.003410 -0.039556 -0.000744 1.000000
tan -1.006510 -0.030194 -0.012214 1.000000
tan -1.003162 -0.037820 -0.011160 1.000000
tan -1.006944 -0.039494 0.000992 1.000000
tan -0.997024 -0.039184 -0.003162 1.000000
tan -0.994792 -0.039060 -0.004030 1.000000
tan -0.996528 -0.028334 -0.000620 1.000000
tan -1.004154 -0.052824 0.003348 1.000000
tan 0.000000 0.993552 -0.000000 1.000000
tan 0.000000 1.003534 -0.000000 1.000000
tan 0.000000 1.003534 -0.000000 1.000000
tan 0.000000 0.993552 -0.000000 1.000000
tan 0.000000 1.003534 -0.000000 1.000000
tan 0.000000 1.003534 -0.000000 1.000000
tan 0.000000 0.993552 -0.000000 1.000000
tan 0.000000 0.993552 -0.000000 1.000000
tan 0.000000 1.003534 -0.000000 1.000000
tan 0.000000 1.003534 -0.000000 1.000000
tan 0.000000 0.993552 -0.000000 1.000000
tan 0.000000 0.993552 -0.000000 1.000000
tan 0.000000 1.003534 -0.000000 1.000000
tan 0.000000 1.003534 -0.000000 1.000000
tan 0.000000 0.993552 -0.000000 1.000000
tan 0.000000 0.993552 -0.000000 1.000000
tan 0.000000 1.003534 -0.000000 1.000000
tan 0.000000 1.003534 -0.000000 1.000000
tan -0.003472 -0.007068 1.000186 1.000000
tan -0.437473 -0.529915 0.727819 1.000000
tan 0.000000 0.000000 1.004154 1.000000
tan -0.004774 -0.006262 1.000062 1.000000
tan 0.009982 0.004898 0.997024 1.000000
tan 0.176142 -0.066836 0.974642 1.000000
tan 0.000000 0.000000 1.004960 1.000000
tan 0.000000 0.000000 0.997272 1.000000
tan 0.000000 0.000000 1.000186 1.000000
tan 0.000000 0.000000 1.000186 1.000000
tan -0.252341 -0.258912 0.933164 1.000000
tan -0.005332 -0.005766 0.994792 1.000000
tan 0.000000 0.000000 1.003162 1.000000
tan 0.300391 -0.101060 0.944262 1.000000
tan 0.000000 0.000000 0.992002 1.000000
tan 0.000000 0.000000 1.006944 1.000000
tan 0.003596 -0.010540 1.000186 1.000000
tan 0.000000 0.000000 1.004154 1.000000
tan -0.470333 0.000806 0.879286 1.000000
tan -0.468721 0.000000 0.881642 1.000000
tan -0.470457 0.000992 0.877674 1.000000
tan -0.465869 0.002914 0.886168 1.000000
tan -0.468721 0.000000 0.881642 1.000000
tan -0.465869 -0.002914 0.886168 1.000000
tan -0.470333 -0.000806 0.879286 1.000000
tan -0.470457 -0.000992 0.877674 1.000000
tan -0.474921 0.002604 0.883254 1.000000
tan -0.476967 0.000992 0.881208 1.000000
tan -0.469713 0.004402 0.876868 1.000000
tan -0.476967 -0.000992 0.881208 1.000000
tan -0.476967 0.000992 0.881208 1.000000
tan -0.474611 0.003906 0.871970 1.000000
tan -0.476967 -0.000992 0.881208 1.000000
tan -0.480935 0.004278 0.877240 1.000000
tan -0.477401 -0.002232 0.877674 1.000000
tan -0.476533 -0.005766 0.873086 1.000000
tan 0.545849 -0.017298 -0.835514 1.000000
tan 0.542749 -0.019778 -0.838676 1.000000
tan 0.541881 -0.017794 -0.835576 1.000000
tan 0.546221 -0.013950 -0.831111 1.000000
tan 0.542439 -0.003038 -0.843946 1.000000
tan 0.541075 0.000310 -0.842334 1.000000
tan 0.541447 0.002604 -0.845620 1.000000
tan 0.532891 -0.001550 -0.850642 1.000000
tan 0.519685 -0.010974 -0.853432 1.000000
tan 0.523653 -0.002232 -0.852068 1.000000
tan 0.533883 -0.016492 -0.853184 1.000000
tan 0.540145 -0.016368 -0.845682 1.000000
tan 0.536549 -0.009734 -0.846178 1.000000
tan 0.545477 -0.006820 -0.839854 1.000000
tan 0.542129 0.003968 -0.837064 1.000000
tan 0.543617 0.002604 -0.839916 1.000000
tan 0.529977 -0.003534 -0.847480 1.000000
tan 0.523219 -0.003844 -0.851696 1.000000
tan -0.003720 -0.061194 -0.993800 1.000000
tan 0.003348 -0.066588 -0.995784 1.000000
tan -0.004340 -0.067766 -0.998326 1.000000
tan -0.000744 -0.074028 -0.993242 1.000000
tan -0.005518 -0.067518 -1.000248 1.000000
tan 0.001550 -0.055490 -0.994048 1.000000
tan -0.008928 -0.066216 -1.000062 1.000000
tan 0.014012 -0.058404 -1.003162 1.000000
tan 0.013702 -0.059954 -1.000062 1.000000
tan -0.003596 -0.056668 -1.000062 1.000000
tan 0.001116 -0.061442 -0.998512 1.000000
tan -0.002790 -0.055490 -0.995784 1.000000
tan 0.008990 -0.054870 -0.997272 1.000000
tan -0.002170 -0.074276 -0.993862 1.000000
tan 0.010850 -0.062620 -1.002232 1.000000
tan -0.004092 -0.066588 -0.997024 1.000000
tan -0.004340 -0.067766 -0.998326 1.000000
tan 0.003348 -0.066588 -0.995784 1.000000
tan -0.003720 -0.061194 -0.993800 1.000000
tan 0.003348 -0.066588 -0.995784 1.000000
tan -0.004340 -0.067766 -0.998326 1.000000
tan -0.000744 -0.074028 -0.993242 1.000000
tan -0.005518 -0.067518 -1.000248 1.000000
tan 0.001550 -0.055490 -0.994048 1.000000
tan -0.008928 -0.066216 -1.000062 1.000000
tan 0.014012 -0.058404 -1.003162 1.000000
tan 0.013702 -0.059954 -1.000062 1.000000
tan -0.003596 -0.056668 -1.000062 1.000000
tan 0.001116 -0.061442 -0.998512 1.000000
tan -0.002790 -0.055490 -0.995784 1.000000
tan 0.008990 -0.054870 -0.997272 1.000000
tan -0.002170 -0.074276 -0.993862 1.000000
tan 0.010850 -0.062620 -1.002232 1.000000
tan -0.004092 -0.066588 -0.997024 1.000000
tan -0.004340 -0.067766 -0.998326 1.000000
tan 0.003348 -0.066588 -0.995784 1.000000
tan 0.005952 0.005146 -0.998512 1.000000
tan -0.004526 -0.006448 -1.000992 1.000000
tan -0.006014 -0.005084 -1.000248 1.000000
tan 0.004402 0.006572 -1.009176 1.000000
tan -0.005208 0.005890 -0.997024 1.000000
tan 0.005270 -0.005828 -0.995784 1.000000
tan -0.006262 0.004774 -1.000062 1.000000
tan 0.011036 0.001488 -1.000062 1.000000
tan 0.011036 -0.001488 -1.000062 1.000000
tan -0.006262 -0.004774 -1.000062 1.000000
tan 0.005270 0.005828 -0.995784 1.000000
tan -0.005208 -0.005890 -0.997024 1.000000
tan 0.004402 -0.006510 -0.996094 1.000000
tan -0.004526 0.006448 -1.000992 1.000000
tan 0.005952 -0.005146 -0.998512 1.000000
tan -0.006014 0.005084 -1.000248 1.000000
tan -0.011098 0.000930 -1.000248 1.000000
tan 0.011098 -0.000806 -0.998512 1.000000
tan -0.998574 0.017546 -0.001302 1.000000
tan -0.993552 0.000000 0.000000 1.000000
tan -0.996528 -0.010850 -0.002418 1.000000
tan -0.994792 0.000000 0.000000 1.000000
tan -1.003162 0.000000 0.000000 1.000000
tan -0.993800 -0.004650 -0.006324 1.000000
tan -1.003162 0.000000 0.000000 1.000000
tan -0.993800 0.004650 -0.006324 1.000000
tan -0.994792 0.000000 0.000000 1.000000
tan -0.993552 0.000000 0.000000 1.000000
tan -0.998574 0.017546 0.001302 1.000000
tan -1.009858 -0.006696 -0.004216 1.000000
tan -0.998512 0.005146 0.005952 1.000000
tan -0.997024 -0.005208 -0.005890 1.000000
tan -0.997024 -0.005208 0.005890 1.000000
tan -0.998512 0.005146 -0.005952 1.000000
tan -0.998574 0.013516 -0.008060 1.000000
tan -0.996528 -0.006634 0.004216 1.000000
tan -0.997024 0.005208 -0.005890 1.000000
tan -0.998512 -0.000806 0.011098 1.000000
tan -0.997024 0.000682 -0.011098 1.000000
tan -0.998512 -0.005146 0.005952 1.000000
tan -1.001488 0.010850 0.002542 1.000000
tan -1.006696 -0.013516 0.008184 1.000000
tan -0.994792 0.000000 0.000000 1.000000
tan -1.004898 0.000000 0.000000 1.000000
tan -1.000062 0.000000 0.000000 1.000000
tan -0.993800 -0.004650 -0.006324 1.000000
tan -0.993800 -0.001674 -0.010974 1.000000
tan -1.000062 0.000000 0.000000 1.000000
tan -0.994792 0.000000 0.000000 1.000000
tan -0.994048 0.000000 0.000000 1.000000
tan -0.998574 0.017546 0.001302 1.000000
tan -1.009858 -0.010912 0.002480 1.000000
tan -0.997024 -0.005208 -0.005890 1.000000
tan -0.998512 0.005146 0.005952 1.000000
tan -0.013516 -0.993738 -0.111352 1.000000
tan 0.000000 -1.004464 0.000000 1.000000
tan 0.031000 -0.997210 -0.024180 1.000000
tan -0.024552 -1.004464 -0.019840 1.000000
tan -0.054870 -1.000062 0.031930 1.000000
tan -0.023374 -1.004464 0.008742 1.000000
tan -0.340009 -0.721185 -0.611321 1.000000
tan -0.006138 -1.004464 -0.004960 1.000000
tan -0.563333 -0.781946 -0.282224 1.000000
tan 0.016554 -0.997272 -0.036518 1.000000
tan 0.000000 -1.004464 0.000000 1.000000
tan 0.019716 -0.997024 -0.048918 1.000000
tan -0.012276 -1.004464 -0.009920 1.000000
tan -0.025110 -0.997706 -0.127224 1.000000
tan -0.029822 -1.000062 0.012834 1.000000
tan -0.384277 -0.716349 -0.576663 1.000000
tan -0.017236 -1.004464 0.003782 1.000000
tan 0.023188 -1.006944 -0.042098 1.000000
tan -0.557257 -0.762415 -0.325315 1.000000
tan -0.001178 -1.004464 -0.011098 1.000000
tan -0.017360 -0.997210 -0.086180 1.000000
tan -0.009920 -1.004464 -0.012276 1.000000
tan -0.006138 -1.004464 0.004960 1.000000
tan -0.001178 -1.004464 -0.011098 1.000000
tan -0.006138 -1.004464 0.004960 1.000000
tan 0.224068 -0.966334 0.113832 1.000000
tan 0.005580 -0.993242 0.024180 1.000000
tan -0.016058 -1.004464 -0.007316 1.000000
tan -0.575175 -0.785293 0.229153 1.000000
tan 0.000806 -0.998512 0.011098 1.000000
tan -0.018414 -1.004464 -0.014880 1.000000
tan -0.478145 -0.421415 0.769793 1.000000
tan -0.029760 -0.998512 0.025730 1.000000
tan -0.018414 -1.004464 0.014880 1.000000
tan 0.476161 -0.411681 0.780891 1.000000
tan -0.021018 -1.004464 0.013454 1.000000
tan 0.509331 -0.824664 0.244715 1.000000
tan -0.065968 -0.992126 0.088536 1.000000
tan 0.003782 -1.004464 0.017236 1.000000
tan -0.220100 -0.961002 0.171740 1.000000
tan 0.000000 -1.006386 0.000000 1.000000
tan -0.004960 -0.992250 0.006076 1.000000
tan 0.000000 -1.004464 0.000000 1.000000
tan 0.000000 -1.004464 0.000000 1.000000
tan 0.000000 -1.004464 0.000000 1.000000
tan -0.004960 -1.004464 0.006138 1.000000
tan 0.000000 -1.004464 0.000000 1.000000
tan 0.223014 -0.970240 0.132990 1.000000
tan 0.024304 -1.000186 0.049476 1.000000
tan 0.004960 -1.004464 0.006138 1.000000
tan -0.570401 -0.779093 0.251101 1.000000
tan -0.005890 -0.997024 -0.005208 1.000000
tan 0.000000 -1.004464 0.000000 1.000000
tan -0.025420 -0.999752 0.084630 1.000000
tan -0.478145 -0.421415 0.769793 1.000000
tan 0.000000 -0.997024 0.000000 1.000000
tan 0.000000 -1.004464 0.000000 1.000000
tan 0.000000 -1.004464 0.000000 1.000000
tan 0.019716 -0.999752 0.090024 1.000000
tan 0.476161 -0.411681 0.775746 1.000000
tan 0.513609 -0.831236 0.223015 1.000000
tan -0.022382 -1.001488 0.051026 1.000000
tan 0.004960 -1.004464 0.006138 1.000000
tan -0.227540 -0.957282 0.156426 1.000000
tan 0.000000 -1.006386 0.000000 1.000000
tan 0.000000 -1.004464 0.000000 1.000000
tan 0.006138 -1.004464 -0.004960 1.000000
tan 0.006138 -1.004464 -0.004960 1.000000
tan -0.813566 0.005084 -0.579143 1.000000
tan -0.811024 -0.000000 -0.582677 1.000000
tan -0.818898 -0.000000 -0.574803 1.000000
tan -0.815736 -0.001674 -0.586831 1.000000
tan -0.811706 -0.000744 -0.580445 1.000000
tan -0.810776 0.002418 -0.582677 1.000000
tan -0.813566 0.005084 -0.579143 1.000000
tan -0.816170 -0.001240 -0.581313 1.000000
tan -0.814248 0.001674 -0.584289 1.000000
tan -0.811334 -0.000496 -0.578585 1.000000
tan -0.811024 -0.000000 -0.582677 1.000000
tan -0.811024 -0.000000 -0.582677 1.000000
tan 0.047244 0.000000 1.000000 1.000000
tan 0.047244 0.000000 1.000000 1.000000
tan 0.039432 0.001612 0.998326 1.000000
tan 0.039432 0.001426 1.004464 1.000000
tan 0.039184 -0.001612 0.992250 1.000000
tan 0.039432 -0.001426 1.004464 1.000000
tan 0.039432 0.001426 1.004464 1.000000
tan 0.039184 0.001612 0.992250 1.000000
tan 0.039432 -0.001612 0.998326 1.000000
tan 0.039432 -0.001426 1.004464 1.000000
tan 0.047244 0.000000 1.000000 1.000000
tan 0.047244 0.000000 1.000000 1.000000
tan 0.000000 -0.000000 -1.000000 1.000000
tan 0.000000 -0.000000 -1.000000 1.000000
tan 0.000000 -0.000000 -1.004464 1.000000
tan 0.000000 -0.000000 -1.004464 1.000000
tan 0.000000 -0.000000 -1.004464 1.000000
tan 0.000000 -0.000000 -1.004464 1.000000
tan 0.000000 -0.000000 -1.004464 1.000000
tan 0.000000 -0.000000 -1.004464 1.000000
tan 0.000000 -0.000000 -1.004464 1.000000
tan 0.000000 -0.000000 -1.004464 1.000000
tan 0.000000 -0.000000 -1.000000 1.000000
tan 0.000000 -0.000000 -1.000000 1.000000
tan -0.015748 0.007874 -1.000000 1.000000
tan -0.015748 0.007874 -1.000000 1.000000
tan -0.012276 0.009920 -1.004464 1.000000
tan -0.012276 0.009920 -1.004464 1.000000
tan -0.004960 0.006076 -0.992250 1.000000
tan -0.004960 0.006138 -1.004464 1.000000
tan -0.004960 -0.006138 -1.004464 1.000000
tan -0.004960 -0.006076 -0.992250 1.000000
tan -0.012276 -0.009920 -1.004464 1.000000
tan -0.012276 -0.009920 -1.004464 1.000000
tan -0.015748 -0.007874 -1.000000 1.000000
tan -0.015748 -0.007874 -1.000000 1.000000
tan -0.998574 0.013516 -0.008060 1.000000
tan -0.996528 -0.002418 0.010850 1.000000
tan -0.997024 -0.005208 0.005890 1.000000
tan -0.998512 0.010292 -0.011904 1.000000
tan -0.997024 -0.005208 -0.005890 1.000000
tan -0.998512 0.005146 0.005952 1.000000
tan -1.001488 -0.017546 -0.001612 1.000000
tan -0.998574 0.006758 0.004030 1.000000
tan -0.994792 0.005766 -0.005332 1.000000
tan -1.004898 0.000000 0.000000 1.000000
tan -1.000062 0.000000 0.000000 1.000000
tan -1.003162 0.003100 -0.017360 1.000000
tan -1.003162 -0.003100 -0.017360 1.000000
tan -1.000062 0.000000 0.000000 1.000000
tan -1.006386 -0.005828 -0.005332 1.000000
tan -1.004898 0.000000 0.000000 1.000000
tan -0.996528 -0.010850 -0.002418 1.000000
tan -0.994544 0.017546 -0.001178 1.000000
tan 0.026040 -0.029450 -0.997024 1.000000
tan 0.161448 0.363693 -0.917044 1.000000
tan 0.237646 0.721681 -0.645545 1.000000
tan -0.060140 0.038254 -0.993118 1.000000
tan 0.005828 -0.005332 -1.006386 1.000000
tan 0.020336 -0.014508 -1.006510 1.000000
tan 0.421415 0.734391 -0.527621 1.000000
tan 0.178932 0.675305 -0.719821 1.000000
tan 0.170376 -0.518135 -0.837745 1.000000
tan -0.015686 -0.019282 -0.996528 1.000000
tan -0.046128 -0.043152 -0.999752 1.000000
tan 0.714303 -0.520119 -0.457127 1.000000
tan -0.061752 -0.071424 -0.998512 1.000000
tan -0.114080 -0.141174 -0.987228 1.000000
tan 0.826834 0.431211 -0.356005 1.000000
tan 0.119040 -0.147312 -0.982268 1.000000
tan 0.113212 -0.130944 -0.987414 1.000000
tan 0.086490 -0.080910 -0.994358 1.000000
tan 0.196478 -0.115816 -0.968194 1.000000
tan 0.308761 0.519685 -0.801414 1.000000
tan 0.222456 0.100812 -0.964970 1.000000
tan 0.128216 0.117304 -0.989398 1.000000
tan 0.295989 -0.643499 -0.706801 1.000000
tan 0.000000 -0.000000 -0.997024 1.000000
tan 0.299337 -0.469527 -0.831483 1.000000
tan -0.021576 -0.042594 -0.993800 1.000000
tan 0.809040 -0.475231 -0.353897 1.000000
tan 0.647157 -0.710397 -0.265608 1.000000
tan 0.127100 -0.161510 -0.978052 1.000000
tan 0.968938 -0.197966 0.142228 1.000000
tan 0.208320 -0.235601 -0.952632 1.000000
tan 0.727695 -0.156860 0.666625 1.000000
tan 0.031248 -0.035340 -0.997024 1.000000
tan 0.199330 0.402691 -0.896212 1.000000
tan 0.259037 0.739537 -0.626573 1.000000
tan 0.038874 -0.010602 -1.007192 1.000000
tan 0.046624 -0.042656 -1.000558 1.000000
tan 0.029574 -0.027280 -1.000124 1.000000
tan 0.429785 0.734391 -0.534751 1.000000
tan 0.211296 0.661169 -0.714985 1.000000
tan 0.215822 -0.521359 -0.823547 1.000000
tan 0.057288 0.027094 -0.996528 1.000000
tan 0.000000 -0.000000 -0.994048 1.000000
tan 0.769794 -0.482113 -0.416827 1.000000
tan 0.010292 0.011904 -0.998512 1.000000
tan -0.009920 -0.012276 -1.004464 1.000000
tan 0.775746 0.476161 -0.411681 1.000000
tan 0.009920 -0.012276 -1.004464 1.000000
tan 0.025730 -0.029760 -0.998512 1.000000
tan 0.017112 -0.016182 -0.994048 1.000000
tan 0.077190 -0.039742 -0.996528 1.000000
tan 0.233306 0.522785 -0.822618 1.000000
tan 0.081220 0.031124 -1.000186 1.000000
tan 0.058280 0.053320 -1.000558 1.000000
tan 0.229028 -0.661169 -0.722673 1.000000
tan -0.026040 -0.029450 -0.997024 1.000000
tan 0.248806 -0.434497 -0.864654 1.000000
tan 0.623349 -0.715977 -0.314341 1.000000
tan -0.049476 -0.080538 -0.993800 1.000000
tan 0.780582 -0.507285 -0.376961 1.000000
tan 0.249984 -0.282721 -0.924546 1.000000
tan 0.708413 -0.175956 0.682187 1.000000
tan 0.168888 -0.219047 -0.967016 1.000000
tan 0.967016 -0.223510 0.162750 1.000000
tan 1.006510 0.000000 0.000000 1.000000
tan 1.004464 0.000000 0.000000 1.000000
tan 0.994792 0.000000 0.000000 1.000000
tan 1.004464 0.000000 0.000000 1.000000
tan 1.004464 0.000000 0.000000 1.000000
tan 0.996528 0.000000 0.000000 1.000000
tan 1.004464 0.000000 0.000000 1.000000
tan 1.004464 0.000000 0.000000 1.000000
tan 1.004464 0.000000 0.000000 1.000000
tan 0.998512 0.000000 0.000000 1.000000
tan 1.004464 0.000000 0.000000 1.000000
tan 1.002232 0.000000 0.000000 1.000000
tan 1.003162 0.000000 0.000000 1.000000
tan 1.004464 0.000000 0.000000 1.000000
tan 1.004464 0.000000 0.000000 1.000000
tan 0.998512 0.000000 0.000000 1.000000
tan 1.004464 0.000000 0.000000 1.000000
tan 0.998512 0.000000 0.000000 1.000000
tan 1.004464 0.000000 0.000000 1.000000
tan 1.004464 0.000000 0.000000 1.000000
tan 0.997210 0.000000 0.000000 1.000000
tan 1.004464 0.000000 0.000000 1.000000
tan 1.004464 0.000000 0.000000 1.000000
tan 1.004464 0.000000 0.000000 1.000000
tan 0.997210 0.000000 0.000000 1.000000
tan 0.998512 0.000000 0.000000 1.000000
tan 1.004464 0.000000 0.000000 1.000000
tan 0.996528 0.000000 0.000000 1.000000
tan 1.004464 0.000000 0.000000 1.000000
tan 1.004464 0.000000 0.000000 1.000000
tan 1.003162 0.000000 0.000000 1.000000
tan 1.004464 0.000000 0.000000 1.000000
tan 0.994792 0.000000 0.000000 1.000000
tan 1.004464 0.000000 0.000000 1.000000
tan 1.004464 0.000000 0.000000 1.000000
tan 1.002232 0.000000 0.000000 1.000000
tan 1.004464 0.000000 0.000000 1.000000
tan 1.006510 0.000000 0.000000 1.000000
tan 1.006510 0.000000 0.000000 1.000000
tan 1.004464 0.000000 0.000000 1.000000
tan 1.004464 0.000000 0.000000 1.000000
tan 1.004464 0.000000 0.000000 1.000000
tan 1.004464 0.000000 0.000000 1.000000
tan 1.004464 0.000000 0.000000 1.000000
tan 1.002232 0.000000 0.000000 1.000000
tan 0.000000 -0.994792 0.000000 1.000000
tan 0.000806 -0.994792 0.007812 1.000000
tan -0.001612 -0.994792 0.015624 1.000000
tan 0.000000 -0.994792 0.000000 1.000000
tan -0.007812 -0.994792 -0.000806 1.000000
tan 0.000000 -0.994792 0.000000 1.000000
tan 0.000000 -0.994792 0.000000 1.000000
tan -0.014818 -0.994792 0.009424 1.000000
tan 0.000000 -0.994792 0.000000 1.000000
tan -0.000806 -0.994792 -0.007812 1.000000
tan -0.007006 -0.994792 -0.008618 1.000000
tan 0.007812 -0.994792 0.000806 1.000000
tan 0.000000 -0.994792 0.000000 1.000000
tan 0.007006 -0.994792 -0.008618 1.000000
tan 0.000000 -0.994792 0.000000 1.000000
tan -0.000806 -0.994792 -0.007812 1.000000
tan 0.000000 -0.994792 0.000000 1.000000
tan 0.000806 -0.994792 -0.007812 1.000000
tan 0.000000 -0.994792 0.000000 1.000000
tan -0.001612 -0.994792 0.015624 1.000000
tan -0.007812 -0.994792 0.000806 1.000000
tan -0.008618 -0.994792 -0.007006 1.000000
tan 0.000000 -0.994792 0.000000 1.000000
tan 0.000806 -0.994792 0.007812 1.000000
tan -0.000806 -0.994792 0.007812 1.000000
tan 0.007006 -0.994792 0.008618 1.000000
tan 0.000000 -0.994792 0.000000 1.000000
tan -0.007006 -0.994792 -0.008618 1.000000
tan 0.000000 -0.994792 0.000000 1.000000
tan 0.007812 -0.994792 -0.000806 1.000000
tan 0.000000 -0.994792 0.000000 1.000000
tan -0.015624 -0.994792 0.001612 1.000000
tan -0.025048 -0.994792 0.013206 1.000000
tan -0.007812 -0.994792 -0.000806 1.000000
tan 0.000000 -0.994792 0.000000 1.000000
tan 0.008618 -0.994792 -0.007006 1.000000
tan 0.000000 -1.004464 0.000000 1.000000
tan 0.000000 -1.004464 0.000000 1.000000
tan 0.000000 -1.004464 0.000000 1.000000
tan 0.000000 -1.004464 0.000000 1.000000
tan 0.000000 -1.004464 0.000000 1.000000
tan 0.000000 -1.004464 0.000000 1.000000
tan 0.000000 -1.004464 0.000000 1.000000
tan 0.000000 -1.004464 0.000000 1.000000
tan 0.000000 -1.004464 0.000000 1.000000
tan 0.000000 -1.004464 0.000000 1.000000
tan 0.000000 -1.004464 0.000000 1.000000
tan 0.000000 -1.004464 0.000000 1.000000
tan 0.000000 -1.004464 0.000000 1.000000
tan 0.000000 -1.004464 0.000000 1.000000
tan 0.000000 -1.004464 0.000000 1.000000
tan 0.000000 -1.004464 0.000000 1.000000
tan 0.000000 -1.004464 0.000000 1.000000
tan 0.000000 -1.004464 0.000000 1.000000
tan 0.000000 -1.004464 0.000000 1.000000
tan 0.000000 -1.004464 0.000000 1.000000
tan 0.000000 -1.004464 0.000000 1.000000
tan 0.000000 -1.004464 0.000000 1.000000
tan 0.000000 -1.004464 0.000000 1.000000
tan 0.000000 -1.004464 0.000000 1.000000
tan 0.000000 -1.004464 0.000000 1.000000
tan 0.000000 -1.004464 0.000000 1.000000
tan 0.000000 -1.004464 0.000000 1.000000
tan -0.134478 0.143778 -0.976316 1.000000
tan -0.257796 0.205716 -0.938186 1.000000
tan -0.024800 0.030690 -1.004464 1.000000
tan -0.315767 0.192014 -0.926592 1.000000
tan -0.267345 -0.218241 -0.930994 1.000000
tan -0.447951 -0.064852 -0.890446 1.000000
tan -0.232376 -0.202431 -0.955918 1.000000
tan -0.014880 -0.018414 -1.004464 1.000000
tan -0.353401 -0.104160 -0.933722 1.000000
tan -0.482423 -0.039928 -0.875628 1.000000
tan 0.002976 0.017298 -0.993800 1.000000
tan -0.039680 0.049104 -0.999504 1.000000
tan -0.308017 0.113832 -0.944138 1.000000
tan -0.382541 -0.083452 -0.923058 1.000000
tan -0.652861 -0.571393 -0.494017 1.000000
tan -0.529915 -0.455329 -0.716473 1.000000
tan -0.405729 0.618513 -0.668857 1.000000
tan -0.384277 0.096286 -0.922934 1.000000
tan -0.905450 0.344845 -0.251101 1.000000
tan -0.403869 0.104222 -0.906504 1.000000
tan -0.493645 0.029698 -0.873148 1.000000
tan -0.916486 -0.325687 -0.237150 1.000000
tan -0.510943 -0.010354 -0.861616 1.000000
tan -0.459545 -0.053382 -0.887408 1.000000
tan -0.355323 -0.112592 -0.926096 1.000000
tan -0.383533 -0.623845 -0.674623 1.000000
tan -0.043524 0.045942 -0.993800 1.000000
tan -0.287371 -0.125798 -0.951020 1.000000
tan -0.332383 0.110422 -0.933536 1.000000
tan -0.494947 0.467977 -0.736376 1.000000
tan -0.232376 0.202430 -0.955918 1.000000
tan -0.303801 0.248000 -0.913882 1.000000
tan -0.324509 0.120652 -0.936822 1.000000
tan -0.332879 0.177072 -0.927026 1.000000
tan -0.714303 0.529729 -0.457995 1.000000
tan -0.903776 0.321409 0.277884 1.000000
tan -0.785852 0.363569 -0.500961 1.000000
tan -0.381797 0.128960 -0.914688 1.000000
tan -0.632773 0.146568 -0.754417 1.000000
tan -0.322339 -0.196230 -0.922376 1.000000
tan -0.313039 -0.249799 -0.916114 1.000000
tan -0.088226 -0.090148 -0.987414 1.000000
tan 0.030070 -0.046810 -0.998512 1.000000
tan -0.124000 -0.153450 -0.982268 1.000000
tan 0.178560 -0.220969 -0.965032 1.000000
tan 0.965838 0.011036 -0.279869 1.000000
tan 0.986112 0.111538 -0.162626 1.000000
tan 0.956538 0.133920 -0.245272 1.000000
tan 0.943828 0.030938 -0.311489 1.000000
tan 0.528427 -0.604067 -0.591419 1.000000
tan 0.961808 -0.136152 -0.235972 1.000000
tan 0.751132 -0.499039 -0.432203 1.000000
tan 0.950834 -0.035774 -0.307707 1.000000
tan 0.999504 -0.052886 -0.123504 1.000000
tan 0.672453 0.603633 -0.417013 1.000000
tan 0.963730 -0.013020 -0.285449 1.000000
tan 0.249240 0.315022 -0.916548 1.000000
tan 0.963730 0.013020 -0.285449 1.000000
tan 0.999504 0.052886 -0.123504 1.000000
tan 0.249240 -0.315023 -0.916548 1.000000
tan 0.950834 0.035774 -0.307707 1.000000
tan 0.961808 0.141174 -0.242048 1.000000
tan 0.672453 -0.603633 -0.417013 1.000000
tan 0.943828 -0.035154 -0.317999 1.000000
tan 0.737677 0.494513 -0.451237 1.000000
tan 0.956538 -0.133920 -0.245272 1.000000
tan 0.406101 0.460227 -0.786843 1.000000
tan 0.970426 0.051460 -0.225928 1.000000
tan 0.997210 -0.050344 -0.112840 1.000000
tan -0.133114 0.165726 -0.976316 1.000000
tan 0.997210 0.026040 -0.092752 1.000000
tan 0.902226 0.163928 -0.398537 1.000000
tan 0.000000 -0.000000 -1.004464 1.000000
tan -0.005766 -0.005332 -0.994792 1.000000
tan -0.006386 0.004650 -1.006510 1.000000
tan -0.012276 -0.009920 -1.004464 1.000000
tan -0.006634 0.004216 -0.996528 1.000000
tan -0.015438 -0.017856 -0.998512 1.000000
tan -0.012276 0.009920 -1.004464 1.000000
tan 0.000000 -0.000000 -0.998512 1.000000
tan -0.053072 -0.033728 -0.996528 1.000000
tan -0.401575 0.681195 -0.606547 1.000000
tan -0.214768 0.521421 -0.831298 1.000000
tan -0.216628 -0.661169 -0.714985 1.000000
tan -0.046128 0.042656 -0.994792 1.000000
tan 0.000000 -0.000000 -1.004464 1.000000
tan -0.005146 -0.005952 -0.998512 1.000000
tan -0.024986 0.020894 -1.006510 1.000000
tan -0.882386 -0.369025 -0.279992 1.000000
tan -0.882386 0.369025 -0.279993 1.000000
tan -0.004960 -0.006138 -1.004464 1.000000
tan -0.029636 -0.027280 -1.006510 1.000000
tan -0.057660 -0.053320 -0.994792 1.000000
tan -0.227726 0.661169 -0.714985 1.000000
tan -0.227168 -0.513609 -0.831298 1.000000
tan -0.018414 -0.014880 -1.004464 1.000000
tan -0.013268 -0.008432 -0.996528 1.000000
tan -0.066340 0.042160 -0.996528 1.000000
tan -0.679707 -0.544237 -0.488375 1.000000
tan -0.012276 0.009920 -1.004464 1.000000
tan -0.005766 0.005332 -0.994792 1.000000
tan 0.046314 -0.053568 -0.998512 1.000000
tan -0.974828 -0.170004 0.140058 1.000000
tan -0.164672 -0.190464 -0.965218 1.000000
tan -0.009920 -0.012276 -1.004464 1.000000
tan 0.004960 -0.006138 -1.004464 1.000000
tan -0.006386 -0.004650 -1.006510 1.000000
tan -0.011036 -0.001736 -1.006510 1.000000
tan 0.984066 -0.028768 0.198834 1.000000
tan 0.925600 -0.248000 0.306901 1.000000
tan 0.998326 -0.079794 0.064480 1.000000
tan 0.907682 -0.159030 0.383595 1.000000
tan 0.925600 0.243040 0.300763 1.000000
tan 0.901296 -0.045570 0.426809 1.000000
tan 0.926530 0.146320 0.352967 1.000000
tan 1.004464 0.024552 0.019840 1.000000
tan 0.866824 -0.083142 0.496745 1.000000
tan 0.693595 0.137578 0.704383 1.000000
tan 0.982268 0.016368 0.205902 1.000000
tan 0.993366 -0.110484 0.089280 1.000000
tan 0.874450 0.067828 0.465373 1.000000
tan 0.782566 0.198462 0.589187 1.000000
tan 0.743382 0.151032 0.650629 1.000000
tan 0.631161 0.033108 0.776365 1.000000
tan 0.622419 0.050406 0.779217 1.000000
tan 0.720441 0.143344 0.682869 1.000000
tan 0.749519 -0.157976 0.644491 1.000000
tan 0.692479 -0.120156 0.711451 1.000000
tan 0.777048 -0.212970 0.596999 1.000000
tan 0.636121 -0.041664 0.771405 1.000000
tan 0.610701 -0.042160 0.784921 1.000000
tan 0.699919 -0.162874 0.695517 1.000000
tan 0.930808 -0.064356 0.353277 1.000000
tan 0.643809 0.053816 0.764089 1.000000
tan 0.611321 0.002604 0.791245 1.000000
tan 0.591109 0.011532 0.799616 1.000000
tan 0.698431 0.127348 0.705499 1.000000
tan 0.977308 -0.047616 0.230702 1.000000
tan 0.749519 0.161014 0.638353 1.000000
tan 0.736685 -0.163060 0.660053 1.000000
tan 0.901420 -0.035154 0.426747 1.000000
tan 0.887532 -0.196168 0.411867 1.000000
tan 0.875070 -0.307521 0.380557 1.000000
tan 0.856594 -0.102238 0.501085 1.000000
tan 0.771034 0.205840 0.603013 1.000000
tan 0.782566 -0.198462 0.589187 1.000000
tan 0.841776 0.112840 0.528055 1.000000
tan 0.856160 0.225246 0.451733 1.000000
tan 0.857834 0.327361 0.405109 1.000000
tan 0.761796 -0.171864 0.632215 1.000000
tan 0.649389 -0.097092 0.748961 1.000000
tan 0.677227 -0.103602 0.729245 1.000000
tan 0.677041 -0.111228 0.731849 1.000000
tan 0.501953 -0.117366 0.855726 1.000000
tan 0.499721 -0.154752 0.855974 1.000000
tan 0.551677 -0.090148 0.829686 1.000000
tan 0.926716 0.032426 0.365801 1.000000
tan 0.896212 0.064480 0.442061 1.000000
tan 0.941658 0.166036 0.308575 1.000000
tan 0.980594 0.213528 -0.008742 1.000000
tan 0.947796 0.251658 0.203360 1.000000
tan 0.925600 0.300763 -0.243040 1.000000
tan -1.004464 0.000000 0.000000 1.000000
tan -1.004464 0.004960 0.006138 1.000000
tan -1.004464 0.000000 0.000000 1.000000
tan -1.004464 0.009920 0.012276 1.000000
tan -1.004464 -0.009920 0.012276 1.000000
tan -1.004464 0.006138 0.004960 1.000000
tan -1.004464 -0.009920 0.012276 1.000000
tan -1.004464 0.006138 -0.004960 1.000000
tan -1.004464 0.024800 0.030690 1.000000
tan -1.004464 0.006138 0.004960 1.000000
tan -1.004464 0.000000 0.000000 1.000000
tan -1.004464 0.006138 0.004960 1.000000
tan -0.998326 0.064480 0.079794 1.000000
tan -0.997210 0.026040 0.092752 1.000000
tan -1.004464 -0.024800 0.030690 1.000000
tan -1.004464 0.000000 0.000000 1.000000
tan -0.998326 -0.064480 0.079794 1.000000
tan -0.997210 0.006324 0.084816 1.000000
tan -0.971108 -0.021762 0.241862 1.000000
tan -0.983260 -0.159774 0.028024 1.000000
tan -1.002232 -0.003720 0.078740 1.000000
tan -0.980718 0.104160 0.143716 1.000000
tan -1.004464 -0.012276 0.009920 1.000000
tan -0.999504 -0.016058 0.093744 1.000000
tan -0.968442 0.014508 0.255564 1.000000
tan -1.004464 0.006138 0.004960 1.000000
tan -0.999504 0.003782 0.083824 1.000000
tan -0.973154 -0.028334 0.246140 1.000000
tan -0.980718 -0.119412 0.126232 1.000000
tan -1.004464 0.006138 0.004960 1.000000
tan -1.002232 -0.011346 0.060512 1.000000
tan -0.979044 0.185070 -0.012214 1.000000
tan -0.998326 0.034720 0.042966 1.000000
tan -0.997210 0.013020 0.060016 1.000000
tan -0.975510 0.088288 0.184388 1.000000
tan -0.998326 0.064480 0.079794 1.000000
tan -1.002232 0.004774 0.067642 1.000000
tan -0.913820 0.142104 0.370947 1.000000
tan -0.997210 0.038192 0.102796 1.000000
tan -0.998326 -0.069440 0.085932 1.000000
tan -1.004464 -0.036828 0.029760 1.000000
tan -0.998326 -0.055242 -0.044640 1.000000
tan -1.004464 -0.030690 -0.024800 1.000000
tan -1.004464 -0.018414 0.014880 1.000000
tan -1.004464 -0.018414 -0.014880 1.000000
tan -0.998326 -0.034720 0.042966 1.000000
tan -1.004464 -0.012276 0.009920 1.000000
tan -1.004464 -0.012276 -0.009920 1.000000
tan -1.004464 -0.006138 0.004960 1.000000
tan -1.004464 -0.019840 0.024552 1.000000
tan -1.004464 -0.019840 0.024552 1.000000
tan -1.004464 0.019840 0.024552 1.000000
tan -1.004464 0.019840 0.024552 1.000000
tan -1.004464 0.006138 0.004960 1.000000
tan 0.000000 0.000000 1.004464 1.000000
tan 0.006386 0.004650 1.006510 1.000000
tan 0.000000 0.000000 0.994792 1.000000
tan 0.000000 0.000000 1.004464 1.000000
tan 0.000000 0.000000 0.998512 1.000000
tan 0.000000 0.000000 0.996528 1.000000
tan 0.000000 0.000000 0.996528 1.000000
tan 0.000000 0.000000 1.004464 1.000000
tan 0.000000 0.000000 0.998512 1.000000
tan 0.000000 0.000000 0.994792 1.000000
tan 0.000000 0.000000 1.004464 1.000000
tan 0.011036 0.001736 1.006510 1.000000
tan 0.006386 0.004650 1.006510 1.000000
tan 0.000000 0.000000 1.004464 1.000000
tan 0.000000 0.000000 0.998512 1.000000
tan 0.000000 0.000000 0.994792 1.000000
tan 0.000000 0.000000 1.004464 1.000000
tan -0.006634 0.004216 0.996528 1.000000
tan -0.006634 -0.004216 0.996528 1.000000
tan 0.000000 0.000000 1.004464 1.000000
tan 0.000000 0.000000 0.994792 1.000000
tan 0.000000 0.000000 0.998512 1.000000
tan 0.000000 0.000000 1.004464 1.000000
tan 0.006386 -0.004650 1.006510 1.000000
tan 0.000000 0.000000 0.998512 1.000000
tan 0.011036 -0.001736 1.006510 1.000000
tan 0.000000 0.000000 1.004464 1.000000
tan 0.000000 -1.004464 0.000000 1.000000
tan 0.012710 -0.998512 0.021390 1.000000
tan 0.000000 -1.004464 0.000000 1.000000
tan 0.016554 -0.997272 0.036518 1.000000
tan -0.690433 -0.596937 0.401947 1.000000
tan -0.513733 -0.831174 0.205468 1.000000
tan 0.000000 -1.004464 0.000000 1.000000
tan 0.424577 -0.873148 0.235911 1.000000
tan 0.000000 -0.995784 0.000000 1.000000
tan 0.000000 -1.004464 0.000000 1.000000
tan 0.000000 -1.004464 0.000000 1.000000
tan 0.000000 -1.004464 0.000000 1.000000
tan -0.403683 -0.888338 0.225123 1.000000
tan 0.004960 -1.004464 0.006138 1.000000
tan -0.021948 -0.993242 0.050964 1.000000
tan 0.570339 -0.779093 0.257425 1.000000
tan -0.004960 -1.004464 0.006138 1.000000
tan 0.544051 -0.477587 0.692107 1.000000
tan 0.052762 -0.998512 -0.035216 1.000000
tan 0.018414 -1.004464 -0.014880 1.000000
tan 0.203360 -0.959266 0.185814 1.000000
tan 0.202368 0.174964 0.965218 1.000000
tan 0.030690 -1.004464 0.024800 1.000000
tan -0.004960 -1.004464 0.006138 1.000000
tan -0.012710 -0.998512 0.021390 1.000000
tan 0.000000 -1.004464 0.000000 1.000000
tan -0.013764 -0.993242 0.037572 1.000000
tan 0.688387 -0.599355 0.401947 1.000000
tan 0.570463 -0.779031 0.240127 1.000000
tan 0.004960 -1.004464 0.006138 1.000000
tan -0.405977 -0.886044 0.214893 1.000000
tan 0.000000 -1.004464 0.000000 1.000000
tan 0.000000 -1.004464 0.000000 1.000000
tan 0.000000 -0.995784 0.000000 1.000000
tan 0.000000 -1.004464 0.000000 1.000000
tan 0.000000 -1.004464 0.000000 1.000000
tan 0.422407 -0.873148 0.242483 1.000000
tan 0.025730 -0.997272 0.049290 1.000000
tan -0.513609 -0.831298 0.227169 1.000000
tan 0.000000 -1.004464 0.000000 1.000000
tan -0.553537 -0.478579 0.686155 1.000000
tan -0.058714 -0.998512 -0.040362 1.000000
tan -0.171678 0.138322 0.970364 1.000000
tan -0.018414 -1.004464 -0.014880 1.000000
tan -0.191456 -0.965218 0.175584 1.000000
tan -0.030690 -1.004464 0.024800 1.000000
tan -0.729865 -0.427925 0.540393 1.000000
tan -0.007812 -0.149606 0.992126 1.000000
tan -0.937938 -0.229152 0.269081 1.000000
tan 0.036704 -0.061070 0.995288 1.000000
tan -0.223820 -0.610267 0.762353 1.000000
tan 0.007874 0.086614 1.000000 1.000000
tan -0.040238 0.025792 0.995784 1.000000
tan -0.226052 0.497861 0.831918 1.000000
tan -0.031930 0.054870 1.000062 1.000000
tan 0.804638 0.146258 0.578089 1.000000
tan 0.567363 0.353091 0.739785 1.000000
tan 0.022878 -0.009734 0.997024 1.000000
tan 0.196540 0.498853 0.838551 1.000000
tan -0.043462 -0.019902 0.996094 1.000000
tan -0.662595 0.455391 0.586769 1.000000
tan 0.030318 0.011656 1.000992 1.000000
tan 0.208878 -0.423523 0.876744 1.000000
tan 0.030070 0.046810 0.998512 1.000000
tan -0.007750 0.165354 0.984252 1.000000
tan -0.937938 0.229152 0.269080 1.000000
tan 0.007812 -0.094488 0.992126 1.000000
tan -0.024490 -0.041168 1.000248 1.000000
tan 0.563395 -0.340505 0.759935 1.000000
tan 0.804638 -0.135284 0.578089 1.000000
tan -0.984252 -0.188976 -0.015500 1.000000
tan -0.463141 -0.535681 -0.703205 1.000000
tan 0.000000 -0.244095 -0.968504 1.000000
tan -0.997024 -0.040548 0.025358 1.000000
tan -0.984252 0.157480 0.015500 1.000000
tan -0.822618 -0.522785 -0.215822 1.000000
tan -0.998512 0.040858 -0.024924 1.000000
tan 0.000000 0.173228 0.984252 1.000000
tan -0.463141 0.535681 0.703205 1.000000
tan -0.789448 0.501705 0.346643 1.000000
tan -0.998574 0.005456 0.021576 1.000000
tan -0.998946 0.027094 -0.057722 1.000000
tan -1.000558 -0.036890 -0.051956 1.000000
tan -1.007502 0.000000 0.000000 1.000000
tan -0.714985 0.661169 -0.211296 1.000000
tan -1.004464 0.012276 0.009920 1.000000
tan -0.372373 0.500899 -0.786967 1.000000
tan -0.998450 0.072540 0.034472 1.000000
tan -0.984252 0.181102 -0.015500 1.000000
tan -1.000000 0.023622 -0.000000 1.000000
tan 0.000000 0.259842 -0.968504 1.000000
tan -0.222456 0.522785 0.822617 1.000000
tan -0.103788 0.095976 0.989460 1.000000
tan -0.088784 -0.677165 0.732283 1.000000
tan -0.070556 -0.035526 0.996528 1.000000
tan -0.142414 0.125054 0.987228 1.000000
tan -0.769794 0.482113 0.416827 1.000000
tan -0.066340 -0.043524 0.998326 1.000000
tan -0.449005 0.714613 0.525451 1.000000
tan -0.015438 -0.017856 0.998512 1.000000
tan -0.764647 -0.488065 0.421973 1.000000
tan -0.006138 0.004960 1.004464 1.000000
tan -0.803150 0.000000 0.590551 1.000000
tan -0.006138 -0.004960 1.004464 1.000000
tan -0.010974 -0.803149 0.590551 1.000000
tan -0.005146 0.005952 0.998512 1.000000
tan -0.063922 0.031310 0.996528 1.000000
tan -0.215822 -0.522785 0.822618 1.000000
tan -0.011098 -0.001178 1.004464 1.000000
tan -0.057660 -0.053320 0.994792 1.000000
tan -0.227726 0.661169 0.714985 1.000000
tan -0.007316 -0.016058 1.004464 1.000000
tan 0.001178 -0.011098 1.004464 1.000000
tan 0.803150 -0.017298 0.590551 1.000000
tan -0.029574 -0.027280 1.000124 1.000000
tan -0.894414 0.370389 0.269700 1.000000
tan 0.016058 -0.007316 1.004464 1.000000
tan 0.634261 0.619753 0.455701 1.000000
tan 0.011098 0.001178 1.004464 1.000000
tan -0.034596 0.031992 0.994792 1.000000
tan -0.020336 0.014508 1.006510 1.000000
tan -0.888028 -0.376775 0.274351 1.000000
tan -0.416827 -0.613181 0.663091 1.000000
tan 0.507409 -0.053568 -0.864282 1.000000
tan 0.804638 0.255192 -0.536797 1.000000
tan 0.968628 0.181598 -0.136648 1.000000
tan 1.006386 0.034968 0.031992 1.000000
tan 0.995474 0.117738 -0.066402 1.000000
tan 1.003162 -0.056916 0.042408 1.000000
tan 0.711513 0.134168 0.685783 1.000000
tan 0.914378 -0.091326 0.379813 1.000000
tan 1.005518 0.005394 0.005766 1.000000
tan 1.003534 0.002790 0.007378 1.000000
tan 0.989150 -0.093744 0.098022 1.000000
tan 0.994792 0.011532 0.010664 1.000000
tan 0.931738 -0.130200 0.343667 1.000000
tan 1.002232 0.006076 0.005022 1.000000
tan 0.999008 0.016554 0.016926 1.000000
tan 1.004960 0.000000 0.000000 1.000000
tan 0.994792 0.017298 0.015996 1.000000
tan 1.000992 -0.027156 -0.038688 1.000000
tan 1.004464 0.014880 -0.018414 1.000000
tan 1.006386 -0.017484 -0.015996 1.000000
tan 0.810404 -0.205034 0.542129 1.000000
tan 0.516647 0.097588 0.852564 1.000000
tan 0.984252 -0.150288 0.114576 1.000000
tan 0.973340 0.156550 -0.117800 1.000000
tan 0.516647 -0.093868 -0.854858 1.000000
tan 0.810404 0.211544 -0.541943 1.000000
tan 1.006386 0.017484 0.015996 1.000000
tan 0.989150 0.102920 -0.085374 1.000000
tan 1.005518 -0.010788 -0.011532 1.000000
tan 1.003534 -0.005580 -0.014756 1.000000
tan 0.993738 -0.127162 0.054002 1.000000
tan 0.990018 -0.085994 -0.122512 1.000000
tan 0.995226 -0.058280 -0.053320 1.000000
tan 0.803088 -0.252898 0.538223 1.000000
tan 0.525947 0.086676 0.851324 1.000000
tan 0.966954 -0.212908 0.162316 1.000000
tan 1.002232 -0.042532 -0.035154 1.000000
tan 0.993800 0.112716 -0.085932 1.000000
tan 0.500837 -0.220969 -0.837994 1.000000
tan 0.821502 0.116250 -0.561101 1.000000
tan 0.982330 0.093744 -0.146692 1.000000
tan 0.982144 -0.039308 -0.161138 1.000000
tan 0.991506 -0.019344 -0.171492 1.000000
tan 0.973526 -0.116064 -0.187860 1.000000
tan 0.990886 -0.032612 -0.112344 1.000000
tan 0.955732 -0.091016 -0.283713 1.000000
tan 0.852626 -0.265856 0.450865 1.000000
tan 0.698555 0.087482 0.715667 1.000000
tan 0.965032 -0.257610 -0.004340 1.000000
tan 0.960878 -0.067456 -0.274227 1.000000
tan 0.981462 -0.054312 -0.171306 1.000000
tan 0.989894 0.133238 -0.010664 1.000000
tan 0.996156 0.024180 -0.103044 1.000000
tan 0.985244 -0.048298 -0.158968 1.000000
tan 0.987228 0.104160 -0.128898 1.000000
tan 1.004464 -0.016306 -0.057846 1.000000
tan 0.981338 -0.143220 -0.108128 1.000000
tan 0.942402 -0.124248 -0.300515 1.000000
tan 0.998326 0.073656 -0.059520 1.000000
tan 0.988158 -0.039742 -0.098766 1.000000
tan 0.998326 0.039680 -0.049104 1.000000
tan 0.993366 0.092070 -0.074400 1.000000
tan 0.993366 0.110484 -0.089280 1.000000
tan 0.993986 0.097650 0.066960 1.000000
tan 0.994544 0.090272 0.063364 1.000000
tan 0.993552 0.022568 0.021824 1.000000
tan 0.994792 0.021328 0.023064 1.000000
tan 0.994792 0.031992 0.034596 1.000000
tan 1.002232 0.010044 0.012152 1.000000
tan 0.946246 0.324137 -0.106330 1.000000
tan 0.940356 0.344225 0.068820 1.000000
tan 1.003162 -0.014136 0.018972 1.000000
tan 0.769670 0.441317 0.464567 1.000000
tan 0.746853 0.460041 0.480439 1.000000
tan 1.003162 -0.006324 0.004712 1.000000
tan 0.990576 0.037572 -0.028272 1.000000
tan 0.585963 -0.576601 -0.571765 1.000000
tan 0.549073 -0.481493 -0.681133 1.000000
tan 0.995288 -0.071610 0.093930 1.000000
tan 0.835018 -0.550809 0.065472 1.000000
tan 1.001054 0.031992 0.034968 1.000000
tan 0.995846 -0.091884 0.078492 1.000000
tan 1.005518 0.011532 0.010788 1.000000
tan 0.991568 0.014508 0.005952 1.000000
tan 0.989708 0.122574 -0.053382 1.000000
tan 1.006386 0.005332 0.005828 1.000000
tan 0.834708 0.551181 -0.004340 1.000000
tan 0.995288 0.038192 -0.050096 1.000000
tan 0.592411 0.584785 0.561535 1.000000
tan 0.995288 -0.025048 0.019096 1.000000
tan 0.552049 0.491785 0.672019 1.000000
tan 0.995784 0.005270 0.005828 1.000000
tan 0.995288 -0.047740 0.062620 1.000000
tan 0.990576 0.031310 -0.023560 1.000000
tan 0.588505 -0.575857 -0.565441 1.000000
tan 0.553475 -0.481493 -0.680885 1.000000
tan 0.834770 -0.551057 0.021824 1.000000
tan 0.989708 -0.116436 0.058218 1.000000
tan 1.005518 -0.005766 -0.005394 1.000000
tan 0.991568 -0.007254 -0.002976 1.000000
tan 0.995846 0.104160 -0.068820 1.000000
tan 1.000992 0.058032 0.040734 1.000000
tan 1.006386 -0.015996 -0.017484 1.000000
tan 0.834646 0.543307 -0.049972 1.000000
tan 0.990576 0.061256 -0.081406 1.000000
tan 0.603509 0.578089 0.557133 1.000000
tan 0.995288 -0.031310 0.023870 1.000000
tan 0.566743 0.483849 0.674127 1.000000
tan 1.000062 0.031310 -0.023870 1.000000
tan 0.573377 -0.621861 -0.529853 1.000000
tan 0.531589 -0.525637 -0.673817 1.000000
tan 1.003162 -0.004712 0.006324 1.000000
tan 0.820014 -0.569533 -0.031744 1.000000
tan 0.998822 -0.044640 -0.044640 1.000000
tan 0.984066 -0.182652 0.021824 1.000000
tan 0.997024 0.021266 -0.107136 1.000000
tan 0.990328 0.002418 -0.127038 1.000000
tan 0.960878 0.159588 -0.204228 1.000000
tan 0.982640 0.064542 -0.148800 1.000000
tan 0.985926 0.080290 -0.122884 1.000000
tan 0.828632 0.547957 -0.100874 1.000000
tan 0.996094 -0.077190 -0.097960 1.000000
tan 0.982826 -0.022196 -0.181908 1.000000
tan 0.720193 0.634881 0.288673 1.000000
tan 0.985926 -0.126852 -0.108252 1.000000
tan 0.983446 -0.196230 -0.055986 1.000000
tan 0.743320 0.316511 0.593961 1.000000
tan -0.463141 -0.535681 -0.703205 1.000000
tan 0.174964 -0.202368 -0.965218 1.000000
tan -0.963730 -0.195238 -0.182776 1.000000
tan -0.997024 -0.046438 0.030566 1.000000
tan -0.822618 -0.522785 -0.226672 1.000000
tan -0.976316 0.161634 0.149916 1.000000
tan -0.996528 0.027094 -0.057288 1.000000
tan -0.714985 0.661169 -0.211296 1.000000
tan -0.998512 0.040858 -0.024924 1.000000
tan 0.133796 0.154752 0.976316 1.000000
tan -0.463141 0.535681 0.703205 1.000000
tan -0.789448 0.501705 0.346643 1.000000
tan -1.002604 -0.001302 0.017608 1.000000
tan -0.994792 -0.037324 -0.040362 1.000000
tan -1.004898 -0.005456 -0.005704 1.000000
tan -0.279993 0.372683 -0.888028 1.000000
tan -0.990576 0.006262 0.004712 1.000000
tan -0.993800 -0.020646 -0.024924 1.000000
tan -0.275405 -0.366297 -0.894414 1.000000
tan -0.990576 0.006262 -0.004712 1.000000
tan -0.993800 0.026970 -0.029574 1.000000
tan -0.994792 0.042656 -0.046128 1.000000
tan -0.714985 -0.661169 -0.216628 1.000000
tan -1.004898 0.016368 -0.017112 1.000000
tan -0.994792 -0.026598 -0.057722 1.000000
tan -0.822618 0.522785 -0.215822 1.000000
tan -1.006696 -0.010850 -0.002666 1.000000
tan -0.997024 -0.012462 -0.021514 1.000000
tan -0.596937 0.690433 -0.407093 1.000000
tan -0.998512 0.012710 0.021390 1.000000
tan -0.596937 -0.690433 0.413045 1.000000
tan -0.796082 -0.505921 0.329159 1.000000
tan 0.822618 -0.522785 0.215822 1.000000
tan 0.998512 0.023808 0.020584 1.000000
tan 0.591791 -0.684481 0.413045 1.000000
tan 1.003162 0.018662 0.044392 1.000000
tan 0.998512 -0.023808 -0.020584 1.000000
tan 0.714985 0.661169 0.227726 1.000000
tan 1.001488 -0.018228 -0.044330 1.000000
tan 0.591791 0.684481 -0.418191 1.000000
tan 0.822618 0.522785 -0.215822 1.000000
tan 0.714985 -0.661169 -0.227726 1.000000
tan 1.000558 0.047988 -0.052452 1.000000
tan 0.994792 -0.047988 0.051894 1.000000
tan 0.279993 0.372683 0.888028 1.000000
tan 0.997272 0.020956 -0.024738 1.000000
tan 0.275343 -0.366297 -0.888028 1.000000
tan 0.284643 0.379069 -0.888028 1.000000
tan 1.000124 -0.020894 0.024924 1.000000
tan 1.006510 -0.014508 -0.020336 1.000000
tan 0.997272 0.014570 0.020150 1.000000
tan 0.284643 -0.379069 0.888028 1.000000
tan 0.994792 -0.047988 -0.051894 1.000000
tan 0.714985 0.661169 -0.227727 1.000000
tan 0.822618 -0.522785 -0.226672 1.000000
tan 1.000558 0.047988 0.052452 1.000000
tan 0.714985 -0.661169 0.227727 1.000000
tan 1.003162 0.022878 -0.051088 1.000000
tan 1.001488 -0.022382 0.051026 1.000000
tan 0.822618 0.522785 0.226672 1.000000
tan 0.998512 -0.041664 0.036022 1.000000
tan 0.468287 -0.541633 -0.697253 1.000000
tan -0.149234 -0.172608 -0.976316 1.000000
tan 0.965218 -0.184512 -0.159526 1.000000
tan 0.998512 0.047616 -0.041168 1.000000
tan 0.473433 0.547585 0.692107 1.000000
tan 0.965218 0.190464 0.164672 1.000000
tan -0.149234 0.172608 0.976316 1.000000
tan 0.000000 0.000000 1.000000 1.000000
tan 0.000000 0.000000 1.000000 1.000000
tan 0.000000 0.000000 0.997210 1.000000
tan 0.000000 0.000000 1.004464 1.000000
tan 0.000000 0.000000 0.998512 1.000000
tan 0.000000 0.000000 1.000000 1.000000
tan 0.000000 0.000000 1.004464 1.000000
tan 0.000000 0.000000 1.003162 1.000000
tan 0.000000 0.000000 1.004464 1.000000
tan 0.000000 0.000000 1.000000 1.000000
tan 0.000000 0.000000 1.004464 1.000000
tan 0.000000 0.000000 1.004464 1.000000
tan 0.000000 0.000000 1.007502 1.000000
tan 0.000000 0.000000 0.996528 1.000000
tan 0.000000 0.000000 1.004464 1.000000
tan 0.000000 0.000000 0.990142 1.000000
tan 0.000000 0.000000 1.004464 1.000000
tan 0.000000 0.000000 0.998512 1.000000
tan 0.000000 0.000000 1.004464 1.000000
tan 0.000000 0.000000 1.000000 1.000000
tan 0.000000 0.000000 1.000000 1.000000
tan 0.000000 0.000000 1.004464 1.000000
tan 0.000000 0.000000 1.000000 1.000000
tan 0.000000 0.000000 1.000000 1.000000
tan -1.000000 0.000000 0.078740 1.000000
tan -1.000000 0.000000 0.000000 1.000000
tan -1.004464 0.021266 0.063984 1.000000
tan -1.004464 0.000000 0.000000 1.000000
tan -1.002232 0.046500 0.017980 1.000000
tan -1.000000 0.000000 0.000000 1.000000
tan -1.004464 0.000000 0.000000 1.000000
tan -0.997210 -0.046872 0.016616 1.000000
tan -1.004464 0.000000 0.000000 1.000000
tan -1.000000 0.000000 0.000000 1.000000
tan -1.004464 0.000000 0.000000 1.000000
tan -1.002232 -0.016926 0.057598 1.000000
tan -1.004464 0.000000 0.000000 1.000000
tan -1.004464 0.000000 0.000000 1.000000
tan -0.997210 0.001364 -0.011036 1.000000
tan -1.000000 -0.000000 -0.007874 1.000000
tan -0.998512 -0.005952 -0.005146 1.000000
tan -1.004464 0.000000 0.000000 1.000000
tan -1.003162 0.006324 -0.004712 1.000000
tan -1.004464 0.000000 0.000000 1.000000
tan -1.004464 0.000000 0.000000 1.000000
tan -1.000248 0.005084 -0.006014 1.000000
tan -1.004464 0.000000 0.000000 1.000000
tan -1.000000 0.000000 0.078740 1.000000
tan -1.000000 0.000000 0.000000 1.000000
tan -1.004464 0.000000 0.000000 1.000000
tan -1.000000 0.000000 0.000000 1.000000
tan -1.000000 0.000000 0.000000 1.000000
tan -1.000000 -0.000000 -0.007874 1.000000
tan -1.004464 0.000000 0.000000 1.000000
tan 0.550189 0.409945 0.727137 1.000000
tan 0.661727 0.050344 0.745923 1.000000
tan 0.341497 0.408953 0.845681 1.000000
tan 0.773762 0.149792 0.616653 1.000000
tan 0.717341 0.096720 0.685101 1.000000
tan 0.571393 -0.494017 0.658007 1.000000
tan 0.830244 0.191208 0.522723 1.000000
tan 0.900056 0.065782 0.431459 1.000000
tan 0.771901 -0.174716 0.609275 1.000000
tan 0.154752 -0.198400 0.968938 1.000000
tan 0.811024 -0.206584 0.553661 1.000000
tan 0.641391 -0.010664 0.760369 1.000000
tan 0.188604 0.241801 0.946866 1.000000
tan 0.900738 -0.048112 0.431893 1.000000
tan 0.665881 0.053382 0.746915 1.000000
tan 0.888710 0.026908 0.456631 1.000000
tan 0.795524 0.213590 0.565379 1.000000
tan 0.601153 0.519747 0.607663 1.000000
tan 0.904334 -0.246450 0.335173 1.000000
tan 0.984066 -0.132308 0.111848 1.000000
tan 1.003162 -0.037944 0.028272 1.000000
tan 0.906938 -0.249736 0.335173 1.000000
tan 0.930746 0.249984 0.285697 1.000000
tan 0.972596 0.154628 0.167214 1.000000
tan 0.992374 0.068200 0.053196 1.000000
tan 1.004960 0.000000 0.000000 1.000000
tan 0.884680 -0.031062 0.469527 1.000000
tan 0.986174 -0.130200 0.101556 1.000000
tan 0.998326 -0.061380 0.049600 1.000000
tan 0.869056 0.001736 0.490359 1.000000
tan 0.702089 -0.039060 0.708909 1.000000
tan 0.712381 0.065286 0.689875 1.000000
tan 0.900738 0.039680 0.444417 1.000000
tan 0.822060 0.235167 0.516213 1.000000
tan 0.907682 -0.281233 0.321409 1.000000
tan 0.892306 -0.282721 0.349867 1.000000
tan 0.805754 -0.198152 0.552545 1.000000
tan 0.588133 -0.438217 0.681381 1.000000
tan 0.848844 -0.227664 0.471945 1.000000
tan 0.876062 -0.000372 0.477277 1.000000
tan 0.870606 0.288301 0.395933 1.000000
tan 0.840722 0.312481 0.455701 1.000000
tan 0.983694 0.132618 0.122636 1.000000
tan 0.884246 -0.021204 0.468349 1.000000
tan 0.984066 0.150350 0.127100 1.000000
tan 0.935334 0.284580 -0.212040 1.000000
tan 0.978052 0.150350 -0.127100 1.000000
tan 0.889516 0.039494 0.452539 1.000000
tan 0.738421 -0.135470 0.660487 1.000000
tan 0.567673 -0.139314 0.811148 1.000000
tan 0.392523 -0.289230 0.871412 1.000000
tan 0.731725 -0.181474 0.655713 1.000000
tan -0.210924 -0.252588 0.939984 1.000000
tan 0.311365 -0.372869 0.867754 1.000000
tan -0.153450 -0.982268 -0.124000 1.000000
tan -0.303553 -0.924298 0.226177 1.000000
tan -0.245520 -0.953934 0.198400 1.000000
tan -0.226176 -0.954120 -0.195548 1.000000
tan -0.024800 -1.004464 -0.030690 1.000000
tan -0.375101 -0.903094 -0.229400 1.000000
tan -0.077376 -0.991010 -0.099200 1.000000
tan -0.029760 -1.004464 0.036828 1.000000
tan -0.447393 -0.876930 0.185876 1.000000
tan -0.537045 -0.838924 0.109740 1.000000
tan -0.448757 -0.871164 -0.189162 1.000000
tan -0.665633 -0.748031 -0.025606 1.000000
tan -0.619257 -0.780705 0.037200 1.000000
tan -0.593341 -0.811085 -0.097588 1.000000
tan -0.058032 -0.997210 0.074400 1.000000
tan -0.582739 -0.805009 -0.103044 1.000000
tan -0.373489 -0.892058 -0.256680 1.000000
tan -0.289417 -0.905946 -0.291276 1.000000
tan -0.255937 -0.937070 0.221279 1.000000
tan -0.313039 -0.914502 0.252961 1.000000
tan -0.358113 -0.903094 0.230207 1.000000
tan -0.330337 -0.904520 0.271561 1.000000
tan -0.322525 -0.917974 -0.240312 1.000000
tan -0.319177 -0.914502 -0.257920 1.000000
tan -0.568169 -0.816666 0.114700 1.000000
tan -0.572385 -0.812822 0.113646 1.000000
tan -0.085374 -0.996156 -0.103292 1.000000
tan -0.089280 -0.993366 -0.110484 1.000000
tan -0.604873 -0.786533 -0.059148 1.000000
tan -0.699361 -0.717837 0.074028 1.000000
tan -0.636307 -0.772273 -0.015252 1.000000
tan -0.542377 -0.838862 -0.102796 1.000000
tan -0.183396 -0.974766 0.136648 1.000000
tan -0.045198 -0.996156 0.054684 1.000000
tan -0.012276 -1.004464 0.009920 1.000000
tan 0.054560 -0.998326 -0.067518 1.000000
tan -0.064170 -1.000744 0.030132 1.000000
tan -0.201562 -0.975510 0.107570 1.000000
tan -0.023560 -0.996838 -0.031620 1.000000
tan -0.046624 -0.998450 -0.054126 1.000000
tan -0.434249 0.205592 0.880402 1.000000
tan -0.522289 -0.754417 0.382913 1.000000
tan -0.009858 -0.994110 -0.021390 1.000000
tan -0.281233 -0.953066 0.092132 1.000000
tan 0.004960 -0.999442 0.039990 1.000000
tan 0.012524 -0.990576 -0.009424 1.000000
tan 0.495257 -0.765701 0.411619 1.000000
tan 0.000000 -0.996280 0.000000 1.000000
tan 0.000000 -1.000744 0.000000 1.000000
tan 0.000000 -1.006944 0.000000 1.000000
tan 0.000000 -0.990576 0.000000 1.000000
tan -0.292393 -0.947362 0.101866 1.000000
tan 0.003348 -1.000744 0.007130 1.000000
tan -0.040796 -1.000124 0.048918 1.000000
tan -0.006262 -1.000062 0.004774 1.000000
tan 0.699113 -0.537665 0.472441 1.000000
tan -0.024800 -1.000186 0.020956 1.000000
tan 0.000000 -1.000744 0.000000 1.000000
tan 0.676297 -0.337963 0.655093 1.000000
tan -0.489367 0.797693 0.352223 1.000000
tan -0.555769 0.611197 0.565193 1.000000
tan -0.683861 0.686155 0.239506 1.000000
tan -0.419865 0.698741 0.577531 1.000000
tan -0.591605 0.568355 0.581127 1.000000
tan -0.345651 0.548639 0.753983 1.000000
tan -0.250481 0.808420 0.537107 1.000000
tan 0.112716 0.961250 0.235290 1.000000
tan -0.217620 0.832290 0.521235 1.000000
tan -0.181226 0.626263 0.760493 1.000000
tan -0.209064 0.844814 0.491413 1.000000
tan 0.094426 0.986174 0.083514 1.000000
tan 0.063364 0.997210 -0.059396 1.000000
tan 0.234670 0.953934 -0.199268 1.000000
tan 0.154752 0.982268 0.134974 1.000000
tan -0.267779 0.882634 0.388865 1.000000
tan 0.230826 0.931118 0.289416 1.000000
tan 0.052328 0.998326 0.089714 1.000000
tan -0.241428 0.924298 0.311860 1.000000
tan 0.259161 0.906442 0.337281 1.000000
tan 0.078616 0.790377 0.604625 1.000000
tan 0.328849 0.868622 0.353277 1.000000
tan 0.440449 0.876682 0.193440 1.000000
tan 0.437845 0.884060 0.134292 1.000000
tan 0.639655 0.756897 0.139314 1.000000
tan 0.496249 0.780271 0.378139 1.000000
tan 0.774010 0.493335 0.406473 1.000000
tan 0.742514 0.418129 0.514105 1.000000
tan 0.850394 0.292021 0.444479 1.000000
tan 0.683489 0.388121 0.616157 1.000000
tan -0.090458 0.712133 0.693905 1.000000
tan -0.459235 0.567487 0.686589 1.000000
tan -0.289851 0.811953 0.497613 1.000000
tan -0.594829 0.543865 0.588133 1.000000
tan -0.638229 0.552917 0.534689 1.000000
tan -0.520677 0.359105 0.774877 1.000000
tan -0.117118 0.810714 0.579205 1.000000
tan -0.698803 0.218550 0.673507 1.000000
tan -0.924298 -0.235600 0.316201 1.000000
tan -0.193130 0.839234 0.498419 1.000000
tan -0.629921 0.329221 0.697811 1.000000
tan -0.744932 0.386075 0.553475 1.000000
tan -0.768802 0.479013 0.428607 1.000000
tan -0.985802 0.145452 -0.108376 1.000000
tan -0.502201 0.630231 0.597371 1.000000
tan -0.803708 0.517267 0.298779 1.000000
tan -0.950400 0.230640 0.213280 1.000000
tan -0.628309 0.703081 0.338521 1.000000
tan -0.473557 0.807738 0.347945 1.000000
tan 0.047740 0.776861 0.629425 1.000000
tan -0.106516 0.694773 0.700353 1.000000
tan -0.205468 0.885238 0.416145 1.000000
tan 0.194308 0.852316 0.476657 1.000000
tan -0.504929 0.299709 0.810403 1.000000
tan -0.641453 0.582057 0.494513 1.000000
tan 0.248993 0.898010 0.362577 1.000000
tan -0.271065 0.919586 0.298840 1.000000
tan -0.060202 0.998326 0.038564 1.000000
tan -0.264121 0.914502 0.303986 1.000000
tan 0.246884 0.908364 0.328228 1.000000
tan 0.079174 0.995164 0.077190 1.000000
tan 0.044144 1.004464 0.045818 1.000000
tan -0.084010 0.996156 0.059272 1.000000
tan -0.029264 0.992250 0.013764 1.000000
tan -0.071672 0.993366 0.063860 1.000000
tan 0.121520 -0.989522 -0.102176 1.000000
tan 0.084010 -0.910596 -0.410565 1.000000
tan -0.161696 -0.637423 -0.757331 1.000000
tan -0.053692 -0.485275 -0.876000 1.000000
tan -0.159588 -0.379813 -0.913758 1.000000
tan 0.075764 -0.702585 -0.708537 1.000000
tan -0.030132 -0.583173 -0.810899 1.000000
tan -0.195858 -0.938000 -0.287370 1.000000
tan -0.458057 -0.890818 0.090024 1.000000
tan 0.076756 -0.786905 -0.608221 1.000000
tan -0.334553 -0.909852 -0.243536 1.000000
tan -0.625519 -0.777295 -0.116622 1.000000
tan 0.140616 -0.808730 -0.565441 1.000000
tan 0.070308 -0.706987 -0.695269 1.000000
tan -0.288177 -0.862794 -0.413355 1.000000
tan -0.719821 -0.577841 -0.380681 1.000000
tan 0.193688 -0.878108 -0.441441 1.000000
tan 0.251658 -0.890012 -0.393515 1.000000
tan -0.167400 -0.975138 -0.130572 1.000000
tan -0.173600 -0.968938 0.135408 1.000000
tan -0.270073 -0.942836 0.218241 1.000000
tan -0.178002 -0.976130 -0.143840 1.000000
tan -0.241862 -0.925972 -0.279744 1.000000
tan -0.272801 -0.903404 -0.337591 1.000000
tan -0.220038 -0.895964 -0.407899 1.000000
tan 0.268585 -0.895902 -0.360469 1.000000
tan 0.262881 -0.914502 -0.325314 1.000000
tan -0.229028 -0.878356 -0.419617 1.000000
tan -0.109120 -0.796081 -0.587761 1.000000
tan 0.054126 -0.990142 -0.045198 1.000000
tan -0.006138 -1.004464 0.004960 1.000000
tan -0.580507 -0.526195 -0.630231 1.000000
tan -0.615599 -0.340567 -0.708475 1.000000
tan -0.345589 -0.490731 -0.791493 1.000000
tan -0.058590 -0.812264 -0.571207 1.000000
tan -0.053258 -0.765949 -0.634137 1.000000
tan -0.021948 -0.868374 -0.498481 1.000000
tan 0.018042 -0.918284 -0.390229 1.000000
tan 0.070184 -0.771777 -0.624217 1.000000
tan 0.019716 -0.761733 -0.658069 1.000000
tan 0.250542 -0.482919 -0.833901 1.000000
tan 0.463141 -0.367165 -0.806497 1.000000
tan 0.421477 -0.527993 -0.737181 1.000000
tan 0.547585 -0.513547 -0.661975 1.000000
tan 0.070122 -0.789820 -0.613677 1.000000
tan 0.135780 -0.842582 -0.520243 1.000000
tan 0.125550 -0.787278 -0.608903 1.000000
tan 0.494885 -0.753301 -0.431769 1.000000
tan 0.381053 -0.810156 -0.440201 1.000000
tan 0.461529 -0.825284 -0.332197 1.000000
tan 0.241553 -0.830740 -0.498667 1.000000
tan -0.096596 -0.821750 -0.566495 1.000000
tan 0.015004 -0.741893 -0.677909 1.000000
tan 0.156240 -0.865088 -0.479261 1.000000
tan -0.221836 -0.871226 -0.443425 1.000000
tan -0.087606 -0.789200 -0.603385 1.000000
tan 0.257300 -0.914874 -0.297600 1.000000
tan 0.142600 -0.979974 -0.111228 1.000000
tan 0.049104 -0.998326 -0.039680 1.000000
tan 0.257921 -0.914502 -0.319176 1.000000
tan -0.301569 -0.867506 -0.404737 1.000000
tan -0.277761 -0.903404 -0.343729 1.000000
tan -0.114266 -0.984128 -0.095418 1.000000
tan -0.085932 -0.998326 -0.069440 1.000000
tan -0.247939 0.945936 0.194680 1.000000
tan -0.190278 0.860872 0.471573 1.000000
tan 0.009920 0.589683 0.810527 1.000000
tan -0.062992 0.561287 0.826523 1.000000
tan -0.032302 0.354331 0.937008 1.000000
tan -0.140616 0.658317 0.739165 1.000000
tan -0.080166 0.604873 0.796391 1.000000
tan -0.107012 0.801786 0.599417 1.000000
tan 0.116746 0.898134 0.406535 1.000000
tan 0.304421 0.924112 0.223448 1.000000
tan -0.114018 0.682807 0.719449 1.000000
tan 0.280737 0.893298 0.341063 1.000000
tan 0.478083 0.831050 0.305227 1.000000
tan -0.070122 0.784177 0.617149 1.000000
tan 0.161200 0.979974 -0.125736 1.000000
tan 0.214148 0.839978 0.504681 1.000000
tan 0.600905 0.560233 0.577593 1.000000
tan 0.254200 0.946866 0.198276 1.000000
tan 0.282349 0.931738 -0.228161 1.000000
tan 0.190278 0.976130 0.153760 1.000000
tan -0.253022 0.885238 0.393515 1.000000
tan 0.252154 0.920020 0.291648 1.000000
tan 0.282721 0.897266 0.349867 1.000000
tan -0.181970 0.865832 0.464567 1.000000
tan 0.207080 0.889640 0.409821 1.000000
tan -0.282721 0.884866 0.379441 1.000000
tan -0.277761 0.903404 0.343729 1.000000
tan 0.205344 0.869738 0.436729 1.000000
tan 0.109120 0.800546 0.590241 1.000000
tan -0.072168 0.990142 0.060264 1.000000
tan -0.030690 1.004464 0.024800 1.000000
tan 0.049104 0.998326 0.039680 1.000000
tan 0.090210 0.990142 0.075330 1.000000
tan 0.262881 0.914502 0.325314 1.000000
tan 0.282721 0.884866 0.379441 1.000000
tan -0.248000 0.925600 0.306900 1.000000
tan -0.074400 0.789820 0.619691 1.000000
tan -0.247008 0.925972 0.285696 1.000000
tan -0.042966 0.998326 0.034720 1.000000
tan -0.558001 0.706181 0.435241 1.000000
tan -0.169942 0.867878 0.457189 1.000000
tan 0.201376 0.863166 0.453903 1.000000
tan -0.374047 0.467233 0.800173 1.000000
tan -0.001736 0.746853 0.667989 1.000000
tan 0.107322 0.827888 0.554219 1.000000
tan -0.148676 0.846364 0.510819 1.000000
tan -0.358981 0.832352 0.417881 1.000000
tan -0.255875 0.826214 0.507719 1.000000
tan -0.438403 0.834708 0.320293 1.000000
tan -0.498667 0.765949 0.408643 1.000000
tan -0.184636 0.789820 0.591171 1.000000
tan -0.580693 0.522289 0.626821 1.000000
tan -0.483229 0.511873 0.714613 1.000000
tan -0.529047 0.356625 0.768925 1.000000
tan -0.015624 0.756773 0.658069 1.000000
tan -0.308575 0.478393 0.833467 1.000000
tan -0.119970 0.786782 0.601711 1.000000
tan 0.067704 0.781946 0.624217 1.000000
tan 0.017174 0.796206 0.599975 1.000000
tan 0.017484 0.921260 0.377953 1.000000
tan 0.148056 0.788642 0.598921 1.000000
tan 0.327485 0.487135 0.806187 1.000000
tan 0.558621 0.363631 0.737367 1.000000
tan 0.523157 0.520553 0.666253 1.000000
tan -0.241428 0.952446 0.190464 1.000000
tan -0.181970 0.865398 0.467047 1.000000
tan 0.020832 0.590737 0.809473 1.000000
tan -0.062992 0.561287 0.826523 1.000000
tan -0.024924 0.354331 0.937008 1.000000
tan -0.131936 0.663277 0.734205 1.000000
tan -0.081716 0.592473 0.797879 1.000000
tan -0.102920 0.796826 0.599417 1.000000
tan 0.119040 0.901916 0.419989 1.000000
tan 0.300391 0.924112 0.229524 1.000000
tan -0.114018 0.682807 0.719449 1.000000
tan 0.271933 0.893546 0.349185 1.000000
tan 0.467791 0.831422 0.313721 1.000000
tan -0.070122 0.784177 0.617149 1.000000
tan 0.161200 0.979974 -0.125736 1.000000
tan 0.197904 0.837870 0.510199 1.000000
tan 0.585901 0.558001 0.585901 1.000000
tan 0.254200 0.946866 0.198276 1.000000
tan 0.288487 0.931738 -0.233121 1.000000
tan 0.190278 0.976130 0.153760 1.000000
tan -0.245768 0.879286 0.399467 1.000000
tan 0.252154 0.920020 0.291648 1.000000
tan 0.282721 0.892306 0.349867 1.000000
tan -0.181970 0.869552 0.467853 1.000000
tan 0.207080 0.889640 0.409821 1.000000
tan -0.282721 0.884866 0.379441 1.000000
tan -0.277761 0.897266 0.343729 1.000000
tan 0.201686 0.869738 0.442867 1.000000
tan 0.109120 0.800546 0.590241 1.000000
tan -0.078182 0.990142 0.065286 1.000000
tan -0.030690 1.004464 0.024800 1.000000
tan 0.049104 0.998326 0.039680 1.000000
tan 0.090210 0.990142 0.075330 1.000000
tan 0.262881 0.914502 0.325314 1.000000
tan 0.282721 0.884866 0.379441 1.000000
tan -0.248000 0.925600 0.306900 1.000000
tan -0.074400 0.789820 0.619691 1.000000
tan -0.247008 0.925972 0.285696 1.000000
tan -0.042966 0.998326 0.034720 1.000000
tan -0.551801 0.706181 0.430405 1.000000
tan -0.173042 0.874202 0.457189 1.000000
tan 0.201376 0.863166 0.453903 1.000000
tan -0.365305 0.472069 0.795337 1.000000
tan -0.001736 0.746853 0.667989 1.000000
tan 0.107322 0.827888 0.554219 1.000000
tan -0.145390 0.840226 0.510819 1.000000
tan -0.358981 0.826958 0.417633 1.000000
tan -0.255875 0.826214 0.507719 1.000000
tan -0.438403 0.834708 0.320293 1.000000
tan -0.492529 0.765949 0.410565 1.000000
tan -0.184636 0.789820 0.591171 1.000000
tan -0.575237 0.523405 0.626821 1.000000
tan -0.483229 0.511873 0.714613 1.000000
tan -0.522413 0.352347 0.779837 1.000000
tan -0.019716 0.761733 0.658069 1.000000
tan -0.308575 0.478393 0.833467 1.000000
tan -0.119970 0.786782 0.601711 1.000000
tan 0.063612 0.776985 0.624217 1.000000
tan 0.010912 0.796206 0.599665 1.000000
tan 0.010230 0.921260 0.377953 1.000000
tan 0.141918 0.788642 0.599851 1.000000
tan 0.324695 0.493211 0.806187 1.000000
tan 0.548825 0.369521 0.751441 1.000000
tan 0.513733 0.524893 0.681009 1.000000
tan 0.817534 -0.000124 0.582367 1.000000
tan 0.844814 0.320417 0.425817 1.000000
tan 0.901296 0.334181 0.276210 1.000000
tan 0.823362 -0.006200 0.574121 1.000000
tan 0.831236 -0.365367 0.422593 1.000000
tan 0.810652 0.001860 0.586831 1.000000
tan 0.814992 0.006634 0.574369 1.000000
tan 0.984748 -0.161200 0.127348 1.000000
tan 0.798934 0.015748 0.599603 1.000000
tan 0.411433 -0.477215 0.777358 1.000000
tan 0.609151 -0.421167 0.666687 1.000000
tan 0.795896 -0.020894 0.602703 1.000000
tan 0.574741 0.501333 0.651621 1.000000
tan 0.192138 0.239693 0.949656 1.000000
tan 0.811706 0.004154 0.577221 1.000000
tan 0.813318 -0.007068 0.591915 1.000000
tan 0.809474 0.007068 0.589063 1.000000
tan 0.192138 -0.239692 0.949656 1.000000
tan 0.815674 0.000868 0.584909 1.000000
tan 0.984748 0.167400 0.132246 1.000000
tan 0.795896 0.020894 0.602703 1.000000
tan 0.574741 -0.501333 0.651621 1.000000
tan 0.814992 -0.006634 0.574369 1.000000
tan 0.831236 0.360221 0.416641 1.000000
tan 0.848844 -0.324633 0.425817 1.000000
tan 0.792548 -0.022134 0.605989 1.000000
tan 0.602765 0.416579 0.677661 1.000000
tan 0.818154 0.010044 0.564263 1.000000
tan 0.836072 0.045198 0.556327 1.000000
tan 0.300267 0.344287 0.894352 1.000000
tan -0.105958 0.137330 0.983136 1.000000
tan 0.749830 0.109306 0.654473 1.000000
tan 0.842706 -0.065968 0.533635 1.000000
tan 0.791494 -0.027156 0.598921 1.000000
tan 0.996156 -0.097216 -0.080352 1.000000
tan 0.951764 -0.230888 0.190836 1.000000
tan -0.870482 -0.374977 -0.324199 1.000000
tan -0.515593 -0.137268 -0.843698 1.000000
tan -0.976378 -0.204724 0.000000 1.000000
tan -0.476533 -0.047120 -0.881518 1.000000
tan -0.511811 0.063426 -0.858268 1.000000
tan -0.614917 -0.421601 -0.663401 1.000000
tan -0.540207 0.033108 -0.838552 1.000000
tan -0.007812 0.102362 -0.992126 1.000000
tan -0.185814 0.203360 -0.959266 1.000000
tan -0.395189 0.242854 -0.887408 1.000000
tan -0.509517 -0.001674 -0.859508 1.000000
tan -0.413789 -0.378573 -0.838489 1.000000
tan -0.535929 0.012648 -0.843760 1.000000
tan -0.544671 0.565193 -0.611197 1.000000
tan -0.515283 0.001178 -0.857524 1.000000
tan -0.178126 -0.229525 -0.954554 1.000000
tan -0.533759 -0.007502 -0.846116 1.000000
tan -0.848534 0.427863 -0.311551 1.000000
tan -0.547895 -0.037572 -0.834398 1.000000
tan -0.511811 -0.080972 -0.858268 1.000000
tan -0.007812 -0.133858 -0.992126 1.000000
tan -0.515593 0.102300 -0.843698 1.000000
tan -0.459049 0.067952 -0.885114 1.000000
tan -0.984252 0.165354 -0.000000 1.000000
tan 0.747535 0.160642 0.649203 1.000000
tan 0.657201 0.084382 0.752805 1.000000
tan 0.617955 0.022878 0.787649 1.000000
tan 0.748589 0.153202 0.652985 1.000000
tan 0.712133 -0.132060 0.683241 1.000000
tan 0.839730 -0.128030 0.525389 1.000000
tan 0.718705 -0.143778 0.676359 1.000000
tan 0.621365 -0.040114 0.777605 1.000000
tan 0.779962 -0.147746 0.600595 1.000000
tan 0.764958 -0.381611 0.522227 1.000000
tan 0.905450 -0.320169 0.279993 1.000000
tan 0.776242 0.151900 0.605121 1.000000
tan 0.763842 0.417447 0.492033 1.000000
tan 0.975138 0.145576 0.133052 1.000000
tan 0.639779 -0.063178 0.769793 1.000000
tan 0.600223 0.004650 0.797383 1.000000
tan 0.874016 0.049104 0.488313 1.000000
tan 0.975138 -0.164176 0.147560 1.000000
tan 0.863848 -0.070742 0.503565 1.000000
tan 0.626945 0.021204 0.782627 1.000000
tan 0.764213 -0.169508 0.623845 1.000000
tan 0.741645 -0.433009 0.509765 1.000000
tan 0.731849 0.405357 0.553661 1.000000
tan 0.710087 0.129146 0.692293 1.000000
tan 0.716969 0.129022 0.693037 1.000000
tan 0.761176 0.171182 0.625643 1.000000
tan 0.738297 -0.136152 0.665633 1.000000
tan 0.747535 -0.160642 0.649203 1.000000
tan 0.829314 0.154442 0.546221 1.000000
tan 0.911464 0.308141 0.269886 1.000000
tan 0.960940 0.209374 -0.167090 1.000000
tan 0.933474 0.120342 0.327485 1.000000
tan 0.627441 -0.033108 0.771529 1.000000
tan 0.637733 -0.068386 0.761919 1.000000
tan 0.591481 -0.025110 0.812263 1.000000
tan 0.521731 -0.106206 0.844628 1.000000
tan -1.006510 0.000000 0.000000 1.000000
tan -1.004464 0.000000 0.000000 1.000000
tan -0.994792 0.000000 0.000000 1.000000
tan -1.004464 0.000000 0.000000 1.000000
tan -1.004464 0.000000 0.000000 1.000000
tan -0.996528 0.000000 0.000000 1.000000
tan -1.004464 0.000000 0.000000 1.000000
tan -1.004464 0.000000 0.000000 1.000000
tan -1.004464 0.000000 0.000000 1.000000
tan -0.998512 0.000000 0.000000 1.000000
tan -1.006510 0.000000 0.000000 1.000000
tan -0.994792 0.000000 0.000000 1.000000
tan -1.004464 0.000000 0.000000 1.000000
tan -1.004464 0.000000 0.000000 1.000000
tan -0.996528 0.006634 0.004216 1.000000
tan -0.998512 0.000000 0.000000 1.000000
tan -1.004464 0.000000 0.000000 1.000000
tan -0.998512 0.005146 0.005952 1.000000
tan -1.004464 0.000000 0.000000 1.000000
tan -1.004464 0.000000 0.000000 1.000000
tan -1.004464 0.000000 0.000000 1.000000
tan -1.010478 0.000000 0.000000 1.000000
tan -1.004464 0.000000 0.000000 1.000000
tan -1.004464 0.000000 0.000000 1.000000
tan -1.004464 0.000000 0.000000 1.000000
tan -0.996528 0.000000 0.000000 1.000000
tan -1.004464 0.000000 0.000000 1.000000
tan -1.004464 0.000000 0.000000 1.000000
tan -1.004464 0.000000 0.000000 1.000000
tan -0.996528 0.000000 0.000000 1.000000
tan -1.004464 0.000000 0.000000 1.000000
tan -0.994792 0.000000 0.000000 1.000000
tan -1.004464 0.000000 0.000000 1.000000
tan -1.004464 0.000000 0.000000 1.000000
tan -1.006510 0.000000 0.000000 1.000000
tan -1.006510 0.000000 0.000000 1.000000
tan -1.004464 0.000000 0.000000 1.000000
tan -1.004464 0.000000 0.000000 1.000000
tan -1.004464 0.000000 0.000000 1.000000
tan -1.004464 0.000000 0.000000 1.000000
tan -1.004464 0.000000 0.000000 1.000000
tan -1.006386 0.005828 0.005332 1.000000
tan -1.004464 0.000000 0.000000 1.000000
tan -1.006510 0.004650 0.006386 1.000000
tan -1.006510 0.000000 0.000000 1.000000
tan 0.661913 -0.703267 -0.255626 1.000000
tan 0.190464 -0.187984 -0.962490 1.000000
tan 0.766631 -0.085374 0.630603 1.000000
tan -0.011098 0.000310 -0.994048 1.000000
tan 0.181722 -0.448695 -0.875504 1.000000
tan 0.105524 -0.117304 -0.982826 1.000000
tan 0.115444 0.095418 -0.991134 1.000000
tan 0.831112 -0.453407 -0.330151 1.000000
tan 0.984438 -0.164176 0.109988 1.000000
tan 0.029202 0.038130 -1.005518 1.000000
tan -0.029574 -0.026970 -0.993800 1.000000
tan 0.189100 -0.666501 -0.720751 1.000000
tan 0.180854 0.525823 -0.830058 1.000000
tan -0.281853 0.295244 -0.910038 1.000000
tan 0.041664 -0.007068 -0.993242 1.000000
tan 0.764647 0.484159 -0.426561 1.000000
tan 0.027342 -0.007564 -0.998512 1.000000
tan 0.015562 -0.008184 -0.997272 1.000000
tan -0.011098 -0.000930 -1.000248 1.000000
tan -0.021018 -0.013454 -1.004464 1.000000
tan 0.752061 -0.505177 -0.432265 1.000000
tan -0.022692 -0.010416 -1.005518 1.000000
tan 0.041726 0.036518 -0.991816 1.000000
tan 0.204972 -0.522785 -0.822617 1.000000
tan -0.021452 0.027776 -0.993304 1.000000
tan 0.033852 -0.009424 -0.995784 1.000000
tan 0.195548 0.660053 -0.723727 1.000000
tan -0.315829 -0.341683 -0.889268 1.000000
tan 0.187240 0.643313 -0.747350 1.000000
tan 0.011656 0.010540 -0.995784 1.000000
tan 0.017298 0.002976 -0.993800 1.000000
tan 0.407713 0.738917 -0.542005 1.000000
tan 0.216442 0.527435 0.820385 1.000000
tan 0.081158 0.086614 0.994358 1.000000
tan 0.070432 -0.660425 0.750263 1.000000
tan 0.057722 -0.026536 1.001488 1.000000
tan 0.024552 0.019840 1.004464 1.000000
tan 0.777110 0.494017 0.392461 1.000000
tan 0.012276 -0.009920 1.004464 1.000000
tan 0.005952 0.005146 0.998512 1.000000
tan 0.039804 0.059210 0.994234 1.000000
tan 0.783682 -0.444293 0.439829 1.000000
tan -0.029760 0.036828 1.004464 1.000000
tan 0.056420 -0.055676 0.998326 1.000000
tan 0.103106 0.073284 0.993366 1.000000
tan 0.282597 0.170810 0.939860 1.000000
tan -0.009920 0.012276 1.004464 1.000000
tan 0.233120 -0.213280 0.955918 1.000000
tan 0.386881 -0.084258 0.916238 1.000000
tan 0.375659 0.086738 0.923058 1.000000
tan 0.444479 -0.045942 0.895530 1.000000
tan 0.010974 -0.001674 0.993800 1.000000
tan 0.478083 0.591853 0.640027 1.000000
tan 0.420795 -0.484841 0.762911 1.000000
tan 0.466799 0.040858 0.886292 1.000000
tan 0.933908 0.300143 0.218550 1.000000
tan 0.471325 0.041788 0.881518 1.000000
tan 0.545539 -0.025048 0.833220 1.000000
tan 0.459049 -0.067952 0.885114 1.000000
tan 0.894414 -0.370389 0.269701 1.000000
tan 0.348193 -0.155062 0.925600 1.000000
tan 0.315147 -0.138136 0.939488 1.000000
tan 0.339141 -0.634509 0.686155 1.000000
tan -0.016926 -0.036270 0.993800 1.000000
tan 0.240932 -0.161076 0.957778 1.000000
tan 0.295989 0.130820 0.944014 1.000000
tan 0.466613 0.472193 0.743009 1.000000
tan 0.157356 0.143964 0.978238 1.000000
tan 0.400397 0.117056 0.907930 1.000000
tan 0.853432 0.392833 0.339637 1.000000
tan 0.262137 0.160518 0.949346 1.000000
tan 0.597495 0.082088 0.800483 1.000000
tan 0.943022 -0.255936 0.221278 1.000000
tan 0.682435 -0.392089 0.616963 1.000000
tan 0.522165 0.002108 0.857524 1.000000
tan 0.331205 -0.118854 0.932792 1.000000
tan 0.522909 0.013888 0.850084 1.000000
tan 0.044020 0.018662 0.996528 1.000000
tan 0.404861 0.105152 0.903156 1.000000
tan 0.077934 0.078182 0.992560 1.000000
tan 0.017236 0.003782 1.004464 1.000000
tan 0.236282 -0.141174 0.961560 1.000000
tan 0.067704 -0.066278 0.998512 1.000000
tan -0.023684 -0.041788 0.998326 1.000000
tan 0.049600 -0.061380 0.998326 1.000000
tan 0.191642 -0.164672 0.971170 1.000000
tan -0.039680 -0.049104 1.004464 1.000000
tan 0.000000 0.000000 1.004464 1.000000
tan 0.052328 0.059706 1.000124 1.000000
tan 0.195114 0.147870 0.969992 1.000000
tan 0.013950 0.019158 1.006510 1.000000
tan 0.455019 -0.578337 0.675739 1.000000
tan 0.886478 -0.356749 0.300577 1.000000
tan 0.038874 -0.040052 1.000124 1.000000
tan 0.892678 0.380929 0.268708 1.000000
tan 0.054560 -0.067518 0.998326 1.000000
tan 0.156736 -0.132928 0.984066 1.000000
tan 0.329841 0.660673 0.679459 1.000000
tan 0.153450 -0.124000 0.982268 1.000000
tan 0.188232 0.130510 0.976564 1.000000
tan 0.306653 -0.468597 0.834150 1.000000
tan 0.147312 0.119040 0.982268 1.000000
tan 0.039680 0.049104 0.998326 1.000000
tan 0.040858 0.038006 1.004464 1.000000
tan 0.997210 0.026040 -0.092752 1.000000
tan 0.897886 0.158162 -0.390477 1.000000
tan 0.997210 -0.050344 -0.112840 1.000000
tan 0.970426 0.051460 -0.225928 1.000000
tan -0.174468 0.162936 -0.975014 1.000000
tan 0.449873 0.442805 -0.774939 1.000000
tan 0.956538 -0.133920 -0.245272 1.000000
tan 0.780706 0.444665 -0.437845 1.000000
tan 0.943828 -0.035154 -0.317999 1.000000
tan 0.961808 0.136152 -0.235972 1.000000
tan 0.645421 -0.633331 -0.422965 1.000000
tan 0.954740 0.037200 -0.313969 1.000000
tan 0.999504 0.052886 -0.123504 1.000000
tan 0.957964 0.011780 -0.279745 1.000000
tan 0.184946 -0.285325 -0.940046 1.000000
tan 0.999504 -0.046748 -0.118544 1.000000
tan 0.957964 -0.011780 -0.279745 1.000000
tan 0.268895 0.280798 -0.922810 1.000000
tan 0.699361 0.578027 -0.426065 1.000000
tan 0.954740 -0.031992 -0.308203 1.000000
tan 0.961808 -0.136152 -0.235972 1.000000
tan 0.943828 0.030938 -0.311489 1.000000
tan 0.719015 -0.538223 -0.445967 1.000000
tan 0.956538 0.133920 -0.245272 1.000000
tan 0.960940 0.011036 -0.278381 1.000000
tan 0.498357 -0.632401 -0.596379 1.000000
tan 0.986112 0.111538 -0.162626 1.000000
tan 0.747535 0.160642 0.649203 1.000000
tan 0.651125 0.087792 0.752805 1.000000
tan 0.612003 0.026846 0.787649 1.000000
tan 0.743319 0.153202 0.649327 1.000000
tan 0.718147 -0.136090 0.683241 1.000000
tan 0.845558 -0.135470 0.519561 1.000000
tan 0.724595 -0.151094 0.670469 1.000000
tan 0.621365 -0.040114 0.777605 1.000000
tan 0.779962 -0.152334 0.596007 1.000000
tan 0.771282 -0.381673 0.512245 1.000000
tan 0.905450 -0.318743 0.269453 1.000000
tan 0.776489 0.156302 0.600719 1.000000
tan 0.763842 0.412301 0.486081 1.000000
tan 0.975138 0.145576 0.133052 1.000000
tan 0.644553 -0.071982 0.765019 1.000000
tan 0.600223 0.000992 0.802343 1.000000
tan 0.874016 0.047988 0.477215 1.000000
tan 0.975138 -0.168888 0.141484 1.000000
tan 0.868932 -0.072230 0.497551 1.000000
tan 0.620683 0.024862 0.782627 1.000000
tan 0.764213 -0.173848 0.619133 1.000000
tan 0.741645 -0.437411 0.505921 1.000000
tan 0.731849 0.396057 0.550809 1.000000
tan 0.715977 0.136462 0.686403 1.000000
tan 0.716969 0.129022 0.693037 1.000000
tan 0.765764 0.180234 0.621055 1.000000
tan 0.733647 -0.139934 0.665633 1.000000
tan 0.744745 -0.160642 0.645421 1.000000
tan 0.829748 0.162006 0.537913 1.000000
tan 0.911464 0.314155 0.274971 1.000000
tan 0.960940 0.210490 -0.177940 1.000000
tan 0.944510 0.122016 0.316449 1.000000
tan 0.621365 -0.040114 0.777605 1.000000
tan 0.642879 -0.076818 0.767871 1.000000
tan 0.585343 -0.021018 0.812263 1.000000
tan 0.510695 -0.109802 0.849774 1.000000
tan -1.006510 0.000000 0.000000 1.000000
tan -1.004464 0.000000 0.000000 1.000000
tan -0.994792 0.000000 0.000000 1.000000
tan -1.004464 0.000000 0.000000 1.000000
tan -1.004464 0.000000 0.000000 1.000000
tan -0.996528 0.000000 0.000000 1.000000
tan -1.004464 0.000000 0.000000 1.000000
tan -1.004464 0.000000 0.000000 1.000000
tan -1.004464 0.000000 0.000000 1.000000
tan -0.998512 0.000000 0.000000 1.000000
tan -1.006386 -0.011160 -0.000496 1.000000
tan -1.006510 -0.011036 0.001736 1.000000
tan -1.004464 0.000000 0.000000 1.000000
tan -1.004464 0.000000 0.000000 1.000000
tan -1.005022 -0.006634 -0.004278 1.000000
tan -0.998512 0.000000 0.000000 1.000000
tan -1.004464 0.000000 0.000000 1.000000
tan -1.000248 0.000930 -0.011098 1.000000
tan -1.004464 0.000000 0.000000 1.000000
tan -1.004464 0.000000 0.000000 1.000000
tan -1.004464 0.000000 0.000000 1.000000
tan -0.998512 0.000806 0.011098 1.000000
tan -1.004464 -0.006138 0.004960 1.000000
tan -1.004464 0.000000 0.000000 1.000000
tan -1.004464 -0.006138 -0.004960 1.000000
tan -1.004464 0.000000 0.000000 1.000000
tan -0.996528 0.000000 0.000000 1.000000
tan -1.004464 0.000000 0.000000 1.000000
tan -1.004464 0.000000 0.000000 1.000000
tan -0.994792 0.000000 0.000000 1.000000
tan -1.004464 0.000000 0.000000 1.000000
tan -1.001488 -0.006696 0.004154 1.000000
tan -1.004464 0.000000 0.000000 1.000000
tan -1.004464 0.000000 0.000000 1.000000
tan -1.005518 -0.011160 0.000372 1.000000
tan -1.004464 0.000000 0.000000 1.000000
tan -1.006510 0.000000 0.000000 1.000000
tan -1.006510 0.000000 0.000000 1.000000
tan -1.004464 0.000000 0.000000 1.000000
tan -1.004464 0.000000 0.000000 1.000000
tan -1.004464 0.000000 0.000000 1.000000
tan -1.004464 0.000000 0.000000 1.000000
tan -1.004464 0.000000 0.000000 1.000000
tan -0.997272 0.000000 0.000000 1.000000
tan -1.006510 -0.004650 0.006386 1.000000
tan 0.174034 0.501519 0.846364 1.000000
tan 0.023436 0.032736 1.005518 1.000000
tan 0.027652 -0.677041 0.740344 1.000000
tan 0.015004 0.009238 1.001488 1.000000
tan 0.012276 0.009920 1.004464 1.000000
tan 0.764647 0.480253 0.431149 1.000000
tan 0.006138 -0.004960 1.004464 1.000000
tan 0.000806 0.011098 0.998512 1.000000
tan 0.039804 0.059210 0.994234 1.000000
tan 0.780272 -0.461281 0.416083 1.000000
tan -0.039680 0.049104 1.004464 1.000000
tan 0.055242 -0.044640 0.998326 1.000000
tan 0.092070 0.074400 0.993366 1.000000
tan 0.274413 0.199020 0.943642 1.000000
tan -0.019840 0.024552 1.004464 1.000000
tan 0.238886 -0.183520 0.956972 1.000000
tan 0.380185 -0.089900 0.922934 1.000000
tan 0.044640 0.055242 1.004464 1.000000
tan 0.368777 0.090024 0.923058 1.000000
tan -0.018724 0.064728 1.003162 1.000000
tan 0.437597 -0.049228 0.895530 1.000000
tan 0.472317 0.597185 0.645793 1.000000
tan 0.420795 -0.484841 0.762911 1.000000
tan 0.460103 0.044392 0.886292 1.000000
tan 0.933908 0.300143 0.218550 1.000000
tan 0.415649 0.092628 0.900614 1.000000
tan 0.545539 -0.025048 0.833220 1.000000
tan 0.459049 -0.067952 0.885114 1.000000
tan 0.888028 -0.376775 0.274351 1.000000
tan 0.409759 -0.099758 0.906504 1.000000
tan 0.002914 0.017422 1.006510 1.000000
tan 0.321843 -0.134602 0.939488 1.000000
tan 0.350239 -0.634509 0.686155 1.000000
tan 0.247815 -0.157790 0.957778 1.000000
tan 0.304855 0.127534 0.947300 1.000000
tan 0.477463 0.472193 0.743009 1.000000
tan 0.154876 0.167586 0.971852 1.000000
tan 0.268833 0.156984 0.949346 1.000000
tan 0.403125 0.117056 0.912394 1.000000
tan 0.853432 0.392833 0.339637 1.000000
tan 0.252402 -0.117428 0.964722 1.000000
tan 0.597495 0.084816 0.794593 1.000000
tan 0.943022 -0.249984 0.216132 1.000000
tan 0.689069 -0.387873 0.610329 1.000000
tan 0.529047 0.007378 0.850642 1.000000
tan 0.344597 -0.111786 0.932792 1.000000
tan 0.522909 0.013888 0.850084 1.000000
tan 0.037324 0.043524 1.000434 1.000000
tan 0.410627 0.100564 0.903156 1.000000
tan 0.054188 0.088350 0.994234 1.000000
tan 0.012276 0.009920 1.004464 1.000000
tan 0.085374 -0.060946 0.997024 1.000000
tan -0.024800 -0.030690 0.998326 1.000000
tan 0.044640 -0.055242 0.998326 1.000000
tan 0.184140 -0.148800 0.976130 1.000000
tan -0.034720 -0.042966 1.004464 1.000000
tan 0.000000 0.000000 1.004464 1.000000
tan 0.035030 0.043524 1.000124 1.000000
tan 0.009300 0.012772 1.006510 1.000000
tan 0.424577 -0.610763 0.672515 1.000000
tan 0.886478 -0.364933 0.289293 1.000000
tan 0.043524 -0.046438 1.000124 1.000000
tan 0.886478 0.364933 0.289293 1.000000
tan 0.054560 -0.067518 0.998326 1.000000
tan 0.127596 -0.104966 0.978858 1.000000
tan 0.294315 0.643499 0.699299 1.000000
tan 0.073656 -0.059520 0.998326 1.000000
tan 0.161696 0.113460 0.983198 1.000000
tan 0.294811 -0.498791 0.812822 1.000000
tan 0.067518 0.054560 0.998326 1.000000
tan 0.049600 0.061380 0.998326 1.000000
tan 0.190278 0.153760 0.976130 1.000000
tan 0.751069 0.170004 0.632773 1.000000
tan 0.651125 0.087792 0.752805 1.000000
tan 0.612003 0.030132 0.793602 1.000000
tan 0.752991 0.166470 0.633021 1.000000
tan 0.721123 -0.143158 0.673197 1.000000
tan 0.856594 -0.143220 0.496869 1.000000
tan 0.730485 -0.163370 0.669663 1.000000
tan 0.621365 -0.036456 0.782565 1.000000
tan 0.790812 -0.163990 0.586831 1.000000
tan 0.777606 -0.376961 0.505921 1.000000
tan 0.916548 -0.312729 0.264369 1.000000
tan 0.774940 0.412239 0.486143 1.000000
tan 0.787340 0.167586 0.591295 1.000000
tan 0.975138 0.139376 0.128216 1.000000
tan 0.641143 -0.071982 0.761671 1.000000
tan 0.886788 0.053816 0.457499 1.000000
tan 0.975138 -0.168888 0.141484 1.000000
tan 0.620683 0.027962 0.788889 1.000000
tan 0.600223 0.003968 0.808481 1.000000
tan 0.876744 -0.075454 0.472565 1.000000
tan 0.768925 -0.187116 0.609709 1.000000
tan 0.741645 -0.437411 0.505921 1.000000
tan 0.721867 0.148614 0.685659 1.000000
tan 0.715109 0.139810 0.682931 1.000000
tan 0.767685 0.187116 0.609957 1.000000
tan 0.742885 0.395933 0.550933 1.000000
tan 0.737057 -0.149420 0.649327 1.000000
tan 0.752930 -0.177320 0.632773 1.000000
tan 0.840722 0.169632 0.515407 1.000000
tan 0.905450 0.314155 0.274908 1.000000
tan 0.955856 0.228532 -0.193192 1.000000
tan 0.950338 0.127224 0.278132 1.000000
tan 0.626325 -0.045012 0.777605 1.000000
tan 0.642879 -0.076818 0.767871 1.000000
tan 0.580383 -0.029574 0.817223 1.000000
tan 0.500403 -0.120900 0.860810 1.000000
tan -1.004464 0.000000 0.000000 1.000000
tan -0.994792 0.000000 0.000000 1.000000
tan -1.006510 0.000000 0.000000 1.000000
tan -1.004464 0.000000 0.000000 1.000000
tan -0.996528 -0.006634 0.004216 1.000000
tan -1.004464 0.000000 0.000000 1.000000
tan -1.004464 0.000000 0.000000 1.000000
tan -0.998512 0.000000 0.000000 1.000000
tan -1.004464 0.000000 0.000000 1.000000
tan -1.004464 0.000000 0.000000 1.000000
tan -1.004464 0.000000 0.000000 1.000000
tan -0.998512 0.000000 0.000000 1.000000
tan -1.004464 0.000000 0.000000 1.000000
tan -1.004464 0.000000 0.000000 1.000000
tan -0.994792 0.000000 0.000000 1.000000
tan -1.006510 0.000000 0.000000 1.000000
tan -0.996528 0.000000 0.000000 1.000000
tan -1.004464 0.000000 0.000000 1.000000
tan -0.998512 0.000000 0.000000 1.000000
tan -1.004464 0.000000 0.000000 1.000000
tan -1.004464 0.000000 0.000000 1.000000
tan -1.004464 0.000000 0.000000 1.000000
tan -0.998512 0.000000 0.000000 1.000000
tan -1.004464 0.000000 0.000000 1.000000
tan -1.004464 0.000000 0.000000 1.000000
tan -1.004464 0.000000 0.000000 1.000000
tan -1.004464 0.000000 0.000000 1.000000
tan -0.996528 0.000000 0.000000 1.000000
tan -1.004464 0.000000 0.000000 1.000000
tan -0.996528 0.000000 0.000000 1.000000
tan -1.004464 0.000000 0.000000 1.000000
tan -1.006386 0.000000 0.000000 1.000000
tan -1.004464 0.000000 0.000000 1.000000
tan -1.004464 0.000000 0.000000 1.000000
tan -0.994792 0.000000 0.000000 1.000000
tan -1.004464 0.000000 0.000000 1.000000
tan -1.006510 -0.004650 0.006386 1.000000
tan -1.004464 0.000000 0.000000 1.000000
tan -1.006510 0.000000 0.000000 1.000000
tan -1.004464 0.000000 0.000000 1.000000
tan -1.004464 0.000000 0.000000 1.000000
tan -1.006510 0.000000 0.000000 1.000000
tan -1.004464 0.000000 0.000000 1.000000
tan -1.004464 0.000000 0.000000 1.000000
tan -1.006510 0.000000 0.000000 1.000000
tan 0.159588 -0.318246 0.937690 1.000000
tan 0.076570 -0.055800 0.998512 1.000000
tan 0.101246 0.392585 0.911464 1.000000
tan 0.026908 0.029822 0.996838 1.000000
tan 0.007316 -0.016058 1.004464 1.000000
tan 0.471139 -0.155682 0.871412 1.000000
tan 0.011098 -0.001178 1.004464 1.000000
tan 0.019034 0.035402 1.002232 1.000000
tan -0.039742 0.059210 1.000248 1.000000
tan 0.402319 0.234919 0.892616 1.000000
tan 0.025916 0.019344 0.992250 1.000000
tan 0.029946 -0.012276 0.993800 1.000000
tan 0.161944 0.307645 0.937690 1.000000
tan -0.030938 0.025730 1.004464 1.000000
tan -0.029512 0.013702 1.004464 1.000000
tan 0.036518 0.041974 0.998512 1.000000
tan 0.196168 -0.323516 0.926158 1.000000
tan -0.019592 -0.025978 1.004464 1.000000
tan -0.001364 0.011036 0.997210 1.000000
tan 0.488747 -0.151404 0.868002 1.000000
tan 0.470209 0.175088 0.867010 1.000000
tan 0.001178 -0.011098 1.004464 1.000000
tan 0.011036 -0.001364 0.997210 1.000000
tan 0.278939 0.276645 0.917664 1.000000
tan 0.017050 -0.004340 0.998512 1.000000
tan -0.001116 -0.011036 0.992250 1.000000
tan 0.001178 -0.011098 1.004464 1.000000
tan 0.012276 -0.009920 1.004464 1.000000
tan 0.004960 -0.006138 1.004464 1.000000
tan 0.011098 -0.000062 0.993304 1.000000
tan 0.015500 -0.008370 1.000992 1.000000
tan -0.015500 -0.008370 1.000992 1.000000
tan -0.004960 -0.006138 1.004464 1.000000
tan 0.000000 0.011160 1.004402 1.000000
tan -0.006138 -0.004960 1.004464 1.000000
tan -0.002294 0.010850 0.991816 1.000000
tan 0.000000 0.000000 1.004464 1.000000
tan -0.792796 -0.454275 0.401017 1.000000
tan -0.307645 -0.483539 0.820324 1.000000
tan -0.014880 0.018228 0.992250 1.000000
tan -0.034658 0.053196 1.000248 1.000000
tan 0.014880 0.018414 1.004464 1.000000
tan -0.016244 -0.006758 0.998512 1.000000
tan -0.780272 0.467171 0.421291 1.000000
tan -0.340009 0.499473 0.790935 1.000000
tan -0.028272 0.001116 0.993242 1.000000
tan 0.000000 0.000000 1.004464 1.000000
tan 0.006138 -0.004960 1.004464 1.000000
tan -0.005456 0.016678 0.993304 1.000000
tan 0.009920 0.012152 0.992250 1.000000
tan -0.007750 0.181102 0.984252 1.000000
tan 0.000000 0.023622 1.000000 1.000000
tan 0.041168 0.047616 0.998512 1.000000
tan -0.984252 0.196850 -0.000000 1.000000
tan -0.005766 -0.005394 1.005518 1.000000
tan -0.686155 0.547585 0.473433 1.000000
tan -0.070556 -0.035526 0.996528 1.000000
tan -0.067146 0.024800 1.000124 1.000000
tan -0.226672 0.522785 0.822617 1.000000
tan -0.052328 0.036270 1.002232 1.000000
tan -0.216628 -0.661169 0.714985 1.000000
tan -0.967202 -0.191580 0.150350 1.000000
tan 0.026040 -0.029450 0.997024 1.000000
tan -0.249426 -0.415339 0.874822 1.000000
tan -0.629053 -0.710273 0.321347 1.000000
tan -0.806002 -0.192324 -0.565751 1.000000
tan -0.007688 -0.228346 0.976378 1.000000
tan -0.007874 -0.086614 1.000000 1.000000
tan -1.000000 -0.023622 0.007874 1.000000
tan 0.028582 -0.047926 1.004464 1.000000
tan -0.407899 0.688387 0.599417 1.000000
tan -0.319797 0.486825 0.813689 1.000000
tan -0.000496 -0.031496 1.000248 1.000000
tan -0.013268 -0.008432 0.996528 1.000000
tan 0.000000 0.000000 1.004464 1.000000
tan 0.000000 0.000000 1.004464 1.000000
tan 0.000000 0.000000 1.004464 1.000000
tan 0.000000 0.000000 1.004464 1.000000
tan 0.000000 0.000000 1.004464 1.000000
tan 0.000000 0.000000 1.002232 1.000000
tan 0.000000 0.000000 1.002232 1.000000
tan 0.000000 0.000000 1.004464 1.000000
tan 0.000000 0.000000 0.990576 1.000000
tan 0.000000 0.000000 1.004464 1.000000
tan 0.000000 0.000000 0.995784 1.000000
tan 0.000000 0.000000 1.004464 1.000000
tan 0.000000 0.000000 0.998512 1.000000
tan 0.000000 0.000000 1.004464 1.000000
tan 0.000000 0.000000 1.004464 1.000000
tan 0.000000 0.000000 1.004464 1.000000
tan 0.000000 0.000000 1.004464 1.000000
tan 0.000000 0.000000 1.006944 1.000000
tan 0.000000 0.000000 1.004464 1.000000
tan -0.005828 -0.005270 0.995784 1.000000
tan 0.000000 0.000000 1.004464 1.000000
tan 0.000000 0.000000 1.006944 1.000000
tan 0.000000 0.000000 0.998512 1.000000
tan 0.000000 0.000000 1.004464 1.000000
tan -0.049104 0.039184 0.994606 1.000000
tan 0.000000 0.000000 1.004464 1.000000
tan 0.000000 0.000000 0.990576 1.000000
tan 0.000000 0.000000 1.004464 1.000000
tan 0.000000 0.000000 1.004464 1.000000
tan 0.000000 0.000000 1.002232 1.000000
tan 0.000000 0.000000 1.004464 1.000000
tan 0.000000 0.000000 1.004464 1.000000
tan -0.001488 -0.094488 0.992374 1.000000
tan -0.471883 -0.747907 0.465931 1.000000
tan -0.374605 -0.700477 0.609523 1.000000
tan -0.410193 -0.462025 0.787402 1.000000
tan -0.836382 -0.415029 -0.350115 1.000000
tan -0.010168 0.504681 0.868374 1.000000
tan -0.006634 -0.677909 0.732780 1.000000
tan -0.006324 0.027590 0.994048 1.000000
tan -0.005518 0.024366 1.006696 1.000000
tan -0.007316 0.016058 1.004464 1.000000
tan -0.004960 0.006138 1.004464 1.000000
tan -0.004960 0.006138 1.004464 1.000000
tan 0.015810 -0.007750 1.000062 1.000000
tan -0.022072 -0.002976 1.000062 1.000000
tan -0.006138 0.004960 1.004464 1.000000
tan -0.012276 -0.009920 1.004464 1.000000
tan 0.031620 0.023560 1.003162 1.000000
tan -0.014880 0.018414 1.004464 1.000000
tan 0.017856 -0.015438 0.998512 1.000000
tan 0.047988 -0.377767 0.921322 1.000000
tan 0.158472 0.357307 0.917540 1.000000
tan 0.000000 0.000000 0.997210 1.000000
tan 0.485089 0.153078 0.857090 1.000000
tan 0.014880 0.018414 1.004464 1.000000
tan 0.004836 0.006200 0.997210 1.000000
tan 0.470209 -0.171430 0.862050 1.000000
tan 0.164052 -0.353277 0.924174 1.000000
tan 0.035712 0.030876 0.998512 1.000000
tan 0.159588 0.318247 0.937690 1.000000
tan 0.004960 0.006138 1.004464 1.000000
tan -0.068448 -0.042532 0.999752 1.000000
tan 0.037944 -0.028272 1.003162 1.000000
tan 0.460847 0.170438 0.870730 1.000000
tan 0.030690 0.024800 1.004464 1.000000
tan 0.007316 0.016058 1.004464 1.000000
tan 0.030690 -0.024800 1.004464 1.000000
tan 0.015066 -0.018042 0.990142 1.000000
tan 0.452787 -0.188666 0.871102 1.000000
tan 0.252961 -0.260710 0.933846 1.000000
tan 0.006324 0.004712 1.003162 1.000000
tan -0.005022 -0.006014 0.990142 1.000000
tan 0.000000 0.000000 1.004464 1.000000
tan 0.014880 -0.018414 1.004464 1.000000
tan -0.014880 -0.018414 1.004464 1.000000
tan -0.014880 -0.018414 1.004464 1.000000
tan -0.011098 0.001178 1.004464 1.000000
tan 0.011098 0.001178 1.004464 1.000000
tan 0.019840 -0.024552 0.998326 1.000000
tan -0.037820 -0.019034 0.997024 1.000000
tan -0.052824 -0.004464 0.999938 1.000000
tan -0.324261 0.463885 0.827701 1.000000
tan -0.772522 0.462025 0.455577 1.000000
tan -0.766012 -0.506045 0.402629 1.000000
tan 0.011098 -0.000930 1.000248 1.000000
tan -0.083452 0.073904 0.996094 1.000000
tan -0.255626 -0.523963 0.813194 1.000000
tan -0.121768 0.669601 0.737553 1.000000
tan 0.020894 1.001488 0.013578 1.000000
tan -0.266911 0.955608 -0.067270 1.000000
tan -0.014136 1.000186 -0.006944 1.000000
tan -0.150226 0.990452 -0.004030 1.000000
tan -0.046252 0.761361 0.651373 1.000000
tan 0.232686 0.674933 0.705685 1.000000
tan 0.017236 0.735011 0.676545 1.000000
tan 0.248186 0.725773 0.643003 1.000000
tan 0.181660 0.947362 0.244900 1.000000
tan 0.082646 0.918966 0.402071 1.000000
tan -0.109554 0.890756 0.434683 1.000000
tan -0.146630 0.940666 0.303924 1.000000
tan 0.015438 0.953500 0.299956 1.000000
tan 0.060016 0.948850 0.302064 1.000000
tan -0.007812 0.945254 0.330709 1.000000
tan -0.088412 0.932730 0.350797 1.000000
tan -0.289975 0.769855 0.562465 1.000000
tan -0.295183 0.794222 0.519127 1.000000
tan 0.194556 0.981462 0.063860 1.000000
tan 0.275653 0.951144 0.132990 1.000000
tan 0.108252 0.748465 0.651621 1.000000
tan 0.305785 0.666997 0.674189 1.000000
tan -0.197346 0.979850 -0.003162 1.000000
tan -0.244032 0.965156 -0.061504 1.000000
tan -0.135656 0.947362 0.293074 1.000000
tan -0.058466 0.945874 0.317750 1.000000
tan -0.066960 0.953810 0.274536 1.000000
tan 0.041044 0.923554 0.381983 1.000000
tan 0.062248 0.890756 0.446649 1.000000
tan 0.021390 0.907310 0.425197 1.000000
tan 0.020832 0.899498 0.440945 1.000000
tan 0.388741 0.901606 0.190960 1.000000
tan 0.440573 0.894414 0.121892 1.000000
tan -0.265981 0.767066 0.595573 1.000000
tan -0.033232 0.885238 0.476905 1.000000
tan -0.372621 0.816976 0.450989 1.000000
tan 0.000000 -1.006200 0.000000 1.000000
tan 0.000000 -1.002232 0.000000 1.000000
tan 0.000000 -1.002232 0.000000 1.000000
tan 0.000000 -1.002232 0.000000 1.000000
tan 0.000000 -1.006200 0.000000 1.000000
tan 0.000000 -1.006200 0.000000 1.000000
tan 0.000000 -1.002232 0.000000 1.000000
tan 0.000000 -1.002232 0.000000 1.000000
tan 0.000000 -1.002232 0.000000 1.000000
tan 0.000000 -1.006200 0.000000 1.000000
tan 0.000000 -1.006200 0.000000 1.000000
tan 0.000000 -1.006200 0.000000 1.000000
tan 0.000000 -1.002232 0.000000 1.000000
tan 0.000000 -1.002232 0.000000 1.000000
tan 0.000000 -1.002232 0.000000 1.000000
tan 0.000000 -1.006200 0.000000 1.000000
tan 0.000000 -1.006200 0.000000 1.000000
tan 0.000000 -1.006200 0.000000 1.000000
tan 0.000000 -1.002232 0.000000 1.000000
tan 0.000000 -1.002232 0.000000 1.000000
tan 0.000000 -1.002232 0.000000 1.000000
tan 0.000000 -1.006200 0.000000 1.000000
tan 0.000000 -1.006200 0.000000 1.000000
tan 0.000000 -1.006200 0.000000 1.000000
tan 0.000000 -1.002232 0.000000 1.000000
tan 0.000000 -1.002232 0.000000 1.000000
tan 0.000000 -1.002232 0.000000 1.000000
tan 0.031496 -0.749520 -0.665385 1.000000
tan 0.345837 -0.726145 -0.602021 1.000000
tan 0.046252 -0.742265 -0.663277 1.000000
tan 0.245954 -0.741831 -0.630045 1.000000
tan 0.007192 -1.007502 -0.008556 1.000000
tan 0.083824 -0.901730 -0.434559 1.000000
tan 0.064480 -0.946122 -0.322897 1.000000
tan -0.217992 -0.970550 -0.030194 1.000000
tan -0.023250 -0.993552 -0.003720 1.000000
tan -0.295121 -0.953686 -0.111600 1.000000
tan -0.090768 -0.876000 -0.472751 1.000000
tan 0.055366 -0.935210 -0.367165 1.000000
tan 0.015004 -0.952756 -0.307086 1.000000
tan -0.019840 -0.944882 -0.316944 1.000000
tan 0.010416 -0.945626 -0.330709 1.000000
tan 0.118668 -0.938930 -0.334677 1.000000
tan -0.231694 -0.747845 -0.621675 1.000000
tan -0.283093 -0.742203 -0.614545 1.000000
tan 0.194556 -0.978362 -0.027838 1.000000
tan 0.286751 -0.953562 0.045880 1.000000
tan -0.194432 -0.981710 -0.030938 1.000000
tan -0.265609 -0.961064 -0.100440 1.000000
tan 0.053320 -0.938062 -0.333251 1.000000
tan 0.191952 -0.755471 -0.629735 1.000000
tan 0.295555 -0.735197 -0.615847 1.000000
tan 0.055056 -0.932978 -0.354889 1.000000
tan -0.033852 -0.957530 -0.290160 1.000000
tan 0.093372 -0.961064 -0.268274 1.000000
tan 0.062062 -0.943332 -0.341807 1.000000
tan -0.009362 -0.909976 -0.420113 1.000000
tan 0.034038 -0.877922 -0.480315 1.000000
tan 0.426251 -0.898072 0.068200 1.000000
tan 0.519127 -0.856532 -0.051708 1.000000
tan -0.197036 -0.741273 -0.638849 1.000000
tan -0.020708 -0.863414 -0.502077 1.000000
tan -0.433505 -0.706181 -0.549755 1.000000
tan 0.575361 -0.814062 -0.097650 1.000000
tan 0.472999 -0.869056 -0.174158 1.000000
tan 0.638353 -0.762167 -0.027838 1.000000
tan 0.556265 -0.822990 -0.119226 1.000000
tan 0.160704 -0.983942 0.099696 1.000000
tan 0.013640 -1.004154 0.007936 1.000000
tan -0.040796 -0.995784 -0.036890 1.000000
tan 0.040362 -1.005518 0.037758 1.000000
tan 0.051584 -0.997334 -0.088660 1.000000
tan 0.518817 -0.859074 0.031744 1.000000
tan 0.509145 -0.864902 0.049662 1.000000
tan 0.049972 -0.995350 -0.089466 1.000000
tan 0.259781 -0.932730 0.244281 1.000000
tan 0.195548 -0.959824 -0.228532 1.000000
tan 0.242420 -0.929196 -0.268088 1.000000
tan 0.355137 -0.915494 0.178560 1.000000
tan 0.266601 -0.931490 -0.269576 1.000000
tan 0.229524 -0.926406 -0.301816 1.000000
tan 0.298593 -0.941162 0.159960 1.000000
tan 0.313721 -0.933722 0.182528 1.000000
tan 0.502201 -0.840474 -0.165912 1.000000
tan 0.518011 -0.837126 -0.157852 1.000000
tan 0.588319 -0.798934 -0.107446 1.000000
tan 0.076570 -0.997024 0.067704 1.000000
tan 0.034968 -0.995784 0.031620 1.000000
tan 0.011904 -1.004154 -0.020460 1.000000
tan 0.544981 -0.836630 -0.019716 1.000000
tan 0.049104 -0.995846 -0.081096 1.000000
tan 0.115940 -0.984686 -0.128216 1.000000
tan 0.426065 -0.905326 0.087172 1.000000
tan 0.491785 -0.876186 0.026474 1.000000
tan 0.377271 -0.902412 -0.214830 1.000000
tan 0.303615 -0.915804 -0.277264 1.000000
tan 0.314713 -0.927150 0.195238 1.000000
tan 0.198648 -0.959886 -0.203112 1.000000
tan 0.238700 -0.962118 0.138880 1.000000
tan -0.860562 0.156240 -0.486577 1.000000
tan -0.761362 0.391841 -0.512121 1.000000
tan -0.929568 0.280923 -0.241676 1.000000
tan -0.790998 0.182094 -0.582119 1.000000
tan -0.793540 -0.386695 -0.467109 1.000000
tan -0.746729 -0.162688 -0.633021 1.000000
tan -0.650133 -0.088784 -0.750325 1.000000
tan -0.614979 -0.036642 -0.786471 1.000000
tan -0.789014 -0.208754 -0.567673 1.000000
tan -0.983570 -0.124062 -0.108934 1.000000
tan -0.719201 0.154194 -0.666625 1.000000
tan -0.702523 -0.115692 -0.705685 1.000000
tan -0.301321 -0.364561 -0.879100 1.000000
tan -0.513485 -0.386385 -0.755471 1.000000
tan -0.689565 0.116002 -0.715605 1.000000
tan -0.517825 0.447703 -0.730547 1.000000
tan -0.156736 0.198400 -0.973650 1.000000
tan -0.643933 0.081840 -0.752185 1.000000
tan -0.615599 0.036642 -0.796081 1.000000
tan -0.907558 -0.050468 -0.408333 1.000000
tan -0.627875 -0.043400 -0.780023 1.000000
tan -0.597929 -0.014260 -0.802033 1.000000
tan -0.146940 -0.186000 -0.973650 1.000000
tan -0.511873 -0.442557 -0.736499 1.000000
tan -0.902660 0.064170 -0.418129 1.000000
tan -0.977432 0.148614 -0.128464 1.000000
tan -0.689565 -0.112964 -0.721557 1.000000
tan -0.519747 0.391097 -0.755471 1.000000
tan -0.777110 0.226796 -0.585529 1.000000
tan -0.765330 0.412301 -0.497055 1.000000
tan -0.716287 -0.144026 -0.682621 1.000000
tan -0.767809 -0.205096 -0.605369 1.000000
tan -0.717217 -0.421105 -0.549073 1.000000
tan -0.708847 0.114638 -0.701035 1.000000
tan -0.737057 0.149420 -0.649327 1.000000
tan -0.849898 -0.175212 -0.499597 1.000000
tan -0.913448 -0.311427 -0.266724 1.000000
tan -0.951764 -0.235662 0.185070 1.000000
tan -0.957654 -0.123876 -0.270196 1.000000
tan -0.625023 0.050220 -0.770413 1.000000
tan -0.568355 0.040176 -0.820448 1.000000
tan -0.443487 0.195610 -0.877240 1.000000
tan -0.660177 0.109492 -0.746295 1.000000
tan -0.256122 0.309876 -0.923492 1.000000
tan 0.170748 0.206584 -0.962862 1.000000
tan -0.945688 0.255192 -0.210924 1.000000
tan -0.806622 0.097712 -0.579763 1.000000
tan -0.985058 0.139748 0.115506 1.000000
tan -0.736313 0.034968 -0.665137 1.000000
tan -0.806002 0.353401 -0.474301 1.000000
tan -0.765330 0.007502 -0.643251 1.000000
tan -0.755162 0.009486 -0.653419 1.000000
tan -0.779218 -0.016492 -0.629301 1.000000
tan -0.771282 -0.017360 -0.642941 1.000000
tan -0.776552 0.023994 -0.629053 1.000000
tan -0.791990 -0.396243 -0.458305 1.000000
tan -0.768553 0.014074 -0.649513 1.000000
tan -0.968938 -0.179800 -0.140244 1.000000
tan -0.761362 0.006200 -0.644801 1.000000
tan -0.756526 0.005828 -0.651001 1.000000
tan -0.756526 0.002542 -0.649637 1.000000
tan -0.761362 -0.006200 -0.644801 1.000000
tan -0.968938 0.186000 -0.145080 1.000000
tan -0.763284 -0.006882 -0.645731 1.000000
tan -0.770600 -0.016740 -0.635005 1.000000
tan -0.791990 0.396243 -0.458305 1.000000
tan -0.769545 0.010292 -0.642941 1.000000
tan -0.806002 -0.353401 -0.474301 1.000000
tan -0.779218 0.012896 -0.635625 1.000000
tan -0.760246 -0.000992 -0.648335 1.000000
tan -0.760990 -0.000992 -0.648955 1.000000
tan -0.873024 -0.376713 -0.311365 1.000000
tan -0.102548 -0.109244 -0.989150 1.000000
tan -0.562837 -0.328477 -0.763841 1.000000
tan -0.866142 -0.161944 -0.473805 1.000000
tan 0.019406 -0.035154 -1.000248 1.000000
tan 0.139624 0.149730 -0.976316 1.000000
tan -0.030318 0.011656 -1.000992 1.000000
tan -0.196106 -0.428793 -0.879906 1.000000
tan -0.035216 0.052762 -0.998512 1.000000
tan 0.974146 0.160580 -0.120280 1.000000
tan 0.651745 0.465373 -0.585529 1.000000
tan 0.043772 -0.019902 -0.998202 1.000000
tan 0.221836 0.497861 -0.830740 1.000000
tan -0.017670 -0.015624 -0.997024 1.000000
tan -0.192944 0.512989 -0.841466 1.000000
tan -0.653357 0.252712 -0.720255 1.000000
tan 0.040238 0.025792 -0.995784 1.000000
tan 0.218736 -0.610701 -0.758757 1.000000
tan -0.011036 -0.001488 -1.000062 1.000000
tan 0.015686 0.007812 -0.990576 1.000000
tan 0.819518 -0.316697 -0.471387 1.000000
tan 0.819518 0.316697 -0.471387 1.000000
tan 0.015686 -0.007812 -0.990576 1.000000
tan 0.218736 0.610701 -0.758757 1.000000
tan -0.011036 0.001488 -1.000062 1.000000
tan -0.651249 -0.252713 -0.715605 1.000000
tan 0.040238 -0.025792 -0.995784 1.000000
tan 0.211110 -0.503255 -0.836072 1.000000
tan -0.017670 0.015624 -0.997024 1.000000
tan -0.192944 -0.512989 -0.841465 1.000000
tan -0.182900 0.427987 -0.883564 1.000000
tan 0.036952 0.015500 -0.996094 1.000000
tan 0.430343 -0.614793 -0.657759 1.000000
tan 0.016244 0.006758 -0.998512 1.000000
tan -0.023870 -0.007130 -1.000992 1.000000
tan -0.392957 0.470457 -0.786781 1.000000
tan -0.006014 0.005084 -1.000248 1.000000
tan 0.218364 0.512245 -0.834398 1.000000
tan 0.010292 -0.011904 -0.998512 1.000000
tan 0.427925 0.629921 -0.651807 1.000000
tan 0.043772 -0.019468 -1.000434 1.000000
tan 0.217124 -0.622915 -0.752557 1.000000
tan -0.012772 0.009176 -0.997272 1.000000
tan 0.000000 -0.000000 -1.000248 1.000000
tan -0.377705 -0.442495 -0.811891 1.000000
tan -0.178064 -0.412487 -0.898444 1.000000
tan -0.017856 -0.015624 -1.008866 1.000000
tan -0.181102 0.475107 -0.860872 1.000000
tan 0.034968 0.031620 -0.995784 1.000000
tan -0.004836 -0.006262 -1.009672 1.000000
tan -0.611941 0.225122 -0.754417 1.000000
tan -0.611941 -0.223077 -0.760369 1.000000
tan 0.015748 0.007936 -1.003162 1.000000
tan 0.837002 -0.332817 -0.433753 1.000000
tan 0.834708 0.328725 -0.437845 1.000000
tan 0.000000 -0.000000 -1.009672 1.000000
tan -0.182838 -0.464753 -0.867816 1.000000
tan 0.020460 -0.014260 -1.003162 1.000000
tan 0.034968 -0.031620 -0.995784 1.000000
tan 0.217124 0.622915 -0.752557 1.000000
tan -0.017856 0.015624 -1.008866 1.000000
tan -0.181102 0.402319 -0.898444 1.000000
tan 0.050344 0.023808 -1.000434 1.000000
tan 0.233988 -0.502759 -0.835328 1.000000
tan 0.662843 -0.483415 -0.574927 1.000000
tan -0.019158 -0.013764 -0.997272 1.000000
tan -0.530349 0.305413 -0.789944 1.000000
tan -0.041168 -0.047616 -0.998512 1.000000
tan 0.985244 -0.163122 -0.076074 1.000000
tan 0.138942 -0.160704 -0.976316 1.000000
tan -0.086428 0.102238 -0.989150 1.000000
tan -0.827330 0.149358 -0.538843 1.000000
tan 0.025420 0.030070 -1.000248 1.000000
tan -1.000000 0.000000 0.000000 1.000000
tan -1.000000 0.000000 0.000000 1.000000
tan -0.998512 0.000000 0.000000 1.000000
tan -1.004464 0.000000 0.000000 1.000000
tan -1.000000 0.000000 0.000000 1.000000
tan -1.004464 0.000000 0.000000 1.000000
tan -0.996528 0.000000 0.000000 1.000000
tan -1.004464 0.000000 0.000000 1.000000
tan -1.000000 0.000000 0.000000 1.000000
tan -1.004464 0.000000 0.000000 1.000000
tan -0.994792 0.000000 0.000000 1.000000
tan -1.004464 0.000000 0.000000 1.000000
tan -1.004464 0.000000 0.000000 1.000000
tan -1.000000 0.000000 0.000000 1.000000
tan -0.998512 0.000000 0.000000 1.000000
tan -1.004464 0.000000 0.000000 1.000000
tan -0.996528 0.000000 0.000000 1.000000
tan -1.004464 0.000000 0.000000 1.000000
tan -1.004464 0.000000 0.000000 1.000000
tan -0.994792 0.000000 0.000000 1.000000
tan -1.004464 0.000000 0.000000 1.000000
tan -1.006510 0.000000 0.000000 1.000000
tan -1.000000 0.000000 0.000000 1.000000
tan -1.000000 0.000000 0.000000 1.000000
tan -1.004464 0.000000 0.000000 1.000000
tan -1.000000 0.000000 0.000000 1.000000
tan -1.000000 0.000000 0.000000 1.000000
tan -1.004464 0.000000 0.000000 1.000000
tan -1.000000 0.000000 0.007874 1.000000
tan -0.993800 0.004650 0.006324 1.000000
tan 0.005952 0.005146 0.998512 1.000000
tan 0.000000 0.000000 1.000000 1.000000
tan 0.007874 0.000000 1.000000 1.000000
tan 0.000000 0.000000 1.004464 1.000000
tan 0.000000 0.000000 1.000000 1.000000
tan 0.000000 0.000000 1.000000 1.000000
tan 0.006386 0.004650 1.006510 1.000000
tan 0.000000 0.000000 1.004464 1.000000
tan 0.000000 0.000000 0.994792 1.000000
tan 0.000000 0.000000 1.004464 1.000000
tan 0.000000 0.000000 0.996528 1.000000
tan 0.000000 0.000000 1.004464 1.000000
tan 0.004216 0.006634 0.996528 1.000000
tan 0.000000 0.000000 1.004464 1.000000
tan 0.000000 0.000000 0.998512 1.000000
tan 0.000000 0.000000 1.004464 1.000000
tan 0.000000 0.000000 1.006386 1.000000
tan 0.000000 0.000000 1.004464 1.000000
tan 0.000000 0.000000 1.000000 1.000000
tan 0.000000 0.000000 1.000000 1.000000
tan 0.000000 0.000000 1.004464 1.000000
tan 0.006324 -0.004650 0.993800 1.000000
tan 0.000000 0.000000 1.000000 1.000000
tan 0.007874 0.000000 1.000000 1.000000
tan 0.019716 -1.000434 -0.013020 1.000000
tan 0.095356 -0.993366 0.105586 1.000000
tan -0.123008 -0.975138 0.162874 1.000000
tan 0.007998 -1.007440 0.022320 1.000000
tan 0.629797 -0.778473 -0.000496 1.000000
tan 0.185318 -0.927026 0.340257 1.000000
tan 0.314465 -0.913882 0.247381 1.000000
tan 0.616715 -0.780085 -0.059272 1.000000
tan 0.790750 -0.608345 -0.094364 1.000000
tan 0.598797 -0.791246 -0.122078 1.000000
tan 0.466117 -0.817038 -0.338645 1.000000
tan 0.495381 -0.835080 -0.255440 1.000000
tan 0.302189 -0.949842 0.101928 1.000000
tan 0.302065 -0.944634 0.080786 1.000000
tan 0.393329 -0.909046 -0.112840 1.000000
tan 0.325315 -0.909542 -0.262880 1.000000
tan 0.470953 -0.880402 0.101432 1.000000
tan 0.447207 -0.880154 0.105462 1.000000
tan 0.656767 -0.744249 0.105276 1.000000
tan 0.220224 -0.966396 -0.121024 1.000000
tan 0.128960 -0.982268 -0.159588 1.000000
tan 0.635191 -0.768801 0.017670 1.000000
tan -0.000558 -1.007440 -0.024986 1.000000
tan -0.080476 -0.993366 -0.087172 1.000000
tan 0.256618 -0.937070 0.219047 1.000000
tan 0.198710 -0.937194 0.294563 1.000000
tan 0.268647 -0.947796 -0.207514 1.000000
tan 0.483601 -0.841466 -0.235352 1.000000
tan 0.499783 -0.815798 -0.267654 1.000000
tan 0.340009 -0.942526 0.054684 1.000000
tan 0.307335 -0.945564 -0.121582 1.000000
tan 0.040796 -0.992250 -0.037572 1.000000
tan 0.276025 -0.943642 -0.182280 1.000000
tan 0.348999 -0.927522 0.110732 1.000000
tan 0.598673 -0.805009 0.029512 1.000000
tan 0.506665 -0.855602 0.088784 1.000000
tan -0.062868 -0.991010 0.080600 1.000000
tan 0.124000 -0.982268 0.153450 1.000000
tan -0.183520 -0.953934 0.227107 1.000000
tan 0.087048 -0.986174 0.111600 1.000000
tan 0.690371 -0.722425 -0.096782 1.000000
tan 0.244032 -0.948168 0.210987 1.000000
tan 0.306901 -0.925600 0.248001 1.000000
tan 0.539525 -0.830306 -0.136276 1.000000
tan 0.784674 -0.557567 -0.283092 1.000000
tan 0.504743 -0.848100 -0.173290 1.000000
tan 0.353277 -0.902970 -0.250976 1.000000
tan 0.215512 -0.925104 -0.302870 1.000000
tan 0.341125 -0.913758 0.232687 1.000000
tan 0.298159 -0.906876 0.283465 1.000000
tan 0.303553 -0.924298 -0.226176 1.000000
tan 0.300763 -0.925600 -0.243040 1.000000
tan 0.571145 -0.822184 0.099262 1.000000
tan 0.601029 -0.794097 0.054374 1.000000
tan 0.629735 -0.783929 -0.019096 1.000000
tan 0.060264 -0.996156 -0.072912 1.000000
tan 0.024800 -1.004464 -0.030690 1.000000
tan 0.029760 -1.004464 0.036828 1.000000
tan 0.581313 -0.812015 -0.082274 1.000000
tan 0.362887 -0.904396 -0.238638 1.000000
tan 0.070308 -0.996156 0.085064 1.000000
tan 0.288487 -0.931738 0.233121 1.000000
tan 0.369397 -0.904768 -0.212102 1.000000
tan 0.303553 -0.924298 0.226177 1.000000
tan 0.270073 -0.936698 -0.218240 1.000000
tan 0.307955 -0.920082 0.258355 1.000000
tan 0.238080 -0.948168 -0.205840 1.000000
tan 0.029760 -1.004464 -0.036828 1.000000
tan 0.145080 -0.968938 -0.186000 1.000000
tan 0.389919 -0.888834 0.230765 1.000000
tan 0.610887 -0.795523 0.049600 1.000000
tan 0.544423 -0.825408 0.127596 1.000000
tan -0.053196 -0.997210 0.068200 1.000000
tan 0.124000 -0.982268 0.153450 1.000000
tan -0.188480 -0.953934 0.233245 1.000000
tan 0.087048 -0.991010 0.111600 1.000000
tan 0.691611 -0.722425 -0.088846 1.000000
tan 0.249984 -0.948168 0.216133 1.000000
tan 0.306901 -0.920640 0.248001 1.000000
tan 0.544423 -0.825408 -0.127596 1.000000
tan 0.783372 -0.562155 -0.278504 1.000000
tan 0.504743 -0.848100 -0.173290 1.000000
tan 0.367289 -0.894786 -0.239816 1.000000
tan 0.228780 -0.926220 -0.302808 1.000000
tan 0.345465 -0.909418 0.240437 1.000000
tan 0.306033 -0.910596 0.298779 1.000000
tan 0.303553 -0.924298 -0.226176 1.000000
tan 0.306901 -0.925600 -0.248000 1.000000
tan 0.568727 -0.812635 0.095418 1.000000
tan 0.603509 -0.787712 0.061442 1.000000
tan 0.620373 -0.779651 -0.019592 1.000000
tan 0.065286 -0.996156 -0.078988 1.000000
tan 0.024800 -1.004464 -0.030690 1.000000
tan 0.581313 -0.812015 -0.082274 1.000000
tan 0.359291 -0.898258 -0.248186 1.000000
tan 0.070308 -0.996156 0.085064 1.000000
tan 0.029760 -0.998326 0.036828 1.000000
tan 0.288487 -0.931738 0.233121 1.000000
tan 0.297229 -0.929010 0.221465 1.000000
tan 0.276211 -0.936698 -0.223200 1.000000
tan 0.369397 -0.904768 -0.212102 1.000000
tan 0.314341 -0.913696 0.251845 1.000000
tan 0.244032 -0.948168 -0.210986 1.000000
tan 0.029760 -1.004464 -0.036828 1.000000
tan 0.135408 -0.968938 -0.173600 1.000000
tan 0.395871 -0.884060 0.228285 1.000000
tan 0.605741 -0.795523 0.054188 1.000000
tan 0.540703 -0.830306 0.145638 1.000000
tan -0.067704 -0.991010 0.086800 1.000000
tan 0.124000 -0.982268 0.153450 1.000000
tan -0.188480 -0.953934 0.233245 1.000000
tan 0.091884 -0.986174 0.117800 1.000000
tan 0.691611 -0.722425 -0.088846 1.000000
tan 0.244032 -0.948168 0.210987 1.000000
tan 0.306901 -0.925600 0.248001 1.000000
tan 0.539525 -0.830306 -0.136276 1.000000
tan 0.783372 -0.562155 -0.278504 1.000000
tan 0.504743 -0.848100 -0.173290 1.000000
tan 0.353277 -0.902970 -0.250976 1.000000
tan 0.224812 -0.932606 -0.298964 1.000000
tan 0.345465 -0.909418 0.240437 1.000000
tan 0.301817 -0.900428 0.289913 1.000000
tan 0.303553 -0.924298 -0.226176 1.000000
tan 0.306901 -0.925600 -0.248000 1.000000
tan 0.568727 -0.817658 0.099262 1.000000
tan 0.611073 -0.798809 0.058528 1.000000
tan 0.621799 -0.781201 -0.016926 1.000000
tan 0.060264 -0.996156 -0.072912 1.000000
tan 0.024800 -1.004464 -0.030690 1.000000
tan 0.581313 -0.812015 -0.082274 1.000000
tan 0.361585 -0.898134 -0.238638 1.000000
tan 0.070308 -0.996156 0.085064 1.000000
tan 0.029760 -0.998326 0.036828 1.000000
tan 0.288487 -0.931738 0.233121 1.000000
tan 0.303553 -0.924298 0.226177 1.000000
tan 0.270073 -0.936698 -0.218240 1.000000
tan 0.369397 -0.904768 -0.212102 1.000000
tan 0.307955 -0.913696 0.255379 1.000000
tan 0.238080 -0.948168 -0.205840 1.000000
tan 0.029760 -1.004464 -0.036828 1.000000
tan 0.145080 -0.968938 -0.186000 1.000000
tan 0.383967 -0.884060 0.236097 1.000000
tan 0.610887 -0.795523 0.049600 1.000000
tan 0.550499 -0.825408 0.132122 1.000000
tan -0.054498 0.950834 0.311364 1.000000
tan 0.028644 0.998326 0.047926 1.000000
tan -0.052638 0.994606 0.078554 1.000000
tan 0.137392 0.990762 0.079856 1.000000
tan -0.195052 0.971170 -0.147808 1.000000
tan -0.191022 0.800360 0.560977 1.000000
tan -0.037014 0.877240 0.480749 1.000000
tan -0.133486 0.989956 -0.017546 1.000000
tan -0.087544 0.796950 0.607725 1.000000
tan -0.048794 0.818278 0.569595 1.000000
tan 0.120032 0.755843 0.639965 1.000000
tan 0.138942 0.721495 0.671275 1.000000
tan 0.124310 0.931180 0.346209 1.000000
tan 0.048360 0.900242 0.435489 1.000000
tan -0.183830 0.915742 0.367723 1.000000
tan -0.244404 0.942030 0.209126 1.000000
tan 0.020026 0.949036 0.318247 1.000000
tan 0.057784 0.950338 0.297476 1.000000
tan -0.093434 0.930870 0.367413 1.000000
tan -0.247380 0.913882 0.314464 1.000000
tan -0.289665 0.820138 0.497861 1.000000
tan -0.338955 0.831546 0.444603 1.000000
tan 0.055490 0.764089 0.648335 1.000000
tan 0.247876 0.961498 0.138632 1.000000
tan 0.228160 0.924918 0.279496 1.000000
tan -0.004340 0.784425 0.615227 1.000000
tan -0.095232 0.993800 -0.007068 1.000000
tan -0.067518 0.998326 -0.054560 1.000000
tan -0.099448 0.993366 0.090396 1.000000
tan -0.086304 0.978238 0.212164 1.000000
tan -0.018352 0.994606 0.035588 1.000000
tan -0.118234 0.662533 0.749209 1.000000
tan 0.015624 0.893670 0.445037 1.000000
tan -0.104966 0.456879 0.885486 1.000000
tan -0.007440 0.855478 0.530101 1.000000
tan -0.051708 0.810714 0.577159 1.000000
tan -0.998512 0.000000 0.000000 1.000000
tan -1.004464 0.000000 0.000000 1.000000
tan -0.998512 0.000000 0.000000 1.000000
tan -1.004464 0.000000 0.000000 1.000000
tan -1.004464 0.000000 0.000000 1.000000
tan -1.004464 0.000000 0.000000 1.000000
tan -0.996528 0.000000 0.000000 1.000000
tan -1.004464 0.000000 0.000000 1.000000
tan -1.004464 0.000000 0.000000 1.000000
tan -1.004464 0.000000 0.000000 1.000000
tan -0.994792 0.000000 0.000000 1.000000
tan -1.004464 0.000000 0.000000 1.000000
tan -1.004464 0.000000 0.000000 1.000000
tan -0.998512 0.000000 0.000000 1.000000
tan -0.998512 0.000000 0.000000 1.000000
tan -1.004464 0.000000 0.000000 1.000000
tan -0.996528 0.000000 0.000000 1.000000
tan -1.004464 0.000000 0.000000 1.000000
tan -1.004464 0.000000 0.000000 1.000000
tan -0.994792 0.000000 0.000000 1.000000
tan -1.004464 0.000000 0.000000 1.000000
tan -1.006510 0.000000 0.000000 1.000000
tan -1.006510 0.000000 0.000000 1.000000
tan -1.004464 0.000000 0.000000 1.000000
tan -1.004464 0.000000 0.000000 1.000000
tan -1.006510 0.000000 0.000000 1.000000
tan -1.004464 0.000000 0.000000 1.000000
tan -0.994792 0.000000 0.000000 1.000000
tan -1.004464 0.000000 0.000000 1.000000
tan -1.004464 0.000000 0.000000 1.000000
tan -1.006510 0.000000 0.000000 1.000000
tan -0.994792 0.000000 0.000000 1.000000
tan -1.004464 0.000000 0.000000 1.000000
tan -0.996528 0.000000 0.000000 1.000000
tan -1.004464 0.000000 0.000000 1.000000
tan -1.004464 0.000000 0.000000 1.000000
tan -0.996528 0.000000 0.000000 1.000000
tan -1.004464 0.000000 0.000000 1.000000
tan -0.998512 0.000000 0.000000 1.000000
tan -1.004464 0.000000 0.000000 1.000000
tan -1.004464 0.000000 0.000000 1.000000
tan -1.004464 0.000000 0.000000 1.000000
tan -1.004464 0.000000 0.000000 1.000000
tan -1.004464 0.000000 0.000000 1.000000
tan -0.998512 0.000000 0.000000 1.000000
tan -0.861058 -0.386571 -0.335669 1.000000
tan -0.899498 -0.203856 -0.369025 1.000000
tan -0.944882 -0.322835 -0.007440 1.000000
tan -0.793354 -0.240251 -0.562899 1.000000
tan -0.731849 -0.400645 -0.547337 1.000000
tan -0.581685 -0.021018 -0.807366 1.000000
tan -0.598425 -0.061504 -0.803149 1.000000
tan -0.715171 -0.235290 -0.656209 1.000000
tan -0.719449 0.448571 -0.527497 1.000000
tan -0.651683 0.049910 -0.754603 1.000000
tan -0.632587 0.060078 -0.778163 1.000000
tan -0.585901 0.107446 -0.804637 1.000000
tan 0.000000 0.133858 -0.992126 1.000000
tan -0.215946 0.258602 -0.939984 1.000000
tan -0.455329 0.339265 -0.828074 1.000000
tan -0.609337 0.023808 -0.789571 1.000000
tan -0.452353 -0.391097 -0.803087 1.000000
tan -0.617769 -0.023684 -0.788207 1.000000
tan -0.212784 -0.272801 -0.935830 1.000000
tan -0.648459 -0.055862 -0.760555 1.000000
tan -0.636245 -0.069254 -0.768801 1.000000
tan 0.000000 -0.141732 -0.992126 1.000000
tan -0.593713 -0.096224 -0.796825 1.000000
tan -0.592039 0.017298 -0.807985 1.000000
tan -0.598425 0.078368 -0.795275 1.000000
tan -0.723169 0.230640 -0.648583 1.000000
tan -0.874450 0.380185 -0.305289 1.000000
tan -0.799926 0.216318 -0.565379 1.000000
tan -0.884122 0.214396 -0.407465 1.000000
tan -0.960630 0.291339 -0.007564 1.000000
tan -1.002232 -0.005022 -0.006076 1.000000
tan -1.004464 0.000000 0.000000 1.000000
tan -1.002232 -0.001054 -0.011098 1.000000
tan -1.004464 0.000000 0.000000 1.000000
tan -1.004464 0.000000 0.000000 1.000000
tan -1.004464 0.000000 0.000000 1.000000
tan -0.997210 -0.006200 -0.004836 1.000000
tan -1.004464 0.000000 0.000000 1.000000
tan -1.004464 0.000000 0.000000 1.000000
tan -1.004464 0.000000 0.000000 1.000000
tan -1.000248 0.006014 -0.005084 1.000000
tan -1.004464 0.000000 0.000000 1.000000
tan -1.004464 0.000000 0.000000 1.000000
tan -1.002232 0.001302 0.072664 1.000000
tan -1.002232 0.016926 0.057598 1.000000
tan -1.004464 0.000000 0.000000 1.000000
tan -0.997210 0.046872 0.016616 1.000000
tan -1.004464 0.000000 0.000000 1.000000
tan -1.004464 0.000000 0.000000 1.000000
tan -1.002232 -0.046500 0.017980 1.000000
tan -1.004464 0.000000 0.000000 1.000000
tan -0.994606 0.004898 -0.006138 1.000000
tan -0.994606 -0.004898 -0.006138 1.000000
tan -1.004464 0.000000 0.000000 1.000000
tan -1.004464 0.000000 0.000000 1.000000
tan -1.000248 -0.006014 -0.005084 1.000000
tan -1.004464 0.000000 0.000000 1.000000
tan -1.004464 -0.021266 0.063984 1.000000
tan -1.004464 0.021266 0.063984 1.000000
tan -1.004464 0.000000 0.000000 1.000000
tan -1.004464 0.000000 0.000000 1.000000
tan -0.997210 0.006200 -0.004836 1.000000
tan -1.004464 0.000000 0.000000 1.000000
tan -1.002232 0.046500 0.017980 1.000000
tan -1.004464 0.000000 0.000000 1.000000
tan -1.004464 0.000000 0.000000 1.000000
tan -1.002232 0.005022 -0.006076 1.000000
tan -1.004464 0.000000 0.000000 1.000000
tan -1.004464 0.000000 0.000000 1.000000
tan -0.997210 -0.046872 0.016616 1.000000
tan -1.004464 0.000000 0.000000 1.000000
tan -1.004464 0.000000 0.000000 1.000000
tan -1.004464 0.000000 0.000000 1.000000
tan -1.002232 -0.041230 0.037510 1.000000
tan -1.004464 0.000000 0.000000 1.000000
tan 1.002232 0.000000 0.000000 1.000000
tan 1.004464 0.000000 0.000000 1.000000
tan 1.002232 0.000000 0.000000 1.000000
tan 1.004464 0.000000 0.000000 1.000000
tan 1.004464 0.000000 0.000000 1.000000
tan 1.004464 0.000000 0.000000 1.000000
tan 0.990576 0.000000 0.000000 1.000000
tan 1.004464 0.000000 0.000000 1.000000
tan 1.004464 -0.006138 0.004960 1.000000
tan 1.004464 0.000000 0.000000 1.000000
tan 0.998512 0.000000 0.000000 1.000000
tan 1.004464 0.000000 0.000000 1.000000
tan 1.004464 -0.006138 -0.004960 1.000000
tan 1.004464 0.000000 0.000000 1.000000
tan 1.006944 -0.006200 0.004898 1.000000
tan 1.006944 0.000000 0.000000 1.000000
tan 1.004464 0.000000 0.000000 1.000000
tan 1.004464 0.000000 0.000000 1.000000
tan 0.998512 0.000000 0.000000 1.000000
tan 1.004464 0.000000 0.000000 1.000000
tan 1.004464 0.004960 0.006138 1.000000
tan 1.004464 0.000000 0.000000 1.000000
tan 1.000062 0.000000 0.000000 1.000000
tan 1.004464 0.000000 0.000000 1.000000
tan 1.004464 -0.004960 0.006138 1.000000
tan 1.004464 0.000000 0.000000 1.000000
tan 1.004464 0.000000 0.000000 1.000000
tan 1.002232 0.000000 0.000000 1.000000
tan 1.004464 0.000000 0.000000 1.000000
tan 1.004464 0.000000 0.000000 1.000000
tan 1.004464 0.000000 0.000000 1.000000
tan 1.004464 0.000000 0.000000 1.000000
tan 1.004464 0.000000 0.000000 1.000000
tan 1.004464 0.000000 0.000000 1.000000
tan 1.004464 0.000000 0.000000 1.000000
tan 1.004464 0.000000 0.000000 1.000000
tan 0.998512 -0.017856 0.015438 1.000000
tan 0.994792 -0.031992 0.034596 1.000000
tan 1.001860 -0.031930 0.023250 1.000000
tan 0.537479 0.732407 0.429785 1.000000
tan 0.714985 0.661169 0.205530 1.000000
tan 0.996528 0.029512 0.046438 1.000000
tan 0.822618 -0.522785 0.215822 1.000000
tan 0.998512 0.017856 0.015438 1.000000
tan 0.411681 -0.476161 0.775746 1.000000
tan 0.411681 0.476161 0.775745 1.000000
tan 0.822618 0.522785 0.215822 1.000000
tan 0.996528 -0.037944 0.059706 1.000000
tan 0.994792 0.047988 0.051894 1.000000
tan 0.714985 -0.661169 0.216628 1.000000
tan 0.409201 -0.552235 0.730051 1.000000
tan 0.995474 -0.070246 -0.051150 1.000000
tan -0.128650 -0.189720 0.978052 1.000000
tan 0.984438 -0.134106 0.097650 1.000000
tan 0.000000 0.000000 1.002232 1.000000
tan 0.152024 -0.312728 0.939178 1.000000
tan 0.297291 -0.338335 0.893546 1.000000
tan 0.018972 0.014136 1.003162 1.000000
tan 0.150102 0.363569 0.917540 1.000000
tan 0.000000 0.000000 1.004464 1.000000
tan 0.000000 0.000000 1.004464 1.000000
tan 0.000000 0.000000 1.004464 1.000000
tan 0.011904 -0.010292 0.998512 1.000000
tan 0.000000 0.000000 1.004464 1.000000
tan 0.000000 0.000000 0.998512 1.000000
tan 0.000000 0.000000 0.996528 1.000000
tan 0.000000 0.000000 1.004464 1.000000
tan 0.000000 0.000000 1.004464 1.000000
tan 0.000000 0.000000 1.005518 1.000000
tan -0.004960 0.006138 1.004464 1.000000
tan -0.004960 0.006138 1.004464 1.000000
tan -0.004712 0.006324 1.003162 1.000000
tan -0.004836 0.006200 0.997210 1.000000
tan 0.461467 0.170004 0.868064 1.000000
tan 0.004960 0.006138 1.004464 1.000000
tan 0.000000 0.000000 1.003162 1.000000
tan 0.000000 0.000000 1.005518 1.000000
tan 0.004836 0.006200 0.997210 1.000000
tan 0.471263 -0.156488 0.863166 1.000000
tan 0.162006 -0.355261 0.917540 1.000000
tan 0.004960 0.006138 1.004464 1.000000
tan 0.023808 0.020584 0.998512 1.000000
tan 0.031620 -0.023560 0.996838 1.000000
tan 0.164672 0.305041 0.939178 1.000000
tan 0.006138 0.004960 1.004464 1.000000
tan -0.030132 0.036456 0.996156 1.000000
tan 0.401389 0.231385 0.882138 1.000000
tan 0.649389 0.093558 0.754045 1.000000
tan 0.060264 0.072912 0.996156 1.000000
tan 0.006138 -0.004960 1.004464 1.000000
tan 0.000000 0.000000 1.004464 1.000000
tan 0.006634 -0.004216 0.996528 1.000000
tan -0.004960 0.006138 1.004464 1.000000
tan 0.004960 0.006138 1.004464 1.000000
tan 0.000000 0.000000 1.004464 1.000000
tan 0.000000 0.000000 0.998512 1.000000
tan 0.000000 0.000000 1.004464 1.000000
tan 0.000000 0.000000 1.004464 1.000000
tan 0.000000 0.000000 0.998512 1.000000
tan -1.002232 0.000000 0.000000 1.000000
tan -1.004464 0.000000 0.000000 1.000000
tan -1.002232 0.000000 0.000000 1.000000
tan -1.004464 0.000000 0.000000 1.000000
tan -1.004464 0.000000 0.000000 1.000000
tan -1.004464 0.000000 0.000000 1.000000
tan -0.990576 0.000000 0.000000 1.000000
tan -1.004464 0.000000 0.000000 1.000000
tan -1.004464 -0.006138 -0.004960 1.000000
tan -1.004464 0.000000 0.000000 1.000000
tan -0.998512 0.000000 0.000000 1.000000
tan -1.004464 0.000000 0.000000 1.000000
tan -1.004464 -0.006138 0.004960 1.000000
tan -0.984438 -0.140492 -0.102300 1.000000
tan -1.004464 0.000000 0.000000 1.000000
tan -0.995474 -0.076632 0.055800 1.000000
tan 0.128650 -0.189720 -0.978052 1.000000
tan -0.409201 -0.552235 -0.730051 1.000000
tan -1.004464 0.000000 0.000000 1.000000
tan -0.994792 0.042656 -0.046128 1.000000
tan -0.714985 -0.661169 -0.216628 1.000000
tan -0.822618 0.522785 -0.215822 1.000000
tan -0.996528 -0.037944 -0.059706 1.000000
tan -0.416827 0.482113 -0.769793 1.000000
tan -1.004464 0.000000 0.000000 1.000000
tan -0.998512 -0.017856 -0.015438 1.000000
tan -0.416827 -0.482113 -0.769793 1.000000
tan -1.004464 0.000000 0.000000 1.000000
tan -1.004464 0.000000 0.000000 1.000000
tan -0.998512 0.017856 -0.015438 1.000000
tan -1.004464 0.000000 0.000000 1.000000
tan -1.004464 0.000000 0.000000 1.000000
tan -0.996528 0.033728 -0.053072 1.000000
tan -0.822618 -0.522785 -0.215822 1.000000
tan -1.004464 0.000000 0.000000 1.000000
tan -1.004464 0.000000 0.000000 1.000000
tan -0.994792 -0.042656 -0.046128 1.000000
tan -0.714985 0.661169 -0.211296 1.000000
tan -0.537479 0.732407 -0.429785 1.000000
tan -1.006510 -0.031930 -0.023250 1.000000
tan -1.004464 0.000000 0.000000 1.000000
tan -1.004464 0.000000 0.000000 1.000000
tan -1.004464 0.000000 0.000000 1.000000
tan -1.004464 0.000000 0.000000 1.000000
tan -1.004464 0.000000 0.000000 1.000000
tan -1.004464 0.000000 0.000000 1.000000
tan -1.002232 0.000000 0.000000 1.000000
tan -0.990576 0.000000 0.000000 1.000000
tan -1.004464 0.000000 0.000000 1.000000
tan -0.998512 0.000000 0.000000 1.000000
tan -1.004464 0.000000 0.000000 1.000000
tan -1.006944 0.000000 0.000000 1.000000
tan -1.004464 0.000000 0.000000 1.000000
tan -0.997210 0.000000 0.000000 1.000000
tan -0.722983 -0.119722 -0.672081 1.000000
tan -0.240560 -0.354393 -0.907186 1.000000
tan 0.085188 -0.166346 -0.980036 1.000000
tan -0.837002 -0.034720 -0.550313 1.000000
tan -0.804638 -0.003720 -0.591915 1.000000
tan -0.823982 0.011408 -0.568727 1.000000
tan -0.794222 0.037696 -0.600037 1.000000
tan -0.570277 -0.459235 -0.678529 1.000000
tan -0.814806 0.023622 -0.580941 1.000000
tan -0.797136 -0.005332 -0.602517 1.000000
tan -0.602083 0.462025 -0.650629 1.000000
tan -0.812760 0.017112 -0.585777 1.000000
tan -0.815178 0.022630 -0.582243 1.000000
tan -0.245768 0.249116 -0.940108 1.000000
tan -0.816108 0.025792 -0.578771 1.000000
tan -0.138260 -0.231509 -0.965466 1.000000
tan -0.810962 0.027652 -0.592349 1.000000
tan -0.803150 0.030504 -0.588877 1.000000
tan -0.543059 -0.525761 -0.652303 1.000000
tan -0.788642 0.050468 -0.609275 1.000000
tan -0.800856 0.006138 -0.607167 1.000000
tan -0.637733 0.374233 -0.668361 1.000000
tan -0.791246 -0.006448 -0.611817 1.000000
tan -0.814806 0.013020 -0.581747 1.000000
tan -0.450121 0.454399 -0.765329 1.000000
tan -0.808792 0.020150 -0.587761 1.000000
tan 0.959266 -0.002728 -0.279063 1.000000
tan 0.986112 0.105462 -0.157604 1.000000
tan 0.956538 0.129084 -0.239072 1.000000
tan 0.719015 -0.537913 -0.439581 1.000000
tan 0.498357 -0.632153 -0.591357 1.000000
tan 0.947982 0.021390 -0.316821 1.000000
tan 0.961808 -0.141174 -0.242048 1.000000
tan 0.698989 0.578027 -0.420919 1.000000
tan 0.950276 -0.044640 -0.302437 1.000000
tan 0.994544 -0.053382 -0.123504 1.000000
tan 0.282845 0.300328 -0.907000 1.000000
tan 0.963730 -0.017546 -0.279125 1.000000
tan 0.951392 0.011594 -0.283713 1.000000
tan 0.993366 0.045880 -0.118544 1.000000
tan 0.213590 -0.323083 -0.922686 1.000000
tan 0.945564 0.028272 -0.312977 1.000000
tan 0.961808 0.136152 -0.235972 1.000000
tan 0.645731 -0.633331 -0.417571 1.000000
tan 0.941720 -0.042842 -0.324509 1.000000
tan 0.956538 -0.138756 -0.251472 1.000000
tan 0.774506 0.440573 -0.441937 1.000000
tan 0.971108 0.049848 -0.227540 1.000000
tan 0.997210 -0.056420 -0.117862 1.000000
tan 0.444603 0.436605 -0.780209 1.000000
tan 0.997210 0.013888 -0.082708 1.000000
tan -0.169446 0.156860 -0.975014 1.000000
tan 0.901544 0.149234 -0.399219 1.000000
tan 0.741336 0.102982 0.669415 1.000000
tan 0.230330 0.342117 0.913324 1.000000
tan -0.074772 0.154566 0.980036 1.000000
tan 0.838676 0.019344 0.550127 1.000000
tan 0.804638 -0.010044 0.587761 1.000000
tan 0.817224 -0.017794 0.571765 1.000000
tan 0.786224 -0.054684 0.612685 1.000000
tan 0.563953 0.454957 0.684853 1.000000
tan 0.794966 -0.044888 0.598239 1.000000
tan 0.791990 -0.002976 0.607663 1.000000
tan 0.602517 -0.462025 0.655713 1.000000
tan 0.812202 -0.021204 0.585715 1.000000
tan 0.806498 -0.023808 0.592039 1.000000
tan 0.814372 -0.023560 0.587141 1.000000
tan 0.245768 -0.249116 0.940108 1.000000
tan 0.819084 -0.024552 0.577717 1.000000
tan 0.810962 -0.031434 0.586087 1.000000
tan 0.138260 0.231509 0.965466 1.000000
tan 0.806560 -0.033790 0.582429 1.000000
tan 0.543059 0.525761 0.652303 1.000000
tan 0.788642 -0.054932 0.604067 1.000000
tan 0.800856 -0.009176 0.600285 1.000000
tan 0.644243 -0.379069 0.661851 1.000000
tan 0.789634 -0.008928 0.607105 1.000000
tan 0.814806 -0.026908 0.577593 1.000000
tan 0.455329 -0.460289 0.765329 1.000000
tan 0.813380 -0.028520 0.581933 1.000000
tan 0.246636 -0.264492 0.933846 1.000000
tan 0.460847 -0.170438 0.870730 1.000000
tan -0.004712 0.006324 1.003162 1.000000
tan 0.003968 0.017174 1.002232 1.000000
tan 0.000000 0.000000 1.004464 1.000000
tan -0.004154 0.017112 1.000248 1.000000
tan 0.431583 0.200136 0.882014 1.000000
tan 0.004960 0.006138 1.004464 1.000000
tan 0.010974 0.001674 0.993800 1.000000
tan 0.144150 0.325811 0.933908 1.000000
tan -0.004960 0.006138 1.004464 1.000000
tan -0.006138 0.004960 1.004464 1.000000
tan 0.004960 0.006138 1.004464 1.000000
tan 0.000000 0.000000 1.004464 1.000000
tan -0.004960 0.006138 1.004464 1.000000
tan -0.031682 -0.024614 0.998512 1.000000
tan -0.048484 -0.011532 1.001488 1.000000
tan -0.340009 0.503689 0.797569 1.000000
tan -0.785480 0.455329 0.410875 1.000000
tan -0.775746 -0.466241 0.411185 1.000000
tan -0.014322 0.029140 1.000248 1.000000
tan -0.015624 0.019468 1.005022 1.000000
tan -0.335979 -0.481369 0.812388 1.000000
tan -0.006138 0.004960 1.004464 1.000000
tan 0.000000 0.000000 1.004464 1.000000
tan 0.000248 0.011160 1.004898 1.000000
tan 0.000000 0.000000 1.004464 1.000000
tan 0.000000 0.000000 1.004464 1.000000
tan -0.006324 0.004712 1.003162 1.000000
tan 0.012710 0.021390 0.998512 1.000000
tan 0.148862 -0.361337 0.920144 1.000000
tan 0.004960 0.006138 1.004464 1.000000
tan 0.003472 0.017236 0.997210 1.000000
tan 0.493707 -0.144522 0.857028 1.000000
tan 0.460289 0.188542 0.871970 1.000000
tan -0.003472 0.017236 0.997210 1.000000
tan 0.200632 0.330089 0.919586 1.000000
tan 0.000000 0.000000 1.004464 1.000000
tan 0.006324 0.004712 1.003162 1.000000
tan 0.005456 0.005642 0.993552 1.000000
tan -0.004960 0.006138 1.004464 1.000000
tan 0.046810 -0.030070 0.998512 1.000000
tan 0.122388 -0.337157 0.930126 1.000000
tan 0.083824 0.072230 0.996838 1.000000
tan 0.000000 0.000000 1.004464 1.000000
tan 0.005084 0.021700 1.001488 1.000000
tan 0.000000 0.000000 1.004464 1.000000
tan 0.000000 0.000000 1.004464 1.000000
tan 0.000000 0.000000 1.004464 1.000000
tan 0.959266 -0.002728 -0.279063 1.000000
tan 0.986112 0.105462 -0.157604 1.000000
tan 0.956538 0.129084 -0.239072 1.000000
tan 0.751132 -0.499039 -0.432203 1.000000
tan 0.533573 -0.610081 -0.586273 1.000000
tan 0.947982 0.021390 -0.316821 1.000000
tan 0.961808 -0.141174 -0.242048 1.000000
tan 0.672453 0.603633 -0.417013 1.000000
tan 0.950276 -0.049786 -0.308265 1.000000
tan 0.994544 -0.053382 -0.123504 1.000000
tan 0.244466 0.308760 -0.916548 1.000000
tan 0.963730 -0.017546 -0.279125 1.000000
tan 0.249240 -0.315023 -0.916548 1.000000
tan 0.951392 0.011594 -0.283713 1.000000
tan 0.993366 0.045880 -0.118544 1.000000
tan 0.945564 0.023250 -0.307149 1.000000
tan 0.672453 -0.603633 -0.417013 1.000000
tan 0.961808 0.136152 -0.235972 1.000000
tan 0.941720 -0.042842 -0.324509 1.000000
tan 0.737677 0.494513 -0.451237 1.000000
tan 0.956538 -0.138756 -0.251472 1.000000
tan 0.971108 0.049848 -0.227540 1.000000
tan 0.401017 0.454213 -0.797942 1.000000
tan 0.997210 -0.056420 -0.117862 1.000000
tan -0.127968 0.159774 -0.976316 1.000000
tan 0.997210 0.013888 -0.082708 1.000000
tan 0.901544 0.149234 -0.399219 1.000000
tan 0.774134 0.063612 0.632587 1.000000
tan 0.259719 0.296051 0.916548 1.000000
tan -0.065224 0.089218 0.989150 1.000000
tan 0.820820 0.010788 0.570649 1.000000
tan 0.819332 -0.012276 0.575175 1.000000
tan 0.817782 -0.014136 0.581561 1.000000
tan 0.777978 -0.045446 0.625147 1.000000
tan 0.596379 0.411991 0.688635 1.000000
tan 0.778102 -0.042780 0.628061 1.000000
tan 0.784116 0.030876 0.619691 1.000000
tan 0.563023 -0.490855 0.662719 1.000000
tan 0.807986 0.017484 0.598921 1.000000
tan 0.814248 -0.001674 0.584289 1.000000
tan 0.813566 0.007316 0.588009 1.000000
tan 0.201686 -0.252216 0.949656 1.000000
tan 0.817720 -0.001364 0.577159 1.000000
tan 0.804700 -0.019592 0.587575 1.000000
tan 0.177878 0.220845 0.960692 1.000000
tan 0.813566 -0.009920 0.584351 1.000000
tan 0.568851 0.496125 0.651621 1.000000
tan 0.795214 -0.027590 0.602703 1.000000
tan 0.806560 0.003410 0.591667 1.000000
tan 0.615599 -0.425693 0.666687 1.000000
tan 0.795772 0.011842 0.600843 1.000000
tan 0.819332 -0.012276 0.575175 1.000000
tan 0.416455 -0.483229 0.771344 1.000000
tan 0.809722 -0.009486 0.581747 1.000000
tan 0.318433 0.479385 0.813689 1.000000
tan 0.747597 0.496125 0.436729 1.000000
tan 0.033170 -0.021080 0.996528 1.000000
tan -0.015438 0.017856 0.998512 1.000000
tan -0.004960 -0.006138 1.004464 1.000000
tan 0.056606 0.065472 0.998512 1.000000
tan 0.791370 -0.449439 0.405729 1.000000
tan -0.075516 0.081034 0.993366 1.000000
tan 0.152582 0.096968 0.985678 1.000000
tan 0.278505 -0.512555 0.818154 1.000000
tan 0.277885 0.650505 0.703453 1.000000
tan 0.085436 0.093310 0.993366 1.000000
tan 0.146072 0.108066 0.987228 1.000000
tan 0.109554 -0.101308 0.983694 1.000000
tan 0.910658 0.324633 0.247628 1.000000
tan 0.142476 -0.125054 0.982268 1.000000
tan 0.066774 -0.078430 0.995474 1.000000
tan 0.854114 -0.407093 0.307707 1.000000
tan 0.043524 -0.066340 0.998326 1.000000
tan -0.007564 -0.023808 1.006510 1.000000
tan 0.216628 -0.661169 0.714985 1.000000
tan 0.019840 -0.024552 1.004464 1.000000
tan 0.040362 0.037324 0.994792 1.000000
tan 0.078244 0.510819 0.859012 1.000000
tan 0.059706 -0.037944 0.996528 1.000000
tan -0.033542 -0.054064 1.004464 1.000000
tan 0.017236 0.003782 1.004464 1.000000
tan 0.025730 -0.030938 1.004464 1.000000
tan 0.098208 -0.079360 0.993366 1.000000
tan 0.061380 0.049600 0.998326 1.000000
tan 0.000000 0.000000 0.992250 1.000000
tan 0.119846 0.131502 0.985492 1.000000
tan 0.031682 0.024614 0.998512 1.000000
tan 0.061318 0.123132 0.991134 1.000000
tan 0.246636 -0.169694 0.952508 1.000000
tan 0.211420 0.176204 0.961374 1.000000
tan 0.499845 -0.009920 0.861616 1.000000
tan 0.460227 -0.037386 0.891934 1.000000
tan 0.417757 0.072106 0.902846 1.000000
tan 0.350239 0.634509 0.686155 1.000000
tan 0.558249 -0.442681 0.696571 1.000000
tan 0.541323 0.021080 0.840288 1.000000
tan 0.920826 -0.291649 0.252154 1.000000
tan 0.881580 0.357121 0.308761 1.000000
tan 0.436419 0.076756 0.896212 1.000000
tan 0.450245 0.070432 0.888834 1.000000
tan 0.484097 0.467977 0.736375 1.000000
tan 0.082460 -0.031930 1.001054 1.000000
tan 0.311737 0.124248 0.947300 1.000000
tan 0.350239 -0.634509 0.686155 1.000000
tan 0.165726 -0.133920 0.976130 1.000000
tan 0.225122 -0.066836 0.975820 1.000000
tan 0.176204 0.143840 0.970178 1.000000
tan 0.255441 0.164052 0.949346 1.000000
tan 0.131006 0.169632 0.976998 1.000000
tan 0.044640 0.055242 0.999504 1.000000
tan 0.254696 -0.154504 0.957778 1.000000
tan -0.069626 -0.056482 0.997272 1.000000
tan -0.029760 0.036456 0.992250 1.000000
tan -0.024552 0.019840 1.004464 1.000000
tan 0.126914 -0.058032 0.992560 1.000000
tan 0.120838 -0.096906 0.992126 1.000000
tan 0.403187 0.069626 0.909294 1.000000
tan 0.542005 -0.033108 0.834398 1.000000
tan 0.520367 0.001736 0.852812 1.000000
tan 0.301631 -0.191642 0.928452 1.000000
tan 0.580135 -0.063364 0.810156 1.000000
tan 0.944944 0.261827 0.190650 1.000000
tan 0.694711 0.485213 0.524707 1.000000
tan 0.433195 -0.091636 0.892120 1.000000
tan 0.876992 -0.389547 0.283651 1.000000
tan 0.321843 -0.134602 0.939488 1.000000
tan -0.060698 -0.999504 0.062620 1.000000
tan 0.093186 -0.987228 0.127658 1.000000
tan 0.036332 -0.998326 0.082398 1.000000
tan -0.069440 -0.998326 0.085932 1.000000
tan -0.174344 -0.982330 -0.041664 1.000000
tan -0.190278 -0.971170 0.153760 1.000000
tan -0.151900 -0.975138 0.124000 1.000000
tan -0.139624 -0.981214 -0.002418 1.000000
tan -0.607973 -0.752805 -0.239940 1.000000
tan -0.341311 -0.928514 -0.151590 1.000000
tan -0.151404 -0.991134 0.002232 1.000000
tan -0.089156 -0.956724 -0.280984 1.000000
tan -0.146692 -0.992126 -0.000868 1.000000
tan -0.133858 -0.959700 0.243289 1.000000
tan -0.187116 -0.964102 -0.142910 1.000000
tan -0.162006 -0.987228 -0.100998 1.000000
tan -0.160456 -0.989150 -0.018972 1.000000
tan -0.418873 -0.907186 0.038192 1.000000
tan -0.025978 -1.004464 -0.019592 1.000000
tan -0.038254 -1.004464 -0.009672 1.000000
tan -0.165540 -0.989150 0.024924 1.000000
tan -0.432141 -0.895654 -0.033852 1.000000
tan -0.161324 -0.959700 -0.242978 1.000000
tan -0.014880 -1.004464 0.018414 1.000000
tan -0.015996 -0.992250 0.007192 1.000000
tan -0.122760 -0.993366 0.099200 1.000000
tan -0.170128 -0.970178 0.138880 1.000000
tan -0.118172 -0.986174 -0.066278 1.000000
tan -0.159340 -0.985802 0.010850 1.000000
tan -0.130572 -0.965466 0.225309 1.000000
tan -0.158286 -0.982268 -0.117986 1.000000
tan -0.018414 -1.004464 0.014880 1.000000
tan -0.015996 -0.998326 -0.007316 1.000000
tan -0.169632 -0.985058 -0.017856 1.000000
tan -0.420609 -0.908116 0.034658 1.000000
tan -0.179304 -0.982330 -0.047740 1.000000
tan -0.951764 0.230888 -0.190836 1.000000
tan -0.841714 0.081282 -0.534627 1.000000
tan -0.985058 0.127596 0.105462 1.000000
tan -0.809722 0.008804 -0.592845 1.000000
tan -0.799554 0.003224 -0.597929 1.000000
tan -0.786472 0.031744 -0.609957 1.000000
tan -0.818154 -0.015252 -0.568975 1.000000
tan -0.844814 0.320417 -0.425817 1.000000
tan -0.813504 -0.016058 -0.578647 1.000000
tan -0.831236 -0.360221 -0.416641 1.000000
tan -0.820944 0.018724 -0.573563 1.000000
tan -0.816666 0.012462 -0.586645 1.000000
tan -0.809474 0.005952 -0.591109 1.000000
tan -0.979974 -0.161200 -0.125736 1.000000
tan -0.802220 0.007006 -0.590365 1.000000
tan -0.984748 0.167400 -0.132246 1.000000
tan -0.806002 -0.001922 -0.597805 1.000000
tan -0.806870 0.000558 -0.588257 1.000000
tan -0.831236 0.365367 -0.422593 1.000000
tan -0.810838 -0.005022 -0.592473 1.000000
tan -0.814992 -0.011532 -0.579515 1.000000
tan -0.811706 0.005952 -0.585033 1.000000
tan -0.818650 0.015004 -0.578833 1.000000
tan -0.833840 -0.325129 -0.432079 1.000000
tan -0.804638 0.005208 -0.592845 1.000000
tan -0.901296 -0.340257 -0.281233 1.000000
tan -0.806436 -0.001364 -0.593465 1.000000
tan -1.000248 0.000000 0.000000 1.000000
tan -1.004464 0.000000 0.000000 1.000000
tan -1.000248 -0.000930 -0.011098 1.000000
tan -1.004464 0.000000 0.000000 1.000000
tan -1.004464 0.000000 0.000000 1.000000
tan -1.003162 0.000000 0.000000 1.000000
tan -1.004464 0.000000 0.000000 1.000000
tan -1.004464 0.000000 0.000000 1.000000
tan -1.004464 0.000000 0.000000 1.000000
tan -1.004464 0.000000 0.000000 1.000000
tan -1.004464 0.000000 0.000000 1.000000
tan -0.998512 0.005952 -0.005146 1.000000
tan -1.004464 0.000000 0.000000 1.000000
tan -1.004464 0.000000 0.000000 1.000000
tan -0.997210 -0.002728 -0.022072 1.000000
tan -1.004464 0.000000 0.000000 1.000000
tan -1.004464 0.000000 0.000000 1.000000
tan -0.997210 -0.011036 -0.001364 1.000000
tan -0.998512 0.000000 0.000000 1.000000
tan -1.004464 0.000000 0.000000 1.000000
tan -1.003162 0.017360 -0.003100 1.000000
tan -1.004464 0.000000 0.000000 1.000000
tan -1.004464 0.000000 0.000000 1.000000
tan -1.000248 0.011098 -0.000930 1.000000
tan -1.004464 0.000000 0.000000 1.000000
tan -1.004464 0.000000 0.000000 1.000000
tan -1.004464 0.000000 0.000000 1.000000
tan -1.004464 0.000000 0.000000 1.000000
tan -1.004464 0.000000 0.000000 1.000000
tan -1.004464 0.000000 0.000000 1.000000
tan -1.002232 -0.041230 0.037510 1.000000
tan -0.997210 -0.046872 0.016616 1.000000
tan -1.004464 0.000000 0.000000 1.000000
tan -1.002232 0.046500 0.017980 1.000000
tan -1.004464 -0.006138 0.004960 1.000000
tan -0.998326 0.021452 0.063984 1.000000
tan -1.004464 -0.021266 0.063984 1.000000
tan -1.004464 -0.006138 -0.004960 1.000000
tan -1.002232 -0.046500 0.017980 1.000000
tan -1.004464 0.000000 0.000000 1.000000
tan -0.997210 0.046872 0.016616 1.000000
tan -1.004464 0.000000 0.000000 1.000000
tan -1.002232 0.016926 0.057598 1.000000
tan -1.004464 0.000000 0.000000 1.000000
tan -1.002232 0.001302 0.072664 1.000000
tan 0.006138 0.004960 1.004464 1.000000
tan 0.000000 0.000000 0.990142 1.000000
tan 0.000000 0.000000 1.004464 1.000000
tan 0.006324 0.004712 1.003162 1.000000
tan 0.000000 0.000000 1.004464 1.000000
tan 0.006138 -0.004960 1.004464 1.000000
tan 0.005952 -0.005146 0.998512 1.000000
tan 0.006138 0.004960 1.004464 1.000000
tan 0.000000 0.000000 0.998512 1.000000
tan 0.006634 0.004216 0.996528 1.000000
tan 0.006138 -0.004960 1.004464 1.000000
tan 0.005766 -0.005332 0.994792 1.000000
tan 0.009920 -0.012276 1.004464 1.000000
tan 0.009672 -0.012400 0.997210 1.000000
tan 0.009920 -0.012276 1.004464 1.000000
tan 0.002914 -0.017422 1.006510 1.000000
tan -0.009672 -0.012400 0.997210 1.000000
tan -0.009920 -0.012276 1.004464 1.000000
tan -0.015686 -0.008122 1.006510 1.000000
tan -0.009920 -0.012276 1.004464 1.000000
tan -0.011904 -0.010292 0.998512 1.000000
tan -0.005766 -0.005332 0.994792 1.000000
tan -0.012276 -0.009920 1.004464 1.000000
tan -0.012648 0.009424 1.003162 1.000000
tan -0.012276 -0.009920 1.004464 1.000000
tan -0.013268 0.008432 0.996528 1.000000
tan -0.012276 0.009920 1.004464 1.000000
tan -0.005022 0.006014 0.990142 1.000000
tan -0.012276 0.009920 1.004464 1.000000
tan -0.005146 0.005952 0.998512 1.000000
tan -0.004960 0.006138 1.004464 1.000000
tan 0.005022 0.006014 0.990142 1.000000
tan 0.004960 0.006138 1.004464 1.000000
tan -0.004960 0.006138 1.004464 1.000000
tan 0.005146 0.005952 0.998512 1.000000
tan 0.004960 0.006138 1.004464 1.000000
tan -1.004464 0.000000 0.000000 1.000000
tan -1.000248 0.005084 -0.006014 1.000000
tan -1.004464 0.000000 0.000000 1.000000
tan -1.003162 0.006324 -0.004712 1.000000
tan -1.004464 0.000000 0.000000 1.000000
tan -1.004464 0.000000 0.000000 1.000000
tan -0.998512 -0.005952 -0.005146 1.000000
tan -1.004464 0.000000 0.000000 1.000000
tan -1.004464 0.000000 0.000000 1.000000
tan -1.004464 0.000000 0.000000 1.000000
tan -0.997210 -0.003472 -0.017236 1.000000
tan -0.997210 0.003472 -0.017236 1.000000
tan -1.004464 0.000000 0.000000 1.000000
tan -1.004464 0.000000 0.000000 1.000000
tan -1.002232 -0.041230 0.037510 1.000000
tan -0.997210 -0.046872 0.016616 1.000000
tan -1.004464 0.000000 0.000000 1.000000
tan -1.002232 0.046500 0.017980 1.000000
tan -1.004464 0.000000 0.000000 1.000000
tan -1.004464 0.000000 0.000000 1.000000
tan -1.004464 0.021266 0.063984 1.000000
tan -1.004464 0.000000 0.000000 1.000000
tan -0.998512 0.005952 -0.005146 1.000000
tan -1.004464 0.000000 0.000000 1.000000
tan -1.004464 0.000000 0.000000 1.000000
tan -1.004464 -0.021266 0.063984 1.000000
tan -1.002232 -0.046500 0.017980 1.000000
tan -1.004464 0.000000 0.000000 1.000000
tan -1.003162 -0.006324 -0.004712 1.000000
tan -1.004464 0.000000 0.000000 1.000000
tan -1.004464 0.000000 0.000000 1.000000
tan -0.997210 0.046872 0.016616 1.000000
tan -1.004464 0.000000 0.000000 1.000000
tan -1.000248 -0.005084 -0.006014 1.000000
tan -1.004464 0.000000 0.000000 1.000000
tan -1.004464 0.000000 0.000000 1.000000
tan -1.002232 0.016926 0.057598 1.000000
tan -1.004464 0.000000 0.000000 1.000000
tan -1.000248 -0.000930 -0.011098 1.000000
tan -1.004464 0.000000 0.000000 1.000000
tan -1.004464 0.000000 0.000000 1.000000
tan -1.004464 0.000000 0.000000 1.000000
tan -1.004464 0.000000 0.000000 1.000000
tan -1.004464 0.000000 0.000000 1.000000
tan -1.002232 0.001302 0.072664 1.000000
tan -1.004464 0.000000 0.000000 1.000000
tan -1.002232 0.035154 0.042532 1.000000
tan -1.004464 0.000000 0.000000 1.000000
tan -1.004464 0.000000 0.000000 1.000000
tan -0.997210 0.046872 0.016616 1.000000
tan -1.004464 0.000000 0.000000 1.000000
tan -1.004464 0.000000 0.000000 1.000000
tan -1.004464 0.000000 0.000000 1.000000
tan -1.002232 -0.046500 0.017980 1.000000
tan -1.004464 0.000000 0.000000 1.000000
tan -1.000248 0.000000 0.000000 1.000000
tan -1.003162 0.000000 0.000000 1.000000
tan -1.004464 0.000000 0.000000 1.000000
tan -1.004464 0.000000 0.000000 1.000000
tan -1.004464 -0.021266 0.063984 1.000000
tan -1.004464 0.000000 0.000000 1.000000
tan -0.998512 0.005952 -0.005146 1.000000
tan -1.004464 0.000000 0.000000 1.000000
tan -1.004464 0.000000 0.000000 1.000000
tan -0.997210 -0.002728 -0.022072 1.000000
tan -1.004464 0.000000 0.000000 1.000000
tan -0.998326 0.021452 0.063984 1.000000
tan -1.002232 0.046500 0.017980 1.000000
tan -1.004464 0.000000 0.000000 1.000000
tan -0.997210 -0.004836 -0.006200 1.000000
tan -0.998512 0.000000 0.000000 1.000000
tan -1.004464 0.000000 0.000000 1.000000
tan -1.004464 0.000000 0.000000 1.000000
tan -0.997210 -0.046872 0.016616 1.000000
tan -1.004464 0.000000 0.000000 1.000000
tan -1.004464 0.000000 0.000000 1.000000
tan -1.003162 0.017360 -0.003100 1.000000
tan -1.004464 0.000000 0.000000 1.000000
tan -1.002232 -0.023002 0.052576 1.000000
tan -1.004464 0.000000 0.000000 1.000000
tan -1.004464 0.000000 0.000000 1.000000
tan -1.000248 0.005084 -0.006014 1.000000
tan -1.004464 0.000000 0.000000 1.000000
tan -1.002232 -0.007378 0.077686 1.000000
tan -1.004464 0.000000 0.000000 1.000000
tan -1.004464 0.000000 0.000000 1.000000
tan -1.004464 0.000000 0.000000 1.000000
tan -1.004464 0.000000 0.000000 1.000000
tan -1.004464 0.000000 0.000000 1.000000
tan -1.000248 0.000000 0.000000 1.000000
tan -0.064480 0.079794 0.993366 1.000000
tan -0.066898 0.077376 0.993366 1.000000
tan 0.044640 0.055242 0.998326 1.000000
tan 0.024986 -0.020894 1.006510 1.000000
tan 0.041168 0.047616 0.998512 1.000000
tan 0.006386 -0.004650 1.006510 1.000000
tan 0.995474 -0.102176 -0.074400 1.000000
tan 0.809040 -0.472565 0.344101 1.000000
tan 0.147312 0.119040 0.987228 1.000000
tan 0.185752 0.118048 0.974828 1.000000
tan 0.155682 0.143964 0.972596 1.000000
tan 0.328043 -0.639841 0.691921 1.000000
tan 0.324943 0.505921 0.796081 1.000000
tan 0.212288 -0.134912 0.968194 1.000000
tan 0.147312 -0.119040 0.987228 1.000000
tan 0.074958 -0.069316 0.994792 1.000000
tan 0.072044 -0.083328 0.993366 1.000000
tan 0.809040 0.440449 0.380805 1.000000
tan 0.764647 -0.488065 0.421973 1.000000
tan 0.064480 -0.079794 0.998326 1.000000
tan 0.076074 -0.091202 0.995474 1.000000
tan -0.054126 -0.087606 0.995474 1.000000
tan -0.015438 -0.017856 0.998512 1.000000
tan 0.233306 -0.518569 0.815984 1.000000
tan -0.054560 -0.067518 0.998326 1.000000
tan -0.005766 -0.005332 0.994792 1.000000
tan 0.006138 0.004960 1.004464 1.000000
tan 0.006634 -0.004216 0.996528 1.000000
tan 0.079608 0.050592 0.996528 1.000000
tan 0.012276 -0.009920 1.004464 1.000000
tan 0.000000 0.000000 0.998512 1.000000
tan 0.000000 0.000000 1.004464 1.000000
tan 0.063426 -0.058652 0.994792 1.000000
tan 0.233492 0.661169 0.714985 1.000000
tan 0.029636 -0.027280 1.006510 1.000000
tan 0.429785 0.734391 0.534751 1.000000
tan 0.000000 -1.000000 0.000000 1.000000
tan 0.000000 -1.000000 0.000000 1.000000
tan 0.000000 -1.000000 0.000000 1.000000
tan 0.000000 -1.000000 0.000000 1.000000
tan -0.464567 -0.881890 0.000000 1.000000
tan -0.464567 -0.881890 0.000000 1.000000
tan -0.464567 -0.881890 0.000000 1.000000
tan -0.464567 -0.881890 0.000000 1.000000
tan 0.645669 -0.763779 0.000000 1.000000
tan 0.645669 -0.763779 0.000000 1.000000
tan 0.645669 -0.763779 0.000000 1.000000
tan 0.645669 -0.763779 0.000000 1.000000
tan 0.000000 -1.000000 0.000000 1.000000
tan 0.000000 -1.000000 0.000000 1.000000
tan 0.000000 -1.000000 0.000000 1.000000
tan 0.000000 -1.000000 0.000000 1.000000
tan -0.007874 -1.000000 0.000000 1.000000
tan -0.007874 -1.000000 0.000000 1.000000
tan -0.007874 -1.000000 0.000000 1.000000
tan -0.007874 -1.000000 0.000000 1.000000
tan -0.111724 -0.910162 0.407217 1.000000
tan -0.111724 -0.910162 0.407217 1.000000
tan -0.111724 -0.910162 0.407217 1.000000
tan -0.111724 -0.910162 0.407217 1.000000
tan 0.407093 -0.849898 -0.333437 1.000000
tan 0.454089 -0.802902 -0.373737 1.000000
tan 0.407093 -0.849898 -0.333437 1.000000
tan 0.475417 -0.786223 -0.388741 1.000000
tan -0.010354 -0.757827 -0.654907 1.000000
tan -0.007564 -0.730051 -0.681443 1.000000
tan 0.000000 -0.736933 -0.666749 1.000000
tan -0.010354 -0.757827 -0.654907 1.000000
tan -0.005890 -0.748031 -0.669291 1.000000
tan -0.008060 -0.737740 -0.681257 1.000000
tan -0.005890 -0.748031 -0.669291 1.000000
tan -0.007626 -0.733213 -0.677041 1.000000
tan -0.013578 -0.720689 -0.693347 1.000000
tan -0.013578 -0.720689 -0.693347 1.000000
tan 0.000000 -0.000000 -1.000000 1.000000
tan 0.000000 -0.000000 -1.000000 1.000000
tan 0.000000 -0.000000 -1.000000 1.000000
tan 0.000000 -0.000000 -1.000000 1.000000
tan 0.000000 -0.000000 -1.000000 1.000000
tan 0.000000 -0.000000 -1.000000 1.000000
tan 0.000000 -0.000000 -1.000000 1.000000
tan 0.000000 -0.000000 -1.000000 1.000000
tan 0.000000 -0.000000 -1.000000 1.000000
tan 0.000000 -0.000000 -1.000000 1.000000
tan 0.000000 -0.000000 -1.000000 1.000000
tan 0.000000 -0.000000 -1.000000 1.000000
tan 0.000000 -0.000000 -1.000000 1.000000
tan 0.000000 -1.000000 0.000000 1.000000
tan 0.000000 -1.000000 0.000000 1.000000
tan 0.000000 -1.000000 0.000000 1.000000
tan 0.000000 -1.000000 0.000000 1.000000
tan -0.472441 -0.881890 0.000000 1.000000
tan -0.472441 -0.881890 0.000000 1.000000
tan -0.472441 -0.881890 0.000000 1.000000
tan -0.472441 -0.881890 0.000000 1.000000
tan 0.645669 -0.763779 0.000000 1.000000
tan 0.645669 -0.763779 0.000000 1.000000
tan 0.645669 -0.763779 0.000000 1.000000
tan 0.645669 -0.763779 0.000000 1.000000
tan 0.000000 -1.000000 0.000000 1.000000
tan 0.000000 -1.000000 0.000000 1.000000
tan 0.000000 -1.000000 0.000000 1.000000
tan 0.000000 -1.000000 0.000000 1.000000
tan 0.000000 -0.740157 -0.669291 1.000000
tan -0.002294 -0.737740 -0.681939 1.000000
tan -0.002356 -0.725401 -0.677785 1.000000
tan 0.000000 -0.740157 -0.669291 1.000000
tan 0.000000 -1.000000 0.000000 1.000000
tan 0.000000 -1.000000 0.000000 1.000000
tan 0.000000 -1.000000 0.000000 1.000000
tan 0.000000 -1.000000 0.000000 1.000000
tan -0.256308 -0.923058 0.301073 1.000000
tan -0.236096 -0.918594 0.314465 1.000000
tan -0.247505 -0.918594 0.305537 1.000000
tan -0.227292 -0.919834 0.322029 1.000000
tan -0.174530 -0.736437 -0.660363 1.000000
tan -0.161820 -0.727261 -0.663463 1.000000
tan -0.179304 -0.725154 -0.654473 1.000000
tan -0.156240 -0.732841 -0.670221 1.000000
tan 0.419555 -0.844814 -0.318805 1.000000
tan 0.473991 -0.801971 -0.366731 1.000000
tan 0.432017 -0.845868 -0.304235 1.000000
tan 0.480439 -0.786223 -0.394693 1.000000
tan 0.077376 -0.768182 -0.636865 1.000000
tan 0.077190 -0.762291 -0.651931 1.000000
tan 0.082460 -0.765205 -0.645483 1.000000
tan 0.077376 -0.768182 -0.636865 1.000000
tan 0.000000 -0.000000 -1.000000 1.000000
tan 0.000000 -0.000000 -1.000000 1.000000
tan 0.000000 -0.000000 -1.000000 1.000000
tan 0.000000 -0.000000 -1.000000 1.000000
tan 0.000000 -0.000000 -1.000000 1.000000
tan 0.000000 -0.000000 -1.000000 1.000000
tan 0.000000 -0.000000 -1.000000 1.000000
tan 0.000000 -0.000000 -1.000000 1.000000
tan 0.000000 -0.000000 -1.000000 1.000000
tan 0.000000 -0.000000 -1.000000 1.000000
tan 0.000000 -0.000000 -1.000000 1.000000
tan 0.000000 -0.000000 -1.000000 1.000000
tan 0.000000 -0.000000 -1.000000 1.000000
tan 0.000000 -0.000000 -1.000000 1.000000
tan 0.000000 -0.000000 -1.000000 1.000000
tan 0.000000 -0.000000 -1.000000 1.000000
tan 0.000000 -0.000000 -1.000000 1.000000
tan 0.000000 -0.000000 -1.000000 1.000000
tan 0.000000 -0.000000 -1.000000 1.000000
f 3/3/3 2/2/2 1/1/1
f 6/6/6 5/5/5 4/4/4
f 9/9/9 8/8/8 7/7/7
f 12/12/12 11/11/11 10/10/10
f 13/13/13 11/11/11 12/12/12
f 12/12/12 14/14/14 13/13/13
f 15/15/15 13/13/13 14/14/14
f 15/15/15 14/14/14 16/16/16
f 17/17/17 16/16/16 14/14/14
f 18/18/18 16/16/16 17/17/17
f 17/17/17 19/19/19 18/18/18
f 20/20/20 18/18/18 19/19/19
f 19/19/19 21/21/21 20/20/20
f 22/22/22 20/20/20 21/21/21
f 20/20/20 22/22/22 23/23/23
f 24/24/24 23/23/23 22/22/22
f 23/23/23 24/24/24 25/25/25
f 25/25/25 24/24/24 26/26/26
f 27/27/27 26/26/26 24/24/24
f 30/30/30 29/29/29 28/28/28
f 31/31/31 29/29/29 30/30/30
f 32/32/32 31/31/31 30/30/30
f 33/33/33 31/31/31 32/32/32
f 33/33/33 32/32/32 34/34/34
f 35/35/35 34/34/34 32/32/32
f 34/34/34 35/35/35 36/36/36
f 37/37/37 36/36/36 35/35/35
f 36/36/36 37/37/37 38/38/38
f 39/39/39 38/38/38 37/37/37
f 40/40/40 38/38/38 39/39/39
f 41/41/41 38/38/38 40/40/40
f 42/42/42 41/41/41 40/40/40
f 43/43/43 41/41/41 42/42/42
f 44/44/44 43/43/43 42/42/42
f 45/45/45 43/43/43 44/44/44
f 48/48/48 47/47/47 46/46/46
f 47/47/47 48/48/48 49/49/49
f 50/50/50 49/49/49 48/48/48
f 49/49/49 50/50/50 51/51/51
f 52/52/52 51/51/51 50/50/50
f 51/51/51 52/52/52 53/53/53
f 52/52/52 54/54/54 53/53/53
f 53/53/53 54/54/54 55/55/55
f 55/55/55 54/54/54 56/56/56
f 54/54/54 57/57/57 56/56/56
f 58/58/58 56/56/56 57/57/57
f 57/57/57 59/59/59 58/58/58
f 60/60/60 58/58/58 59/59/59
f 59/59/59 61/61/61 60/60/60
f 60/60/60 61/61/61 62/62/62
f 63/63/63 62/62/62 61/61/61
f 66/66/66 65/65/65 64/64/64
f 65/65/65 66/66/66 67/67/67
f 68/68/68 67/67/67 66/66/66
f 67/67/67 68/68/68 69/69/69
f 70/70/70 69/69/69 68/68/68
f 69/69/69 70/70/70 71/71/71
f 70/70/70 72/72/72 71/71/71
f 73/73/73 71/71/71 72/72/72
f 73/73/73 72/72/72 74/74/74
f 72/72/72 75/75/75 74/74/74
f 76/76/76 74/74/74 75/75/75
f 75/75/75 77/77/77 76/76/76
f 78/78/78 76/76/76 77/77/77
f 77/77/77 79/79/79 78/78/78
f 80/80/80 78/78/78 79/79/79
f 81/81/81 78/78/78 80/80/80
f 84/84/84 83/83/83 82/82/82
f 83/83/83 84/84/84 85/85/85
f 84/84/84 86/86/86 85/85/85
f 85/85/85 86/86/86 87/87/87
f 86/86/86 88/88/88 87/87/87
f 87/87/87 88/88/88 89/89/89
f 88/88/88 90/90/90 89/89/89
f 89/89/89 90/90/90 91/91/91
f 92/92/92 91/91/91 90/90/90
f 91/91/91 92/92/92 93/93/93
f 96/96/96 95/95/95 94/94/94
f 95/95/95 96/96/96 97/97/97
f 96/96/96 98/98/98 97/97/97
f 99/99/99 97/97/97 98/98/98
f 98/98/98 100/100/100 99/99/99
f 101/101/101 99/99/99 100/100/100
f 102/102/102 101/101/101 100/100/100
f 101/101/101 102/102/102 103/103/103
f 104/104/104 103/103/103 102/102/102
f 103/103/103 104/104/104 105/105/105
f 108/108/108 107/107/107 106/106/106
f 107/107/107 108/108/108 109/109/109
f 108/108/108 110/110/110 109/109/109
f 111/111/111 109/109/109 110/110/110
f 110/110/110 112/112/112 111/111/111
f 113/113/113 111/111/111 112/112/112
f 112/112/112 114/114/114 113/113/113
f 115/115/115 113/113/113 114/114/114
f 115/115/115 114/114/114 116/116/116
f 117/117/117 116/116/116 114/114/114
f 120/120/120 119/119/119 118/118/118
f 119/119/119 120/120/120 121/121/121
f 120/120/120 122/122/122 121/121/121
f 123/123/123 121/121/121 122/122/122
f 122/122/122 124/124/124 123/123/123
f 125/125/125 123/123/123 124/124/124
f 126/126/126 125/125/125 124/124/124
f 125/125/125 126/126/126 127/127/127
f 128/128/128 127/127/127 126/126/126
f 127/127/127 128/128/128 129/129/129
f 132/132/132 131/131/131 130/130/130
f 131/131/131 132/132/132 133/133/133
f 134/134/134 133/133/133 132/132/132
f 135/135/135 133/133/133 134/134/134
f 136/136/136 135/135/135 134/134/134
f 137/137/137 135/135/135 136/136/136
f 138/138/138 137/137/137 136/136/136
f 139/139/139 137/137/137 138/138/138
f 139/139/139 138/138/138 140/140/140
f 141/141/141 140/140/140 138/138/138
f 144/144/144 143/143/143 142/142/142
f 143/143/143 144/144/144 145/145/145
f 144/144/144 146/146/146 145/145/145
f 145/145/145 146/146/146 147/147/147
f 146/146/146 148/148/148 147/147/147
f 147/147/147 148/148/148 149/149/149
f 148/148/148 150/150/150 149/149/149
f 149/149/149 150/150/150 151/151/151
f 151/151/151 150/150/150 152/152/152
f 153/153/153 152/152/152 150/150/150
f 154/154/154 152/152/152 153/153/153
f 155/155/155 154/154/154 153/153/153
f 154/154/154 155/155/155 156/156/156
f 157/157/157 156/156/156 155/155/155
f 158/158/158 156/156/156 157/157/157
f 159/159/159 158/158/158 157/157/157
f 162/162/162 161/161/161 160/160/160
f 163/163/163 161/161/161 162/162/162
f 164/164/164 163/163/163 162/162/162
f 165/165/165 163/163/163 164/164/164
f 166/166/166 165/165/165 164/164/164
f 167/167/167 166/166/166 164/164/164
f 168/168/168 165/165/165 166/166/166
f 167/167/167 169/169/169 166/166/166
f 170/170/170 168/168/168 166/166/166
f 170/170/170 166/166/166 169/169/169
f 171/171/171 168/168/168 170/170/170
f 172/172/172 170/170/170 169/169/169
f 171/171/171 170/170/170 173/173/173
f 174/174/174 173/173/173 170/170/170
f 174/174/174 170/170/170 172/172/172
f 175/175/175 173/173/173 174/174/174
f 174/174/174 172/172/172 176/176/176
f 174/174/174 176/176/176 175/175/175
f 177/177/177 176/176/176 172/172/172
f 178/178/178 175/175/175 176/176/176
f 176/176/176 177/177/177 179/179/179
f 176/176/176 179/179/179 178/178/178
f 180/180/180 178/178/178 179/179/179
f 181/181/181 178/178/178 180/180/180
f 184/184/184 183/183/183 182/182/182
f 185/185/185 183/183/183 184/184/184
f 186/186/186 185/185/185 184/184/184
f 187/187/187 185/185/185 186/186/186
f 187/187/187 186/186/186 188/188/188
f 189/189/189 188/188/188 186/186/186
f 188/188/188 189/189/189 190/190/190
f 191/191/191 190/190/190 189/189/189
f 192/192/192 190/190/190 191/191/191
f 193/193/193 190/190/190 192/192/192
f 194/194/194 193/193/193 192/192/192
f 195/195/195 193/193/193 194/194/194
f 195/195/195 194/194/194 196/196/196
f 197/197/197 196/196/196 194/194/194
f 198/198/198 196/196/196 197/197/197
f 199/199/199 196/196/196 198/198/198
f 202/202/202 201/201/201 200/200/200
f 200/200/200 203/203/203 202/202/202
f 204/204/204 202/202/202 203/203/203
f 205/205/205 204/204/204 203/203/203
f 206/206/206 204/204/204 205/205/205
f 207/207/207 206/206/206 205/205/205
f 206/206/206 207/207/207 208/208/208
f 209/209/209 208/208/208 207/207/207
f 212/212/212 211/211/211 210/210/210
f 213/213/213 212/212/212 210/210/210
f 212/212/212 213/213/213 214/214/214
f 215/215/215 214/214/214 213/213/213
f 215/215/215 216/216/216 214/214/214
f 217/217/217 214/214/214 216/216/216
f 216/216/216 218/218/218 217/217/217
f 217/217/217 218/218/218 219/219/219
f 219/219/219 218/218/218 220/220/220
f 221/221/221 220/220/220 218/218/218
f 222/222/222 220/220/220 221/221/221
f 220/220/220 222/222/222 223/223/223
f 224/224/224 223/223/223 222/222/222
f 223/223/223 224/224/224 225/225/225
f 226/226/226 225/225/225 224/224/224
f 227/227/227 225/225/225 226/226/226
f 230/230/230 229/229/229 228/228/228
f 231/231/231 228/228/228 229/229/229
f 228/228/228 231/231/231 232/232/232
f 233/233/233 232/232/232 231/231/231
f 234/234/234 232/232/232 233/233/233
f 235/235/235 232/232/232 234/234/234
f 236/236/236 235/235/235 234/234/234
f 237/237/237 235/235/235 236/236/236
f 238/238/238 237/237/237 236/236/236
f 239/239/239 237/237/237 238/238/238
f 240/240/240 239/239/239 238/238/238
f 241/241/241 239/239/239 240/240/240
f 242/242/242 241/241/241 240/240/240
f 243/243/243 241/241/241 242/242/242
f 244/244/244 243/243/243 242/242/242
f 245/245/245 243/243/243 244/244/244
f 248/248/248 247/247/247 246/246/246
f 246/246/246 247/247/247 249/249/249
f 250/250/250 249/249/249 247/247/247
f 249/249/249 250/250/250 251/251/251
f 252/252/252 251/251/251 250/250/250
f 253/253/253 251/251/251 252/252/252
f 252/252/252 254/254/254 253/253/253
f 253/253/253 254/254/254 255/255/255
f 256/256/256 255/255/255 254/254/254
f 254/254/254 257/257/257 256/256/256
f 258/258/258 256/256/256 257/257/257
f 257/257/257 259/259/259 258/258/258
f 258/258/258 259/259/259 260/260/260
f 259/259/259 261/261/261 260/260/260
f 260/260/260 261/261/261 262/262/262
f 263/263/263 262/262/262 261/261/261
f 266/266/266 265/265/265 264/264/264
f 267/267/267 264/264/264 265/265/265
f 268/268/268 267/267/267 265/265/265
f 267/267/267 268/268/268 269/269/269
f 269/269/269 268/268/268 270/270/270
f 268/268/268 271/271/271 270/270/270
f 270/270/270 271/271/271 272/272/272
f 271/271/271 273/273/273 272/272/272
f 272/272/272 273/273/273 274/274/274
f 273/273/273 275/275/275 274/274/274
f 276/276/276 274/274/274 275/275/275
f 274/274/274 276/276/276 277/277/277
f 276/276/276 278/278/278 277/277/277
f 279/279/279 277/277/277 278/278/278
f 278/278/278 280/280/280 279/279/279
f 281/281/281 279/279/279 280/280/280
f 284/284/284 283/283/283 282/282/282
f 283/283/283 285/285/285 282/282/282
f 282/282/282 285/285/285 286/286/286
f 285/285/285 287/287/287 286/286/286
f 288/288/288 286/286/286 287/287/287
f 287/287/287 289/289/289 288/288/288
f 289/289/289 290/290/290 288/288/288
f 291/291/291 288/288/288 290/290/290
f 290/290/290 292/292/292 291/291/291
f 293/293/293 291/291/291 292/292/292
f 292/292/292 294/294/294 293/293/293
f 295/295/295 293/293/293 294/294/294
f 296/296/296 295/295/295 294/294/294
f 297/297/297 295/295/295 296/296/296
f 297/297/297 296/296/296 298/298/298
f 299/299/299 298/298/298 296/296/296
f 302/302/302 301/301/301 300/300/300
f 301/301/301 303/303/303 300/300/300
f 300/300/300 303/303/303 304/304/304
f 305/305/305 304/304/304 303/303/303
f 304/304/304 305/305/305 306/306/306
f 307/307/307 306/306/306 305/305/305
f 308/308/308 306/306/306 307/307/307
f 306/306/306 308/308/308 309/309/309
f 310/310/310 309/309/309 308/308/308
f 311/311/311 309/309/309 310/310/310
f 312/312/312 311/311/311 310/310/310
f 313/313/313 311/311/311 312/312/312
f 312/312/312 314/314/314 313/313/313
f 315/315/315 313/313/313 314/314/314
f 315/315/315 314/314/314 316/316/316
f 317/317/317 316/316/316 314/314/314
f 320/320/320 319/319/319 318/318/318
f 319/319/319 321/321/321 318/318/318
f 318/318/318 321/321/321 322/322/322
f 323/323/323 322/322/322 321/321/321
f 322/322/322 323/323/323 324/324/324
f 325/325/325 324/324/324 323/323/323
f 326/326/326 324/324/324 325/325/325
f 324/324/324 326/326/326 327/327/327
f 328/328/328 327/327/327 326/326/326
f 329/329/329 327/327/327 328/328/328
f 330/330/330 329/329/329 328/328/328
f 331/331/331 329/329/329 330/330/330
f 330/330/330 332/332/332 331/331/331
f 333/333/333 331/331/331 332/332/332
f 333/333/333 332/332/332 334/334/334
f 335/335/335 334/334/334 332/332/332
f 338/338/338 337/337/337 336/336/336
f 336/336/336 337/337/337 339/339/339
f 337/337/337 340/340/340 339/339/339
f 339/339/339 340/340/340 341/341/341
f 340/340/340 342/342/342 341/341/341
f 341/341/341 342/342/342 343/343/343
f 343/343/343 342/342/342 344/344/344
f 345/345/345 344/344/344 342/342/342
f 346/346/346 344/344/344 345/345/345
f 347/347/347 346/346/346 345/345/345
f 346/346/346 347/347/347 348/348/348
f 349/349/349 348/348/348 347/347/347
f 350/350/350 348/348/348 349/349/349
f 351/351/351 350/350/350 349/349/349
f 352/352/352 350/350/350 351/351/351
f 350/350/350 352/352/352 353/353/353
f 356/356/356 355/355/355 354/354/354
f 354/354/354 355/355/355 357/357/357
f 358/358/358 357/357/357 355/355/355
f 357/357/357 358/358/358 359/359/359
f 360/360/360 359/359/359 358/358/358
f 359/359/359 360/360/360 361/361/361
f 361/361/361 360/360/360 362/362/362
f 360/360/360 363/363/363 362/362/362
f 364/364/364 362/362/362 363/363/363
f 365/365/365 362/362/362 364/364/364
f 364/364/364 366/366/366 365/365/365
f 367/367/367 365/365/365 366/366/366
f 368/368/368 367/367/367 366/366/366
f 367/367/367 368/368/368 369/369/369
f 369/369/369 368/368/368 370/370/370
f 368/368/368 371/371/371 370/370/370
f 374/374/374 373/373/373 372/372/372
f 375/375/375 372/372/372 373/373/373
f 372/372/372 375/375/375 376/376/376
f 377/377/377 376/376/376 375/375/375
f 376/376/376 377/377/377 378/378/378
f 379/379/379 378/378/378 377/377/377
f 380/380/380 378/378/378 379/379/379
f 378/378/378 380/380/380 381/381/381
f 381/381/381 380/380/380 382/382/382
f 383/383/383 382/382/382 380/380/380
f 382/382/382 383/383/383 384/384/384
f 383/383/383 385/385/385 384/384/384
f 386/386/386 384/384/384 385/385/385
f 387/387/387 384/384/384 386/386/386
f 388/388/388 387/387/387 386/386/386
f 389/389/389 388/388/388 386/386/386
f 392/392/392 391/391/391 390/390/390
f 393/393/393 390/390/390 391/391/391
f 390/390/390 393/393/393 394/394/394
f 395/395/395 394/394/394 393/393/393
f 394/394/394 396/396/396 390/390/390
f 395/395/395 397/397/397 394/394/394
f 396/396/396 394/394/394 398/398/398
f 394/394/394 397/397/397 399/399/399
f 399/399/399 398/398/398 394/394/394
f 397/397/397 400/400/400 399/399/399
f 401/401/401 398/398/398 399/399/399
f 399/399/399 400/400/400 401/401/401
f 400/400/400 402/402/402 401/401/401
f 401/401/401 402/402/402 403/403/403
f 403/403/403 402/402/402 404/404/404
f 404/404/404 405/405/405 403/403/403
f 406/406/406 404/404/404 402/402/402
f 404/404/404 407/407/407 405/405/405
f 404/404/404 406/406/406 407/407/407
f 408/408/408 405/405/405 407/407/407
f 409/409/409 407/407/407 406/406/406
f 407/407/407 410/410/410 408/408/408
f 409/409/409 411/411/411 407/407/407
f 407/407/407 411/411/411 410/410/410
f 414/414/414 413/413/413 412/412/412
f 412/412/412 413/413/413 415/415/415
f 416/416/416 415/415/415 413/413/413
f 413/413/413 417/417/417 416/416/416
f 416/416/416 418/418/418 415/415/415
f 419/419/419 416/416/416 417/417/417
f 416/416/416 419/419/419 418/418/418
f 420/420/420 419/419/419 417/417/417
f 421/421/421 418/418/418 419/419/419
f 419/419/419 420/420/420 422/422/422
f 419/419/419 422/422/422 421/421/421
f 423/423/423 422/422/422 420/420/420
f 422/422/422 424/424/424 421/421/421
f 423/423/423 425/425/425 422/422/422
f 422/422/422 426/426/426 424/424/424
f 422/422/422 425/425/425 427/427/427
f 427/427/427 426/426/426 422/422/422
f 425/425/425 428/428/428 427/427/427
f 426/426/426 427/427/427 429/429/429
f 427/427/427 428/428/428 429/429/429
f 429/429/429 428/428/428 430/430/430
f 431/431/431 430/430/430 428/428/428
f 431/431/431 432/432/432 430/430/430
f 430/430/430 432/432/432 433/433/433
f 436/436/436 435/435/435 434/434/434
f 434/434/434 435/435/435 437/437/437
f 438/438/438 437/437/437 435/435/435
f 439/439/439 438/438/438 435/435/435
f 438/438/438 440/440/440 437/437/437
f 441/441/441 438/438/438 439/439/439
f 442/442/442 441/441/441 439/439/439
f 438/438/438 443/443/443 440/440/440
f 441/441/441 443/443/443 438/438/438
f 444/444/444 440/440/440 443/443/443
f 441/441/441 442/442/442 445/445/445
f 441/441/441 445/445/445 443/443/443
f 446/446/446 445/445/445 442/442/442
f 446/446/446 447/447/447 445/445/445
f 443/443/443 448/448/448 444/444/444
f 443/443/443 445/445/445 448/448/448
f 449/449/449 444/444/444 448/448/448
f 448/448/448 450/450/450 449/449/449
f 445/445/445 447/447/447 451/451/451
f 451/451/451 448/448/448 445/445/445
f 451/451/451 450/450/450 448/448/448
f 447/447/447 452/452/452 451/451/451
f 450/450/450 451/451/451 453/453/453
f 451/451/451 452/452/452 453/453/453
f 453/453/453 452/452/452 454/454/454
f 455/455/455 454/454/454 452/452/452
f 455/455/455 456/456/456 454/454/454
f 454/454/454 456/456/456 457/457/457
f 460/460/460 459/459/459 458/458/458
f 461/461/461 458/458/458 459/459/459
f 461/461/461 462/462/462 458/458/458
f 463/463/463 458/458/458 462/462/462
f 462/462/462 464/464/464 463/463/463
f 463/463/463 464/464/464 465/465/465
f 464/464/464 466/466/466 465/465/465
f 465/465/465 466/466/466 467/467/467
f 467/467/467 466/466/466 468/468/468
f 469/469/469 468/468/468 466/466/466
f 472/472/472 471/471/471 470/470/470
f 471/471/471 472/472/472 473/473/473
f 473/473/473 472/472/472 474/474/474
f 475/475/475 474/474/474 472/472/472
f 474/474/474 475/475/475 476/476/476
f 477/477/477 476/476/476 475/475/475
f 476/476/476 477/477/477 478/478/478
f 479/479/479 478/478/478 477/477/477
f 480/480/480 478/478/478 479/479/479
f 478/478/478 480/480/480 481/481/481
f 484/484/484 483/483/483 482/482/482
f 483/483/483 484/484/484 485/485/485
f 485/485/485 484/484/484 486/486/486
f 487/487/487 486/486/486 484/484/484
f 486/486/486 487/487/487 488/488/488
f 489/489/489 488/488/488 487/487/487
f 488/488/488 489/489/489 490/490/490
f 491/491/491 490/490/490 489/489/489
f 492/492/492 490/490/490 491/491/491
f 490/490/490 492/492/492 493/493/493
f 496/496/496 495/495/495 494/494/494
f 495/495/495 496/496/496 497/497/497
f 497/497/497 496/496/496 498/498/498
f 499/499/499 498/498/498 496/496/496
f 498/498/498 499/499/499 500/500/500
f 501/501/501 500/500/500 499/499/499
f 500/500/500 501/501/501 502/502/502
f 503/503/503 502/502/502 501/501/501
f 504/504/504 502/502/502 503/503/503
f 502/502/502 504/504/504 505/505/505
f 508/508/508 507/507/507 506/506/506
f 509/509/509 508/508/508 506/506/506
f 510/510/510 508/508/508 509/509/509
f 508/508/508 510/510/510 511/511/511
f 510/510/510 512/512/512 511/511/511
f 513/513/513 511/511/511 512/512/512
f 512/512/512 514/514/514 513/513/513
f 513/513/513 514/514/514 515/515/515
f 516/516/516 515/515/515 514/514/514
f 517/517/517 516/516/516 514/514/514
f 518/518/518 516/516/516 517/517/517
f 516/516/516 518/518/518 519/519/519
f 520/520/520 519/519/519 518/518/518
f 519/519/519 520/520/520 521/521/521
f 521/521/521 520/520/520 522/522/522
f 523/523/523 522/522/522 520/520/520
f 526/526/526 525/525/525 524/524/524
f 527/527/527 524/524/524 525/525/525
f 524/524/524 527/527/527 528/528/528
f 528/528/528 529/529/529 524/524/524
f 529/529/529 531/531/531 530/530/530
f 531/531/531 529/529/529 528/528/528
f 531/531/531 528/528/528 532/532/532
f 533/533/533 528/528/528 527/527/527
f 533/533/533 532/532/532 528/528/528
f 527/527/527 534/534/534 533/533/533
f 533/533/533 535/535/535 532/532/532
f 533/533/533 534/534/534 536/536/536
f 535/535/535 533/533/533 536/536/536
f 537/537/537 536/536/536 534/534/534
f 538/538/538 535/535/535 536/536/536
f 539/539/539 536/536/536 537/537/537
f 536/536/536 539/539/539 540/540/540
f 540/540/540 538/538/538 536/536/536
f 541/541/541 540/540/540 539/539/539
f 540/540/540 542/542/542 538/538/538
f 540/540/540 541/541/541 542/542/542
f 543/543/543 538/538/538 542/542/542
f 544/544/544 542/542/542 541/541/541
f 542/542/542 545/545/545 543/543/543
f 545/545/545 542/542/542 544/544/544
f 546/546/546 543/543/543 545/545/545
f 544/544/544 547/547/547 545/545/545
f 544/544/544 548/548/548 547/547/547
f 545/545/545 549/549/549 546/546/546
f 549/549/549 545/545/545 547/547/547
f 550/550/550 546/546/546 549/549/549
f 551/551/551 547/547/547 548/548/548
f 549/549/549 552/552/552 550/550/550
f 549/549/549 547/547/547 552/552/552
f 553/553/553 550/550/550 552/552/552
f 554/554/554 552/552/552 547/547/547
f 547/547/547 551/551/551 554/554/554
f 555/555/555 554/554/554 551/551/551
f 558/558/558 557/557/557 556/556/556
f 559/559/559 556/556/556 557/557/557
f 556/556/556 559/559/559 560/560/560
f 560/560/560 561/561/561 556/556/556
f 561/561/561 563/563/563 562/562/562
f 563/563/563 561/561/561 560/560/560
f 563/563/563 560/560/560 564/564/564
f 560/560/560 559/559/559 565/565/565
f 565/565/565 564/564/564 560/560/560
f 566/566/566 565/565/565 559/559/559
f 565/565/565 567/567/567 564/564/564
f 565/565/565 566/566/566 568/568/568
f 567/567/567 565/565/565 568/568/568
f 569/569/569 568/568/568 566/566/566
f 570/570/570 567/567/567 568/568/568
f 571/571/571 568/568/568 569/569/569
f 568/568/568 571/571/571 572/572/572
f 572/572/572 570/570/570 568/568/568
f 573/573/573 572/572/572 571/571/571
f 572/572/572 574/574/574 570/570/570
f 572/572/572 573/573/573 574/574/574
f 575/575/575 570/570/570 574/574/574
f 576/576/576 574/574/574 573/573/573
f 574/574/574 577/577/577 575/575/575
f 577/577/577 574/574/574 576/576/576
f 578/578/578 575/575/575 577/577/577
f 576/576/576 579/579/579 577/577/577
f 576/576/576 580/580/580 579/579/579
f 581/581/581 579/579/579 580/580/580
f 577/577/577 582/582/582 578/578/578
f 582/582/582 577/577/577 579/579/579
f 583/583/583 578/578/578 582/582/582
f 579/579/579 581/581/581 584/584/584
f 584/584/584 582/582/582 579/579/579
f 585/585/585 584/584/584 581/581/581
f 582/582/582 584/584/584 586/586/586
f 582/582/582 586/586/586 583/583/583
f 587/587/587 583/583/583 586/586/586
f 590/590/590 589/589/589 588/588/588
f 589/589/589 590/590/590 591/591/591
f 591/591/591 592/592/592 589/589/589
f 590/590/590 593/593/593 591/591/591
f 592/592/592 591/591/591 594/594/594
f 594/594/594 595/595/595 592/592/592
f 596/596/596 591/591/591 593/593/593
f 591/591/591 596/596/596 594/594/594
f 593/593/593 597/597/597 596/596/596
f 595/595/595 594/594/594 598/598/598
f 598/598/598 599/599/599 595/595/595
f 599/599/599 598/598/598 600/600/600
f 601/601/601 594/594/594 596/596/596
f 594/594/594 601/601/601 598/598/598
f 602/602/602 596/596/596 597/597/597
f 596/596/596 602/602/602 601/601/601
f 603/603/603 602/602/602 597/597/597
f 598/598/598 604/604/604 600/600/600
f 604/604/604 598/598/598 601/601/601
f 605/605/605 600/600/600 604/604/604
f 606/606/606 601/601/601 602/602/602
f 601/601/601 606/606/606 604/604/604
f 604/604/604 607/607/607 605/605/605
f 607/607/607 604/604/604 606/606/606
f 608/608/608 605/605/605 607/607/607
f 609/609/609 606/606/606 602/602/602
f 602/602/602 603/603/603 609/609/609
f 610/610/610 607/607/607 606/606/606
f 606/606/606 609/609/609 610/610/610
f 611/611/611 608/608/608 607/607/607
f 607/607/607 610/610/610 611/611/611
f 608/608/608 611/611/611 612/612/612
f 612/612/612 611/611/611 613/613/613
f 609/609/609 603/603/603 614/614/614
f 609/609/609 614/614/614 610/610/610
f 603/603/603 615/615/615 614/614/614
f 610/610/610 616/616/616 611/611/611
f 616/616/616 610/610/610 614/614/614
f 617/617/617 613/613/613 611/611/611
f 617/617/617 611/611/611 616/616/616
f 613/613/613 617/617/617 618/618/618
f 614/614/614 615/615/615 619/619/619
f 614/614/614 619/619/619 616/616/616
f 620/620/620 619/619/619 615/615/615
f 616/616/616 621/621/621 617/617/617
f 621/621/621 616/616/616 619/619/619
f 622/622/622 618/618/618 617/617/617
f 622/622/622 617/617/617 621/621/621
f 618/618/618 622/622/622 623/623/623
f 624/624/624 619/619/619 620/620/620
f 624/624/624 621/621/621 619/619/619
f 625/625/625 624/624/624 620/620/620
f 626/626/626 624/624/624 625/625/625
f 624/624/624 626/626/626 627/627/627
f 621/621/621 624/624/624 628/628/628
f 627/627/627 628/628/628 624/624/624
f 628/628/628 622/622/622 621/621/621
f 628/628/628 627/627/627 629/629/629
f 622/622/622 628/628/628 630/630/630
f 629/629/629 630/630/630 628/628/628
f 630/630/630 623/623/623 622/622/622
f 630/630/630 629/629/629 631/631/631
f 631/631/631 623/623/623 630/630/630
f 623/623/623 631/631/631 632/632/632
f 635/635/635 634/634/634 633/633/633
f 633/633/633 634/634/634 636/636/636
f 634/634/634 637/637/637 636/636/636
f 633/633/633 636/636/636 638/638/638
f 636/636/636 637/637/637 639/639/639
f 637/637/637 640/640/640 639/639/639
f 638/638/638 636/636/636 641/641/641
f 636/636/636 639/639/639 641/641/641
f 643/643/643 638/638/638 642/642/642
f 641/641/641 642/642/642 638/638/638
f 642/642/642 641/641/641 644/644/644
f 645/645/645 644/644/644 641/641/641
f 641/641/641 639/639/639 645/645/645
f 644/644/644 645/645/645 646/646/646
f 639/639/639 647/647/647 645/645/645
f 639/639/639 640/640/640 647/647/647
f 648/648/648 646/646/646 645/645/645
f 645/645/645 647/647/647 648/648/648
f 648/648/648 649/649/649 646/646/646
f 648/648/648 647/647/647 649/649/649
f 646/646/646 649/649/649 650/650/650
f 647/647/647 640/640/640 651/651/651
f 651/651/651 649/649/649 647/647/647
f 652/652/652 651/651/651 640/640/640
f 649/649/649 653/653/653 650/650/650
f 650/650/650 653/653/653 654/654/654
f 651/651/651 655/655/655 649/649/649
f 651/651/651 652/652/652 655/655/655
f 649/649/649 655/655/655 653/653/653
f 656/656/656 655/655/655 652/652/652
f 653/653/653 657/657/657 654/654/654
f 653/653/653 655/655/655 657/657/657
f 654/654/654 657/657/657 658/658/658
f 655/655/655 656/656/656 659/659/659
f 659/659/659 657/657/657 655/655/655
f 660/660/660 659/659/659 656/656/656
f 657/657/657 661/661/661 658/658/658
f 657/657/657 659/659/659 661/661/661
f 658/658/658 661/661/661 662/662/662
f 659/659/659 660/660/660 663/663/663
f 663/663/663 661/661/661 659/659/659
f 664/664/664 663/663/663 660/660/660
f 665/665/665 663/663/663 664/664/664
f 663/663/663 665/665/665 666/666/666
f 666/666/666 667/667/667 663/663/663
f 661/661/661 663/663/663 667/667/667
f 667/667/667 662/662/662 661/661/661
f 662/662/662 667/667/667 668/668/668
f 671/671/671 670/670/670 669/669/669
f 672/672/672 670/670/670 671/671/671
f 672/672/672 673/673/673 670/670/670
f 674/674/674 672/672/672 671/671/671
f 675/675/675 673/673/673 672/672/672
f 676/676/676 672/672/672 674/674/674
f 676/676/676 675/675/675 672/672/672
f 677/677/677 676/676/676 674/674/674
f 678/678/678 675/675/675 676/676/676
f 679/679/679 676/676/676 677/677/677
f 679/679/679 678/678/678 676/676/676
f 677/677/677 680/680/680 679/679/679
f 681/681/681 678/678/678 679/679/679
f 682/682/682 679/679/679 680/680/680
f 682/682/682 681/681/681 679/679/679
f 683/683/683 681/681/681 682/682/682
f 684/684/684 682/682/682 680/680/680
f 683/683/683 682/682/682 685/685/685
f 686/686/686 682/682/682 684/684/684
f 686/686/686 685/685/685 682/682/682
f 687/687/687 686/686/686 684/684/684
f 685/685/685 686/686/686 688/688/688
f 689/689/689 686/686/686 687/687/687
f 689/689/689 688/688/688 686/686/686
f 690/690/690 689/689/689 687/687/687
f 688/688/688 689/689/689 691/691/691
f 692/692/692 689/689/689 690/690/690
f 692/692/692 691/691/691 689/689/689
f 693/693/693 692/692/692 690/690/690
f 691/691/691 692/692/692 694/694/694
f 695/695/695 692/692/692 693/693/693
f 695/695/695 694/694/694 692/692/692
f 698/698/698 697/697/697 696/696/696
f 696/696/696 697/697/697 699/699/699
f 697/697/697 700/700/700 699/699/699
f 696/696/696 699/699/699 701/701/701
f 699/699/699 700/700/700 702/702/702
f 700/700/700 703/703/703 702/702/702
f 704/704/704 701/701/701 699/699/699
f 699/699/699 702/702/702 704/704/704
f 701/701/701 704/704/704 705/705/705
f 702/702/702 703/703/703 706/706/706
f 707/707/707 706/706/706 703/703/703
f 708/708/708 704/704/704 702/702/702
f 702/702/702 706/706/706 708/708/708
f 709/709/709 705/705/705 704/704/704
f 704/704/704 708/708/708 709/709/709
f 705/705/705 711/711/711 710/710/710
f 709/709/709 711/711/711 705/705/705
f 711/711/711 709/709/709 712/712/712
f 713/713/713 712/712/712 709/709/709
f 713/713/713 709/709/709 708/708/708
f 713/713/713 714/714/714 712/712/712
f 708/708/708 715/715/715 713/713/713
f 715/715/715 708/708/708 706/706/706
f 716/716/716 714/714/714 713/713/713
f 716/716/716 713/713/713 715/715/715
f 717/717/717 714/714/714 716/716/716
f 718/718/718 716/716/716 715/715/715
f 718/718/718 717/717/717 716/716/716
f 719/719/719 715/715/715 706/706/706
f 719/719/719 718/718/718 715/715/715
f 718/718/718 720/720/720 717/717/717
f 720/720/720 718/718/718 719/719/719
f 721/721/721 717/717/717 720/720/720
f 722/722/722 719/719/719 706/706/706
f 706/706/706 707/707/707 722/722/722
f 719/719/719 723/723/723 720/720/720
f 722/722/722 723/723/723 719/719/719
f 720/720/720 724/724/724 721/721/721
f 724/724/724 720/720/720 723/723/723
f 725/725/725 721/721/721 724/724/724
f 726/726/726 722/722/722 707/707/707
f 722/722/722 726/726/726 723/723/723
f 727/727/727 726/726/726 707/707/707
f 723/723/723 728/728/728 724/724/724
f 728/728/728 723/723/723 726/726/726
f 724/724/724 729/729/729 725/725/725
f 724/724/724 728/728/728 729/729/729
f 730/730/730 725/725/725 729/729/729
f 730/730/730 729/729/729 731/731/731
f 732/732/732 731/731/731 729/729/729
f 729/729/729 733/733/733 732/732/732
f 733/733/733 729/729/729 728/728/728
f 734/734/734 732/732/732 733/733/733
f 726/726/726 735/735/735 728/728/728
f 735/735/735 733/733/733 728/728/728
f 735/735/735 726/726/726 727/727/727
f 736/736/736 735/735/735 727/727/727
f 733/733/733 737/737/737 734/734/734
f 737/737/737 733/733/733 735/735/735
f 737/737/737 735/735/735 736/736/736
f 734/734/734 737/737/737 738/738/738
f 739/739/739 737/737/737 736/736/736
f 737/737/737 740/740/740 738/738/738
f 740/740/740 737/737/737 739/739/739
f 743/743/743 742/742/742 741/741/741
f 741/741/741 744/744/744 743/743/743
f 741/741/741 745/745/745 744/744/744
f 743/743/743 744/744/744 746/746/746
f 744/744/744 745/745/745 747/747/747
f 748/748/748 746/746/746 744/744/744
f 744/744/744 747/747/747 748/748/748
f 749/749/749 746/746/746 748/748/748
f 747/747/747 750/750/750 748/748/748
f 748/748/748 750/750/750 751/751/751
f 748/748/748 751/751/751 749/749/749
f 751/751/751 750/750/750 752/752/752
f 753/753/753 749/749/749 751/751/751
f 751/751/751 752/752/752 753/753/753
f 749/749/749 753/753/753 754/754/754
f 752/752/752 755/755/755 753/753/753
f 756/756/756 754/754/754 753/753/753
f 753/753/753 755/755/755 756/756/756
f 757/757/757 754/754/754 756/756/756
f 758/758/758 756/756/756 755/755/755
f 759/759/759 757/757/757 756/756/756
f 756/756/756 758/758/758 759/759/759
f 758/758/758 760/760/760 759/759/759
f 761/761/761 757/757/757 759/759/759
f 760/760/760 762/762/762 759/759/759
f 763/763/763 761/761/761 759/759/759
f 763/763/763 759/759/759 762/762/762
f 764/764/764 761/761/761 763/763/763
f 762/762/762 765/765/765 763/763/763
f 764/764/764 763/763/763 766/766/766
f 767/767/767 763/763/763 765/765/765
f 767/767/767 766/766/766 763/763/763
f 770/770/770 769/769/769 768/768/768
f 771/771/771 768/768/768 769/769/769
f 772/772/772 771/771/771 769/769/769
f 768/768/768 771/771/771 773/773/773
f 774/774/774 771/771/771 772/772/772
f 775/775/775 774/774/774 772/772/772
f 773/773/773 771/771/771 776/776/776
f 774/774/774 776/776/776 771/771/771
f 773/773/773 776/776/776 777/777/777
f 778/778/778 777/777/777 776/776/776
f 778/778/778 776/776/776 779/779/779
f 780/780/780 776/776/776 774/774/774
f 780/780/780 779/779/779 776/776/776
f 781/781/781 774/774/774 775/775/775
f 781/781/781 780/780/780 774/774/774
f 782/782/782 781/781/781 775/775/775
f 780/780/780 783/783/783 779/779/779
f 783/783/783 780/780/780 781/781/781
f 784/784/784 779/779/779 783/783/783
f 784/784/784 783/783/783 785/785/785
f 781/781/781 782/782/782 786/786/786
f 786/786/786 783/783/783 781/781/781
f 787/787/787 785/785/785 783/783/783
f 783/783/783 786/786/786 787/787/787
f 787/787/787 788/788/788 785/785/785
f 787/787/787 786/786/786 788/788/788
f 789/789/789 785/785/785 788/788/788
f 789/789/789 788/788/788 790/790/790
f 791/791/791 786/786/786 782/782/782
f 791/791/791 788/788/788 786/786/786
f 792/792/792 791/791/791 782/782/782
f 793/793/793 790/790/790 788/788/788
f 788/788/788 791/791/791 793/793/793
f 790/790/790 793/793/793 794/794/794
f 791/791/791 792/792/792 795/795/795
f 795/795/795 793/793/793 791/791/791
f 796/796/796 795/795/795 792/792/792
f 797/797/797 794/794/794 793/793/793
f 797/797/797 793/793/793 795/795/795
f 794/794/794 797/797/797 798/798/798
f 799/799/799 798/798/798 797/797/797
f 797/797/797 800/800/800 799/799/799
f 795/795/795 796/796/796 801/801/801
f 801/801/801 797/797/797 795/795/795
f 800/800/800 797/797/797 801/801/801
f 796/796/796 802/802/802 801/801/801
f 801/801/801 802/802/802 800/800/800
f 803/803/803 800/800/800 802/802/802
f 806/806/806 805/805/805 804/804/804
f 807/807/807 804/804/804 805/805/805
f 805/805/805 808/808/808 807/807/807
f 804/804/804 807/807/807 809/809/809
f 810/810/810 807/807/807 808/808/808
f 808/808/808 811/811/811 810/810/810
f 812/812/812 809/809/809 807/807/807
f 807/807/807 810/810/810 812/812/812
f 809/809/809 812/812/812 813/813/813
f 814/814/814 810/810/810 811/811/811
f 815/815/815 814/814/814 811/811/811
f 816/816/816 812/812/812 810/810/810
f 810/810/810 814/814/814 816/816/816
f 817/817/817 813/813/813 812/812/812
f 812/812/812 816/816/816 817/817/817
f 817/817/817 818/818/818 813/813/813
f 819/819/819 813/813/813 818/818/818
f 818/818/818 820/820/820 819/819/819
f 820/820/820 818/818/818 821/821/821
f 822/822/822 821/821/821 818/818/818
f 818/818/818 817/817/817 822/822/822
f 821/821/821 822/822/822 823/823/823
f 824/824/824 822/822/822 817/817/817
f 824/824/824 817/817/817 816/816/816
f 825/825/825 823/823/823 822/822/822
f 822/822/822 824/824/824 825/825/825
f 823/823/823 825/825/825 826/826/826
f 824/824/824 816/816/816 827/827/827
f 827/827/827 825/825/825 824/824/824
f 828/828/828 827/827/827 816/816/816
f 828/828/828 816/816/816 814/814/814
f 829/829/829 825/825/825 827/827/827
f 827/827/827 828/828/828 829/829/829
f 830/830/830 826/826/826 825/825/825
f 825/825/825 829/829/829 830/830/830
f 826/826/826 830/830/830 831/831/831
f 831/831/831 830/830/830 832/832/832
f 833/833/833 828/828/828 814/814/814
f 814/814/814 815/815/815 833/833/833
f 830/830/830 834/834/834 832/832/832
f 835/835/835 832/832/832 834/834/834
f 828/828/828 833/833/833 836/836/836
f 828/828/828 836/836/836 829/829/829
f 837/837/837 833/833/833 815/815/815
f 838/838/838 837/837/837 815/815/815
f 839/839/839 836/836/836 833/833/833
f 836/836/836 839/839/839 829/829/829
f 837/837/837 839/839/839 833/833/833
f 840/840/840 830/830/830 829/829/829
f 840/840/840 829/829/829 839/839/839
f 830/830/830 840/840/840 834/834/834
f 840/840/840 839/839/839 841/841/841
f 841/841/841 834/834/834 840/840/840
f 839/839/839 837/837/837 842/842/842
f 842/842/842 841/841/841 839/839/839
f 843/843/843 837/837/837 838/838/838
f 843/843/843 842/842/842 837/837/837
f 844/844/844 843/843/843 838/838/838
f 834/834/834 841/841/841 845/845/845
f 834/834/834 845/845/845 835/835/835
f 835/835/835 845/845/845 846/846/846
f 847/847/847 845/845/845 841/841/841
f 842/842/842 847/847/847 841/841/841
f 845/845/845 848/848/848 846/846/846
f 845/845/845 847/847/847 848/848/848
f 846/846/846 848/848/848 849/849/849
f 850/850/850 849/849/849 848/848/848
f 848/848/848 847/847/847 850/850/850
f 851/851/851 850/850/850 847/847/847
f 851/851/851 847/847/847 852/852/852
f 847/847/847 842/842/842 853/853/853
f 853/853/853 852/852/852 847/847/847
f 853/853/853 842/842/842 843/843/843
f 853/853/853 854/854/854 852/852/852
f 854/854/854 853/853/853 843/843/843
f 854/854/854 843/843/843 844/844/844
f 855/855/855 852/852/852 854/854/854
f 856/856/856 854/854/854 844/844/844
f 854/854/854 857/857/857 855/855/855
f 857/857/857 854/854/854 856/856/856
f 860/860/860 859/859/859 858/858/858
f 861/861/861 858/858/858 859/859/859
f 859/859/859 862/862/862 861/861/861
f 858/858/858 861/861/861 863/863/863
f 864/864/864 861/861/861 862/862/862
f 865/865/865 864/864/864 862/862/862
f 866/866/866 863/863/863 861/861/861
f 861/861/861 864/864/864 866/866/866
f 863/863/863 866/866/866 867/867/867
f 864/864/864 865/865/865 868/868/868
f 869/869/869 868/868/868 865/865/865
f 870/870/870 867/867/867 866/866/866
f 867/867/867 870/870/870 871/871/871
f 872/872/872 866/866/866 864/864/864
f 866/866/866 872/872/872 870/870/870
f 872/872/872 864/864/864 873/873/873
f 868/868/868 873/873/873 864/864/864
f 874/874/874 870/870/870 872/872/872
f 873/873/873 874/874/874 872/872/872
f 875/875/875 871/871/871 870/870/870
f 870/870/870 874/874/874 875/875/875
f 871/871/871 875/875/875 876/876/876
f 876/876/876 875/875/875 877/877/877
f 875/875/875 878/878/878 877/877/877
f 878/878/878 875/875/875 874/874/874
f 877/877/877 878/878/878 879/879/879
f 874/874/874 880/880/880 878/878/878
f 874/874/874 873/873/873 880/880/880
f 878/878/878 881/881/881 879/879/879
f 881/881/881 878/878/878 880/880/880
f 879/879/879 881/881/881 882/882/882
f 883/883/883 880/880/880 873/873/873
f 873/873/873 868/868/868 883/883/883
f 884/884/884 882/882/882 881/881/881
f 882/882/882 884/884/884 885/885/885
f 886/886/886 885/885/885 884/884/884
f 887/887/887 881/881/881 880/880/880
f 881/881/881 887/887/887 884/884/884
f 880/880/880 883/883/883 887/887/887
f 884/884/884 888/888/888 886/886/886
f 884/884/884 887/887/887 888/888/888
f 886/886/886 888/888/888 889/889/889
f 890/890/890 887/887/887 883/883/883
f 891/891/891 889/889/889 888/888/888
f 892/892/892 889/889/889 891/891/891
f 893/893/893 888/888/888 887/887/887
f 888/888/888 893/893/893 891/891/891
f 887/887/887 890/890/890 893/893/893
f 891/891/891 894/894/894 892/892/892
f 892/892/892 896/896/896 895/895/895
f 896/896/896 892/892/892 894/894/894
f 897/897/897 891/891/891 893/893/893
f 891/891/891 897/897/897 894/894/894
f 894/894/894 898/898/898 896/896/896
f 898/898/898 894/894/894 897/897/897
f 899/899/899 896/896/896 898/898/898
f 898/898/898 900/900/900 899/899/899
f 900/900/900 898/898/898 901/901/901
f 898/898/898 897/897/897 901/901/901
f 901/901/901 902/902/902 900/900/900
f 897/897/897 893/893/893 903/903/903
f 903/903/903 901/901/901 897/897/897
f 890/890/890 903/903/903 893/893/893
f 902/902/902 901/901/901 904/904/904
f 901/901/901 903/903/903 904/904/904
f 904/904/904 905/905/905 902/902/902
f 905/905/905 904/904/904 906/906/906
f 907/907/907 904/904/904 903/903/903
f 904/904/904 907/907/907 906/906/906
f 903/903/903 890/890/890 907/907/907
f 908/908/908 906/906/906 907/907/907
f 907/907/907 909/909/909 908/908/908
f 909/909/909 907/907/907 890/890/890
f 910/910/910 908/908/908 909/909/909
f 909/909/909 890/890/890 911/911/911
f 911/911/911 910/910/910 909/909/909
f 883/883/883 911/911/911 890/890/890
f 910/910/910 911/911/911 869/869/869
f 911/911/911 883/883/883 868/868/868
f 868/868/868 869/869/869 911/911/911
f 914/914/914 913/913/913 912/912/912
f 915/915/915 914/914/914 912/912/912
f 912/912/912 916/916/916 915/915/915
f 914/914/914 915/915/915 917/917/917
f 916/916/916 918/918/918 915/915/915
f 919/919/919 917/917/917 915/915/915
f 915/915/915 918/918/918 919/919/919
f 917/917/917 919/919/919 920/920/920
f 921/921/921 919/919/919 918/918/918
f 919/919/919 921/921/921 922/922/922
f 919/919/919 922/922/922 920/920/920
f 921/921/921 923/923/923 922/922/922
f 924/924/924 922/922/922 923/923/923
f 925/925/925 920/920/920 922/922/922
f 922/922/922 924/924/924 925/925/925
f 920/920/920 925/925/925 926/926/926
f 924/924/924 927/927/927 925/925/925
f 928/928/928 926/926/926 925/925/925
f 925/925/925 927/927/927 928/928/928
f 926/926/926 928/928/928 929/929/929
f 927/927/927 930/930/930 928/928/928
f 928/928/928 931/931/931 929/929/929
f 928/928/928 930/930/930 931/931/931
f 929/929/929 931/931/931 932/932/932
f 930/930/930 933/933/933 931/931/931
f 931/931/931 934/934/934 932/932/932
f 931/931/931 933/933/933 934/934/934
f 935/935/935 932/932/932 934/934/934
f 936/936/936 934/934/934 933/933/933
f 935/935/935 934/934/934 937/937/937
f 934/934/934 936/936/936 938/938/938
f 938/938/938 937/937/937 934/934/934
f 941/941/941 940/940/940 939/939/939
f 940/940/940 941/941/941 942/942/942
f 940/940/940 942/942/942 943/943/943
f 944/944/944 943/943/943 942/942/942
f 945/945/945 942/942/942 941/941/941
f 944/944/944 942/942/942 946/946/946
f 942/942/942 945/945/945 946/946/946
f 946/946/946 945/945/945 947/947/947
f 948/948/948 947/947/947 945/945/945
f 949/949/949 947/947/947 948/948/948
f 950/950/950 947/947/947 949/949/949
f 950/950/950 949/949/949 951/951/951
f 952/952/952 951/951/951 949/949/949
f 953/953/953 951/951/951 952/952/952
f 953/953/953 954/954/954 951/951/951
f 955/955/955 953/953/953 952/952/952
f 953/953/953 956/956/956 954/954/954
f 957/957/957 953/953/953 955/955/955
f 956/956/956 953/953/953 957/957/957
f 958/958/958 957/957/957 955/955/955
f 957/957/957 959/959/959 956/956/956
f 957/957/957 958/958/958 959/959/959
f 956/956/956 959/959/959 960/960/960
f 961/961/961 959/959/959 958/958/958
f 964/964/964 963/963/963 962/962/962
f 963/963/963 965/965/965 962/962/962
f 966/966/966 965/965/965 963/963/963
f 965/965/965 966/966/966 967/967/967
f 968/968/968 962/962/962 965/965/965
f 965/965/965 967/967/967 969/969/969
f 965/965/965 969/969/969 968/968/968
f 968/968/968 969/969/969 970/970/970
f 971/971/971 970/970/970 969/969/969
f 971/971/971 972/972/972 970/970/970
f 970/970/970 972/972/972 973/973/973
f 973/973/973 972/972/972 974/974/974
f 975/975/975 974/974/974 972/972/972
f 976/976/976 974/974/974 975/975/975
f 977/977/977 976/976/976 975/975/975
f 974/974/974 976/976/976 978/978/978
f 977/977/977 979/979/979 976/976/976
f 980/980/980 978/978/978 976/976/976
f 980/980/980 976/976/976 979/979/979
f 981/981/981 980/980/980 979/979/979
f 978/978/978 980/980/980 982/982/982
f 983/983/983 980/980/980 981/981/981
f 980/980/980 983/983/983 982/982/982
f 982/982/982 983/983/983 984/984/984
f 987/987/987 986/986/986 985/985/985
f 986/986/986 988/988/988 985/985/985
f 985/985/985 988/988/988 989/989/989
f 986/986/986 990/990/990 988/988/988
f 991/991/991 989/989/989 988/988/988
f 989/989/989 991/991/991 992/992/992
f 993/993/993 988/988/988 990/990/990
f 991/991/991 988/988/988 993/993/993
f 990/990/990 994/994/994 993/993/993
f 994/994/994 995/995/995 993/993/993
f 995/995/995 996/996/996 993/993/993
f 996/996/996 991/991/991 993/993/993
f 997/997/997 996/996/996 995/995/995
f 991/991/991 998/998/998 992/992/992
f 991/991/991 996/996/996 998/998/998
f 992/992/992 998/998/998 999/999/999
f 996/996/996 997/997/997 1000/1000/1000
f 1000/1000/1000 998/998/998 996/996/996
f 1001/1001/1001 1000/1000/1000 997/997/997
f 1002/1002/1002 999/999/999 998/998/998
f 1002/1002/1002 998/998/998 1000/1000/1000
f 1004/1004/1004 999/999/999 1003/1003/1003
f 1002/1002/1002 1003/1003/1003 999/999/999
f 1002/1002/1002 1005/1005/1005 1003/1003/1003
f 1001/1001/1001 1006/1006/1006 1000/1000/1000
f 1006/1006/1006 1002/1002/1002 1000/1000/1000
f 1005/1005/1005 1002/1002/1002 1006/1006/1006
f 1007/1007/1007 1006/1006/1006 1001/1001/1001
f 1005/1005/1005 1006/1006/1006 1008/1008/1008
f 1007/1007/1007 1008/1008/1008 1006/1006/1006
f 1011/1011/1011 1010/1010/1010 1009/1009/1009
f 1012/1012/1012 1009/1009/1009 1010/1010/1010
f 1012/1012/1012 1013/1013/1013 1009/1009/1009
f 1010/1010/1010 1014/1014/1014 1012/1012/1012
f 1013/1013/1013 1012/1012/1012 1015/1015/1015
f 1016/1016/1016 1013/1013/1013 1015/1015/1015
f 1016/1016/1016 1015/1015/1015 1017/1017/1017
f 1017/1017/1017 1015/1015/1015 1018/1018/1018
f 1019/1019/1019 1018/1018/1018 1015/1015/1015
f 1012/1012/1012 1020/1020/1020 1015/1015/1015
f 1019/1019/1019 1015/1015/1015 1020/1020/1020
f 1020/1020/1020 1012/1012/1012 1014/1014/1014
f 1020/1020/1020 1021/1021/1021 1019/1019/1019
f 1020/1020/1020 1014/1014/1014 1021/1021/1021
f 1019/1019/1019 1021/1021/1021 1022/1022/1022
f 1021/1021/1021 1014/1014/1014 1023/1023/1023
f 1024/1024/1024 1022/1022/1022 1021/1021/1021
f 1023/1023/1023 1025/1025/1025 1021/1021/1021
f 1026/1026/1026 1024/1024/1024 1021/1021/1021
f 1026/1026/1026 1021/1021/1021 1025/1025/1025
f 1027/1027/1027 1024/1024/1024 1026/1026/1026
f 1027/1027/1027 1026/1026/1026 1025/1025/1025
f 1024/1024/1024 1027/1027/1027 1028/1028/1028
f 1029/1029/1029 1027/1027/1027 1025/1025/1025
f 1032/1032/1032 1031/1031/1031 1030/1030/1030
f 1033/1033/1033 1030/1030/1030 1031/1031/1031
f 1033/1033/1033 1031/1031/1031 1034/1034/1034
f 1033/1033/1033 1035/1035/1035 1030/1030/1030
f 1036/1036/1036 1033/1033/1033 1034/1034/1034
f 1034/1034/1034 1037/1037/1037 1036/1036/1036
f 1035/1035/1035 1033/1033/1033 1038/1038/1038
f 1038/1038/1038 1033/1033/1033 1036/1036/1036
f 1039/1039/1039 1035/1035/1035 1038/1038/1038
f 1036/1036/1036 1037/1037/1037 1040/1040/1040
f 1040/1040/1040 1038/1038/1038 1036/1036/1036
f 1041/1041/1041 1040/1040/1040 1037/1037/1037
f 1040/1040/1040 1041/1041/1041 1042/1042/1042
f 1042/1042/1042 1038/1038/1038 1040/1040/1040
f 1041/1041/1041 1043/1043/1043 1042/1042/1042
f 1044/1044/1044 1039/1039/1039 1038/1038/1038
f 1038/1038/1038 1042/1042/1042 1044/1044/1044
f 1044/1044/1044 1045/1045/1045 1039/1039/1039
f 1046/1046/1046 1039/1039/1039 1045/1045/1045
f 1047/1047/1047 1044/1044/1044 1042/1042/1042
f 1045/1045/1045 1044/1044/1044 1047/1047/1047
f 1047/1047/1047 1042/1042/1042 1043/1043/1043
f 1045/1045/1045 1048/1048/1048 1046/1046/1046
f 1049/1049/1049 1046/1046/1046 1048/1048/1048
f 1050/1050/1050 1045/1045/1045 1047/1047/1047
f 1047/1047/1047 1043/1043/1043 1050/1050/1050
f 1048/1048/1048 1045/1045/1045 1050/1050/1050
f 1043/1043/1043 1051/1051/1051 1050/1050/1050
f 1051/1051/1051 1048/1048/1048 1050/1050/1050
f 1051/1051/1051 1043/1043/1043 1052/1052/1052
f 1048/1048/1048 1053/1053/1053 1049/1049/1049
f 1053/1053/1053 1048/1048/1048 1051/1051/1051
f 1054/1054/1054 1049/1049/1049 1053/1053/1053
f 1051/1051/1051 1052/1052/1052 1055/1055/1055
f 1055/1055/1055 1053/1053/1053 1051/1051/1051
f 1052/1052/1052 1056/1056/1056 1055/1055/1055
f 1057/1057/1057 1055/1055/1055 1056/1056/1056
f 1057/1057/1057 1058/1058/1058 1055/1055/1055
f 1053/1053/1053 1059/1059/1059 1054/1054/1054
f 1053/1053/1053 1055/1055/1055 1059/1059/1059
f 1058/1058/1058 1059/1059/1059 1055/1055/1055
f 1060/1060/1060 1054/1054/1054 1059/1059/1059
f 1061/1061/1061 1059/1059/1059 1058/1058/1058
f 1059/1059/1059 1061/1061/1061 1060/1060/1060
f 1064/1064/1064 1063/1063/1063 1062/1062/1062
f 1064/1064/1064 1065/1065/1065 1063/1063/1063
f 1066/1066/1066 1063/1063/1063 1065/1065/1065
f 1064/1064/1064 1067/1067/1067 1065/1065/1065
f 1069/1069/1069 1067/1067/1067 1068/1068/1068
f 1066/1066/1066 1065/1065/1065 1070/1070/1070
f 1071/1071/1071 1066/1066/1066 1070/1070/1070
f 1070/1070/1070 1072/1072/1072 1071/1071/1071
f 1073/1073/1073 1067/1067/1067 1069/1069/1069
f 1073/1073/1073 1065/1065/1065 1067/1067/1067
f 1069/1069/1069 1074/1074/1074 1073/1073/1073
f 1074/1074/1074 1075/1075/1075 1073/1073/1073
f 1076/1076/1076 1073/1073/1073 1075/1075/1075
f 1076/1076/1076 1078/1078/1078 1077/1077/1077
f 1073/1073/1073 1076/1076/1076 1077/1077/1077
f 1065/1065/1065 1073/1073/1073 1079/1079/1079
f 1077/1077/1077 1079/1079/1079 1073/1073/1073
f 1070/1070/1070 1065/1065/1065 1079/1079/1079
f 1080/1080/1080 1079/1079/1079 1077/1077/1077
f 1072/1072/1072 1070/1070/1070 1081/1081/1081
f 1081/1081/1081 1070/1070/1070 1079/1079/1079
f 1072/1072/1072 1081/1081/1081 1082/1082/1082
f 1082/1082/1082 1084/1084/1084 1083/1083/1083
f 1084/1084/1084 1082/1082/1082 1081/1081/1081
f 1084/1084/1084 1081/1081/1081 1085/1085/1085
f 1085/1085/1085 1087/1087/1087 1086/1086/1086
f 1085/1085/1085 1081/1081/1081 1088/1088/1088
f 1085/1085/1085 1088/1088/1088 1087/1087/1087
f 1081/1081/1081 1079/1079/1079 1088/1088/1088
f 1089/1089/1089 1087/1087/1087 1088/1088/1088
f 1089/1089/1089 1088/1088/1088 1090/1090/1090
f 1091/1091/1091 1089/1089/1089 1090/1090/1090
f 1090/1090/1090 1092/1092/1092 1091/1091/1091
f 1088/1088/1088 1079/1079/1079 1093/1093/1093
f 1090/1090/1090 1088/1088/1088 1093/1093/1093
f 1092/1092/1092 1090/1090/1090 1094/1094/1094
f 1094/1094/1094 1090/1090/1090 1093/1093/1093
f 1092/1092/1092 1094/1094/1094 1095/1095/1095
f 1095/1095/1095 1097/1097/1097 1096/1096/1096
f 1097/1097/1097 1095/1095/1095 1094/1094/1094
f 1094/1094/1094 1098/1098/1098 1097/1097/1097
f 1094/1094/1094 1093/1093/1093 1098/1098/1098
f 1099/1099/1099 1097/1097/1097 1098/1098/1098
f 1099/1099/1099 1101/1101/1101 1100/1100/1100
f 1099/1099/1099 1098/1098/1098 1101/1101/1101
f 1102/1102/1102 1101/1101/1101 1098/1098/1098
f 1103/1103/1103 1102/1102/1102 1098/1098/1098
f 1104/1104/1104 1102/1102/1102 1103/1103/1103
f 1105/1105/1105 1104/1104/1104 1103/1103/1103
f 1103/1103/1103 1098/1098/1098 1106/1106/1106
f 1098/1098/1098 1093/1093/1093 1106/1106/1106
f 1105/1105/1105 1103/1103/1103 1107/1107/1107
f 1107/1107/1107 1103/1103/1103 1106/1106/1106
f 1105/1105/1105 1107/1107/1107 1108/1108/1108
f 1108/1108/1108 1110/1110/1110 1109/1109/1109
f 1110/1110/1110 1108/1108/1108 1107/1107/1107
f 1112/1112/1112 1110/1110/1110 1111/1111/1111
f 1107/1107/1107 1111/1111/1111 1110/1110/1110
f 1111/1111/1111 1107/1107/1107 1113/1113/1113
f 1106/1106/1106 1113/1113/1113 1107/1107/1107
f 1114/1114/1114 1113/1113/1113 1106/1106/1106
f 1113/1113/1113 1114/1114/1114 1115/1115/1115
f 1106/1106/1106 1116/1116/1116 1114/1114/1114
f 1116/1116/1116 1106/1106/1106 1093/1093/1093
f 1117/1117/1117 1115/1115/1115 1114/1114/1114
f 1115/1115/1115 1117/1117/1117 1118/1118/1118
f 1118/1118/1118 1117/1117/1117 1119/1119/1119
f 1117/1117/1117 1114/1114/1114 1120/1120/1120
f 1116/1116/1116 1120/1120/1120 1114/1114/1114
f 1121/1121/1121 1119/1119/1119 1117/1117/1117
f 1117/1117/1117 1120/1120/1120 1121/1121/1121
f 1093/1093/1093 1122/1122/1122 1116/1116/1116
f 1122/1122/1122 1093/1093/1093 1079/1079/1079
f 1079/1079/1079 1080/1080/1080 1122/1122/1122
f 1123/1123/1123 1116/1116/1116 1122/1122/1122
f 1122/1122/1122 1080/1080/1080 1123/1123/1123
f 1116/1116/1116 1123/1123/1123 1120/1120/1120
f 1124/1124/1124 1123/1123/1123 1080/1080/1080
f 1125/1125/1125 1123/1123/1123 1124/1124/1124
f 1126/1126/1126 1120/1120/1120 1123/1123/1123
f 1123/1123/1123 1125/1125/1125 1126/1126/1126
f 1125/1125/1125 1128/1128/1128 1127/1127/1127
f 1125/1125/1125 1127/1127/1127 1129/1129/1129
f 1129/1129/1129 1126/1126/1126 1125/1125/1125
f 1129/1129/1129 1127/1127/1127 1130/1130/1130
f 1131/1131/1131 1129/1129/1129 1130/1130/1130
f 1132/1132/1132 1129/1129/1129 1131/1131/1131
f 1133/1133/1133 1129/1129/1129 1132/1132/1132
f 1132/1132/1132 1134/1134/1134 1133/1133/1133
f 1134/1134/1134 1135/1135/1135 1133/1133/1133
f 1136/1136/1136 1133/1133/1133 1135/1135/1135
f 1136/1136/1136 1137/1137/1137 1133/1133/1133
f 1139/1139/1139 1138/1138/1138 1137/1137/1137
f 1138/1138/1138 1140/1140/1140 1137/1137/1137
f 1140/1140/1140 1133/1133/1133 1137/1137/1137
f 1138/1138/1138 1141/1141/1141 1140/1140/1140
f 1140/1140/1140 1142/1142/1142 1133/1133/1133
f 1142/1142/1142 1140/1140/1140 1141/1141/1141
f 1133/1133/1133 1142/1142/1142 1129/1129/1129
f 1141/1141/1141 1143/1143/1143 1142/1142/1142
f 1142/1142/1142 1126/1126/1126 1129/1129/1129
f 1143/1143/1143 1144/1144/1144 1142/1142/1142
f 1126/1126/1126 1142/1142/1142 1144/1144/1144
f 1143/1143/1143 1145/1145/1145 1144/1144/1144
f 1145/1145/1145 1146/1146/1146 1144/1144/1144
f 1146/1146/1146 1147/1147/1147 1144/1144/1144
f 1126/1126/1126 1144/1144/1144 1147/1147/1147
f 1148/1148/1148 1147/1147/1147 1146/1146/1146
f 1147/1147/1147 1148/1148/1148 1149/1149/1149
f 1150/1150/1150 1149/1149/1149 1148/1148/1148
f 1152/1152/1152 1151/1151/1151 1150/1150/1150
f 1150/1150/1150 1151/1151/1151 1149/1149/1149
f 1147/1147/1147 1153/1153/1153 1126/1126/1126
f 1149/1149/1149 1153/1153/1153 1147/1147/1147
f 1151/1151/1151 1154/1154/1154 1149/1149/1149
f 1154/1154/1154 1153/1153/1153 1149/1149/1149
f 1154/1154/1154 1151/1151/1151 1155/1155/1155
f 1157/1157/1157 1156/1156/1156 1155/1155/1155
f 1156/1156/1156 1154/1154/1154 1155/1155/1155
f 1156/1156/1156 1158/1158/1158 1154/1154/1154
f 1153/1153/1153 1154/1154/1154 1158/1158/1158
f 1158/1158/1158 1159/1159/1159 1153/1153/1153
f 1159/1159/1159 1160/1160/1160 1153/1153/1153
f 1159/1159/1159 1161/1161/1161 1160/1160/1160
f 1161/1161/1161 1162/1162/1162 1160/1160/1160
f 1163/1163/1163 1126/1126/1126 1153/1153/1153
f 1163/1163/1163 1153/1153/1153 1160/1160/1160
f 1120/1120/1120 1126/1126/1126 1163/1163/1163
f 1160/1160/1160 1162/1162/1162 1164/1164/1164
f 1163/1163/1163 1160/1160/1160 1164/1164/1164
f 1165/1165/1165 1164/1164/1164 1162/1162/1162
f 1163/1163/1163 1121/1121/1121 1120/1120/1120
f 1164/1164/1164 1165/1165/1165 1166/1166/1166
f 1167/1167/1167 1166/1166/1166 1165/1165/1165
f 1169/1169/1169 1168/1168/1168 1167/1167/1167
f 1167/1167/1167 1168/1168/1168 1166/1166/1166
f 1168/1168/1168 1170/1170/1170 1166/1166/1166
f 1172/1172/1172 1171/1171/1171 1170/1170/1170
f 1173/1173/1173 1166/1166/1166 1170/1170/1170
f 1171/1171/1171 1173/1173/1173 1170/1170/1170
f 1166/1166/1166 1173/1173/1173 1164/1164/1164
f 1171/1171/1171 1174/1174/1174 1173/1173/1173
f 1175/1175/1175 1164/1164/1164 1173/1173/1173
f 1175/1175/1175 1173/1173/1173 1174/1174/1174
f 1164/1164/1164 1175/1175/1175 1163/1163/1163
f 1121/1121/1121 1163/1163/1163 1175/1175/1175
f 1174/1174/1174 1176/1176/1176 1175/1175/1175
f 1176/1176/1176 1177/1177/1177 1175/1175/1175
f 1121/1121/1121 1175/1175/1175 1177/1177/1177
f 1176/1176/1176 1178/1178/1178 1177/1177/1177
f 1178/1178/1178 1179/1179/1179 1177/1177/1177
f 1121/1121/1121 1177/1177/1177 1180/1180/1180
f 1179/1179/1179 1180/1180/1180 1177/1177/1177
f 1180/1180/1180 1119/1119/1119 1121/1121/1121
f 1181/1181/1181 1119/1119/1119 1180/1180/1180
f 1182/1182/1182 1180/1180/1180 1179/1179/1179
f 1181/1181/1181 1180/1180/1180 1183/1183/1183
f 1180/1180/1180 1182/1182/1182 1184/1184/1184
f 1184/1184/1184 1183/1183/1183 1180/1180/1180
f 1185/1185/1185 1184/1184/1184 1182/1182/1182
f 1186/1186/1186 1183/1183/1183 1184/1184/1184
f 1187/1187/1187 1186/1186/1186 1184/1184/1184
f 1188/1188/1188 1187/1187/1187 1184/1184/1184
f 1191/1191/1191 1190/1190/1190 1189/1189/1189
f 1191/1191/1191 1189/1189/1189 1192/1192/1192
f 1189/1189/1189 1193/1193/1193 1192/1192/1192
f 1192/1192/1192 1194/1194/1194 1191/1191/1191
f 1195/1195/1195 1192/1192/1192 1193/1193/1193
f 1195/1195/1195 1193/1193/1193 1196/1196/1196
f 1194/1194/1194 1192/1192/1192 1197/1197/1197
f 1192/1192/1192 1195/1195/1195 1197/1197/1197
f 1194/1194/1194 1197/1197/1197 1198/1198/1198
f 1199/1199/1199 1198/1198/1198 1197/1197/1197
f 1197/1197/1197 1200/1200/1200 1199/1199/1199
f 1200/1200/1200 1197/1197/1197 1201/1201/1201
f 1201/1201/1201 1197/1197/1197 1195/1195/1195
f 1196/1196/1196 1202/1202/1202 1195/1195/1195
f 1195/1195/1195 1202/1202/1202 1201/1201/1201
f 1201/1201/1201 1202/1202/1202 1203/1203/1203
f 1196/1196/1196 1204/1204/1204 1202/1202/1202
f 1205/1205/1205 1203/1203/1203 1202/1202/1202
f 1206/1206/1206 1202/1202/1202 1204/1204/1204
f 1206/1206/1206 1205/1205/1205 1202/1202/1202
f 1204/1204/1204 1207/1207/1207 1206/1206/1206
f 1205/1205/1205 1206/1206/1206 1208/1208/1208
f 1209/1209/1209 1206/1206/1206 1207/1207/1207
f 1209/1209/1209 1208/1208/1208 1206/1206/1206
f 1209/1209/1209 1207/1207/1207 1210/1210/1210
f 1210/1210/1210 1208/1208/1208 1209/1209/1209
f 1211/1211/1211 1210/1210/1210 1207/1207/1207
f 1208/1208/1208 1210/1210/1210 1212/1212/1212
f 1210/1210/1210 1211/1211/1211 1213/1213/1213
f 1213/1213/1213 1212/1212/1212 1210/1210/1210
f 1214/1214/1214 1213/1213/1213 1211/1211/1211
f 1215/1215/1215 1212/1212/1212 1213/1213/1213
f 1213/1213/1213 1214/1214/1214 1216/1216/1216
f 1217/1217/1217 1216/1216/1216 1214/1214/1214
f 1213/1213/1213 1216/1216/1216 1215/1215/1215
f 1218/1218/1218 1215/1215/1215 1216/1216/1216
f 1219/1219/1219 1215/1215/1215 1218/1218/1218
f 1220/1220/1220 1215/1215/1215 1219/1219/1219
f 1223/1223/1223 1222/1222/1222 1221/1221/1221
f 1224/1224/1224 1221/1221/1221 1222/1222/1222
f 1222/1222/1222 1225/1225/1225 1224/1224/1224
f 1224/1224/1224 1226/1226/1226 1221/1221/1221
f 1227/1227/1227 1224/1224/1224 1225/1225/1225
f 1228/1228/1228 1227/1227/1227 1225/1225/1225
f 1229/1229/1229 1227/1227/1227 1228/1228/1228
f 1229/1229/1229 1230/1230/1230 1227/1227/1227
f 1227/1227/1227 1231/1231/1231 1224/1224/1224
f 1231/1231/1231 1227/1227/1227 1230/1230/1230
f 1224/1224/1224 1232/1232/1232 1226/1226/1226
f 1224/1224/1224 1231/1231/1231 1232/1232/1232
f 1226/1226/1226 1232/1232/1232 1233/1233/1233
f 1230/1230/1230 1234/1234/1234 1231/1231/1231
f 1231/1231/1231 1234/1234/1234 1232/1232/1232
f 1235/1235/1235 1234/1234/1234 1230/1230/1230
f 1234/1234/1234 1235/1235/1235 1236/1236/1236
f 1237/1237/1237 1233/1233/1233 1232/1232/1232
f 1232/1232/1232 1234/1234/1234 1237/1237/1237
f 1234/1234/1234 1236/1236/1236 1238/1238/1238
f 1238/1238/1238 1237/1237/1237 1234/1234/1234
f 1237/1237/1237 1239/1239/1239 1233/1233/1233
f 1237/1237/1237 1238/1238/1238 1239/1239/1239
f 1240/1240/1240 1233/1233/1233 1239/1239/1239
f 1236/1236/1236 1241/1241/1241 1238/1238/1238
f 1238/1238/1238 1241/1241/1241 1239/1239/1239
f 1241/1241/1241 1236/1236/1236 1242/1242/1242
f 1242/1242/1242 1243/1243/1243 1241/1241/1241
f 1239/1239/1239 1244/1244/1244 1240/1240/1240
f 1244/1244/1244 1239/1239/1239 1241/1241/1241
f 1245/1245/1245 1240/1240/1240 1244/1244/1244
f 1246/1246/1246 1241/1241/1241 1243/1243/1243
f 1241/1241/1241 1246/1246/1246 1244/1244/1244
f 1244/1244/1244 1247/1247/1247 1245/1245/1245
f 1247/1247/1247 1244/1244/1244 1246/1246/1246
f 1248/1248/1248 1245/1245/1245 1247/1247/1247
f 1243/1243/1243 1249/1249/1249 1246/1246/1246
f 1249/1249/1249 1247/1247/1247 1246/1246/1246
f 1249/1249/1249 1243/1243/1243 1250/1250/1250
f 1250/1250/1250 1251/1251/1251 1249/1249/1249
f 1252/1252/1252 1249/1249/1249 1251/1251/1251
f 1247/1247/1247 1253/1253/1253 1248/1248/1248
f 1253/1253/1253 1247/1247/1247 1249/1249/1249
f 1252/1252/1252 1253/1253/1253 1249/1249/1249
f 1254/1254/1254 1248/1248/1248 1253/1253/1253
f 1253/1253/1253 1252/1252/1252 1255/1255/1255
f 1256/1256/1256 1254/1254/1254 1253/1253/1253
f 1255/1255/1255 1256/1256/1256 1253/1253/1253
f 1259/1259/1259 1258/1258/1258 1257/1257/1257
f 1258/1258/1258 1259/1259/1259 1260/1260/1260
f 1261/1261/1261 1260/1260/1260 1259/1259/1259
f 1260/1260/1260 1262/1262/1262 1258/1258/1258
f 1260/1260/1260 1261/1261/1261 1263/1263/1263
f 1264/1264/1264 1263/1263/1263 1261/1261/1261
f 1262/1262/1262 1260/1260/1260 1265/1265/1265
f 1263/1263/1263 1265/1265/1265 1260/1260/1260
f 1265/1265/1265 1266/1266/1266 1262/1262/1262
f 1266/1266/1266 1265/1265/1265 1267/1267/1267
f 1265/1265/1265 1268/1268/1268 1267/1267/1267
f 1265/1265/1265 1263/1263/1263 1268/1268/1268
f 1269/1269/1269 1267/1267/1267 1268/1268/1268
f 1269/1269/1269 1268/1268/1268 1270/1270/1270
f 1271/1271/1271 1263/1263/1263 1264/1264/1264
f 1271/1271/1271 1268/1268/1268 1263/1263/1263
f 1264/1264/1264 1272/1272/1272 1271/1271/1271
f 1273/1273/1273 1270/1270/1270 1268/1268/1268
f 1273/1273/1273 1268/1268/1268 1271/1271/1271
f 1274/1274/1274 1270/1270/1270 1273/1273/1273
f 1275/1275/1275 1271/1271/1271 1272/1272/1272
f 1275/1275/1275 1273/1273/1273 1271/1271/1271
f 1276/1276/1276 1275/1275/1275 1272/1272/1272
f 1275/1275/1275 1276/1276/1276 1277/1277/1277
f 1278/1278/1278 1273/1273/1273 1275/1275/1275
f 1277/1277/1277 1278/1278/1278 1275/1275/1275
f 1278/1278/1278 1274/1274/1274 1273/1273/1273
f 1278/1278/1278 1277/1277/1277 1279/1279/1279
f 1279/1279/1279 1274/1274/1274 1278/1278/1278
f 1274/1274/1274 1279/1279/1279 1280/1280/1280
f 1283/1283/1283 1282/1282/1282 1281/1281/1281
f 1282/1282/1282 1283/1283/1283 1284/1284/1284
f 1283/1283/1283 1285/1285/1285 1284/1284/1284
f 1284/1284/1284 1286/1286/1286 1282/1282/1282
f 1287/1287/1287 1284/1284/1284 1285/1285/1285
f 1285/1285/1285 1288/1288/1288 1287/1287/1287
f 1286/1286/1286 1284/1284/1284 1289/1289/1289
f 1284/1284/1284 1287/1287/1287 1289/1289/1289
f 1289/1289/1289 1290/1290/1290 1286/1286/1286
f 1291/1291/1291 1287/1287/1287 1288/1288/1288
f 1288/1288/1288 1292/1292/1292 1291/1291/1291
f 1293/1293/1293 1289/1289/1289 1287/1287/1287
f 1287/1287/1287 1291/1291/1291 1293/1293/1293
f 1290/1290/1290 1289/1289/1289 1294/1294/1294
f 1289/1289/1289 1293/1293/1293 1294/1294/1294
f 1296/1296/1296 1290/1290/1290 1295/1295/1295
f 1294/1294/1294 1295/1295/1295 1290/1290/1290
f 1295/1295/1295 1294/1294/1294 1297/1297/1297
f 1298/1298/1298 1297/1297/1297 1294/1294/1294
f 1298/1298/1298 1294/1294/1294 1293/1293/1293
f 1297/1297/1297 1298/1298/1298 1299/1299/1299
f 1293/1293/1293 1300/1300/1300 1298/1298/1298
f 1300/1300/1300 1293/1293/1293 1291/1291/1291
f 1301/1301/1301 1299/1299/1299 1298/1298/1298
f 1301/1301/1301 1298/1298/1298 1300/1300/1300
f 1299/1299/1299 1301/1301/1301 1302/1302/1302
f 1291/1291/1291 1303/1303/1303 1300/1300/1300
f 1303/1303/1303 1291/1291/1291 1292/1292/1292
f 1304/1304/1304 1303/1303/1303 1292/1292/1292
f 1303/1303/1303 1304/1304/1304 1305/1305/1305
f 1306/1306/1306 1300/1300/1300 1303/1303/1303
f 1305/1305/1305 1306/1306/1306 1303/1303/1303
f 1300/1300/1300 1306/1306/1306 1301/1301/1301
f 1306/1306/1306 1305/1305/1305 1307/1307/1307
f 1307/1307/1307 1308/1308/1308 1306/1306/1306
f 1302/1302/1302 1308/1308/1308 1309/1309/1309
f 1310/1310/1310 1301/1301/1301 1306/1306/1306
f 1310/1310/1310 1306/1306/1306 1308/1308/1308
f 1310/1310/1310 1302/1302/1302 1301/1301/1301
f 1308/1308/1308 1302/1302/1302 1310/1310/1310
f 1313/1313/1313 1312/1312/1312 1311/1311/1311
f 1311/1311/1311 1312/1312/1312 1314/1314/1314
f 1312/1312/1312 1315/1315/1315 1314/1314/1314
f 1311/1311/1311 1314/1314/1314 1316/1316/1316
f 1317/1317/1317 1314/1314/1314 1315/1315/1315
f 1317/1317/1317 1315/1315/1315 1318/1318/1318
f 1314/1314/1314 1319/1319/1319 1316/1316/1316
f 1316/1316/1316 1319/1319/1319 1320/1320/1320
f 1319/1319/1319 1314/1314/1314 1321/1321/1321
f 1321/1321/1321 1314/1314/1314 1317/1317/1317
f 1320/1320/1320 1319/1319/1319 1322/1322/1322
f 1319/1319/1319 1321/1321/1321 1322/1322/1322
f 1320/1320/1320 1322/1322/1322 1323/1323/1323
f 1321/1321/1321 1317/1317/1317 1324/1324/1324
f 1322/1322/1322 1325/1325/1325 1323/1323/1323
f 1324/1324/1324 1317/1317/1317 1326/1326/1326
f 1318/1318/1318 1326/1326/1326 1317/1317/1317
f 1323/1323/1323 1325/1325/1325 1327/1327/1327
f 1327/1327/1327 1328/1328/1328 1323/1323/1323
f 1326/1326/1326 1318/1318/1318 1329/1329/1329
f 1330/1330/1330 1329/1329/1329 1318/1318/1318
f 1332/1332/1332 1330/1330/1330 1331/1331/1331
f 1330/1330/1330 1332/1332/1332 1329/1329/1329
f 1333/1333/1333 1326/1326/1326 1329/1329/1329
f 1329/1329/1329 1332/1332/1332 1333/1333/1333
f 1333/1333/1333 1324/1324/1324 1326/1326/1326
f 1334/1334/1334 1333/1333/1333 1332/1332/1332
f 1335/1335/1335 1333/1333/1333 1334/1334/1334
f 1333/1333/1333 1335/1335/1335 1324/1324/1324
f 1334/1334/1334 1336/1336/1336 1335/1335/1335
f 1337/1337/1337 1324/1324/1324 1335/1335/1335
f 1335/1335/1335 1336/1336/1336 1338/1338/1338
f 1339/1339/1339 1338/1338/1338 1336/1336/1336
f 1337/1337/1337 1335/1335/1335 1340/1340/1340
f 1335/1335/1335 1338/1338/1338 1340/1340/1340
f 1324/1324/1324 1337/1337/1337 1341/1341/1341
f 1340/1340/1340 1341/1341/1341 1337/1337/1337
f 1341/1341/1341 1321/1321/1321 1324/1324/1324
f 1341/1341/1341 1322/1322/1322 1321/1321/1321
f 1342/1342/1342 1322/1322/1322 1341/1341/1341
f 1341/1341/1341 1340/1340/1340 1342/1342/1342
f 1322/1322/1322 1342/1342/1342 1325/1325/1325
f 1340/1340/1340 1338/1338/1338 1343/1343/1343
f 1340/1340/1340 1343/1343/1343 1342/1342/1342
f 1342/1342/1342 1344/1344/1344 1325/1325/1325
f 1342/1342/1342 1343/1343/1343 1344/1344/1344
f 1327/1327/1327 1325/1325/1325 1344/1344/1344
f 1345/1345/1345 1343/1343/1343 1338/1338/1338
f 1338/1338/1338 1339/1339/1339 1345/1345/1345
f 1346/1346/1346 1345/1345/1345 1339/1339/1339
f 1327/1327/1327 1344/1344/1344 1347/1347/1347
f 1327/1327/1327 1347/1347/1347 1328/1328/1328
f 1348/1348/1348 1328/1328/1328 1347/1347/1347
f 1344/1344/1344 1343/1343/1343 1349/1349/1349
f 1349/1349/1349 1347/1347/1347 1344/1344/1344
f 1350/1350/1350 1343/1343/1343 1345/1345/1345
f 1350/1350/1350 1349/1349/1349 1343/1343/1343
f 1345/1345/1345 1346/1346/1346 1351/1351/1351
f 1345/1345/1345 1351/1351/1351 1350/1350/1350
f 1352/1352/1352 1351/1351/1351 1346/1346/1346
f 1353/1353/1353 1351/1351/1351 1352/1352/1352
f 1350/1350/1350 1354/1354/1354 1349/1349/1349
f 1350/1350/1350 1351/1351/1351 1354/1354/1354
f 1355/1355/1355 1351/1351/1351 1353/1353/1353
f 1355/1355/1355 1354/1354/1354 1351/1351/1351
f 1356/1356/1356 1355/1355/1355 1353/1353/1353
f 1355/1355/1355 1356/1356/1356 1357/1357/1357
f 1357/1357/1357 1358/1358/1358 1355/1355/1355
f 1358/1358/1358 1354/1354/1354 1355/1355/1355
f 1349/1349/1349 1354/1354/1354 1359/1359/1359
f 1358/1358/1358 1359/1359/1359 1354/1354/1354
f 1349/1349/1349 1359/1359/1359 1347/1347/1347
f 1359/1359/1359 1358/1358/1358 1360/1360/1360
f 1360/1360/1360 1361/1361/1361 1359/1359/1359
f 1362/1362/1362 1347/1347/1347 1359/1359/1359
f 1362/1362/1362 1359/1359/1359 1361/1361/1361
f 1348/1348/1348 1347/1347/1347 1362/1362/1362
f 1361/1361/1361 1363/1363/1363 1362/1362/1362
f 1362/1362/1362 1364/1364/1364 1348/1348/1348
f 1363/1363/1363 1364/1364/1364 1362/1362/1362
f 1367/1367/1367 1366/1366/1366 1365/1365/1365
f 1368/1368/1368 1365/1365/1365 1366/1366/1366
f 1369/1369/1369 1365/1365/1365 1368/1368/1368
f 1366/1366/1366 1370/1370/1370 1368/1368/1368
f 1368/1368/1368 1371/1371/1371 1369/1369/1369
f 1369/1369/1369 1371/1371/1371 1372/1372/1372
f 1373/1373/1373 1368/1368/1368 1370/1370/1370
f 1373/1373/1373 1371/1371/1371 1368/1368/1368
f 1375/1375/1375 1374/1374/1374 1370/1370/1370
f 1370/1370/1370 1374/1374/1374 1373/1373/1373
f 1376/1376/1376 1373/1373/1373 1374/1374/1374
f 1373/1373/1373 1376/1376/1376 1377/1377/1377
f 1377/1377/1377 1371/1371/1371 1373/1373/1373
f 1378/1378/1378 1377/1377/1377 1376/1376/1376
f 1371/1371/1371 1377/1377/1377 1379/1379/1379
f 1379/1379/1379 1372/1372/1372 1371/1371/1371
f 1378/1378/1378 1380/1380/1380 1377/1377/1377
f 1380/1380/1380 1379/1379/1379 1377/1377/1377
f 1380/1380/1380 1378/1378/1378 1381/1381/1381
f 1380/1380/1380 1381/1381/1381 1379/1379/1379
f 1378/1378/1378 1382/1382/1382 1381/1381/1381
f 1383/1383/1383 1372/1372/1372 1379/1379/1379
f 1383/1383/1383 1379/1379/1379 1381/1381/1381
f 1384/1384/1384 1372/1372/1372 1383/1383/1383
f 1381/1381/1381 1382/1382/1382 1385/1385/1385
f 1381/1381/1381 1385/1385/1385 1383/1383/1383
f 1386/1386/1386 1385/1385/1385 1382/1382/1382
f 1387/1387/1387 1384/1384/1384 1383/1383/1383
f 1387/1387/1387 1383/1383/1383 1385/1385/1385
f 1388/1388/1388 1384/1384/1384 1387/1387/1387
f 1385/1385/1385 1386/1386/1386 1389/1389/1389
f 1385/1385/1385 1389/1389/1389 1387/1387/1387
f 1386/1386/1386 1390/1390/1390 1389/1389/1389
f 1391/1391/1391 1388/1388/1388 1387/1387/1387
f 1391/1391/1391 1387/1387/1387 1389/1389/1389
f 1392/1392/1392 1388/1388/1388 1391/1391/1391
f 1389/1389/1389 1390/1390/1390 1393/1393/1393
f 1394/1394/1394 1393/1393/1393 1390/1390/1390
f 1395/1395/1395 1393/1393/1393 1394/1394/1394
f 1393/1393/1393 1395/1395/1395 1396/1396/1396
f 1396/1396/1396 1397/1397/1397 1393/1393/1393
f 1391/1391/1391 1389/1389/1389 1398/1398/1398
f 1393/1393/1393 1398/1398/1398 1389/1389/1389
f 1393/1393/1393 1397/1397/1397 1398/1398/1398
f 1398/1398/1398 1392/1392/1392 1391/1391/1391
f 1398/1398/1398 1397/1397/1397 1399/1399/1399
f 1400/1400/1400 1392/1392/1392 1398/1398/1398
f 1399/1399/1399 1400/1400/1400 1398/1398/1398
f 1403/1403/1403 1402/1402/1402 1401/1401/1401
f 1404/1404/1404 1402/1402/1402 1403/1403/1403
f 1405/1405/1405 1402/1402/1402 1404/1404/1404
f 1406/1406/1406 1405/1405/1405 1404/1404/1404
f 1407/1407/1407 1404/1404/1404 1403/1403/1403
f 1406/1406/1406 1404/1404/1404 1408/1408/1408
f 1409/1409/1409 1404/1404/1404 1407/1407/1407
f 1408/1408/1408 1404/1404/1404 1409/1409/1409
f 1410/1410/1410 1409/1409/1409 1407/1407/1407
f 1408/1408/1408 1409/1409/1409 1411/1411/1411
f 1409/1409/1409 1410/1410/1410 1411/1411/1411
f 1412/1412/1412 1411/1411/1411 1410/1410/1410
f 1410/1410/1410 1413/1413/1413 1412/1412/1412
f 1412/1412/1412 1413/1413/1413 1414/1414/1414
f 1415/1415/1415 1414/1414/1414 1413/1413/1413
f 1416/1416/1416 1414/1414/1414 1415/1415/1415
f 1415/1415/1415 1417/1417/1417 1416/1416/1416
f 1418/1418/1418 1416/1416/1416 1417/1417/1417
f 1417/1417/1417 1419/1419/1419 1418/1418/1418
f 1418/1418/1418 1420/1420/1420 1416/1416/1416
f 1421/1421/1421 1418/1418/1418 1419/1419/1419
f 1418/1418/1418 1421/1421/1421 1420/1420/1420
f 1419/1419/1419 1422/1422/1422 1421/1421/1421
f 1423/1423/1423 1420/1420/1420 1421/1421/1421
f 1426/1426/1426 1425/1425/1425 1424/1424/1424
f 1424/1424/1424 1425/1425/1425 1427/1427/1427
f 1425/1425/1425 1428/1428/1428 1427/1427/1427
f 1424/1424/1424 1427/1427/1427 1429/1429/1429
f 1430/1430/1430 1429/1429/1429 1427/1427/1427
f 1427/1427/1427 1431/1431/1431 1430/1430/1430
f 1430/1430/1430 1432/1432/1432 1429/1429/1429
f 1433/1433/1433 1429/1429/1429 1432/1432/1432
f 1431/1431/1431 1434/1434/1434 1430/1430/1430
f 1435/1435/1435 1433/1433/1433 1432/1432/1432
f 1435/1435/1435 1436/1436/1436 1433/1433/1433
f 1435/1435/1435 1437/1437/1437 1436/1436/1436
f 1438/1438/1438 1437/1437/1437 1435/1435/1435
f 1439/1439/1439 1432/1432/1432 1430/1430/1430
f 1432/1432/1432 1439/1439/1439 1435/1435/1435
f 1430/1430/1430 1434/1434/1434 1439/1439/1439
f 1440/1440/1440 1438/1438/1438 1435/1435/1435
f 1440/1440/1440 1435/1435/1435 1439/1439/1439
f 1441/1441/1441 1438/1438/1438 1440/1440/1440
f 1442/1442/1442 1441/1441/1441 1440/1440/1440
f 1440/1440/1440 1439/1439/1439 1442/1442/1442
f 1443/1443/1443 1442/1442/1442 1439/1439/1439
f 1439/1439/1439 1434/1434/1434 1443/1443/1443
f 1443/1443/1443 1444/1444/1444 1442/1442/1442
f 1445/1445/1445 1443/1443/1443 1434/1434/1434
f 1444/1444/1444 1443/1443/1443 1445/1445/1445
f 1446/1446/1446 1434/1434/1434 1431/1431/1431
f 1447/1447/1447 1446/1446/1446 1431/1431/1431
f 1448/1448/1448 1446/1446/1446 1447/1447/1447
f 1446/1446/1446 1449/1449/1449 1434/1434/1434
f 1448/1448/1448 1449/1449/1449 1446/1446/1446
f 1434/1434/1434 1449/1449/1449 1445/1445/1445
f 1448/1448/1448 1450/1450/1450 1449/1449/1449
f 1451/1451/1451 1449/1449/1449 1450/1450/1450
f 1451/1451/1451 1445/1445/1445 1449/1449/1449
f 1452/1452/1452 1451/1451/1451 1450/1450/1450
f 1452/1452/1452 1453/1453/1453 1451/1451/1451
f 1451/1451/1451 1453/1453/1453 1445/1445/1445
f 1454/1454/1454 1445/1445/1445 1453/1453/1453
f 1445/1445/1445 1454/1454/1454 1444/1444/1444
f 1454/1454/1454 1453/1453/1453 1455/1455/1455
f 1456/1456/1456 1444/1444/1444 1454/1454/1454
f 1454/1454/1454 1455/1455/1455 1456/1456/1456
f 1458/1458/1458 1457/1457/1457 1455/1455/1455
f 1456/1456/1456 1455/1455/1455 1459/1459/1459
f 1459/1459/1459 1455/1455/1455 1457/1457/1457
f 1460/1460/1460 1444/1444/1444 1456/1456/1456
f 1461/1461/1461 1459/1459/1459 1457/1457/1457
f 1462/1462/1462 1461/1461/1461 1457/1457/1457
f 1459/1459/1459 1463/1463/1463 1456/1456/1456
f 1456/1456/1456 1463/1463/1463 1460/1460/1460
f 1461/1461/1461 1464/1464/1464 1459/1459/1459
f 1464/1464/1464 1463/1463/1463 1459/1459/1459
f 1462/1462/1462 1465/1465/1465 1461/1461/1461
f 1461/1461/1461 1465/1465/1465 1464/1464/1464
f 1465/1465/1465 1462/1462/1462 1466/1466/1466
f 1466/1466/1466 1462/1462/1462 1467/1467/1467
f 1464/1464/1464 1465/1465/1465 1468/1468/1468
f 1465/1465/1465 1466/1466/1466 1468/1468/1468
f 1463/1463/1463 1464/1464/1464 1468/1468/1468
f 1466/1466/1466 1467/1467/1467 1469/1469/1469
f 1470/1470/1470 1469/1469/1469 1467/1467/1467
f 1466/1466/1466 1469/1469/1469 1471/1471/1471
f 1471/1471/1471 1468/1468/1468 1466/1466/1466
f 1469/1469/1469 1472/1472/1472 1471/1471/1471
f 1471/1471/1471 1473/1473/1473 1468/1468/1468
f 1473/1473/1473 1471/1471/1471 1472/1472/1472
f 1468/1468/1468 1473/1473/1473 1463/1463/1463
f 1472/1472/1472 1474/1474/1474 1473/1473/1473
f 1463/1463/1463 1473/1473/1473 1475/1475/1475
f 1460/1460/1460 1463/1463/1463 1475/1475/1475
f 1473/1473/1473 1474/1474/1474 1476/1476/1476
f 1475/1475/1475 1473/1473/1473 1476/1476/1476
f 1476/1476/1476 1474/1474/1474 1477/1477/1477
f 1477/1477/1477 1478/1478/1478 1476/1476/1476
f 1475/1475/1475 1476/1476/1476 1479/1479/1479
f 1475/1475/1475 1479/1479/1479 1460/1460/1460
f 1476/1476/1476 1478/1478/1478 1480/1480/1480
f 1480/1480/1480 1479/1479/1479 1476/1476/1476
f 1478/1478/1478 1481/1481/1481 1480/1480/1480
f 1482/1482/1482 1480/1480/1480 1481/1481/1481
f 1480/1480/1480 1482/1482/1482 1479/1479/1479
f 1483/1483/1483 1479/1479/1479 1482/1482/1482
f 1479/1479/1479 1483/1483/1483 1484/1484/1484
f 1460/1460/1460 1479/1479/1479 1484/1484/1484
f 1485/1485/1485 1484/1484/1484 1483/1483/1483
f 1484/1484/1484 1486/1486/1486 1460/1460/1460
f 1484/1484/1484 1485/1485/1485 1486/1486/1486
f 1444/1444/1444 1460/1460/1460 1486/1486/1486
f 1487/1487/1487 1486/1486/1486 1485/1485/1485
f 1486/1486/1486 1442/1442/1442 1444/1444/1444
f 1487/1487/1487 1488/1488/1488 1486/1486/1486
f 1486/1486/1486 1488/1488/1488 1442/1442/1442
f 1491/1491/1491 1490/1490/1490 1489/1489/1489
f 1490/1490/1490 1491/1491/1491 1492/1492/1492
f 1491/1491/1491 1493/1493/1493 1492/1492/1492
f 1492/1492/1492 1494/1494/1494 1490/1490/1490
f 1493/1493/1493 1495/1495/1495 1492/1492/1492
f 1496/1496/1496 1492/1492/1492 1495/1495/1495
f 1495/1495/1495 1497/1497/1497 1496/1496/1496
f 1498/1498/1498 1494/1494/1494 1492/1492/1492
f 1492/1492/1492 1496/1496/1496 1498/1498/1498
f 1497/1497/1497 1499/1499/1499 1496/1496/1496
f 1496/1496/1496 1499/1499/1499 1498/1498/1498
f 1499/1499/1499 1497/1497/1497 1500/1500/1500
f 1498/1498/1498 1501/1501/1501 1494/1494/1494
f 1502/1502/1502 1494/1494/1494 1501/1501/1501
f 1500/1500/1500 1503/1503/1503 1499/1499/1499
f 1500/1500/1500 1504/1504/1504 1503/1503/1503
f 1505/1505/1505 1498/1498/1498 1499/1499/1499
f 1505/1505/1505 1499/1499/1499 1503/1503/1503
f 1506/1506/1506 1501/1501/1501 1498/1498/1498
f 1498/1498/1498 1505/1505/1505 1506/1506/1506
f 1507/1507/1507 1502/1502/1502 1501/1501/1501
f 1501/1501/1501 1506/1506/1506 1507/1507/1507
f 1507/1507/1507 1508/1508/1508 1502/1502/1502
f 1507/1507/1507 1509/1509/1509 1508/1508/1508
f 1510/1510/1510 1509/1509/1509 1507/1507/1507
f 1511/1511/1511 1510/1510/1510 1507/1507/1507
f 1511/1511/1511 1507/1507/1507 1506/1506/1506
f 1512/1512/1512 1510/1510/1510 1511/1511/1511
f 1513/1513/1513 1511/1511/1511 1506/1506/1506
f 1506/1506/1506 1505/1505/1505 1513/1513/1513
f 1514/1514/1514 1512/1512/1512 1511/1511/1511
f 1514/1514/1514 1511/1511/1511 1513/1513/1513
f 1515/1515/1515 1512/1512/1512 1514/1514/1514
f 1516/1516/1516 1513/1513/1513 1505/1505/1505
f 1505/1505/1505 1503/1503/1503 1516/1516/1516
f 1513/1513/1513 1517/1517/1517 1514/1514/1514
f 1517/1517/1517 1513/1513/1513 1516/1516/1516
f 1518/1518/1518 1515/1515/1515 1514/1514/1514
f 1518/1518/1518 1514/1514/1514 1517/1517/1517
f 1519/1519/1519 1515/1515/1515 1518/1518/1518
f 1520/1520/1520 1516/1516/1516 1503/1503/1503
f 1504/1504/1504 1520/1520/1520 1503/1503/1503
f 1521/1521/1521 1520/1520/1520 1504/1504/1504
f 1521/1521/1521 1522/1522/1522 1520/1520/1520
f 1520/1520/1520 1522/1522/1522 1516/1516/1516
f 1522/1522/1522 1521/1521/1521 1523/1523/1523
f 1522/1522/1522 1524/1524/1524 1516/1516/1516
f 1516/1516/1516 1524/1524/1524 1517/1517/1517
f 1523/1523/1523 1525/1525/1525 1522/1522/1522
f 1525/1525/1525 1524/1524/1524 1522/1522/1522
f 1523/1523/1523 1526/1526/1526 1525/1525/1525
f 1526/1526/1526 1527/1527/1527 1525/1525/1525
f 1528/1528/1528 1517/1517/1517 1524/1524/1524
f 1528/1528/1528 1524/1524/1524 1525/1525/1525
f 1529/1529/1529 1525/1525/1525 1527/1527/1527
f 1525/1525/1525 1529/1529/1529 1528/1528/1528
f 1529/1529/1529 1527/1527/1527 1530/1530/1530
f 1530/1530/1530 1531/1531/1531 1529/1529/1529
f 1529/1529/1529 1531/1531/1531 1528/1528/1528
f 1530/1530/1530 1532/1532/1532 1531/1531/1531
f 1533/1533/1533 1517/1517/1517 1528/1528/1528
f 1517/1517/1517 1533/1533/1533 1518/1518/1518
f 1534/1534/1534 1528/1528/1528 1531/1531/1531
f 1528/1528/1528 1534/1534/1534 1533/1533/1533
f 1531/1531/1531 1532/1532/1532 1535/1535/1535
f 1534/1534/1534 1531/1531/1531 1535/1535/1535
f 1532/1532/1532 1536/1536/1536 1535/1535/1535
f 1537/1537/1537 1535/1535/1535 1536/1536/1536
f 1537/1537/1537 1536/1536/1536 1538/1538/1538
f 1538/1538/1538 1539/1539/1539 1537/1537/1537
f 1537/1537/1537 1540/1540/1540 1535/1535/1535
f 1540/1540/1540 1537/1537/1537 1539/1539/1539
f 1535/1535/1535 1540/1540/1540 1534/1534/1534
f 1539/1539/1539 1541/1541/1541 1540/1540/1540
f 1534/1534/1534 1540/1540/1540 1542/1542/1542
f 1533/1533/1533 1534/1534/1534 1542/1542/1542
f 1540/1540/1540 1541/1541/1541 1543/1543/1543
f 1542/1542/1542 1540/1540/1540 1543/1543/1543
f 1543/1543/1543 1541/1541/1541 1544/1544/1544
f 1543/1543/1543 1545/1545/1545 1542/1542/1542
f 1543/1543/1543 1546/1546/1546 1545/1545/1545
f 1546/1546/1546 1547/1547/1547 1545/1545/1545
f 1548/1548/1548 1545/1545/1545 1547/1547/1547
f 1545/1545/1545 1549/1549/1549 1542/1542/1542
f 1545/1545/1545 1548/1548/1548 1549/1549/1549
f 1542/1542/1542 1549/1549/1549 1533/1533/1533
f 1550/1550/1550 1549/1549/1549 1548/1548/1548
f 1533/1533/1533 1549/1549/1549 1551/1551/1551
f 1549/1549/1549 1550/1550/1550 1551/1551/1551
f 1551/1551/1551 1518/1518/1518 1533/1533/1533
f 1552/1552/1552 1551/1551/1551 1550/1550/1550
f 1551/1551/1551 1519/1519/1519 1518/1518/1518
f 1552/1552/1552 1519/1519/1519 1551/1551/1551
f 1555/1555/1555 1554/1554/1554 1553/1553/1553
f 1554/1554/1554 1555/1555/1555 1556/1556/1556
f 1555/1555/1555 1557/1557/1557 1556/1556/1556
f 1556/1556/1556 1558/1558/1558 1554/1554/1554
f 1557/1557/1557 1559/1559/1559 1556/1556/1556
f 1558/1558/1558 1556/1556/1556 1560/1560/1560
f 1561/1561/1561 1556/1556/1556 1559/1559/1559
f 1561/1561/1561 1560/1560/1560 1556/1556/1556
f 1559/1559/1559 1562/1562/1562 1561/1561/1561
f 1560/1560/1560 1563/1563/1563 1558/1558/1558
f 1562/1562/1562 1564/1564/1564 1561/1561/1561
f 1561/1561/1561 1564/1564/1564 1560/1560/1560
f 1564/1564/1564 1562/1562/1562 1565/1565/1565
f 1566/1566/1566 1563/1563/1563 1560/1560/1560
f 1563/1563/1563 1566/1566/1566 1567/1567/1567
f 1565/1565/1565 1568/1568/1568 1564/1564/1564
f 1565/1565/1565 1569/1569/1569 1568/1568/1568
f 1570/1570/1570 1567/1567/1567 1566/1566/1566
f 1570/1570/1570 1571/1571/1571 1567/1567/1567
f 1572/1572/1572 1571/1571/1571 1570/1570/1570
f 1566/1566/1566 1573/1573/1573 1570/1570/1570
f 1566/1566/1566 1560/1560/1560 1573/1573/1573
f 1574/1574/1574 1572/1572/1572 1570/1570/1570
f 1574/1574/1574 1570/1570/1570 1573/1573/1573
f 1575/1575/1575 1572/1572/1572 1574/1574/1574
f 1560/1560/1560 1576/1576/1576 1573/1573/1573
f 1576/1576/1576 1560/1560/1560 1564/1564/1564
f 1564/1564/1564 1568/1568/1568 1576/1576/1576
f 1573/1573/1573 1577/1577/1577 1574/1574/1574
f 1573/1573/1573 1576/1576/1576 1577/1577/1577
f 1578/1578/1578 1575/1575/1575 1574/1574/1574
f 1578/1578/1578 1574/1574/1574 1577/1577/1577
f 1579/1579/1579 1575/1575/1575 1578/1578/1578
f 1580/1580/1580 1577/1577/1577 1576/1576/1576
f 1576/1576/1576 1568/1568/1568 1580/1580/1580
f 1577/1577/1577 1581/1581/1581 1578/1578/1578
f 1577/1577/1577 1580/1580/1580 1581/1581/1581
f 1582/1582/1582 1579/1579/1579 1578/1578/1578
f 1582/1582/1582 1578/1578/1578 1581/1581/1581
f 1583/1583/1583 1579/1579/1579 1582/1582/1582
f 1583/1583/1583 1582/1582/1582 1584/1584/1584
f 1585/1585/1585 1584/1584/1584 1582/1582/1582
f 1582/1582/1582 1581/1581/1581 1585/1585/1585
f 1586/1586/1586 1584/1584/1584 1585/1585/1585
f 1585/1585/1585 1587/1587/1587 1586/1586/1586
f 1586/1586/1586 1587/1587/1587 1588/1588/1588
f 1589/1589/1589 1585/1585/1585 1581/1581/1581
f 1589/1589/1589 1587/1587/1587 1585/1585/1585
f 1590/1590/1590 1588/1588/1588 1587/1587/1587
f 1591/1591/1591 1588/1588/1588 1590/1590/1590
f 1590/1590/1590 1592/1592/1592 1591/1591/1591
f 1587/1587/1587 1593/1593/1593 1590/1590/1590
f 1593/1593/1593 1587/1587/1587 1589/1589/1589
f 1594/1594/1594 1592/1592/1592 1590/1590/1590
f 1594/1594/1594 1590/1590/1590 1593/1593/1593
f 1595/1595/1595 1592/1592/1592 1594/1594/1594
f 1594/1594/1594 1596/1596/1596 1595/1595/1595
f 1593/1593/1593 1597/1597/1597 1594/1594/1594
f 1596/1596/1596 1594/1594/1594 1597/1597/1597
f 1589/1589/1589 1598/1598/1598 1593/1593/1593
f 1598/1598/1598 1597/1597/1597 1593/1593/1593
f 1597/1597/1597 1599/1599/1599 1596/1596/1596
f 1600/1600/1600 1596/1596/1596 1599/1599/1599
f 1601/1601/1601 1600/1600/1600 1599/1599/1599
f 1599/1599/1599 1602/1602/1602 1601/1601/1601
f 1599/1599/1599 1597/1597/1597 1603/1603/1603
f 1599/1599/1599 1603/1603/1603 1602/1602/1602
f 1598/1598/1598 1603/1603/1603 1597/1597/1597
f 1604/1604/1604 1602/1602/1602 1603/1603/1603
f 1605/1605/1605 1604/1604/1604 1603/1603/1603
f 1605/1605/1605 1603/1603/1603 1598/1598/1598
f 1606/1606/1606 1604/1604/1604 1605/1605/1605
f 1598/1598/1598 1607/1607/1607 1605/1605/1605
f 1598/1598/1598 1589/1589/1589 1607/1607/1607
f 1606/1606/1606 1605/1605/1605 1608/1608/1608
f 1608/1608/1608 1605/1605/1605 1607/1607/1607
f 1608/1608/1608 1609/1609/1609 1606/1606/1606
f 1607/1607/1607 1589/1589/1589 1610/1610/1610
f 1581/1581/1581 1610/1610/1610 1589/1589/1589
f 1580/1580/1580 1610/1610/1610 1581/1581/1581
f 1608/1608/1608 1607/1607/1607 1611/1611/1611
f 1608/1608/1608 1611/1611/1611 1609/1609/1609
f 1610/1610/1610 1611/1611/1611 1607/1607/1607
f 1612/1612/1612 1609/1609/1609 1611/1611/1611
f 1613/1613/1613 1612/1612/1612 1611/1611/1611
f 1613/1613/1613 1611/1611/1611 1614/1614/1614
f 1611/1611/1611 1610/1610/1610 1614/1614/1614
f 1614/1614/1614 1615/1615/1615 1613/1613/1613
f 1614/1614/1614 1610/1610/1610 1616/1616/1616
f 1615/1615/1615 1614/1614/1614 1616/1616/1616
f 1580/1580/1580 1616/1616/1616 1610/1610/1610
f 1615/1615/1615 1616/1616/1616 1569/1569/1569
f 1616/1616/1616 1580/1580/1580 1568/1568/1568
f 1569/1569/1569 1616/1616/1616 1568/1568/1568
f 1619/1619/1619 1618/1618/1618 1617/1617/1617
f 1618/1618/1618 1619/1619/1619 1620/1620/1620
f 1619/1619/1619 1621/1621/1621 1620/1620/1620
f 1620/1620/1620 1622/1622/1622 1618/1618/1618
f 1621/1621/1621 1623/1623/1623 1620/1620/1620
f 1622/1622/1622 1620/1620/1620 1624/1624/1624
f 1625/1625/1625 1620/1620/1620 1623/1623/1623
f 1625/1625/1625 1624/1624/1624 1620/1620/1620
f 1623/1623/1623 1626/1626/1626 1625/1625/1625
f 1624/1624/1624 1627/1627/1627 1622/1622/1622
f 1626/1626/1626 1628/1628/1628 1625/1625/1625
f 1625/1625/1625 1628/1628/1628 1624/1624/1624
f 1628/1628/1628 1626/1626/1626 1629/1629/1629
f 1630/1630/1630 1627/1627/1627 1624/1624/1624
f 1627/1627/1627 1630/1630/1630 1631/1631/1631
f 1629/1629/1629 1632/1632/1632 1628/1628/1628
f 1629/1629/1629 1633/1633/1633 1632/1632/1632
f 1634/1634/1634 1631/1631/1631 1630/1630/1630
f 1634/1634/1634 1635/1635/1635 1631/1631/1631
f 1636/1636/1636 1635/1635/1635 1634/1634/1634
f 1630/1630/1630 1637/1637/1637 1634/1634/1634
f 1630/1630/1630 1624/1624/1624 1637/1637/1637
f 1638/1638/1638 1636/1636/1636 1634/1634/1634
f 1638/1638/1638 1634/1634/1634 1637/1637/1637
f 1639/1639/1639 1636/1636/1636 1638/1638/1638
f 1624/1624/1624 1640/1640/1640 1637/1637/1637
f 1640/1640/1640 1624/1624/1624 1628/1628/1628
f 1628/1628/1628 1632/1632/1632 1640/1640/1640
f 1637/1637/1637 1641/1641/1641 1638/1638/1638
f 1637/1637/1637 1640/1640/1640 1641/1641/1641
f 1642/1642/1642 1639/1639/1639 1638/1638/1638
f 1642/1642/1642 1638/1638/1638 1641/1641/1641
f 1643/1643/1643 1639/1639/1639 1642/1642/1642
f 1644/1644/1644 1641/1641/1641 1640/1640/1640
f 1640/1640/1640 1632/1632/1632 1644/1644/1644
f 1641/1641/1641 1645/1645/1645 1642/1642/1642
f 1641/1641/1641 1644/1644/1644 1645/1645/1645
f 1646/1646/1646 1643/1643/1643 1642/1642/1642
f 1646/1646/1646 1642/1642/1642 1645/1645/1645
f 1647/1647/1647 1643/1643/1643 1646/1646/1646
f 1647/1647/1647 1646/1646/1646 1648/1648/1648
f 1649/1649/1649 1648/1648/1648 1646/1646/1646
f 1646/1646/1646 1645/1645/1645 1649/1649/1649
f 1650/1650/1650 1648/1648/1648 1649/1649/1649
f 1649/1649/1649 1651/1651/1651 1650/1650/1650
f 1650/1650/1650 1651/1651/1651 1652/1652/1652
f 1653/1653/1653 1649/1649/1649 1645/1645/1645
f 1653/1653/1653 1651/1651/1651 1649/1649/1649
f 1654/1654/1654 1652/1652/1652 1651/1651/1651
f 1655/1655/1655 1652/1652/1652 1654/1654/1654
f 1654/1654/1654 1656/1656/1656 1655/1655/1655
f 1651/1651/1651 1657/1657/1657 1654/1654/1654
f 1657/1657/1657 1651/1651/1651 1653/1653/1653
f 1658/1658/1658 1656/1656/1656 1654/1654/1654
f 1658/1658/1658 1654/1654/1654 1657/1657/1657
f 1659/1659/1659 1656/1656/1656 1658/1658/1658
f 1658/1658/1658 1660/1660/1660 1659/1659/1659
f 1657/1657/1657 1661/1661/1661 1658/1658/1658
f 1660/1660/1660 1658/1658/1658 1661/1661/1661
f 1653/1653/1653 1662/1662/1662 1657/1657/1657
f 1662/1662/1662 1661/1661/1661 1657/1657/1657
f 1661/1661/1661 1663/1663/1663 1660/1660/1660
f 1664/1664/1664 1660/1660/1660 1663/1663/1663
f 1665/1665/1665 1664/1664/1664 1663/1663/1663
f 1663/1663/1663 1666/1666/1666 1665/1665/1665
f 1663/1663/1663 1661/1661/1661 1667/1667/1667
f 1663/1663/1663 1667/1667/1667 1666/1666/1666
f 1662/1662/1662 1667/1667/1667 1661/1661/1661
f 1668/1668/1668 1666/1666/1666 1667/1667/1667
f 1669/1669/1669 1668/1668/1668 1667/1667/1667
f 1669/1669/1669 1667/1667/1667 1662/1662/1662
f 1670/1670/1670 1668/1668/1668 1669/1669/1669
f 1662/1662/1662 1671/1671/1671 1669/1669/1669
f 1662/1662/1662 1653/1653/1653 1671/1671/1671
f 1670/1670/1670 1669/1669/1669 1672/1672/1672
f 1672/1672/1672 1669/1669/1669 1671/1671/1671
f 1672/1672/1672 1673/1673/1673 1670/1670/1670
f 1671/1671/1671 1653/1653/1653 1674/1674/1674
f 1645/1645/1645 1674/1674/1674 1653/1653/1653
f 1644/1644/1644 1674/1674/1674 1645/1645/1645
f 1672/1672/1672 1671/1671/1671 1675/1675/1675
f 1672/1672/1672 1675/1675/1675 1673/1673/1673
f 1674/1674/1674 1675/1675/1675 1671/1671/1671
f 1676/1676/1676 1673/1673/1673 1675/1675/1675
f 1677/1677/1677 1676/1676/1676 1675/1675/1675
f 1677/1677/1677 1675/1675/1675 1678/1678/1678
f 1675/1675/1675 1674/1674/1674 1678/1678/1678
f 1678/1678/1678 1679/1679/1679 1677/1677/1677
f 1678/1678/1678 1674/1674/1674 1680/1680/1680
f 1679/1679/1679 1678/1678/1678 1680/1680/1680
f 1644/1644/1644 1680/1680/1680 1674/1674/1674
f 1679/1679/1679 1680/1680/1680 1633/1633/1633
f 1680/1680/1680 1644/1644/1644 1632/1632/1632
f 1633/1633/1633 1680/1680/1680 1632/1632/1632
f 1683/1683/1683 1682/1682/1682 1681/1681/1681
f 1684/1684/1684 1681/1681/1681 1682/1682/1682
f 1682/1682/1682 1685/1685/1685 1684/1684/1684
f 1681/1681/1681 1684/1684/1684 1686/1686/1686
f 1687/1687/1687 1684/1684/1684 1685/1685/1685
f 1685/1685/1685 1688/1688/1688 1687/1687/1687
f 1686/1686/1686 1684/1684/1684 1689/1689/1689
f 1684/1684/1684 1687/1687/1687 1689/1689/1689
f 1686/1686/1686 1691/1691/1691 1690/1690/1690
f 1689/1689/1689 1691/1691/1691 1686/1686/1686
f 1689/1689/1689 1692/1692/1692 1691/1691/1691
f 1689/1689/1689 1687/1687/1687 1692/1692/1692
f 1693/1693/1693 1691/1691/1691 1692/1692/1692
f 1692/1692/1692 1694/1694/1694 1693/1693/1693
f 1687/1687/1687 1695/1695/1695 1692/1692/1692
f 1695/1695/1695 1687/1687/1687 1688/1688/1688
f 1696/1696/1696 1694/1694/1694 1692/1692/1692
f 1692/1692/1692 1695/1695/1695 1696/1696/1696
f 1696/1696/1696 1697/1697/1697 1694/1694/1694
f 1696/1696/1696 1695/1695/1695 1697/1697/1697
f 1698/1698/1698 1694/1694/1694 1697/1697/1697
f 1695/1695/1695 1688/1688/1688 1699/1699/1699
f 1699/1699/1699 1697/1697/1697 1695/1695/1695
f 1688/1688/1688 1700/1700/1700 1699/1699/1699
f 1697/1697/1697 1701/1701/1701 1698/1698/1698
f 1697/1697/1697 1699/1699/1699 1701/1701/1701
f 1702/1702/1702 1698/1698/1698 1701/1701/1701
f 1699/1699/1699 1700/1700/1700 1703/1703/1703
f 1703/1703/1703 1701/1701/1701 1699/1699/1699
f 1704/1704/1704 1703/1703/1703 1700/1700/1700
f 1704/1704/1704 1705/1705/1705 1703/1703/1703
f 1701/1701/1701 1706/1706/1706 1702/1702/1702
f 1701/1701/1701 1703/1703/1703 1706/1706/1706
f 1707/1707/1707 1702/1702/1702 1706/1706/1706
f 1708/1708/1708 1703/1703/1703 1705/1705/1705
f 1708/1708/1708 1706/1706/1706 1703/1703/1703
f 1706/1706/1706 1709/1709/1709 1707/1707/1707
f 1706/1706/1706 1708/1708/1708 1709/1709/1709
f 1710/1710/1710 1707/1707/1707 1709/1709/1709
f 1710/1710/1710 1709/1709/1709 1711/1711/1711
f 1712/1712/1712 1711/1711/1711 1709/1709/1709
f 1709/1709/1709 1713/1713/1713 1712/1712/1712
f 1714/1714/1714 1709/1709/1709 1708/1708/1708
f 1713/1713/1713 1709/1709/1709 1714/1714/1714
f 1708/1708/1708 1705/1705/1705 1714/1714/1714
f 1713/1713/1713 1714/1714/1714 1715/1715/1715
f 1716/1716/1716 1714/1714/1714 1705/1705/1705
f 1716/1716/1716 1715/1715/1715 1714/1714/1714
f 1719/1719/1719 1718/1718/1718 1717/1717/1717
f 1717/1717/1717 1718/1718/1718 1720/1720/1720
f 1718/1718/1718 1721/1721/1721 1720/1720/1720
f 1720/1720/1720 1722/1722/1722 1717/1717/1717
f 1721/1721/1721 1723/1723/1723 1720/1720/1720
f 1721/1721/1721 1724/1724/1724 1723/1723/1723
f 1723/1723/1723 1724/1724/1724 1725/1725/1725
f 1725/1725/1725 1726/1726/1726 1723/1723/1723
f 1727/1727/1727 1723/1723/1723 1726/1726/1726
f 1723/1723/1723 1727/1727/1727 1720/1720/1720
f 1726/1726/1726 1728/1728/1728 1727/1727/1727
f 1729/1729/1729 1722/1722/1722 1720/1720/1720
f 1729/1729/1729 1720/1720/1720 1727/1727/1727
f 1730/1730/1730 1722/1722/1722 1729/1729/1729
f 1731/1731/1731 1727/1727/1727 1728/1728/1728
f 1727/1727/1727 1731/1731/1731 1729/1729/1729
f 1728/1728/1728 1732/1732/1732 1731/1731/1731
f 1730/1730/1730 1729/1729/1729 1733/1733/1733
f 1733/1733/1733 1729/1729/1729 1731/1731/1731
f 1733/1733/1733 1734/1734/1734 1730/1730/1730
f 1735/1735/1735 1731/1731/1731 1732/1732/1732
f 1731/1731/1731 1735/1735/1735 1733/1733/1733
f 1737/1737/1737 1736/1736/1736 1732/1732/1732
f 1735/1735/1735 1732/1732/1732 1736/1736/1736
f 1736/1736/1736 1738/1738/1738 1735/1735/1735
f 1734/1734/1734 1733/1733/1733 1739/1739/1739
f 1739/1739/1739 1733/1733/1733 1735/1735/1735
f 1738/1738/1738 1739/1739/1739 1735/1735/1735
f 1739/1739/1739 1740/1740/1740 1734/1734/1734
f 1738/1738/1738 1740/1740/1740 1739/1739/1739
f 1743/1743/1743 1742/1742/1742 1741/1741/1741
f 1744/1744/1744 1741/1741/1741 1742/1742/1742
f 1741/1741/1741 1744/1744/1744 1745/1745/1745
f 1742/1742/1742 1746/1746/1746 1744/1744/1744
f 1747/1747/1747 1745/1745/1745 1744/1744/1744
f 1745/1745/1745 1747/1747/1747 1748/1748/1748
f 1749/1749/1749 1744/1744/1744 1746/1746/1746
f 1747/1747/1747 1744/1744/1744 1749/1749/1749
f 1751/1751/1751 1750/1750/1750 1746/1746/1746
f 1749/1749/1749 1746/1746/1746 1750/1750/1750
f 1749/1749/1749 1750/1750/1750 1752/1752/1752
f 1747/1747/1747 1749/1749/1749 1752/1752/1752
f 1753/1753/1753 1752/1752/1752 1750/1750/1750
f 1753/1753/1753 1754/1754/1754 1752/1752/1752
f 1755/1755/1755 1748/1748/1748 1747/1747/1747
f 1747/1747/1747 1752/1752/1752 1755/1755/1755
f 1748/1748/1748 1755/1755/1755 1756/1756/1756
f 1757/1757/1757 1752/1752/1752 1754/1754/1754
f 1757/1757/1757 1755/1755/1755 1752/1752/1752
f 1758/1758/1758 1757/1757/1757 1754/1754/1754
f 1757/1757/1757 1759/1759/1759 1755/1755/1755
f 1757/1757/1757 1758/1758/1758 1759/1759/1759
f 1760/1760/1760 1756/1756/1756 1755/1755/1755
f 1760/1760/1760 1755/1755/1755 1759/1759/1759
f 1761/1761/1761 1759/1759/1759 1758/1758/1758
f 1759/1759/1759 1761/1761/1761 1760/1760/1760
f 1758/1758/1758 1762/1762/1762 1761/1761/1761
f 1762/1762/1762 1763/1763/1763 1761/1761/1761
f 1764/1764/1764 1756/1756/1756 1760/1760/1760
f 1764/1764/1764 1760/1760/1760 1761/1761/1761
f 1756/1756/1756 1764/1764/1764 1765/1765/1765
f 1761/1761/1761 1763/1763/1763 1766/1766/1766
f 1761/1761/1761 1766/1766/1766 1764/1764/1764
f 1767/1767/1767 1765/1765/1765 1764/1764/1764
f 1767/1767/1767 1764/1764/1764 1766/1766/1766
f 1765/1765/1765 1767/1767/1767 1768/1768/1768
f 1769/1769/1769 1766/1766/1766 1763/1763/1763
f 1766/1766/1766 1769/1769/1769 1767/1767/1767
f 1763/1763/1763 1770/1770/1770 1769/1769/1769
f 1771/1771/1771 1769/1769/1769 1770/1770/1770
f 1769/1769/1769 1771/1771/1771 1772/1772/1772
f 1773/1773/1773 1768/1768/1768 1767/1767/1767
f 1773/1773/1773 1767/1767/1767 1769/1769/1769
f 1769/1769/1769 1772/1772/1772 1773/1773/1773
f 1768/1768/1768 1773/1773/1773 1774/1774/1774
f 1775/1775/1775 1773/1773/1773 1772/1772/1772
f 1775/1775/1775 1774/1774/1774 1773/1773/1773
f 1774/1774/1774 1775/1775/1775 1776/1776/1776
f 1779/1779/1779 1778/1778/1778 1777/1777/1777
f 1778/1778/1778 1779/1779/1779 1780/1780/1780
f 1780/1780/1780 1781/1781/1781 1778/1778/1778
f 1782/1782/1782 1780/1780/1780 1779/1779/1779
f 1781/1781/1781 1780/1780/1780 1783/1783/1783
f 1783/1783/1783 1784/1784/1784 1781/1781/1781
f 1780/1780/1780 1782/1782/1782 1785/1785/1785
f 1785/1785/1785 1783/1783/1783 1780/1780/1780
f 1786/1786/1786 1785/1785/1785 1782/1782/1782
f 1788/1788/1788 1787/1787/1787 1784/1784/1784
f 1785/1785/1785 1786/1786/1786 1789/1789/1789
f 1790/1790/1790 1788/1788/1788 1784/1784/1784
f 1784/1784/1784 1783/1783/1783 1790/1790/1790
f 1788/1788/1788 1790/1790/1790 1791/1791/1791
f 1792/1792/1792 1789/1789/1789 1786/1786/1786
f 1793/1793/1793 1791/1791/1791 1790/1790/1790
f 1791/1791/1791 1793/1793/1793 1794/1794/1794
f 1795/1795/1795 1790/1790/1790 1783/1783/1783
f 1783/1783/1783 1785/1785/1785 1795/1795/1795
f 1790/1790/1790 1795/1795/1795 1793/1793/1793
f 1789/1789/1789 1795/1795/1795 1785/1785/1785
f 1793/1793/1793 1796/1796/1796 1794/1794/1794
f 1797/1797/1797 1793/1793/1793 1795/1795/1795
f 1795/1795/1795 1789/1789/1789 1797/1797/1797
f 1793/1793/1793 1797/1797/1797 1796/1796/1796
f 1794/1794/1794 1796/1796/1796 1798/1798/1798
f 1797/1797/1797 1789/1789/1789 1799/1799/1799
f 1799/1799/1799 1796/1796/1796 1797/1797/1797
f 1800/1800/1800 1798/1798/1798 1796/1796/1796
f 1796/1796/1796 1799/1799/1799 1800/1800/1800
f 1801/1801/1801 1798/1798/1798 1800/1800/1800
f 1798/1798/1798 1801/1801/1801 1802/1802/1802
f 1803/1803/1803 1800/1800/1800 1799/1799/1799
f 1800/1800/1800 1803/1803/1803 1801/1801/1801
f 1804/1804/1804 1799/1799/1799 1789/1789/1789
f 1789/1789/1789 1792/1792/1792 1804/1804/1804
f 1805/1805/1805 1799/1799/1799 1804/1804/1804
f 1804/1804/1804 1792/1792/1792 1805/1805/1805
f 1799/1799/1799 1805/1805/1805 1803/1803/1803
f 1806/1806/1806 1805/1805/1805 1792/1792/1792
f 1805/1805/1805 1806/1806/1806 1807/1807/1807
f 1807/1807/1807 1803/1803/1803 1805/1805/1805
f 1808/1808/1808 1807/1807/1807 1806/1806/1806
f 1803/1803/1803 1807/1807/1807 1809/1809/1809
f 1809/1809/1809 1801/1801/1801 1803/1803/1803
f 1807/1807/1807 1808/1808/1808 1810/1810/1810
f 1810/1810/1810 1809/1809/1809 1807/1807/1807
f 1811/1811/1811 1810/1810/1810 1808/1808/1808
f 1812/1812/1812 1810/1810/1810 1811/1811/1811
f 1810/1810/1810 1812/1812/1812 1813/1813/1813
f 1813/1813/1813 1814/1814/1814 1810/1810/1810
f 1809/1809/1809 1810/1810/1810 1814/1814/1814
f 1814/1814/1814 1813/1813/1813 1815/1815/1815
f 1815/1815/1815 1816/1816/1816 1814/1814/1814
f 1801/1801/1801 1809/1809/1809 1817/1817/1817
f 1814/1814/1814 1817/1817/1817 1809/1809/1809
f 1817/1817/1817 1802/1802/1802 1801/1801/1801
f 1802/1802/1802 1817/1817/1817 1818/1818/1818
f 1817/1817/1817 1814/1814/1814 1819/1819/1819
f 1819/1819/1819 1818/1818/1818 1817/1817/1817
f 1819/1819/1819 1814/1814/1814 1816/1816/1816
f 1818/1818/1818 1819/1819/1819 1820/1820/1820
f 1816/1816/1816 1820/1820/1820 1819/1819/1819
f 1820/1820/1820 1816/1816/1816 1821/1821/1821
f 1824/1824/1824 1823/1823/1823 1822/1822/1822
f 1825/1825/1825 1822/1822/1822 1823/1823/1823
f 1822/1822/1822 1825/1825/1825 1826/1826/1826
f 1823/1823/1823 1827/1827/1827 1825/1825/1825
f 1826/1826/1826 1825/1825/1825 1828/1828/1828
f 1830/1830/1830 1829/1829/1829 1827/1827/1827
f 1828/1828/1828 1825/1825/1825 1831/1831/1831
f 1832/1832/1832 1827/1827/1827 1829/1829/1829
f 1832/1832/1832 1825/1825/1825 1827/1827/1827
f 1832/1832/1832 1831/1831/1831 1825/1825/1825
f 1829/1829/1829 1833/1833/1833 1832/1832/1832
f 1831/1831/1831 1832/1832/1832 1833/1833/1833
f 1833/1833/1833 1834/1834/1834 1831/1831/1831
f 1835/1835/1835 1828/1828/1828 1831/1831/1831
f 1836/1836/1836 1831/1831/1831 1834/1834/1834
f 1836/1836/1836 1835/1835/1835 1831/1831/1831
f 1834/1834/1834 1837/1837/1837 1836/1836/1836
f 1836/1836/1836 1838/1838/1838 1835/1835/1835
f 1838/1838/1838 1836/1836/1836 1837/1837/1837
f 1835/1835/1835 1838/1838/1838 1839/1839/1839
f 1838/1838/1838 1837/1837/1837 1840/1840/1840
f 1840/1840/1840 1839/1839/1839 1838/1838/1838
f 1839/1839/1839 1840/1840/1840 1841/1841/1841
f 1837/1837/1837 1842/1842/1842 1840/1840/1840
f 1841/1841/1841 1840/1840/1840 1843/1843/1843
f 1842/1842/1842 1844/1844/1844 1840/1840/1840
f 1844/1844/1844 1843/1843/1843 1840/1840/1840
f 1844/1844/1844 1842/1842/1842 1845/1845/1845
f 1846/1846/1846 1843/1843/1843 1844/1844/1844
f 1844/1844/1844 1845/1845/1845 1847/1847/1847
f 1844/1844/1844 1847/1847/1847 1846/1846/1846
f 1848/1848/1848 1847/1847/1847 1845/1845/1845
f 1846/1846/1846 1850/1850/1850 1849/1849/1849
f 1850/1850/1850 1846/1846/1846 1851/1851/1851
f 1851/1851/1851 1846/1846/1846 1847/1847/1847
f 1847/1847/1847 1852/1852/1852 1851/1851/1851
f 1848/1848/1848 1852/1852/1852 1847/1847/1847
f 1852/1852/1852 1848/1848/1848 1853/1853/1853
f 1856/1856/1856 1855/1855/1855 1854/1854/1854
f 1857/1857/1857 1854/1854/1854 1855/1855/1855
f 1855/1855/1855 1858/1858/1858 1857/1857/1857
f 1857/1857/1857 1859/1859/1859 1854/1854/1854
f 1860/1860/1860 1857/1857/1857 1858/1858/1858
f 1859/1859/1859 1857/1857/1857 1861/1861/1861
f 1861/1861/1861 1857/1857/1857 1860/1860/1860
f 1861/1861/1861 1862/1862/1862 1859/1859/1859
f 1863/1863/1863 1859/1859/1859 1862/1862/1862
f 1864/1864/1864 1861/1861/1861 1860/1860/1860
f 1861/1861/1861 1864/1864/1864 1862/1862/1862
f 1858/1858/1858 1865/1865/1865 1860/1860/1860
f 1866/1866/1866 1865/1865/1865 1858/1858/1858
f 1866/1866/1866 1867/1867/1867 1865/1865/1865
f 1865/1865/1865 1868/1868/1868 1860/1860/1860
f 1864/1864/1864 1860/1860/1860 1868/1868/1868
f 1867/1867/1867 1869/1869/1869 1865/1865/1865
f 1865/1865/1865 1869/1869/1869 1868/1868/1868
f 1867/1867/1867 1870/1870/1870 1869/1869/1869
f 1869/1869/1869 1870/1870/1870 1871/1871/1871
f 1870/1870/1870 1872/1872/1872 1871/1871/1871
f 1869/1869/1869 1873/1873/1873 1868/1868/1868
f 1869/1869/1869 1871/1871/1871 1873/1873/1873
f 1875/1875/1875 1874/1874/1874 1872/1872/1872
f 1876/1876/1876 1872/1872/1872 1874/1874/1874
f 1876/1876/1876 1871/1871/1871 1872/1872/1872
f 1874/1874/1874 1877/1877/1877 1876/1876/1876
f 1871/1871/1871 1876/1876/1876 1878/1878/1878
f 1873/1873/1873 1871/1871/1871 1878/1878/1878
f 1879/1879/1879 1876/1876/1876 1877/1877/1877
f 1879/1879/1879 1878/1878/1878 1876/1876/1876
f 1879/1879/1879 1877/1877/1877 1880/1880/1880
f 1879/1879/1879 1880/1880/1880 1878/1878/1878
f 1880/1880/1880 1877/1877/1877 1881/1881/1881
f 1882/1882/1882 1878/1878/1878 1880/1880/1880
f 1881/1881/1881 1883/1883/1883 1880/1880/1880
f 1880/1880/1880 1883/1883/1883 1882/1882/1882
f 1883/1883/1883 1881/1881/1881 1884/1884/1884
f 1885/1885/1885 1878/1878/1878 1882/1882/1882
f 1873/1873/1873 1878/1878/1878 1885/1885/1885
f 1886/1886/1886 1882/1882/1882 1883/1883/1883
f 1882/1882/1882 1886/1886/1886 1885/1885/1885
f 1884/1884/1884 1887/1887/1887 1883/1883/1883
f 1883/1883/1883 1887/1887/1887 1886/1886/1886
f 1884/1884/1884 1888/1888/1888 1887/1887/1887
f 1889/1889/1889 1885/1885/1885 1886/1886/1886
f 1887/1887/1887 1888/1888/1888 1890/1890/1890
f 1890/1890/1890 1888/1888/1888 1891/1891/1891
f 1892/1892/1892 1886/1886/1886 1887/1887/1887
f 1887/1887/1887 1890/1890/1890 1892/1892/1892
f 1886/1886/1886 1892/1892/1892 1889/1889/1889
f 1890/1890/1890 1891/1891/1891 1893/1893/1893
f 1894/1894/1894 1893/1893/1893 1891/1891/1891
f 1894/1894/1894 1895/1895/1895 1893/1893/1893
f 1896/1896/1896 1893/1893/1893 1895/1895/1895
f 1896/1896/1896 1897/1897/1897 1893/1893/1893
f 1898/1898/1898 1893/1893/1893 1897/1897/1897
f 1893/1893/1893 1898/1898/1898 1890/1890/1890
f 1899/1899/1899 1898/1898/1898 1897/1897/1897
f 1898/1898/1898 1900/1900/1900 1890/1890/1890
f 1900/1900/1900 1892/1892/1892 1890/1890/1890
f 1901/1901/1901 1898/1898/1898 1899/1899/1899
f 1898/1898/1898 1901/1901/1901 1900/1900/1900
f 1901/1901/1901 1899/1899/1899 1902/1902/1902
f 1892/1892/1892 1900/1900/1900 1903/1903/1903
f 1903/1903/1903 1889/1889/1889 1892/1892/1892
f 1900/1900/1900 1901/1901/1901 1904/1904/1904
f 1904/1904/1904 1903/1903/1903 1900/1900/1900
f 1905/1905/1905 1901/1901/1901 1902/1902/1902
f 1901/1901/1901 1906/1906/1906 1904/1904/1904
f 1906/1906/1906 1901/1901/1901 1905/1905/1905
f 1904/1904/1904 1907/1907/1907 1903/1903/1903
f 1906/1906/1906 1907/1907/1907 1904/1904/1904
f 1905/1905/1905 1902/1902/1902 1908/1908/1908
f 1905/1905/1905 1908/1908/1908 1906/1906/1906
f 1909/1909/1909 1908/1908/1908 1902/1902/1902
f 1909/1909/1909 1910/1910/1910 1908/1908/1908
f 1907/1907/1907 1911/1911/1911 1903/1903/1903
f 1903/1903/1903 1911/1911/1911 1889/1889/1889
f 1912/1912/1912 1908/1908/1908 1910/1910/1910
f 1913/1913/1913 1912/1912/1912 1910/1910/1910
f 1912/1912/1912 1913/1913/1913 1914/1914/1914
f 1912/1912/1912 1914/1914/1914 1915/1915/1915
f 1915/1915/1915 1908/1908/1908 1912/1912/1912
f 1914/1914/1914 1916/1916/1916 1915/1915/1915
f 1908/1908/1908 1915/1915/1915 1917/1917/1917
f 1917/1917/1917 1906/1906/1906 1908/1908/1908
f 1916/1916/1916 1918/1918/1918 1915/1915/1915
f 1915/1915/1915 1918/1918/1918 1917/1917/1917
f 1919/1919/1919 1918/1918/1918 1916/1916/1916
f 1917/1917/1917 1920/1920/1920 1906/1906/1906
f 1917/1917/1917 1918/1918/1918 1920/1920/1920
f 1906/1906/1906 1920/1920/1920 1907/1907/1907
f 1919/1919/1919 1921/1921/1921 1918/1918/1918
f 1918/1918/1918 1921/1921/1921 1920/1920/1920
f 1922/1922/1922 1921/1921/1921 1919/1919/1919
f 1922/1922/1922 1863/1863/1863 1921/1921/1921
f 1862/1862/1862 1921/1921/1921 1863/1863/1863
f 1920/1920/1920 1923/1923/1923 1907/1907/1907
f 1920/1920/1920 1921/1921/1921 1923/1923/1923
f 1862/1862/1862 1923/1923/1923 1921/1921/1921
f 1907/1907/1907 1923/1923/1923 1911/1911/1911
f 1924/1924/1924 1923/1923/1923 1862/1862/1862
f 1924/1924/1924 1862/1862/1862 1864/1864/1864
f 1911/1911/1911 1923/1923/1923 1925/1925/1925
f 1924/1924/1924 1925/1925/1925 1923/1923/1923
f 1864/1864/1864 1925/1925/1925 1924/1924/1924
f 1911/1911/1911 1925/1925/1925 1889/1889/1889
f 1925/1925/1925 1864/1864/1864 1868/1868/1868
f 1889/1889/1889 1925/1925/1925 1885/1885/1885
f 1868/1868/1868 1873/1873/1873 1925/1925/1925
f 1885/1885/1885 1925/1925/1925 1873/1873/1873
f 1928/1928/1928 1927/1927/1927 1926/1926/1926
f 1927/1927/1927 1928/1928/1928 1929/1929/1929
f 1927/1927/1927 1929/1929/1929 1930/1930/1930
f 1931/1931/1931 1930/1930/1930 1929/1929/1929
f 1928/1928/1928 1932/1932/1932 1929/1929/1929
f 1931/1931/1931 1929/1929/1929 1933/1933/1933
f 1929/1929/1929 1932/1932/1932 1934/1934/1934
f 1934/1934/1934 1933/1933/1933 1929/1929/1929
f 1932/1932/1932 1935/1935/1935 1934/1934/1934
f 1936/1936/1936 1933/1933/1933 1934/1934/1934
f 1934/1934/1934 1935/1935/1935 1937/1937/1937
f 1937/1937/1937 1936/1936/1936 1934/1934/1934
f 1935/1935/1935 1938/1938/1938 1937/1937/1937
f 1937/1937/1937 1939/1939/1939 1936/1936/1936
f 1937/1937/1937 1938/1938/1938 1939/1939/1939
f 1940/1940/1940 1936/1936/1936 1939/1939/1939
f 1941/1941/1941 1939/1939/1939 1938/1938/1938
f 1939/1939/1939 1942/1942/1942 1940/1940/1940
f 1939/1939/1939 1941/1941/1941 1942/1942/1942
f 1943/1943/1943 1940/1940/1940 1942/1942/1942
f 1942/1942/1942 1944/1944/1944 1943/1943/1943
f 1945/1945/1945 1942/1942/1942 1941/1941/1941
f 1945/1945/1945 1944/1944/1944 1942/1942/1942
f 1941/1941/1941 1946/1946/1946 1945/1945/1945
f 1945/1945/1945 1947/1947/1947 1944/1944/1944
f 1945/1945/1945 1946/1946/1946 1947/1947/1947
f 1948/1948/1948 1944/1944/1944 1947/1947/1947
f 1949/1949/1949 1947/1947/1947 1946/1946/1946
f 1947/1947/1947 1950/1950/1950 1948/1948/1948
f 1950/1950/1950 1947/1947/1947 1949/1949/1949
f 1951/1951/1951 1948/1948/1948 1950/1950/1950
f 1949/1949/1949 1952/1952/1952 1950/1950/1950
f 1955/1955/1955 1954/1954/1954 1953/1953/1953
f 1956/1956/1956 1953/1953/1953 1954/1954/1954
f 1953/1953/1953 1956/1956/1956 1957/1957/1957
f 1954/1954/1954 1958/1958/1958 1956/1956/1956
f 1959/1959/1959 1957/1957/1957 1956/1956/1956
f 1957/1957/1957 1959/1959/1959 1960/1960/1960
f 1961/1961/1961 1956/1956/1956 1958/1958/1958
f 1959/1959/1959 1956/1956/1956 1961/1961/1961
f 1963/1963/1963 1962/1962/1962 1958/1958/1958
f 1961/1961/1961 1958/1958/1958 1962/1962/1962
f 1961/1961/1961 1962/1962/1962 1964/1964/1964
f 1959/1959/1959 1961/1961/1961 1964/1964/1964
f 1965/1965/1965 1964/1964/1964 1962/1962/1962
f 1965/1965/1965 1966/1966/1966 1964/1964/1964
f 1967/1967/1967 1960/1960/1960 1959/1959/1959
f 1959/1959/1959 1964/1964/1964 1967/1967/1967
f 1960/1960/1960 1967/1967/1967 1968/1968/1968
f 1969/1969/1969 1964/1964/1964 1966/1966/1966
f 1969/1969/1969 1967/1967/1967 1964/1964/1964
f 1970/1970/1970 1969/1969/1969 1966/1966/1966
f 1969/1969/1969 1971/1971/1971 1967/1967/1967
f 1969/1969/1969 1970/1970/1970 1971/1971/1971
f 1972/1972/1972 1968/1968/1968 1967/1967/1967
f 1972/1972/1972 1967/1967/1967 1971/1971/1971
f 1973/1973/1973 1971/1971/1971 1970/1970/1970
f 1971/1971/1971 1973/1973/1973 1972/1972/1972
f 1970/1970/1970 1974/1974/1974 1973/1973/1973
f 1974/1974/1974 1975/1975/1975 1973/1973/1973
f 1976/1976/1976 1968/1968/1968 1972/1972/1972
f 1976/1976/1976 1972/1972/1972 1973/1973/1973
f 1968/1968/1968 1976/1976/1976 1977/1977/1977
f 1973/1973/1973 1975/1975/1975 1978/1978/1978
f 1973/1973/1973 1978/1978/1978 1976/1976/1976
f 1979/1979/1979 1977/1977/1977 1976/1976/1976
f 1979/1979/1979 1976/1976/1976 1978/1978/1978
f 1977/1977/1977 1979/1979/1979 1980/1980/1980
f 1981/1981/1981 1978/1978/1978 1975/1975/1975
f 1978/1978/1978 1981/1981/1981 1979/1979/1979
f 1975/1975/1975 1982/1982/1982 1981/1981/1981
f 1983/1983/1983 1981/1981/1981 1982/1982/1982
f 1981/1981/1981 1983/1983/1983 1984/1984/1984
f 1985/1985/1985 1980/1980/1980 1979/1979/1979
f 1985/1985/1985 1979/1979/1979 1981/1981/1981
f 1981/1981/1981 1984/1984/1984 1985/1985/1985
f 1980/1980/1980 1985/1985/1985 1986/1986/1986
f 1987/1987/1987 1985/1985/1985 1984/1984/1984
f 1987/1987/1987 1986/1986/1986 1985/1985/1985
f 1986/1986/1986 1987/1987/1987 1988/1988/1988
f 1991/1991/1991 1990/1990/1990 1989/1989/1989
f 1990/1990/1990 1991/1991/1991 1992/1992/1992
f 1992/1992/1992 1993/1993/1993 1990/1990/1990
f 1994/1994/1994 1992/1992/1992 1991/1991/1991
f 1993/1993/1993 1992/1992/1992 1995/1995/1995
f 1995/1995/1995 1996/1996/1996 1993/1993/1993
f 1992/1992/1992 1994/1994/1994 1997/1997/1997
f 1997/1997/1997 1995/1995/1995 1992/1992/1992
f 1998/1998/1998 1997/1997/1997 1994/1994/1994
f 2000/2000/2000 1996/1996/1996 1999/1999/1999
f 1997/1997/1997 1998/1998/1998 2001/2001/2001
f 1996/1996/1996 2002/2002/2002 1999/1999/1999
f 1996/1996/1996 1995/1995/1995 2002/2002/2002
f 1999/1999/1999 2002/2002/2002 2003/2003/2003
f 2004/2004/2004 2001/2001/2001 1998/1998/1998
f 2005/2005/2005 2003/2003/2003 2002/2002/2002
f 2003/2003/2003 2005/2005/2005 2006/2006/2006
f 2007/2007/2007 2002/2002/2002 1995/1995/1995
f 2002/2002/2002 2007/2007/2007 2005/2005/2005
f 1995/1995/1995 1997/1997/1997 2007/2007/2007
f 2001/2001/2001 2007/2007/2007 1997/1997/1997
f 2008/2008/2008 2006/2006/2006 2005/2005/2005
f 2005/2005/2005 2007/2007/2007 2008/2008/2008
f 2009/2009/2009 2006/2006/2006 2008/2008/2008
f 2006/2006/2006 2009/2009/2009 2010/2010/2010
f 2011/2011/2011 2008/2008/2008 2007/2007/2007
f 2007/2007/2007 2001/2001/2001 2011/2011/2011
f 2008/2008/2008 2011/2011/2011 2009/2009/2009
f 2012/2012/2012 2011/2011/2011 2001/2001/2001
f 2001/2001/2001 2004/2004/2004 2012/2012/2012
f 2013/2013/2013 2009/2009/2009 2011/2011/2011
f 2011/2011/2011 2012/2012/2012 2013/2013/2013
f 2012/2012/2012 2004/2004/2004 2014/2014/2014
f 2014/2014/2014 2013/2013/2013 2012/2012/2012
f 2015/2015/2015 2014/2014/2014 2004/2004/2004
f 2016/2016/2016 2009/2009/2009 2013/2013/2013
f 2013/2013/2013 2014/2014/2014 2016/2016/2016
f 2014/2014/2014 2015/2015/2015 2017/2017/2017
f 2017/2017/2017 2016/2016/2016 2014/2014/2014
f 2018/2018/2018 2017/2017/2017 2015/2015/2015
f 2009/2009/2009 2016/2016/2016 2019/2019/2019
f 2019/2019/2019 2010/2010/2010 2009/2009/2009
f 2010/2010/2010 2019/2019/2019 2020/2020/2020
f 2016/2016/2016 2017/2017/2017 2021/2021/2021
f 2021/2021/2021 2019/2019/2019 2016/2016/2016
f 2022/2022/2022 2020/2020/2020 2019/2019/2019
f 2019/2019/2019 2021/2021/2021 2022/2022/2022
f 2020/2020/2020 2022/2022/2022 2023/2023/2023
f 2024/2024/2024 2021/2021/2021 2017/2017/2017
f 2017/2017/2017 2018/2018/2018 2024/2024/2024
f 2025/2025/2025 2024/2024/2024 2018/2018/2018
f 2026/2026/2026 2024/2024/2024 2025/2025/2025
f 2024/2024/2024 2026/2026/2026 2027/2027/2027
f 2021/2021/2021 2024/2024/2024 2028/2028/2028
f 2027/2027/2027 2028/2028/2028 2024/2024/2024
f 2028/2028/2028 2022/2022/2022 2021/2021/2021
f 2028/2028/2028 2027/2027/2027 2029/2029/2029
f 2022/2022/2022 2028/2028/2028 2030/2030/2030
f 2029/2029/2029 2030/2030/2030 2028/2028/2028
f 2022/2022/2022 2030/2030/2030 2023/2023/2023
f 2030/2030/2030 2029/2029/2029 2031/2031/2031
f 2032/2032/2032 2023/2023/2023 2030/2030/2030
f 2031/2031/2031 2033/2033/2033 2030/2030/2030
f 2032/2032/2032 2030/2030/2030 2033/2033/2033
f 2036/2036/2036 2035/2035/2035 2034/2034/2034
f 2037/2037/2037 2034/2034/2034 2035/2035/2035
f 2035/2035/2035 2038/2038/2038 2037/2037/2037
f 2037/2037/2037 2039/2039/2039 2034/2034/2034
f 2040/2040/2040 2037/2037/2037 2038/2038/2038
f 2039/2039/2039 2037/2037/2037 2041/2041/2041
f 2041/2041/2041 2037/2037/2037 2040/2040/2040
f 2041/2041/2041 2042/2042/2042 2039/2039/2039
f 2043/2043/2043 2039/2039/2039 2042/2042/2042
f 2044/2044/2044 2041/2041/2041 2040/2040/2040
f 2041/2041/2041 2044/2044/2044 2042/2042/2042
f 2038/2038/2038 2045/2045/2045 2040/2040/2040
f 2046/2046/2046 2045/2045/2045 2038/2038/2038
f 2046/2046/2046 2047/2047/2047 2045/2045/2045
f 2045/2045/2045 2048/2048/2048 2040/2040/2040
f 2040/2040/2040 2048/2048/2048 2044/2044/2044
f 2047/2047/2047 2049/2049/2049 2045/2045/2045
f 2045/2045/2045 2049/2049/2049 2048/2048/2048
f 2047/2047/2047 2050/2050/2050 2049/2049/2049
f 2051/2051/2051 2044/2044/2044 2048/2048/2048
f 2049/2049/2049 2050/2050/2050 2052/2052/2052
f 2049/2049/2049 2053/2053/2053 2048/2048/2048
f 2049/2049/2049 2052/2052/2052 2053/2053/2053
f 2048/2048/2048 2053/2053/2053 2051/2051/2051
f 2050/2050/2050 2054/2054/2054 2052/2052/2052
f 2056/2056/2056 2055/2055/2055 2054/2054/2054
f 2057/2057/2057 2054/2054/2054 2055/2055/2055
f 2057/2057/2057 2052/2052/2052 2054/2054/2054
f 2055/2055/2055 2058/2058/2058 2057/2057/2057
f 2053/2053/2053 2052/2052/2052 2059/2059/2059
f 2052/2052/2052 2057/2057/2057 2059/2059/2059
f 2060/2060/2060 2057/2057/2057 2058/2058/2058
f 2060/2060/2060 2059/2059/2059 2057/2057/2057
f 2060/2060/2060 2058/2058/2058 2061/2061/2061
f 2061/2061/2061 2058/2058/2058 2062/2062/2062
f 2059/2059/2059 2060/2060/2060 2063/2063/2063
f 2060/2060/2060 2061/2061/2061 2063/2063/2063
f 2053/2053/2053 2059/2059/2059 2064/2064/2064
f 2064/2064/2064 2059/2059/2059 2063/2063/2063
f 2064/2064/2064 2051/2051/2051 2053/2053/2053
f 2062/2062/2062 2065/2065/2065 2061/2061/2061
f 2061/2061/2061 2065/2065/2065 2063/2063/2063
f 2065/2065/2065 2062/2062/2062 2066/2066/2066
f 2063/2063/2063 2067/2067/2067 2064/2064/2064
f 2067/2067/2067 2063/2063/2063 2065/2065/2065
f 2066/2066/2066 2068/2068/2068 2065/2065/2065
f 2065/2065/2065 2068/2068/2068 2067/2067/2067
f 2066/2066/2066 2069/2069/2069 2068/2068/2068
f 2070/2070/2070 2064/2064/2064 2067/2067/2067
f 2064/2064/2064 2070/2070/2070 2051/2051/2051
f 2071/2071/2071 2067/2067/2067 2068/2068/2068
f 2067/2067/2067 2071/2071/2071 2070/2070/2070
f 2068/2068/2068 2069/2069/2069 2072/2072/2072
f 2068/2068/2068 2072/2072/2072 2071/2071/2071
f 2072/2072/2072 2069/2069/2069 2073/2073/2073
f 2074/2074/2074 2070/2070/2070 2071/2071/2071
f 2072/2072/2072 2073/2073/2073 2075/2075/2075
f 2076/2076/2076 2075/2075/2075 2073/2073/2073
f 2076/2076/2076 2077/2077/2077 2075/2075/2075
f 2078/2078/2078 2075/2075/2075 2077/2077/2077
f 2078/2078/2078 2079/2079/2079 2075/2075/2075
f 2080/2080/2080 2075/2075/2075 2079/2079/2079
f 2075/2075/2075 2080/2080/2080 2072/2072/2072
f 2081/2081/2081 2080/2080/2080 2079/2079/2079
f 2082/2082/2082 2071/2071/2071 2072/2072/2072
f 2082/2082/2082 2072/2072/2072 2080/2080/2080
f 2071/2071/2071 2082/2082/2082 2074/2074/2074
f 2083/2083/2083 2080/2080/2080 2081/2081/2081
f 2080/2080/2080 2083/2083/2083 2082/2082/2082
f 2081/2081/2081 2084/2084/2084 2083/2083/2083
f 2085/2085/2085 2074/2074/2074 2082/2082/2082
f 2082/2082/2082 2083/2083/2083 2085/2085/2085
f 2086/2086/2086 2083/2083/2083 2084/2084/2084
f 2083/2083/2083 2087/2087/2087 2085/2085/2085
f 2087/2087/2087 2083/2083/2083 2086/2086/2086
f 2085/2085/2085 2088/2088/2088 2074/2074/2074
f 2087/2087/2087 2088/2088/2088 2085/2085/2085
f 2086/2086/2086 2084/2084/2084 2089/2089/2089
f 2086/2086/2086 2089/2089/2089 2087/2087/2087
f 2089/2089/2089 2084/2084/2084 2090/2090/2090
f 2090/2090/2090 2091/2091/2091 2089/2089/2089
f 2092/2092/2092 2089/2089/2089 2091/2091/2091
f 2093/2093/2093 2092/2092/2092 2091/2091/2091
f 2092/2092/2092 2093/2093/2093 2094/2094/2094
f 2092/2092/2092 2094/2094/2094 2095/2095/2095
f 2095/2095/2095 2089/2089/2089 2092/2092/2092
f 2094/2094/2094 2096/2096/2096 2095/2095/2095
f 2089/2089/2089 2095/2095/2095 2097/2097/2097
f 2097/2097/2097 2087/2087/2087 2089/2089/2089
f 2096/2096/2096 2098/2098/2098 2095/2095/2095
f 2095/2095/2095 2098/2098/2098 2097/2097/2097
f 2099/2099/2099 2098/2098/2098 2096/2096/2096
f 2097/2097/2097 2100/2100/2100 2087/2087/2087
f 2097/2097/2097 2098/2098/2098 2100/2100/2100
f 2087/2087/2087 2100/2100/2100 2088/2088/2088
f 2099/2099/2099 2101/2101/2101 2098/2098/2098
f 2098/2098/2098 2101/2101/2101 2100/2100/2100
f 2102/2102/2102 2101/2101/2101 2099/2099/2099
f 2102/2102/2102 2043/2043/2043 2101/2101/2101
f 2042/2042/2042 2101/2101/2101 2043/2043/2043
f 2100/2100/2100 2101/2101/2101 2103/2103/2103
f 2042/2042/2042 2103/2103/2103 2101/2101/2101
f 2100/2100/2100 2103/2103/2103 2088/2088/2088
f 2104/2104/2104 2103/2103/2103 2042/2042/2042
f 2104/2104/2104 2042/2042/2042 2044/2044/2044
f 2044/2044/2044 2051/2051/2051 2104/2104/2104
f 2088/2088/2088 2103/2103/2103 2105/2105/2105
f 2103/2103/2103 2104/2104/2104 2105/2105/2105
f 2105/2105/2105 2104/2104/2104 2051/2051/2051
f 2088/2088/2088 2105/2105/2105 2074/2074/2074
f 2105/2105/2105 2051/2051/2051 2070/2070/2070
f 2074/2074/2074 2105/2105/2105 2070/2070/2070
f 2108/2108/2108 2107/2107/2107 2106/2106/2106
f 2109/2109/2109 2106/2106/2106 2107/2107/2107
f 2106/2106/2106 2109/2109/2109 2110/2110/2110
f 2107/2107/2107 2111/2111/2111 2109/2109/2109
f 2112/2112/2112 2110/2110/2110 2109/2109/2109
f 2110/2110/2110 2112/2112/2112 2113/2113/2113
f 2114/2114/2114 2109/2109/2109 2111/2111/2111
f 2112/2112/2112 2109/2109/2109 2114/2114/2114
f 2116/2116/2116 2115/2115/2115 2111/2111/2111
f 2114/2114/2114 2111/2111/2111 2115/2115/2115
f 2115/2115/2115 2117/2117/2117 2114/2114/2114
f 2118/2118/2118 2114/2114/2114 2117/2117/2117
f 2112/2112/2112 2114/2114/2114 2118/2118/2118
f 2117/2117/2117 2119/2119/2119 2118/2118/2118
f 2112/2112/2112 2118/2118/2118 2120/2120/2120
f 2120/2120/2120 2113/2113/2113 2112/2112/2112
f 2121/2121/2121 2118/2118/2118 2119/2119/2119
f 2121/2121/2121 2120/2120/2120 2118/2118/2118
f 2122/2122/2122 2121/2121/2121 2119/2119/2119
f 2123/2123/2123 2113/2113/2113 2120/2120/2120
f 2113/2113/2113 2123/2123/2123 2124/2124/2124
f 2121/2121/2121 2125/2125/2125 2120/2120/2120
f 2121/2121/2121 2122/2122/2122 2125/2125/2125
f 2123/2123/2123 2120/2120/2120 2125/2125/2125
f 2126/2126/2126 2125/2125/2125 2122/2122/2122
f 2125/2125/2125 2126/2126/2126 2123/2123/2123
f 2122/2122/2122 2127/2127/2127 2126/2126/2126
f 2128/2128/2128 2124/2124/2124 2123/2123/2123
f 2128/2128/2128 2123/2123/2123 2126/2126/2126
f 2124/2124/2124 2128/2128/2128 2129/2129/2129
f 2126/2126/2126 2127/2127/2127 2130/2130/2130
f 2126/2126/2126 2130/2130/2130 2128/2128/2128
f 2131/2131/2131 2130/2130/2130 2127/2127/2127
f 2132/2132/2132 2129/2129/2129 2128/2128/2128
f 2132/2132/2132 2128/2128/2128 2130/2130/2130
f 2129/2129/2129 2132/2132/2132 2133/2133/2133
f 2134/2134/2134 2130/2130/2130 2131/2131/2131
f 2130/2130/2130 2134/2134/2134 2132/2132/2132
f 2131/2131/2131 2135/2135/2135 2134/2134/2134
f 2136/2136/2136 2134/2134/2134 2135/2135/2135
f 2134/2134/2134 2136/2136/2136 2137/2137/2137
f 2138/2138/2138 2133/2133/2133 2132/2132/2132
f 2138/2138/2138 2132/2132/2132 2134/2134/2134
f 2134/2134/2134 2137/2137/2137 2138/2138/2138
f 2133/2133/2133 2138/2138/2138 2139/2139/2139
f 2140/2140/2140 2138/2138/2138 2137/2137/2137
f 2140/2140/2140 2139/2139/2139 2138/2138/2138
f 2139/2139/2139 2140/2140/2140 2141/2141/2141
f 2144/2144/2144 2143/2143/2143 2142/2142/2142
f 2145/2145/2145 2142/2142/2142 2143/2143/2143
f 2146/2146/2146 2145/2145/2145 2143/2143/2143
f 2145/2145/2145 2147/2147/2147 2142/2142/2142
f 2145/2145/2145 2146/2146/2146 2148/2148/2148
f 2149/2149/2149 2148/2148/2148 2146/2146/2146
f 2147/2147/2147 2145/2145/2145 2150/2150/2150
f 2148/2148/2148 2150/2150/2150 2145/2145/2145
f 2150/2150/2150 2151/2151/2151 2147/2147/2147
f 2148/2148/2148 2149/2149/2149 2152/2152/2152
f 2153/2153/2153 2152/2152/2152 2149/2149/2149
f 2150/2150/2150 2148/2148/2148 2154/2154/2154
f 2152/2152/2152 2154/2154/2154 2148/2148/2148
f 2151/2151/2151 2150/2150/2150 2155/2155/2155
f 2154/2154/2154 2155/2155/2155 2150/2150/2150
f 2157/2157/2157 2151/2151/2151 2156/2156/2156
f 2155/2155/2155 2156/2156/2156 2151/2151/2151
f 2156/2156/2156 2155/2155/2155 2158/2158/2158
f 2159/2159/2159 2158/2158/2158 2155/2155/2155
f 2155/2155/2155 2154/2154/2154 2159/2159/2159
f 2158/2158/2158 2159/2159/2159 2160/2160/2160
f 2161/2161/2161 2159/2159/2159 2154/2154/2154
f 2154/2154/2154 2152/2152/2152 2161/2161/2161
f 2162/2162/2162 2160/2160/2160 2159/2159/2159
f 2159/2159/2159 2161/2161/2161 2162/2162/2162
f 2163/2163/2163 2160/2160/2160 2162/2162/2162
f 2160/2160/2160 2163/2163/2163 2164/2164/2164
f 2165/2165/2165 2162/2162/2162 2161/2161/2161
f 2161/2161/2161 2152/2152/2152 2165/2165/2165
f 2162/2162/2162 2165/2165/2165 2163/2163/2163
f 2166/2166/2166 2165/2165/2165 2152/2152/2152
f 2152/2152/2152 2153/2153/2153 2166/2166/2166
f 2167/2167/2167 2163/2163/2163 2165/2165/2165
f 2165/2165/2165 2166/2166/2166 2167/2167/2167
f 2166/2166/2166 2153/2153/2153 2168/2168/2168
f 2168/2168/2168 2167/2167/2167 2166/2166/2166
f 2169/2169/2169 2168/2168/2168 2153/2153/2153
f 2170/2170/2170 2164/2164/2164 2163/2163/2163
f 2163/2163/2163 2167/2167/2167 2170/2170/2170
f 2164/2164/2164 2170/2170/2170 2171/2171/2171
f 2168/2168/2168 2169/2169/2169 2172/2172/2172
f 2172/2172/2172 2167/2167/2167 2168/2168/2168
f 2173/2173/2173 2172/2172/2172 2169/2169/2169
f 2174/2174/2174 2170/2170/2170 2167/2167/2167
f 2167/2167/2167 2172/2172/2172 2174/2174/2174
f 2175/2175/2175 2171/2171/2171 2170/2170/2170
f 2170/2170/2170 2174/2174/2174 2175/2175/2175
f 2171/2171/2171 2175/2175/2175 2176/2176/2176
f 2177/2177/2177 2172/2172/2172 2173/2173/2173
f 2177/2177/2177 2174/2174/2174 2172/2172/2172
f 2178/2178/2178 2177/2177/2177 2173/2173/2173
f 2179/2179/2179 2176/2176/2176 2175/2175/2175
f 2176/2176/2176 2179/2179/2179 2180/2180/2180
f 2181/2181/2181 2175/2175/2175 2174/2174/2174
f 2175/2175/2175 2181/2181/2181 2179/2179/2179
f 2174/2174/2174 2177/2177/2177 2181/2181/2181
f 2182/2182/2182 2180/2180/2180 2179/2179/2179
f 2179/2179/2179 2181/2181/2181 2182/2182/2182
f 2180/2180/2180 2182/2182/2182 2183/2183/2183
f 2184/2184/2184 2182/2182/2182 2181/2181/2181
f 2181/2181/2181 2185/2185/2185 2184/2184/2184
f 2185/2185/2185 2181/2181/2181 2177/2177/2177
f 2177/2177/2177 2178/2178/2178 2185/2185/2185
f 2186/2186/2186 2185/2185/2185 2178/2178/2178
f 2189/2189/2189 2188/2188/2188 2187/2187/2187
f 2190/2190/2190 2187/2187/2187 2188/2188/2188
f 2188/2188/2188 2191/2191/2191 2190/2190/2190
f 2190/2190/2190 2192/2192/2192 2187/2187/2187
f 2193/2193/2193 2190/2190/2190 2191/2191/2191
f 2194/2194/2194 2192/2192/2192 2190/2190/2190
f 2194/2194/2194 2190/2190/2190 2193/2193/2193
f 2194/2194/2194 2195/2195/2195 2192/2192/2192
f 2196/2196/2196 2192/2192/2192 2195/2195/2195
f 2193/2193/2193 2197/2197/2197 2194/2194/2194
f 2195/2195/2195 2198/2198/2198 2196/2196/2196
f 2199/2199/2199 2196/2196/2196 2198/2198/2198
f 2194/2194/2194 2200/2200/2200 2195/2195/2195
f 2200/2200/2200 2194/2194/2194 2197/2197/2197
f 2195/2195/2195 2201/2201/2201 2198/2198/2198
f 2200/2200/2200 2201/2201/2201 2195/2195/2195
f 2198/2198/2198 2202/2202/2202 2199/2199/2199
f 2199/2199/2199 2202/2202/2202 2203/2203/2203
f 2201/2201/2201 2204/2204/2204 2198/2198/2198
f 2198/2198/2198 2204/2204/2204 2202/2202/2202
f 2202/2202/2202 2205/2205/2205 2203/2203/2203
f 2206/2206/2206 2203/2203/2203 2205/2205/2205
f 2207/2207/2207 2206/2206/2206 2205/2205/2205
f 2202/2202/2202 2208/2208/2208 2205/2205/2205
f 2208/2208/2208 2202/2202/2202 2204/2204/2204
f 2209/2209/2209 2207/2207/2207 2205/2205/2205
f 2205/2205/2205 2208/2208/2208 2209/2209/2209
f 2209/2209/2209 2210/2210/2210 2207/2207/2207
f 2211/2211/2211 2210/2210/2210 2209/2209/2209
f 2211/2211/2211 2209/2209/2209 2212/2212/2212
f 2212/2212/2212 2209/2209/2209 2208/2208/2208
f 2212/2212/2212 2213/2213/2213 2211/2211/2211
f 2213/2213/2213 2212/2212/2212 2214/2214/2214
f 2214/2214/2214 2212/2212/2212 2215/2215/2215
f 2208/2208/2208 2215/2215/2215 2212/2212/2212
f 2215/2215/2215 2216/2216/2216 2214/2214/2214
f 2216/2216/2216 2215/2215/2215 2217/2217/2217
f 2217/2217/2217 2215/2215/2215 2218/2218/2218
f 2215/2215/2215 2208/2208/2208 2219/2219/2219
f 2219/2219/2219 2218/2218/2218 2215/2215/2215
f 2204/2204/2204 2219/2219/2219 2208/2208/2208
f 2218/2218/2218 2219/2219/2219 2220/2220/2220
f 2221/2221/2221 2219/2219/2219 2204/2204/2204
f 2219/2219/2219 2221/2221/2221 2220/2220/2220
f 2201/2201/2201 2221/2221/2221 2204/2204/2204
f 2220/2220/2220 2221/2221/2221 2222/2222/2222
f 2223/2223/2223 2221/2221/2221 2201/2201/2201
f 2223/2223/2223 2222/2222/2222 2221/2221/2221
f 2200/2200/2200 2223/2223/2223 2201/2201/2201
f 2225/2225/2225 2222/2222/2222 2224/2224/2224
f 2226/2226/2226 2223/2223/2223 2200/2200/2200
f 2227/2227/2227 2222/2222/2222 2223/2223/2223
f 2226/2226/2226 2227/2227/2227 2223/2223/2223
f 2227/2227/2227 2224/2224/2224 2222/2222/2222
f 2226/2226/2226 2200/2200/2200 2228/2228/2228
f 2228/2228/2228 2227/2227/2227 2226/2226/2226
f 2197/2197/2197 2228/2228/2228 2200/2200/2200
f 2197/2197/2197 2193/2193/2193 2228/2228/2228
f 2229/2229/2229 2224/2224/2224 2227/2227/2227
f 2227/2227/2227 2228/2228/2228 2229/2229/2229
f 2229/2229/2229 2230/2230/2230 2224/2224/2224
f 2229/2229/2229 2231/2231/2231 2230/2230/2230
f 2232/2232/2232 2231/2231/2231 2229/2229/2229
f 2228/2228/2228 2193/2193/2193 2233/2233/2233
f 2228/2228/2228 2233/2233/2233 2229/2229/2229
f 2232/2232/2232 2229/2229/2229 2233/2233/2233
f 2193/2193/2193 2191/2191/2191 2233/2233/2233
f 2233/2233/2233 2191/2191/2191 2234/2234/2234
f 2233/2233/2233 2234/2234/2234 2232/2232/2232
f 2232/2232/2232 2234/2234/2234 2235/2235/2235
f 2238/2238/2238 2237/2237/2237 2236/2236/2236
f 2239/2239/2239 2236/2236/2236 2237/2237/2237
f 2237/2237/2237 2240/2240/2240 2239/2239/2239
f 2236/2236/2236 2239/2239/2239 2241/2241/2241
f 2240/2240/2240 2242/2242/2242 2239/2239/2239
f 2239/2239/2239 2243/2243/2243 2241/2241/2241
f 2242/2242/2242 2243/2243/2243 2239/2239/2239
f 2241/2241/2241 2243/2243/2243 2244/2244/2244
f 2243/2243/2243 2242/2242/2242 2245/2245/2245
f 2243/2243/2243 2245/2245/2245 2246/2246/2246
f 2246/2246/2246 2244/2244/2244 2243/2243/2243
f 2247/2247/2247 2246/2246/2246 2245/2245/2245
f 2247/2247/2247 2248/2248/2248 2246/2246/2246
f 2249/2249/2249 2244/2244/2244 2246/2246/2246
f 2244/2244/2244 2249/2249/2249 2250/2250/2250
f 2251/2251/2251 2250/2250/2250 2249/2249/2249
f 2251/2251/2251 2249/2249/2249 2252/2252/2252
f 2253/2253/2253 2252/2252/2252 2249/2249/2249
f 2249/2249/2249 2254/2254/2254 2253/2253/2253
f 2255/2255/2255 2254/2254/2254 2248/2248/2248
f 2254/2254/2254 2249/2249/2249 2256/2256/2256
f 2256/2256/2256 2248/2248/2248 2254/2254/2254
f 2256/2256/2256 2249/2249/2249 2246/2246/2246
f 2256/2256/2256 2246/2246/2246 2248/2248/2248
f 2259/2259/2259 2258/2258/2258 2257/2257/2257
f 2260/2260/2260 2258/2258/2258 2259/2259/2259
f 2259/2259/2259 2261/2261/2261 2260/2260/2260
f 2262/2262/2262 2261/2261/2261 2259/2259/2259
f 2262/2262/2262 2259/2259/2259 2263/2263/2263
f 2263/2263/2263 2264/2264/2264 2262/2262/2262
f 2265/2265/2265 2262/2262/2262 2264/2264/2264
f 2262/2262/2262 2265/2265/2265 2261/2261/2261
f 2264/2264/2264 2266/2266/2266 2265/2265/2265
f 2267/2267/2267 2265/2265/2265 2266/2266/2266
f 2268/2268/2268 2265/2265/2265 2267/2267/2267
f 2268/2268/2268 2261/2261/2261 2265/2265/2265
f 2267/2267/2267 2269/2269/2269 2268/2268/2268
f 2261/2261/2261 2270/2270/2270 2260/2260/2260
f 2261/2261/2261 2268/2268/2268 2270/2270/2270
f 2260/2260/2260 2270/2270/2270 2271/2271/2271
f 2268/2268/2268 2269/2269/2269 2272/2272/2272
f 2272/2272/2272 2270/2270/2270 2268/2268/2268
f 2273/2273/2273 2272/2272/2272 2269/2269/2269
f 2274/2274/2274 2271/2271/2271 2270/2270/2270
f 2270/2270/2270 2272/2272/2272 2274/2274/2274
f 2271/2271/2271 2274/2274/2274 2275/2275/2275
f 2275/2275/2275 2274/2274/2274 2276/2276/2276
f 2272/2272/2272 2273/2273/2273 2277/2277/2277
f 2277/2277/2277 2274/2274/2274 2272/2272/2272
f 2273/2273/2273 2278/2278/2278 2277/2277/2277
f 2279/2279/2279 2276/2276/2276 2274/2274/2274
f 2274/2274/2274 2277/2277/2277 2279/2279/2279
f 2276/2276/2276 2279/2279/2279 2280/2280/2280
f 2277/2277/2277 2278/2278/2278 2281/2281/2281
f 2281/2281/2281 2279/2279/2279 2277/2277/2277
f 2282/2282/2282 2281/2281/2281 2278/2278/2278
f 2283/2283/2283 2281/2281/2281 2282/2282/2282
f 2284/2284/2284 2280/2280/2280 2279/2279/2279
f 2279/2279/2279 2281/2281/2281 2284/2284/2284
f 2280/2280/2280 2284/2284/2284 2285/2285/2285
f 2286/2286/2286 2281/2281/2281 2283/2283/2283
f 2286/2286/2286 2284/2284/2284 2281/2281/2281
f 2287/2287/2287 2286/2286/2286 2283/2283/2283
f 2284/2284/2284 2286/2286/2286 2288/2288/2288
f 2288/2288/2288 2285/2285/2285 2284/2284/2284
f 2289/2289/2289 2286/2286/2286 2287/2287/2287
f 2289/2289/2289 2288/2288/2288 2286/2286/2286
f 2287/2287/2287 2290/2290/2290 2289/2289/2289
f 2291/2291/2291 2289/2289/2289 2290/2290/2290
f 2291/2291/2291 2292/2292/2292 2289/2289/2289
f 2288/2288/2288 2289/2289/2289 2292/2292/2292
f 2292/2292/2292 2293/2293/2293 2288/2288/2288
f 2293/2293/2293 2285/2285/2285 2288/2288/2288
f 2285/2285/2285 2293/2293/2293 2294/2294/2294
f 2295/2295/2295 2285/2285/2285 2294/2294/2294
f 2294/2294/2294 2293/2293/2293 2295/2295/2295
f 2285/2285/2285 2295/2295/2295 2296/2296/2296
f 2297/2297/2297 2295/2295/2295 2293/2293/2293
f 2300/2300/2300 2299/2299/2299 2298/2298/2298
f 2298/2298/2298 2301/2301/2301 2300/2300/2300
f 2301/2301/2301 2302/2302/2302 2300/2300/2300
f 2303/2303/2303 2302/2302/2302 2301/2301/2301
f 2304/2304/2304 2300/2300/2300 2302/2302/2302
f 2300/2300/2300 2304/2304/2304 2305/2305/2305
f 2305/2305/2305 2304/2304/2304 2306/2306/2306
f 2303/2303/2303 2307/2307/2307 2302/2302/2302
f 2308/2308/2308 2307/2307/2307 2303/2303/2303
f 2308/2308/2308 2309/2309/2309 2307/2307/2307
f 2307/2307/2307 2310/2310/2310 2302/2302/2302
f 2302/2302/2302 2310/2310/2310 2304/2304/2304
f 2311/2311/2311 2307/2307/2307 2309/2309/2309
f 2310/2310/2310 2307/2307/2307 2311/2311/2311
f 2309/2309/2309 2312/2312/2312 2311/2311/2311
f 2313/2313/2313 2311/2311/2311 2312/2312/2312
f 2311/2311/2311 2313/2313/2313 2314/2314/2314
f 2311/2311/2311 2314/2314/2314 2310/2310/2310
f 2314/2314/2314 2313/2313/2313 2315/2315/2315
f 2316/2316/2316 2304/2304/2304 2310/2310/2310
f 2310/2310/2310 2314/2314/2314 2316/2316/2316
f 2314/2314/2314 2315/2315/2315 2317/2317/2317
f 2317/2317/2317 2316/2316/2316 2314/2314/2314
f 2315/2315/2315 2318/2318/2318 2317/2317/2317
f 2318/2318/2318 2319/2319/2319 2317/2317/2317
f 2320/2320/2320 2317/2317/2317 2319/2319/2319
f 2320/2320/2320 2316/2316/2316 2317/2317/2317
f 2321/2321/2321 2320/2320/2320 2319/2319/2319
f 2304/2304/2304 2316/2316/2316 2322/2322/2322
f 2322/2322/2322 2306/2306/2306 2304/2304/2304
f 2323/2323/2323 2306/2306/2306 2322/2322/2322
f 2324/2324/2324 2320/2320/2320 2321/2321/2321
f 2321/2321/2321 2325/2325/2325 2324/2324/2324
f 2326/2326/2326 2316/2316/2316 2320/2320/2320
f 2324/2324/2324 2326/2326/2326 2320/2320/2320
f 2322/2322/2322 2316/2316/2316 2327/2327/2327
f 2326/2326/2326 2327/2327/2327 2316/2316/2316
f 2322/2322/2322 2327/2327/2327 2323/2323/2323
f 2328/2328/2328 2326/2326/2326 2324/2324/2324
f 2328/2328/2328 2327/2327/2327 2326/2326/2326
f 2329/2329/2329 2324/2324/2324 2325/2325/2325
f 2324/2324/2324 2329/2329/2329 2328/2328/2328
f 2325/2325/2325 2330/2330/2330 2329/2329/2329
f 2332/2332/2332 2330/2330/2330 2331/2331/2331
f 2333/2333/2333 2330/2330/2330 2332/2332/2332
f 2333/2333/2333 2329/2329/2329 2330/2330/2330
f 2333/2333/2333 2332/2332/2332 2334/2334/2334
f 2335/2335/2335 2328/2328/2328 2329/2329/2329
f 2333/2333/2333 2335/2335/2335 2329/2329/2329
f 2334/2334/2334 2336/2336/2336 2333/2333/2333
f 2335/2335/2335 2333/2333/2333 2336/2336/2336
f 2336/2336/2336 2334/2334/2334 2337/2337/2337
f 2336/2336/2336 2337/2337/2337 2335/2335/2335
f 2337/2337/2337 2334/2334/2334 2338/2338/2338
f 2335/2335/2335 2339/2339/2339 2328/2328/2328
f 2339/2339/2339 2327/2327/2327 2328/2328/2328
f 2340/2340/2340 2335/2335/2335 2337/2337/2337
f 2340/2340/2340 2339/2339/2339 2335/2335/2335
f 2337/2337/2337 2338/2338/2338 2341/2341/2341
f 2342/2342/2342 2341/2341/2341 2338/2338/2338
f 2342/2342/2342 2343/2343/2343 2341/2341/2341
f 2341/2341/2341 2343/2343/2343 2344/2344/2344
f 2341/2341/2341 2344/2344/2344 2345/2345/2345
f 2346/2346/2346 2337/2337/2337 2341/2341/2341
f 2341/2341/2341 2345/2345/2345 2346/2346/2346
f 2337/2337/2337 2346/2346/2346 2340/2340/2340
f 2340/2340/2340 2346/2346/2346 2339/2339/2339
f 2346/2346/2346 2345/2345/2345 2347/2347/2347
f 2346/2346/2346 2347/2347/2347 2339/2339/2339
f 2339/2339/2339 2347/2347/2347 2327/2327/2327
f 2348/2348/2348 2347/2347/2347 2345/2345/2345
f 2323/2323/2323 2327/2327/2327 2347/2347/2347
f 2347/2347/2347 2348/2348/2348 2349/2349/2349
f 2323/2323/2323 2347/2347/2347 2349/2349/2349
f 2352/2352/2352 2351/2351/2351 2350/2350/2350
f 2350/2350/2350 2351/2351/2351 2353/2353/2353
f 2350/2350/2350 2353/2353/2353 2354/2354/2354
f 2356/2356/2356 2354/2354/2354 2355/2355/2355
f 2357/2357/2357 2355/2355/2355 2354/2354/2354
f 2357/2357/2357 2354/2354/2354 2353/2353/2353
f 2355/2355/2355 2357/2357/2357 2358/2358/2358
f 2357/2357/2357 2353/2353/2353 2359/2359/2359
f 2359/2359/2359 2358/2358/2358 2357/2357/2357
f 2353/2353/2353 2351/2351/2351 2360/2360/2360
f 2360/2360/2360 2359/2359/2359 2353/2353/2353
f 2361/2361/2361 2360/2360/2360 2351/2351/2351
f 2362/2362/2362 2358/2358/2358 2359/2359/2359
f 2359/2359/2359 2360/2360/2360 2362/2362/2362
f 2363/2363/2363 2358/2358/2358 2362/2362/2362
f 2360/2360/2360 2361/2361/2361 2364/2364/2364
f 2362/2362/2362 2360/2360/2360 2364/2364/2364
f 2365/2365/2365 2364/2364/2364 2361/2361/2361
f 2366/2366/2366 2363/2363/2363 2362/2362/2362
f 2367/2367/2367 2363/2363/2363 2366/2366/2366
f 2364/2364/2364 2368/2368/2368 2362/2362/2362
f 2364/2364/2364 2365/2365/2365 2368/2368/2368
f 2366/2366/2366 2362/2362/2362 2368/2368/2368
f 2369/2369/2369 2368/2368/2368 2365/2365/2365
f 2366/2366/2366 2370/2370/2370 2367/2367/2367
f 2366/2366/2366 2368/2368/2368 2370/2370/2370
f 2367/2367/2367 2370/2370/2370 2371/2371/2371
f 2368/2368/2368 2369/2369/2369 2372/2372/2372
f 2372/2372/2372 2370/2370/2370 2368/2368/2368
f 2373/2373/2373 2372/2372/2372 2369/2369/2369
f 2374/2374/2374 2372/2372/2372 2373/2373/2373
f 2372/2372/2372 2374/2374/2374 2375/2375/2375
f 2372/2372/2372 2375/2375/2375 2370/2370/2370
f 2374/2374/2374 2376/2376/2376 2375/2375/2375
f 2370/2370/2370 2377/2377/2377 2371/2371/2371
f 2370/2370/2370 2375/2375/2375 2377/2377/2377
f 2371/2371/2371 2377/2377/2377 2378/2378/2378
f 2379/2379/2379 2378/2378/2378 2377/2377/2377
f 2375/2375/2375 2376/2376/2376 2380/2380/2380
f 2375/2375/2375 2380/2380/2380 2377/2377/2377
f 2376/2376/2376 2381/2381/2381 2380/2380/2380
f 2380/2380/2380 2381/2381/2381 2382/2382/2382
f 2382/2382/2382 2383/2383/2383 2380/2380/2380
f 2377/2377/2377 2384/2384/2384 2379/2379/2379
f 2384/2384/2384 2377/2377/2377 2380/2380/2380
f 2384/2384/2384 2380/2380/2380 2383/2383/2383
f 2379/2379/2379 2384/2384/2384 2385/2385/2385
f 2383/2383/2383 2385/2385/2385 2384/2384/2384
f 2388/2388/2388 2387/2387/2387 2386/2386/2386
f 2390/2390/2390 2387/2387/2387 2389/2389/2389
f 2391/2391/2391 2386/2386/2386 2387/2387/2387
f 2391/2391/2391 2387/2387/2387 2390/2390/2390
f 2386/2386/2386 2391/2391/2391 2392/2392/2392
f 2393/2393/2393 2391/2391/2391 2390/2390/2390
f 2394/2394/2394 2392/2392/2392 2391/2391/2391
f 2394/2394/2394 2391/2391/2391 2393/2393/2393
f 2392/2392/2392 2394/2394/2394 2395/2395/2395
f 2396/2396/2396 2394/2394/2394 2393/2393/2393
f 2397/2397/2397 2395/2395/2395 2394/2394/2394
f 2397/2397/2397 2394/2394/2394 2396/2396/2396
f 2395/2395/2395 2397/2397/2397 2398/2398/2398
f 2399/2399/2399 2397/2397/2397 2396/2396/2396
f 2400/2400/2400 2397/2397/2397 2399/2399/2399
f 2400/2400/2400 2398/2398/2398 2397/2397/2397
f 2401/2401/2401 2400/2400/2400 2399/2399/2399
f 2402/2402/2402 2398/2398/2398 2400/2400/2400
f 2402/2402/2402 2400/2400/2400 2401/2401/2401
f 2403/2403/2403 2398/2398/2398 2402/2402/2402
f 2404/2404/2404 2402/2402/2402 2401/2401/2401
f 2405/2405/2405 2403/2403/2403 2402/2402/2402
f 2405/2405/2405 2402/2402/2402 2404/2404/2404
f 2406/2406/2406 2403/2403/2403 2405/2405/2405
f 2405/2405/2405 2404/2404/2404 2407/2407/2407
f 2407/2407/2407 2406/2406/2406 2405/2405/2405
f 2408/2408/2408 2407/2407/2407 2404/2404/2404
f 2409/2409/2409 2406/2406/2406 2407/2407/2407
f 2407/2407/2407 2408/2408/2408 2410/2410/2410
f 2410/2410/2410 2409/2409/2409 2407/2407/2407
f 2411/2411/2411 2410/2410/2410 2408/2408/2408
f 2412/2412/2412 2409/2409/2409 2410/2410/2410
f 2415/2415/2415 2414/2414/2414 2413/2413/2413
f 2416/2416/2416 2413/2413/2413 2414/2414/2414
f 2413/2413/2413 2416/2416/2416 2417/2417/2417
f 2416/2416/2416 2414/2414/2414 2418/2418/2418
f 2419/2419/2419 2418/2418/2418 2414/2414/2414
f 2420/2420/2420 2417/2417/2417 2416/2416/2416
f 2418/2418/2418 2420/2420/2420 2416/2416/2416
f 2420/2420/2420 2421/2421/2421 2417/2417/2417
f 2422/2422/2422 2421/2421/2421 2420/2420/2420
f 2423/2423/2423 2422/2422/2422 2420/2420/2420
f 2423/2423/2423 2420/2420/2420 2418/2418/2418
f 2424/2424/2424 2422/2422/2422 2423/2423/2423
f 2425/2425/2425 2418/2418/2418 2419/2419/2419
f 2418/2418/2418 2425/2425/2425 2423/2423/2423
f 2419/2419/2419 2426/2426/2426 2425/2425/2425
f 2427/2427/2427 2424/2424/2424 2423/2423/2423
f 2427/2427/2427 2423/2423/2423 2425/2425/2425
f 2428/2428/2428 2424/2424/2424 2427/2427/2427
f 2425/2425/2425 2426/2426/2426 2429/2429/2429
f 2430/2430/2430 2429/2429/2429 2426/2426/2426
f 2427/2427/2427 2425/2425/2425 2431/2431/2431
f 2431/2431/2431 2428/2428/2428 2427/2427/2427
f 2429/2429/2429 2431/2431/2431 2425/2425/2425
f 2428/2428/2428 2431/2431/2431 2432/2432/2432
f 2431/2431/2431 2433/2433/2433 2432/2432/2432
f 2431/2431/2431 2429/2429/2429 2433/2433/2433
f 2434/2434/2434 2432/2432/2432 2433/2433/2433
f 2434/2434/2434 2433/2433/2433 2435/2435/2435
f 2429/2429/2429 2430/2430/2430 2436/2436/2436
f 2436/2436/2436 2433/2433/2433 2429/2429/2429
f 2437/2437/2437 2436/2436/2436 2430/2430/2430
f 2437/2437/2437 2438/2438/2438 2436/2436/2436
f 2439/2439/2439 2435/2435/2435 2433/2433/2433
f 2439/2439/2439 2433/2433/2433 2436/2436/2436
f 2435/2435/2435 2439/2439/2439 2440/2440/2440
f 2436/2436/2436 2438/2438/2438 2441/2441/2441
f 2439/2439/2439 2436/2436/2436 2441/2441/2441
f 2438/2438/2438 2442/2442/2442 2441/2441/2441
f 2443/2443/2443 2440/2440/2440 2439/2439/2439
f 2439/2439/2439 2441/2441/2441 2443/2443/2443
f 2440/2440/2440 2443/2443/2443 2444/2444/2444
f 2445/2445/2445 2444/2444/2444 2443/2443/2443
f 2445/2445/2445 2443/2443/2443 2446/2446/2446
f 2441/2441/2441 2442/2442/2442 2447/2447/2447
f 2447/2447/2447 2443/2443/2443 2441/2441/2441
f 2447/2447/2447 2446/2446/2446 2443/2443/2443
f 2442/2442/2442 2448/2448/2448 2447/2447/2447
f 2447/2447/2447 2448/2448/2448 2446/2446/2446
f 2451/2451/2451 2450/2450/2450 2449/2449/2449
f 2450/2450/2450 2451/2451/2451 2452/2452/2452
f 2450/2450/2450 2452/2452/2452 2453/2453/2453
f 2455/2455/2455 2454/2454/2454 2453/2453/2453
f 2453/2453/2453 2456/2456/2456 2455/2455/2455
f 2456/2456/2456 2453/2453/2453 2452/2452/2452
f 2455/2455/2455 2456/2456/2456 2457/2457/2457
f 2452/2452/2452 2451/2451/2451 2458/2458/2458
f 2459/2459/2459 2458/2458/2458 2451/2451/2451
f 2456/2456/2456 2452/2452/2452 2460/2460/2460
f 2460/2460/2460 2457/2457/2457 2456/2456/2456
f 2458/2458/2458 2460/2460/2460 2452/2452/2452
f 2459/2459/2459 2461/2461/2461 2458/2458/2458
f 2462/2462/2462 2457/2457/2457 2460/2460/2460
f 2463/2463/2463 2457/2457/2457 2462/2462/2462
f 2458/2458/2458 2464/2464/2464 2460/2460/2460
f 2464/2464/2464 2458/2458/2458 2461/2461/2461
f 2462/2462/2462 2460/2460/2460 2464/2464/2464
f 2464/2464/2464 2461/2461/2461 2465/2465/2465
f 2464/2464/2464 2465/2465/2465 2462/2462/2462
f 2466/2466/2466 2465/2465/2465 2461/2461/2461
f 2467/2467/2467 2463/2463/2463 2462/2462/2462
f 2467/2467/2467 2462/2462/2462 2465/2465/2465
f 2468/2468/2468 2463/2463/2463 2467/2467/2467
f 2469/2469/2469 2465/2465/2465 2466/2466/2466
f 2466/2466/2466 2470/2470/2470 2469/2469/2469
f 2471/2471/2471 2469/2469/2469 2470/2470/2470
f 2472/2472/2472 2467/2467/2467 2465/2465/2465
f 2472/2472/2472 2468/2468/2468 2467/2467/2467
f 2472/2472/2472 2465/2465/2465 2469/2469/2469
f 2473/2473/2473 2468/2468/2468 2472/2472/2472
f 2473/2473/2473 2472/2472/2472 2474/2474/2474
f 2469/2469/2469 2471/2471/2471 2475/2475/2475
f 2469/2469/2469 2475/2475/2475 2472/2472/2472
f 2476/2476/2476 2474/2474/2474 2472/2472/2472
f 2476/2476/2476 2472/2472/2472 2475/2475/2475
f 2477/2477/2477 2474/2474/2474 2476/2476/2476
f 2475/2475/2475 2471/2471/2471 2478/2478/2478
f 2479/2479/2479 2478/2478/2478 2471/2471/2471
f 2479/2479/2479 2480/2480/2480 2478/2478/2478
f 2478/2478/2478 2480/2480/2480 2481/2481/2481
f 2481/2481/2481 2482/2482/2482 2478/2478/2478
f 2475/2475/2475 2483/2483/2483 2476/2476/2476
f 2483/2483/2483 2475/2475/2475 2478/2478/2478
f 2482/2482/2482 2483/2483/2483 2478/2478/2478
f 2476/2476/2476 2483/2483/2483 2477/2477/2477
f 2482/2482/2482 2484/2484/2484 2483/2483/2483
f 2477/2477/2477 2483/2483/2483 2484/2484/2484
f 2487/2487/2487 2486/2486/2486 2485/2485/2485
f 2488/2488/2488 2485/2485/2485 2486/2486/2486
f 2486/2486/2486 2489/2489/2489 2488/2488/2488
f 2488/2488/2488 2490/2490/2490 2485/2485/2485
f 2491/2491/2491 2485/2485/2485 2490/2490/2490
f 2490/2490/2490 2492/2492/2492 2491/2491/2491
f 2493/2493/2493 2488/2488/2488 2489/2489/2489
f 2489/2489/2489 2494/2494/2494 2493/2493/2493
f 2495/2495/2495 2490/2490/2490 2488/2488/2488
f 2495/2495/2495 2488/2488/2488 2493/2493/2493
f 2492/2492/2492 2490/2490/2490 2496/2496/2496
f 2495/2495/2495 2496/2496/2496 2490/2490/2490
f 2492/2492/2492 2496/2496/2496 2497/2497/2497
f 2498/2498/2498 2497/2497/2497 2496/2496/2496
f 2496/2496/2496 2499/2499/2499 2498/2498/2498
f 2496/2496/2496 2495/2495/2495 2499/2499/2499
f 2500/2500/2500 2498/2498/2498 2499/2499/2499
f 2500/2500/2500 2499/2499/2499 2501/2501/2501
f 2502/2502/2502 2499/2499/2499 2495/2495/2495
f 2495/2495/2495 2493/2493/2493 2502/2502/2502
f 2501/2501/2501 2499/2499/2499 2503/2503/2503
f 2499/2499/2499 2502/2502/2502 2503/2503/2503
f 2504/2504/2504 2502/2502/2502 2493/2493/2493
f 2504/2504/2504 2493/2493/2493 2494/2494/2494
f 2505/2505/2505 2503/2503/2503 2502/2502/2502
f 2502/2502/2502 2504/2504/2504 2505/2505/2505
f 2503/2503/2503 2506/2506/2506 2501/2501/2501
f 2503/2503/2503 2505/2505/2505 2506/2506/2506
f 2507/2507/2507 2501/2501/2501 2506/2506/2506
f 2507/2507/2507 2506/2506/2506 2508/2508/2508
f 2504/2504/2504 2494/2494/2494 2509/2509/2509
f 2504/2504/2504 2509/2509/2509 2505/2505/2505
f 2510/2510/2510 2509/2509/2509 2494/2494/2494
f 2511/2511/2511 2508/2508/2508 2506/2506/2506
f 2506/2506/2506 2505/2505/2505 2511/2511/2511
f 2512/2512/2512 2508/2508/2508 2511/2511/2511
f 2513/2513/2513 2509/2509/2509 2510/2510/2510
f 2509/2509/2509 2513/2513/2513 2505/2505/2505
f 2514/2514/2514 2513/2513/2513 2510/2510/2510
f 2515/2515/2515 2511/2511/2511 2505/2505/2505
f 2515/2515/2515 2505/2505/2505 2513/2513/2513
f 2516/2516/2516 2513/2513/2513 2514/2514/2514
f 2513/2513/2513 2516/2516/2516 2515/2515/2515
f 2517/2517/2517 2516/2516/2516 2514/2514/2514
f 2511/2511/2511 2515/2515/2515 2518/2518/2518
f 2511/2511/2511 2518/2518/2518 2512/2512/2512
f 2519/2519/2519 2515/2515/2515 2516/2516/2516
f 2519/2519/2519 2518/2518/2518 2515/2515/2515
f 2520/2520/2520 2516/2516/2516 2517/2517/2517
f 2516/2516/2516 2520/2520/2520 2519/2519/2519
f 2521/2521/2521 2520/2520/2520 2517/2517/2517
f 2522/2522/2522 2520/2520/2520 2521/2521/2521
f 2520/2520/2520 2522/2522/2522 2523/2523/2523
f 2520/2520/2520 2523/2523/2523 2524/2524/2524
f 2524/2524/2524 2519/2519/2519 2520/2520/2520
f 2525/2525/2525 2524/2524/2524 2523/2523/2523
f 2525/2525/2525 2526/2526/2526 2524/2524/2524
f 2524/2524/2524 2527/2527/2527 2519/2519/2519
f 2527/2527/2527 2524/2524/2524 2526/2526/2526
f 2518/2518/2518 2519/2519/2519 2527/2527/2527
f 2518/2518/2518 2527/2527/2527 2512/2512/2512
f 2528/2528/2528 2512/2512/2512 2527/2527/2527
f 2527/2527/2527 2526/2526/2526 2528/2528/2528
f 2529/2529/2529 2528/2528/2528 2526/2526/2526
f 2532/2532/2532 2531/2531/2531 2530/2530/2530
f 2531/2531/2531 2533/2533/2533 2530/2530/2530
f 2533/2533/2533 2534/2534/2534 2530/2530/2530
f 2536/2536/2536 2531/2531/2531 2535/2535/2535
f 2531/2531/2531 2536/2536/2536 2533/2533/2533
f 2533/2533/2533 2536/2536/2536 2537/2537/2537
f 2534/2534/2534 2533/2533/2533 2537/2537/2537
f 2538/2538/2538 2537/2537/2537 2536/2536/2536
f 2537/2537/2537 2539/2539/2539 2534/2534/2534
f 2537/2537/2537 2538/2538/2538 2539/2539/2539
f 2540/2540/2540 2534/2534/2534 2539/2539/2539
f 2541/2541/2541 2539/2539/2539 2538/2538/2538
f 2539/2539/2539 2542/2542/2542 2540/2540/2540
f 2539/2539/2539 2541/2541/2541 2543/2543/2543
f 2542/2542/2542 2539/2539/2539 2543/2543/2543
f 2544/2544/2544 2543/2543/2543 2541/2541/2541
f 2545/2545/2545 2543/2543/2543 2544/2544/2544
f 2543/2543/2543 2546/2546/2546 2542/2542/2542
f 2543/2543/2543 2545/2545/2545 2546/2546/2546
f 2547/2547/2547 2542/2542/2542 2546/2546/2546
f 2548/2548/2548 2546/2546/2546 2545/2545/2545
f 2546/2546/2546 2549/2549/2549 2547/2547/2547
f 2549/2549/2549 2546/2546/2546 2548/2548/2548
f 2550/2550/2550 2547/2547/2547 2549/2549/2549
f 2551/2551/2551 2549/2549/2549 2548/2548/2548
f 2552/2552/2552 2550/2550/2550 2549/2549/2549
f 2553/2553/2553 2549/2549/2549 2551/2551/2551
f 2553/2553/2553 2552/2552/2552 2549/2549/2549
f 2554/2554/2554 2553/2553/2553 2551/2551/2551
f 2555/2555/2555 2553/2553/2553 2554/2554/2554
f 2553/2553/2553 2555/2555/2555 2552/2552/2552
f 2556/2556/2556 2552/2552/2552 2555/2555/2555
f 2559/2559/2559 2558/2558/2558 2557/2557/2557
f 2560/2560/2560 2557/2557/2557 2558/2558/2558
f 2560/2560/2560 2561/2561/2561 2557/2557/2557
f 2558/2558/2558 2562/2562/2562 2560/2560/2560
f 2563/2563/2563 2562/2562/2562 2558/2558/2558
f 2561/2561/2561 2560/2560/2560 2564/2564/2564
f 2560/2560/2560 2562/2562/2562 2564/2564/2564
f 2561/2561/2561 2564/2564/2564 2565/2565/2565
f 2566/2566/2566 2565/2565/2565 2564/2564/2564
f 2564/2564/2564 2567/2567/2567 2566/2566/2566
f 2564/2564/2564 2562/2562/2562 2567/2567/2567
f 2568/2568/2568 2566/2566/2566 2567/2567/2567
f 2563/2563/2563 2569/2569/2569 2562/2562/2562
f 2562/2562/2562 2569/2569/2569 2567/2567/2567
f 2570/2570/2570 2569/2569/2569 2563/2563/2563
f 2570/2570/2570 2571/2571/2571 2569/2569/2569
f 2567/2567/2567 2572/2572/2572 2568/2568/2568
f 2567/2567/2567 2569/2569/2569 2572/2572/2572
f 2573/2573/2573 2568/2568/2568 2572/2572/2572
f 2574/2574/2574 2569/2569/2569 2571/2571/2571
f 2569/2569/2569 2574/2574/2574 2572/2572/2572
f 2572/2572/2572 2575/2575/2575 2573/2573/2573
f 2572/2572/2572 2574/2574/2574 2575/2575/2575
f 2576/2576/2576 2573/2573/2573 2575/2575/2575
f 2576/2576/2576 2575/2575/2575 2577/2577/2577
f 2575/2575/2575 2578/2578/2578 2577/2577/2577
f 2575/2575/2575 2574/2574/2574 2578/2578/2578
f 2577/2577/2577 2578/2578/2578 2579/2579/2579
f 2574/2574/2574 2571/2571/2571 2580/2580/2580
f 2580/2580/2580 2578/2578/2578 2574/2574/2574
f 2571/2571/2571 2581/2581/2581 2580/2580/2580
f 2582/2582/2582 2579/2579/2579 2578/2578/2578
f 2582/2582/2582 2578/2578/2578 2580/2580/2580
f 2583/2583/2583 2579/2579/2579 2582/2582/2582
f 2581/2581/2581 2584/2584/2584 2580/2580/2580
f 2584/2584/2584 2582/2582/2582 2580/2580/2580
f 2581/2581/2581 2585/2585/2585 2584/2584/2584
f 2585/2585/2585 2586/2586/2586 2584/2584/2584
f 2582/2582/2582 2587/2587/2587 2583/2583/2583
f 2582/2582/2582 2584/2584/2584 2587/2587/2587
f 2583/2583/2583 2587/2587/2587 2588/2588/2588
f 2589/2589/2589 2588/2588/2588 2587/2587/2587
f 2590/2590/2590 2584/2584/2584 2586/2586/2586
f 2590/2590/2590 2587/2587/2587 2584/2584/2584
f 2589/2589/2589 2587/2587/2587 2590/2590/2590
f 2586/2586/2586 2591/2591/2591 2590/2590/2590
f 2592/2592/2592 2589/2589/2589 2590/2590/2590
f 2592/2592/2592 2590/2590/2590 2591/2591/2591
f 2595/2595/2595 2594/2594/2594 2593/2593/2593
f 2593/2593/2593 2594/2594/2594 2596/2596/2596
f 2593/2593/2593 2596/2596/2596 2597/2597/2597
f 2596/2596/2596 2594/2594/2594 2598/2598/2598
f 2598/2598/2598 2594/2594/2594 2599/2599/2599
f 2600/2600/2600 2598/2598/2598 2599/2599/2599
f 2601/2601/2601 2598/2598/2598 2600/2600/2600
f 2602/2602/2602 2598/2598/2598 2601/2601/2601
f 2602/2602/2602 2596/2596/2596 2598/2598/2598
f 2603/2603/2603 2602/2602/2602 2601/2601/2601
f 2597/2597/2597 2596/2596/2596 2604/2604/2604
f 2604/2604/2604 2596/2596/2596 2602/2602/2602
f 2603/2603/2603 2605/2605/2605 2602/2602/2602
f 2602/2602/2602 2605/2605/2605 2604/2604/2604
f 2606/2606/2606 2605/2605/2605 2603/2603/2603
f 2606/2606/2606 2607/2607/2607 2605/2605/2605
f 2604/2604/2604 2608/2608/2608 2597/2597/2597
f 2604/2604/2604 2605/2605/2605 2608/2608/2608
f 2609/2609/2609 2597/2597/2597 2608/2608/2608
f 2609/2609/2609 2608/2608/2608 2610/2610/2610
f 2611/2611/2611 2605/2605/2605 2607/2607/2607
f 2607/2607/2607 2612/2612/2612 2611/2611/2611
f 2608/2608/2608 2605/2605/2605 2613/2613/2613
f 2613/2613/2613 2610/2610/2610 2608/2608/2608
f 2611/2611/2611 2613/2613/2613 2605/2605/2605
f 2613/2613/2613 2614/2614/2614 2610/2610/2610
f 2613/2613/2613 2611/2611/2611 2614/2614/2614
f 2615/2615/2615 2610/2610/2610 2614/2614/2614
f 2616/2616/2616 2611/2611/2611 2612/2612/2612
f 2616/2616/2616 2614/2614/2614 2611/2611/2611
f 2612/2612/2612 2617/2617/2617 2616/2616/2616
f 2614/2614/2614 2618/2618/2618 2615/2615/2615
f 2614/2614/2614 2616/2616/2616 2618/2618/2618
f 2619/2619/2619 2615/2615/2615 2618/2618/2618
f 2620/2620/2620 2619/2619/2619 2618/2618/2618
f 2621/2621/2621 2616/2616/2616 2617/2617/2617
f 2621/2621/2621 2618/2618/2618 2616/2616/2616
f 2617/2617/2617 2622/2622/2622 2621/2621/2621
f 2620/2620/2620 2618/2618/2618 2623/2623/2623
f 2618/2618/2618 2621/2621/2621 2623/2623/2623
f 2624/2624/2624 2620/2620/2620 2623/2623/2623
f 2625/2625/2625 2624/2624/2624 2623/2623/2623
f 2623/2623/2623 2626/2626/2626 2625/2625/2625
f 2627/2627/2627 2626/2626/2626 2622/2622/2622
f 2628/2628/2628 2623/2623/2623 2621/2621/2621
f 2628/2628/2628 2621/2621/2621 2622/2622/2622
f 2626/2626/2626 2623/2623/2623 2628/2628/2628
f 2626/2626/2626 2628/2628/2628 2622/2622/2622
f 2631/2631/2631 2630/2630/2630 2629/2629/2629
f 2630/2630/2630 2631/2631/2631 2632/2632/2632
f 2632/2632/2632 2633/2633/2633 2630/2630/2630
f 2632/2632/2632 2631/2631/2631 2634/2634/2634
f 2635/2635/2635 2634/2634/2634 2631/2631/2631
f 2633/2633/2633 2632/2632/2632 2636/2636/2636
f 2634/2634/2634 2636/2636/2636 2632/2632/2632
f 2636/2636/2636 2637/2637/2637 2633/2633/2633
f 2634/2634/2634 2635/2635/2635 2638/2638/2638
f 2639/2639/2639 2638/2638/2638 2635/2635/2635
f 2636/2636/2636 2634/2634/2634 2640/2640/2640
f 2638/2638/2638 2640/2640/2640 2634/2634/2634
f 2637/2637/2637 2636/2636/2636 2641/2641/2641
f 2640/2640/2640 2641/2641/2641 2636/2636/2636
f 2641/2641/2641 2642/2642/2642 2637/2637/2637
f 2642/2642/2642 2641/2641/2641 2643/2643/2643
f 2644/2644/2644 2643/2643/2643 2641/2641/2641
f 2641/2641/2641 2640/2640/2640 2644/2644/2644
f 2643/2643/2643 2644/2644/2644 2645/2645/2645
f 2646/2646/2646 2644/2644/2644 2640/2640/2640
f 2640/2640/2640 2638/2638/2638 2646/2646/2646
f 2647/2647/2647 2645/2645/2645 2644/2644/2644
f 2644/2644/2644 2646/2646/2646 2647/2647/2647
f 2645/2645/2645 2647/2647/2647 2648/2648/2648
f 2649/2649/2649 2646/2646/2646 2638/2638/2638
f 2638/2638/2638 2639/2639/2639 2649/2649/2649
f 2650/2650/2650 2649/2649/2649 2639/2639/2639
f 2651/2651/2651 2649/2649/2649 2650/2650/2650
f 2649/2649/2649 2651/2651/2651 2652/2652/2652
f 2646/2646/2646 2649/2649/2649 2653/2653/2653
f 2652/2652/2652 2653/2653/2653 2649/2649/2649
f 2653/2653/2653 2647/2647/2647 2646/2646/2646
f 2653/2653/2653 2652/2652/2652 2654/2654/2654
f 2654/2654/2654 2655/2655/2655 2653/2653/2653
f 2647/2647/2647 2653/2653/2653 2656/2656/2656
f 2656/2656/2656 2653/2653/2653 2655/2655/2655
f 2656/2656/2656 2648/2648/2648 2647/2647/2647
f 2655/2655/2655 2657/2657/2657 2656/2656/2656
f 2648/2648/2648 2656/2656/2656 2658/2658/2658
f 2658/2658/2658 2656/2656/2656 2657/2657/2657
f 2661/2661/2661 2660/2660/2660 2659/2659/2659
f 2662/2662/2662 2659/2659/2659 2660/2660/2660
f 2660/2660/2660 2663/2663/2663 2662/2662/2662
f 2665/2665/2665 2663/2663/2663 2664/2664/2664
f 2663/2663/2663 2665/2665/2665 2666/2666/2666
f 2666/2666/2666 2662/2662/2662 2663/2663/2663
f 2665/2665/2665 2667/2667/2667 2666/2666/2666
f 2666/2666/2666 2667/2667/2667 2668/2668/2668
f 2666/2666/2666 2668/2668/2668 2662/2662/2662
f 2667/2667/2667 2669/2669/2669 2668/2668/2668
f 2662/2662/2662 2670/2670/2670 2659/2659/2659
f 2662/2662/2662 2668/2668/2668 2670/2670/2670
f 2659/2659/2659 2670/2670/2670 2671/2671/2671
f 2668/2668/2668 2669/2669/2669 2672/2672/2672
f 2668/2668/2668 2672/2672/2672 2670/2670/2670
f 2673/2673/2673 2672/2672/2672 2669/2669/2669
f 2670/2670/2670 2674/2674/2674 2671/2671/2671
f 2670/2670/2670 2672/2672/2672 2674/2674/2674
f 2671/2671/2671 2674/2674/2674 2675/2675/2675
f 2676/2676/2676 2672/2672/2672 2673/2673/2673
f 2677/2677/2677 2676/2676/2676 2673/2673/2673
f 2676/2676/2676 2677/2677/2677 2678/2678/2678
f 2674/2674/2674 2672/2672/2672 2679/2679/2679
f 2676/2676/2676 2679/2679/2679 2672/2672/2672
f 2674/2674/2674 2679/2679/2679 2675/2675/2675
f 2678/2678/2678 2679/2679/2679 2676/2676/2676
f 2675/2675/2675 2679/2679/2679 2680/2680/2680
f 2679/2679/2679 2678/2678/2678 2681/2681/2681
f 2680/2680/2680 2679/2679/2679 2682/2682/2682
f 2681/2681/2681 2682/2682/2682 2679/2679/2679
f 2685/2685/2685 2684/2684/2684 2683/2683/2683
f 2683/2683/2683 2684/2684/2684 2686/2686/2686
f 2687/2687/2687 2683/2683/2683 2686/2686/2686
f 2686/2686/2686 2684/2684/2684 2688/2688/2688
f 2689/2689/2689 2688/2688/2688 2684/2684/2684
f 2686/2686/2686 2690/2690/2690 2687/2687/2687
f 2687/2687/2687 2690/2690/2690 2691/2691/2691
f 2691/2691/2691 2690/2690/2690 2692/2692/2692
f 2692/2692/2692 2690/2690/2690 2693/2693/2693
f 2686/2686/2686 2694/2694/2694 2690/2690/2690
f 2694/2694/2694 2693/2693/2693 2690/2690/2690
f 2694/2694/2694 2686/2686/2686 2688/2688/2688
f 2695/2695/2695 2693/2693/2693 2694/2694/2694
f 2696/2696/2696 2693/2693/2693 2695/2695/2695
f 2694/2694/2694 2688/2688/2688 2697/2697/2697
f 2694/2694/2694 2697/2697/2697 2695/2695/2695
f 2688/2688/2688 2689/2689/2689 2697/2697/2697
f 2698/2698/2698 2697/2697/2697 2689/2689/2689
f 2699/2699/2699 2696/2696/2696 2695/2695/2695
f 2695/2695/2695 2697/2697/2697 2699/2699/2699
f 2696/2696/2696 2699/2699/2699 2700/2700/2700
f 2700/2700/2700 2699/2699/2699 2701/2701/2701
f 2702/2702/2702 2697/2697/2697 2698/2698/2698
f 2699/2699/2699 2697/2697/2697 2702/2702/2702
f 2698/2698/2698 2703/2703/2703 2702/2702/2702
f 2704/2704/2704 2701/2701/2701 2699/2699/2699
f 2699/2699/2699 2702/2702/2702 2704/2704/2704
f 2702/2702/2702 2703/2703/2703 2705/2705/2705
f 2705/2705/2705 2704/2704/2704 2702/2702/2702
f 2706/2706/2706 2705/2705/2705 2703/2703/2703
f 2706/2706/2706 2707/2707/2707 2705/2705/2705
f 2705/2705/2705 2707/2707/2707 2708/2708/2708
f 2705/2705/2705 2708/2708/2708 2704/2704/2704
f 2707/2707/2707 2709/2709/2709 2708/2708/2708
f 2704/2704/2704 2710/2710/2710 2701/2701/2701
f 2710/2710/2710 2704/2704/2704 2708/2708/2708
f 2701/2701/2701 2710/2710/2710 2711/2711/2711
f 2711/2711/2711 2710/2710/2710 2712/2712/2712
f 2708/2708/2708 2709/2709/2709 2713/2713/2713
f 2708/2708/2708 2713/2713/2713 2710/2710/2710
f 2709/2709/2709 2714/2714/2714 2713/2713/2713
f 2713/2713/2713 2714/2714/2714 2715/2715/2715
f 2716/2716/2716 2712/2712/2712 2710/2710/2710
f 2716/2716/2716 2710/2710/2710 2713/2713/2713
f 2716/2716/2716 2713/2713/2713 2715/2715/2715
f 2717/2717/2717 2712/2712/2712 2716/2716/2716
f 2715/2715/2715 2718/2718/2718 2716/2716/2716
f 2718/2718/2718 2717/2717/2717 2716/2716/2716
f 2721/2721/2721 2720/2720/2720 2719/2719/2719
f 2722/2722/2722 2719/2719/2719 2720/2720/2720
f 2719/2719/2719 2722/2722/2722 2723/2723/2723
f 2722/2722/2722 2720/2720/2720 2724/2724/2724
f 2725/2725/2725 2724/2724/2724 2720/2720/2720
f 2726/2726/2726 2723/2723/2723 2722/2722/2722
f 2723/2723/2723 2726/2726/2726 2727/2727/2727
f 2727/2727/2727 2726/2726/2726 2728/2728/2728
f 2726/2726/2726 2722/2722/2722 2729/2729/2729
f 2729/2729/2729 2728/2728/2728 2726/2726/2726
f 2729/2729/2729 2722/2722/2722 2724/2724/2724
f 2728/2728/2728 2729/2729/2729 2730/2730/2730
f 2731/2731/2731 2730/2730/2730 2729/2729/2729
f 2729/2729/2729 2724/2724/2724 2731/2731/2731
f 2730/2730/2730 2731/2731/2731 2732/2732/2732
f 2724/2724/2724 2725/2725/2725 2733/2733/2733
f 2733/2733/2733 2731/2731/2731 2724/2724/2724
f 2734/2734/2734 2733/2733/2733 2725/2725/2725
f 2735/2735/2735 2732/2732/2732 2731/2731/2731
f 2731/2731/2731 2733/2733/2733 2735/2735/2735
f 2736/2736/2736 2732/2732/2732 2735/2735/2735
f 2736/2736/2736 2735/2735/2735 2737/2737/2737
f 2733/2733/2733 2734/2734/2734 2738/2738/2738
f 2735/2735/2735 2733/2733/2733 2738/2738/2738
f 2739/2739/2739 2738/2738/2738 2734/2734/2734
f 2739/2739/2739 2740/2740/2740 2738/2738/2738
f 2741/2741/2741 2737/2737/2737 2735/2735/2735
f 2738/2738/2738 2741/2741/2741 2735/2735/2735
f 2742/2742/2742 2737/2737/2737 2741/2741/2741
f 2738/2738/2738 2740/2740/2740 2743/2743/2743
f 2738/2738/2738 2743/2743/2743 2741/2741/2741
f 2740/2740/2740 2744/2744/2744 2743/2743/2743
f 2741/2741/2741 2745/2745/2745 2742/2742/2742
f 2743/2743/2743 2744/2744/2744 2746/2746/2746
f 2743/2743/2743 2746/2746/2746 2741/2741/2741
f 2745/2745/2745 2741/2741/2741 2746/2746/2746
f 2744/2744/2744 2747/2747/2747 2746/2746/2746
f 2742/2742/2742 2745/2745/2745 2748/2748/2748
f 2746/2746/2746 2747/2747/2747 2749/2749/2749
f 2746/2746/2746 2749/2749/2749 2745/2745/2745
f 2747/2747/2747 2750/2750/2750 2749/2749/2749
f 2749/2749/2749 2750/2750/2750 2751/2751/2751
f 2752/2752/2752 2748/2748/2748 2745/2745/2745
f 2745/2745/2745 2749/2749/2749 2752/2752/2752
f 2749/2749/2749 2751/2751/2751 2752/2752/2752
f 2753/2753/2753 2748/2748/2748 2752/2752/2752
f 2754/2754/2754 2752/2752/2752 2751/2751/2751
f 2752/2752/2752 2754/2754/2754 2753/2753/2753
f 2757/2757/2757 2756/2756/2756 2755/2755/2755
f 2755/2755/2755 2756/2756/2756 2758/2758/2758
f 2755/2755/2755 2758/2758/2758 2759/2759/2759
f 2760/2760/2760 2758/2758/2758 2756/2756/2756
f 2756/2756/2756 2761/2761/2761 2760/2760/2760
f 2762/2762/2762 2759/2759/2759 2758/2758/2758
f 2763/2763/2763 2759/2759/2759 2762/2762/2762
f 2763/2763/2763 2762/2762/2762 2764/2764/2764
f 2762/2762/2762 2758/2758/2758 2765/2765/2765
f 2765/2765/2765 2764/2764/2764 2762/2762/2762
f 2765/2765/2765 2758/2758/2758 2760/2760/2760
f 2764/2764/2764 2765/2765/2765 2766/2766/2766
f 2767/2767/2767 2766/2766/2766 2765/2765/2765
f 2765/2765/2765 2760/2760/2760 2767/2767/2767
f 2768/2768/2768 2766/2766/2766 2767/2767/2767
f 2760/2760/2760 2761/2761/2761 2769/2769/2769
f 2769/2769/2769 2767/2767/2767 2760/2760/2760
f 2770/2770/2770 2769/2769/2769 2761/2761/2761
f 2771/2771/2771 2768/2768/2768 2767/2767/2767
f 2767/2767/2767 2769/2769/2769 2771/2771/2771
f 2768/2768/2768 2771/2771/2771 2772/2772/2772
f 2772/2772/2772 2771/2771/2771 2773/2773/2773
f 2774/2774/2774 2769/2769/2769 2770/2770/2770
f 2771/2771/2771 2769/2769/2769 2774/2774/2774
f 2770/2770/2770 2775/2775/2775 2774/2774/2774
f 2776/2776/2776 2773/2773/2773 2771/2771/2771
f 2771/2771/2771 2774/2774/2774 2776/2776/2776
f 2777/2777/2777 2773/2773/2773 2776/2776/2776
f 2774/2774/2774 2775/2775/2775 2778/2778/2778
f 2778/2778/2778 2776/2776/2776 2774/2774/2774
f 2779/2779/2779 2778/2778/2778 2775/2775/2775
f 2779/2779/2779 2780/2780/2780 2778/2778/2778
f 2778/2778/2778 2780/2780/2780 2781/2781/2781
f 2778/2778/2778 2781/2781/2781 2776/2776/2776
f 2780/2780/2780 2782/2782/2782 2781/2781/2781
f 2783/2783/2783 2777/2777/2777 2776/2776/2776
f 2783/2783/2783 2776/2776/2776 2781/2781/2781
f 2777/2777/2777 2783/2783/2783 2784/2784/2784
f 2781/2781/2781 2782/2782/2782 2785/2785/2785
f 2781/2781/2781 2785/2785/2785 2783/2783/2783
f 2782/2782/2782 2786/2786/2786 2785/2785/2785
f 2785/2785/2785 2786/2786/2786 2787/2787/2787
f 2788/2788/2788 2784/2784/2784 2783/2783/2783
f 2788/2788/2788 2783/2783/2783 2785/2785/2785
f 2785/2785/2785 2787/2787/2787 2788/2788/2788
f 2789/2789/2789 2784/2784/2784 2788/2788/2788
f 2790/2790/2790 2788/2788/2788 2787/2787/2787
f 2790/2790/2790 2789/2789/2789 2788/2788/2788
f 2793/2793/2793 2792/2792/2792 2791/2791/2791
f 2791/2791/2791 2792/2792/2792 2794/2794/2794
f 2791/2791/2791 2794/2794/2794 2795/2795/2795
f 2796/2796/2796 2794/2794/2794 2792/2792/2792
f 2792/2792/2792 2797/2797/2797 2796/2796/2796
f 2798/2798/2798 2795/2795/2795 2794/2794/2794
f 2799/2799/2799 2795/2795/2795 2798/2798/2798
f 2799/2799/2799 2798/2798/2798 2800/2800/2800
f 2798/2798/2798 2794/2794/2794 2801/2801/2801
f 2801/2801/2801 2800/2800/2800 2798/2798/2798
f 2801/2801/2801 2794/2794/2794 2796/2796/2796
f 2800/2800/2800 2801/2801/2801 2802/2802/2802
f 2803/2803/2803 2802/2802/2802 2801/2801/2801
f 2801/2801/2801 2796/2796/2796 2803/2803/2803
f 2804/2804/2804 2802/2802/2802 2803/2803/2803
f 2796/2796/2796 2797/2797/2797 2805/2805/2805
f 2796/2796/2796 2805/2805/2805 2803/2803/2803
f 2806/2806/2806 2805/2805/2805 2797/2797/2797
f 2807/2807/2807 2804/2804/2804 2803/2803/2803
f 2803/2803/2803 2805/2805/2805 2807/2807/2807
f 2804/2804/2804 2807/2807/2807 2808/2808/2808
f 2808/2808/2808 2807/2807/2807 2809/2809/2809
f 2810/2810/2810 2805/2805/2805 2806/2806/2806
f 2807/2807/2807 2805/2805/2805 2810/2810/2810
f 2806/2806/2806 2811/2811/2811 2810/2810/2810
f 2812/2812/2812 2809/2809/2809 2807/2807/2807
f 2807/2807/2807 2810/2810/2810 2812/2812/2812
f 2813/2813/2813 2809/2809/2809 2812/2812/2812
f 2810/2810/2810 2811/2811/2811 2814/2814/2814
f 2814/2814/2814 2812/2812/2812 2810/2810/2810
f 2815/2815/2815 2814/2814/2814 2811/2811/2811
f 2815/2815/2815 2816/2816/2816 2814/2814/2814
f 2814/2814/2814 2816/2816/2816 2817/2817/2817
f 2814/2814/2814 2817/2817/2817 2812/2812/2812
f 2816/2816/2816 2818/2818/2818 2817/2817/2817
f 2819/2819/2819 2813/2813/2813 2812/2812/2812
f 2819/2819/2819 2812/2812/2812 2817/2817/2817
f 2813/2813/2813 2819/2819/2819 2820/2820/2820
f 2817/2817/2817 2818/2818/2818 2821/2821/2821
f 2817/2817/2817 2821/2821/2821 2819/2819/2819
f 2818/2818/2818 2822/2822/2822 2821/2821/2821
f 2821/2821/2821 2822/2822/2822 2823/2823/2823
f 2824/2824/2824 2820/2820/2820 2819/2819/2819
f 2824/2824/2824 2819/2819/2819 2821/2821/2821
f 2821/2821/2821 2823/2823/2823 2824/2824/2824
f 2825/2825/2825 2820/2820/2820 2824/2824/2824
f 2826/2826/2826 2824/2824/2824 2823/2823/2823
f 2826/2826/2826 2825/2825/2825 2824/2824/2824
f 2829/2829/2829 2828/2828/2828 2827/2827/2827
f 2827/2827/2827 2828/2828/2828 2830/2830/2830
f 2828/2828/2828 2831/2831/2831 2830/2830/2830
f 2827/2827/2827 2830/2830/2830 2832/2832/2832
f 2832/2832/2832 2833/2833/2833 2827/2827/2827
f 2830/2830/2830 2831/2831/2831 2834/2834/2834
f 2830/2830/2830 2834/2834/2834 2832/2832/2832
f 2836/2836/2836 2833/2833/2833 2835/2835/2835
f 2832/2832/2832 2835/2835/2835 2833/2833/2833
f 2832/2832/2832 2837/2837/2837 2835/2835/2835
f 2837/2837/2837 2832/2832/2832 2834/2834/2834
f 2838/2838/2838 2835/2835/2835 2837/2837/2837
f 2838/2838/2838 2837/2837/2837 2839/2839/2839
f 2834/2834/2834 2840/2840/2840 2837/2837/2837
f 2840/2840/2840 2839/2839/2839 2837/2837/2837
f 2834/2834/2834 2831/2831/2831 2841/2841/2841
f 2834/2834/2834 2841/2841/2841 2840/2840/2840
f 2842/2842/2842 2841/2841/2841 2831/2831/2831
f 2843/2843/2843 2839/2839/2839 2840/2840/2840
f 2840/2840/2840 2841/2841/2841 2843/2843/2843
f 2844/2844/2844 2839/2839/2839 2843/2843/2843
f 2841/2841/2841 2842/2842/2842 2845/2845/2845
f 2843/2843/2843 2841/2841/2841 2845/2845/2845
f 2846/2846/2846 2845/2845/2845 2842/2842/2842
f 2847/2847/2847 2844/2844/2844 2843/2843/2843
f 2848/2848/2848 2844/2844/2844 2847/2847/2847
f 2848/2848/2848 2847/2847/2847 2849/2849/2849
f 2845/2845/2845 2850/2850/2850 2843/2843/2843
f 2845/2845/2845 2846/2846/2846 2850/2850/2850
f 2847/2847/2847 2843/2843/2843 2850/2850/2850
f 2851/2851/2851 2850/2850/2850 2846/2846/2846
f 2852/2852/2852 2849/2849/2849 2847/2847/2847
f 2847/2847/2847 2850/2850/2850 2852/2852/2852
f 2850/2850/2850 2851/2851/2851 2853/2853/2853
f 2853/2853/2853 2852/2852/2852 2850/2850/2850
f 2854/2854/2854 2853/2853/2853 2851/2851/2851
f 2855/2855/2855 2853/2853/2853 2854/2854/2854
f 2853/2853/2853 2855/2855/2855 2856/2856/2856
f 2853/2853/2853 2856/2856/2856 2852/2852/2852
f 2855/2855/2855 2857/2857/2857 2856/2856/2856
f 2856/2856/2856 2857/2857/2857 2858/2858/2858
f 2852/2852/2852 2856/2856/2856 2859/2859/2859
f 2856/2856/2856 2858/2858/2858 2859/2859/2859
f 2852/2852/2852 2859/2859/2859 2849/2849/2849
f 2860/2860/2860 2859/2859/2859 2858/2858/2858
f 2849/2849/2849 2859/2859/2859 2861/2861/2861
f 2859/2859/2859 2860/2860/2860 2862/2862/2862
f 2862/2862/2862 2861/2861/2861 2859/2859/2859
f 2865/2865/2865 2864/2864/2864 2863/2863/2863
f 2864/2864/2864 2865/2865/2865 2866/2866/2866
f 2866/2866/2866 2867/2867/2867 2864/2864/2864
f 2868/2868/2868 2866/2866/2866 2865/2865/2865
f 2869/2869/2869 2868/2868/2868 2865/2865/2865
f 2867/2867/2867 2866/2866/2866 2870/2870/2870
f 2868/2868/2868 2870/2870/2870 2866/2866/2866
f 2870/2870/2870 2871/2871/2871 2867/2867/2867
f 2868/2868/2868 2869/2869/2869 2872/2872/2872
f 2873/2873/2873 2872/2872/2872 2869/2869/2869
f 2870/2870/2870 2868/2868/2868 2874/2874/2874
f 2872/2872/2872 2874/2874/2874 2868/2868/2868
f 2871/2871/2871 2870/2870/2870 2875/2875/2875
f 2874/2874/2874 2875/2875/2875 2870/2870/2870
f 2875/2875/2875 2876/2876/2876 2871/2871/2871
f 2876/2876/2876 2875/2875/2875 2877/2877/2877
f 2878/2878/2878 2877/2877/2877 2875/2875/2875
f 2875/2875/2875 2874/2874/2874 2878/2878/2878
f 2877/2877/2877 2878/2878/2878 2879/2879/2879
f 2880/2880/2880 2878/2878/2878 2874/2874/2874
f 2874/2874/2874 2872/2872/2872 2880/2880/2880
f 2881/2881/2881 2879/2879/2879 2878/2878/2878
f 2878/2878/2878 2880/2880/2880 2881/2881/2881
f 2879/2879/2879 2881/2881/2881 2882/2882/2882
f 2872/2872/2872 2883/2883/2883 2880/2880/2880
f 2872/2872/2872 2873/2873/2873 2883/2883/2883
f 2873/2873/2873 2884/2884/2884 2883/2883/2883
f 2885/2885/2885 2883/2883/2883 2884/2884/2884
f 2880/2880/2880 2886/2886/2886 2881/2881/2881
f 2886/2886/2886 2880/2880/2880 2883/2883/2883
f 2887/2887/2887 2882/2882/2882 2881/2881/2881
f 2887/2887/2887 2881/2881/2881 2886/2886/2886
f 2882/2882/2882 2887/2887/2887 2888/2888/2888
f 2883/2883/2883 2885/2885/2885 2889/2889/2889
f 2889/2889/2889 2886/2886/2886 2883/2883/2883
f 2885/2885/2885 2890/2890/2890 2889/2889/2889
f 2891/2891/2891 2887/2887/2887 2886/2886/2886
f 2886/2886/2886 2889/2889/2889 2891/2891/2891
f 2892/2892/2892 2888/2888/2888 2887/2887/2887
f 2887/2887/2887 2891/2891/2891 2892/2892/2892
f 2888/2888/2888 2892/2892/2892 2893/2893/2893
f 2893/2893/2893 2892/2892/2892 2894/2894/2894
f 2895/2895/2895 2889/2889/2889 2890/2890/2890
f 2889/2889/2889 2895/2895/2895 2891/2891/2891
f 2896/2896/2896 2895/2895/2895 2890/2890/2890
f 2891/2891/2891 2897/2897/2897 2892/2892/2892
f 2897/2897/2897 2891/2891/2891 2895/2895/2895
f 2898/2898/2898 2894/2894/2894 2892/2892/2892
f 2898/2898/2898 2892/2892/2892 2897/2897/2897
f 2894/2894/2894 2898/2898/2898 2899/2899/2899
f 2895/2895/2895 2896/2896/2896 2900/2900/2900
f 2900/2900/2900 2897/2897/2897 2895/2895/2895
f 2901/2901/2901 2900/2900/2900 2896/2896/2896
f 2900/2900/2900 2901/2901/2901 2902/2902/2902
f 2897/2897/2897 2900/2900/2900 2903/2903/2903
f 2902/2902/2902 2903/2903/2903 2900/2900/2900
f 2903/2903/2903 2898/2898/2898 2897/2897/2897
f 2903/2903/2903 2902/2902/2902 2904/2904/2904
f 2898/2898/2898 2903/2903/2903 2905/2905/2905
f 2904/2904/2904 2905/2905/2905 2903/2903/2903
f 2905/2905/2905 2899/2899/2899 2898/2898/2898
f 2905/2905/2905 2904/2904/2904 2906/2906/2906
f 2899/2899/2899 2905/2905/2905 2907/2907/2907
f 2906/2906/2906 2907/2907/2907 2905/2905/2905
f 2910/2910/2910 2909/2909/2909 2908/2908/2908
f 2911/2911/2911 2908/2908/2908 2909/2909/2909
f 2912/2912/2912 2908/2908/2908 2911/2911/2911
f 2911/2911/2911 2909/2909/2909 2913/2913/2913
f 2914/2914/2914 2913/2913/2913 2909/2909/2909
f 2911/2911/2911 2915/2915/2915 2912/2912/2912
f 2912/2912/2912 2915/2915/2915 2916/2916/2916
f 2913/2913/2913 2917/2917/2917 2911/2911/2911
f 2915/2915/2915 2911/2911/2911 2917/2917/2917
f 2914/2914/2914 2918/2918/2918 2913/2913/2913
f 2918/2918/2918 2914/2914/2914 2919/2919/2919
f 2919/2919/2919 2920/2920/2920 2918/2918/2918
f 2921/2921/2921 2918/2918/2918 2920/2920/2920
f 2921/2921/2921 2922/2922/2922 2918/2918/2918
f 2923/2923/2923 2913/2913/2913 2918/2918/2918
f 2923/2923/2923 2918/2918/2918 2922/2922/2922
f 2913/2913/2913 2923/2923/2923 2917/2917/2917
f 2922/2922/2922 2924/2924/2924 2923/2923/2923
f 2923/2923/2923 2924/2924/2924 2925/2925/2925
f 2925/2925/2925 2917/2917/2917 2923/2923/2923
f 2924/2924/2924 2926/2926/2926 2925/2925/2925
f 2917/2917/2917 2925/2925/2925 2927/2927/2927
f 2917/2917/2917 2927/2927/2927 2915/2915/2915
f 2928/2928/2928 2925/2925/2925 2926/2926/2926
f 2928/2928/2928 2927/2927/2927 2925/2925/2925
f 2926/2926/2926 2929/2929/2929 2928/2928/2928
f 2930/2930/2930 2928/2928/2928 2929/2929/2929
f 2930/2930/2930 2931/2931/2931 2928/2928/2928
f 2927/2927/2927 2928/2928/2928 2931/2931/2931
f 2931/2931/2931 2930/2930/2930 2932/2932/2932
f 2933/2933/2933 2915/2915/2915 2927/2927/2927
f 2927/2927/2927 2931/2931/2931 2933/2933/2933
f 2933/2933/2933 2916/2916/2916 2915/2915/2915
f 2934/2934/2934 2916/2916/2916 2933/2933/2933
f 2931/2931/2931 2932/2932/2932 2935/2935/2935
f 2935/2935/2935 2933/2933/2933 2931/2931/2931
f 2933/2933/2933 2935/2935/2935 2934/2934/2934
f 2936/2936/2936 2935/2935/2935 2932/2932/2932
f 2934/2934/2934 2935/2935/2935 2937/2937/2937
f 2936/2936/2936 2937/2937/2937 2935/2935/2935
f 2940/2940/2940 2939/2939/2939 2938/2938/2938
f 2941/2941/2941 2938/2938/2938 2939/2939/2939
f 2939/2939/2939 2942/2942/2942 2941/2941/2941
f 2941/2941/2941 2943/2943/2943 2938/2938/2938
f 2944/2944/2944 2938/2938/2938 2943/2943/2943
f 2945/2945/2945 2941/2941/2941 2942/2942/2942
f 2941/2941/2941 2945/2945/2945 2943/2943/2943
f 2942/2942/2942 2946/2946/2946 2945/2945/2945
f 2943/2943/2943 2947/2947/2947 2944/2944/2944
f 2948/2948/2948 2944/2944/2944 2947/2947/2947
f 2949/2949/2949 2943/2943/2943 2945/2945/2945
f 2943/2943/2943 2949/2949/2949 2947/2947/2947
f 2950/2950/2950 2945/2945/2945 2946/2946/2946
f 2945/2945/2945 2950/2950/2950 2949/2949/2949
f 2946/2946/2946 2951/2951/2951 2950/2950/2950
f 2952/2952/2952 2950/2950/2950 2951/2951/2951
f 2950/2950/2950 2952/2952/2952 2953/2953/2953
f 2953/2953/2953 2949/2949/2949 2950/2950/2950
f 2954/2954/2954 2953/2953/2953 2952/2952/2952
f 2955/2955/2955 2947/2947/2947 2949/2949/2949
f 2949/2949/2949 2953/2953/2953 2955/2955/2955
f 2953/2953/2953 2954/2954/2954 2956/2956/2956
f 2956/2956/2956 2955/2955/2955 2953/2953/2953
f 2957/2957/2957 2956/2956/2956 2954/2954/2954
f 2947/2947/2947 2955/2955/2955 2958/2958/2958
f 2958/2958/2958 2948/2948/2948 2947/2947/2947
f 2948/2948/2948 2958/2958/2958 2959/2959/2959
f 2959/2959/2959 2958/2958/2958 2960/2960/2960
f 2955/2955/2955 2956/2956/2956 2961/2961/2961
f 2961/2961/2961 2958/2958/2958 2955/2955/2955
f 2962/2962/2962 2960/2960/2960 2958/2958/2958
f 2958/2958/2958 2961/2961/2961 2962/2962/2962
f 2960/2960/2960 2962/2962/2962 2963/2963/2963
f 2964/2964/2964 2961/2961/2961 2956/2956/2956
f 2956/2956/2956 2957/2957/2957 2964/2964/2964
f 2965/2965/2965 2964/2964/2964 2957/2957/2957
f 2966/2966/2966 2964/2964/2964 2965/2965/2965
f 2967/2967/2967 2962/2962/2962 2961/2961/2961
f 2961/2961/2961 2964/2964/2964 2967/2967/2967
f 2968/2968/2968 2963/2963/2963 2962/2962/2962
f 2962/2962/2962 2967/2967/2967 2968/2968/2968
f 2963/2963/2963 2968/2968/2968 2969/2969/2969
f 2964/2964/2964 2966/2966/2966 2970/2970/2970
f 2970/2970/2970 2967/2967/2967 2964/2964/2964
f 2966/2966/2966 2971/2971/2971 2970/2970/2970
f 2972/2972/2972 2968/2968/2968 2967/2967/2967
f 2967/2967/2967 2970/2970/2970 2972/2972/2972
f 2973/2973/2973 2969/2969/2969 2968/2968/2968
f 2968/2968/2968 2972/2972/2972 2973/2973/2973
f 2969/2969/2969 2973/2973/2973 2974/2974/2974
f 2975/2975/2975 2974/2974/2974 2973/2973/2973
f 2976/2976/2976 2970/2970/2970 2971/2971/2971
f 2976/2976/2976 2972/2972/2972 2970/2970/2970
f 2971/2971/2971 2977/2977/2977 2976/2976/2976
f 2978/2978/2978 2973/2973/2973 2972/2972/2972
f 2973/2973/2973 2978/2978/2978 2975/2975/2975
f 2972/2972/2972 2976/2976/2976 2978/2978/2978
f 2979/2979/2979 2975/2975/2975 2978/2978/2978
f 2980/2980/2980 2976/2976/2976 2977/2977/2977
f 2980/2980/2980 2978/2978/2978 2976/2976/2976
f 2978/2978/2978 2980/2980/2980 2979/2979/2979
f 2977/2977/2977 2981/2981/2981 2980/2980/2980
f 2982/2982/2982 2979/2979/2979 2980/2980/2980
f 2982/2982/2982 2980/2980/2980 2981/2981/2981
f 2985/2985/2985 2984/2984/2984 2983/2983/2983
f 2986/2986/2986 2983/2983/2983 2984/2984/2984
f 2984/2984/2984 2987/2987/2987 2986/2986/2986
f 2988/2988/2988 2983/2983/2983 2986/2986/2986
f 2983/2983/2983 2988/2988/2988 2989/2989/2989
f 2990/2990/2990 2986/2986/2986 2987/2987/2987
f 2986/2986/2986 2990/2990/2990 2988/2988/2988
f 2987/2987/2987 2991/2991/2991 2990/2990/2990
f 2992/2992/2992 2989/2989/2989 2988/2988/2988
f 2989/2989/2989 2992/2992/2992 2993/2993/2993
f 2994/2994/2994 2988/2988/2988 2990/2990/2990
f 2988/2988/2988 2994/2994/2994 2992/2992/2992
f 2995/2995/2995 2990/2990/2990 2991/2991/2991
f 2990/2990/2990 2995/2995/2995 2994/2994/2994
f 2996/2996/2996 2993/2993/2993 2992/2992/2992
f 2993/2993/2993 2996/2996/2996 2997/2997/2997
f 2997/2997/2997 2996/2996/2996 2998/2998/2998
f 2999/2999/2999 2992/2992/2992 2994/2994/2994
f 2992/2992/2992 2999/2999/2999 2996/2996/2996
f 3000/3000/3000 2998/2998/2998 2996/2996/2996
f 2998/2998/2998 3000/3000/3000 3001/3001/3001
f 3002/3002/3002 2996/2996/2996 2999/2999/2999
f 2996/2996/2996 3002/3002/3002 3000/3000/3000
f 2994/2994/2994 3003/3003/3003 2999/2999/2999
f 3003/3003/3003 2994/2994/2994 2995/2995/2995
f 3004/3004/3004 3001/3001/3001 3000/3000/3000
f 3001/3001/3001 3004/3004/3004 3005/3005/3005
f 3006/3006/3006 3000/3000/3000 3002/3002/3002
f 3000/3000/3000 3006/3006/3006 3004/3004/3004
f 2999/2999/2999 3007/3007/3007 3002/3002/3002
f 3007/3007/3007 2999/2999/2999 3003/3003/3003
f 3002/3002/3002 3008/3008/3008 3006/3006/3006
f 3008/3008/3008 3002/3002/3002 3007/3007/3007
f 3009/3009/3009 3005/3005/3005 3004/3004/3004
f 3005/3005/3005 3009/3009/3009 3010/3010/3010
f 3011/3011/3011 3010/3010/3010 3009/3009/3009
f 3012/3012/3012 3004/3004/3004 3006/3006/3006
f 3004/3004/3004 3012/3012/3012 3009/3009/3009
f 3009/3009/3009 3013/3013/3013 3011/3011/3011
f 3013/3013/3013 3009/3009/3009 3012/3012/3012
f 3014/3014/3014 3011/3011/3011 3013/3013/3013
f 3006/3006/3006 3015/3015/3015 3012/3012/3012
f 3015/3015/3015 3006/3006/3006 3008/3008/3008
f 3012/3012/3012 3016/3016/3016 3013/3013/3013
f 3016/3016/3016 3012/3012/3012 3015/3015/3015
f 3013/3013/3013 3017/3017/3017 3014/3014/3014
f 3017/3017/3017 3013/3013/3013 3016/3016/3016
f 3018/3018/3018 3014/3014/3014 3017/3017/3017
f 3008/3008/3008 3019/3019/3019 3015/3015/3015
f 3007/3007/3007 3019/3019/3019 3008/3008/3008
f 3018/3018/3018 3017/3017/3017 3020/3020/3020
f 3020/3020/3020 3021/3021/3021 3018/3018/3018
f 3021/3021/3021 3020/3020/3020 3022/3022/3022
f 3023/3023/3023 3022/3022/3022 3020/3020/3020
f 3020/3020/3020 3017/3017/3017 3024/3024/3024
f 3020/3020/3020 3024/3024/3024 3023/3023/3023
f 3016/3016/3016 3024/3024/3024 3017/3017/3017
f 3025/3025/3025 3023/3023/3023 3024/3024/3024
f 3026/3026/3026 3024/3024/3024 3016/3016/3016
f 3024/3024/3024 3026/3026/3026 3025/3025/3025
f 3015/3015/3015 3026/3026/3026 3016/3016/3016
f 3027/3027/3027 3025/3025/3025 3026/3026/3026
f 3026/3026/3026 3015/3015/3015 3019/3019/3019
f 3028/3028/3028 3027/3027/3027 3026/3026/3026
f 3019/3019/3019 3028/3028/3028 3026/3026/3026
f 3019/3019/3019 3029/3029/3029 3028/3028/3028
f 3029/3029/3029 3019/3019/3019 3030/3030/3030
f 3019/3019/3019 3007/3007/3007 3030/3030/3030
f 3003/3003/3003 3030/3030/3030 3007/3007/3007
f 3030/3030/3030 3031/3031/3031 3029/3029/3029
f 3030/3030/3030 3003/3003/3003 3031/3031/3031
f 3032/3032/3032 3029/3029/3029 3031/3031/3031
f 2995/2995/2995 3031/3031/3031 3003/3003/3003
f 3031/3031/3031 3033/3033/3033 3032/3032/3032
f 3031/3031/3031 2995/2995/2995 3034/3034/3034
f 3033/3033/3033 3031/3031/3031 3034/3034/3034
f 2991/2991/2991 3034/3034/3034 2995/2995/2995
f 3033/3033/3033 3034/3034/3034 3035/3035/3035
f 3034/3034/3034 2991/2991/2991 3036/3036/3036
f 3036/3036/3036 3035/3035/3035 3034/3034/3034
f 3039/3039/3039 3038/3038/3038 3037/3037/3037
f 3040/3040/3040 3037/3037/3037 3038/3038/3038
f 3038/3038/3038 3041/3041/3041 3040/3040/3040
f 3037/3037/3037 3040/3040/3040 3042/3042/3042
f 3042/3042/3042 3043/3043/3043 3037/3037/3037
f 3043/3043/3043 3042/3042/3042 3044/3044/3044
f 3045/3045/3045 3040/3040/3040 3041/3041/3041
f 3044/3044/3044 3042/3042/3042 3046/3046/3046
f 3044/3044/3044 3046/3046/3046 3047/3047/3047
f 3048/3048/3048 3047/3047/3047 3046/3046/3046
f 3042/3042/3042 3040/3040/3040 3049/3049/3049
f 3042/3042/3042 3049/3049/3049 3046/3046/3046
f 3045/3045/3045 3049/3049/3049 3040/3040/3040
f 3046/3046/3046 3050/3050/3050 3048/3048/3048
f 3046/3046/3046 3049/3049/3049 3050/3050/3050
f 3048/3048/3048 3050/3050/3050 3051/3051/3051
f 3052/3052/3052 3049/3049/3049 3045/3045/3045
f 3049/3049/3049 3052/3052/3052 3050/3050/3050
f 3053/3053/3053 3051/3051/3051 3050/3050/3050
f 3050/3050/3050 3052/3052/3052 3053/3053/3053
f 3051/3051/3051 3053/3053/3053 3054/3054/3054
f 3045/3045/3045 3041/3041/3041 3055/3055/3055
f 3045/3045/3045 3055/3055/3055 3052/3052/3052
f 3055/3055/3055 3041/3041/3041 3056/3056/3056
f 3057/3057/3057 3054/3054/3054 3053/3053/3053
f 3053/3053/3053 3052/3052/3052 3057/3057/3057
f 3054/3054/3054 3057/3057/3057 3058/3058/3058
f 3058/3058/3058 3057/3057/3057 3059/3059/3059
f 3055/3055/3055 3056/3056/3056 3060/3060/3060
f 3060/3060/3060 3052/3052/3052 3055/3055/3055
f 3056/3056/3056 3061/3061/3061 3060/3060/3060
f 3061/3061/3061 3062/3062/3062 3060/3060/3060
f 3052/3052/3052 3060/3060/3060 3063/3063/3063
f 3063/3063/3063 3057/3057/3057 3052/3052/3052
f 3064/3064/3064 3060/3060/3060 3062/3062/3062
f 3064/3064/3064 3063/3063/3063 3060/3060/3060
f 3065/3065/3065 3064/3064/3064 3062/3062/3062
f 3062/3062/3062 3066/3066/3066 3065/3065/3065
f 3067/3067/3067 3063/3063/3063 3064/3064/3064
f 3065/3065/3065 3067/3067/3067 3064/3064/3064
f 3063/3063/3063 3067/3067/3067 3057/3057/3057
f 3065/3065/3065 3066/3066/3066 3068/3068/3068
f 3069/3069/3069 3068/3068/3068 3066/3066/3066
f 3069/3069/3069 3070/3070/3070 3068/3068/3068
f 3071/3071/3071 3068/3068/3068 3070/3070/3070
f 3072/3072/3072 3067/3067/3067 3065/3065/3065
f 3068/3068/3068 3072/3072/3072 3065/3065/3065
f 3073/3073/3073 3057/3057/3057 3067/3067/3067
f 3072/3072/3072 3073/3073/3073 3067/3067/3067
f 3057/3057/3057 3073/3073/3073 3059/3059/3059
f 3059/3059/3059 3073/3073/3073 3074/3074/3074
f 3071/3071/3071 3075/3075/3075 3068/3068/3068
f 3075/3075/3075 3072/3072/3072 3068/3068/3068
f 3075/3075/3075 3071/3071/3071 3076/3076/3076
f 3077/3077/3077 3073/3073/3073 3072/3072/3072
f 3077/3077/3077 3074/3074/3074 3073/3073/3073
f 3072/3072/3072 3075/3075/3075 3077/3077/3077
f 3078/3078/3078 3074/3074/3074 3077/3077/3077
f 3076/3076/3076 3079/3079/3079 3075/3075/3075
f 3079/3079/3079 3077/3077/3077 3075/3075/3075
f 3079/3079/3079 3078/3078/3078 3077/3077/3077
f 3079/3079/3079 3076/3076/3076 3080/3080/3080
f 3078/3078/3078 3079/3079/3079 3081/3081/3081
f 3080/3080/3080 3081/3081/3081 3079/3079/3079
f 3084/3084/3084 3083/3083/3083 3082/3082/3082
f 3083/3083/3083 3084/3084/3084 3085/3085/3085
f 3085/3085/3085 3086/3086/3086 3083/3083/3083
f 3085/3085/3085 3084/3084/3084 3087/3087/3087
f 3088/3088/3088 3087/3087/3087 3084/3084/3084
f 3086/3086/3086 3085/3085/3085 3089/3089/3089
f 3085/3085/3085 3087/3087/3087 3089/3089/3089
f 3089/3089/3089 3090/3090/3090 3086/3086/3086
f 3087/3087/3087 3088/3088/3088 3091/3091/3091
f 3092/3092/3092 3091/3091/3091 3088/3088/3088
f 3093/3093/3093 3089/3089/3089 3087/3087/3087
f 3091/3091/3091 3093/3093/3093 3087/3087/3087
f 3090/3090/3090 3089/3089/3089 3094/3094/3094
f 3089/3089/3089 3093/3093/3093 3094/3094/3094
f 3094/3094/3094 3095/3095/3095 3090/3090/3090
f 3093/3093/3093 3091/3091/3091 3096/3096/3096
f 3095/3095/3095 3094/3094/3094 3097/3097/3097
f 3095/3095/3095 3097/3097/3097 3098/3098/3098
f 3099/3099/3099 3098/3098/3098 3097/3097/3097
f 3100/3100/3100 3094/3094/3094 3093/3093/3093
f 3096/3096/3096 3100/3100/3100 3093/3093/3093
f 3101/3101/3101 3097/3097/3097 3094/3094/3094
f 3097/3097/3097 3101/3101/3101 3099/3099/3099
f 3094/3094/3094 3100/3100/3100 3101/3101/3101
f 3102/3102/3102 3099/3099/3099 3101/3101/3101
f 3102/3102/3102 3101/3101/3101 3103/3103/3103
f 3103/3103/3103 3101/3101/3101 3104/3104/3104
f 3101/3101/3101 3100/3100/3100 3104/3104/3104
f 3103/3103/3103 3104/3104/3104 3105/3105/3105
f 3106/3106/3106 3104/3104/3104 3100/3100/3100
f 3100/3100/3100 3096/3096/3096 3106/3106/3106
f 3105/3105/3105 3104/3104/3104 3107/3107/3107
f 3107/3107/3107 3104/3104/3104 3106/3106/3106
f 3108/3108/3108 3105/3105/3105 3107/3107/3107
f 3109/3109/3109 3106/3106/3106 3096/3096/3096
f 3110/3110/3110 3107/3107/3107 3106/3106/3106
f 3106/3106/3106 3109/3109/3109 3110/3110/3110
f 3111/3111/3111 3108/3108/3108 3107/3107/3107
f 3112/3112/3112 3107/3107/3107 3110/3110/3110
f 3107/3107/3107 3112/3112/3112 3111/3111/3111
f 3113/3113/3113 3110/3110/3110 3109/3109/3109
f 3110/3110/3110 3113/3113/3113 3112/3112/3112
f 3111/3111/3111 3114/3114/3114 3108/3108/3108
f 3115/3115/3115 3108/3108/3108 3114/3114/3114
f 3116/3116/3116 3111/3111/3111 3112/3112/3112
f 3111/3111/3111 3116/3116/3116 3114/3114/3114
f 3117/3117/3117 3112/3112/3112 3113/3113/3113
f 3112/3112/3112 3117/3117/3117 3116/3116/3116
f 3114/3114/3114 3118/3118/3118 3115/3115/3115
f 3119/3119/3119 3115/3115/3115 3118/3118/3118
f 3118/3118/3118 3120/3120/3120 3119/3119/3119
f 3120/3120/3120 3118/3118/3118 3121/3121/3121
f 3118/3118/3118 3122/3122/3122 3121/3121/3121
f 3114/3114/3114 3123/3123/3123 3118/3118/3118
f 3123/3123/3123 3122/3122/3122 3118/3118/3118
f 3123/3123/3123 3114/3114/3114 3116/3116/3116
f 3122/3122/3122 3123/3123/3123 3124/3124/3124
f 3116/3116/3116 3125/3125/3125 3123/3123/3123
f 3125/3125/3125 3124/3124/3124 3123/3123/3123
f 3125/3125/3125 3116/3116/3116 3117/3117/3117
f 3124/3124/3124 3125/3125/3125 3126/3126/3126
f 3127/3127/3127 3126/3126/3126 3125/3125/3125
f 3117/3117/3117 3127/3127/3127 3125/3125/3125
f 3126/3126/3126 3127/3127/3127 3128/3128/3128
f 3129/3129/3129 3128/3128/3128 3127/3127/3127
f 3127/3127/3127 3117/3117/3117 3130/3130/3130
f 3130/3130/3130 3129/3129/3129 3127/3127/3127
f 3113/3113/3113 3130/3130/3130 3117/3117/3117
f 3129/3129/3129 3130/3130/3130 3131/3131/3131
f 3130/3130/3130 3113/3113/3113 3132/3132/3132
f 3132/3132/3132 3131/3131/3131 3130/3130/3130
f 3109/3109/3109 3132/3132/3132 3113/3113/3113
f 3131/3131/3131 3132/3132/3132 3133/3133/3133
f 3132/3132/3132 3109/3109/3109 3134/3134/3134
f 3134/3134/3134 3133/3133/3133 3132/3132/3132
f 3096/3096/3096 3134/3134/3134 3109/3109/3109
f 3133/3133/3133 3134/3134/3134 3135/3135/3135
f 3134/3134/3134 3096/3096/3096 3091/3091/3091
f 3135/3135/3135 3134/3134/3134 3092/3092/3092
f 3091/3091/3091 3092/3092/3092 3134/3134/3134
f 3138/3138/3138 3137/3137/3137 3136/3136/3136
f 3139/3139/3139 3136/3136/3136 3137/3137/3137
f 3139/3139/3139 3140/3140/3140 3136/3136/3136
f 3140/3140/3140 3139/3139/3139 3141/3141/3141
f 3139/3139/3139 3137/3137/3137 3142/3142/3142
f 3139/3139/3139 3142/3142/3142 3141/3141/3141
f 3142/3142/3142 3137/3137/3137 3143/3143/3143
f 3144/3144/3144 3141/3141/3141 3142/3142/3142
f 3142/3142/3142 3143/3143/3143 3145/3145/3145
f 3145/3145/3145 3144/3144/3144 3142/3142/3142
f 3146/3146/3146 3145/3145/3145 3143/3143/3143
f 3145/3145/3145 3147/3147/3147 3144/3144/3144
f 3145/3145/3145 3146/3146/3146 3147/3147/3147
f 3144/3144/3144 3147/3147/3147 3148/3148/3148
f 3147/3147/3147 3146/3146/3146 3149/3149/3149
f 3148/3148/3148 3147/3147/3147 3150/3150/3150
f 3149/3149/3149 3151/3151/3151 3147/3147/3147
f 3152/3152/3152 3150/3150/3150 3147/3147/3147
f 3152/3152/3152 3147/3147/3147 3151/3151/3151
f 3153/3153/3153 3150/3150/3150 3152/3152/3152
f 3151/3151/3151 3154/3154/3154 3152/3152/3152
f 3152/3152/3152 3155/3155/3155 3153/3153/3153
f 3155/3155/3155 3152/3152/3152 3154/3154/3154
f 3156/3156/3156 3153/3153/3153 3155/3155/3155
f 3154/3154/3154 3157/3157/3157 3155/3155/3155
f 3155/3155/3155 3158/3158/3158 3156/3156/3156
f 3158/3158/3158 3155/3155/3155 3157/3157/3157
f 3159/3159/3159 3156/3156/3156 3158/3158/3158
f 3157/3157/3157 3160/3160/3160 3158/3158/3158
f 3158/3158/3158 3161/3161/3161 3159/3159/3159
f 3161/3161/3161 3158/3158/3158 3160/3160/3160
f 3164/3164/3164 3163/3163/3163 3162/3162/3162
f 3166/3166/3166 3165/3165/3165 3162/3162/3162
f 3162/3162/3162 3167/3167/3167 3164/3164/3164
f 3167/3167/3167 3162/3162/3162 3165/3165/3165
f 3164/3164/3164 3167/3167/3167 3168/3168/3168
f 3165/3165/3165 3169/3169/3169 3167/3167/3167
f 3170/3170/3170 3168/3168/3168 3167/3167/3167
f 3170/3170/3170 3167/3167/3167 3169/3169/3169
f 3171/3171/3171 3168/3168/3168 3170/3170/3170
f 3169/3169/3169 3172/3172/3172 3170/3170/3170
f 3170/3170/3170 3173/3173/3173 3171/3171/3171
f 3173/3173/3173 3170/3170/3170 3172/3172/3172
f 3174/3174/3174 3171/3171/3171 3173/3173/3173
f 3173/3173/3173 3172/3172/3172 3174/3174/3174
f 3171/3171/3171 3174/3174/3174 3175/3175/3175
f 3172/3172/3172 3176/3176/3176 3174/3174/3174
f 3177/3177/3177 3175/3175/3175 3174/3174/3174
f 3174/3174/3174 3176/3176/3176 3177/3177/3177
f 3178/3178/3178 3175/3175/3175 3177/3177/3177
f 3179/3179/3179 3177/3177/3177 3176/3176/3176
f 3180/3180/3180 3178/3178/3178 3177/3177/3177
f 3177/3177/3177 3179/3179/3179 3180/3180/3180
f 3181/3181/3181 3178/3178/3178 3180/3180/3180
f 3179/3179/3179 3182/3182/3182 3180/3180/3180
f 3183/3183/3183 3181/3181/3181 3180/3180/3180
f 3180/3180/3180 3182/3182/3182 3183/3183/3183
f 3184/3184/3184 3181/3181/3181 3183/3183/3183
f 3185/3185/3185 3183/3183/3183 3182/3182/3182
f 3184/3184/3184 3183/3183/3183 3186/3186/3186
f 3185/3185/3185 3187/3187/3187 3183/3183/3183
f 3188/3188/3188 3186/3186/3186 3183/3183/3183
f 3188/3188/3188 3183/3183/3183 3187/3187/3187
f 3191/3191/3191 3190/3190/3190 3189/3189/3189
f 3192/3192/3192 3189/3189/3189 3190/3190/3190
f 3192/3192/3192 3193/3193/3193 3189/3189/3189
f 3193/3193/3193 3192/3192/3192 3194/3194/3194
f 3192/3192/3192 3190/3190/3190 3195/3195/3195
f 3192/3192/3192 3195/3195/3195 3194/3194/3194
f 3195/3195/3195 3190/3190/3190 3196/3196/3196
f 3197/3197/3197 3194/3194/3194 3195/3195/3195
f 3195/3195/3195 3196/3196/3196 3198/3198/3198
f 3195/3195/3195 3198/3198/3198 3197/3197/3197
f 3199/3199/3199 3198/3198/3198 3196/3196/3196
f 3197/3197/3197 3198/3198/3198 3200/3200/3200
f 3198/3198/3198 3199/3199/3199 3201/3201/3201
f 3198/3198/3198 3201/3201/3201 3200/3200/3200
f 3200/3200/3200 3201/3201/3201 3202/3202/3202
f 3201/3201/3201 3199/3199/3199 3203/3203/3203
f 3202/3202/3202 3201/3201/3201 3204/3204/3204
f 3205/3205/3205 3201/3201/3201 3203/3203/3203
f 3205/3205/3205 3204/3204/3204 3201/3201/3201
f 3206/3206/3206 3205/3205/3205 3203/3203/3203
f 3207/3207/3207 3204/3204/3204 3205/3205/3205
f 3206/3206/3206 3208/3208/3208 3205/3205/3205
f 3205/3205/3205 3209/3209/3209 3207/3207/3207
f 3209/3209/3209 3205/3205/3205 3208/3208/3208
f 3210/3210/3210 3207/3207/3207 3209/3209/3209
f 3208/3208/3208 3211/3211/3211 3209/3209/3209
f 3209/3209/3209 3212/3212/3212 3210/3210/3210
f 3212/3212/3212 3209/3209/3209 3211/3211/3211
f 3213/3213/3213 3210/3210/3210 3212/3212/3212
f 3211/3211/3211 3214/3214/3214 3212/3212/3212
f 3212/3212/3212 3215/3215/3215 3213/3213/3213
f 3215/3215/3215 3212/3212/3212 3214/3214/3214
f 3218/3218/3218 3217/3217/3217 3216/3216/3216
f 3219/3219/3219 3217/3217/3217 3218/3218/3218
f 3219/3219/3219 3218/3218/3218 3220/3220/3220
f 3219/3219/3219 3221/3221/3221 3217/3217/3217
f 3222/3222/3222 3217/3217/3217 3221/3221/3221
f 3220/3220/3220 3223/3223/3223 3219/3219/3219
f 3221/3221/3221 3224/3224/3224 3222/3222/3222
f 3225/3225/3225 3222/3222/3222 3224/3224/3224
f 3219/3219/3219 3226/3226/3226 3221/3221/3221
f 3226/3226/3226 3219/3219/3219 3223/3223/3223
f 3221/3221/3221 3227/3227/3227 3224/3224/3224
f 3226/3226/3226 3227/3227/3227 3221/3221/3221
f 3223/3223/3223 3220/3220/3220 3228/3228/3228
f 3223/3223/3223 3228/3228/3228 3226/3226/3226
f 3228/3228/3228 3220/3220/3220 3229/3229/3229
f 3230/3230/3230 3226/3226/3226 3228/3228/3228
f 3228/3228/3228 3229/3229/3229 3231/3231/3231
f 3232/3232/3232 3231/3231/3231 3229/3229/3229
f 3232/3232/3232 3233/3233/3233 3231/3231/3231
f 3231/3231/3231 3233/3233/3233 3234/3234/3234
f 3231/3231/3231 3234/3234/3234 3235/3235/3235
f 3236/3236/3236 3228/3228/3228 3231/3231/3231
f 3231/3231/3231 3235/3235/3235 3236/3236/3236
f 3228/3228/3228 3236/3236/3236 3230/3230/3230
f 3238/3238/3238 3237/3237/3237 3235/3235/3235
f 3236/3236/3236 3235/3235/3235 3237/3237/3237
f 3230/3230/3230 3236/3236/3236 3239/3239/3239
f 3236/3236/3236 3237/3237/3237 3239/3239/3239
f 3230/3230/3230 3239/3239/3239 3226/3226/3226
f 3227/3227/3227 3226/3226/3226 3239/3239/3239
f 3239/3239/3239 3237/3237/3237 3240/3240/3240
f 3239/3239/3239 3240/3240/3240 3227/3227/3227
f 3241/3241/3241 3240/3240/3240 3237/3237/3237
f 3227/3227/3227 3240/3240/3240 3242/3242/3242
f 3227/3227/3227 3242/3242/3242 3224/3224/3224
f 3243/3243/3243 3240/3240/3240 3241/3241/3241
f 3240/3240/3240 3243/3243/3243 3242/3242/3242
f 3244/3244/3244 3243/3243/3243 3241/3241/3241
f 3224/3224/3224 3242/3242/3242 3245/3245/3245
f 3224/3224/3224 3245/3245/3245 3225/3225/3225
f 3225/3225/3225 3245/3245/3245 3246/3246/3246
f 3247/3247/3247 3242/3242/3242 3243/3243/3243
f 3247/3247/3247 3245/3245/3245 3242/3242/3242
f 3245/3245/3245 3248/3248/3248 3246/3246/3246
f 3245/3245/3245 3247/3247/3247 3248/3248/3248
f 3249/3249/3249 3246/3246/3246 3248/3248/3248
f 3250/3250/3250 3249/3249/3249 3248/3248/3248
f 3251/3251/3251 3250/3250/3250 3248/3248/3248
f 3248/3248/3248 3247/3247/3247 3251/3251/3251
f 3251/3251/3251 3252/3252/3252 3250/3250/3250
f 3253/3253/3253 3247/3247/3247 3243/3243/3243
f 3243/3243/3243 3244/3244/3244 3253/3253/3253
f 3254/3254/3254 3253/3253/3253 3244/3244/3244
f 3255/3255/3255 3253/3253/3253 3254/3254/3254
f 3256/3256/3256 3251/3251/3251 3247/3247/3247
f 3247/3247/3247 3253/3253/3253 3256/3256/3256
f 3257/3257/3257 3252/3252/3252 3251/3251/3251
f 3257/3257/3257 3251/3251/3251 3256/3256/3256
f 3252/3252/3252 3257/3257/3257 3258/3258/3258
f 3259/3259/3259 3258/3258/3258 3257/3257/3257
f 3253/3253/3253 3255/3255/3255 3260/3260/3260
f 3260/3260/3260 3256/3256/3256 3253/3253/3253
f 3261/3261/3261 3260/3260/3260 3255/3255/3255
f 3262/3262/3262 3260/3260/3260 3261/3261/3261
f 3256/3256/3256 3263/3263/3263 3257/3257/3257
f 3263/3263/3263 3256/3256/3256 3260/3260/3260
f 3257/3257/3257 3263/3263/3263 3259/3259/3259
f 3262/3262/3262 3263/3263/3263 3260/3260/3260
f 3264/3264/3264 3259/3259/3259 3263/3263/3263
f 3264/3264/3264 3263/3263/3263 3262/3262/3262
f 3267/3267/3267 3266/3266/3266 3265/3265/3265
f 3269/3269/3269 3268/3268/3268 3265/3265/3265
f 3265/3265/3265 3270/3270/3270 3267/3267/3267
f 3270/3270/3270 3265/3265/3265 3268/3268/3268
f 3267/3267/3267 3270/3270/3270 3271/3271/3271
f 3268/3268/3268 3272/3272/3272 3270/3270/3270
f 3273/3273/3273 3271/3271/3271 3270/3270/3270
f 3273/3273/3273 3270/3270/3270 3272/3272/3272
f 3274/3274/3274 3271/3271/3271 3273/3273/3273
f 3272/3272/3272 3275/3275/3275 3273/3273/3273
f 3276/3276/3276 3273/3273/3273 3275/3275/3275
f 3273/3273/3273 3276/3276/3276 3274/3274/3274
f 3275/3275/3275 3277/3277/3277 3276/3276/3276
f 3278/3278/3278 3274/3274/3274 3276/3276/3276
f 3278/3278/3278 3276/3276/3276 3277/3277/3277
f 3274/3274/3274 3278/3278/3278 3279/3279/3279
f 3278/3278/3278 3277/3277/3277 3280/3280/3280
f 3280/3280/3280 3279/3279/3279 3278/3278/3278
f 3281/3281/3281 3280/3280/3280 3277/3277/3277
f 3282/3282/3282 3279/3279/3279 3280/3280/3280
f 3280/3280/3280 3281/3281/3281 3283/3283/3283
f 3283/3283/3283 3282/3282/3282 3280/3280/3280
f 3281/3281/3281 3284/3284/3284 3283/3283/3283
f 3285/3285/3285 3282/3282/3282 3283/3283/3283
f 3283/3283/3283 3284/3284/3284 3286/3286/3286
f 3286/3286/3286 3285/3285/3285 3283/3283/3283
f 3287/3287/3287 3286/3286/3286 3284/3284/3284
f 3288/3288/3288 3285/3285/3285 3286/3286/3286
f 3287/3287/3287 3289/3289/3289 3286/3286/3286
f 3288/3288/3288 3286/3286/3286 3290/3290/3290
f 3291/3291/3291 3286/3286/3286 3289/3289/3289
f 3291/3291/3291 3290/3290/3290 3286/3286/3286
f 3294/3294/3294 3293/3293/3293 3292/3292/3292
f 3295/3295/3295 3292/3292/3292 3293/3293/3293
f 3295/3295/3295 3296/3296/3296 3292/3292/3292
f 3296/3296/3296 3295/3295/3295 3297/3297/3297
f 3295/3295/3295 3293/3293/3293 3298/3298/3298
f 3295/3295/3295 3298/3298/3298 3297/3297/3297
f 3298/3298/3298 3293/3293/3293 3299/3299/3299
f 3300/3300/3300 3297/3297/3297 3298/3298/3298
f 3298/3298/3298 3299/3299/3299 3301/3301/3301
f 3298/3298/3298 3301/3301/3301 3300/3300/3300
f 3302/3302/3302 3301/3301/3301 3299/3299/3299
f 3300/3300/3300 3301/3301/3301 3303/3303/3303
f 3301/3301/3301 3302/3302/3302 3304/3304/3304
f 3301/3301/3301 3304/3304/3304 3303/3303/3303
f 3303/3303/3303 3304/3304/3304 3305/3305/3305
f 3304/3304/3304 3302/3302/3302 3306/3306/3306
f 3305/3305/3305 3304/3304/3304 3307/3307/3307
f 3308/3308/3308 3304/3304/3304 3306/3306/3306
f 3308/3308/3308 3307/3307/3307 3304/3304/3304
f 3309/3309/3309 3308/3308/3308 3306/3306/3306
f 3310/3310/3310 3307/3307/3307 3308/3308/3308
f 3309/3309/3309 3311/3311/3311 3308/3308/3308
f 3308/3308/3308 3312/3312/3312 3310/3310/3310
f 3312/3312/3312 3308/3308/3308 3311/3311/3311
f 3310/3310/3310 3312/3312/3312 3313/3313/3313
f 3311/3311/3311 3314/3314/3314 3312/3312/3312
f 3315/3315/3315 3313/3313/3313 3312/3312/3312
f 3315/3315/3315 3312/3312/3312 3314/3314/3314
f 3316/3316/3316 3313/3313/3313 3315/3315/3315
f 3314/3314/3314 3317/3317/3317 3315/3315/3315
f 3315/3315/3315 3318/3318/3318 3316/3316/3316
f 3318/3318/3318 3315/3315/3315 3317/3317/3317
f 3321/3321/3321 3320/3320/3320 3319/3319/3319
f 3320/3320/3320 3321/3321/3321 3322/3322/3322
f 3322/3322/3322 3321/3321/3321 3323/3323/3323
f 3322/3322/3322 3324/3324/3324 3320/3320/3320
f 3325/3325/3325 3320/3320/3320 3324/3324/3324
f 3326/3326/3326 3322/3322/3322 3323/3323/3323
f 3324/3324/3324 3327/3327/3327 3325/3325/3325
f 3328/3328/3328 3325/3325/3325 3327/3327/3327
f 3328/3328/3328 3327/3327/3327 3329/3329/3329
f 3322/3322/3322 3330/3330/3330 3324/3324/3324
f 3330/3330/3330 3322/3322/3322 3326/3326/3326
f 3327/3327/3327 3324/3324/3324 3331/3331/3331
f 3331/3331/3331 3324/3324/3324 3330/3330/3330
f 3329/3329/3329 3327/3327/3327 3332/3332/3332
f 3329/3329/3329 3332/3332/3332 3333/3333/3333
f 3334/3334/3334 3327/3327/3327 3331/3331/3331
f 3332/3332/3332 3327/3327/3327 3334/3334/3334
f 3333/3333/3333 3332/3332/3332 3335/3335/3335
f 3336/3336/3336 3333/3333/3333 3335/3335/3335
f 3337/3337/3337 3332/3332/3332 3334/3334/3334
f 3335/3335/3335 3332/3332/3332 3337/3337/3337
f 3338/3338/3338 3336/3336/3336 3335/3335/3335
f 3335/3335/3335 3337/3337/3337 3338/3338/3338
f 3338/3338/3338 3339/3339/3339 3336/3336/3336
f 3337/3337/3337 3334/3334/3334 3340/3340/3340
f 3339/3339/3339 3338/3338/3338 3341/3341/3341
f 3339/3339/3339 3341/3341/3341 3342/3342/3342
f 3343/3343/3343 3342/3342/3342 3341/3341/3341
f 3344/3344/3344 3338/3338/3338 3337/3337/3337
f 3341/3341/3341 3338/3338/3338 3344/3344/3344
f 3337/3337/3337 3340/3340/3340 3344/3344/3344
f 3341/3341/3341 3345/3345/3345 3343/3343/3343
f 3345/3345/3345 3341/3341/3341 3344/3344/3344
f 3346/3346/3346 3343/3343/3343 3345/3345/3345
f 3345/3345/3345 3347/3347/3347 3346/3346/3346
f 3345/3345/3345 3344/3344/3344 3348/3348/3348
f 3348/3348/3348 3347/3347/3347 3345/3345/3345
f 3349/3349/3349 3348/3348/3348 3344/3344/3344
f 3349/3349/3349 3344/3344/3344 3340/3340/3340
f 3348/3348/3348 3350/3350/3350 3347/3347/3347
f 3350/3350/3350 3351/3351/3351 3347/3347/3347
f 3349/3349/3349 3352/3352/3352 3348/3348/3348
f 3350/3350/3350 3348/3348/3348 3352/3352/3352
f 3340/3340/3340 3352/3352/3352 3349/3349/3349
f 3350/3350/3350 3353/3353/3353 3351/3351/3351
f 3351/3351/3351 3353/3353/3353 3354/3354/3354
f 3352/3352/3352 3355/3355/3355 3350/3350/3350
f 3350/3350/3350 3355/3355/3355 3353/3353/3353
f 3353/3353/3353 3356/3356/3356 3354/3354/3354
f 3357/3357/3357 3354/3354/3354 3356/3356/3356
f 3357/3357/3357 3356/3356/3356 3358/3358/3358
f 3359/3359/3359 3358/3358/3358 3356/3356/3356
f 3356/3356/3356 3353/3353/3353 3360/3360/3360
f 3356/3356/3356 3360/3360/3360 3359/3359/3359
f 3355/3355/3355 3360/3360/3360 3353/3353/3353
f 3361/3361/3361 3359/3359/3359 3360/3360/3360
f 3361/3361/3361 3360/3360/3360 3362/3362/3362
f 3355/3355/3355 3363/3363/3363 3360/3360/3360
f 3355/3355/3355 3352/3352/3352 3363/3363/3363
f 3364/3364/3364 3362/3362/3362 3360/3360/3360
f 3364/3364/3364 3360/3360/3360 3363/3363/3363
f 3364/3364/3364 3365/3365/3365 3362/3362/3362
f 3363/3363/3363 3352/3352/3352 3366/3366/3366
f 3352/3352/3352 3340/3340/3340 3366/3366/3366
f 3367/3367/3367 3365/3365/3365 3364/3364/3364
f 3368/3368/3368 3365/3365/3365 3367/3367/3367
f 3340/3340/3340 3369/3369/3369 3366/3366/3366
f 3340/3340/3340 3334/3334/3334 3369/3369/3369
f 3334/3334/3334 3331/3331/3331 3369/3369/3369
f 3366/3366/3366 3369/3369/3369 3370/3370/3370
f 3366/3366/3366 3370/3370/3370 3363/3363/3363
f 3369/3369/3369 3331/3331/3331 3371/3371/3371
f 3369/3369/3369 3371/3371/3371 3370/3370/3370
f 3331/3331/3331 3330/3330/3330 3371/3371/3371
f 3372/3372/3372 3363/3363/3363 3370/3370/3370
f 3363/3363/3363 3372/3372/3372 3364/3364/3364
f 3367/3367/3367 3364/3364/3364 3372/3372/3372
f 3370/3370/3370 3371/3371/3371 3373/3373/3373
f 3370/3370/3370 3373/3373/3373 3372/3372/3372
f 3371/3371/3371 3330/3330/3330 3374/3374/3374
f 3371/3371/3371 3374/3374/3374 3373/3373/3373
f 3326/3326/3326 3374/3374/3374 3330/3330/3330
f 3375/3375/3375 3372/3372/3372 3373/3373/3373
f 3372/3372/3372 3375/3375/3375 3367/3367/3367
f 3376/3376/3376 3373/3373/3373 3374/3374/3374
f 3373/3373/3373 3376/3376/3376 3375/3375/3375
f 3374/3374/3374 3326/3326/3326 3377/3377/3377
f 3326/3326/3326 3323/3323/3323 3377/3377/3377
f 3378/3378/3378 3377/3377/3377 3323/3323/3323
f 3378/3378/3378 3379/3379/3379 3377/3377/3377
f 3377/3377/3377 3380/3380/3380 3374/3374/3374
f 3379/3379/3379 3380/3380/3380 3377/3377/3377
f 3376/3376/3376 3374/3374/3374 3380/3380/3380
f 3379/3379/3379 3381/3381/3381 3380/3380/3380
f 3380/3380/3380 3381/3381/3381 3382/3382/3382
f 3380/3380/3380 3382/3382/3382 3376/3376/3376
f 3381/3381/3381 3383/3383/3383 3382/3382/3382
f 3376/3376/3376 3382/3382/3382 3384/3384/3384
f 3384/3384/3384 3375/3375/3375 3376/3376/3376
f 3385/3385/3385 3382/3382/3382 3383/3383/3383
f 3382/3382/3382 3385/3385/3385 3384/3384/3384
f 3387/3387/3387 3386/3386/3386 3383/3383/3383
f 3385/3385/3385 3383/3383/3383 3386/3386/3386
f 3385/3385/3385 3386/3386/3386 3388/3388/3388
f 3385/3385/3385 3388/3388/3388 3384/3384/3384
f 3388/3388/3388 3386/3386/3386 3389/3389/3389
f 3388/3388/3388 3390/3390/3390 3384/3384/3384
f 3389/3389/3389 3390/3390/3390 3388/3388/3388
f 3375/3375/3375 3384/3384/3384 3390/3390/3390
f 3390/3390/3390 3367/3367/3367 3375/3375/3375
f 3390/3390/3390 3389/3389/3389 3368/3368/3368
f 3368/3368/3368 3367/3367/3367 3390/3390/3390
f 3393/3393/3393 3392/3392/3392 3391/3391/3391
f 3394/3394/3394 3391/3391/3391 3392/3392/3392
f 3392/3392/3392 3395/3395/3395 3394/3394/3394
f 3396/3396/3396 3391/3391/3391 3394/3394/3394
f 3397/3397/3397 3391/3391/3391 3396/3396/3396
f 3398/3398/3398 3394/3394/3394 3395/3395/3395
f 3400/3400/3400 3395/3395/3395 3399/3399/3399
f 3400/3400/3400 3398/3398/3398 3395/3395/3395
f 3401/3401/3401 3394/3394/3394 3398/3398/3398
f 3401/3401/3401 3398/3398/3398 3400/3400/3400
f 3396/3396/3396 3394/3394/3394 3401/3401/3401
f 3400/3400/3400 3402/3402/3402 3401/3401/3401
f 3401/3401/3401 3402/3402/3402 3403/3403/3403
f 3403/3403/3403 3396/3396/3396 3401/3401/3401
f 3404/3404/3404 3403/3403/3403 3402/3402/3402
f 3405/3405/3405 3397/3397/3397 3396/3396/3396
f 3403/3403/3403 3405/3405/3405 3396/3396/3396
f 3406/3406/3406 3397/3397/3397 3405/3405/3405
f 3407/3407/3407 3403/3403/3403 3404/3404/3404
f 3407/3407/3407 3405/3405/3405 3403/3403/3403
f 3404/3404/3404 3408/3408/3408 3407/3407/3407
f 3409/3409/3409 3406/3406/3406 3405/3405/3405
f 3409/3409/3409 3405/3405/3405 3407/3407/3407
f 3410/3410/3410 3406/3406/3406 3409/3409/3409
f 3407/3407/3407 3408/3408/3408 3411/3411/3411
f 3411/3411/3411 3409/3409/3409 3407/3407/3407
f 3412/3412/3412 3411/3411/3411 3408/3408/3408
f 3413/3413/3413 3411/3411/3411 3412/3412/3412
f 3414/3414/3414 3410/3410/3410 3409/3409/3409
f 3411/3411/3411 3414/3414/3414 3409/3409/3409
f 3414/3414/3414 3415/3415/3415 3410/3410/3410
f 3415/3415/3415 3414/3414/3414 3416/3416/3416
f 3417/3417/3417 3416/3416/3416 3414/3414/3414
f 3417/3417/3417 3414/3414/3414 3411/3411/3411
f 3416/3416/3416 3417/3417/3417 3418/3418/3418
f 3411/3411/3411 3413/3413/3413 3419/3419/3419
f 3411/3411/3411 3419/3419/3419 3417/3417/3417
f 3413/3413/3413 3420/3420/3420 3419/3419/3419
f 3421/3421/3421 3418/3418/3418 3417/3417/3417
f 3417/3417/3417 3419/3419/3419 3421/3421/3421
f 3418/3418/3418 3421/3421/3421 3422/3422/3422
f 3423/3423/3423 3422/3422/3422 3421/3421/3421
f 3424/3424/3424 3419/3419/3419 3420/3420/3420
f 3424/3424/3424 3421/3421/3421 3419/3419/3419
f 3423/3423/3423 3421/3421/3421 3424/3424/3424
f 3425/3425/3425 3424/3424/3424 3420/3420/3420
f 3424/3424/3424 3426/3426/3426 3423/3423/3423
f 3424/3424/3424 3425/3425/3425 3426/3426/3426
f 3429/3429/3429 3428/3428/3428 3427/3427/3427
f 3431/3431/3431 3428/3428/3428 3430/3430/3430
f 3432/3432/3432 3427/3427/3427 3428/3428/3428
f 3428/3428/3428 3431/3431/3431 3432/3432/3432
f 3432/3432/3432 3433/3433/3433 3427/3427/3427
f 3432/3432/3432 3431/3431/3431 3433/3433/3433
f 3434/3434/3434 3427/3427/3427 3433/3433/3433
f 3435/3435/3435 3433/3433/3433 3431/3431/3431
f 3436/3436/3436 3434/3434/3434 3433/3433/3433
f 3433/3433/3433 3435/3435/3435 3437/3437/3437
f 3433/3433/3433 3437/3437/3437 3436/3436/3436
f 3438/3438/3438 3437/3437/3437 3435/3435/3435
f 3437/3437/3437 3439/3439/3439 3436/3436/3436
f 3437/3437/3437 3438/3438/3438 3439/3439/3439
f 3440/3440/3440 3436/3436/3436 3439/3439/3439
f 3441/3441/3441 3439/3439/3439 3438/3438/3438
f 3442/3442/3442 3440/3440/3440 3439/3439/3439
f 3443/3443/3443 3439/3439/3439 3441/3441/3441
f 3444/3444/3444 3442/3442/3442 3439/3439/3439
f 3439/3439/3439 3443/3443/3443 3444/3444/3444
f 3444/3444/3444 3445/3445/3445 3442/3442/3442
f 3446/3446/3446 3444/3444/3444 3443/3443/3443
f 3447/3447/3447 3444/3444/3444 3446/3446/3446
f 3445/3445/3445 3444/3444/3444 3447/3447/3447
f 3448/3448/3448 3447/3447/3447 3446/3446/3446
f 3447/3447/3447 3449/3449/3449 3445/3445/3445
f 3449/3449/3449 3447/3447/3447 3448/3448/3448
f 3450/3450/3450 3445/3445/3445 3449/3449/3449
f 3451/3451/3451 3449/3449/3449 3448/3448/3448
f 3449/3449/3449 3452/3452/3452 3450/3450/3450
f 3453/3453/3453 3449/3449/3449 3451/3451/3451
f 3452/3452/3452 3449/3449/3449 3453/3453/3453
f 3456/3456/3456 3455/3455/3455 3454/3454/3454
f 3457/3457/3457 3454/3454/3454 3455/3455/3455
f 3457/3457/3457 3458/3458/3458 3454/3454/3454
f 3459/3459/3459 3454/3454/3454 3458/3458/3458
f 3455/3455/3455 3460/3460/3460 3457/3457/3457
f 3460/3460/3460 3455/3455/3455 3461/3461/3461
f 3461/3461/3461 3462/3462/3462 3460/3460/3460
f 3458/3458/3458 3457/3457/3457 3463/3463/3463
f 3460/3460/3460 3463/3463/3463 3457/3457/3457
f 3458/3458/3458 3464/3464/3464 3459/3459/3459
f 3465/3465/3465 3459/3459/3459 3464/3464/3464
f 3463/3463/3463 3466/3466/3466 3458/3458/3458
f 3464/3464/3464 3458/3458/3458 3466/3466/3466
f 3467/3467/3467 3465/3465/3465 3464/3464/3464
f 3465/3465/3465 3467/3467/3467 3468/3468/3468
f 3466/3466/3466 3469/3469/3469 3464/3464/3464
f 3467/3467/3467 3464/3464/3464 3469/3469/3469
f 3470/3470/3470 3468/3468/3468 3467/3467/3467
f 3467/3467/3467 3469/3469/3469 3470/3470/3470
f 3468/3468/3468 3470/3470/3470 3471/3471/3471
f 3471/3471/3471 3470/3470/3470 3472/3472/3472
f 3473/3473/3473 3472/3472/3472 3470/3470/3470
f 3472/3472/3472 3473/3473/3473 3474/3474/3474
f 3475/3475/3475 3470/3470/3470 3469/3469/3469
f 3476/3476/3476 3474/3474/3474 3473/3473/3473
f 3474/3474/3474 3476/3476/3476 3477/3477/3477
f 3478/3478/3478 3477/3477/3477 3476/3476/3476
f 3478/3478/3478 3476/3476/3476 3479/3479/3479
f 3480/3480/3480 3479/3479/3479 3476/3476/3476
f 3476/3476/3476 3473/3473/3473 3480/3480/3480
f 3479/3479/3479 3480/3480/3480 3481/3481/3481
f 3473/3473/3473 3470/3470/3470 3482/3482/3482
f 3482/3482/3482 3480/3480/3480 3473/3473/3473
f 3475/3475/3475 3482/3482/3482 3470/3470/3470
f 3483/3483/3483 3481/3481/3481 3480/3480/3480
f 3480/3480/3480 3482/3482/3482 3483/3483/3483
f 3481/3481/3481 3483/3483/3483 3484/3484/3484
f 3485/3485/3485 3484/3484/3484 3483/3483/3483
f 3486/3486/3486 3483/3483/3483 3482/3482/3482
f 3483/3483/3483 3486/3486/3486 3485/3485/3485
f 3482/3482/3482 3475/3475/3475 3486/3486/3486
f 3487/3487/3487 3485/3485/3485 3486/3486/3486
f 3488/3488/3488 3486/3486/3486 3475/3475/3475
f 3488/3488/3488 3487/3487/3487 3486/3486/3486
f 3469/3469/3469 3488/3488/3488 3475/3475/3475
f 3487/3487/3487 3488/3488/3488 3489/3489/3489
f 3489/3489/3489 3488/3488/3488 3490/3490/3490
f 3488/3488/3488 3469/3469/3469 3491/3491/3491
f 3491/3491/3491 3490/3490/3490 3488/3488/3488
f 3469/3469/3469 3466/3466/3466 3491/3491/3491
f 3490/3490/3490 3491/3491/3491 3492/3492/3492
f 3493/3493/3493 3491/3491/3491 3466/3466/3466
f 3493/3493/3493 3492/3492/3492 3491/3491/3491
f 3466/3466/3466 3463/3463/3463 3493/3493/3493
f 3492/3492/3492 3493/3493/3493 3494/3494/3494
f 3495/3495/3495 3493/3493/3493 3463/3463/3463
f 3495/3495/3495 3494/3494/3494 3493/3493/3493
f 3463/3463/3463 3460/3460/3460 3495/3495/3495
f 3494/3494/3494 3495/3495/3495 3496/3496/3496
f 3497/3497/3497 3495/3495/3495 3460/3460/3460
f 3497/3497/3497 3496/3496/3496 3495/3495/3495
f 3497/3497/3497 3460/3460/3460 3462/3462/3462
f 3462/3462/3462 3496/3496/3496 3497/3497/3497
f 3496/3496/3496 3462/3462/3462 3498/3498/3498
f 3501/3501/3501 3500/3500/3500 3499/3499/3499
f 3500/3500/3500 3502/3502/3502 3499/3499/3499
f 3501/3501/3501 3499/3499/3499 3503/3503/3503
f 3499/3499/3499 3502/3502/3502 3504/3504/3504
f 3505/3505/3505 3504/3504/3504 3502/3502/3502
f 3506/3506/3506 3503/3503/3503 3499/3499/3499
f 3499/3499/3499 3504/3504/3504 3506/3506/3506
f 3506/3506/3506 3507/3507/3507 3503/3503/3503
f 3507/3507/3507 3506/3506/3506 3508/3508/3508
f 3506/3506/3506 3509/3509/3509 3508/3508/3508
f 3506/3506/3506 3504/3504/3504 3509/3509/3509
f 3508/3508/3508 3509/3509/3509 3510/3510/3510
f 3504/3504/3504 3505/3505/3505 3511/3511/3511
f 3504/3504/3504 3511/3511/3511 3509/3509/3509
f 3505/3505/3505 3512/3512/3512 3511/3511/3511
f 3509/3509/3509 3513/3513/3513 3510/3510/3510
f 3513/3513/3513 3509/3509/3509 3511/3511/3511
f 3510/3510/3510 3513/3513/3513 3514/3514/3514
f 3515/3515/3515 3511/3511/3511 3512/3512/3512
f 3516/3516/3516 3514/3514/3514 3513/3513/3513
f 3513/3513/3513 3511/3511/3511 3516/3516/3516
f 3514/3514/3514 3516/3516/3516 3517/3517/3517
f 3511/3511/3511 3515/3515/3515 3518/3518/3518
f 3518/3518/3518 3516/3516/3516 3511/3511/3511
f 3519/3519/3519 3518/3518/3518 3515/3515/3515
f 3520/3520/3520 3517/3517/3517 3516/3516/3516
f 3521/3521/3521 3518/3518/3518 3519/3519/3519
f 3521/3521/3521 3516/3516/3516 3518/3518/3518
f 3522/3522/3522 3521/3521/3521 3519/3519/3519
f 3516/3516/3516 3523/3523/3523 3520/3520/3520
f 3523/3523/3523 3516/3516/3516 3521/3521/3521
f 3520/3520/3520 3523/3523/3523 3524/3524/3524
f 3525/3525/3525 3521/3521/3521 3522/3522/3522
f 3525/3525/3525 3523/3523/3523 3521/3521/3521
f 3526/3526/3526 3525/3525/3525 3522/3522/3522
f 3527/3527/3527 3524/3524/3524 3523/3523/3523
f 3527/3527/3527 3523/3523/3523 3525/3525/3525
f 3528/3528/3528 3524/3524/3524 3527/3527/3527
f 3529/3529/3529 3525/3525/3525 3526/3526/3526
f 3529/3529/3529 3527/3527/3527 3525/3525/3525
f 3530/3530/3530 3529/3529/3529 3526/3526/3526
f 3529/3529/3529 3530/3530/3530 3531/3531/3531
f 3527/3527/3527 3532/3532/3532 3528/3528/3528
f 3532/3532/3532 3527/3527/3527 3529/3529/3529
f 3531/3531/3531 3532/3532/3532 3529/3529/3529
f 3528/3528/3528 3532/3532/3532 3533/3533/3533
f 3532/3532/3532 3531/3531/3531 3534/3534/3534
f 3534/3534/3534 3533/3533/3533 3532/3532/3532
f 3537/3537/3537 3536/3536/3536 3535/3535/3535
f 3538/3538/3538 3535/3535/3535 3536/3536/3536
f 3537/3537/3537 3535/3535/3535 3539/3539/3539
f 3535/3535/3535 3538/3538/3538 3540/3540/3540
f 3541/3541/3541 3540/3540/3540 3538/3538/3538
f 3542/3542/3542 3539/3539/3539 3535/3535/3535
f 3535/3535/3535 3540/3540/3540 3542/3542/3542
f 3539/3539/3539 3542/3542/3542 3543/3543/3543
f 3540/3540/3540 3541/3541/3541 3544/3544/3544
f 3545/3545/3545 3544/3544/3544 3541/3541/3541
f 3546/3546/3546 3544/3544/3544 3545/3545/3545
f 3547/3547/3547 3542/3542/3542 3540/3540/3540
f 3540/3540/3540 3544/3544/3544 3547/3547/3547
f 3548/3548/3548 3543/3543/3543 3542/3542/3542
f 3542/3542/3542 3547/3547/3547 3548/3548/3548
f 3543/3543/3543 3548/3548/3548 3549/3549/3549
f 3550/3550/3550 3549/3549/3549 3548/3548/3548
f 3548/3548/3548 3551/3551/3551 3550/3550/3550
f 3551/3551/3551 3548/3548/3548 3547/3547/3547
f 3552/3552/3552 3550/3550/3550 3551/3551/3551
f 3553/3553/3553 3547/3547/3547 3544/3544/3544
f 3547/3547/3547 3553/3553/3553 3551/3551/3551
f 3551/3551/3551 3554/3554/3554 3552/3552/3552
f 3554/3554/3554 3551/3551/3551 3553/3553/3553
f 3555/3555/3555 3552/3552/3552 3554/3554/3554
f 3556/3556/3556 3553/3553/3553 3544/3544/3544
f 3544/3544/3544 3546/3546/3546 3556/3556/3556
f 3557/3557/3557 3556/3556/3556 3546/3546/3546
f 3558/3558/3558 3554/3554/3554 3553/3553/3553
f 3553/3553/3553 3556/3556/3556 3558/3558/3558
f 3559/3559/3559 3555/3555/3555 3554/3554/3554
f 3554/3554/3554 3558/3558/3558 3559/3559/3559
f 3555/3555/3555 3559/3559/3559 3560/3560/3560
f 3560/3560/3560 3559/3559/3559 3561/3561/3561
f 3556/3556/3556 3557/3557/3557 3562/3562/3562
f 3556/3556/3556 3562/3562/3562 3558/3558/3558
f 3557/3557/3557 3563/3563/3563 3562/3562/3562
f 3558/3558/3558 3564/3564/3564 3559/3559/3559
f 3564/3564/3564 3558/3558/3558 3562/3562/3562
f 3565/3565/3565 3561/3561/3561 3559/3559/3559
f 3565/3565/3565 3559/3559/3559 3564/3564/3564
f 3561/3561/3561 3565/3565/3565 3566/3566/3566
f 3567/3567/3567 3562/3562/3562 3563/3563/3563
f 3562/3562/3562 3567/3567/3567 3564/3564/3564
f 3563/3563/3563 3568/3568/3568 3567/3567/3567
f 3564/3564/3564 3569/3569/3569 3565/3565/3565
f 3569/3569/3569 3564/3564/3564 3567/3567/3567
f 3570/3570/3570 3566/3566/3566 3565/3565/3565
f 3570/3570/3570 3565/3565/3565 3569/3569/3569
f 3566/3566/3566 3570/3570/3570 3571/3571/3571
f 3572/3572/3572 3567/3567/3567 3568/3568/3568
f 3567/3567/3567 3572/3572/3572 3569/3569/3569
f 3573/3573/3573 3572/3572/3572 3568/3568/3568
f 3572/3572/3572 3573/3573/3573 3574/3574/3574
f 3575/3575/3575 3569/3569/3569 3572/3572/3572
f 3574/3574/3574 3575/3575/3575 3572/3572/3572
f 3569/3569/3569 3575/3575/3575 3570/3570/3570
f 3575/3575/3575 3574/3574/3574 3576/3576/3576
f 3577/3577/3577 3570/3570/3570 3575/3575/3575
f 3576/3576/3576 3577/3577/3577 3575/3575/3575
f 3577/3577/3577 3571/3571/3571 3570/3570/3570
f 3577/3577/3577 3576/3576/3576 3578/3578/3578
f 3571/3571/3571 3577/3577/3577 3579/3579/3579
f 3578/3578/3578 3579/3579/3579 3577/3577/3577
f 3582/3582/3582 3581/3581/3581 3580/3580/3580
f 3582/3582/3582 3580/3580/3580 3583/3583/3583
f 3584/3584/3584 3580/3580/3580 3581/3581/3581
f 3585/3585/3585 3583/3583/3583 3580/3580/3580
f 3583/3583/3583 3585/3585/3585 3586/3586/3586
f 3580/3580/3580 3584/3584/3584 3587/3587/3587
f 3580/3580/3580 3587/3587/3587 3585/3585/3585
f 3588/3588/3588 3587/3587/3587 3584/3584/3584
f 3589/3589/3589 3586/3586/3586 3585/3585/3585
f 3586/3586/3586 3589/3589/3589 3590/3590/3590
f 3591/3591/3591 3590/3590/3590 3589/3589/3589
f 3592/3592/3592 3585/3585/3585 3587/3587/3587
f 3585/3585/3585 3592/3592/3592 3589/3589/3589
f 3587/3587/3587 3588/3588/3588 3593/3593/3593
f 3587/3587/3587 3593/3593/3593 3592/3592/3592
f 3594/3594/3594 3593/3593/3593 3588/3588/3588
f 3589/3589/3589 3595/3595/3595 3591/3591/3591
f 3595/3595/3595 3589/3589/3589 3592/3592/3592
f 3596/3596/3596 3591/3591/3591 3595/3595/3595
f 3597/3597/3597 3592/3592/3592 3593/3593/3593
f 3592/3592/3592 3597/3597/3597 3595/3595/3595
f 3598/3598/3598 3596/3596/3596 3595/3595/3595
f 3598/3598/3598 3595/3595/3595 3597/3597/3597
f 3596/3596/3596 3598/3598/3598 3599/3599/3599
f 3593/3593/3593 3594/3594/3594 3600/3600/3600
f 3600/3600/3600 3597/3597/3597 3593/3593/3593
f 3601/3601/3601 3600/3600/3600 3594/3594/3594
f 3602/3602/3602 3600/3600/3600 3601/3601/3601
f 3603/3603/3603 3599/3599/3599 3598/3598/3598
f 3598/3598/3598 3597/3597/3597 3603/3603/3603
f 3599/3599/3599 3603/3603/3603 3604/3604/3604
f 3604/3604/3604 3603/3603/3603 3605/3605/3605
f 3597/3597/3597 3600/3600/3600 3606/3606/3606
f 3606/3606/3606 3603/3603/3603 3597/3597/3597
f 3600/3600/3600 3602/3602/3602 3607/3607/3607
f 3600/3600/3600 3607/3607/3607 3606/3606/3606
f 3602/3602/3602 3608/3608/3608 3607/3607/3607
f 3606/3606/3606 3609/3609/3609 3603/3603/3603
f 3609/3609/3609 3606/3606/3606 3607/3607/3607
f 3610/3610/3610 3605/3605/3605 3603/3603/3603
f 3610/3610/3610 3603/3603/3603 3609/3609/3609
f 3605/3605/3605 3610/3610/3610 3611/3611/3611
f 3612/3612/3612 3607/3607/3607 3608/3608/3608
f 3607/3607/3607 3612/3612/3612 3609/3609/3609
f 3608/3608/3608 3613/3613/3613 3612/3612/3612
f 3609/3609/3609 3614/3614/3614 3610/3610/3610
f 3614/3614/3614 3609/3609/3609 3612/3612/3612
f 3615/3615/3615 3611/3611/3611 3610/3610/3610
f 3615/3615/3615 3610/3610/3610 3614/3614/3614
f 3611/3611/3611 3615/3615/3615 3616/3616/3616
f 3617/3617/3617 3612/3612/3612 3613/3613/3613
f 3612/3612/3612 3617/3617/3617 3614/3614/3614
f 3618/3618/3618 3617/3617/3617 3613/3613/3613
f 3617/3617/3617 3618/3618/3618 3619/3619/3619
f 3620/3620/3620 3614/3614/3614 3617/3617/3617
f 3619/3619/3619 3620/3620/3620 3617/3617/3617
f 3614/3614/3614 3620/3620/3620 3615/3615/3615
f 3620/3620/3620 3619/3619/3619 3621/3621/3621
f 3622/3622/3622 3615/3615/3615 3620/3620/3620
f 3621/3621/3621 3622/3622/3622 3620/3620/3620
f 3622/3622/3622 3616/3616/3616 3615/3615/3615
f 3622/3622/3622 3621/3621/3621 3623/3623/3623
f 3616/3616/3616 3622/3622/3622 3624/3624/3624
f 3623/3623/3623 3624/3624/3624 3622/3622/3622
f 3627/3627/3627 3626/3626/3626 3625/3625/3625
f 3625/3625/3625 3628/3628/3628 3627/3627/3627
f 3626/3626/3626 3627/3627/3627 3629/3629/3629
f 3630/3630/3630 3627/3627/3627 3628/3628/3628
f 3628/3628/3628 3631/3631/3631 3630/3630/3630
f 3631/3631/3631 3632/3632/3632 3630/3630/3630
f 3633/3633/3633 3629/3629/3629 3627/3627/3627
f 3629/3629/3629 3633/3633/3633 3634/3634/3634
f 3635/3635/3635 3627/3627/3627 3630/3630/3630
f 3630/3630/3630 3632/3632/3632 3635/3635/3635
f 3627/3627/3627 3635/3635/3635 3633/3633/3633
f 3635/3635/3635 3632/3632/3632 3636/3636/3636
f 3636/3636/3636 3637/3637/3637 3635/3635/3635
f 3638/3638/3638 3633/3633/3633 3635/3635/3635
f 3638/3638/3638 3635/3635/3635 3637/3637/3637
f 3633/3633/3633 3639/3639/3639 3634/3634/3634
f 3639/3639/3639 3633/3633/3633 3638/3638/3638
f 3634/3634/3634 3639/3639/3639 3640/3640/3640
f 3638/3638/3638 3637/3637/3637 3641/3641/3641
f 3641/3641/3641 3639/3639/3639 3638/3638/3638
f 3641/3641/3641 3637/3637/3637 3642/3642/3642
f 3642/3642/3642 3643/3643/3643 3641/3641/3641
f 3639/3639/3639 3644/3644/3644 3640/3640/3640
f 3644/3644/3644 3639/3639/3639 3641/3641/3641
f 3645/3645/3645 3640/3640/3640 3644/3644/3644
f 3645/3645/3645 3644/3644/3644 3646/3646/3646
f 3647/3647/3647 3641/3641/3641 3643/3643/3643
f 3647/3647/3647 3644/3644/3644 3641/3641/3641
f 3643/3643/3643 3648/3648/3648 3647/3647/3647
f 3649/3649/3649 3646/3646/3646 3644/3644/3644
f 3644/3644/3644 3647/3647/3647 3649/3649/3649
f 3650/3650/3650 3646/3646/3646 3649/3649/3649
f 3649/3649/3649 3651/3651/3651 3650/3650/3650
f 3651/3651/3651 3649/3649/3649 3647/3647/3647
f 3650/3650/3650 3651/3651/3651 3652/3652/3652
f 3653/3653/3653 3647/3647/3647 3648/3648/3648
f 3647/3647/3647 3653/3653/3653 3651/3651/3651
f 3654/3654/3654 3652/3652/3652 3651/3651/3651
f 3651/3651/3651 3653/3653/3653 3654/3654/3654
f 3652/3652/3652 3654/3654/3654 3655/3655/3655
f 3654/3654/3654 3656/3656/3656 3655/3655/3655
f 3657/3657/3657 3653/3653/3653 3648/3648/3648
f 3657/3657/3657 3654/3654/3654 3653/3653/3653
f 3656/3656/3656 3654/3654/3654 3657/3657/3657
f 3657/3657/3657 3648/3648/3648 3658/3658/3658
f 3657/3657/3657 3659/3659/3659 3656/3656/3656
f 3658/3658/3658 3660/3660/3660 3657/3657/3657
f 3659/3659/3659 3657/3657/3657 3660/3660/3660
f 3663/3663/3663 3662/3662/3662 3661/3661/3661
f 3664/3664/3664 3661/3661/3661 3662/3662/3662
f 3667/3667/3667 3666/3666/3666 3665/3665/3665
f 3668/3668/3668 3665/3665/3665 3666/3666/3666
f 3671/3671/3671 3670/3670/3670 3669/3669/3669
f 3672/3672/3672 3669/3669/3669 3670/3670/3670
f 3675/3675/3675 3674/3674/3674 3673/3673/3673
f 3674/3674/3674 3675/3675/3675 3676/3676/3676
f 3679/3679/3679 3678/3678/3678 3677/3677/3677
f 3680/3680/3680 3678/3678/3678 3679/3679/3679
f 3683/3683/3683 3682/3682/3682 3681/3681/3681
f 3683/3683/3683 3684/3684/3684 3682/3682/3682
f 3687/3687/3687 3686/3686/3686 3685/3685/3685
f 3688/3688/3688 3685/3685/3685 3686/3686/3686
f 3691/3691/3691 3690/3690/3690 3689/3689/3689
f 3692/3692/3692 3689/3689/3689 3690/3690/3690
f 3695/3695/3695 3694/3694/3694 3693/3693/3693
f 3694/3694/3694 3695/3695/3695 3696/3696/3696
f 3696/3696/3696 3697/3697/3697 3694/3694/3694
f 3698/3698/3698 3694/3694/3694 3697/3697/3697
f 3701/3701/3701 3700/3700/3700 3699/3699/3699
f 3701/3701/3701 3702/3702/3702 3700/3700/3700
f 3702/3702/3702 3703/3703/3703 3700/3700/3700
f 3704/3704/3704 3700/3700/3700 3703/3703/3703
f 3705/3705/3705 3704/3704/3704 3703/3703/3703
f 3705/3705/3705 3703/3703/3703 3706/3706/3706
f 3706/3706/3706 3703/3703/3703 3707/3707/3707
f 3708/3708/3708 3707/3707/3707 3703/3703/3703
f 3711/3711/3711 3710/3710/3710 3709/3709/3709
f 3714/3714/3714 3713/3713/3713 3712/3712/3712
f 3715/3715/3715 3713/3713/3713 3714/3714/3714
f 3718/3718/3718 3717/3717/3717 3716/3716/3716
f 3719/3719/3719 3716/3716/3716 3717/3717/3717
f 3722/3722/3722 3721/3721/3721 3720/3720/3720
f 3723/3723/3723 3722/3722/3722 3720/3720/3720
f 3726/3726/3726 3725/3725/3725 3724/3724/3724
f 3725/3725/3725 3726/3726/3726 3727/3727/3727
f 3730/3730/3730 3729/3729/3729 3728/3728/3728
f 3731/3731/3731 3730/3730/3730 3728/3728/3728
f 3734/3734/3734 3733/3733/3733 3732/3732/3732
f 3735/3735/3735 3733/3733/3733 3734/3734/3734
f 3738/3738/3738 3737/3737/3737 3736/3736/3736
f 3738/3738/3738 3739/3739/3739 3737/3737/3737
f 3742/3742/3742 3741/3741/3741 3740/3740/3740
f 3743/3743/3743 3740/3740/3740 3741/3741/3741
f 3746/3746/3746 3745/3745/3745 3744/3744/3744
f 3747/3747/3747 3744/3744/3744 3745/3745/3745
f 3750/3750/3750 3749/3749/3749 3748/3748/3748
f 3751/3751/3751 3748/3748/3748 3749/3749/3749
f 3754/3754/3754 3753/3753/3753 3752/3752/3752
f 3755/3755/3755 3752/3752/3752 3753/3753/3753
f 3752/3752/3752 3755/3755/3755 3756/3756/3756
f 3756/3756/3756 3755/3755/3755 3757/3757/3757
f 3759/3759/3759 3757/3757/3757 3758/3758/3758
f 3757/3757/3757 3755/3755/3755 3758/3758/3758
f 3760/3760/3760 3758/3758/3758 3755/3755/3755
f 3761/3761/3761 3760/3760/3760 3755/3755/3755
f 3764/3764/3764 3763/3763/3763 3762/3762/3762
f 3763/3763/3763 3765/3765/3765 3762/3762/3762
f 3763/3763/3763 3766/3766/3766 3765/3765/3765
f 3766/3766/3766 3767/3767/3767 3765/3765/3765
f 3768/3768/3768 3767/3767/3767 3766/3766/3766
f 3767/3767/3767 3768/3768/3768 3769/3769/3769
f 3770/3770/3770 3767/3767/3767 3769/3769/3769
