mtllib SM_Cables_03_LOD3.mtl
g SM_Cables_03_LOD3
#Vertices 1191
#Indices 4095
#Section 0 Offset 0 NumIndices 4095 MaterialIndex 0 MI_Plastic_Dirty_11
v -2.527973 7.233807 -4.624409
v -2.538750 7.126267 -4.592328
v -2.562562 7.135817 -4.602853
v -2.641269 6.928248 -4.482518
v -2.656071 6.937928 -4.490947
v -2.816303 6.691655 -4.280119
v -2.894799 6.629269 -4.219069
v -3.048194 6.487036 -4.013027
v -3.095163 6.478495 -3.985007
v -3.247863 6.413445 -3.785576
v -3.244687 6.423584 -3.809235
v -3.434134 6.441440 -3.596952
v -3.363680 6.424589 -3.653475
v -3.505700 6.474717 -3.501182
v -3.693000 6.593935 -3.350796
v -3.697031 6.595747 -3.325486
v -3.919551 6.792970 -3.155105
v -3.905494 6.780377 -3.142352
v -4.153341 7.096565 -2.964507
v -4.075881 6.992012 -3.004046
v -4.188568 7.175249 -2.918539
v -4.246110 7.315022 -2.896438
v -4.242308 7.319345 -2.876008
v -4.257109 7.415422 -2.873043
v -3.059885 5.688151 -4.050632
v -2.966326 6.095637 -4.179777
v -2.945741 6.091454 -4.173528
v -3.072162 5.716424 -4.064476
v -3.204753 5.416348 -3.909144
v -3.221189 5.416628 -3.911070
v -3.333028 5.244101 -3.771867
v -3.353154 5.257132 -3.783675
v -3.485407 5.146746 -3.623314
v -3.502525 5.154301 -3.628298
v -3.652586 5.136864 -3.455997
v -3.671498 5.152637 -3.471931
v -3.778351 5.183454 -3.356216
v -3.801732 5.199314 -3.305016
v -3.960470 5.347249 -3.173603
v -3.962817 5.347601 -3.152316
v -4.081094 5.579175 -3.052894
v -4.071947 5.567822 -3.037633
v -4.153836 5.818182 -2.980849
v -4.150106 5.828083 -2.958071
v -4.192484 6.101176 -2.941864
v -4.187326 6.100086 -2.924174
v -2.993982 6.184381 -4.146987
v -3.115804 6.160588 -4.037619
v -3.090390 6.177425 -4.012993
v -2.984988 6.204500 -4.131008
v -2.855584 6.322213 -4.273488
v -2.858240 6.345376 -4.248106
v -2.740634 6.529547 -4.334526
v -2.738768 6.533599 -4.371079
v -2.629127 6.767909 -4.427087
v -2.627901 6.804742 -4.405497
v -2.534580 7.058492 -4.448127
v -2.520698 7.103894 -4.486446
v -2.429988 7.441013 -4.516704
v -2.449042 7.434409 -4.488549
v -2.418382 7.477139 -4.457543
v -2.394938 7.512664 -4.456590
v -2.311021 7.499727 -4.339878
v -2.362289 7.497918 -4.371858
v -2.300027 7.457115 -4.298880
v -2.200813 7.355850 -4.256439
v -2.231580 7.441148 -4.279199
v -4.402876 6.503961 0.634516
v -4.421236 6.572377 0.703515
v -4.401120 6.481583 0.677246
v -4.414752 6.590683 0.670068
v -4.391143 6.771772 0.680619
v -4.371579 6.759809 0.658227
v -4.370130 6.772367 0.692936
v -4.394704 7.044309 0.674322
v -4.393360 6.964940 0.698382
v -4.387309 7.236821 0.709988
v -4.364872 7.222950 0.686024
v -4.360782 7.240853 0.723980
v -4.373157 7.240674 0.656160
v -4.365920 7.278453 0.657324
v 0.810392 6.595344 2.817991
v 0.784028 6.497359 2.830881
v 0.810441 6.493548 2.796517
v 0.842208 6.571352 2.820031
v 0.822321 6.750448 2.765642
v 0.839235 6.773784 2.778481
v 0.809637 6.770262 2.784281
v 0.823543 6.960955 2.780219
v 0.812536 6.964397 2.800353
v 0.838148 7.208181 2.785068
v 0.849988 7.026491 2.797500
v 0.838101 7.229262 2.762178
v 0.862079 7.250860 2.765763
v 0.731642 7.265970 2.790352
v 0.733279 7.237931 2.778048
v 0.736605 7.229878 2.796645
v -4.242308 7.319345 -2.876008
v -4.282370 7.401333 -2.845219
v -4.257109 7.415422 -2.873043
v -4.188568 7.175249 -2.918539
v -4.200455 7.157068 -2.910997
v -4.075881 6.992012 -3.004046
v -4.300118 7.397472 -2.864515
v -4.065007 6.927308 -3.029804
v -3.905494 6.780377 -3.142352
v -4.189308 7.113390 -2.954824
v -4.246110 7.315022 -2.896438
v -4.257109 7.415422 -2.873043
v -4.153341 7.096565 -2.964507
v -3.955247 6.797669 -3.145053
v -3.919551 6.792970 -3.155105
v -3.724545 6.576029 -3.316976
v -3.697031 6.595747 -3.325486
v -3.715774 6.584653 -3.350771
v -3.693000 6.593935 -3.350796
v -3.505700 6.474717 -3.501182
v -3.466771 6.430705 -3.588673
v -3.434134 6.441440 -3.596952
v -3.400693 6.405026 -3.616824
v -3.363680 6.424589 -3.653475
v -3.247863 6.413445 -3.785576
v -3.262454 6.404915 -3.815485
v -3.244687 6.423584 -3.809235
v -3.095163 6.478495 -3.985007
v -3.207050 6.390268 -3.839149
v -3.048194 6.487036 -4.013027
v -3.101902 6.463295 -4.002340
v -2.894799 6.629269 -4.219069
v -2.930883 6.556982 -4.173070
v -2.816303 6.691655 -4.280119
v -2.872246 6.644788 -4.269596
v -2.656071 6.937928 -4.490947
v -2.644466 6.906687 -4.500674
v -2.641269 6.928248 -4.482518
v -2.538750 7.126267 -4.592328
v -2.657022 6.931834 -4.513241
v -2.562562 7.135817 -4.602853
v -2.510801 7.204613 -4.671966
v -2.527973 7.233807 -4.624409
v -2.527973 7.233807 -4.624409
v 6.866879 3.835635 -5.597731
v 7.050842 3.944049 -5.581773
v 7.044233 3.956498 -5.604006
v 6.769693 3.795582 -5.618058
v 7.035349 3.969867 -5.589306
v 6.395736 3.617243 -5.615846
v 6.734691 3.795432 -5.603442
v 6.334574 3.611748 -5.633876
v 5.811454 3.452962 -5.628793
v 6.297146 3.614173 -5.618336
v 5.827981 3.470155 -5.644794
v 5.427394 3.382953 -5.633862
v 5.731199 3.463845 -5.631270
v 5.157898 3.359202 -5.656236
v 5.037944 3.335360 -5.637506
v 5.263453 3.389138 -5.638736
v 4.543326 3.321422 -5.647270
v 4.736276 3.349353 -5.645886
v 4.275506 3.335438 -5.665103
v 4.193629 3.356355 -5.651451
v 4.097576 3.335843 -5.651587
v 3.648445 3.416674 -5.656735
v 3.647343 3.403103 -5.673133
v 3.644291 3.389989 -5.656325
v 3.207581 3.502331 -5.660542
v 3.012687 3.534057 -5.678698
v 3.203050 3.474471 -5.660100
v 2.776238 3.630139 -5.665479
v 2.767404 3.604612 -5.665117
v 2.380769 3.786323 -5.669231
v 2.363235 3.778486 -5.686017
v 1.970398 4.008412 -5.677148
v 2.358140 3.765100 -5.669734
v 1.967188 3.988797 -5.690753
v 1.971259 3.977379 -5.676584
v 1.965570 3.988119 -5.661676
v 2.358140 3.765100 -5.669734
v 1.971259 3.977379 -5.676584
v 2.329411 3.796958 -5.653572
v 1.970398 4.008412 -5.677148
v 2.767404 3.604612 -5.665117
v 2.380769 3.786323 -5.669231
v 2.836606 3.593265 -5.650908
v 2.776238 3.630139 -5.665479
v 3.203050 3.474471 -5.660100
v 3.207581 3.502331 -5.660542
v 3.517928 3.421452 -5.641206
v 3.644291 3.389989 -5.656325
v 3.648445 3.416674 -5.656735
v 4.097576 3.335843 -5.651587
v 4.100531 3.349130 -5.636286
v 4.193629 3.356355 -5.651451
v 4.543326 3.321422 -5.647270
v 4.649524 3.337215 -5.631702
v 4.736276 3.349353 -5.645886
v 5.037944 3.335360 -5.637506
v 5.263453 3.389138 -5.638736
v 5.274255 3.383844 -5.627745
v 5.427394 3.382953 -5.633862
v 5.731199 3.463845 -5.631270
v 5.818464 3.469795 -5.613079
v 5.811454 3.452962 -5.628793
v 6.297146 3.614173 -5.618336
v 6.390331 3.630357 -5.599629
v 6.395736 3.617243 -5.615846
v 6.734691 3.795432 -5.603442
v 6.862311 3.848907 -5.581725
v 6.866879 3.835635 -5.597731
v 7.035349 3.969867 -5.589306
v 7.050842 3.944049 -5.581773
v -0.269789 3.780210 -5.598017
v -0.621657 3.967386 -5.595181
v -0.613288 3.981222 -5.574154
v -0.114476 3.723856 -5.587028
v -0.606492 3.994212 -5.590247
v 0.042717 3.658939 -5.607732
v -0.105192 3.734825 -5.603819
v 0.450033 3.553953 -5.622259
v 0.450729 3.568201 -5.606230
v 0.368159 3.598788 -5.619949
v 0.883390 3.538300 -5.638199
v 0.609833 3.569679 -5.628783
v 0.863848 3.554635 -5.622973
v 0.939624 3.571807 -5.641486
v 1.256263 3.617341 -5.636608
v 1.277009 3.616803 -5.654439
v 1.278052 3.644623 -5.655623
v 1.618050 3.756144 -5.668382
v 1.555650 3.754774 -5.667768
v 1.648909 3.790402 -5.654182
v 1.971259 3.977379 -5.676584
v 1.970398 4.008412 -5.677148
v 1.965570 3.988119 -5.661676
v -5.247395 3.989365 4.103114
v -5.257466 3.836380 3.848049
v -5.261310 3.979438 4.100894
v -5.238868 3.779098 3.706184
v -5.262404 4.012272 4.106390
v -5.249011 3.528809 3.098574
v -5.255532 3.780009 3.676684
v -5.233353 3.538328 3.068242
v -5.251520 3.629742 3.289466
v -5.242988 3.375739 2.358510
v -5.247565 3.502019 2.861226
v -5.226398 3.390190 2.346597
v -5.243783 3.411388 2.394089
v -5.236182 3.309723 1.562282
v -5.240154 3.361618 1.939191
v -5.222546 3.327456 1.553591
v -5.235661 3.344507 1.416687
v -5.229588 3.379122 0.849869
v -5.212630 3.368188 0.829964
v -5.228721 3.354684 0.821062
v -5.222443 3.460023 0.301742
v -5.205163 3.449169 0.285404
v -5.221478 3.435652 0.284200
v -5.209223 3.621612 -0.295095
v -5.196643 3.570283 -0.172899
v -5.211582 3.557677 -0.175127
v -5.180522 3.754185 -0.666177
v -5.195599 3.793259 -0.708851
v -5.198936 3.735847 -0.658404
v -5.181597 3.967638 -1.010309
v -5.174056 3.941807 -1.025779
v -5.257466 3.836380 3.848049
v -5.275764 3.988694 4.104729
v -5.261310 3.979438 4.100894
v -5.272610 3.776427 3.701383
v -5.262404 4.012272 4.106390
v -5.249011 3.528809 3.098574
v -5.255532 3.780009 3.676684
v -5.264809 3.537933 3.068356
v -5.251520 3.629742 3.289466
v -5.242988 3.375739 2.358510
v -5.247565 3.502019 2.861226
v -5.260017 3.389894 2.348233
v -5.243783 3.411388 2.394089
v -5.236182 3.309723 1.562282
v -5.240154 3.361618 1.939191
v -5.250976 3.326516 1.539041
v -5.235661 3.344507 1.416687
v -5.229588 3.379122 0.849869
v -5.244167 3.373189 0.775337
v -5.228721 3.354684 0.821062
v -5.222443 3.460023 0.301742
v -5.237390 3.454258 0.253904
v -5.221478 3.435652 0.284200
v -5.209223 3.621612 -0.295095
v -5.224856 3.612360 -0.314689
v -5.211582 3.557677 -0.175127
v -5.195599 3.793259 -0.708851
v -5.198936 3.735847 -0.658404
v -5.210247 3.793442 -0.744143
v -5.181597 3.967638 -1.010309
v -5.196298 3.954259 -1.019176
v -5.174056 3.941807 -1.025779
v -5.270236 3.643326 4.488204
v -5.247395 3.989365 4.103114
v -5.261310 3.979438 4.100894
v -5.255285 3.653802 4.499932
v -5.262404 4.012272 4.106390
v -5.273632 3.488348 4.734298
v -5.272217 3.647329 4.527735
v -5.258005 3.503044 4.737990
v -5.275090 3.371878 5.058715
v -5.274730 3.510055 4.752138
v -5.260040 3.389314 5.055121
v -5.276136 3.422153 4.983644
v -5.273638 3.378785 5.384376
v -5.275885 3.397362 5.166115
v -5.260102 3.405163 5.459357
v -5.283272 3.409572 5.383341
v -5.271863 3.472983 5.606259
v -5.270900 3.447799 5.616111
v -5.268343 3.576273 5.822539
v -5.251411 3.580574 5.852422
v -5.266362 3.569147 5.863758
v -5.260974 3.798659 6.118939
v -5.244133 3.786834 6.124716
v -5.259851 3.778253 6.136628
v -5.255466 3.977310 6.306355
v -5.247365 3.955560 6.327065
v -5.270236 3.643326 4.488204
v -5.261310 3.979438 4.100894
v -5.275764 3.988694 4.104729
v -5.287285 3.656818 4.491545
v -5.262404 4.012272 4.106390
v -5.273632 3.488348 4.734298
v -5.272217 3.647329 4.527735
v -5.290262 3.500873 4.738764
v -5.275090 3.371878 5.058715
v -5.274730 3.510055 4.752138
v -5.292044 3.388657 5.050894
v -5.276136 3.422153 4.983644
v -5.275885 3.397362 5.166115
v -5.273638 3.378785 5.384376
v -5.283272 3.409572 5.383341
v -5.287367 3.456800 5.602414
v -5.271863 3.472983 5.606259
v -5.270900 3.447799 5.616111
v -5.268343 3.576273 5.822539
v -5.281185 3.638123 5.948124
v -5.266362 3.569147 5.863758
v -5.260974 3.798659 6.118939
v -5.255466 3.977310 6.306355
v -5.259851 3.778253 6.136628
v -5.269971 3.965776 6.317770
v -5.247365 3.955560 6.327065
v -4.300830 7.068612 -2.404860
v -4.267944 7.382965 -2.872085
v -4.289001 7.370758 -2.881382
v -4.286184 7.072061 -2.377882
v -4.283517 7.396079 -2.864191
v -4.302462 6.827587 -1.916579
v -4.304836 7.064895 -2.342908
v -4.286955 6.870193 -1.971068
v -4.302778 6.839776 -1.868813
v -4.275218 6.691353 -1.400605
v -4.290897 6.677159 -1.351533
v -4.291934 6.707081 -1.383782
v -4.276631 6.671870 -0.845141
v -4.262901 6.686148 -0.882155
v -4.280251 6.695114 -0.933723
v -4.270324 6.766927 -0.494882
v -4.251490 6.791449 -0.378277
v -4.267817 6.776036 -0.377109
v -4.264258 6.980783 0.079578
v -4.247539 6.982678 0.117319
v -4.264201 6.932961 0.029446
v -4.269764 7.295009 0.643492
v -4.267886 7.256001 0.641828
v -4.253472 7.274623 0.642943
v -4.361721 7.198698 2.555472
v -4.359575 7.445991 2.722348
v -4.383326 7.437640 2.733457
v -4.375646 7.075194 2.480579
v -4.368194 7.429049 2.746534
v -4.358338 7.070821 2.492445
v -4.350904 6.896045 2.290037
v -4.348356 6.831073 2.249473
v -4.364000 6.836211 2.233838
v -4.337648 6.669540 2.011859
v -4.353954 6.684312 2.006938
v -4.337058 6.680758 1.969539
v -4.325117 6.589427 1.739126
v -4.336603 6.596101 1.664321
v -4.319650 6.607970 1.608940
v -4.303092 6.658569 1.309837
v -4.303571 6.700607 1.295723
v -4.317984 6.689860 1.293076
v -4.286600 6.927413 0.985319
v -4.301782 6.921705 0.971830
v -4.285127 6.904887 0.971730
v -4.284316 7.272458 0.641369
v -4.269764 7.295009 0.643492
v -4.267886 7.256001 0.641828
v -2.015277 3.824801 -5.839235
v -1.917328 4.003119 -5.851554
v -1.921557 4.019335 -5.831429
v -2.049423 3.742338 -5.863992
v -1.911628 3.981976 -5.838072
v -2.164164 3.635686 -5.851639
v -2.038362 3.727214 -5.847965
v -2.251091 3.565927 -5.880938
v -2.377078 3.532405 -5.869231
v -2.251732 3.544480 -5.866732
v -2.529962 3.515264 -5.902668
v -2.603217 3.542946 -5.888587
v -2.435521 3.500708 -5.882715
v -2.827032 3.644922 -5.906316
v -2.609552 3.514351 -5.897704
v -2.823322 3.632411 -5.927571
v -2.834035 3.614739 -5.915209
v -2.996269 3.784816 -5.920447
v -3.014190 3.759905 -5.936244
v -3.126750 3.954285 -5.953143
v -3.118808 3.957087 -5.930362
v -3.147661 3.941702 -5.940576
v -2.015277 3.824801 -5.839235
v -1.921557 4.019335 -5.831429
v -1.920089 3.994666 -5.818111
v -1.996641 3.820538 -5.824524
v -1.911628 3.981976 -5.838072
v -2.164164 3.635686 -5.851639
v -2.038362 3.727214 -5.847965
v -2.159892 3.612863 -5.837400
v -2.377078 3.532405 -5.869231
v -2.251732 3.544480 -5.866732
v -2.389063 3.512783 -5.858469
v -2.603217 3.542946 -5.888587
v -2.435521 3.500708 -5.882715
v -2.673324 3.537176 -5.881122
v -2.609552 3.514351 -5.897704
v -2.827032 3.644922 -5.906316
v -2.834035 3.614739 -5.915209
v -3.018376 3.772718 -5.907584
v -2.996269 3.784816 -5.920447
v -3.014190 3.759905 -5.936244
v -3.118808 3.957087 -5.930362
v -3.147661 3.941702 -5.940576
v -0.793189 3.528553 -5.790772
v -1.917328 4.003119 -5.851554
v -1.911628 3.981976 -5.838072
v -0.778781 3.545810 -5.802728
v -1.921557 4.019335 -5.831429
v -0.279543 3.384589 -5.765676
v -0.788960 3.557425 -5.782238
v -0.266967 3.402045 -5.778605
v -0.362320 3.435570 -5.761969
v 0.129247 3.333213 -5.745557
v 0.032344 3.368449 -5.742818
v 0.124743 3.354536 -5.758275
v 0.452456 3.370854 -5.722182
v 0.464445 3.361394 -5.744231
v 0.499893 3.347788 -5.727391
v 0.803991 3.432374 -5.705729
v 0.807850 3.403475 -5.713037
v 0.802910 3.421491 -5.726272
v 1.153131 3.544048 -5.689301
v 1.152902 3.512501 -5.696978
v 1.150167 3.532599 -5.711172
v 1.555823 3.742764 -5.671015
v 1.570389 3.717332 -5.677598
v 1.565373 3.736148 -5.691217
v 1.918481 3.974510 -5.653293
v 1.939508 3.942575 -5.660004
v 1.926047 3.963422 -5.674047
v 2.932013 7.215457 2.793050
v 3.112908 7.454437 2.785141
v 3.100108 7.462715 2.808152
v 2.840325 7.071027 2.772360
v 3.124759 7.445781 2.801216
v 2.859977 7.077008 2.790880
v 2.762737 7.019186 2.785946
v 2.512499 6.767388 2.775189
v 2.504371 6.779590 2.758620
v 2.445580 6.759957 2.771270
v 2.195387 6.627151 2.759180
v 2.184121 6.638909 2.742670
v 2.137578 6.642211 2.755525
v 1.864137 6.597558 2.740968
v 1.896716 6.630447 2.732543
v 1.548990 6.698597 2.707313
v 1.673777 6.674701 2.729538
v 1.490193 6.744882 2.718659
v 1.466885 6.726153 2.718082
v 1.171633 6.942381 2.698808
v 1.163260 6.932704 2.682609
v 1.170511 6.910128 2.699177
v 0.787067 7.271916 2.661922
v 0.786554 7.293504 2.677272
v 0.786444 7.256149 2.677767
v -2.093606 7.168169 2.536772
v -2.274566 7.478379 2.521699
v -2.287961 7.468458 2.495992
v -2.091780 7.140761 2.520938
v -2.303133 7.461020 2.513290
v -2.111139 7.143321 2.539964
v -1.842316 6.894570 2.568099
v -1.862692 6.872512 2.569614
v -1.849606 6.877272 2.552769
v -1.588572 6.659731 2.600624
v -1.583334 6.675311 2.580234
v -1.554633 6.675439 2.600082
v -1.306452 6.532682 2.629640
v -1.304218 6.546613 2.610099
v -1.294384 6.560637 2.627098
v -0.968540 6.457105 2.663486
v -0.958550 6.470466 2.643593
v -0.959597 6.488530 2.659275
v -0.589791 6.478028 2.696458
v -0.634800 6.501764 2.688558
v -0.573508 6.496040 2.679323
v -0.297690 6.587752 2.717076
v -0.140290 6.624796 2.714062
v -0.046597 6.697231 2.737031
v -0.146860 6.604965 2.734068
v 0.285107 6.891202 2.761940
v 0.342470 6.912633 2.749389
v 0.731642 7.265970 2.790352
v 0.349671 6.902083 2.770644
v 0.733279 7.237931 2.778048
v 0.736605 7.229878 2.796645
v 0.349671 6.902083 2.770644
v 0.730803 7.245229 2.811697
v 0.736605 7.229878 2.796645
v 0.327082 6.907034 2.785334
v 0.731642 7.265970 2.790352
v -0.146860 6.604965 2.734068
v 0.285107 6.891202 2.761940
v -0.160221 6.621883 2.747899
v -0.046597 6.697231 2.737031
v -0.589791 6.478028 2.696458
v -0.297690 6.587752 2.717076
v -0.599887 6.495630 2.711021
v -0.968540 6.457105 2.663486
v -0.634800 6.501764 2.688558
v -0.969685 6.477434 2.676248
v -0.959597 6.488530 2.659275
v -1.294384 6.560637 2.627098
v -1.306049 6.550618 2.645500
v -1.306452 6.532682 2.629640
v -1.554633 6.675439 2.600082
v -1.583360 6.678063 2.616965
v -1.588572 6.659731 2.600624
v -1.842316 6.894570 2.568099
v -1.853101 6.884627 2.587346
v -1.862692 6.872512 2.569614
v -2.093606 7.168169 2.536772
v -2.111139 7.143321 2.539964
v -2.102659 7.158866 2.556707
v -2.274566 7.478379 2.521699
v -2.303133 7.461020 2.513290
v 0.784028 6.497359 2.830881
v 0.842208 6.571352 2.820031
v 0.810441 6.493548 2.796517
v 0.835465 6.596815 2.837444
v 0.810392 6.595344 2.817991
v 0.839235 6.773784 2.778481
v 0.820866 6.818323 2.806248
v 0.809637 6.770262 2.784281
v 0.849988 7.026491 2.797500
v 0.812536 6.964397 2.800353
v 0.856773 7.248710 2.790324
v 0.862079 7.250860 2.765763
v 0.838148 7.208181 2.785068
v 0.731642 7.265970 2.790352
v 0.838101 7.229262 2.762178
v 0.730803 7.245229 2.811697
v 0.736605 7.229878 2.796645
v 0.144840 7.099049 -4.776363
v 0.301025 7.283379 -4.771913
v 0.299455 7.260412 -4.758356
v 0.090610 7.018442 -4.762764
v 0.306356 7.245811 -4.774118
v -0.095910 6.873976 -4.779512
v 0.035234 6.946510 -4.780133
v -0.236906 6.753945 -4.765833
v -0.292976 6.710468 -4.783278
v -0.306492 6.733819 -4.781501
v -0.537796 6.590983 -4.782708
v -0.533144 6.607674 -4.765716
v -0.588853 6.602222 -4.780480
v -0.909084 6.499450 -4.777803
v -0.899723 6.517825 -4.762809
v -0.867553 6.539550 -4.776526
v -1.156298 6.532450 -4.769629
v -1.237445 6.527631 -4.751260
v -1.357859 6.526778 -4.764728
v -1.406378 6.571257 -4.761415
v -1.545297 6.594809 -4.740978
v -1.848002 6.712235 -4.742809
v -1.776167 6.705462 -4.745642
v -1.891840 6.756622 -4.723579
v -2.171304 6.964854 -4.720921
v -2.220645 6.987185 -4.702044
v -2.217048 6.968698 -4.720342
v -2.446148 7.242915 -4.697231
v -2.471107 7.219798 -4.696505
v 0.735585 6.918304 -4.772530
v 0.303962 7.255255 -4.787493
v 0.306356 7.245811 -4.774118
v 0.747476 6.930066 -4.787236
v 0.301025 7.283379 -4.771913
v 1.057867 6.740472 -4.772854
v 0.793102 6.913498 -4.769252
v 1.134534 6.721859 -4.786386
v 1.077165 6.761863 -4.770209
v 1.346777 6.641603 -4.774240
v 1.363925 6.666455 -4.771079
v 1.526679 6.631304 -4.787992
v 1.596277 6.614553 -4.775342
v 1.670672 6.640095 -4.773587
v 1.837187 6.648887 -4.791613
v 1.867644 6.640048 -4.777308
v 2.002805 6.712405 -4.776426
v 2.192839 6.791461 -4.797221
v 2.194450 6.775149 -4.781900
v 2.277714 6.871060 -4.780364
v 2.553564 7.079109 -4.787938
v 2.451993 7.020783 -4.783146
v 2.559833 7.111727 -4.802652
v 2.819760 7.445751 -4.792707
v 2.625634 7.215920 -4.786351
v 2.805722 7.455396 -4.806260
v 2.795710 7.462923 -4.782987
v 0.299455 7.260412 -4.758356
v 0.735585 6.918304 -4.772530
v 0.306356 7.245811 -4.774118
v 0.742123 6.929079 -4.754742
v 0.301025 7.283379 -4.771913
v 1.057867 6.740472 -4.772854
v 0.793102 6.913498 -4.769252
v 1.057944 6.754121 -4.755625
v 1.346777 6.641603 -4.774240
v 1.077165 6.761863 -4.770209
v 1.350610 6.653540 -4.756575
v 1.596277 6.614553 -4.775342
v 1.363925 6.666455 -4.771079
v 1.723433 6.627921 -4.759782
v 1.670672 6.640095 -4.773587
v 1.867644 6.640048 -4.777308
v 2.002805 6.712405 -4.776426
v 2.194579 6.792173 -4.764001
v 2.194450 6.775149 -4.781900
v 2.277714 6.871060 -4.780364
v 2.557466 7.099536 -4.768321
v 2.553564 7.079109 -4.787938
v 2.451993 7.020783 -4.783146
v 2.819760 7.445751 -4.792707
v 2.625634 7.215920 -4.786351
v 2.795710 7.462923 -4.782987
v 6.542484 4.211752 3.214914
v 6.519390 4.388190 3.532008
v 6.541683 4.400857 3.525657
v 6.558655 4.221836 3.205941
v 6.526989 4.414364 3.516962
v 6.575906 4.002023 2.663985
v 6.545882 4.213707 3.151886
v 6.602760 3.957068 2.490379
v 6.608401 3.857264 2.151361
v 6.581283 3.999520 2.566590
v 6.647034 3.723915 1.567658
v 6.608805 3.883434 2.144712
v 6.662647 3.741004 1.581713
v 6.701356 3.593210 0.767771
v 6.652184 3.736804 1.489115
v 6.716063 3.610387 0.788171
v 6.745367 3.529736 0.130966
v 6.702643 3.618741 0.747949
v 6.761452 3.542321 0.129844
v 6.745464 3.556657 0.128849
v 6.702643 3.618741 0.747949
v 6.729513 3.542296 0.127646
v 6.745464 3.556657 0.128849
v 6.683819 3.610464 0.787138
v 6.745367 3.529736 0.130966
v 6.652184 3.736804 1.489115
v 6.701356 3.593210 0.767771
v 6.614799 3.782743 1.799124
v 6.608805 3.883434 2.144712
v 6.647034 3.723915 1.567658
v 6.581283 3.999520 2.566590
v 6.608401 3.857264 2.151361
v 6.558365 4.019094 2.673743
v 6.545882 4.213707 3.151886
v 6.575906 4.002023 2.663985
v 6.526788 4.224924 3.210301
v 6.526989 4.414364 3.516962
v 6.542484 4.211752 3.214914
v 6.519390 4.388190 3.532008
v 6.961875 3.845877 -2.944786
v 6.979749 3.983763 -3.208314
v 6.965777 3.991822 -3.211554
v 6.946094 3.859051 -2.941374
v 6.979955 4.015307 -3.210941
v 6.927737 3.673232 -2.461119
v 6.961053 3.870605 -2.933855
v 6.911657 3.689295 -2.464765
v 6.877297 3.543729 -1.748128
v 6.920301 3.676759 -2.356510
v 6.862387 3.560415 -1.767376
v 6.834397 3.500525 -1.140537
v 6.874517 3.567040 -1.709742
v 6.817811 3.513872 -1.139906
v 6.791468 3.492924 -0.525782
v 6.834270 3.527510 -1.139442
v 6.729513 3.542296 0.127646
v 6.745367 3.529736 0.130966
v 6.776124 3.508065 -0.528398
v 6.790737 3.520923 -0.520547
v 6.745464 3.556657 0.128849
v 6.961875 3.845877 -2.944786
v 6.994318 3.993436 -3.209225
v 6.979749 3.983763 -3.208314
v 6.977595 3.860500 -2.942985
v 6.979955 4.015307 -3.210941
v 6.927737 3.673232 -2.461119
v 6.961053 3.870605 -2.933855
v 6.944149 3.689564 -2.463299
v 6.877297 3.543729 -1.748128
v 6.920301 3.676759 -2.356510
v 6.894646 3.560391 -1.764482
v 6.834397 3.500525 -1.140537
v 6.874517 3.567040 -1.709742
v 6.850570 3.513869 -1.136611
v 6.791468 3.492924 -0.525782
v 6.834270 3.527510 -1.139442
v 6.745367 3.529736 0.130966
v 6.761452 3.542321 0.129844
v 6.806661 3.508197 -0.528387
v 6.790737 3.520923 -0.520547
v 6.745464 3.556657 0.128849
v 6.980243 3.776541 -3.494256
v 6.965777 3.991822 -3.211554
v 6.979749 3.983763 -3.208314
v 6.967320 3.676224 -3.674550
v 6.979955 4.015307 -3.210941
v 6.980899 3.732796 -3.612411
v 6.986839 3.596325 -3.842852
v 6.986215 3.632676 -3.833348
v 6.978132 3.541750 -4.135381
v 6.993759 3.553164 -4.164373
v 6.995109 3.525369 -4.192209
v 7.001326 3.553835 -4.456399
v 6.988871 3.551269 -4.587419
v 7.002621 3.528740 -4.486811
v 7.013133 3.640689 -4.893592
v 7.009858 3.581436 -4.763127
v 7.003655 3.720233 -5.144863
v 7.025393 3.843160 -5.359804
v 7.031561 3.971283 -5.588880
v 7.019764 3.703809 -5.139477
v 7.016844 3.957455 -5.597007
v 7.039205 3.944975 -5.603562
v 6.980243 3.776541 -3.494256
v 6.979749 3.983763 -3.208314
v 6.994318 3.993436 -3.209225
v 6.997043 3.675167 -3.678363
v 6.979955 4.015307 -3.210941
v 6.980899 3.732796 -3.612411
v 6.986839 3.596325 -3.842852
v 6.986215 3.632676 -3.833348
v 7.008725 3.542208 -4.135825
v 6.993759 3.553164 -4.164373
v 6.995109 3.525369 -4.192209
v 7.001326 3.553835 -4.456399
v 7.018472 3.543381 -4.485498
v 7.002621 3.528740 -4.486811
v 7.013133 3.640689 -4.893592
v 7.029711 3.636021 -4.922221
v 7.009858 3.581436 -4.763127
v 7.025393 3.843160 -5.359804
v 7.019764 3.703809 -5.139477
v 7.042119 3.830084 -5.363099
v 7.031561 3.971283 -5.588880
v 7.039205 3.944975 -5.603562
v -4.253472 7.274623 0.642943
v -4.267886 7.256001 0.641828
v -4.285127 6.904887 0.971730
v -4.270369 6.914341 0.981605
v -4.303092 6.658569 1.309837
v -4.286600 6.927413 0.985319
v -4.269764 7.295009 0.643492
v -4.287668 6.689928 1.297698
v -4.303571 6.700607 1.295723
v -4.307494 6.597005 1.666382
v -4.319650 6.607970 1.608940
v -4.325117 6.589427 1.739126
v -4.337058 6.680758 1.969539
v -4.322258 6.684249 2.005862
v -4.337648 6.669540 2.011859
v -4.350904 6.896045 2.290037
v -4.332290 6.837137 2.234731
v -4.348356 6.831073 2.249473
v -4.341130 7.075724 2.481245
v -4.361721 7.198698 2.555472
v -4.358338 7.070821 2.492445
v -4.359575 7.445991 2.722348
v -4.368194 7.429049 2.746534
v -4.128926 6.907762 -1.741889
v -4.103698 7.269150 -1.991059
v -4.090036 7.257986 -2.008645
v -4.110222 6.905030 -1.760749
v -4.105718 7.247427 -2.023276
v -4.129772 6.897331 -1.770915
v -4.148901 6.668800 -1.503259
v -4.129664 6.685311 -1.499352
v -4.148130 6.685499 -1.470651
v -4.174148 6.521301 -1.185016
v -4.152489 6.539298 -1.190270
v -4.170522 6.551773 -1.172716
v -4.201214 6.486406 -0.863176
v -4.181418 6.500807 -0.879215
v -4.195392 6.516377 -0.890535
v -4.219910 6.538606 -0.643880
v -4.218937 6.548775 -0.498811
v -4.246917 6.604806 -0.399599
v -4.238220 6.529506 -0.511946
v -4.280545 6.728172 -0.127118
v -4.266220 6.717346 -0.110923
v -4.286561 6.707243 -0.103254
v -4.323274 6.924861 0.185836
v -4.308815 6.916974 0.204363
v -4.329099 6.902904 0.206335
v -4.383838 7.256669 0.575705
v -4.368863 7.237858 0.584558
v -4.388144 7.229822 0.589828
v -4.365920 7.278453 0.657324
v -4.373157 7.240674 0.656160
v -4.350846 7.252077 0.651418
v -4.364872 7.222950 0.686024
v -4.350846 7.252077 0.651418
v -4.373157 7.240674 0.656160
v -4.360782 7.240853 0.723980
v -4.365920 7.278453 0.657324
v -4.372592 6.950061 0.676012
v -4.394704 7.044309 0.674322
v -4.393360 6.964940 0.698382
v -4.371579 6.759809 0.658227
v -4.370130 6.772367 0.692936
v -4.392634 6.599543 0.680757
v -4.421236 6.572377 0.703515
v -4.414752 6.590683 0.670068
v -4.401120 6.481583 0.677246
v -4.402876 6.503961 0.634516
v -1.920089 3.994666 -5.818111
v -0.793189 3.528553 -5.790772
v -1.911628 3.981976 -5.838072
v -0.800233 3.543475 -5.768970
v -0.279543 3.384589 -5.765676
v -1.921557 4.019335 -5.831429
v -0.788960 3.557425 -5.782238
v -0.268772 3.392959 -5.743804
v -0.362320 3.435570 -5.761969
v 0.129247 3.333213 -5.745557
v 0.032344 3.368449 -5.742818
v 0.306961 3.338492 -5.716311
v 0.499893 3.347788 -5.727391
v 0.452456 3.370854 -5.722182
v 0.796284 3.411191 -5.692664
v 0.807850 3.403475 -5.713037
v 0.803991 3.432374 -5.705729
v 1.142891 3.520013 -5.676338
v 1.152902 3.512501 -5.696978
v 1.153131 3.544048 -5.689301
v 1.562238 3.725004 -5.656710
v 1.570389 3.717332 -5.677598
v 1.555823 3.742764 -5.671015
v 1.939508 3.942575 -5.660004
v 1.918481 3.974510 -5.653293
v -2.539789 7.295096 2.548312
v -2.034790 6.974198 2.576861
v -2.549702 7.276403 2.564644
v -2.041159 6.946271 2.577188
v -2.556738 7.269465 2.542783
v -1.894719 6.884367 2.600040
v -1.575936 6.756601 2.601838
v -1.582954 6.730838 2.602017
v -1.335905 6.673552 2.630029
v -1.205212 6.666858 2.620221
v -1.133257 6.624120 2.623401
v -0.908914 6.635851 2.648881
v -0.891442 6.649058 2.633290
v -0.634793 6.644180 2.643721
v -0.582734 6.686347 2.644785
v -0.577721 6.672309 2.660029
v -0.249500 6.774714 2.655315
v -0.207791 6.776058 2.672668
v -0.203693 6.762353 2.656368
v 0.248987 6.985070 2.666306
v 0.272999 6.982745 2.685063
v 0.187438 6.928912 2.666197
v 0.786554 7.293504 2.677272
v 0.786444 7.256149 2.677767
v 0.786001 7.271652 2.692642
v 0.786554 7.293504 2.677272
v 0.248987 6.985070 2.666306
v 0.787067 7.271916 2.661922
v 0.240392 6.961318 2.652168
v 0.786444 7.256149 2.677767
v 0.187438 6.928912 2.666197
v -0.203693 6.762353 2.656368
v -0.207209 6.776650 2.639951
v -0.249500 6.774714 2.655315
v -0.634793 6.644180 2.643721
v -0.661523 6.653485 2.626641
v -0.582734 6.686347 2.644785
v -1.133257 6.624120 2.623401
v -0.891442 6.649058 2.633290
v -1.136141 6.643629 2.608357
v -1.205212 6.666858 2.620221
v -1.575936 6.756601 2.601838
v -1.572288 6.741887 2.586433
v -1.582954 6.730838 2.602017
v -2.034790 6.974198 2.576861
v -2.063138 6.975952 2.558846
v -2.041159 6.946271 2.577188
v -2.539789 7.295096 2.548312
v -2.556738 7.269465 2.542783
v 0.786001 7.271652 2.692642
v 1.170511 6.910128 2.699177
v 0.786444 7.256149 2.677767
v 1.170616 6.929557 2.715840
v 1.466885 6.726153 2.718082
v 0.786554 7.293504 2.677272
v 1.171633 6.942381 2.698808
v 1.546865 6.699599 2.737545
v 1.490193 6.744882 2.718659
v 1.864137 6.597558 2.740968
v 1.673777 6.674701 2.729538
v 1.894600 6.617607 2.757057
v 1.896716 6.630447 2.732543
v 2.137578 6.642211 2.755525
v 2.182114 6.639429 2.773775
v 2.195387 6.627151 2.759180
v 2.445580 6.759957 2.771270
v 2.502141 6.779897 2.790154
v 2.512499 6.767388 2.775189
v 2.762737 7.019186 2.785946
v 2.838220 7.071540 2.807018
v 2.859977 7.077008 2.790880
v 2.932013 7.215457 2.793050
v 3.124759 7.445781 2.801216
v 3.100108 7.462715 2.808152
v -2.458652 7.222740 -4.715372
v -2.471107 7.219798 -4.696505
v -2.217048 6.968698 -4.720342
v -2.446148 7.242915 -4.697231
v -2.171304 6.964854 -4.720921
v -1.977015 6.807431 -4.750733
v -1.848002 6.712235 -4.742809
v -1.776167 6.705462 -4.745642
v -1.680166 6.651953 -4.766503
v -1.357859 6.526778 -4.764728
v -1.368140 6.545898 -4.779714
v -1.406378 6.571257 -4.761415
v -0.909084 6.499450 -4.777803
v -1.156298 6.532450 -4.769629
v -0.915382 6.517365 -4.790807
v -0.867553 6.539550 -4.776526
v -0.588853 6.602222 -4.780480
v -0.455211 6.635998 -4.797985
v -0.537796 6.590983 -4.782708
v -0.306492 6.733819 -4.781501
v -0.292976 6.710468 -4.783278
v -0.095910 6.873976 -4.779512
v -0.067250 6.881787 -4.798526
v 0.035234 6.946510 -4.780133
v 0.144840 7.099049 -4.776363
v 0.303962 7.255255 -4.787493
v 0.306356 7.245811 -4.774118
v 0.301025 7.283379 -4.771913
v -4.131444 7.266562 -2.045026
v -4.123241 6.991514 -2.171320
v -4.109489 7.273428 -2.062914
v -4.134508 7.042608 -2.129151
v -4.107564 7.250700 -2.027471
v -4.130286 6.883889 -2.204481
v -4.164477 6.794724 -2.286930
v -4.156884 6.757204 -2.347991
v -4.163951 6.684006 -2.375712
v -4.196918 6.623002 -2.478838
v -4.182424 6.622267 -2.510122
v -4.188493 6.554985 -2.590053
v -4.196765 6.561441 -2.712575
v -4.165362 6.539801 -2.818819
v -4.165823 6.589229 -2.845373
v -4.081023 6.697208 -3.052141
v -4.076975 6.696613 -3.027306
v -4.095126 6.634522 -2.991139
v -3.929932 6.916311 -3.187378
v -3.983274 6.803847 -3.151638
v -3.937244 6.914222 -3.210618
v -3.792753 7.124884 -3.287515
v -3.782726 7.095861 -3.309783
v -3.804308 7.110138 -3.308250
v -3.804308 7.110138 -3.308250
v -3.744476 7.103082 -3.353737
v -3.792753 7.124884 -3.287515
v -3.763804 7.077463 -3.362914
v -3.782726 7.095861 -3.309783
v -3.748673 6.994820 -3.358446
v -3.654885 6.480845 -3.471937
v -3.655758 6.480509 -3.446840
v -3.613129 6.406811 -3.483553
v -3.520377 6.050454 -3.581315
v -3.543229 6.127167 -3.578975
v -3.488601 6.045453 -3.608597
v -3.365973 5.771571 -3.756139
v -3.360592 5.761442 -3.743510
v -3.333218 5.781700 -3.751462
v -4.222291 6.093780 -2.915524
v -4.187326 6.100086 -2.924174
v -4.150106 5.828083 -2.958071
v -4.137645 5.663366 -2.996155
v -4.071947 5.567822 -3.037633
v -4.182696 5.842982 -2.976590
v -4.192484 6.101176 -2.941864
v -4.153836 5.818182 -2.980849
v -4.104252 5.577217 -3.054828
v -4.081094 5.579175 -3.052894
v -3.991337 5.327852 -3.143522
v -3.962817 5.347601 -3.152316
v -3.993346 5.360653 -3.161570
v -3.960470 5.347249 -3.173603
v -3.801732 5.199314 -3.305016
v -3.839877 5.198930 -3.319911
v -3.778351 5.183454 -3.356216
v -3.671498 5.152637 -3.471931
v -3.683692 5.115624 -3.446547
v -3.652586 5.136864 -3.455997
v -3.507271 5.140561 -3.649068
v -3.502525 5.154301 -3.628298
v -3.501228 5.121822 -3.623839
v -3.485407 5.146746 -3.623314
v -3.353154 5.257132 -3.783675
v -3.333028 5.244101 -3.771867
v -3.343032 5.227769 -3.796344
v -3.197303 5.400472 -3.927678
v -3.204753 5.416348 -3.909144
v -3.059885 5.688151 -4.050632
v -3.185195 5.462956 -3.970593
v -3.221189 5.416628 -3.911070
v -3.072162 5.716424 -4.064476
v -3.055105 5.696098 -4.080805
v -3.030068 5.844694 -4.135486
v -2.966326 6.095637 -4.179777
v -2.941583 6.088056 -4.197708
v -2.945741 6.091454 -4.173528
v -2.201870 7.376296 -4.221904
v -2.231580 7.441148 -4.279199
v -2.200813 7.355850 -4.256439
v -2.200813 7.355850 -4.256439
v -2.300027 7.457115 -4.298880
v -2.318515 7.514321 -4.320858
v -2.311021 7.499727 -4.339878
v -2.362289 7.497918 -4.371858
v -2.394938 7.512664 -4.456590
v -2.412904 7.510930 -4.429235
v -2.418382 7.477139 -4.457543
v -2.449042 7.434409 -4.488549
v -2.459872 7.448971 -4.516027
v -2.429988 7.441013 -4.516704
v -2.520698 7.103894 -4.486446
v -2.601765 6.914506 -4.451865
v -2.629127 6.767909 -4.427087
v -2.738768 6.533599 -4.371079
v -2.534580 7.058492 -4.448127
v -2.627901 6.804742 -4.405497
v -2.750421 6.560987 -4.351370
v -2.740634 6.529547 -4.334526
v -2.858240 6.345376 -4.248106
v -2.874453 6.343503 -4.276784
v -2.855584 6.322213 -4.273488
v -2.993982 6.184381 -4.146987
v -3.012437 6.214919 -4.146411
v -2.984988 6.204500 -4.131008
v -3.115804 6.160588 -4.037619
v -3.090390 6.177425 -4.012993
v -4.095646 7.124958 -2.098977
v -4.107564 7.250700 -2.027471
v -4.109489 7.273428 -2.062914
v -4.123241 6.991514 -2.171320
v -4.130286 6.883889 -2.204481
v -4.124410 6.833276 -2.262406
v -4.156884 6.757204 -2.347991
v -4.163951 6.684006 -2.375712
v -4.163486 6.611795 -2.502424
v -4.182424 6.622267 -2.510122
v -4.188493 6.554985 -2.590053
v -4.162079 6.543090 -2.777999
v -4.196765 6.561441 -2.712575
v -4.165823 6.589229 -2.845373
v -4.165362 6.539801 -2.818819
v -4.076975 6.696613 -3.027306
v -4.060849 6.678971 -3.019320
v -4.095126 6.634522 -2.991139
v -3.929932 6.916311 -3.187378
v -3.983274 6.803847 -3.151638
v -3.912467 6.900876 -3.186336
v -3.792753 7.124884 -3.287515
v -3.782726 7.095861 -3.309783
v -3.744274 7.085394 -3.334988
v -3.782726 7.095861 -3.309783
v -3.792753 7.124884 -3.287515
v -3.744476 7.103082 -3.353737
v -3.748673 6.994820 -3.358446
v -3.633170 6.489808 -3.439493
v -3.655758 6.480509 -3.446840
v -3.613129 6.406811 -3.483553
v -3.520377 6.050454 -3.581315
v -3.482725 6.021883 -3.589862
v -3.488601 6.045453 -3.608597
v -3.360592 5.761442 -3.743510
v -3.333218 5.781700 -3.751462
v 1.967188 3.988797 -5.690753
v 1.650224 3.790230 -5.687281
v 1.971259 3.977379 -5.676584
v 1.970398 4.008412 -5.677148
v 1.618050 3.756144 -5.668382
v 1.555650 3.754774 -5.667768
v 1.255782 3.615997 -5.671595
v 1.277009 3.616803 -5.654439
v 1.278052 3.644623 -5.655623
v 0.883390 3.538300 -5.638199
v 0.939624 3.571807 -5.641486
v 0.783048 3.545650 -5.649030
v 0.609833 3.569679 -5.628783
v 0.450033 3.553953 -5.622259
v 0.368159 3.598788 -5.619949
v 0.251244 3.604147 -5.630726
v 0.042717 3.658939 -5.607732
v -0.105192 3.734825 -5.603819
v -0.269239 3.795645 -5.615039
v -0.269789 3.780210 -5.598017
v -0.606492 3.994212 -5.590247
v -0.621657 3.967386 -5.595181
v -4.318878 7.079652 -2.397096
v -4.289001 7.370758 -2.881382
v -4.283517 7.396079 -2.864191
v -4.300830 7.068612 -2.404860
v -4.304836 7.064895 -2.342908
v -4.302462 6.827587 -1.916579
v -4.318981 6.865739 -1.964870
v -4.302778 6.839776 -1.868813
v -4.309348 6.688919 -1.409804
v -4.290897 6.677159 -1.351533
v -4.291934 6.707081 -1.383782
v -4.276631 6.671870 -0.845141
v -4.293796 6.684854 -0.881782
v -4.280251 6.695114 -0.933723
v -4.270324 6.766927 -0.494882
v -4.284949 6.791430 -0.376791
v -4.267817 6.776036 -0.377109
v -4.264258 6.980783 0.079578
v -4.280455 6.973852 0.102071
v -4.264201 6.932961 0.029446
v -4.269764 7.295009 0.643492
v -4.267886 7.256001 0.641828
v -4.284316 7.272458 0.641369
v -4.147892 6.903818 -1.757653
v -4.105718 7.247427 -2.023276
v -4.103698 7.269150 -1.991059
v -4.129772 6.897331 -1.770915
v -4.128926 6.907762 -1.741889
v -4.148901 6.668800 -1.503259
v -4.165728 6.684624 -1.494624
v -4.148130 6.685499 -1.470651
v -4.174148 6.521301 -1.185016
v -4.185985 6.549236 -1.205368
v -4.170522 6.551773 -1.172716
v -4.213946 6.503767 -0.894742
v -4.195392 6.516377 -0.890535
v -4.201214 6.486406 -0.863176
v -4.219910 6.538606 -0.643880
v -4.251822 6.548063 -0.518573
v -4.246917 6.604806 -0.399599
v -4.238220 6.529506 -0.511946
v -4.280545 6.728172 -0.127118
v -4.301024 6.720271 -0.117304
v -4.286561 6.707243 -0.103254
v -4.323274 6.924861 0.185836
v -4.344057 6.917074 0.194232
v -4.329099 6.902904 0.206335
v -4.383838 7.256669 0.575705
v -4.403257 7.244270 0.584279
v -4.388144 7.229822 0.589828
v -4.365920 7.278453 0.657324
v -4.373157 7.240674 0.656160
vt -0.297607 0.185059
vt -0.241943 0.174805
vt -0.243896 0.187988
vt -0.117004 0.177734
vt -0.119568 0.186035
vt 0.061890 0.177734
vt 0.119873 0.186523
vt 0.266846 0.176270
vt 0.292480 0.186035
vt 0.423096 0.179199
vt 0.412598 0.186035
vt 0.557129 0.186035
vt 0.511230 0.178223
vt 0.618652 0.176758
vt 0.752930 0.186035
vt 0.762207 0.177246
vt 0.934082 0.186523
vt 0.928711 0.177734
vt 1.149414 0.186035
vt 1.082031 0.176758
vt 1.198242 0.178711
vt 1.274414 0.187988
vt 1.278320 0.178223
vt 1.327148 0.184570
vt 0.026123 0.088867
vt -0.193359 0.100586
vt -0.193115 0.090332
vt 0.013275 0.098145
vt 0.195679 0.090332
vt 0.198975 0.097656
vt 0.323730 0.087891
vt 0.322510 0.100098
vt 0.441162 0.089355
vt 0.444336 0.097656
vt 0.560059 0.087891
vt 0.562012 0.101074
vt 0.643066 0.097656
vt 0.670898 0.087891
vt 0.798828 0.097656
vt 0.804688 0.090820
vt 0.944824 0.097656
vt 0.940918 0.088379
vt 1.076172 0.097656
vt 1.083008 0.088379
vt 1.221680 0.098145
vt 1.221680 0.088867
vt 0.932129 0.901978
vt 1.012695 0.898621
vt 1.009766 0.917236
vt 0.930176 0.914978
vt 0.820312 0.902466
vt 0.818359 0.920288
vt 0.701172 0.916199
vt 0.693359 0.899048
vt 0.562988 0.902832
vt 0.548340 0.918518
vt 0.411865 0.916077
vt 0.385742 0.900024
vt 0.211426 0.903015
vt 0.216919 0.919861
vt 0.180786 0.917419
vt 0.165649 0.902893
vt 0.094849 0.908325
vt 0.122986 0.918457
vt 0.067810 0.920471
vt -0.005924 0.905579
vt 0.037506 0.901672
vt 1.401367 0.472656
vt 1.358398 0.454590
vt 1.401367 0.447266
vt 1.350586 0.474121
vt 1.256836 0.461426
vt 1.261719 0.475586
vt 1.256836 0.450195
vt 1.120117 0.472656
vt 1.158203 0.454102
vt 1.023438 0.462891
vt 1.023438 0.473633
vt 1.021484 0.449219
vt 1.000000 0.472168
vt 0.996582 0.451660
vt 1.479492 0.234863
vt 1.530273 0.225586
vt 1.531250 0.246094
vt 1.489258 0.253418
vt 1.397461 0.240723
vt 1.387695 0.251953
vt 1.388672 0.229492
vt 1.292969 0.241699
vt 1.291016 0.229980
vt 1.167969 0.230957
vt 1.258789 0.253906
vt 1.154297 0.237793
vt 1.152344 0.251953
vt 1.096680 0.252441
vt 1.093750 0.241699
vt 1.092773 0.230957
vt 1.278320 0.178223
vt 1.326172 0.168945
vt 1.327148 0.184082
vt 1.198242 0.178223
vt 1.194336 0.167480
vt 1.082031 0.177246
vt 1.324219 0.157227
vt 1.049805 0.163574
vt 0.929199 0.175293
vt 1.166016 0.152344
vt 1.275391 0.143066
vt 1.327148 0.137207
vt 1.149414 0.141113
vt 0.948730 0.152832
vt 0.933594 0.141602
vt 0.768555 0.163574
vt 0.762207 0.176758
vt 0.758301 0.152344
vt 0.752930 0.141113
vt 0.619141 0.177246
vt 0.569824 0.152832
vt 0.557129 0.141602
vt 0.535156 0.166992
vt 0.511230 0.178223
vt 0.423340 0.178223
vt 0.416992 0.152832
vt 0.412842 0.141602
vt 0.292725 0.141113
vt 0.391357 0.166016
vt 0.266602 0.176758
vt 0.291016 0.152832
vt 0.119934 0.141602
vt 0.163208 0.163574
vt 0.061768 0.175781
vt 0.093445 0.152832
vt -0.119446 0.141113
vt -0.113281 0.163574
vt -0.117065 0.177246
vt -0.241455 0.176758
vt -0.122620 0.151855
vt -0.244141 0.143066
vt -0.294922 0.159668
vt -0.297607 0.184082
vt -0.297607 0.137207
vt -1.513672 0.804443
vt -1.620117 0.807861
vt -1.620117 0.794922
vt -1.460938 0.794678
vt -1.620117 0.784180
vt -1.254883 0.804443
vt -1.445312 0.784058
vt -1.224609 0.794556
vt -0.952148 0.804321
vt -1.207031 0.784180
vt -0.961914 0.794434
vt -0.757324 0.805786
vt -0.914062 0.784546
vt -0.622559 0.793579
vt -0.562012 0.805054
vt -0.676758 0.784302
vt -0.315186 0.806763
vt -0.411865 0.784546
vt -0.181396 0.794556
vt -0.140015 0.784424
vt -0.092834 0.803223
vt 0.134888 0.784180
vt 0.134399 0.794312
vt 0.134888 0.804443
vt 0.359863 0.783936
vt 0.458496 0.794312
vt 0.358887 0.804199
vt 0.585449 0.784180
vt 0.585938 0.804443
vt 0.798340 0.784058
vt 0.805664 0.794556
vt 1.029297 0.784546
vt 0.805176 0.804443
vt 1.030273 0.794800
vt 1.028320 0.802612
vt 1.031250 0.772827
vt 0.805176 0.763916
vt 1.028320 0.764893
vt 0.824219 0.774292
vt 1.028320 0.784546
vt 0.585938 0.763916
vt 0.798340 0.783936
vt 0.550781 0.775024
vt 0.585449 0.784180
vt 0.358887 0.764038
vt 0.360107 0.783936
vt 0.199585 0.773804
vt 0.134888 0.763916
vt 0.134888 0.784180
vt -0.092834 0.764893
vt -0.093872 0.775146
vt -0.140015 0.784058
vt -0.315186 0.761719
vt -0.368408 0.774048
vt -0.411865 0.783936
vt -0.562012 0.765991
vt -0.676758 0.784424
vt -0.681641 0.778198
vt -0.757812 0.764526
vt -0.914062 0.784058
vt -0.957520 0.774292
vt -0.952148 0.764282
vt -1.208008 0.784180
vt -1.254883 0.773926
vt -1.254883 0.765137
vt -1.445312 0.784180
vt -1.514648 0.774048
vt -1.513672 0.763916
vt -1.620117 0.784180
vt -1.620117 0.767090
vt 2.214844 0.764282
vt 2.414062 0.760376
vt 2.414062 0.773315
vt 2.132812 0.774170
vt 2.414062 0.784180
vt 2.048828 0.763916
vt 2.130859 0.783936
vt 1.838867 0.765503
vt 1.839844 0.774658
vt 1.882812 0.783936
vt 1.624023 0.763062
vt 1.760742 0.784180
vt 1.632812 0.774048
vt 1.593750 0.784058
vt 1.434570 0.773682
vt 1.423828 0.763794
vt 1.419922 0.784180
vt 1.241211 0.764038
vt 1.268555 0.784424
vt 1.219727 0.774170
vt 1.031250 0.763916
vt 1.026367 0.783691
vt 1.032227 0.773071
vt 1.087891 0.503418
vt 0.939941 0.496582
vt 1.087891 0.495117
vt 0.862305 0.503418
vt 1.089844 0.516357
vt 0.534180 0.491699
vt 0.848633 0.513672
vt 0.521484 0.502686
vt 0.640625 0.513184
vt 0.158081 0.493164
vt 0.416748 0.512939
vt 0.153198 0.503418
vt 0.178345 0.513184
vt -0.240112 0.493652
vt -0.050934 0.513184
vt -0.244385 0.503174
vt -0.312744 0.513184
vt -0.597168 0.512695
vt -0.606445 0.503906
vt -0.610352 0.494141
vt -0.874512 0.514648
vt -0.881836 0.504150
vt -0.880859 0.494629
vt -1.184570 0.515381
vt -1.118164 0.505859
vt -1.117188 0.496094
vt -1.381836 0.502930
vt -1.409180 0.513916
vt -1.374023 0.493164
vt -1.583984 0.513672
vt -1.584961 0.496582
vt 0.940430 0.533691
vt 1.088867 0.525635
vt 1.087891 0.532471
vt 0.859863 0.524170
vt 1.089844 0.516357
vt 0.534180 0.533691
vt 0.848633 0.513916
vt 0.521484 0.523682
vt 0.640625 0.513184
vt 0.158081 0.533203
vt 0.416748 0.513184
vt 0.154053 0.522949
vt 0.178345 0.513184
vt -0.240112 0.532227
vt -0.050934 0.513184
vt -0.251465 0.522705
vt -0.312744 0.512939
vt -0.597168 0.512939
vt -0.633789 0.524902
vt -0.610352 0.536133
vt -0.875000 0.514160
vt -0.897461 0.523193
vt -0.880859 0.532715
vt -1.184570 0.515625
vt -1.192383 0.525635
vt -1.117188 0.537354
vt -1.409180 0.513916
vt -1.374023 0.532959
vt -1.424805 0.524658
vt -1.583984 0.513672
vt -1.583984 0.524414
vt -1.584961 0.537354
vt 1.347656 0.494141
vt 1.087891 0.501465
vt 1.088867 0.493652
vt 1.348633 0.504150
vt 1.083984 0.514648
vt 1.491211 0.493652
vt 1.361328 0.513184
vt 1.490234 0.503662
vt 1.662109 0.494629
vt 1.495117 0.513672
vt 1.658203 0.503662
vt 1.620117 0.513672
vt 1.822266 0.494141
vt 1.713867 0.513916
vt 1.860352 0.503418
vt 1.824219 0.516602
vt 1.941406 0.512695
vt 1.941406 0.492188
vt 2.060547 0.515381
vt 2.076172 0.505371
vt 2.078125 0.496094
vt 2.248047 0.511719
vt 2.246094 0.501465
vt 2.248047 0.491699
vt 2.376953 0.515625
vt 2.378906 0.498047
vt 1.347656 0.533691
vt 1.088867 0.534912
vt 1.088867 0.527100
vt 1.344727 0.523926
vt 1.083984 0.514893
vt 1.491211 0.533447
vt 1.361328 0.513672
vt 1.491211 0.523682
vt 1.662109 0.532471
vt 1.495117 0.513916
vt 1.656250 0.523438
vt 1.620117 0.514160
vt 1.713867 0.513916
vt 1.821289 0.533447
vt 1.823242 0.517578
vt 1.936523 0.523193
vt 1.941406 0.512695
vt 1.941406 0.534424
vt 2.060547 0.515869
vt 2.130859 0.522705
vt 2.078125 0.532959
vt 2.248047 0.511719
vt 2.376953 0.515625
vt 2.248047 0.533691
vt 2.376953 0.526855
vt 2.378906 0.540283
vt -0.940918 0.827026
vt -1.221680 0.834229
vt -1.222656 0.821533
vt -0.930176 0.836426
vt -1.221680 0.845215
vt -0.669922 0.825195
vt -0.913086 0.846069
vt -0.702637 0.835693
vt -0.649414 0.846558
vt -0.404053 0.836060
vt -0.379150 0.825806
vt -0.396973 0.845703
vt -0.127930 0.826294
vt -0.145142 0.835815
vt -0.170776 0.844482
vt 0.052551 0.846680
vt 0.112183 0.835571
vt 0.110474 0.825317
vt 0.360352 0.845459
vt 0.377441 0.836548
vt 0.327637 0.827026
vt 0.679199 0.847656
vt 0.676270 0.826294
vt 0.679199 0.835449
vt 1.866211 0.845947
vt 2.015625 0.842041
vt 2.015625 0.855225
vt 1.794922 0.855713
vt 2.015625 0.866211
vt 1.796875 0.864624
vt 1.664062 0.847412
vt 1.626953 0.869141
vt 1.623047 0.858765
vt 1.485352 0.864136
vt 1.486328 0.854614
vt 1.468750 0.845459
vt 1.345703 0.866821
vt 1.309570 0.855713
vt 1.281250 0.849121
vt 1.131836 0.866089
vt 1.117188 0.847290
vt 1.118164 0.856079
vt 0.922852 0.846069
vt 0.920410 0.856323
vt 0.926270 0.865967
vt 0.678711 0.857788
vt 0.673340 0.846924
vt 0.682129 0.867432
vt -0.327393 0.329102
vt -0.225342 0.318359
vt -0.222900 0.327637
vt -0.370117 0.316895
vt -0.224365 0.309082
vt -0.447998 0.330566
vt -0.371094 0.307129
vt -0.504395 0.318359
vt -0.569336 0.330078
vt -0.508789 0.308105
vt -0.647949 0.318848
vt -0.686035 0.329102
vt -0.601074 0.307129
vt -0.812012 0.329102
vt -0.686035 0.307617
vt -0.807617 0.317871
vt -0.807129 0.307129
vt -0.923828 0.329590
vt -0.921387 0.310547
vt -1.032227 0.317871
vt -1.031250 0.328125
vt -1.031250 0.305176
vt -0.327393 0.329102
vt -0.222900 0.328613
vt -0.226440 0.336914
vt -0.320312 0.340332
vt -0.223511 0.349121
vt -0.447998 0.329102
vt -0.369141 0.353027
vt -0.452393 0.341309
vt -0.569336 0.329590
vt -0.508301 0.353027
vt -0.576660 0.340820
vt -0.686035 0.329102
vt -0.601074 0.352051
vt -0.718262 0.340332
vt -0.686523 0.351562
vt -0.812012 0.329102
vt -0.807129 0.351562
vt -0.926758 0.340332
vt -0.923828 0.330078
vt -0.921387 0.355957
vt -1.031250 0.329102
vt -1.032227 0.350586
vt 0.385742 0.307617
vt -0.225098 0.316406
vt -0.223389 0.306641
vt 0.388672 0.318848
vt -0.226196 0.328613
vt 0.650879 0.307129
vt 0.382080 0.329102
vt 0.655273 0.318359
vt 0.605469 0.329102
vt 0.855957 0.307129
vt 0.806641 0.329590
vt 0.852539 0.318848
vt 1.017578 0.329102
vt 1.022461 0.317871
vt 1.040039 0.306641
vt 1.197266 0.329102
vt 1.195312 0.307129
vt 1.195312 0.317871
vt 1.381836 0.329102
vt 1.375977 0.307129
vt 1.377930 0.318359
vt 1.606445 0.329102
vt 1.607422 0.306641
vt 1.609375 0.318359
vt 1.822266 0.330078
vt 1.823242 0.303711
vt 1.822266 0.317871
vt 1.870117 0.387695
vt 2.019531 0.378906
vt 2.019531 0.392090
vt 1.785156 0.376953
vt 2.021484 0.368164
vt 1.794922 0.368164
vt 1.740234 0.387695
vt 1.563477 0.368164
vt 1.563477 0.377930
vt 1.533203 0.387207
vt 1.392578 0.368164
vt 1.388672 0.377930
vt 1.366211 0.387207
vt 1.229492 0.367188
vt 1.244141 0.383301
vt 1.065430 0.377930
vt 1.128906 0.387695
vt 1.029297 0.387695
vt 1.022461 0.367676
vt 0.839844 0.387695
vt 0.839844 0.377441
vt 0.850586 0.368164
vt 0.585938 0.375977
vt 0.582031 0.387695
vt 0.588379 0.367188
vt -0.551270 0.250000
vt -0.730957 0.261719
vt -0.731445 0.246582
vt -0.540527 0.240234
vt -0.732422 0.234863
vt -0.546875 0.229004
vt -0.363525 0.252930
vt -0.363770 0.230469
vt -0.361084 0.240723
vt -0.191162 0.230957
vt -0.193848 0.242188
vt -0.180542 0.252441
vt -0.037872 0.230469
vt -0.039825 0.241699
vt -0.036682 0.252930
vt 0.133911 0.231445
vt 0.137207 0.242188
vt 0.136597 0.252441
vt 0.321533 0.229980
vt 0.300781 0.252441
vt 0.330078 0.241699
vt 0.476318 0.252930
vt 0.556152 0.241699
vt 0.614258 0.252930
vt 0.549805 0.231445
vt 0.807129 0.252930
vt 0.837402 0.242188
vt 1.097656 0.254395
vt 0.838867 0.230469
vt 1.093750 0.241211
vt 1.092773 0.230957
vt 0.837402 0.275879
vt 1.092773 0.266113
vt 1.092773 0.276367
vt 0.829590 0.264648
vt 1.097656 0.252930
vt 0.549316 0.273926
vt 0.807129 0.252930
vt 0.547363 0.264160
vt 0.614258 0.252930
vt 0.321289 0.275391
vt 0.476318 0.252930
vt 0.318359 0.264160
vt 0.133545 0.273926
vt 0.300781 0.253418
vt 0.132690 0.262695
vt 0.136597 0.253418
vt -0.036713 0.252930
vt -0.039642 0.264160
vt -0.037842 0.275391
vt -0.180542 0.253418
vt -0.192749 0.263672
vt -0.191162 0.274902
vt -0.363525 0.252930
vt -0.363281 0.264160
vt -0.363770 0.275391
vt -0.551270 0.251953
vt -0.546387 0.273438
vt -0.549316 0.262695
vt -0.730957 0.260742
vt -0.731445 0.279785
vt 1.534180 0.267090
vt 1.489258 0.254395
vt 1.531250 0.245605
vt 1.478516 0.265137
vt 1.479492 0.280273
vt 1.387695 0.251953
vt 1.364258 0.264160
vt 1.388672 0.274414
vt 1.258789 0.253418
vt 1.291992 0.275879
vt 1.151367 0.265137
vt 1.152344 0.251465
vt 1.166992 0.275391
vt 1.097656 0.256348
vt 1.154297 0.275879
vt 1.092773 0.266113
vt 1.092773 0.276367
vt 0.338379 0.637939
vt 0.456055 0.637451
vt 0.451660 0.645264
vt 0.292480 0.648682
vt 0.453857 0.656250
vt 0.173950 0.638184
vt 0.248169 0.658203
vt 0.081787 0.648438
vt 0.046814 0.658203
vt 0.046600 0.637939
vt -0.088501 0.657715
vt -0.083435 0.647705
vt -0.110596 0.638428
vt -0.277588 0.657471
vt -0.272217 0.647461
vt -0.254639 0.637695
vt -0.400635 0.637939
vt -0.441162 0.647949
vt -0.500000 0.659180
vt -0.528320 0.638184
vt -0.598633 0.647705
vt -0.760254 0.657959
vt -0.726562 0.637695
vt -0.790039 0.647705
vt -0.964844 0.637939
vt -0.991211 0.648438
vt -0.983398 0.657471
vt -1.161133 0.638428
vt -1.162109 0.656738
vt 0.729004 0.618408
vt 0.454346 0.624023
vt 0.455811 0.616943
vt 0.729492 0.628174
vt 0.446777 0.637207
vt 0.911133 0.617920
vt 0.753418 0.637939
vt 0.950195 0.628174
vt 0.915527 0.637695
vt 1.062500 0.617676
vt 1.067383 0.637939
vt 1.151367 0.628418
vt 1.186523 0.617676
vt 1.223633 0.638184
vt 1.306641 0.627930
vt 1.320312 0.617920
vt 1.395508 0.638672
vt 1.499023 0.627930
vt 1.495117 0.618408
vt 1.556641 0.638184
vt 1.728516 0.620117
vt 1.671875 0.639404
vt 1.742188 0.627930
vt 1.954102 0.614502
vt 1.803711 0.635742
vt 1.954102 0.627197
vt 1.953125 0.642822
vt 0.450684 0.650146
vt 0.729004 0.657959
vt 0.455566 0.658447
vt 0.727539 0.647949
vt 0.446777 0.638428
vt 0.911133 0.657959
vt 0.753418 0.638184
vt 0.908691 0.647949
vt 1.062500 0.657959
vt 0.915527 0.638184
vt 1.062500 0.647949
vt 1.186523 0.658203
vt 1.068359 0.637695
vt 1.250000 0.646729
vt 1.223633 0.638184
vt 1.320312 0.658203
vt 1.395508 0.637207
vt 1.499023 0.648193
vt 1.495117 0.657471
vt 1.556641 0.638184
vt 1.737305 0.648682
vt 1.728516 0.658447
vt 1.671875 0.639404
vt 1.954102 0.655273
vt 1.803711 0.635742
vt 1.953125 0.640625
vt -1.808594 0.729736
vt -1.990234 0.739502
vt -1.990234 0.726562
vt -1.806641 0.720947
vt -1.989258 0.715576
vt -1.514648 0.732178
vt -1.781250 0.710938
vt -1.424805 0.722168
vt -1.248047 0.732178
vt -1.467773 0.712158
vt -0.948730 0.731934
vt -1.248047 0.711914
vt -0.957031 0.721924
vt -0.543457 0.731934
vt -0.911621 0.712158
vt -0.553711 0.721680
vt -0.223022 0.732178
vt -0.535156 0.711914
vt -0.222290 0.722168
vt -0.223022 0.711914
vt -0.535156 0.711670
vt -0.222290 0.701660
vt -0.223022 0.711914
vt -0.554688 0.701904
vt -0.223022 0.691650
vt -0.911621 0.711670
vt -0.543457 0.691895
vt -1.068359 0.701904
vt -1.248047 0.711914
vt -0.948730 0.691895
vt -1.467773 0.711670
vt -1.248047 0.691650
vt -1.522461 0.701416
vt -1.781250 0.710449
vt -1.514648 0.691895
vt -1.810547 0.699951
vt -1.989258 0.715576
vt -1.809570 0.689941
vt -1.990234 0.698730
vt 1.338867 0.691406
vt 1.489258 0.693115
vt 1.490234 0.700439
vt 1.337891 0.701904
vt 1.490234 0.711426
vt 1.081055 0.692383
vt 1.335938 0.711914
vt 1.083984 0.701660
vt 0.718750 0.691895
vt 1.030273 0.711426
vt 0.728516 0.701660
vt 0.413818 0.691650
vt 0.700684 0.711670
vt 0.413330 0.701904
vt 0.106262 0.691895
vt 0.414062 0.711914
vt -0.222290 0.701660
vt -0.223022 0.691650
vt 0.106873 0.702393
vt 0.103333 0.711426
vt -0.223022 0.711914
vt 1.337891 0.732422
vt 1.489258 0.722412
vt 1.489258 0.730469
vt 1.339844 0.722168
vt 1.490234 0.710938
vt 1.081055 0.731445
vt 1.335938 0.711914
vt 1.083984 0.722168
vt 0.718750 0.731689
vt 1.030273 0.712402
vt 0.728516 0.722168
vt 0.413818 0.732178
vt 0.700684 0.712158
vt 0.412842 0.722168
vt 0.106262 0.732178
vt 0.414062 0.711914
vt -0.223022 0.732178
vt -0.222290 0.722168
vt 0.107971 0.721436
vt 0.103333 0.712402
vt -0.223022 0.711914
vt 1.669922 0.691650
vt 1.491211 0.698975
vt 1.490234 0.691406
vt 1.772461 0.702393
vt 1.486328 0.711670
vt 1.731445 0.711182
vt 1.864258 0.691895
vt 1.853516 0.712891
vt 2.011719 0.701172
vt 2.025391 0.710938
vt 2.041016 0.691650
vt 2.171875 0.711670
vt 2.236328 0.701904
vt 2.185547 0.690918
vt 2.396484 0.710693
vt 2.326172 0.692383
vt 2.527344 0.702637
vt 2.652344 0.715820
vt 2.783203 0.712402
vt 2.523438 0.695068
vt 2.783203 0.701416
vt 2.783203 0.688477
vt 1.669922 0.732178
vt 1.490234 0.732178
vt 1.490234 0.724121
vt 1.774414 0.721680
vt 1.486328 0.712402
vt 1.731445 0.711670
vt 1.864258 0.731934
vt 1.853516 0.712891
vt 2.011719 0.721436
vt 2.025391 0.712158
vt 2.041016 0.731934
vt 2.171875 0.711914
vt 2.187500 0.721191
vt 2.185547 0.730957
vt 2.396484 0.711182
vt 2.410156 0.720703
vt 2.326172 0.732910
vt 2.652344 0.715820
vt 2.523438 0.733398
vt 2.650391 0.726074
vt 2.783203 0.712402
vt 2.783203 0.729248
vt 0.678223 0.834595
vt 0.682617 0.825073
vt 0.926270 0.826416
vt 0.925781 0.835571
vt 1.131836 0.825928
vt 0.922852 0.846069
vt 0.673828 0.846069
vt 1.119141 0.836060
vt 1.117188 0.844971
vt 1.309570 0.836792
vt 1.281250 0.843506
vt 1.345703 0.825562
vt 1.468750 0.844238
vt 1.485352 0.834839
vt 1.485352 0.824585
vt 1.664062 0.847900
vt 1.623047 0.838867
vt 1.626953 0.828613
vt 1.794922 0.834473
vt 1.866211 0.845947
vt 1.796875 0.825439
vt 2.015625 0.842285
vt 2.015625 0.825928
vt -0.374268 0.450684
vt -0.595215 0.450195
vt -0.595703 0.440430
vt -0.380371 0.439453
vt -0.595215 0.429199
vt -0.380615 0.428711
vt -0.206543 0.428711
vt -0.209839 0.439941
vt -0.197144 0.450684
vt -0.033722 0.428711
vt -0.039429 0.439453
vt -0.031982 0.450195
vt 0.125610 0.428223
vt 0.116821 0.440430
vt 0.111694 0.450684
vt 0.237183 0.450684
vt 0.308350 0.439453
vt 0.365234 0.450684
vt 0.300781 0.429199
vt 0.516113 0.450684
vt 0.520508 0.439453
vt 0.522949 0.428223
vt 0.702637 0.450684
vt 0.708496 0.439453
vt 0.706543 0.428223
vt 0.959473 0.452148
vt 0.959961 0.439453
vt 0.960449 0.428711
vt 0.999023 0.454102
vt 0.998047 0.426270
vt 0.997070 0.438965
vt 1.026367 0.431641
vt 0.996094 0.438477
vt 0.998535 0.427246
vt 1.021484 0.448730
vt 0.998047 0.453613
vt 1.166992 0.439453
vt 1.120117 0.427734
vt 1.158203 0.453613
vt 1.261719 0.430176
vt 1.256836 0.449707
vt 1.344727 0.440430
vt 1.357422 0.457031
vt 1.351562 0.429688
vt 1.405273 0.451172
vt 1.397461 0.426270
vt -0.225464 0.340332
vt 0.385254 0.351562
vt -0.223633 0.350586
vt 0.379883 0.340332
vt 0.650879 0.351562
vt -0.225098 0.328125
vt 0.382324 0.329590
vt 0.655762 0.340332
vt 0.605469 0.329102
vt 0.855469 0.352051
vt 0.806641 0.329102
vt 0.944824 0.340820
vt 1.040039 0.352051
vt 1.017578 0.329590
vt 1.191406 0.340820
vt 1.195312 0.352051
vt 1.197266 0.329590
vt 1.373047 0.340820
vt 1.375977 0.351562
vt 1.381836 0.329590
vt 1.606445 0.340820
vt 1.607422 0.352051
vt 1.606445 0.329102
vt 1.824219 0.350586
vt 1.822266 0.329590
vt -1.227539 0.387695
vt -0.928223 0.388184
vt -1.226562 0.398438
vt -0.923828 0.408691
vt -1.227539 0.411133
vt -0.844238 0.397949
vt -0.672852 0.387695
vt -0.671387 0.408203
vt -0.545410 0.397461
vt -0.480713 0.388184
vt -0.442383 0.409180
vt -0.330811 0.397949
vt -0.322266 0.388184
vt -0.194824 0.407227
vt -0.165527 0.387695
vt -0.164307 0.397461
vt 0.007793 0.388184
vt 0.027954 0.397949
vt 0.027466 0.408203
vt 0.279297 0.387695
vt 0.289551 0.398438
vt 0.239624 0.408203
vt 0.585449 0.387695
vt 0.583496 0.407715
vt 0.585449 0.398438
vt 0.585449 0.387695
vt 0.278564 0.387207
vt 0.585449 0.377441
vt 0.269775 0.375977
vt 0.583496 0.368164
vt 0.239624 0.367676
vt 0.027451 0.367676
vt 0.027878 0.377930
vt 0.007793 0.387695
vt -0.195068 0.368652
vt -0.207642 0.378418
vt -0.165527 0.387695
vt -0.442383 0.367676
vt -0.322266 0.387695
vt -0.445068 0.377930
vt -0.480713 0.387695
vt -0.672363 0.387695
vt -0.668945 0.377930
vt -0.671387 0.368652
vt -0.927734 0.387695
vt -0.940918 0.377930
vt -0.923828 0.368164
vt -1.227539 0.387695
vt -1.228516 0.370117
vt 0.585938 0.399902
vt 0.850586 0.407227
vt 0.588379 0.408691
vt 0.844238 0.397461
vt 1.022461 0.408203
vt 0.581543 0.388184
vt 0.839844 0.387695
vt 1.064453 0.397949
vt 1.029297 0.388184
vt 1.229492 0.408203
vt 1.128906 0.387695
vt 1.244141 0.397461
vt 1.244141 0.384277
vt 1.366211 0.388672
vt 1.388672 0.397949
vt 1.392578 0.407715
vt 1.533203 0.388672
vt 1.563477 0.397949
vt 1.563477 0.407715
vt 1.740234 0.387695
vt 1.785156 0.398438
vt 1.794922 0.407227
vt 1.870117 0.387695
vt 2.021484 0.408203
vt 2.019531 0.392090
vt -1.157227 0.628418
vt -1.162109 0.615479
vt -0.983398 0.617432
vt -1.161133 0.638916
vt -0.964844 0.637939
vt -0.838867 0.628174
vt -0.760254 0.616943
vt -0.726562 0.638184
vt -0.671387 0.627686
vt -0.499756 0.618408
vt -0.506348 0.627930
vt -0.528320 0.637695
vt -0.277588 0.618652
vt -0.400635 0.637939
vt -0.279785 0.628418
vt -0.254639 0.638184
vt -0.110596 0.637451
vt -0.042084 0.628174
vt -0.088501 0.618164
vt 0.046600 0.637939
vt 0.046722 0.617676
vt 0.173950 0.638184
vt 0.187622 0.627930
vt 0.248169 0.616699
vt 0.338379 0.637939
vt 0.451416 0.628906
vt 0.453857 0.619141
vt 0.455811 0.637939
vt -0.478027 0.560059
vt -0.326172 0.569580
vt -0.477783 0.573975
vt -0.358398 0.559326
vt -0.474365 0.546875
vt -0.271973 0.546875
vt -0.210693 0.558838
vt -0.176514 0.570312
vt -0.141968 0.546875
vt -0.081482 0.558594
vt -0.067932 0.569092
vt -0.019257 0.547119
vt 0.039429 0.564697
vt 0.091980 0.546875
vt 0.111084 0.565674
vt 0.234985 0.559326
vt 0.226929 0.569336
vt 0.193848 0.547363
vt 0.381348 0.570068
vt 0.322021 0.547607
vt 0.386230 0.558594
vt 0.512207 0.571045
vt 0.520020 0.546143
vt 0.514160 0.558838
vt 0.514160 0.559082
vt 0.540039 0.570312
vt 0.511719 0.570801
vt 0.550781 0.558350
vt 0.525879 0.546875
vt 0.590332 0.547607
vt 0.857910 0.559570
vt 0.855469 0.548584
vt 0.898926 0.569824
vt 1.087891 0.547852
vt 1.050781 0.559814
vt 1.101562 0.569824
vt 1.268555 0.559570
vt 1.271484 0.547607
vt 1.270508 0.573242
vt 1.220703 0.073242
vt 1.221680 0.089355
vt 1.083008 0.087402
vt 1.000000 0.075195
vt 0.940918 0.088867
vt 1.091797 0.064453
vt 1.221680 0.052246
vt 1.076172 0.053223
vt 0.947754 0.063965
vt 0.944824 0.052734
vt 0.807617 0.075195
vt 0.804688 0.087891
vt 0.814453 0.062012
vt 0.798828 0.052734
vt 0.670898 0.087402
vt 0.678223 0.064941
vt 0.643066 0.053223
vt 0.561523 0.056641
vt 0.572266 0.075195
vt 0.559570 0.088867
vt 0.440674 0.063965
vt 0.444336 0.053223
vt 0.448486 0.077148
vt 0.440674 0.088867
vt 0.322266 0.054688
vt 0.323730 0.088379
vt 0.323486 0.072266
vt 0.195190 0.077637
vt 0.195557 0.090332
vt 0.025848 0.088379
vt 0.159424 0.063965
vt 0.199097 0.052734
vt 0.013161 0.052246
vt 0.016251 0.075195
vt -0.062256 0.064453
vt -0.193359 0.055664
vt -0.194458 0.075195
vt -0.193115 0.087891
vt -0.006721 0.927124
vt 0.034668 0.944489
vt -0.010933 0.942322
vt -0.006802 0.908203
vt 0.067749 0.919373
vt 0.092468 0.934387
vt 0.093994 0.946381
vt 0.122498 0.918640
vt 0.165405 0.944916
vt 0.161499 0.928894
vt 0.180908 0.917847
vt 0.217407 0.921448
vt 0.214111 0.934998
vt 0.213745 0.948547
vt 0.386230 0.944916
vt 0.489746 0.933777
vt 0.562988 0.948944
vt 0.692871 0.944580
vt 0.411865 0.915405
vt 0.548340 0.919617
vt 0.687012 0.927368
vt 0.700684 0.915894
vt 0.818359 0.919373
vt 0.817383 0.935181
vt 0.820312 0.948212
vt 0.932617 0.947784
vt 0.932129 0.930969
vt 0.930664 0.916260
vt 1.011719 0.938324
vt 1.010742 0.916321
vt -0.402832 0.581543
vt -0.474365 0.593018
vt -0.478027 0.573242
vt -0.325928 0.570312
vt -0.271729 0.592529
vt -0.234741 0.580322
vt -0.176514 0.570312
vt -0.140991 0.592773
vt -0.069275 0.580566
vt -0.068115 0.570068
vt -0.018723 0.593750
vt 0.073303 0.581299
vt 0.040070 0.569092
vt 0.110535 0.567383
vt 0.092163 0.593018
vt 0.227295 0.570557
vt 0.222656 0.581055
vt 0.193604 0.592529
vt 0.381348 0.570068
vt 0.322021 0.593506
vt 0.381836 0.581543
vt 0.513184 0.570068
vt 0.519043 0.589600
vt 0.544434 0.581543
vt 0.522461 0.589355
vt 0.511230 0.570068
vt 0.539062 0.571533
vt 0.589355 0.593262
vt 0.852539 0.581055
vt 0.854980 0.592773
vt 0.898926 0.571045
vt 1.088867 0.592285
vt 1.109375 0.581543
vt 1.101562 0.570068
vt 1.271484 0.592285
vt 1.271484 0.573730
vt 1.031250 0.795166
vt 1.218750 0.794189
vt 1.031250 0.805176
vt 1.026367 0.783936
vt 1.241211 0.804443
vt 1.268555 0.784302
vt 1.434570 0.794800
vt 1.423828 0.804565
vt 1.419922 0.784180
vt 1.624023 0.805298
vt 1.593750 0.784058
vt 1.672852 0.793823
vt 1.760742 0.784180
vt 1.838867 0.804688
vt 1.882812 0.784546
vt 1.940430 0.794434
vt 2.048828 0.804443
vt 2.130859 0.784180
vt 2.216797 0.794189
vt 2.214844 0.804199
vt 2.414062 0.784180
vt 2.414062 0.801270
vt -0.939941 0.856445
vt -1.222656 0.862305
vt -1.221680 0.845215
vt -0.940918 0.866577
vt -0.913086 0.846680
vt -0.669922 0.866821
vt -0.699219 0.855591
vt -0.649414 0.846924
vt -0.408691 0.856934
vt -0.379150 0.866333
vt -0.396973 0.845825
vt -0.127930 0.865723
vt -0.145386 0.855347
vt -0.170776 0.845459
vt 0.052551 0.846680
vt 0.112732 0.855469
vt 0.110474 0.865479
vt 0.360352 0.846558
vt 0.368896 0.857300
vt 0.327881 0.867554
vt 0.679199 0.847656
vt 0.676758 0.866211
vt 0.678711 0.857300
vt -0.377686 0.462402
vt -0.594727 0.474121
vt -0.594727 0.454102
vt -0.380371 0.473145
vt -0.374268 0.450684
vt -0.206421 0.473145
vt -0.206421 0.461914
vt -0.197144 0.451172
vt -0.033936 0.472168
vt -0.046814 0.461426
vt -0.032043 0.451172
vt 0.110474 0.461426
vt 0.111694 0.450684
vt 0.125488 0.473633
vt 0.237183 0.450684
vt 0.300537 0.461914
vt 0.365234 0.450684
vt 0.300293 0.471680
vt 0.516113 0.450684
vt 0.519531 0.461914
vt 0.522461 0.473145
vt 0.702637 0.451172
vt 0.705078 0.461914
vt 0.705566 0.473145
vt 0.959473 0.452148
vt 0.960449 0.464355
vt 0.960938 0.474121
vt 0.999512 0.452637
vt 0.998535 0.473145
vt1 0.267822 0.185059
vt1 0.270020 0.203613
vt1 0.265625 0.203125
vt1 0.269287 0.245605
vt1 0.266357 0.244629
vt1 0.269531 0.305664
vt1 0.266357 0.325195
vt1 0.269775 0.375000
vt1 0.266602 0.383301
vt1 0.268799 0.427246
vt1 0.266602 0.423828
vt1 0.266357 0.472168
vt1 0.269043 0.457031
vt1 0.269531 0.493164
vt1 0.266602 0.538086
vt1 0.269531 0.541016
vt1 0.266357 0.598633
vt1 0.269287 0.596924
vt1 0.266357 0.670898
vt1 0.269531 0.648193
vt1 0.268799 0.687256
vt1 0.265625 0.712891
vt1 0.269043 0.713867
vt1 0.268066 0.730225
vt1 0.520996 0.827271
vt1 0.447266 0.830933
vt1 0.447510 0.827515
vt1 0.516602 0.830444
vt1 0.578125 0.827759
vt1 0.579102 0.830200
vt1 0.621094 0.827026
vt1 0.620605 0.831055
vt1 0.660645 0.827637
vt1 0.661621 0.830322
vt1 0.700195 0.827026
vt1 0.701172 0.831421
vt1 0.728516 0.830200
vt1 0.737793 0.826904
vt1 0.780273 0.830200
vt1 0.782227 0.827881
vt1 0.829590 0.830200
vt1 0.828125 0.827148
vt1 0.873535 0.830322
vt1 0.875488 0.827393
vt1 0.921875 0.829834
vt1 0.921875 0.826660
vt1 0.341064 0.658203
vt1 0.344482 0.685547
vt1 0.337891 0.685303
vt1 0.336914 0.657959
vt1 0.341064 0.620361
vt1 0.335205 0.619629
vt1 0.336670 0.579834
vt1 0.342529 0.577393
vt1 0.341309 0.533447
vt1 0.335938 0.528320
vt1 0.336670 0.482422
vt1 0.342041 0.473633
vt1 0.340820 0.415527
vt1 0.334961 0.416992
vt1 0.336670 0.405273
vt1 0.341797 0.400391
vt1 0.340576 0.377441
vt1 0.336670 0.386719
vt1 0.335938 0.368652
vt1 0.337646 0.343750
vt1 0.341797 0.357910
vt1 0.365479 0.831665
vt1 0.352051 0.825073
vt1 0.366943 0.823730
vt1 0.349609 0.831543
vt1 0.318115 0.827881
vt1 0.319824 0.832642
vt1 0.317871 0.824097
vt1 0.272461 0.831055
vt1 0.285400 0.825073
vt1 0.239990 0.827637
vt1 0.240356 0.831665
vt1 0.239258 0.823120
vt1 0.233521 0.831421
vt1 0.229370 0.826172
vt1 0.175903 0.897400
vt1 0.158447 0.899170
vt1 0.158813 0.892883
vt1 0.172485 0.891052
vt1 0.203369 0.894592
vt1 0.207031 0.890869
vt1 0.206543 0.898254
vt1 0.238647 0.894592
vt1 0.239136 0.898499
vt1 0.280762 0.898193
vt1 0.250244 0.890686
vt1 0.285400 0.895874
vt1 0.285889 0.890930
vt1 0.304932 0.891357
vt1 0.304932 0.895081
vt1 0.305176 0.898071
vt1 0.253906 0.714600
vt1 0.257568 0.730225
vt1 0.252930 0.730957
vt1 0.253662 0.687500
vt1 0.257324 0.686035
vt1 0.254395 0.648193
vt1 0.261230 0.729492
vt1 0.259033 0.637451
vt1 0.254883 0.596924
vt1 0.262451 0.676514
vt1 0.265869 0.712891
vt1 0.268555 0.730225
vt1 0.266357 0.670898
vt1 0.262451 0.603516
vt1 0.266357 0.598633
vt1 0.259033 0.543213
vt1 0.254639 0.541260
vt1 0.262695 0.539795
vt1 0.266357 0.538086
vt1 0.254395 0.493164
vt1 0.262451 0.476562
vt1 0.266113 0.472168
vt1 0.257812 0.464844
vt1 0.253906 0.457031
vt1 0.254150 0.427246
vt1 0.262451 0.425293
vt1 0.266357 0.423828
vt1 0.266357 0.383301
vt1 0.258057 0.416504
vt1 0.254639 0.374512
vt1 0.262451 0.382812
vt1 0.266357 0.325195
vt1 0.259033 0.339844
vt1 0.254883 0.305664
vt1 0.262451 0.316406
vt1 0.266357 0.244629
vt1 0.258789 0.246582
vt1 0.254395 0.245605
vt1 0.254395 0.203613
vt1 0.262695 0.243652
vt1 0.265625 0.203125
vt1 0.260498 0.185547
vt1 0.252686 0.184082
vt1 0.268066 0.185059
vt1 0.906738 0.113281
vt1 0.942383 0.111816
vt1 0.942383 0.116211
vt1 0.888672 0.116699
vt1 0.942383 0.120117
vt1 0.819336 0.113281
vt1 0.883789 0.120117
vt1 0.809570 0.116699
vt1 0.717773 0.113281
vt1 0.803711 0.120117
vt1 0.721191 0.116699
vt1 0.652344 0.112793
vt1 0.705078 0.120117
vt1 0.606934 0.116699
vt1 0.586426 0.112793
vt1 0.625000 0.120117
vt1 0.503418 0.113281
vt1 0.535645 0.120117
vt1 0.458496 0.116699
vt1 0.444580 0.119629
vt1 0.428711 0.113281
vt1 0.352051 0.120117
vt1 0.352295 0.116699
vt1 0.352051 0.113281
vt1 0.276367 0.120117
vt1 0.243286 0.116699
vt1 0.276611 0.113281
vt1 0.200439 0.120117
vt1 0.200439 0.113281
vt1 0.128662 0.120117
vt1 0.126465 0.116699
vt1 0.049988 0.120117
vt1 0.126709 0.113281
vt1 0.050995 0.116211
vt1 0.052521 0.113281
vt1 0.050873 0.110840
vt1 0.126709 0.113281
vt1 0.052521 0.113281
vt1 0.120117 0.109863
vt1 0.049988 0.105957
vt1 0.200439 0.113281
vt1 0.128662 0.106445
vt1 0.212036 0.109375
vt1 0.200439 0.106445
vt1 0.276611 0.113281
vt1 0.276367 0.106445
vt1 0.330322 0.109863
vt1 0.352051 0.113281
vt1 0.352051 0.106445
vt1 0.428711 0.113281
vt1 0.428955 0.109375
vt1 0.444580 0.105957
vt1 0.503418 0.113281
vt1 0.520996 0.109863
vt1 0.535645 0.106934
vt1 0.586426 0.112793
vt1 0.625000 0.106445
vt1 0.626953 0.108398
vt1 0.652344 0.112793
vt1 0.705078 0.106445
vt1 0.719727 0.109863
vt1 0.717773 0.113281
vt1 0.803711 0.106445
vt1 0.819336 0.109863
vt1 0.819336 0.112793
vt1 0.883789 0.106445
vt1 0.907227 0.109863
vt1 0.906738 0.113281
vt1 0.942383 0.106445
vt1 0.942383 0.112305
vt1 0.881348 0.488770
vt1 0.948242 0.487305
vt1 0.948242 0.491699
vt1 0.853516 0.492188
vt1 0.948242 0.495605
vt1 0.825195 0.488770
vt1 0.853027 0.495605
vt1 0.754883 0.489258
vt1 0.754883 0.492188
vt1 0.769531 0.495605
vt1 0.682129 0.488770
vt1 0.728516 0.495605
vt1 0.685547 0.492188
vt1 0.672363 0.495605
vt1 0.618652 0.492188
vt1 0.615234 0.488770
vt1 0.613770 0.495605
vt1 0.553711 0.488770
vt1 0.562988 0.495605
vt1 0.546387 0.492188
vt1 0.483887 0.488770
vt1 0.481201 0.495605
vt1 0.483643 0.491699
vt1 0.948730 0.060059
vt1 0.898926 0.057617
vt1 0.947754 0.057617
vt1 0.873047 0.060547
vt1 0.951172 0.064453
vt1 0.763184 0.057129
vt1 0.868652 0.063965
vt1 0.758301 0.060547
vt1 0.798828 0.063965
vt1 0.636230 0.057129
vt1 0.723145 0.063965
vt1 0.634766 0.060547
vt1 0.643066 0.063965
vt1 0.502441 0.057617
vt1 0.565918 0.063965
vt1 0.500977 0.060547
vt1 0.478027 0.064453
vt1 0.382324 0.064453
vt1 0.379150 0.061035
vt1 0.377930 0.058105
vt1 0.288818 0.064453
vt1 0.286377 0.061035
vt1 0.286865 0.057617
vt1 0.184570 0.064941
vt1 0.206787 0.062012
vt1 0.207153 0.058594
vt1 0.118164 0.061035
vt1 0.108948 0.064453
vt1 0.120789 0.057617
vt1 0.050171 0.064453
vt1 0.049988 0.058594
vt1 0.898926 0.057617
vt1 0.949219 0.055176
vt1 0.947754 0.057617
vt1 0.872559 0.054199
vt1 0.951172 0.050781
vt1 0.763184 0.057129
vt1 0.868652 0.050781
vt1 0.758789 0.053711
vt1 0.798828 0.050293
vt1 0.636230 0.057129
vt1 0.723145 0.050293
vt1 0.634766 0.053711
vt1 0.643066 0.050293
vt1 0.502441 0.057129
vt1 0.565918 0.050781
vt1 0.498535 0.053711
vt1 0.478027 0.050293
vt1 0.382080 0.050781
vt1 0.369873 0.054199
vt1 0.377930 0.057617
vt1 0.288818 0.050781
vt1 0.281250 0.054199
vt1 0.286865 0.057129
vt1 0.184570 0.051270
vt1 0.182129 0.054688
vt1 0.207153 0.058594
vt1 0.108948 0.050781
vt1 0.120789 0.057129
vt1 0.103699 0.054688
vt1 0.050140 0.050781
vt1 0.050049 0.054688
vt1 0.049927 0.059082
vt1 0.877441 0.662842
vt1 0.964355 0.660156
vt1 0.963379 0.662842
vt1 0.876953 0.659424
vt1 0.966309 0.656006
vt1 0.828613 0.662842
vt1 0.872559 0.656250
vt1 0.829590 0.659424
vt1 0.771484 0.662598
vt1 0.827637 0.656250
vt1 0.772949 0.659424
vt1 0.785645 0.656250
vt1 0.717773 0.662598
vt1 0.754395 0.656250
vt1 0.704590 0.659424
vt1 0.717285 0.655029
vt1 0.677734 0.656250
vt1 0.677734 0.663086
vt1 0.637207 0.655762
vt1 0.632324 0.658936
vt1 0.631836 0.662354
vt1 0.574219 0.656494
vt1 0.574707 0.659912
vt1 0.574219 0.663330
vt1 0.530762 0.655518
vt1 0.530273 0.661133
vt1 0.877441 0.662842
vt1 0.963379 0.662598
vt1 0.963867 0.665527
vt1 0.878418 0.666260
vt1 0.966309 0.669434
vt1 0.828613 0.663086
vt1 0.872559 0.669678
vt1 0.829102 0.666504
vt1 0.771484 0.663330
vt1 0.827637 0.669678
vt1 0.773438 0.666504
vt1 0.785645 0.669678
vt1 0.754395 0.669922
vt1 0.717773 0.662842
vt1 0.717285 0.668213
vt1 0.679199 0.666748
vt1 0.677734 0.669922
vt1 0.677734 0.663086
vt1 0.637207 0.669189
vt1 0.613770 0.666504
vt1 0.631836 0.662598
vt1 0.574219 0.670166
vt1 0.530762 0.669189
vt1 0.574219 0.663330
vt1 0.530762 0.665527
vt1 0.530273 0.661133
vt1 0.406738 0.182129
vt1 0.312012 0.184570
vt1 0.312012 0.180664
vt1 0.410400 0.185547
vt1 0.312012 0.188477
vt1 0.498047 0.182129
vt1 0.416260 0.188965
vt1 0.486816 0.185547
vt1 0.504883 0.188965
vt1 0.587402 0.185059
vt1 0.595703 0.181641
vt1 0.589844 0.188477
vt1 0.680176 0.182129
vt1 0.674316 0.185547
vt1 0.665527 0.188477
vt1 0.740723 0.188965
vt1 0.760742 0.185059
vt1 0.760254 0.182129
vt1 0.844238 0.188965
vt1 0.850098 0.185547
vt1 0.833496 0.182129
vt1 0.953125 0.188965
vt1 0.949707 0.182129
vt1 0.951660 0.185059
vt1 0.904785 0.428223
vt1 0.955078 0.427246
vt1 0.955078 0.431641
vt1 0.880859 0.431641
vt1 0.955566 0.435059
vt1 0.881836 0.434570
vt1 0.836914 0.428711
vt1 0.824707 0.436035
vt1 0.823242 0.432617
vt1 0.776855 0.434570
vt1 0.777344 0.431152
vt1 0.770996 0.428223
vt1 0.729980 0.435059
vt1 0.717773 0.431641
vt1 0.708008 0.429199
vt1 0.657715 0.435059
vt1 0.652832 0.428711
vt1 0.653320 0.431641
vt1 0.587891 0.428223
vt1 0.586914 0.431641
vt1 0.588379 0.435059
vt1 0.505859 0.432129
vt1 0.502930 0.428223
vt1 0.507324 0.435059
vt1 0.913574 0.325195
vt1 0.948242 0.321289
vt1 0.950195 0.325195
vt1 0.898926 0.321289
vt1 0.945801 0.317871
vt1 0.872559 0.325684
vt1 0.897949 0.317871
vt1 0.853516 0.321777
vt1 0.831543 0.325684
vt1 0.852051 0.317871
vt1 0.805176 0.321777
vt1 0.792480 0.325195
vt1 0.820801 0.317871
vt1 0.750000 0.325195
vt1 0.792480 0.317871
vt1 0.751465 0.321289
vt1 0.751465 0.317871
vt1 0.712402 0.325195
vt1 0.713379 0.318848
vt1 0.675781 0.321777
vt1 0.676270 0.325195
vt1 0.675781 0.316895
vt1 0.913574 0.310059
vt1 0.950195 0.309570
vt1 0.946777 0.312988
vt1 0.915039 0.313477
vt1 0.945801 0.317383
vt1 0.872559 0.310059
vt1 0.897949 0.317871
vt1 0.870605 0.313965
vt1 0.831543 0.310059
vt1 0.852051 0.317871
vt1 0.829102 0.313965
vt1 0.792480 0.310059
vt1 0.820801 0.317871
vt1 0.781250 0.313965
vt1 0.792480 0.317871
vt1 0.750000 0.310059
vt1 0.751465 0.317871
vt1 0.711426 0.313965
vt1 0.712402 0.310547
vt1 0.713379 0.319336
vt1 0.676270 0.310059
vt1 0.675781 0.317383
vt1 0.075928 0.368652
vt1 0.072998 0.163574
vt1 0.076538 0.165527
vt1 0.072144 0.370117
vt1 0.068848 0.161621
vt1 0.076050 0.458008
vt1 0.068665 0.368164
vt1 0.072327 0.459473
vt1 0.068726 0.442871
vt1 0.076233 0.527100
vt1 0.068542 0.510498
vt1 0.072205 0.526123
vt1 0.068604 0.581543
vt1 0.072388 0.583252
vt1 0.076233 0.589111
vt1 0.068665 0.641846
vt1 0.076111 0.641357
vt1 0.072388 0.641113
vt1 0.068665 0.703857
vt1 0.076050 0.701904
vt1 0.072327 0.702637
vt1 0.068604 0.779663
vt1 0.076294 0.779907
vt1 0.072327 0.780518
vt1 0.068237 0.852295
vt1 0.077393 0.852783
vt1 0.072449 0.852295
vt1 0.911133 0.555176
vt1 0.961914 0.552246
vt1 0.961426 0.556885
vt1 0.882812 0.551514
vt1 0.961914 0.548340
vt1 0.885742 0.548828
vt1 0.867188 0.555176
vt1 0.808105 0.548584
vt1 0.807617 0.552002
vt1 0.797852 0.554932
vt1 0.750488 0.548584
vt1 0.749023 0.551758
vt1 0.741699 0.554932
vt1 0.695312 0.548340
vt1 0.700195 0.553711
vt1 0.640137 0.551758
vt1 0.661621 0.555176
vt1 0.628418 0.555176
vt1 0.625977 0.548584
vt1 0.564453 0.555176
vt1 0.564453 0.551758
vt1 0.567871 0.548584
vt1 0.479248 0.551270
vt1 0.476807 0.555176
vt1 0.480957 0.548340
vt1 0.148804 0.728760
vt1 0.152588 0.789185
vt1 0.147583 0.789429
vt1 0.145386 0.725098
vt1 0.143433 0.789673
vt1 0.141724 0.727295
vt1 0.149658 0.665771
vt1 0.142090 0.665771
vt1 0.145630 0.664795
vt1 0.142212 0.607666
vt1 0.145996 0.608398
vt1 0.149536 0.604004
vt1 0.142212 0.556152
vt1 0.145996 0.556641
vt1 0.149658 0.555664
vt1 0.142212 0.498535
vt1 0.146118 0.497070
vt1 0.149536 0.497559
vt1 0.142090 0.435059
vt1 0.149658 0.442383
vt1 0.145996 0.432129
vt1 0.149536 0.383301
vt1 0.145874 0.356445
vt1 0.149658 0.336426
vt1 0.142334 0.358398
vt1 0.149658 0.271484
vt1 0.145996 0.261719
vt1 0.150024 0.173340
vt1 0.142212 0.261230
vt1 0.145874 0.175781
vt1 0.142456 0.176270
vt1 0.142212 0.261230
vt1 0.138916 0.175293
vt1 0.142456 0.176270
vt1 0.138428 0.264160
vt1 0.134399 0.173340
vt1 0.141602 0.358398
vt1 0.134644 0.271484
vt1 0.138306 0.359375
vt1 0.134521 0.336426
vt1 0.141846 0.435059
vt1 0.134399 0.383301
vt1 0.138062 0.436523
vt1 0.141846 0.498535
vt1 0.134766 0.442383
vt1 0.138184 0.498535
vt1 0.134766 0.497559
vt1 0.134521 0.555664
vt1 0.138184 0.556641
vt1 0.142090 0.556152
vt1 0.134644 0.604004
vt1 0.138184 0.608154
vt1 0.141968 0.607666
vt1 0.134521 0.665771
vt1 0.138306 0.665527
vt1 0.142090 0.665771
vt1 0.134155 0.728760
vt1 0.141479 0.727295
vt1 0.137939 0.728271
vt1 0.137085 0.789429
vt1 0.143433 0.789673
vt1 0.158325 0.900696
vt1 0.172852 0.906067
vt1 0.158203 0.907532
vt1 0.176392 0.902405
vt1 0.175903 0.897156
vt1 0.207153 0.905762
vt1 0.214600 0.901794
vt1 0.206543 0.898315
vt1 0.250000 0.905884
vt1 0.239136 0.898315
vt1 0.286377 0.901917
vt1 0.286133 0.906677
vt1 0.280762 0.898438
vt1 0.304932 0.904297
vt1 0.285645 0.898010
vt1 0.306641 0.901001
vt1 0.305176 0.898071
vt1 0.904297 0.941711
vt1 0.944824 0.941620
vt1 0.941895 0.944794
vt1 0.888184 0.945221
vt1 0.940918 0.948456
vt1 0.848633 0.941833
vt1 0.873047 0.948395
vt1 0.817383 0.945282
vt1 0.805664 0.948517
vt1 0.805664 0.941711
vt1 0.760254 0.948364
vt1 0.761719 0.945007
vt1 0.752930 0.941864
vt1 0.696289 0.948212
vt1 0.698242 0.945007
vt1 0.704102 0.941681
vt1 0.655273 0.941650
vt1 0.641602 0.944977
vt1 0.621582 0.948975
vt1 0.612305 0.941833
vt1 0.588379 0.945038
vt1 0.534180 0.948425
vt1 0.545410 0.941650
vt1 0.523926 0.945007
vt1 0.465576 0.941711
vt1 0.456543 0.945221
vt1 0.459229 0.948303
vt1 0.399414 0.941833
vt1 0.399170 0.948090
vt1 0.551270 0.605469
vt1 0.459229 0.607422
vt1 0.460449 0.605225
vt1 0.551758 0.608643
vt1 0.456055 0.611816
vt1 0.612793 0.605225
vt1 0.559570 0.612061
vt1 0.625488 0.608643
vt1 0.614258 0.612061
vt1 0.663574 0.605225
vt1 0.665527 0.612061
vt1 0.693359 0.608887
vt1 0.705078 0.605469
vt1 0.717773 0.612061
vt1 0.745605 0.608398
vt1 0.750488 0.605225
vt1 0.775879 0.612305
vt1 0.810059 0.608643
vt1 0.809082 0.605469
vt1 0.829590 0.612061
vt1 0.887695 0.605713
vt1 0.868652 0.612549
vt1 0.892090 0.608643
vt1 0.963379 0.604736
vt1 0.912598 0.611572
vt1 0.963379 0.608398
vt1 0.963379 0.612793
vt1 0.458252 0.602295
vt1 0.551270 0.605225
vt1 0.460449 0.605225
vt1 0.550781 0.601807
vt1 0.456055 0.598389
vt1 0.612793 0.605225
vt1 0.559570 0.598633
vt1 0.611816 0.601807
vt1 0.663574 0.605225
vt1 0.614258 0.598389
vt1 0.663574 0.601807
vt1 0.705078 0.605469
vt1 0.665527 0.598389
vt1 0.726562 0.601318
vt1 0.717773 0.598389
vt1 0.750488 0.604980
vt1 0.775879 0.598145
vt1 0.810547 0.601807
vt1 0.809082 0.604980
vt1 0.829590 0.598389
vt1 0.890625 0.602051
vt1 0.887695 0.604980
vt1 0.868652 0.598877
vt1 0.963379 0.604736
vt1 0.912598 0.598145
vt1 0.963379 0.598877
vt1 0.422607 0.254883
vt1 0.361572 0.258301
vt1 0.361572 0.253418
vt1 0.423340 0.251953
vt1 0.361572 0.250000
vt1 0.521484 0.255371
vt1 0.431885 0.248535
vt1 0.551758 0.251953
vt1 0.611328 0.255371
vt1 0.537109 0.249023
vt1 0.711914 0.255371
vt1 0.610840 0.248535
vt1 0.708984 0.251953
vt1 0.848633 0.255371
vt1 0.724609 0.249023
vt1 0.844727 0.251953
vt1 0.956055 0.255371
vt1 0.851074 0.248535
vt1 0.956543 0.251953
vt1 0.956055 0.248535
vt1 0.851074 0.262207
vt1 0.956543 0.258789
vt1 0.956055 0.262207
vt1 0.844727 0.258789
vt1 0.956055 0.255371
vt1 0.724609 0.262207
vt1 0.848633 0.255371
vt1 0.671387 0.258789
vt1 0.611328 0.262207
vt1 0.711914 0.255859
vt1 0.537109 0.262207
vt1 0.611328 0.255371
vt1 0.519043 0.258789
vt1 0.432129 0.261719
vt1 0.521484 0.255859
vt1 0.422119 0.258301
vt1 0.361816 0.263672
vt1 0.422607 0.254883
vt1 0.361572 0.257812
vt1 0.886230 0.886169
vt1 0.936523 0.886292
vt1 0.937500 0.888855
vt1 0.886719 0.889587
vt1 0.938965 0.893005
vt1 0.800293 0.886414
vt1 0.886230 0.892944
vt1 0.801270 0.889526
vt1 0.678223 0.886292
vt1 0.783203 0.892822
vt1 0.681641 0.889526
vt1 0.575684 0.886230
vt1 0.672363 0.892883
vt1 0.575684 0.889587
vt1 0.472412 0.886230
vt1 0.575684 0.893005
vt1 0.361816 0.889526
vt1 0.361572 0.886169
vt1 0.472656 0.889771
vt1 0.471436 0.892883
vt1 0.361572 0.893005
vt1 0.886230 0.886169
vt1 0.937500 0.883301
vt1 0.936523 0.886108
vt1 0.887207 0.882751
vt1 0.938965 0.879028
vt1 0.800293 0.885925
vt1 0.886230 0.879333
vt1 0.801270 0.882812
vt1 0.678223 0.886047
vt1 0.783203 0.879517
vt1 0.681641 0.882751
vt1 0.575684 0.886230
vt1 0.672363 0.879456
vt1 0.575195 0.882812
vt1 0.472412 0.886169
vt1 0.575684 0.879395
vt1 0.361572 0.886169
vt1 0.361816 0.882812
vt1 0.472900 0.882629
vt1 0.471436 0.879517
vt1 0.361572 0.879333
vt1 0.570801 0.376953
vt1 0.510254 0.379395
vt1 0.511230 0.376465
vt1 0.604492 0.380371
vt1 0.507812 0.383789
vt1 0.590820 0.383301
vt1 0.636230 0.376953
vt1 0.632324 0.383789
vt1 0.685059 0.379883
vt1 0.689941 0.383301
vt1 0.695312 0.376953
vt1 0.739258 0.383301
vt1 0.761230 0.380371
vt1 0.744629 0.376465
vt1 0.814941 0.383301
vt1 0.791504 0.376953
vt1 0.859375 0.380371
vt1 0.900879 0.384766
vt1 0.945312 0.383789
vt1 0.857422 0.377930
vt1 0.945312 0.380371
vt1 0.945312 0.375977
vt1 0.570801 0.376953
vt1 0.511230 0.376465
vt1 0.510742 0.374023
vt1 0.605957 0.373535
vt1 0.508789 0.370117
vt1 0.591309 0.370117
vt1 0.636230 0.376953
vt1 0.632812 0.370117
vt1 0.686035 0.373535
vt1 0.690430 0.370117
vt1 0.695312 0.376953
vt1 0.739746 0.370117
vt1 0.744629 0.373047
vt1 0.744629 0.376465
vt1 0.815430 0.369629
vt1 0.819824 0.373047
vt1 0.791504 0.376953
vt1 0.900879 0.371094
vt1 0.857422 0.377441
vt1 0.900391 0.374512
vt1 0.945312 0.370117
vt1 0.945312 0.375977
vt1 0.505371 0.437988
vt1 0.507324 0.435059
vt1 0.588867 0.435059
vt1 0.588867 0.438477
vt1 0.657715 0.435059
vt1 0.587891 0.441895
vt1 0.502930 0.441895
vt1 0.653809 0.438477
vt1 0.652832 0.441406
vt1 0.717773 0.438965
vt1 0.708496 0.440918
vt1 0.729980 0.435059
vt1 0.770996 0.441406
vt1 0.776855 0.437988
vt1 0.776855 0.435059
vt1 0.836914 0.442383
vt1 0.823242 0.439453
vt1 0.824707 0.436035
vt1 0.880859 0.437988
vt1 0.904785 0.441895
vt1 0.881836 0.435059
vt1 0.955078 0.440918
vt1 0.955566 0.435059
vt1 0.873047 0.782471
vt1 0.947266 0.782715
vt1 0.947754 0.786011
vt1 0.875000 0.786377
vt1 0.947266 0.789795
vt1 0.875000 0.789917
vt1 0.816406 0.790039
vt1 0.817383 0.786133
vt1 0.813477 0.782593
vt1 0.758301 0.789917
vt1 0.760254 0.786255
vt1 0.757812 0.782593
vt1 0.704590 0.790039
vt1 0.707520 0.786011
vt1 0.708984 0.782593
vt1 0.666992 0.782593
vt1 0.643066 0.786255
vt1 0.623535 0.782593
vt1 0.645508 0.789795
vt1 0.572754 0.782593
vt1 0.571289 0.786255
vt1 0.570801 0.790039
vt1 0.509766 0.782593
vt1 0.508301 0.786255
vt1 0.509277 0.789917
vt1 0.423828 0.781982
vt1 0.423584 0.786255
vt1 0.423584 0.790161
vt1 0.409912 0.781494
vt1 0.411377 0.790405
vt1 0.411133 0.786377
vt1 0.240845 0.832520
vt1 0.231567 0.833740
vt1 0.233521 0.831055
vt1 0.239136 0.838379
vt1 0.229492 0.838379
vt1 0.288086 0.835205
vt1 0.272461 0.831299
vt1 0.285156 0.839966
vt1 0.319824 0.832397
vt1 0.318115 0.839111
vt1 0.347656 0.835449
vt1 0.351562 0.841064
vt1 0.349609 0.831787
vt1 0.367432 0.839600
vt1 0.365479 0.831665
vt1 0.079956 0.163574
vt1 0.076172 0.368652
vt1 0.076416 0.165527
vt1 0.080017 0.367188
vt1 0.076172 0.458008
vt1 0.084106 0.162109
vt1 0.083618 0.367676
vt1 0.080017 0.459961
vt1 0.083679 0.442871
vt1 0.076233 0.527100
vt1 0.083801 0.510498
vt1 0.079895 0.556885
vt1 0.076172 0.589111
vt1 0.083740 0.581543
vt1 0.079895 0.639893
vt1 0.076172 0.641357
vt1 0.083679 0.642090
vt1 0.079895 0.700928
vt1 0.076172 0.701904
vt1 0.083679 0.704102
vt1 0.079895 0.779419
vt1 0.076294 0.779907
vt1 0.083740 0.779785
vt1 0.076660 0.852783
vt1 0.083740 0.852417
vt1 0.206665 0.168457
vt1 0.206543 0.269531
vt1 0.203125 0.168945
vt1 0.199585 0.270508
vt1 0.198730 0.168457
vt1 0.203247 0.297363
vt1 0.206543 0.354980
vt1 0.199707 0.355469
vt1 0.203369 0.397949
vt1 0.206543 0.419922
vt1 0.199585 0.432617
vt1 0.203247 0.470215
vt1 0.206543 0.473145
vt1 0.199951 0.515869
vt1 0.206665 0.525635
vt1 0.203247 0.526123
vt1 0.206543 0.583984
vt1 0.203247 0.590820
vt1 0.199829 0.590576
vt1 0.206787 0.675293
vt1 0.203247 0.678711
vt1 0.199707 0.661865
vt1 0.206665 0.779663
vt1 0.199707 0.776611
vt1 0.202515 0.777832
vt1 0.192871 0.779663
vt1 0.192993 0.675293
vt1 0.196899 0.777954
vt1 0.196899 0.672119
vt1 0.199829 0.776611
vt1 0.199829 0.661865
vt1 0.199707 0.590576
vt1 0.196289 0.590820
vt1 0.192993 0.583984
vt1 0.199585 0.515625
vt1 0.196289 0.511475
vt1 0.192993 0.525635
vt1 0.199585 0.432617
vt1 0.192871 0.473145
vt1 0.196167 0.431641
vt1 0.193115 0.419922
vt1 0.193115 0.354980
vt1 0.196289 0.356445
vt1 0.199463 0.355469
vt1 0.192993 0.269531
vt1 0.196289 0.264648
vt1 0.199585 0.270508
vt1 0.192993 0.168457
vt1 0.198853 0.168457
vt1 0.479248 0.545410
vt1 0.567871 0.548096
vt1 0.480957 0.548584
vt1 0.565918 0.544678
vt1 0.625977 0.548340
vt1 0.476807 0.541748
vt1 0.564453 0.541504
vt1 0.640137 0.544922
vt1 0.628418 0.541748
vt1 0.695312 0.548584
vt1 0.661621 0.541504
vt1 0.700195 0.544922
vt1 0.700195 0.540283
vt1 0.741699 0.541748
vt1 0.749023 0.544922
vt1 0.750488 0.548340
vt1 0.797852 0.541748
vt1 0.807617 0.544922
vt1 0.808105 0.548096
vt1 0.867188 0.541504
vt1 0.882812 0.545166
vt1 0.885742 0.548096
vt1 0.911133 0.541504
vt1 0.961914 0.548340
vt1 0.961426 0.542969
vt1 0.400635 0.952179
vt1 0.399170 0.947693
vt1 0.459229 0.948425
vt1 0.399414 0.955780
vt1 0.465576 0.955322
vt1 0.507812 0.952057
vt1 0.534180 0.948273
vt1 0.545410 0.955414
vt1 0.563965 0.951935
vt1 0.621582 0.948853
vt1 0.619629 0.952118
vt1 0.612305 0.955231
vt1 0.696777 0.948761
vt1 0.655273 0.955475
vt1 0.695801 0.952026
vt1 0.704102 0.955292
vt1 0.752930 0.955231
vt1 0.775879 0.952087
vt1 0.760254 0.948669
vt1 0.805664 0.955353
vt1 0.805664 0.948517
vt1 0.848633 0.955414
vt1 0.853027 0.952026
vt1 0.873047 0.948364
vt1 0.904297 0.955322
vt1 0.941895 0.952057
vt1 0.940918 0.948486
vt1 0.944824 0.955566
vt1 0.615234 0.734131
vt1 0.666504 0.737305
vt1 0.615234 0.738770
vt1 0.655762 0.733643
vt1 0.616699 0.729492
vt1 0.684570 0.729492
vt1 0.705078 0.733398
vt1 0.716797 0.737549
vt1 0.728516 0.729492
vt1 0.748535 0.733398
vt1 0.752930 0.737061
vt1 0.769531 0.729492
vt1 0.789551 0.735596
vt1 0.807129 0.729492
vt1 0.813477 0.735840
vt1 0.854980 0.733643
vt1 0.852539 0.737061
vt1 0.841309 0.729736
vt1 0.905273 0.737305
vt1 0.884277 0.729736
vt1 0.906250 0.733398
vt1 0.950684 0.737549
vt1 0.949219 0.728760
vt1 0.949219 0.733154
vt1 0.331299 0.953979
vt1 0.322754 0.948456
vt1 0.334717 0.950684
vt1 0.319092 0.952362
vt1 0.326660 0.956757
vt1 0.305664 0.956085
vt1 0.215698 0.952118
vt1 0.216553 0.955872
vt1 0.201782 0.948700
vt1 0.138062 0.955994
vt1 0.150635 0.952057
vt1 0.133667 0.948669
vt1 0.077393 0.952118
vt1 0.076477 0.956146
vt1 0.076721 0.947357
vt1 0.922363 0.836914
vt1 0.922363 0.842041
vt1 0.875977 0.842041
vt1 0.848145 0.837891
vt1 0.828125 0.842285
vt1 0.878418 0.834351
vt1 0.921875 0.829834
vt1 0.873535 0.830566
vt1 0.830566 0.833984
vt1 0.829590 0.830322
vt1 0.783691 0.837891
vt1 0.782715 0.842041
vt1 0.785645 0.833496
vt1 0.780273 0.830322
vt1 0.737793 0.841919
vt1 0.740234 0.834351
vt1 0.728516 0.830566
vt1 0.700684 0.831665
vt1 0.704590 0.837891
vt1 0.700195 0.842529
vt1 0.660156 0.834106
vt1 0.661621 0.830444
vt1 0.663086 0.838501
vt1 0.660156 0.842407
vt1 0.620605 0.830933
vt1 0.620605 0.842285
vt1 0.620605 0.836914
vt1 0.577637 0.838623
vt1 0.577637 0.842896
vt1 0.520508 0.842285
vt1 0.565430 0.833984
vt1 0.579102 0.830322
vt1 0.516602 0.830200
vt1 0.517578 0.837891
vt1 0.491211 0.834351
vt1 0.447021 0.831177
vt1 0.446533 0.837646
vt1 0.447021 0.841919
vt1 0.346191 0.343262
vt1 0.342041 0.357910
vt1 0.340576 0.342773
vt1 0.352539 0.342285
vt1 0.351318 0.367676
vt1 0.346680 0.376465
vt1 0.342529 0.377441
vt1 0.351807 0.386230
vt1 0.342529 0.400391
vt1 0.348145 0.399414
vt1 0.351562 0.405762
vt1 0.349854 0.416992
vt1 0.345459 0.416016
vt1 0.340576 0.415527
vt1 0.342041 0.473633
vt1 0.345947 0.508545
vt1 0.340820 0.533447
vt1 0.342285 0.577393
vt1 0.352051 0.482422
vt1 0.350830 0.528564
vt1 0.348145 0.575439
vt1 0.352051 0.580078
vt1 0.350586 0.619873
vt1 0.345215 0.619385
vt1 0.340820 0.620605
vt1 0.341064 0.658447
vt1 0.346680 0.657959
vt1 0.351562 0.657227
vt1 0.345703 0.685059
vt1 0.353516 0.683838
vt1 0.640625 0.726074
vt1 0.616699 0.729980
vt1 0.615234 0.723389
vt1 0.666504 0.722412
vt1 0.684570 0.729736
vt1 0.697266 0.725586
vt1 0.716797 0.722168
vt1 0.728516 0.729736
vt1 0.752930 0.725830
vt1 0.753418 0.722168
vt1 0.769531 0.730225
vt1 0.800781 0.725830
vt1 0.789551 0.721924
vt1 0.813477 0.721191
vt1 0.807129 0.729980
vt1 0.852539 0.722412
vt1 0.851074 0.725830
vt1 0.841309 0.729736
vt1 0.904785 0.722168
vt1 0.884277 0.729980
vt1 0.904297 0.725830
vt1 0.950195 0.721924
vt1 0.949219 0.729004
vt1 0.320801 0.960083
vt1 0.327148 0.957001
vt1 0.333740 0.961945
vt1 0.322998 0.963287
vt1 0.305664 0.956085
vt1 0.217407 0.960052
vt1 0.216553 0.956146
vt1 0.201782 0.963409
vt1 0.138062 0.956238
vt1 0.131104 0.959839
vt1 0.133667 0.963684
vt1 0.076477 0.956146
vt1 0.076599 0.962494
vt1 0.483398 0.485840
vt1 0.546387 0.485352
vt1 0.483887 0.488770
vt1 0.481201 0.481934
vt1 0.553711 0.488770
vt1 0.562988 0.481934
vt1 0.618652 0.485352
vt1 0.615234 0.488770
vt1 0.613770 0.481934
vt1 0.682129 0.488770
vt1 0.672363 0.481934
vt1 0.699219 0.485352
vt1 0.728516 0.481934
vt1 0.754883 0.489258
vt1 0.769531 0.481934
vt1 0.789062 0.485352
vt1 0.825195 0.488770
vt1 0.853027 0.481934
vt1 0.882324 0.485352
vt1 0.881348 0.488770
vt1 0.948242 0.481934
vt1 0.948242 0.487793
vt1 0.406982 0.178711
vt1 0.312012 0.180664
vt1 0.312012 0.174805
vt1 0.406738 0.182129
vt1 0.416260 0.175293
vt1 0.498047 0.182129
vt1 0.488037 0.178223
vt1 0.504883 0.175293
vt1 0.585938 0.178711
vt1 0.595703 0.182129
vt1 0.589844 0.175293
vt1 0.680176 0.181641
vt1 0.674316 0.178223
vt1 0.666016 0.174805
vt1 0.740723 0.175293
vt1 0.761230 0.178223
vt1 0.760254 0.181641
vt1 0.844238 0.175293
vt1 0.847168 0.178711
vt1 0.833496 0.182129
vt1 0.953125 0.175293
vt1 0.949707 0.182129
vt1 0.951172 0.179199
vt1 0.874023 0.793823
vt1 0.947266 0.789673
vt1 0.947266 0.796631
vt1 0.875000 0.790161
vt1 0.873047 0.797729
vt1 0.816406 0.790161
vt1 0.816406 0.793945
vt1 0.813477 0.797607
vt1 0.758301 0.790405
vt1 0.762695 0.794067
vt1 0.757812 0.797485
vt1 0.709473 0.794067
vt1 0.709473 0.797607
vt1 0.704590 0.790039
vt1 0.666992 0.797607
vt1 0.645508 0.793945
vt1 0.624023 0.797607
vt1 0.645508 0.790649
vt1 0.573242 0.797607
vt1 0.571777 0.793945
vt1 0.570801 0.790161
vt1 0.510254 0.797485
vt1 0.509277 0.793823
vt1 0.509277 0.789917
vt1 0.423584 0.797729
vt1 0.423340 0.793701
vt1 0.423584 0.790161
vt1 0.409180 0.796265
vt1 0.411621 0.789795
vn -0.472441 0.322835 0.818897
vn 0.551181 0.141732 0.818897
vn -0.763780 0.480315 0.433071
vn 0.456693 0.322835 0.826771
vn -0.527559 0.685039 0.511811
vn 0.503937 0.362205 0.779527
vn -0.409449 0.842520 0.354331
vn 0.622047 0.330709 0.708661
vn -0.267717 0.937008 0.212598
vn 0.582677 0.590551 0.559055
vn -0.102362 0.992126 0.047244
vn 0.141732 0.968504 -0.220473
vn 0.669291 0.535433 0.511811
vn 0.724409 0.377953 0.574803
vn 0.299213 0.874016 -0.385827
vn 0.755906 0.401575 0.511811
vn 0.393701 0.771653 -0.496063
vn 0.787402 0.417323 0.448819
vn 0.503937 0.598425 -0.622047
vn 0.811024 0.299213 0.496063
vn 0.897638 0.338583 0.291339
vn 0.456693 0.314961 -0.834646
vn 0.944882 0.188976 0.275590
vn 0.850394 0.228346 -0.472441
vn 0.417323 0.212599 0.881890
vn -0.834646 0.283465 0.472441
vn 0.267717 0.141732 0.952756
vn -0.677165 0.488189 0.551181
vn 0.338583 0.346457 0.874016
vn -0.519685 0.669291 0.527559
vn 0.582677 0.251969 0.771653
vn -0.527559 0.818897 0.228346
vn 0.574803 0.425197 0.700787
vn -0.157480 0.968504 0.173228
vn 0.708661 0.291339 0.645669
vn -0.094488 0.952756 -0.283465
vn 0.236220 0.944882 -0.228347
vn 0.755906 0.251969 0.606299
vn 0.488189 0.724409 -0.488189
vn 0.858268 0.393701 0.314961
vn 0.622047 0.480315 -0.622047
vn 0.866142 0.173228 0.472441
vn 0.669291 0.283464 -0.685039
vn 0.889764 0.110236 0.440945
vn 0.692913 0.141732 -0.700787
vn 0.905512 0.047244 0.425197
vn 0.259843 -0.937008 -0.244094
vn -0.188976 -0.913386 -0.370079
vn 0.692913 0.173228 0.700787
vn 0.700787 0.000000 0.716535
vn 0.551181 -0.708661 -0.448819
vn 0.314961 0.291339 0.905512
vn 0.606299 -0.015748 0.795275
vn 0.393701 -0.464567 -0.795275
vn 0.740157 -0.409449 -0.527559
vn 0.267717 0.086614 0.960630
vn 0.622047 -0.086614 0.779527
vn 0.456693 -0.244095 -0.858268
vn 0.811024 -0.181102 -0.551181
vn 0.173228 -0.031496 0.984252
vn 0.000000 -0.811023 0.590551
vn 0.818898 -0.062992 -0.574803
vn 0.456693 -0.464567 -0.755905
vn -0.393701 -0.905512 0.165354
vn -0.677165 -0.732283 0.078740
vn -0.039370 -0.433071 -0.897638
vn 0.724409 0.314961 -0.614173
vn -0.165354 0.370079 -0.913386
vn -0.519685 -0.078740 0.850394
vn -0.102362 -0.448819 0.889764
vn -0.165354 0.141732 -0.976378
vn -0.984252 0.070866 0.149606
vn 0.070866 -0.062992 -0.992126
vn 0.196850 0.047244 0.976378
vn -0.314961 0.118110 -0.944882
vn -0.322835 -0.125984 0.937008
vn -0.960630 0.220472 0.149606
vn -0.181102 -0.417323 -0.889764
vn 0.338583 0.055118 0.937008
vn -0.614173 -0.787401 -0.094488
vn -0.039370 1.000000 0.039370
vn -0.952756 0.110236 -0.291339
vn -0.897638 0.346457 0.259842
vn 0.614173 -0.047244 -0.787401
vn 0.960630 -0.212598 -0.196850
vn -0.181102 -0.125984 -0.976378
vn 0.976378 0.039370 -0.228346
vn -0.984252 -0.047244 0.149606
vn -0.212598 0.047244 -0.976378
vn -0.968504 0.055118 0.244094
vn -0.984252 0.023622 0.188976
vn 0.984252 -0.133858 -0.118110
vn -0.354331 -0.393701 -0.850394
vn 0.771654 0.433071 -0.464567
vn -0.440945 0.866142 -0.236221
vn -0.039370 -0.259843 -0.968504
vn 0.464567 -0.850394 0.251969
vn 0.944882 0.188976 0.275590
vn -0.039370 -0.149606 0.984252
vn 0.984252 0.188976 -0.031496
vn 0.905512 0.299213 0.307087
vn -0.125984 -0.425197 0.897638
vn 0.771654 0.220472 0.598425
vn -0.976378 -0.188976 -0.102362
vn -0.464567 -0.700787 0.543307
vn 0.692913 0.094488 0.716535
vn -0.732283 -0.102362 -0.669291
vn 0.330709 0.275590 -0.905512
vn 0.826772 0.236220 -0.511811
vn 0.503937 0.629921 -0.590551
vn -0.724409 -0.141732 -0.669291
vn 0.370079 0.779527 -0.503937
vn -0.307087 -0.858268 0.409449
vn 0.732283 0.220472 0.645669
vn -0.708661 -0.086614 -0.700787
vn 0.283465 0.874016 -0.401575
vn 0.748031 0.236221 0.622047
vn -0.732283 -0.165354 -0.653543
vn 0.047244 0.968504 -0.244095
vn 0.220472 -0.858268 0.456693
vn 0.669291 0.535433 0.511811
vn 0.669291 0.480315 0.566929
vn -0.748031 -0.125984 -0.653543
vn -0.141732 0.992126 0.015748
vn -0.275591 0.937008 0.204724
vn 0.385827 -0.913386 0.149606
vn 0.685039 0.204724 0.700787
vn -0.716535 -0.125984 -0.685039
vn -0.440945 0.842520 0.307086
vn 0.362205 -0.866142 -0.354331
vn 0.724409 0.031496 0.685039
vn -0.700787 -0.110236 -0.700787
vn -0.527559 0.692913 0.496063
vn 0.511811 -0.692913 -0.503937
vn 0.598425 0.188976 0.779527
vn 0.700787 0.062992 0.716535
vn -0.732283 -0.007874 -0.677165
vn -0.850394 0.433071 0.299213
vn 0.149606 -0.362205 -0.921260
vn -0.007874 0.259843 0.968504
vn -0.488189 0.346457 0.803149
vn 0.480315 -0.874016 0.023622
vn 0.480315 -0.818897 0.299213
vn 0.125984 -0.118110 -0.984252
vn 0.062992 -0.047244 -1.000000
vn -0.519685 0.850394 -0.031496
vn 0.346457 -0.937008 0.031496
vn -0.440945 0.897638 -0.007874
vn 0.055118 -0.055118 -1.000000
vn 0.220472 -0.976378 0.000000
vn -0.307087 0.952756 -0.015748
vn 0.023622 -0.031496 -1.000000
vn 0.141732 -0.984252 0.133858
vn -0.196850 0.976378 -0.055118
vn 0.023622 -0.039370 -1.000000
vn 0.078740 -0.984252 0.149606
vn -0.118110 0.992126 -0.031496
vn 0.000000 -1.000000 0.015748
vn -0.031496 1.000000 -0.039370
vn 0.015748 0.039370 -1.000000
vn 0.055118 1.000000 -0.047244
vn -0.078740 -1.000000 -0.015748
vn 0.157480 0.984252 -0.015748
vn 0.000000 -0.015748 -1.000000
vn -0.157480 -0.984252 0.015748
vn 0.228346 0.976378 0.015748
vn -0.007874 -0.023622 -1.000000
vn -0.236220 -0.968504 -0.023622
vn 0.330709 0.944882 -0.015748
vn -0.330709 -0.944882 0.015748
vn 0.464567 0.889764 0.007874
vn 0.031496 -0.031496 -1.000000
vn -0.023622 1.000000 -0.062992
vn -0.496063 -0.866142 -0.047244
vn 0.031496 -0.110236 -0.992126
vn 0.015748 -1.000000 -0.062992
vn 0.000000 -0.157480 0.984252
vn -0.496063 -0.866142 0.055118
vn 0.015748 -1.000000 -0.023622
vn 0.031496 0.023622 1.000000
vn -0.007874 1.000000 -0.070866
vn -0.330709 -0.944882 0.015748
vn 0.472441 0.881890 0.023622
vn 0.031496 0.125984 0.992126
vn 0.330709 0.944882 -0.015748
vn -0.236220 -0.968504 0.023622
vn 0.244094 0.968504 0.031496
vn -0.023622 -0.023622 1.000000
vn -0.157480 -0.984252 0.015748
vn 0.157480 0.984252 -0.015748
vn -0.070866 -1.000000 0.023622
vn -0.007874 0.031496 1.000000
vn 0.055118 1.000000 0.015748
vn 0.000000 -1.000000 0.015748
vn -0.015748 0.188976 0.984252
vn -0.031496 1.000000 0.007874
vn 0.070866 -0.937008 0.338583
vn -0.118110 0.992126 -0.039370
vn -0.078740 0.566929 0.818897
vn 0.133858 -0.960630 0.236221
vn -0.196850 0.976378 -0.000000
vn -0.023622 0.039370 1.000000
vn 0.220472 -0.976378 0.055118
vn -0.322835 0.944882 -0.031496
vn -0.015748 -0.007874 1.000000
vn 0.338583 -0.929134 0.157480
vn -0.448819 0.889764 -0.023622
vn -0.047244 0.000000 1.000000
vn 0.480315 -0.874016 0.023622
vn -0.519685 0.850394 -0.031496
vn 0.401575 -0.724409 0.559055
vn -0.425197 -0.897638 0.110236
vn -0.480315 -0.850394 -0.220472
vn -0.015748 -0.070866 1.000000
vn 0.047244 0.062992 1.000000
vn 0.480315 0.874016 -0.062992
vn -0.314961 -0.944882 0.055118
vn 0.354331 0.937008 -0.031496
vn -0.149606 -0.976378 0.173228
vn 0.031496 0.039370 1.000000
vn 0.181102 0.984252 -0.023622
vn 0.078740 -1.000000 0.023622
vn 0.070866 1.000000 -0.047244
vn 0.031496 0.118110 0.992126
vn -0.133858 0.992126 -0.023622
vn 0.055118 -0.023622 1.000000
vn 0.291339 -0.960630 0.015748
vn -0.299213 0.952756 -0.039370
vn 0.472441 -0.881890 0.023622
vn -0.456693 0.889764 -0.031496
vn 0.007874 0.047244 1.000000
vn 0.472441 -0.881890 0.055118
vn -0.464567 0.881890 0.031496
vn 0.039370 -0.031496 1.000000
vn 1.000000 -0.086614 -0.007874
vn 0.015748 -0.889764 0.456693
vn 0.055118 -1.000000 -0.047244
vn 1.000000 -0.015748 0.000000
vn -0.039370 1.000000 0.047244
vn 0.031496 -0.952756 0.299213
vn 0.015748 0.881890 -0.464567
vn 1.000000 -0.023622 0.023622
vn -0.015748 0.944882 -0.322835
vn 0.047244 -0.984252 0.149606
vn 0.000000 0.968504 -0.236221
vn 1.000000 0.055118 -0.000000
vn -0.023622 0.992126 -0.149606
vn 0.110236 -0.992126 0.007874
vn -0.015748 1.000000 -0.070866
vn 1.000000 0.070866 0.015748
vn -0.023622 1.000000 0.015748
vn -0.015748 0.992126 0.094488
vn 1.000000 0.031496 0.007874
vn 0.031496 -0.992126 -0.110236
vn -0.039370 0.984252 0.188976
vn 1.000000 0.000000 0.007874
vn 0.078740 -0.976378 -0.204724
vn -0.031496 0.944882 0.322834
vn 1.000000 -0.055118 0.007874
vn 0.023622 -0.952756 -0.291338
vn 1.000000 0.039370 0.055118
vn -0.023622 0.889764 0.448819
vn 0.039370 -0.905512 -0.433071
vn -0.031496 0.858268 0.519685
vn 0.559055 -0.724409 -0.401575
vn 0.015748 -0.889764 0.456693
vn -0.984252 -0.173228 -0.031496
vn 0.000000 -1.000000 -0.047244
vn -1.000000 -0.055118 -0.015748
vn -0.047244 1.000000 0.055118
vn 0.007874 -0.952756 0.299213
vn -0.031496 0.881890 -0.464567
vn -1.000000 -0.055118 0.015748
vn -0.015748 0.944882 -0.322835
vn -0.015748 -0.992126 0.149606
vn -0.031496 0.968504 -0.236221
vn -1.000000 0.023622 -0.007874
vn -0.007874 0.992126 -0.149606
vn -0.062992 -1.000000 0.000000
vn -0.015748 1.000000 -0.070866
vn -1.000000 0.031496 -0.007874
vn -0.007874 1.000000 0.015748
vn -0.023622 0.992126 0.094488
vn -1.000000 0.015748 -0.007874
vn 0.007874 -0.992126 -0.110236
vn -0.031496 0.976378 0.196850
vn -0.992126 -0.078740 -0.047244
vn -0.007874 -0.976378 -0.204724
vn -0.031496 0.944882 0.314960
vn -0.992126 -0.094488 -0.062992
vn 0.023622 -0.952756 -0.291338
vn -0.007874 0.897638 0.440945
vn -0.015748 -0.905512 -0.425197
vn -1.000000 -0.047244 -0.062992
vn -0.031496 0.858268 0.519685
vn -0.984252 -0.118110 -0.125984
vn 0.299213 -0.818898 -0.480315
vn 0.039370 -0.763779 -0.645669
vn 0.976378 -0.181102 -0.118110
vn 0.023622 -0.842520 -0.535433
vn 1.000000 0.070866 0.055118
vn -0.023622 0.803150 0.598425
vn 0.055118 -0.889764 -0.456693
vn -0.007874 0.795276 0.606299
vn 1.000000 0.039370 0.015748
vn 0.196850 -0.968504 -0.173228
vn -0.015748 0.897638 0.440945
vn 1.000000 0.047244 -0.007874
vn -0.007874 0.968504 0.236220
vn 0.055118 -0.984252 0.165354
vn -0.031496 1.000000 0.055118
vn 0.992126 0.078740 -0.047244
vn -0.236220 0.952756 -0.173228
vn -0.039370 0.929134 -0.362205
vn 0.031496 -0.929134 0.362205
vn -0.007874 0.866142 -0.503937
vn 1.000000 0.039370 -0.031496
vn 0.078740 -0.842520 0.535433
vn -0.039370 0.755905 -0.653543
vn 1.000000 0.015748 -0.031496
vn 0.039370 -0.755905 0.653543
vn -0.039370 0.724409 -0.685039
vn 0.582677 -0.606299 0.543307
vn 0.007874 -0.763779 -0.653543
vn 0.047244 -0.842520 -0.535433
vn -0.952756 -0.220472 -0.196850
vn -1.000000 -0.031496 -0.031496
vn -0.039370 0.826772 0.559055
vn 0.015748 -0.889764 -0.456693
vn -0.078740 0.795276 0.606299
vn -1.000000 -0.023622 -0.039370
vn -0.078740 -0.984252 -0.173228
vn -0.047244 0.897638 0.440945
vn -1.000000 -0.031496 -0.023622
vn -0.062992 0.968504 0.236220
vn -0.031496 1.000000 0.055118
vn 0.015748 -0.984252 0.165354
vn -0.716535 0.685039 -0.110236
vn -1.000000 -0.015748 0.039370
vn -0.039370 0.929134 -0.362205
vn 0.031496 -0.929134 0.362205
vn -0.078740 0.858268 -0.503937
vn -1.000000 -0.015748 0.039370
vn 0.007874 -0.842520 0.543307
vn -0.039370 0.755905 -0.653543
vn -0.039370 0.724409 -0.685039
vn 0.039370 -0.755905 0.653543
vn -0.984252 -0.110236 0.141732
vn 0.322835 -0.692913 0.645669
vn 0.157480 -0.850394 -0.503937
vn 0.992126 -0.118110 -0.031496
vn -0.244094 -0.803150 -0.543307
vn 1.000000 0.055118 0.047244
vn -0.031496 0.834646 0.551181
vn 0.015748 -0.929134 -0.362205
vn -0.023622 0.874016 0.488189
vn 0.992126 0.094488 0.023622
vn -0.031496 0.937008 0.346457
vn 1.000000 -0.039370 -0.039370
vn -0.031496 -0.992126 -0.125984
vn 0.000000 0.992126 0.133858
vn 0.078740 -0.992126 0.118110
vn 0.992126 0.078740 -0.039370
vn 0.023622 1.000000 -0.070866
vn -0.031496 0.968504 -0.236221
vn 1.000000 0.047244 -0.023622
vn 0.062992 -0.952756 0.299213
vn 0.023622 0.858268 -0.511811
vn 1.000000 -0.023622 0.000000
vn 0.031496 -0.913386 0.409449
vn -0.039370 0.992126 0.086614
vn 0.023622 -0.968504 0.251969
vn 1.000000 -0.000000 -0.015748
vn 0.000000 0.606299 -0.795276
vn 0.307087 0.543307 -0.779527
vn -0.992126 0.062992 -0.118110
vn -0.992126 -0.070866 0.055118
vn 0.000000 -0.566929 0.826772
vn -0.070866 -0.637795 0.763779
vn 0.015748 0.732283 -0.677165
vn 0.000000 -0.771653 0.637795
vn -1.000000 -0.007874 -0.015748
vn -0.031496 -0.889764 0.448819
vn -1.000000 -0.023622 -0.015748
vn -0.086614 0.913386 -0.393701
vn 0.055118 -0.992126 0.102362
vn -1.000000 0.031496 -0.023622
vn -0.409449 0.913386 0.070866
vn 0.023622 -0.913386 -0.401575
vn -0.181102 0.897638 0.401575
vn -1.000000 -0.023622 -0.062992
vn -0.078740 0.716535 0.692913
vn -0.992126 -0.047244 -0.102362
vn 0.062992 -0.700787 -0.708661
vn -0.984252 -0.086614 -0.157480
vn -0.125984 0.803150 0.582677
vn 0.141732 -0.763779 -0.622047
vn -0.850394 0.488189 0.196850
vn -0.047244 0.385827 -0.921260
vn -0.362205 0.921260 0.133858
vn -0.062992 0.133858 -0.992126
vn 0.314961 -0.834646 -0.456693
vn -0.653543 0.700787 0.291338
vn 0.826772 -0.503937 -0.244094
vn -0.039370 0.196850 -0.976378
vn -0.228346 0.929134 0.291338
vn 0.417323 -0.858268 -0.299212
vn 0.094488 0.322834 -0.944882
vn 0.204724 0.944882 0.251968
vn 0.078740 -0.968504 -0.244094
vn 0.496063 0.818898 0.291338
vn -0.212598 -0.913386 -0.354331
vn 0.196850 0.228346 -0.952756
vn -0.488189 -0.803150 -0.338583
vn 0.669291 0.677165 0.299212
vn -0.448819 -0.527559 -0.716535
vn 0.338583 0.149606 -0.929134
vn 0.850394 0.433071 0.299213
vn -0.866142 -0.440945 -0.244094
vn -0.850394 0.488189 0.196850
vn -0.362205 0.905512 0.236220
vn -0.078740 0.118110 0.992126
vn 0.133858 -0.157480 0.976378
vn 0.354331 -0.881890 -0.307086
vn -0.685039 0.708661 0.181102
vn 0.826772 -0.511811 -0.251968
vn 0.102362 -0.251968 0.960630
vn -0.259843 0.929134 0.267716
vn 0.417323 -0.866142 -0.283464
vn -0.055118 -0.251968 0.968504
vn 0.204724 0.937008 0.275590
vn 0.078740 -0.968504 -0.244094
vn -0.196850 -0.291338 0.937008
vn -0.228346 -0.937008 -0.251968
vn 0.503937 0.803150 0.322835
vn -0.496063 -0.818898 -0.291338
vn -0.259843 -0.165354 0.952756
vn 0.669291 0.653543 0.354331
vn -0.590551 -0.606299 -0.527559
vn 0.795276 0.464567 0.385827
vn -0.866142 -0.440945 -0.228346
vn -0.330709 -0.897638 -0.299212
vn 0.000000 0.125984 -0.992126
vn 0.023622 -0.952756 -0.299212
vn 0.165354 0.267716 -0.952756
vn 0.125984 0.952756 0.267716
vn -0.188976 -0.937008 -0.291338
vn 0.354331 0.905512 0.220472
vn 0.086614 0.267716 -0.960630
vn 0.204724 0.944882 0.244094
vn -0.031496 -0.968504 -0.259842
vn 0.086614 0.960630 0.251968
vn 0.062992 0.314960 -0.944882
vn -0.102362 0.968504 0.228346
vn 0.023622 0.204724 -0.976378
vn 0.125984 -0.968504 -0.204724
vn -0.244094 0.944882 0.220472
vn 0.244094 -0.937008 -0.251968
vn -0.015748 0.220472 -0.976378
vn -0.377953 0.905512 0.204724
vn 0.370079 -0.889764 -0.251968
vn -0.047244 0.220472 -0.976378
vn -0.488189 0.842520 0.220472
vn 0.488189 -0.850394 -0.212598
vn -0.086614 0.212598 -0.976378
vn -0.511811 0.795276 0.322835
vn 0.527559 -0.850394 -0.007874
vn -0.078740 0.204724 -0.976378
vn -0.787402 0.614173 -0.055118
vn -0.047244 0.062992 -1.000000
vn -0.803150 0.551181 0.244094
vn 0.133858 -0.070866 -0.984252
vn 0.818898 -0.566929 0.055118
vn 0.755906 -0.645669 -0.047244
vn -0.716535 0.700787 -0.055118
vn 0.559055 -0.826772 -0.007874
vn 0.062992 -0.000000 -1.000000
vn -0.496063 0.858268 -0.125984
vn 0.267717 -0.960630 -0.023622
vn 0.070866 -0.015748 -1.000000
vn -0.188976 0.976378 -0.102362
vn -0.125984 -0.992126 0.039370
vn 0.086614 0.566929 -0.818898
vn 0.055118 -0.015748 -1.000000
vn 0.291339 0.960630 -0.000000
vn 0.433071 0.897638 -0.015748
vn -0.448819 -0.889764 -0.031496
vn 0.637795 0.763779 -0.000000
vn 0.007874 -0.055118 -1.000000
vn -0.653543 -0.755905 -0.062992
vn -0.055118 -0.102362 -0.992126
vn 0.519685 0.858268 -0.015748
vn -0.559055 -0.826772 0.047244
vn 0.818898 0.566929 -0.094488
vn 0.818898 0.496063 0.275590
vn 0.118110 -0.007874 -0.992126
vn -0.015748 -0.102362 -0.992126
vn -0.866142 -0.503937 0.023622
vn -0.803150 -0.590551 -0.007874
vn 0.677165 0.732283 -0.055118
vn -0.677165 -0.732283 0.047244
vn -0.062992 -0.173228 -0.984252
vn -0.535433 -0.842520 0.031496
vn 0.047244 -0.086614 -0.992126
vn 0.496063 0.858268 -0.102362
vn -0.330709 -0.937008 0.078740
vn 0.055118 -0.110236 -0.992126
vn 0.322835 0.944882 -0.102362
vn -0.110236 -0.992126 0.078740
vn 0.078740 -0.118110 -0.992126
vn 0.086614 0.984252 -0.173228
vn 0.157480 -0.984252 0.118110
vn -0.118110 0.976378 -0.173228
vn 0.094488 -0.031496 -0.992126
vn -0.314961 0.937008 -0.157480
vn 0.141732 -0.118110 -0.984252
vn -0.433071 0.889764 -0.157480
vn 0.417323 -0.905512 0.047244
vn -0.574803 0.795275 -0.188976
vn 0.133858 -0.086614 -0.984252
vn -0.464567 0.874016 -0.133858
vn 0.614173 -0.779527 0.149606
vn 0.039370 -0.322835 -0.944882
vn 0.464567 -0.850394 0.251969
vn 0.590551 -0.787401 0.165354
vn 0.039370 0.133858 0.992126
vn 0.464567 -0.850394 0.251969
vn -0.141732 0.086614 0.984252
vn -0.456693 0.858268 -0.220473
vn 0.377953 -0.874016 0.291339
vn -0.574803 0.803149 -0.157480
vn -0.110236 0.086614 0.992126
vn -0.433071 0.889764 -0.157480
vn 0.165354 -0.976378 0.165354
vn -0.322835 0.937008 -0.133858
vn -0.102362 0.165354 0.984252
vn -0.102362 -0.976378 0.196850
vn -0.125984 0.984252 -0.102362
vn -0.062992 0.204724 0.976378
vn 0.078740 0.992126 -0.047244
vn 0.322835 0.944882 -0.078740
vn -0.062992 0.125984 0.992126
vn -0.330709 -0.937008 0.102362
vn 0.496063 0.866142 -0.047244
vn -0.031496 0.141732 0.992126
vn -0.535433 -0.834646 0.118110
vn 0.677165 0.732283 -0.055118
vn -0.070866 0.062992 0.992126
vn -0.677165 -0.732283 0.047244
vn 0.795276 0.598425 -0.047244
vn -0.803150 -0.590551 0.110236
vn -0.070866 0.047244 1.000000
vn 0.629921 0.433071 0.637795
vn -0.866142 -0.503937 0.023622
vn -0.188976 -0.007874 0.984252
vn 0.968504 -0.204724 -0.118110
vn 0.850394 -0.283465 -0.440945
vn 0.228346 0.102362 0.968504
vn -0.992126 0.086614 -0.070866
vn 0.984252 0.039370 -0.188976
vn 0.062992 -0.007874 1.000000
vn -0.984252 -0.047244 0.157480
vn 0.968504 -0.165354 -0.181102
vn -0.984252 0.039370 0.188976
vn 0.212598 0.204724 0.952756
vn 0.803150 0.448819 -0.393701
vn -0.968504 0.039370 0.251968
vn -0.409449 0.913386 0.047244
vn -0.574803 -0.795275 0.212598
vn 0.000000 0.204724 0.976378
vn 0.464567 -0.850394 0.251969
vn -0.724409 0.685039 0.062992
vn -0.181102 0.984252 0.047244
vn -0.015748 0.212599 0.976378
vn 0.086614 -0.094488 0.992126
vn 0.188976 -0.976378 -0.086614
vn -0.629921 0.771653 0.094488
vn 0.708661 -0.700787 -0.039370
vn 0.078740 -0.118110 0.992126
vn 0.496063 -0.866142 -0.062992
vn -0.496063 0.866142 0.062992
vn 0.354331 -0.937008 -0.015748
vn 0.015748 -0.039370 1.000000
vn -0.314961 0.944882 0.118110
vn 0.102362 -0.992126 0.007874
vn 0.023622 0.000000 1.000000
vn -0.141732 0.992126 0.047244
vn 0.078740 0.992126 0.055118
vn 0.015748 -0.062992 1.000000
vn -0.204724 -0.968504 -0.141732
vn 0.236220 0.968504 0.094488
vn 0.031496 -0.055118 1.000000
vn -0.464567 -0.881890 -0.015748
vn 0.456693 0.889764 0.031496
vn 0.031496 -0.039370 1.000000
vn 0.629921 0.779527 0.007874
vn 0.000000 -0.078740 1.000000
vn -0.661417 -0.748031 0.031496
vn 0.716535 0.661417 0.212598
vn -0.653543 -0.669291 0.354331
vn -0.590551 -0.795275 -0.133858
vn -0.196850 -0.220473 -0.952756
vn -0.503937 -0.858268 -0.094488
vn 0.078740 0.086614 -0.992126
vn 0.511811 0.858268 0.023622
vn -0.409449 -0.905512 -0.118110
vn 0.559055 0.826772 0.070866
vn 0.039370 0.118110 -0.992126
vn 0.401575 0.913386 0.070866
vn -0.212598 -0.976378 -0.078740
vn 0.220472 0.968504 0.086614
vn 0.000000 0.157480 -0.984252
vn -0.015748 -1.000000 -0.086614
vn -0.078740 0.992126 0.125984
vn -0.023622 0.086614 -0.992126
vn 0.251969 -0.960630 -0.125984
vn -0.385827 0.905512 0.165354
vn -0.047244 0.070866 -1.000000
vn 0.511811 -0.842520 -0.188976
vn -0.590551 0.803149 0.102362
vn 0.724409 -0.653543 -0.196850
vn -0.692913 0.708661 0.102362
vn -0.031496 0.015748 -1.000000
vn 0.811024 -0.574803 -0.102362
vn -0.779528 0.622047 0.102362
vn -0.188976 0.125984 -0.976378
vn -0.755906 0.535433 0.370079
vn -0.212598 -0.228346 0.952756
vn -0.590551 -0.803149 -0.070866
vn -0.496063 -0.866142 -0.086614
vn -0.031496 -0.070866 1.000000
vn 0.503937 0.850394 0.141732
vn -0.409449 -0.905512 -0.070866
vn 0.559055 0.818897 0.133858
vn -0.039370 -0.078740 1.000000
vn -0.228346 -0.968504 -0.070866
vn 0.393701 0.913386 0.110236
vn -0.023622 -0.078740 1.000000
vn -0.015748 -1.000000 -0.086614
vn 0.188976 0.976378 0.062992
vn -0.007874 0.031496 1.000000
vn -0.055118 0.992126 0.110236
vn 0.228346 -0.968504 -0.086614
vn -0.370079 0.929134 0.031496
vn 0.102362 -0.110236 0.992126
vn 0.535433 -0.842520 -0.015748
vn -0.590551 0.803149 0.102362
vn 0.118110 -0.070866 0.992126
vn 0.748031 -0.661417 -0.007874
vn -0.692913 0.708661 0.102362
vn 0.811024 -0.574803 -0.102362
vn -0.779528 0.622047 0.102362
vn -0.629921 0.472441 0.614173
vn 0.015748 -0.897638 0.433071
vn -0.307087 -0.826771 0.472441
vn 0.984252 -0.118110 0.125984
vn 1.000000 -0.039370 0.070866
vn 0.031496 0.858268 -0.503937
vn -0.007874 -0.952756 0.307087
vn 0.047244 0.913386 -0.401575
vn 1.000000 -0.015748 0.070866
vn -0.015748 -0.968504 0.244095
vn 0.055118 0.952756 -0.291339
vn 0.015748 -0.984252 0.196850
vn 0.015748 0.968504 -0.244095
vn 1.000000 0.000000 0.070866
vn 0.023622 -0.992126 0.133858
vn 0.039370 0.984252 -0.181102
vn 1.000000 0.015748 0.070866
vn 0.000000 -1.000000 0.078740
vn 0.023622 0.992126 -0.125984
vn 1.000000 0.007874 0.070866
vn 0.000000 1.000000 -0.078740
vn -0.015748 0.992126 -0.125984
vn -1.000000 0.007874 -0.062992
vn 0.000000 1.000000 -0.078740
vn -1.000000 0.015748 -0.062992
vn 0.000000 -1.000000 0.078740
vn -0.015748 0.984252 -0.188976
vn -0.031496 -0.992126 0.125984
vn -1.000000 -0.015748 -0.055118
vn 0.015748 0.968504 -0.244095
vn -0.039370 -0.984252 0.188976
vn -0.031496 0.952756 -0.291339
vn -0.015748 -0.968504 0.244095
vn -1.000000 -0.031496 -0.047244
vn 0.000000 0.913386 -0.401575
vn -0.055118 -0.952756 0.307087
vn -1.000000 -0.031496 -0.039370
vn 0.031496 0.858268 -0.503937
vn -0.055118 -0.905512 0.425197
vn -0.566929 -0.732283 0.385827
vn 0.031496 -0.913386 -0.401575
vn -0.039370 -1.000000 0.047244
vn -0.992126 -0.133858 -0.007874
vn -1.000000 0.007874 -0.039370
vn -0.007874 1.000000 -0.047244
vn -0.055118 -0.960630 -0.267716
vn -0.031496 0.913386 0.401575
vn -1.000000 -0.023622 -0.086614
vn -0.023622 -0.992126 -0.125984
vn -0.078740 0.968504 0.220472
vn -1.000000 -0.023622 -0.078740
vn 0.007874 -1.000000 -0.039370
vn -0.039370 0.992126 0.102362
vn -1.000000 -0.015748 -0.078740
vn -0.023622 -1.000000 0.023622
vn -0.007874 1.000000 0.039370
vn -1.000000 -0.062992 -0.055118
vn 0.000000 -1.000000 0.078740
vn -0.992126 0.086614 -0.070866
vn -0.047244 1.000000 -0.023622
vn 0.000000 1.000000 -0.078740
vn 0.031496 -0.913386 -0.401575
vn 0.992126 -0.094488 0.047244
vn 0.039370 -1.000000 0.047244
vn 1.000000 -0.015748 0.086614
vn -0.055118 1.000000 -0.039370
vn 0.094488 -0.960630 -0.251968
vn -0.031496 0.913386 0.401575
vn 1.000000 -0.015748 0.062992
vn 0.047244 -0.992126 -0.118110
vn 0.039370 0.968504 0.228346
vn 1.000000 -0.015748 0.062992
vn 0.007874 -1.000000 -0.039370
vn 0.015748 0.992126 0.110236
vn 1.000000 -0.007874 0.062992
vn 0.007874 -1.000000 0.023622
vn -0.007874 1.000000 0.039370
vn 0.000000 -1.000000 0.078740
vn 0.992126 -0.062992 0.078740
vn 0.992126 0.094488 0.070866
vn 0.047244 1.000000 -0.023622
vn 0.000000 1.000000 -0.078740
vn 0.007874 -0.826771 0.566929
vn -0.960630 -0.228346 0.157480
vn 0.015748 -0.889764 0.456693
vn -1.000000 0.031496 -0.047244
vn 0.007874 0.858268 -0.503937
vn -0.062992 0.858268 -0.511811
vn 0.000000 -0.944882 0.322835
vn -0.015748 0.944882 -0.338583
vn -1.000000 -0.007874 -0.039370
vn -0.078740 0.992126 -0.110236
vn 0.000000 -1.000000 0.078740
vn -0.039370 0.992126 0.086614
vn -1.000000 -0.000000 -0.039370
vn -0.007874 -0.992126 -0.110236
vn 0.015748 0.944882 0.314960
vn 0.023622 -0.968504 -0.244094
vn -1.000000 -0.023622 -0.039370
vn -0.031496 0.889764 0.456693
vn -0.031496 0.874016 0.488189
vn -0.102362 -0.905512 -0.417323
vn -0.984252 -0.125984 -0.102362
vn 0.307087 -0.834646 -0.456693
vn 0.007874 -0.818897 0.566929
vn 0.000000 -0.889764 0.456693
vn 0.968504 -0.196850 0.133858
vn 1.000000 0.062992 -0.023622
vn 0.062992 0.858268 -0.511811
vn 0.007874 0.858268 -0.511811
vn 0.015748 -0.944882 0.322835
vn 0.000000 0.944882 -0.338583
vn 1.000000 0.023622 0.007874
vn 0.047244 0.992126 -0.110236
vn 0.031496 -1.000000 0.078740
vn 0.000000 1.000000 0.086614
vn 1.000000 0.015748 0.015748
vn 0.047244 -0.992126 -0.110236
vn -0.007874 0.960630 0.283464
vn 1.000000 0.039370 0.023622
vn 0.023622 -0.968504 -0.244094
vn -0.031496 0.889764 0.456693
vn -0.070866 -0.913386 -0.393701
vn 1.000000 0.000000 0.015748
vn -0.031496 0.874016 0.488189
vn 0.566929 -0.724409 -0.385827
vn 1.000000 -0.015748 -0.015748
vn 0.062992 -0.763779 -0.645669
vn 0.086614 -0.700787 -0.708661
vn 1.000000 -0.031496 0.031496
vn 0.062992 -0.913386 -0.401575
vn -0.055118 0.700787 0.708661
vn -0.031496 0.803150 0.590551
vn 1.000000 0.031496 0.070866
vn 0.062992 0.905512 0.425197
vn 0.992126 0.094488 0.078740
vn 0.330709 0.937008 0.110236
vn 0.000000 -0.992126 0.094488
vn 0.039370 0.921260 -0.393701
vn 1.000000 0.039370 0.047244
vn 0.062992 -0.889764 0.456693
vn -0.015748 0.732283 -0.677165
vn 1.000000 0.039370 0.031496
vn 0.000000 -0.771653 0.637795
vn 0.992126 -0.031496 0.094488
vn 0.000000 0.606299 -0.795276
vn 0.078740 -0.637795 0.771653
vn 0.685039 0.433071 -0.590551
vn 0.000000 -0.566929 0.826772
vn 0.062992 0.685039 0.724409
vn 0.094488 0.480315 0.874016
vn 1.000000 -0.007874 0.070866
vn 0.992126 -0.125984 -0.055118
vn 0.023622 -0.496063 -0.866142
vn 0.000000 -0.685039 -0.732283
vn -0.031496 -0.826772 -0.559055
vn 1.000000 -0.055118 0.023622
vn 0.086614 0.842520 0.527559
vn -0.031496 -0.960630 -0.291338
vn 0.992126 -0.110236 0.031496
vn 0.102362 0.960630 0.251968
vn -0.086614 -1.000000 0.000000
vn 0.992126 0.039370 0.094488
vn 0.110236 0.992126 0.023622
vn 0.125984 0.976378 -0.165354
vn 0.984252 -0.102362 0.149606
vn 0.141732 0.937008 -0.314961
vn -0.047244 -0.960630 0.283465
vn 0.165354 0.881890 -0.448819
vn 0.984252 -0.070866 0.173228
vn -0.141732 -0.874016 0.464567
vn 0.188976 0.795275 -0.574803
vn 0.984252 -0.062992 0.188976
vn -0.149606 -0.779527 0.606299
vn 0.110236 0.881890 -0.456693
vn 0.968504 -0.244094 0.023622
vn -0.259843 -0.850394 0.456693
vn -0.015748 1.000000 -0.039370
vn -0.409449 -0.913386 0.047244
vn 0.937008 -0.275591 -0.204724
vn 0.377953 -0.251969 -0.889764
vn 0.913386 -0.393701 -0.141732
vn -0.330709 -0.944882 0.000000
vn 0.637795 0.039370 0.763779
vn 0.078740 1.000000 0.015748
vn 0.968504 0.062992 -0.236220
vn -0.275591 0.157480 -0.952756
vn 0.000000 -0.078740 1.000000
vn 0.299213 -0.078740 -0.952756
vn 0.212598 0.055118 0.976378
vn 0.984252 -0.102362 -0.133858
vn -0.157480 -0.173228 0.968504
vn -0.133858 0.125984 -0.984252
vn 0.370079 -0.125984 0.921260
vn -0.165354 0.370079 -0.913386
vn -0.157480 -0.259842 0.952756
vn -0.338583 -0.913386 -0.236220
vn 0.039370 -0.937008 -0.346457
vn -0.125984 -0.212598 0.968504
vn -0.188976 -0.952756 -0.236220
vn -0.023622 0.976378 0.220472
vn 0.354331 0.889764 0.275590
vn -0.102362 -0.212598 0.968504
vn 0.204724 0.944882 0.251968
vn -0.031496 -0.968504 -0.244094
vn 0.086614 0.960630 0.251968
vn -0.039370 -0.283464 0.960630
vn 0.118110 -0.968504 -0.228346
vn -0.102362 0.968504 0.236220
vn 0.007874 -0.259842 0.968504
vn 0.244094 -0.944882 -0.228346
vn -0.251969 0.937008 0.251968
vn 0.047244 -0.244094 0.968504
vn 0.385827 -0.897638 -0.212598
vn -0.385827 0.889764 0.251968
vn 0.078740 -0.220472 0.968504
vn 0.488189 -0.850394 -0.212598
vn -0.488189 0.842520 0.220472
vn 0.519685 -0.842520 0.149606
vn -0.496063 0.771653 0.393701
vn 0.551181 0.834646 0.031496
vn 0.503937 0.866142 0.062992
vn -0.094488 -0.047244 0.992126
vn -0.488189 -0.866142 -0.078740
vn -0.519685 -0.811024 -0.267716
vn -0.039370 0.039370 1.000000
vn 0.338583 0.937008 0.015748
vn -0.346457 -0.937008 -0.031496
vn -0.039370 0.007874 1.000000
vn 0.141732 0.992126 0.023622
vn -0.094488 -0.992126 -0.055118
vn -0.047244 0.007874 1.000000
vn -0.039370 1.000000 0.023622
vn 0.165354 -0.984252 0.047244
vn -0.188976 0.984252 -0.023622
vn -0.023622 0.031496 1.000000
vn -0.322835 0.944882 0.023622
vn -0.023622 0.000000 1.000000
vn 0.338583 -0.944882 0.023622
vn -0.527559 0.850394 -0.055118
vn -0.023622 -0.007874 1.000000
vn 0.433071 -0.897638 0.000000
vn 0.055118 1.000000 -0.023622
vn 0.259843 -0.968504 0.000000
vn -0.055118 -0.070866 0.992126
vn 0.062992 1.000000 -0.000000
vn -0.464567 0.874016 -0.133858
vn 0.000000 -0.070866 -1.000000
vn 0.181102 -0.220473 -0.960630
vn 0.251969 -0.968504 0.000000
vn 0.433071 -0.897638 0.023622
vn 0.338583 -0.944882 -0.007874
vn 0.023622 0.023622 -1.000000
vn -0.322835 0.944882 -0.031496
vn 0.188976 -0.984252 -0.055118
vn 0.039370 0.015748 -1.000000
vn -0.196850 0.984252 -0.007874
vn -0.094488 -0.992126 -0.062992
vn -0.039370 1.000000 -0.007874
vn 0.047244 0.062992 -1.000000
vn 0.141732 0.992126 -0.007874
vn 0.314961 0.944882 -0.015748
vn 0.047244 0.023622 -1.000000
vn -0.346457 -0.929134 -0.110236
vn 0.488189 0.874016 0.007874
vn 0.055118 -0.000000 -1.000000
vn -0.503937 -0.866142 -0.062992
vn 0.551181 0.834646 0.031496
vn -0.456693 -0.755905 -0.472441
vn -0.125984 -0.086614 0.984252
vn -0.669291 -0.748031 0.039370
vn -0.551181 -0.834646 -0.047244
vn -0.031496 0.047244 1.000000
vn -0.440945 -0.897638 0.000000
vn 0.511811 0.858268 0.070866
vn 0.637795 0.771653 0.031496
vn -0.047244 0.039370 1.000000
vn 0.433071 0.905512 0.023622
vn -0.118110 -0.992126 -0.015748
vn 0.291339 0.960630 -0.000000
vn -0.055118 0.086614 0.992126
vn 0.086614 0.960630 -0.259843
vn -0.196850 0.984252 0.039370
vn -0.039370 0.023622 1.000000
vn 0.267717 -0.960630 0.086614
vn -0.503937 0.858268 0.039370
vn -0.055118 0.039370 1.000000
vn 0.551181 -0.826772 0.110236
vn -0.716535 0.700787 -0.055118
vn 0.015748 -0.039370 1.000000
vn 0.748031 -0.645669 0.157480
vn -0.787402 0.614173 -0.055118
vn 0.818898 -0.566929 0.055118
vn -0.622047 0.433071 0.653543
vn 0.000000 0.110236 -0.992126
vn -0.708661 -0.685039 0.165354
vn -0.637795 -0.771653 -0.007874
vn 0.732283 0.669291 0.133858
vn 0.653543 0.763779 0.015748
vn -0.015748 0.078740 -1.000000
vn -0.464567 -0.881890 0.023622
vn 0.440945 0.897638 0.055118
vn -0.031496 0.039370 -1.000000
vn -0.220472 -0.968504 -0.133858
vn -0.031496 0.062992 -1.000000
vn 0.236220 0.968504 0.007874
vn 0.094488 -0.984252 -0.173228
vn 0.078740 0.992126 0.062992
vn -0.031496 0.125984 -0.992126
vn -0.141732 0.984252 0.078740
vn -0.314961 0.944882 0.015748
vn -0.031496 0.078740 -1.000000
vn 0.354331 -0.929134 -0.118110
vn -0.496063 0.866142 0.062992
vn 0.496063 -0.866142 -0.062992
vn -0.606299 0.795275 0.055118
vn -0.023622 0.055118 -1.000000
vn 0.740157 -0.677165 -0.023622
vn -0.724409 0.685039 0.062992
vn -0.125984 0.125984 -0.984252
vn 0.196850 -0.976378 -0.102362
vn -0.181102 0.976378 0.110236
vn -1.000000 0.007874 -0.023622
vn -0.165354 0.488189 -0.858268
vn 0.165354 0.338583 -0.921260
vn -0.992126 -0.007874 0.141732
vn 0.181102 -0.330709 0.929134
vn 0.220472 -0.551181 0.803150
vn -0.976378 -0.007874 0.204724
vn -0.078740 0.700787 -0.708661
vn 0.125984 -0.763779 0.637795
vn -0.992126 0.015748 0.118110
vn -0.102362 0.881890 -0.456693
vn 0.055118 -0.952756 0.291339
vn -0.866142 0.472441 -0.149606
vn 0.086614 -0.976378 -0.212598
vn -0.724409 0.677165 0.094488
vn -0.866142 0.110236 -0.488189
vn -0.314961 0.811024 0.496063
vn 0.188976 -0.826772 -0.527559
vn -0.354331 0.637795 0.685039
vn 0.307087 -0.637795 -0.708661
vn -0.795276 0.196850 -0.574803
vn 0.015748 0.866142 0.503937
vn 0.204724 -0.905512 -0.362205
vn -0.795276 0.275590 -0.543307
vn -0.740157 0.338583 -0.582677
vn 0.755906 0.330709 -0.559055
vn 0.000000 0.866142 0.496063
vn -0.637795 0.094488 -0.763779
vn -0.574803 -0.653543 0.496063
vn -0.771654 -0.251968 0.590551
vn -0.590551 0.047244 -0.803149
vn -0.803150 -0.291339 0.519685
vn 0.716535 0.330709 -0.614173
vn -0.692913 -0.535433 0.488189
vn -0.574803 0.102362 -0.811023
vn 0.661417 0.535433 -0.527559
vn -0.582677 0.149606 -0.795275
vn -0.629921 -0.637795 0.448819
vn 0.763780 0.598425 -0.251969
vn -0.850394 -0.133858 0.511811
vn 0.850394 0.039370 0.527559
vn 0.740157 0.007874 0.669291
vn -0.645669 -0.393701 0.653543
vn 0.787402 0.086614 0.606299
vn -0.740157 -0.015748 -0.677165
vn 0.692913 0.141732 -0.700787
vn 0.645669 0.307086 -0.700787
vn -0.708661 0.015748 -0.708661
vn 0.614173 0.488189 -0.622047
vn -0.448819 -0.724409 0.519685
vn 0.779528 0.204724 0.582677
vn -0.590551 0.173228 -0.787401
vn 0.464567 0.724409 -0.511811
vn 0.708661 0.023622 0.700787
vn -0.732283 -0.094488 -0.669291
vn 0.181102 0.937008 -0.283465
vn -0.409449 0.740157 -0.535433
vn -0.110236 -0.984252 0.133858
vn 0.700787 0.220472 0.677165
vn -0.677165 -0.031496 -0.740157
vn -0.165354 0.976378 0.110236
vn 0.314961 -0.944882 0.047244
vn 0.622047 0.267717 0.732283
vn -0.661417 0.740157 0.086614
vn 0.685039 0.094488 0.724409
vn 0.102362 -0.779527 -0.622047
vn 0.724409 -0.637795 -0.267716
vn 0.354331 0.322835 0.881890
vn 0.614173 0.062992 0.787401
vn -0.724409 0.023622 -0.692913
vn -0.527559 0.677165 0.511811
vn -0.598425 0.480315 0.637795
vn 0.629921 -0.496063 -0.598425
vn -0.661417 -0.031496 -0.748031
vn -0.913386 0.259843 0.307087
vn 0.685039 -0.275591 -0.677165
vn 0.559055 0.062992 0.826772
vn -0.188976 0.196850 0.960630
vn 0.803150 0.527559 -0.275591
vn 0.795276 0.362205 -0.480315
vn -0.496063 -0.653543 -0.574803
vn -0.771654 -0.606299 0.212598
vn -0.078740 0.850394 0.519685
vn 0.795276 0.212598 -0.566929
vn -0.574803 -0.779527 0.251969
vn 0.535433 0.559055 -0.629921
vn -0.803150 0.377953 0.456693
vn -0.039370 -0.787401 0.614173
vn -0.448819 0.062992 0.889764
vn -0.748031 0.346457 -0.559055
vn 0.716535 -0.165354 -0.677165
vn 0.307087 -0.251969 -0.921260
vn -0.850394 0.220472 -0.472441
vn 0.677165 -0.393701 -0.622047
vn 0.102362 -0.377953 -0.921260
vn 0.488189 -0.023622 0.874016
vn -0.125984 0.236221 0.960630
vn -0.779528 0.496063 0.385827
vn 0.480315 0.070866 0.874016
vn 0.070866 0.472441 0.874016
vn -0.748031 0.188976 -0.637795
vn 0.480315 -0.677165 -0.559055
vn 0.212598 -0.897638 -0.377953
vn -0.685039 0.669291 -0.283465
vn 0.629921 0.251969 0.740157
vn -0.700787 -0.377953 -0.598425
vn 0.700787 0.259843 0.669291
vn 0.992126 0.031496 -0.125984
vn 0.110236 -0.330709 0.937008
vn 0.425197 0.338583 -0.842520
vn -0.157480 0.480315 -0.858268
vn 0.299213 -0.559055 0.771653
vn 0.960630 0.070866 -0.267716
vn -0.078740 0.700787 -0.708661
vn 0.039370 -0.755905 0.653543
vn 1.000000 -0.000000 -0.070866
vn -0.015748 0.874016 -0.480315
vn -0.062992 -0.960630 0.275591
vn 0.992126 0.070866 0.102362
vn -0.165354 0.984252 -0.031496
vn -0.314961 0.921260 0.236220
vn 0.031496 -0.976378 -0.212598
vn -0.212598 0.771653 0.598425
vn 0.881890 -0.070866 0.464567
vn 0.188976 -0.826772 -0.527559
vn -0.354331 0.637795 0.685039
vn 0.244094 -0.645669 -0.724409
vn 0.795276 -0.212598 0.566929
vn 0.007874 0.826772 0.559055
vn 0.456693 -0.874016 -0.165354
vn 0.653543 -0.039370 0.755905
vn -0.220472 -0.937008 0.275591
vn 0.031496 0.858268 0.503937
vn 0.818898 0.291339 -0.488189
vn -0.771654 -0.251968 0.590551
vn 0.629921 -0.015748 0.779527
vn -0.748031 -0.299213 0.590551
vn 0.795276 0.322835 -0.511811
vn -0.653543 -0.511811 0.559055
vn 0.622047 -0.070866 0.779527
vn 0.637795 0.543307 -0.543307
vn -0.629921 -0.637795 0.448819
vn 0.889764 0.448819 0.102362
vn 0.062992 -0.062992 -0.992126
vn -0.023622 -0.031496 -1.000000
vn 0.496063 -0.866142 0.062992
vn -0.464567 0.881890 0.023622
vn 0.472441 -0.881890 0.023622
vn -0.456693 0.889764 -0.047244
vn 0.000000 -0.110236 -0.992126
vn 0.291339 -0.952756 0.039370
vn -0.299213 0.952756 -0.031496
vn 0.078740 -0.992126 0.055118
vn -0.141732 0.992126 -0.039370
vn -0.031496 0.023622 -1.000000
vn 0.070866 1.000000 -0.047244
vn -0.125984 -0.984252 0.125984
vn 0.181102 0.984252 -0.078740
vn -0.055118 -0.055118 -1.000000
vn -0.314961 -0.944882 0.055118
vn 0.377953 0.921260 -0.062992
vn -0.047244 -0.031496 -1.000000
vn -0.433071 -0.905512 0.007874
vn 0.480315 0.874016 -0.062992
vn -0.417323 -0.755905 -0.496063
vn -1.000000 -0.023622 -0.039370
vn -0.527559 -0.700787 -0.480315
vn -0.031496 0.834646 0.551181
vn 0.000000 -0.858268 -0.511811
vn -0.094488 0.874016 0.480315
vn 0.039370 -0.929134 -0.362205
vn -1.000000 -0.015748 0.000000
vn -0.039370 0.937008 0.346457
vn -0.992126 -0.125984 -0.007874
vn 0.078740 -0.992126 -0.125984
vn -0.023622 0.992126 0.125984
vn -0.007874 -0.992126 0.125984
vn -1.000000 0.007874 0.015748
vn -0.102362 0.992126 -0.070866
vn -0.039370 0.968504 -0.236221
vn -1.000000 0.000000 0.023622
vn 0.015748 -0.952756 0.299213
vn -0.078740 0.858268 -0.503937
vn -0.992126 -0.094488 0.047244
vn 0.062992 -0.913386 0.409449
vn -0.039370 0.992126 0.078740
vn 0.078740 -0.968504 0.228347
vn -0.992126 -0.086614 -0.070866
vn -1.000000 0.015748 -0.062992
vn -0.015748 -0.496063 -0.866142
vn -0.448819 0.535433 0.716535
vn -0.047244 -0.677165 -0.732283
vn 0.015748 0.685039 0.732283
vn -0.086614 -0.818898 -0.566929
vn -0.992126 0.094488 -0.023622
vn 0.031496 0.850394 0.527559
vn -0.157480 -0.952756 -0.267716
vn -0.992126 0.133858 -0.031496
vn 0.047244 0.968504 0.251968
vn -0.984252 0.157480 -0.086614
vn 0.102362 0.992126 0.023622
vn -0.078740 -1.000000 0.007874
vn 0.110236 0.976378 -0.165354
vn -0.984252 0.094488 -0.125984
vn 0.125984 0.937008 -0.322835
vn -0.291339 -0.921260 0.244095
vn 0.141732 0.881890 -0.456693
vn -0.984252 0.094488 -0.173228
vn -0.165354 -0.874016 0.464567
vn 0.157480 0.795275 -0.590551
vn -0.976378 0.055118 -0.204724
vn -0.181102 -0.787401 0.590551
vn 0.110236 0.881890 -0.456693
vn -0.992126 0.086614 0.031496
vn -0.259843 -0.850394 0.456693
vn -0.181102 0.984252 0.070866
vn -0.480315 -0.858268 0.181102
tan 0.818712 -0.116808 0.518383 1.000000
tan 0.781078 -0.210428 -0.489305 1.000000
tan 0.589187 0.271003 0.738545 1.000000
tan 0.691487 -0.435489 -0.211916 1.000000
tan 0.713807 0.087606 0.618513 1.000000
tan 0.544299 -0.526443 -0.107260 1.000000
tan 0.668981 0.104780 0.523901 1.000000
tan 0.564325 -0.612809 -0.209374 1.000000
tan 0.724719 0.072664 0.592349 1.000000
tan 0.509269 -0.802343 0.316759 1.000000
tan 0.765577 0.048856 0.632773 1.000000
tan 0.648211 0.068324 0.716845 1.000000
tan 0.353649 -0.828941 0.404737 1.000000
tan -0.004340 -0.680389 0.452849 1.000000
tan 0.551987 0.120032 0.699981 1.000000
tan -0.019716 -0.617645 0.513733 1.000000
tan 0.449191 0.230455 0.714985 1.000000
tan 0.046128 -0.610267 0.486515 1.000000
tan 0.639841 0.224503 0.734329 1.000000
tan -0.307087 -0.383533 0.733399 1.000000
tan -0.145390 -0.339079 0.842024 1.000000
tan 0.824850 0.163060 0.512865 1.000000
tan -0.228904 -0.209560 0.928514 1.000000
tan 0.490297 -0.072912 0.847294 1.000000
tan 0.847170 -0.256929 -0.338955 1.000000
tan 0.494761 0.065720 0.834646 1.000000
tan 0.945254 -0.142538 -0.244404 1.000000
tan 0.655341 0.095480 0.720565 1.000000
tan 0.745862 -0.490855 -0.094364 1.000000
tan 0.688263 0.003534 0.673507 1.000000
tan 0.644181 -0.399405 -0.356005 1.000000
tan 0.689193 0.328167 0.415401 1.000000
tan 0.534565 -0.715295 -0.004464 1.000000
tan 0.686341 -0.011160 0.686341 1.000000
tan -0.012338 -0.868622 0.405481 1.000000
tan 0.590427 0.281977 0.750945 1.000000
tan 0.678839 -0.009238 0.664021 1.000000
tan -0.322649 -0.492901 0.607105 1.000000
tan 0.609709 0.007688 0.621117 1.000000
tan -0.006200 -0.542005 0.694401 1.000000
tan 0.701221 0.000000 0.701221 1.000000
tan -0.396925 -0.262260 0.823858 1.000000
tan 0.696199 0.000620 0.680451 1.000000
tan -0.421849 -0.126108 0.882758 1.000000
tan 0.708599 0.000434 0.700725 1.000000
tan -0.417385 -0.085560 0.898382 1.000000
tan -0.702833 -0.031000 -0.629177 1.000000
tan -0.547957 0.408891 -0.729369 1.000000
tan 0.441503 -0.866576 -0.222332 1.000000
tan 0.660115 -0.396119 -0.645607 1.000000
tan -0.722053 -0.203484 -0.565441 1.000000
tan 0.820200 -0.363321 -0.168392 1.000000
tan 0.788022 -0.113336 -0.603013 1.000000
tan -0.725401 0.363507 -0.571455 1.000000
tan -0.586955 -0.089156 -0.754293 1.000000
tan 0.922810 -0.272305 -0.232624 1.000000
tan 0.775436 -0.078492 -0.627503 1.000000
tan -0.851510 0.121644 -0.487693 1.000000
tan -0.538347 0.053134 -0.809597 1.000000
tan 0.961002 -0.232500 -0.176576 1.000000
tan 0.388431 -0.530101 -0.728005 1.000000
tan -0.403869 0.497737 -0.629921 1.000000
tan 0.483353 0.731601 -0.157604 1.000000
tan 0.856904 -0.426685 -0.296360 1.000000
tan 0.726517 -0.682373 -0.098022 1.000000
tan 0.772832 0.499039 -0.274661 1.000000
tan 0.554901 0.143096 0.727881 1.000000
tan -0.906566 -0.250356 0.062682 1.000000
tan 0.852254 -0.032364 0.517825 1.000000
tan 0.925104 0.019964 0.116498 1.000000
tan -0.968690 0.146072 0.185256 1.000000
tan 0.152396 0.038750 0.984252 1.000000
tan -0.984314 0.101556 -0.076756 1.000000
tan 0.968690 -0.092256 -0.190836 1.000000
tan -0.944882 -0.029760 0.311241 1.000000
tan 0.937008 0.007378 0.323827 1.000000
tan 0.177940 0.128588 0.953066 1.000000
tan -0.878170 0.217310 0.076818 1.000000
tan 0.922252 -0.147560 -0.324571 1.000000
tan -0.789634 0.611941 0.033108 1.000000
tan 0.992126 0.043400 -0.110236 1.000000
tan -0.283527 0.067518 0.952756 1.000000
tan 0.098208 -0.364561 0.825346 1.000000
tan -0.774630 0.135036 -0.612313 1.000000
tan -0.218736 -0.105896 -0.953066 1.000000
tan -0.976378 -0.030752 0.185070 1.000000
tan -0.226486 -0.046128 -0.976378 1.000000
tan 0.146630 0.062000 0.984252 1.000000
tan -0.976378 0.038440 0.214458 1.000000
tan 0.240622 -0.061008 0.968504 1.000000
tan 0.190650 0.131750 0.976502 1.000000
tan -0.123380 -0.038750 -0.984252 1.000000
tan -0.796826 -0.301321 0.471511 1.000000
tan -0.398537 -0.198462 -0.846984 1.000000
tan -0.158100 -0.322525 -0.887470 1.000000
tan 0.366049 -0.892244 0.224503 1.000000
tan 0.096968 0.320851 0.904086 1.000000
tan -0.228904 -0.209560 0.928514 1.000000
tan -0.968752 -0.155000 -0.062310 1.000000
tan 0.075144 -0.232500 0.953252 1.000000
tan -0.186434 -0.313844 0.855540 1.000000
tan -0.755906 -0.492777 -0.339513 1.000000
tan -0.532705 -0.234732 0.773389 1.000000
tan 0.065038 0.184512 -0.961002 1.000000
tan -0.531589 -0.205902 -0.720131 1.000000
tan -0.682063 -0.239630 0.691177 1.000000
tan 0.655961 0.089280 -0.731353 1.000000
tan 0.886292 0.197036 0.383657 1.000000
tan 0.530411 -0.044950 0.836072 1.000000
tan 0.651931 0.167586 0.735073 1.000000
tan 0.646165 0.149234 -0.730981 1.000000
tan 0.486639 0.225371 0.705995 1.000000
tan -0.483043 -0.166842 -0.712009 1.000000
tan -0.522041 -0.392647 0.726145 1.000000
tan 0.634819 0.355137 -0.685845 1.000000
tan 0.535123 0.155124 0.715357 1.000000
tan -0.314155 -0.643561 0.622171 1.000000
tan 0.521545 0.422097 -0.691177 1.000000
tan 0.642507 0.151342 0.724843 1.000000
tan -0.446463 -0.504805 -0.733151 1.000000
tan 0.353649 -0.828941 0.404737 1.000000
tan 0.474053 -0.852006 0.162192 1.000000
tan -0.330399 0.884618 0.207638 1.000000
tan 0.765577 0.099448 0.624961 1.000000
tan 0.746791 0.095046 0.570277 1.000000
tan -0.834274 -0.413665 -0.373985 1.000000
tan 0.676793 -0.539215 -0.504061 1.000000
tan -0.628309 0.542749 0.557381 1.000000
tan 0.704445 0.184574 0.505115 1.000000
tan -0.671151 -0.053506 -0.555273 1.000000
tan 0.671399 -0.236469 -0.699113 1.000000
tan -0.705685 0.132432 0.684853 1.000000
tan 0.698865 0.084320 0.625457 1.000000
tan -0.675057 -0.065162 -0.596007 1.000000
tan 0.783620 -0.186868 -0.556265 1.000000
tan 0.716845 -0.077500 -0.694277 1.000000
tan -0.667617 0.167772 0.720007 1.000000
tan 0.434869 0.298593 0.803769 1.000000
tan -0.858826 0.332507 -0.270197 1.000000
tan 0.897824 -0.366111 0.105524 1.000000
tan 0.817782 -0.088040 0.535061 1.000000
tan 0.058962 0.007006 -0.939674 1.000000
tan 0.102052 -0.243909 -0.831360 1.000000
tan -0.519251 0.837002 -0.166904 1.000000
tan -0.409449 0.913386 -0.068944 1.000000
tan -0.060512 -0.001984 0.944882 1.000000
tan 0.036890 -0.017856 -0.937008 1.000000
tan -0.056730 -0.019902 0.908054 1.000000
tan -0.299213 0.952756 -0.069006 1.000000
tan 0.023064 0.005208 -0.976378 1.000000
tan -0.030132 0.006076 0.955174 1.000000
tan -0.173228 0.984252 -0.035092 1.000000
tan 0.015500 -0.131626 -0.984252 1.000000
tan -0.015376 0.052018 0.976378 1.000000
tan -0.086614 1.000000 -0.041416 1.000000
tan 0.015500 -0.148366 -0.984252 1.000000
tan -0.015624 0.029636 0.992126 1.000000
tan 0.007874 -0.015748 -1.000000 1.000000
tan -0.007874 0.039122 1.000000 1.000000
tan 0.031496 1.000000 0.039866 1.000000
tan -0.007874 0.047678 1.000000 1.000000
tan 0.007874 0.015128 -1.000000 1.000000
tan -0.007750 0.016988 0.984252 1.000000
tan 0.149606 0.992126 -0.015624 1.000000
tan 0.007750 -0.016988 -0.984252 1.000000
tan -0.007688 -0.013950 0.976378 1.000000
tan 0.244094 0.968504 -0.024800 1.000000
tan 0.007626 0.021762 -0.968504 1.000000
tan -0.014260 0.020956 0.957902 1.000000
tan 0.014260 -0.020956 -0.957902 1.000000
tan -0.021266 0.003100 0.904396 1.000000
tan 0.417323 0.905512 -0.015376 1.000000
tan -0.007874 0.062806 1.000000 1.000000
tan 0.009424 0.043338 -0.893484 1.000000
tan 0.015624 0.992126 -0.109740 1.000000
tan 0.047244 0.063736 -1.000000 1.000000
tan -0.015500 -0.984252 -0.157480 1.000000
tan 0.024242 -0.070742 -0.893484 1.000000
tan -0.023622 0.023250 -1.000000 1.000000
tan -0.448819 -0.889764 0.035154 1.000000
tan -0.015748 0.070742 1.000000 1.000000
tan 0.014260 -0.020956 -0.957902 1.000000
tan -0.021762 -0.012462 0.900490 1.000000
tan -0.242172 -0.960878 0.129704 1.000000
tan -0.014260 0.020956 0.957902 1.000000
tan 0.007626 -0.025482 -0.968504 1.000000
tan -0.007626 -0.029574 0.968504 1.000000
tan -0.141732 -0.992126 -0.026784 1.000000
tan 0.007750 -0.016988 -0.984252 1.000000
tan -0.007750 0.016988 0.984252 1.000000
tan 0.007874 -0.024180 -1.000000 1.000000
tan -0.047244 -1.000000 0.031124 1.000000
tan -0.007874 -0.015314 1.000000 1.000000
tan 0.015748 -0.015748 -1.000000 1.000000
tan 0.007750 -0.984252 0.189100 1.000000
tan -0.007874 -0.008122 1.000000 1.000000
tan 0.007378 -0.338025 -0.937008 1.000000
tan -0.015624 0.037510 0.992126 1.000000
tan 0.051584 -0.818897 0.571889 1.000000
tan 0.015128 -0.234113 -0.960630 1.000000
tan -0.015376 -0.003100 0.976378 1.000000
tan 0.173228 -0.984252 0.042842 1.000000
tan 0.023064 -0.049910 -0.976378 1.000000
tan -0.030008 0.021328 0.947424 1.000000
tan 0.307087 -0.952756 -0.002666 1.000000
tan 0.036580 -0.144150 -0.929134 1.000000
tan -0.056792 -0.004650 0.903900 1.000000
tan 0.503937 -0.866142 0.023808 1.000000
tan 0.052080 0.003224 -0.939674 1.000000
tan -0.060512 -0.001984 0.944882 1.000000
tan 0.141670 -0.533201 -0.792671 1.000000
tan -0.038812 -0.093496 -0.911030 1.000000
tan -0.043400 0.246946 -0.857958 1.000000
tan -0.488189 -0.874016 -0.069626 1.000000
tan -0.338583 -0.937008 0.075020 1.000000
tan 0.038440 0.046872 0.943456 1.000000
tan -0.039370 -0.042718 -0.957282 1.000000
tan 0.037138 0.017546 0.939798 1.000000
tan -0.030752 -0.168516 -0.976378 1.000000
tan -0.110236 -0.992126 0.042532 1.000000
tan 0.038750 0.016492 0.984252 1.000000
tan -0.039370 -0.026722 -1.000000 1.000000
tan 0.039370 0.044454 1.000000 1.000000
tan 0.046872 -0.992126 0.116622 1.000000
tan 0.039060 0.028892 0.992126 1.000000
tan 0.251969 -0.968504 -0.036766 1.000000
tan -0.045384 -0.029512 -0.960630 1.000000
tan 0.045012 0.053506 0.952756 1.000000
tan -0.069068 -0.060822 -0.889330 1.000000
tan 0.069564 0.067456 0.896956 1.000000
tan 0.464567 -0.889764 0.038378 1.000000
tan -0.033418 -0.073718 -0.893050 1.000000
tan 0.021576 -0.020522 0.892864 1.000000
tan 0.322835 -0.944882 -0.042470 1.000000
tan -0.086738 -1.000000 -0.015748 1.000000
tan -0.943890 -0.033604 -0.032922 1.000000
tan -1.000000 -0.055490 0.007874 1.000000
tan -0.014384 -0.913386 0.409449 1.000000
tan 1.000000 0.037510 0.039370 1.000000
tan -0.952756 -0.033852 -0.007502 1.000000
tan 0.896522 -0.012090 0.007440 1.000000
tan -0.028458 -0.968504 0.236221 1.000000
tan 0.957592 0.018290 0.006820 1.000000
tan -0.984252 -0.048422 -0.007750 1.000000
tan 0.968504 0.001860 0.007626 1.000000
tan 0.054684 -0.992126 0.094488 1.000000
tan 0.992126 0.024800 0.007812 1.000000
tan -0.992126 -0.110298 -0.007812 1.000000
tan 1.000000 0.016306 0.007874 1.000000
tan 0.070866 -1.000000 0.000000 1.000000
tan 1.000000 0.023498 0.007874 1.000000
tan 0.992126 0.012772 0.031248 1.000000
tan 0.031992 -1.000000 -0.062992 1.000000
tan -0.992126 -0.031496 0.000000 1.000000
tan 0.984252 0.039370 -0.000000 1.000000
tan 0.001054 -0.992126 -0.133858 1.000000
tan -0.976378 -0.072292 -0.030752 1.000000
tan 0.947424 0.023870 0.022568 1.000000
tan -0.050778 -0.960630 -0.275590 1.000000
tan -0.961932 -0.016740 -0.023250 1.000000
tan 0.059210 -0.897638 -0.433071 1.000000
tan 0.903900 -0.004650 0.056792 1.000000
tan -0.915742 -0.012090 -0.057970 1.000000
tan 0.952570 -0.001984 0.061008 1.000000
tan -0.792672 -0.533201 -0.141670 1.000000
tan -0.943890 -0.022816 -0.011904 1.000000
tan -0.174468 0.984252 0.038750 1.000000
tan -1.000000 0.003348 -0.070866 1.000000
tan -0.044020 0.913386 -0.401575 1.000000
tan 1.000000 0.045074 0.039370 1.000000
tan -0.952756 -0.012586 -0.015004 1.000000
tan 0.896522 0.035154 0.005952 1.000000
tan -0.057102 0.968504 -0.236221 1.000000
tan 0.957592 0.018290 0.006820 1.000000
tan -0.992126 0.014570 -0.007812 1.000000
tan 0.968504 0.033356 0.007626 1.000000
tan 0.024180 0.992126 -0.094488 1.000000
tan 0.992126 0.009052 0.007812 1.000000
tan -1.000000 0.062992 -0.007874 1.000000
tan 1.000000 0.016306 0.007874 1.000000
tan 0.031496 1.000000 -0.000000 1.000000
tan 1.000000 0.007750 0.007874 1.000000
tan 0.992126 0.020646 0.031248 1.000000
tan 0.015190 1.000000 0.070866 1.000000
tan -0.992126 -0.007874 0.000000 1.000000
tan 0.976378 0.029946 0.007688 1.000000
tan -0.084072 0.984314 0.124992 1.000000
tan -0.976378 0.011098 -0.015376 1.000000
tan 0.947362 0.024056 0.022568 1.000000
tan -0.108624 0.953066 0.281232 1.000000
tan -0.961932 -0.014446 -0.030752 1.000000
tan 0.908054 -0.019902 0.056730 1.000000
tan -0.915556 0.039184 -0.049538 1.000000
tan -0.068944 0.913386 0.409449 1.000000
tan 0.952570 -0.001984 0.061008 1.000000
tan -0.166904 0.837002 0.519251 1.000000
tan -0.831360 -0.243908 -0.102052 1.000000
tan -0.905636 0.043834 -0.107074 1.000000
tan -0.214582 -0.861058 -0.453593 1.000000
tan -0.884680 -0.032054 0.011408 1.000000
tan 0.089590 -0.755905 -0.653543 1.000000
tan 0.884618 -0.104532 0.175212 1.000000
tan -0.907744 -0.047926 -0.016182 1.000000
tan 0.883006 -0.020894 0.038874 1.000000
tan 0.042346 -0.905512 -0.425197 1.000000
tan -0.968504 -0.196850 0.000000 1.000000
tan 0.911526 0.012276 0.007564 1.000000
tan 0.045880 -0.992126 -0.125984 1.000000
tan 0.968504 0.007874 -0.000000 1.000000
tan -0.984252 -0.053816 0.007750 1.000000
tan 1.000000 0.031496 -0.000000 1.000000
tan 0.086924 -0.968690 0.210925 1.000000
tan 0.951392 0.234856 -0.005642 1.000000
tan 0.951950 0.027962 -0.031744 1.000000
tan -0.951950 -0.025792 0.016616 1.000000
tan 0.905822 -0.004030 -0.021080 1.000000
tan 0.050034 -0.842520 0.535433 1.000000
tan -0.894910 -0.057040 0.041850 1.000000
tan 0.985988 -0.003162 -0.063054 1.000000
tan 0.032736 -0.740157 0.669291 1.000000
tan -0.985988 -0.001984 0.057102 1.000000
tan 0.995288 -0.034968 -0.094178 1.000000
tan -0.811582 -0.463389 0.353277 1.000000
tan -0.907806 0.064542 -0.086366 1.000000
tan -0.878046 0.024800 -0.116498 1.000000
tan -0.293509 0.772707 0.555149 1.000000
tan -0.044392 0.763779 0.645669 1.000000
tan 0.886478 -0.067208 0.161820 1.000000
tan -0.907744 -0.008556 -0.014632 1.000000
tan 0.887780 0.048856 0.051212 1.000000
tan -0.037820 0.905512 0.417323 1.000000
tan -0.984252 0.078740 -0.000000 1.000000
tan 0.911526 0.043772 0.008556 1.000000
tan -0.034224 0.992126 0.125984 1.000000
tan 0.968504 0.062992 -0.000000 1.000000
tan 1.000000 0.031496 -0.000000 1.000000
tan -0.984252 -0.014446 0.007750 1.000000
tan 0.690247 0.716535 -0.033852 1.000000
tan -0.028892 0.929134 -0.362205 1.000000
tan 0.951950 0.027962 -0.031744 1.000000
tan -0.951950 -0.031496 0.001984 1.000000
tan 0.897948 0.066836 -0.026474 1.000000
tan -0.035712 0.811023 -0.582677 1.000000
tan -0.891500 0.034968 0.067146 1.000000
tan 0.985988 -0.003162 -0.063054 1.000000
tan 0.995288 -0.034968 -0.094178 1.000000
tan -0.985988 -0.027714 0.027342 1.000000
tan -0.178808 0.689751 -0.705251 1.000000
tan -0.938186 -0.251658 0.199020 1.000000
tan -0.862298 -0.121768 -0.063984 1.000000
tan -0.115940 -0.828074 -0.546841 1.000000
tan -0.843884 0.302065 -0.067394 1.000000
tan 0.069998 -0.905512 -0.425197 1.000000
tan 0.953686 -0.013144 0.074400 1.000000
tan -0.931986 -0.015748 -0.000124 1.000000
tan 0.881704 0.008246 0.027900 1.000000
tan 0.096534 -0.929630 -0.335917 1.000000
tan 0.939736 0.042408 -0.029264 1.000000
tan -0.044950 -0.984252 -0.157480 1.000000
tan -0.992126 0.026536 0.039060 1.000000
tan 0.992126 0.003162 -0.023436 1.000000
tan -0.992126 -0.075950 0.023436 1.000000
tan 0.081840 -0.984314 0.093744 1.000000
tan 1.000000 -0.025854 -0.031496 1.000000
tan 0.968504 0.025916 -0.022878 1.000000
tan 0.051708 -0.968504 0.251969 1.000000
tan -0.952756 -0.060636 0.007502 1.000000
tan 0.878418 -0.027652 -0.005828 1.000000
tan -0.020646 -0.874016 0.480315 1.000000
tan -0.919834 -0.031496 0.000496 1.000000
tan 0.992126 0.035278 0.046872 1.000000
tan -0.968504 -0.023622 0.000000 1.000000
tan -0.000620 -1.000000 -0.039370 1.000000
tan 0.969868 0.031310 0.023870 1.000000
tan 0.833282 0.015252 0.338893 1.000000
tan 0.132866 0.554653 -0.820262 1.000000
tan -0.088536 0.656209 -0.749954 1.000000
tan -0.961808 -0.032550 -0.022320 1.000000
tan -0.944696 -0.021328 -0.105462 1.000000
tan 0.972906 0.083080 0.112468 1.000000
tan -0.985802 -0.045198 -0.054684 1.000000
tan 0.004154 0.763779 -0.645669 1.000000
tan -0.903900 -0.003844 -0.071052 1.000000
tan -0.014384 0.897638 -0.433071 1.000000
tan 0.919586 0.108314 0.048980 1.000000
tan -0.992126 -0.059954 -0.046872 1.000000
tan 0.030752 1.000000 0.031496 1.000000
tan 0.913386 0.407217 0.028768 1.000000
tan -0.916548 0.001674 -0.057722 1.000000
tan 0.907124 0.155806 0.060822 1.000000
tan -0.048174 0.905512 0.425197 1.000000
tan 0.938434 -0.174592 0.287185 1.000000
tan -0.106950 0.671833 0.726517 1.000000
tan -0.943518 0.193688 -0.275405 1.000000
tan -0.167834 0.751751 0.635501 1.000000
tan 0.943518 0.034472 0.156488 1.000000
tan -0.842334 0.098084 -0.312357 1.000000
tan -0.157604 0.102114 -0.934094 1.000000
tan 0.108810 -0.914006 -0.388369 1.000000
tan 0.055924 0.156674 -0.926964 1.000000
tan 0.882758 -0.445285 -0.116126 1.000000
tan -0.025048 -0.471573 0.844566 1.000000
tan -0.005642 0.376961 -0.919400 1.000000
tan 0.192634 -0.110794 0.881208 1.000000
tan 0.369025 -0.899498 -0.196230 1.000000
tan 0.073160 0.309318 -0.929134 1.000000
tan -0.066960 -0.336289 0.871226 1.000000
tan -0.029760 -0.944882 -0.325810 1.000000
tan 0.068944 0.237460 -0.946494 1.000000
tan -0.074338 -0.250294 0.969124 1.000000
tan 0.118234 0.235972 -0.864592 1.000000
tan -0.060326 -0.340939 0.915060 1.000000
tan -0.465125 -0.832724 -0.295678 1.000000
tan -0.124868 -0.283278 0.852006 1.000000
tan 0.326369 0.091946 -0.938124 1.000000
tan -0.508649 -0.505611 0.690867 1.000000
tan -0.892554 -0.263377 -0.367661 1.000000
tan 0.306033 0.000744 -0.870854 1.000000
tan -0.271871 0.052638 0.869614 1.000000
tan -0.157604 0.102114 -0.934094 1.000000
tan 0.053320 0.259036 -0.911216 1.000000
tan -0.359353 0.929630 -0.139190 1.000000
tan -0.830306 0.507409 0.195672 1.000000
tan -0.038936 -0.326616 0.893050 1.000000
tan 0.052142 0.293632 -0.951764 1.000000
tan 0.195610 -0.116374 0.878232 1.000000
tan -0.521917 0.801786 0.265918 1.000000
tan 0.073160 0.288176 -0.929134 1.000000
tan -0.091140 -0.330522 0.875752 1.000000
tan -0.122016 0.960878 0.243040 1.000000
tan 0.068572 0.261082 -0.938620 1.000000
tan -0.074338 -0.250294 0.969124 1.000000
tan 0.221340 0.907496 0.328663 1.000000
tan -0.073780 -0.233988 0.937008 1.000000
tan 0.125426 0.266166 -0.857958 1.000000
tan -0.128836 -0.228160 0.860686 1.000000
tan 0.765206 0.570153 0.307645 1.000000
tan 0.365615 0.125860 -0.922748 1.000000
tan -0.477215 -0.252960 0.824912 1.000000
tan 0.397421 0.011408 -0.832910 1.000000
tan -0.252650 0.040548 0.880030 1.000000
tan -0.049476 -0.280984 0.897638 1.000000
tan -0.210924 -0.968690 -0.123008 1.000000
tan -0.045012 -0.300328 0.952756 1.000000
tan -0.210056 -0.930250 -0.297848 1.000000
tan 0.045012 0.261764 -0.952756 1.000000
tan -0.036890 -0.283898 0.937008 1.000000
tan 0.051646 0.200942 -0.908302 1.000000
tan -0.113460 -0.953066 -0.275838 1.000000
tan 0.044640 0.234422 -0.944882 1.000000
tan -0.038130 -0.258602 0.968504 1.000000
tan 0.037820 0.248558 -0.960630 1.000000
tan -0.022320 -0.944882 -0.316448 1.000000
tan 0.038130 0.232376 -0.968504 1.000000
tan 0.076880 -0.976378 -0.202864 1.000000
tan -0.045756 -0.210676 0.968504 1.000000
tan 0.044640 0.232004 -0.944882 1.000000
tan -0.042284 -0.263500 0.938930 1.000000
tan 0.176824 -0.961002 -0.219852 1.000000
tan 0.045074 0.225556 -0.914440 1.000000
tan -0.043090 -0.272366 0.898506 1.000000
tan 0.315209 -0.922562 -0.223572 1.000000
tan 0.001302 0.242172 -0.922562 1.000000
tan -0.003348 -0.234484 0.930250 1.000000
tan 0.461281 -0.861058 -0.228408 1.000000
tan 0.021948 0.360593 -0.853494 1.000000
tan -0.079732 -0.057660 0.885238 1.000000
tan 0.484345 -0.845682 -0.216380 1.000000
tan 0.074090 0.007564 -0.974146 1.000000
tan 0.811024 -0.582677 -0.075020 1.000000
tan -0.207452 0.075578 -0.853246 1.000000
tan 0.751751 -0.635501 0.147994 1.000000
tan -0.074400 -0.014446 0.956786 1.000000
tan -0.013516 -0.085932 0.958150 1.000000
tan 0.084072 0.007378 -0.999132 1.000000
tan -0.077066 -0.060574 0.888586 1.000000
tan 0.543307 -0.834646 0.034224 1.000000
tan 0.076508 -0.085932 -0.886664 1.000000
tan -0.052948 -0.038378 0.960630 1.000000
tan 0.228346 -0.976378 0.031558 1.000000
tan 0.053816 -0.091946 -0.976378 1.000000
tan -0.054684 0.046314 0.992126 1.000000
tan -0.027776 -0.819580 -0.570339 1.000000
tan -0.362205 -0.937008 -0.005208 1.000000
tan 0.060512 -0.018352 -0.967512 1.000000
tan 0.077252 -0.053134 -0.904210 1.000000
tan -0.085064 0.011160 0.896894 1.000000
tan 0.324757 -0.271189 -0.827267 1.000000
tan -0.645669 -0.763779 0.037014 1.000000
tan -0.486577 0.359911 0.729307 1.000000
tan -0.570277 -0.812449 0.115506 1.000000
tan 0.024552 -0.031868 -0.926592 1.000000
tan 0.146940 -0.050344 0.857772 1.000000
tan 0.020832 -0.178312 -0.889330 1.000000
tan 0.401451 -0.221340 -0.794469 1.000000
tan -0.843698 -0.523405 -0.096286 1.000000
tan -0.781202 -0.617149 0.076074 1.000000
tan -0.000744 0.045384 0.940914 1.000000
tan -0.123814 0.156488 0.892430 1.000000
tan 0.087668 -0.154938 -0.981400 1.000000
tan -0.092442 0.148800 0.981400 1.000000
tan -0.651001 -0.736251 0.171244 1.000000
tan -0.183520 0.148800 0.860562 1.000000
tan -0.476533 -0.867134 0.053010 1.000000
tan 0.170872 -0.201500 -0.861430 1.000000
tan -0.110050 0.117180 0.932234 1.000000
tan -0.273421 -0.953066 0.090706 1.000000
tan 0.110794 -0.139686 -0.939984 1.000000
tan -0.085932 0.088288 0.992126 1.000000
tan -0.039060 -0.992126 0.115010 1.000000
tan 0.085250 -0.180730 -0.984252 1.000000
tan -0.093000 0.102300 0.976502 1.000000
tan 0.076880 -0.163928 -0.976378 1.000000
tan 0.132804 -0.984314 0.043896 1.000000
tan 0.089776 -0.126480 -0.932110 1.000000
tan 0.348751 -0.922252 0.160890 1.000000
tan 0.105152 -0.114080 -0.933722 1.000000
tan -0.092690 0.004154 0.898382 1.000000
tan 0.187798 -0.069874 -0.865274 1.000000
tan 0.635501 -0.751751 0.152582 1.000000
tan -0.151962 -0.215884 -0.882200 1.000000
tan -0.190898 0.024118 0.909356 1.000000
tan 0.367103 -0.870172 0.312605 1.000000
tan 0.096968 0.320851 0.904086 1.000000
tan -0.191766 0.044640 0.897452 1.000000
tan -0.453097 0.882758 -0.101122 1.000000
tan 0.081592 0.315519 0.914440 1.000000
tan -0.620001 0.759501 -0.156116 1.000000
tan -0.141732 -0.296113 -0.859136 1.000000
tan -0.077996 0.256309 0.870110 1.000000
tan 0.181660 -0.039370 -0.863848 1.000000
tan -0.367165 0.921818 -0.121272 1.000000
tan 0.105152 -0.114080 -0.933722 1.000000
tan -0.076880 0.152334 0.976378 1.000000
tan 0.089590 -0.102300 -0.932172 1.000000
tan -0.108500 0.976502 -0.175336 1.000000
tan -0.084568 0.205716 0.976378 1.000000
tan 0.077500 -0.092442 -0.984252 1.000000
tan 0.046128 0.976378 -0.201748 1.000000
tan 0.085932 -0.054064 -0.992126 1.000000
tan 0.110980 -0.116250 -0.939984 1.000000
tan 0.265609 0.953066 -0.104160 1.000000
tan -0.109864 0.140616 0.932234 1.000000
tan 0.182280 -0.151590 -0.865212 1.000000
tan 0.445285 0.882758 -0.111972 1.000000
tan -0.167214 0.229153 0.861306 1.000000
tan 0.087668 -0.154938 -0.981400 1.000000
tan 0.671833 0.726517 0.001860 1.000000
tan -0.092442 0.148800 0.981400 1.000000
tan 0.092008 -0.192758 -0.892802 1.000000
tan -0.015872 0.189596 0.900056 1.000000
tan 0.795276 0.606299 0.027714 1.000000
tan 0.636555 0.146072 -0.727881 1.000000
tan -0.000744 0.045384 0.940914 1.000000
tan 0.914564 -0.373489 0.172608 1.000000
tan -0.132618 -0.068634 -0.968504 1.000000
tan -0.387129 0.126728 -0.828074 1.000000
tan 0.968504 -0.076260 -0.220286 1.000000
tan -0.051460 0.203112 0.968690 1.000000
tan -0.185876 -0.077500 -0.984252 1.000000
tan 1.000000 -0.023622 -0.063178 1.000000
tan 0.153760 0.077500 0.984252 1.000000
tan -0.181102 -0.000000 -0.968504 1.000000
tan 0.187116 -0.046500 0.984252 1.000000
tan 0.907744 0.300081 -0.267035 1.000000
tan -0.270383 -0.288549 -0.880526 1.000000
tan 0.254821 0.167772 0.953252 1.000000
tan -0.219108 -0.050964 -0.913634 1.000000
tan 0.104408 0.147560 0.834274 1.000000
tan -0.376713 0.899498 -0.188604 1.000000
tan 0.081592 0.315519 0.914440 1.000000
tan -0.027032 0.062992 -0.995908 1.000000
tan 0.023250 0.051522 -0.984252 1.000000
tan -0.146072 0.968690 -0.213281 1.000000
tan -0.757766 0.640585 0.127162 1.000000
tan -0.092256 -0.103788 0.968690 1.000000
tan -0.008432 0.108376 -0.941286 1.000000
tan -0.004340 -0.059520 0.981338 1.000000
tan -0.499969 0.859322 0.141980 1.000000
tan 0.011904 -0.062000 0.946246 1.000000
tan -0.011904 0.062000 -0.946246 1.000000
tan 0.007502 -0.012958 0.939798 1.000000
tan -0.307087 0.952756 0.042346 1.000000
tan -0.008370 0.115630 -0.947362 1.000000
tan 0.023436 0.010292 0.992126 1.000000
tan -0.094488 0.992126 0.002232 1.000000
tan -0.015624 0.045012 -0.992126 1.000000
tan -0.031248 0.057598 -0.992126 1.000000
tan 0.118110 0.992126 0.060636 1.000000
tan 0.038130 -0.149792 0.968504 1.000000
tan -0.038130 0.103788 -0.968504 1.000000
tan 0.291339 0.952756 0.043338 1.000000
tan 0.082956 -0.059520 0.885920 1.000000
tan -0.090830 0.077996 -0.886354 1.000000
tan 0.480315 0.874016 0.019282 1.000000
tan -0.175522 0.151094 -0.916548 1.000000
tan 0.669291 0.740157 0.058280 1.000000
tan 0.243102 -0.176328 0.917354 1.000000
tan 0.025110 0.277884 -0.949160 1.000000
tan 0.342861 0.153326 0.922004 1.000000
tan -0.040858 -0.114204 0.858764 1.000000
tan -0.375101 -0.877736 0.280613 1.000000
tan 0.043586 -0.122264 0.878108 1.000000
tan -0.578089 -0.804637 -0.116126 1.000000
tan 0.027962 0.007502 -0.878418 1.000000
tan -0.002790 -0.118110 0.915184 1.000000
tan 0.005580 0.070866 -0.870792 1.000000
tan -0.312481 -0.945254 -0.124930 1.000000
tan 0.001674 0.070866 -0.922872 1.000000
tan 0.007688 -0.080414 0.976378 1.000000
tan -0.007626 0.088350 -0.968504 1.000000
tan -0.062000 -0.984252 -0.157480 1.000000
tan 0.007874 -0.086738 1.000000 1.000000
tan -0.007812 0.125364 -0.992126 1.000000
tan 0.187488 -0.976502 -0.089714 1.000000
tan 0.007564 -0.124000 0.960630 1.000000
tan -0.015562 0.159278 -0.908550 1.000000
tan 0.519685 -0.850394 -0.084816 1.000000
tan 0.031124 -0.179428 0.884246 1.000000
tan -0.063178 0.076508 -0.964784 1.000000
tan 0.207018 -0.058218 0.955112 1.000000
tan -0.081282 0.063240 -0.988034 1.000000
tan 0.755906 -0.661417 -0.034224 1.000000
tan 0.114824 -0.008308 0.956414 1.000000
tan -0.095976 0.039804 -0.972782 1.000000
tan 0.807242 -0.553537 -0.227664 1.000000
tan -0.406411 -0.007068 -0.819890 1.000000
tan 0.390105 0.870234 0.295616 1.000000
tan 0.011160 -0.084258 0.861926 1.000000
tan -0.119350 -0.019530 0.878852 1.000000
tan 0.590551 0.811023 0.076074 1.000000
tan 0.026784 0.129828 -0.874202 1.000000
tan -0.001674 -0.070866 0.915184 1.000000
tan 0.012648 0.132804 -0.865274 1.000000
tan 0.370079 0.929134 0.087730 1.000000
tan 0.007626 -0.072664 0.968504 1.000000
tan 0.002604 0.110236 -0.922686 1.000000
tan 0.212598 0.976378 0.081902 1.000000
tan 0.007874 -0.086738 1.000000 1.000000
tan -0.007688 0.064480 -0.976378 1.000000
tan -0.094488 0.992126 -0.031992 1.000000
tan -0.007812 0.109802 -0.992126 1.000000
tan 0.007626 -0.084816 0.968504 1.000000
tan -0.014880 0.025668 -0.932048 1.000000
tan -0.539029 0.835886 0.148490 1.000000
tan 0.014880 -0.007192 0.890694 1.000000
tan -0.063178 0.076508 -0.964784 1.000000
tan -0.757766 0.640585 0.135966 1.000000
tan 0.048484 0.043214 0.976006 1.000000
tan -0.081282 0.063240 -0.988034 1.000000
tan 0.114824 -0.008308 0.956414 1.000000
tan -0.095976 0.039804 -0.972782 1.000000
tan -0.578089 0.217372 -0.760121 1.000000
tan 0.907868 0.049848 0.070308 1.000000
tan 0.837932 -0.307087 0.007254 1.000000
tan 0.167028 0.821501 -0.534751 1.000000
tan 0.066340 0.905512 -0.433071 1.000000
tan -0.930436 -0.032984 -0.114328 1.000000
tan 0.952756 0.016306 0.075020 1.000000
tan -0.922872 0.018786 -0.065844 1.000000
tan 0.033108 0.968504 -0.251969 1.000000
tan 0.972348 0.001550 0.068882 1.000000
tan -0.952756 0.034472 -0.067518 1.000000
tan 0.984252 0.029698 0.069750 1.000000
tan -0.972348 -0.001550 -0.068882 1.000000
tan 0.011160 0.984252 -0.157480 1.000000
tan 0.992126 0.033108 0.070308 1.000000
tan -0.984252 0.026536 -0.069750 1.000000
tan -0.008370 0.992126 -0.102362 1.000000
tan 1.000000 0.005580 0.070866 1.000000
tan -0.992126 0.014694 -0.070308 1.000000
tan -0.002294 1.000000 -0.078740 1.000000
tan -1.000000 -0.005580 -0.070866 1.000000
tan -0.992126 -0.024676 -0.070308 1.000000
tan -0.012834 -1.000000 0.078740 1.000000
tan -1.000000 -0.005580 -0.070866 1.000000
tan -0.022072 -0.992126 0.102362 1.000000
tan 1.000000 0.005580 0.070866 1.000000
tan -0.984252 -0.029140 -0.069750 1.000000
tan 0.992126 -0.022568 0.070308 1.000000
tan 0.004650 -0.984252 0.196850 1.000000
tan -0.972348 -0.001550 -0.068882 1.000000
tan 0.984252 -0.025978 0.069750 1.000000
tan -0.952756 -0.052142 -0.067518 1.000000
tan 0.972348 0.001550 0.068882 1.000000
tan 0.017608 -0.960630 0.267717 1.000000
tan -0.922872 -0.028458 -0.064728 1.000000
tan 0.952756 -0.033356 0.067518 1.000000
tan 0.011470 -0.905512 0.433071 1.000000
tan -0.930436 -0.032984 -0.114328 1.000000
tan 0.915556 -0.021638 0.072602 1.000000
tan 0.787588 -0.554963 0.103974 1.000000
tan 0.940976 -0.003534 0.081840 1.000000
tan 1.000000 -0.039370 0.000000 1.000000
tan 0.133796 -0.992126 0.007812 1.000000
tan 0.008246 -0.921260 -0.393701 1.000000
tan -1.000000 -0.008990 -0.023622 1.000000
tan 0.960630 -0.074090 0.068076 1.000000
tan -0.940976 0.003534 -0.081840 1.000000
tan 0.045384 -0.968504 -0.259842 1.000000
tan 0.992126 -0.032550 0.070308 1.000000
tan -0.968504 -0.063116 -0.068634 1.000000
tan 0.032736 -0.992126 -0.118110 1.000000
tan 1.000000 0.005084 0.070866 1.000000
tan -0.992126 -0.032116 -0.070308 1.000000
tan 0.018848 -1.000000 -0.039370 1.000000
tan 1.000000 -0.022134 0.062992 1.000000
tan -1.000000 -0.005084 -0.070866 1.000000
tan 0.059086 -1.000000 0.070866 1.000000
tan 1.000000 0.005580 0.070866 1.000000
tan -0.087730 -0.992126 0.015624 1.000000
tan -1.000000 -0.048732 -0.062992 1.000000
tan -1.000000 -0.005580 -0.070866 1.000000
tan 0.940976 -0.000372 0.074648 1.000000
tan 0.094860 0.992126 -0.007812 1.000000
tan 1.000000 0.042346 0.062992 1.000000
tan -0.019592 0.921260 0.393701 1.000000
tan -1.000000 -0.056048 -0.023622 1.000000
tan 0.960630 0.074648 0.075640 1.000000
tan -0.940976 0.003534 -0.081840 1.000000
tan -0.001116 0.968504 0.259842 1.000000
tan 0.992126 0.038874 0.070308 1.000000
tan -0.968504 0.055552 -0.068634 1.000000
tan 0.008184 0.992126 0.118110 1.000000
tan 1.000000 0.005084 0.070866 1.000000
tan -0.992126 0.023560 -0.070308 1.000000
tan 0.005394 1.000000 0.039370 1.000000
tan 1.000000 0.009548 0.070866 1.000000
tan -1.000000 -0.005084 -0.070866 1.000000
tan 1.000000 0.005580 0.070866 1.000000
tan 0.068572 0.992126 -0.070308 1.000000
tan -0.093372 0.992126 -0.015624 1.000000
tan -1.000000 0.045756 -0.062992 1.000000
tan -1.000000 -0.005580 -0.070866 1.000000
tan 0.853556 0.039122 0.045198 1.000000
tan 0.269887 -0.884990 0.363073 1.000000
tan 0.907930 -0.016740 -0.063922 1.000000
tan -0.049104 -0.897638 0.440945 1.000000
tan -0.874140 0.007874 -0.000248 1.000000
tan -0.882448 -0.087172 -0.037572 1.000000
tan 0.944882 0.010168 0.029760 1.000000
tan -0.947548 -0.021080 -0.014756 1.000000
tan 0.003472 -0.992126 0.110236 1.000000
tan -0.992126 -0.082212 -0.031248 1.000000
tan 1.000000 0.001860 0.023622 1.000000
tan -0.992126 -0.036642 -0.031248 1.000000
tan 0.005890 -0.992126 -0.149606 1.000000
tan 0.992126 -0.010478 0.023436 1.000000
tan -0.944882 0.023188 -0.022320 1.000000
tan 0.972348 0.017856 0.023250 1.000000
tan 0.036518 -0.929134 -0.370079 1.000000
tan -0.943890 -0.016864 -0.032240 1.000000
tan -0.944820 0.003596 -0.067394 1.000000
tan 0.915370 -0.128650 0.054622 1.000000
tan 0.160704 -0.852502 -0.496001 1.000000
tan 0.841838 0.307087 0.004836 1.000000
tan 0.845682 0.016802 0.012524 1.000000
tan 0.915122 0.032364 0.063054 1.000000
tan 0.232996 0.892244 -0.373675 1.000000
tan -0.067084 0.905512 -0.425197 1.000000
tan -0.882448 0.062992 -0.002976 1.000000
tan -0.878418 -0.016306 -0.040858 1.000000
tan 0.944882 0.025916 0.029760 1.000000
tan -0.947548 -0.005332 -0.014880 1.000000
tan -0.022506 0.992126 -0.118110 1.000000
tan -0.992126 0.043772 -0.031248 1.000000
tan 1.000000 0.033356 0.023622 1.000000
tan -1.000000 0.002728 -0.031496 1.000000
tan -0.016864 1.000000 0.070866 1.000000
tan 0.992126 0.044640 0.023436 1.000000
tan -0.960630 -0.001178 -0.022692 1.000000
tan -0.044330 0.960630 0.275590 1.000000
tan 0.972348 0.017856 0.023250 1.000000
tan -0.943890 -0.016864 -0.032240 1.000000
tan 0.916486 -0.098766 0.064170 1.000000
tan -0.007564 0.881890 0.480315 1.000000
tan -0.944820 0.003596 -0.067394 1.000000
tan 0.779838 0.558001 0.098208 1.000000
tan -0.021948 -0.811024 -0.582677 1.000000
tan -0.935210 -0.074772 -0.002790 1.000000
tan -0.904892 0.239010 -0.346953 1.000000
tan 0.000000 -0.708661 -0.708661 1.000000
tan -0.913386 -0.040858 -0.050344 1.000000
tan 0.938000 -0.210366 0.280985 1.000000
tan 0.943208 -0.054188 0.124000 1.000000
tan 0.058652 -0.905512 -0.425197 1.000000
tan 0.915556 -0.089776 0.055552 1.000000
tan 0.096348 -0.992126 -0.023436 1.000000
tan 0.937008 -0.334181 0.029512 1.000000
tan -0.992126 -0.004464 -0.046872 1.000000
tan 0.927460 -0.017670 0.051398 1.000000
tan 0.015562 -0.905512 0.425197 1.000000
tan -0.904148 -0.098952 -0.068076 1.000000
tan 0.972906 0.108872 0.095108 1.000000
tan 0.010292 -0.771653 0.637795 1.000000
tan -0.985802 -0.045198 -0.054684 1.000000
tan -0.093000 -0.632773 0.765577 1.000000
tan 0.969868 0.031310 0.023870 1.000000
tan -0.953004 -0.077748 0.032984 1.000000
tan 0.716721 -0.275838 0.629115 1.000000
tan -0.961808 -0.032550 -0.022320 1.000000
tan 0.949222 -0.215264 0.121024 1.000000
tan 0.889826 -0.073284 -0.055924 1.000000
tan 0.059458 -0.456693 -0.889764 1.000000
tan -0.127224 -0.687457 -0.718705 1.000000
tan -0.893484 0.046438 -0.050964 1.000000
tan -0.939488 0.207576 -0.194184 1.000000
tan -0.875380 0.105834 -0.107198 1.000000
tan -0.035030 -0.858268 -0.519685 1.000000
tan 0.866638 -0.168330 0.126542 1.000000
tan -0.953066 0.058776 -0.090768 1.000000
tan -0.100688 -0.968690 -0.218736 1.000000
tan 0.960630 -0.124186 0.083204 1.000000
tan -0.992126 0.085932 -0.094488 1.000000
tan 0.039370 -0.992126 0.000000 1.000000
tan 0.984314 -0.111414 0.085932 1.000000
tan 0.968690 -0.108066 0.099944 1.000000
tan -0.134106 -0.961002 0.224751 1.000000
tan 0.932110 -0.098456 0.126542 1.000000
tan -0.953066 0.013392 -0.113460 1.000000
tan 0.889206 -0.077934 0.174468 1.000000
tan -0.144336 -0.868002 0.465001 1.000000
tan -0.875318 0.046934 -0.178746 1.000000
tan 0.865646 0.000930 0.285883 1.000000
tan -0.174096 -0.720751 0.666501 1.000000
tan -0.866824 -0.075764 -0.311303 1.000000
tan 0.932730 -0.155248 -0.074648 1.000000
tan -0.232624 -0.884618 0.396553 1.000000
tan -0.909418 0.307645 0.055428 1.000000
tan 0.976378 0.006386 -0.228346 1.000000
tan -0.891810 0.410193 0.201376 1.000000
tan -0.283651 -0.937008 -0.036890 1.000000
tan -0.895716 0.040114 -0.391841 1.000000
tan -0.390353 -0.913386 0.021576 1.000000
tan -0.937442 0.328105 0.133920 1.000000
tan 0.763470 -0.007006 -0.637175 1.000000
tan 0.984252 -0.075020 -0.157480 1.000000
tan -0.238204 0.030504 -0.968504 1.000000
tan -0.952756 0.015004 0.278071 1.000000
tan 1.000000 0.015748 0.001240 1.000000
tan -0.952756 0.037510 -0.302313 1.000000
tan 0.976378 -0.069192 -0.208692 1.000000
tan -0.126604 0.069750 -0.984252 1.000000
tan 0.960878 -0.114390 0.135780 1.000000
tan -0.968752 0.162750 0.152582 1.000000
tan 0.923244 -0.044950 -0.377023 1.000000
tan -0.892182 -0.307893 0.036766 1.000000
tan 0.180048 0.937752 0.285510 1.000000
tan -0.043152 -0.220224 0.913386 1.000000
tan -0.044268 -0.348317 0.937008 1.000000
tan 0.198276 0.945626 0.233368 1.000000
tan -0.045012 -0.227292 0.952756 1.000000
tan 0.046128 0.221588 -0.976378 1.000000
tan 0.044206 0.258850 -0.892554 1.000000
tan 0.129642 0.960878 0.224626 1.000000
tan 0.046624 0.242296 -0.946494 1.000000
tan -0.038130 -0.242854 0.968504 1.000000
tan 0.037820 0.248558 -0.960630 1.000000
tan -0.007564 0.960630 0.283154 1.000000
tan -0.045756 -0.233926 0.968504 1.000000
tan 0.038130 0.240250 -0.968504 1.000000
tan -0.160146 0.953252 0.257052 1.000000
tan -0.044640 -0.239878 0.944882 1.000000
tan 0.044268 0.263872 -0.937008 1.000000
tan -0.274537 0.930374 0.247876 1.000000
tan -0.046128 -0.233864 0.903714 1.000000
tan 0.043090 0.273234 -0.898878 1.000000
tan -0.457561 0.854114 0.231632 1.000000
tan -0.003348 -0.234484 0.930250 1.000000
tan 0.001302 0.242172 -0.922562 1.000000
tan -0.067642 0.119784 0.909542 1.000000
tan -0.041044 0.407837 -0.851076 1.000000
tan 0.074400 -0.013144 -0.953686 1.000000
tan 0.116932 -0.004960 -0.867258 1.000000
tan 0.609337 0.781201 0.095232 1.000000
tan -0.116560 -0.012772 0.863166 1.000000
tan -0.123256 -0.200136 0.845558 1.000000
tan 0.440945 0.897638 -0.017980 1.000000
tan 0.066402 -0.008246 -0.937008 1.000000
tan -0.066402 -0.006944 0.937008 1.000000
tan 0.196850 0.976378 0.000062 1.000000
tan 0.046872 0.016926 -0.992126 1.000000
tan -0.046872 -0.050654 0.992126 1.000000
tan -0.015748 1.000000 -0.008618 1.000000
tan 0.039370 0.025172 -1.000000 1.000000
tan -0.038750 0.040734 0.984252 1.000000
tan 0.038750 -0.016182 -0.984252 1.000000
tan -0.157480 0.984252 -0.034720 1.000000
tan 0.029574 0.033790 -0.947424 1.000000
tan -0.291339 0.952756 -0.006882 1.000000
tan -0.029946 0.012958 0.947548 1.000000
tan 0.041478 -0.030194 -0.862856 1.000000
tan -0.496063 0.866142 -0.004898 1.000000
tan -0.035340 -0.017050 0.907868 1.000000
tan 0.031496 -0.025358 -1.000000 1.000000
tan -0.045756 -0.012276 0.970550 1.000000
tan 0.015624 0.992126 0.071734 1.000000
tan 0.031496 -0.001984 -1.000000 1.000000
tan 0.039680 -0.115568 -0.892306 1.000000
tan -0.023622 -1.000000 0.070866 1.000000
tan 0.446277 -0.854734 0.280303 1.000000
tan -0.007626 -0.001984 0.970488 1.000000
tan -0.028830 0.009982 0.907868 1.000000
tan -0.029698 -0.018538 0.947548 1.000000
tan 0.299213 -0.952756 -0.015438 1.000000
tan 0.030008 -0.021328 -0.947424 1.000000
tan -0.031000 -0.061070 0.984252 1.000000
tan 0.133858 -0.992126 -0.010354 1.000000
tan 0.038750 -0.000124 -0.984252 1.000000
tan -0.039060 -0.059272 0.992126 1.000000
tan 0.039370 -0.006324 -1.000000 1.000000
tan -0.070866 -1.000000 -0.066340 1.000000
tan 0.046872 -0.014570 -0.992126 1.000000
tan 0.059396 -0.035588 -0.947362 1.000000
tan -0.314961 -0.952756 -0.037386 1.000000
tan -0.059396 -0.088412 0.931862 1.000000
tan 0.110236 -0.053692 -0.874822 1.000000
tan -0.433071 -0.897638 -0.023870 1.000000
tan -0.116932 0.004960 0.867258 1.000000
tan 0.074400 -0.013144 -0.953686 1.000000
tan -0.148056 -0.432513 0.835142 1.000000
tan 0.558001 0.806001 0.142352 1.000000
tan -0.304731 0.317751 0.856842 1.000000
tan -0.266229 0.128960 0.827702 1.000000
tan 0.645669 0.763779 -0.015748 1.000000
tan -0.084816 0.041664 0.904458 1.000000
tan 0.031434 0.057660 -0.925352 1.000000
tan 0.336289 -0.243909 -0.834087 1.000000
tan 0.346457 0.937008 -0.020522 1.000000
tan 0.079174 -0.014074 -0.912022 1.000000
tan -0.054684 -0.009238 0.992126 1.000000
tan 0.060512 -0.018352 -0.967512 1.000000
tan 0.062496 0.992126 -0.083142 1.000000
tan 0.068076 -0.265981 -0.960630 1.000000
tan 0.054250 0.050220 -0.984252 1.000000
tan -0.228346 0.976378 -0.032054 1.000000
tan -0.052948 0.071858 0.960630 1.000000
tan 0.064790 0.078740 -0.887222 1.000000
tan -0.543307 0.834646 -0.062806 1.000000
tan -0.086366 0.060760 0.887532 1.000000
tan 0.084072 0.007378 -0.999132 1.000000
tan -0.748031 0.661417 0.037820 1.000000
tan -0.190960 0.011780 0.955360 1.000000
tan 0.074090 0.007564 -0.974146 1.000000
tan -0.074400 -0.014446 0.956786 1.000000
tan -0.598673 0.251906 -0.736747 1.000000
tan -0.804638 -0.578089 -0.064232 1.000000
tan 0.328663 -0.114390 0.934652 1.000000
tan 0.203732 -0.177754 0.917602 1.000000
tan -0.062186 0.257238 -0.945998 1.000000
tan -0.205034 0.194246 -0.912022 1.000000
tan -0.527559 -0.850394 -0.058652 1.000000
tan 0.090644 -0.024118 0.882262 1.000000
tan -0.083948 0.096348 -0.897514 1.000000
tan -0.393701 -0.921260 -0.023870 1.000000
tan 0.038130 -0.142538 0.968504 1.000000
tan -0.157480 -0.984252 -0.057040 1.000000
tan -0.038130 0.017174 -0.968504 1.000000
tan 0.015500 -0.171740 0.984252 1.000000
tan -0.031248 0.065472 -0.992126 1.000000
tan 0.085932 -0.992126 -0.128712 1.000000
tan -0.015500 0.076508 -0.984252 1.000000
tan -0.007564 0.013268 -0.947362 1.000000
tan 0.362205 -0.929134 -0.084568 1.000000
tan 0.008246 -0.115320 0.931924 1.000000
tan -0.011904 0.062000 -0.946246 1.000000
tan 0.011904 -0.062000 0.946246 1.000000
tan 0.004464 0.067270 -0.921508 1.000000
tan 0.637795 -0.771653 -0.057598 1.000000
tan -0.045756 -0.084630 0.992374 1.000000
tan -0.027032 0.062992 -0.995908 1.000000
tan 0.333251 -0.922252 -0.160704 1.000000
tan 0.069192 -0.088412 0.976378 1.000000
tan 0.023064 0.114514 -0.976378 1.000000
tan -0.024862 -0.346457 0.937008 1.000000
tan -0.853370 0.170500 0.261392 1.000000
tan -0.918594 -0.001302 -0.165354 1.000000
tan 0.133610 -0.382789 0.914006 1.000000
tan 0.931738 0.052638 -0.162874 1.000000
tan 0.787278 -0.264369 -0.397545 1.000000
tan 0.173724 -0.553537 0.807242 1.000000
tan -0.971294 0.115320 0.221960 1.000000
tan 0.873520 -0.155992 -0.359353 1.000000
tan 0.049972 -0.835886 0.531217 1.000000
tan -0.896522 -0.044020 0.115940 1.000000
tan 0.955050 0.062000 0.022072 1.000000
tan -0.475975 -0.867320 0.016740 1.000000
tan 0.945626 0.031992 0.238328 1.000000
tan -0.680017 -0.709033 -0.132060 1.000000
tan 0.401637 -0.351665 -0.791989 1.000000
tan -0.657139 0.127968 -0.626449 1.000000
tan 0.785728 -0.151776 0.519313 1.000000
tan -0.684481 0.322152 -0.653977 1.000000
tan 0.550189 -0.481369 0.671647 1.000000
tan 0.501023 -0.242855 -0.776365 1.000000
tan -0.433629 0.444293 -0.750077 1.000000
tan 0.527621 -0.174468 0.734391 1.000000
tan 0.187674 -0.668857 -0.613987 1.000000
tan 0.089652 -0.751813 -0.550747 1.000000
tan -0.607539 0.108934 -0.757021 1.000000
tan -0.454027 0.425755 -0.743382 1.000000
tan -0.766012 -0.069192 0.631099 1.000000
tan 0.653729 -0.455763 0.157046 1.000000
tan 0.608407 -0.040734 0.777605 1.000000
tan -0.803894 -0.078864 0.586459 1.000000
tan 0.543121 -0.067704 0.801413 1.000000
tan -0.640585 0.043524 -0.723913 1.000000
tan 0.666625 -0.220968 0.703825 1.000000
tan -0.800670 -0.141298 0.549631 1.000000
tan -0.680141 0.147188 -0.703329 1.000000
tan -0.784736 -0.201190 0.537107 1.000000
tan 0.681133 -0.171244 0.712629 1.000000
tan -0.625209 0.580011 -0.517639 1.000000
tan -0.513919 0.009362 -0.851448 1.000000
tan -0.525389 -0.055180 0.851014 1.000000
tan -0.669043 -0.054932 0.740529 1.000000
tan -0.685597 -0.000744 -0.677785 1.000000
tan -0.594705 -0.104966 0.787339 1.000000
tan 0.676793 0.028148 -0.740405 1.000000
tan 0.707483 0.005890 0.700725 1.000000
tan 0.712877 0.007688 0.660177 1.000000
tan 0.704073 0.106020 -0.701717 1.000000
tan 0.698183 0.006758 0.694649 1.000000
tan -0.609833 -0.011532 -0.542749 1.000000
tan -0.468845 -0.308326 0.735569 1.000000
tan 0.770042 0.251100 -0.522289 1.000000
tan 0.592659 0.066774 0.632463 1.000000
tan -0.605989 -0.476719 0.628867 1.000000
tan 0.580817 0.394507 -0.691177 1.000000
tan 0.661107 0.076198 0.674251 1.000000
tan 0.565193 0.653977 0.471821 1.000000
tan -0.689751 -0.018662 -0.705251 1.000000
tan -0.088908 -0.911960 0.388927 1.000000
tan -0.628185 0.544485 0.551553 1.000000
tan 0.692789 0.039060 0.693223 1.000000
tan -0.743630 -0.277017 -0.582801 1.000000
tan 0.569781 -0.715419 -0.222456 1.000000
tan 0.714675 0.598611 0.342117 1.000000
tan 0.709777 -0.325997 -0.628681 1.000000
tan -0.298159 0.556327 -0.746234 1.000000
tan -0.663029 -0.537169 -0.514353 1.000000
tan 0.769608 -0.458367 -0.141422 1.000000
tan 0.788394 -0.059272 -0.610205 1.000000
tan -0.691239 0.073160 0.725153 1.000000
tan 0.687209 0.029946 0.668733 1.000000
tan 0.703453 -0.012462 0.669415 1.000000
tan -0.687333 -0.031000 -0.697811 1.000000
tan -0.743877 0.101246 0.653481 1.000000
tan 0.319363 0.040734 0.915432 1.000000
tan -0.690185 -0.000372 -0.698059 1.000000
tan 0.827268 -0.062992 -0.554591 1.000000
tan -0.777544 -0.558249 -0.038564 1.000000
tan -0.292765 0.700725 0.488189 1.000000
tan 0.433753 0.124186 0.811830 1.000000
tan 0.709467 -0.236468 -0.343419 1.000000
tan 0.384091 -0.659743 -0.487383 1.000000
tan -0.283837 -0.513609 0.797446 1.000000
tan 0.460909 0.321037 0.766941 1.000000
tan 0.737305 -0.606857 -0.195486 1.000000
tan -0.783620 0.588505 -0.143778 1.000000
tan -0.144460 -0.741645 0.359725 1.000000
tan 0.321161 -0.589125 -0.734701 1.000000
tan 0.889764 -0.049042 0.452291 1.000000
tan -0.593899 -0.019406 0.782627 1.000000
tan -0.679769 -0.000620 -0.719139 1.000000
tan -0.899498 0.181350 -0.349433 1.000000
tan -0.447889 0.080352 0.843698 1.000000
tan -0.630851 0.070866 -0.731601 1.000000
tan -0.793664 0.470705 -0.281295 1.000000
tan 0.860252 -0.172050 -0.485151 1.000000
tan 0.930374 -0.234484 0.179676 1.000000
tan 0.520801 0.199950 0.795151 1.000000
tan 0.832166 -0.264617 -0.435861 1.000000
tan 0.487135 -0.747163 0.364375 1.000000
tan -0.582553 0.194184 0.740777 1.000000
tan -0.392833 0.349929 -0.761361 1.000000
tan -0.574369 0.160704 -0.704755 1.000000
tan 0.381115 0.643375 0.598053 1.000000
tan 0.700353 -0.433753 -0.448385 1.000000
tan -0.364313 0.909232 -0.147622 1.000000
tan 0.476347 -0.864530 -0.163122 1.000000
tan -0.128216 0.382789 -0.914006 1.000000
tan 0.939612 0.045136 -0.094612 1.000000
tan -0.861182 0.030070 -0.422531 1.000000
tan -0.849340 0.165230 0.248310 1.000000
tan 0.861182 -0.117676 -0.419183 1.000000
tan -0.270569 0.438713 -0.854734 1.000000
tan -0.971294 0.115320 0.221960 1.000000
tan 0.880650 -0.240809 -0.331577 1.000000
tan -0.034596 0.874016 -0.488189 1.000000
tan -0.893608 0.048670 0.117862 1.000000
tan 0.960630 -0.056482 0.022692 1.000000
tan -0.079732 0.992126 0.085932 1.000000
tan -0.976502 -0.168268 -0.131750 1.000000
tan -0.877736 -0.227540 -0.282907 1.000000
tan 0.945626 -0.023064 0.246016 1.000000
tan -0.603137 0.329841 -0.639593 1.000000
tan -0.380991 0.410069 0.785789 1.000000
tan 0.785728 -0.151776 0.519313 1.000000
tan -0.684481 0.322152 -0.653977 1.000000
tan 0.495381 -0.554591 0.661231 1.000000
tan -0.478207 0.276335 0.774443 1.000000
tan -0.410875 0.505239 -0.741398 1.000000
tan 0.739910 0.290037 0.510509 1.000000
tan 0.757766 0.078492 -0.651063 1.000000
tan 0.811582 -0.052080 0.472193 1.000000
tan -0.461467 0.452105 -0.741149 1.000000
tan -0.524087 0.110980 -0.812883 1.000000
tan 0.608407 -0.045384 0.775621 1.000000
tan 0.773638 0.077438 -0.623597 1.000000
tan 0.616467 -0.050840 0.755099 1.000000
tan -0.545911 0.081840 -0.796639 1.000000
tan 0.685039 -0.117800 0.692975 1.000000
tan 0.774505 0.083452 -0.610453 1.000000
tan -0.705871 0.143592 -0.685039 1.000000
tan 0.681133 -0.174778 0.707607 1.000000
tan -0.110360 0.406597 -0.823486 1.000000
tan -0.296857 0.945254 -0.078864 1.000000
tan -0.472441 0.881890 -0.016616 1.000000
tan 0.007812 -0.059086 -0.873954 1.000000
tan 0.027962 -0.008990 0.885548 1.000000
tan -0.069068 -0.060822 -0.889330 1.000000
tan 0.069316 0.083204 0.896956 1.000000
tan -0.234360 0.960878 -0.106764 1.000000
tan -0.045012 -0.053134 -0.952756 1.000000
tan 0.045012 0.045632 0.952756 1.000000
tan -0.039060 -0.058218 -0.992126 1.000000
tan 0.039060 0.044950 0.992126 1.000000
tan -0.007874 1.000000 0.023870 1.000000
tan 0.039370 0.044454 1.000000 1.000000
tan -0.038750 -0.121024 -0.984252 1.000000
tan 0.038750 0.071610 0.984252 1.000000
tan 0.212598 0.976378 -0.065534 1.000000
tan -0.039370 -0.042718 -0.957282 1.000000
tan 0.043524 0.045136 0.921260 1.000000
tan 0.393701 0.921260 -0.047616 1.000000
tan -0.035836 0.009176 -0.915742 1.000000
tan 0.038440 0.046872 0.943456 1.000000
tan 0.070122 0.494823 -0.813008 1.000000
tan -0.038254 0.897638 0.433071 1.000000
tan -0.809350 0.525699 0.121954 1.000000
tan 0.953686 -0.013144 0.074400 1.000000
tan -0.866328 0.044330 -0.074338 1.000000
tan 0.881580 0.079360 0.029016 1.000000
tan -0.931986 -0.045074 0.014322 1.000000
tan -0.014756 0.937008 0.338583 1.000000
tan 0.939736 0.050282 -0.029202 1.000000
tan -0.126108 0.984314 0.140616 1.000000
tan -0.992126 -0.082708 0.031248 1.000000
tan 0.992126 0.026598 -0.023436 1.000000
tan -0.992126 0.010850 0.023436 1.000000
tan 0.006324 0.992126 -0.094488 1.000000
tan 0.992126 0.100688 -0.023436 1.000000
tan 0.968504 0.033790 -0.022878 1.000000
tan -0.006138 0.968504 -0.259843 1.000000
tan -0.952756 -0.013392 0.007502 1.000000
tan 0.874140 0.074772 -0.009238 1.000000
tan -0.105648 0.874946 -0.468721 1.000000
tan -0.919834 -0.062992 0.000992 1.000000
tan 0.992126 0.035650 0.046872 1.000000
tan -0.968504 -0.087730 -0.038130 1.000000
tan -0.089962 0.992126 0.046872 1.000000
tan -0.036704 0.661417 0.748031 1.000000
tan -0.886664 0.069068 -0.023436 1.000000
tan 0.793788 0.017794 0.483911 1.000000
tan -0.925786 0.235290 -0.157852 1.000000
tan 0.955298 -0.192820 0.159836 1.000000
tan -0.872962 0.156674 -0.092938 1.000000
tan 0.070122 0.859322 0.492157 1.000000
tan 0.870234 -0.118234 0.138632 1.000000
tan -0.952756 0.180668 -0.082522 1.000000
tan 0.122202 0.960878 0.234360 1.000000
tan 0.968504 -0.069068 0.083886 1.000000
tan 0.156798 0.984252 0.007750 1.000000
tan 0.984314 -0.103788 0.093744 1.000000
tan -0.992126 0.077376 -0.094488 1.000000
tan 0.968690 -0.092442 0.099944 1.000000
tan 0.119040 0.961002 -0.209251 1.000000
tan 0.932172 -0.081778 0.126418 1.000000
tan -0.914006 0.265981 -0.087048 1.000000
tan 0.889578 -0.053196 0.173352 1.000000
tan 0.164548 0.875752 -0.457251 1.000000
tan -0.875318 0.069998 -0.179862 1.000000
tan 0.867506 0.040920 0.286441 1.000000
tan 0.180172 0.707297 -0.668857 1.000000
tan -0.868002 -0.029884 -0.306033 1.000000
tan 0.932730 -0.155248 -0.074648 1.000000
tan 0.061752 0.874946 -0.460909 1.000000
tan -0.909418 0.300453 0.042036 1.000000
tan 0.976502 0.188046 -0.116250 1.000000
tan -0.847232 0.495071 0.099200 1.000000
f 3/3/3 2/2/2 1/1/1
f 2/2/2 3/3/3 4/4/4
f 5/5/5 4/4/4 3/3/3
f 4/4/4 5/5/5 6/6/6
f 7/7/7 6/6/6 5/5/5
f 6/6/6 7/7/7 8/8/8
f 9/9/9 8/8/8 7/7/7
f 8/8/8 9/9/9 10/10/10
f 11/11/11 10/10/10 9/9/9
f 10/10/10 11/11/11 12/12/12
f 12/12/12 13/13/13 10/10/10
f 12/12/12 14/14/14 13/13/13
f 14/14/14 12/12/12 15/15/15
f 15/15/15 16/16/16 14/14/14
f 16/16/16 15/15/15 17/17/17
f 17/17/17 18/18/18 16/16/16
f 18/18/18 17/17/17 19/19/19
f 19/19/19 20/20/20 18/18/18
f 19/19/19 21/21/21 20/20/20
f 21/21/21 19/19/19 22/22/22
f 22/22/22 23/23/23 21/21/21
f 23/23/23 22/22/22 24/24/24
f 27/27/27 26/26/26 25/25/25
f 28/28/28 25/25/25 26/26/26
f 25/25/25 28/28/28 29/29/29
f 30/30/30 29/29/29 28/28/28
f 29/29/29 30/30/30 31/31/31
f 32/32/32 31/31/31 30/30/30
f 31/31/31 32/32/32 33/33/33
f 34/34/34 33/33/33 32/32/32
f 33/33/33 34/34/34 35/35/35
f 36/36/36 35/35/35 34/34/34
f 35/35/35 36/36/36 37/37/37
f 37/37/37 38/38/38 35/35/35
f 38/38/38 37/37/37 39/39/39
f 39/39/39 40/40/40 38/38/38
f 40/40/40 39/39/39 41/41/41
f 41/41/41 42/42/42 40/40/40
f 42/42/42 41/41/41 43/43/43
f 43/43/43 44/44/44 42/42/42
f 43/43/43 45/45/45 44/44/44
f 45/45/45 46/46/46 44/44/44
f 49/49/49 48/48/48 47/47/47
f 47/47/47 50/50/50 49/49/49
f 50/50/50 47/47/47 51/51/51
f 51/51/51 52/52/52 50/50/50
f 52/52/52 51/51/51 53/53/53
f 54/54/54 53/53/53 51/51/51
f 53/53/53 54/54/54 55/55/55
f 55/55/55 56/56/56 53/53/53
f 56/56/56 55/55/55 57/57/57
f 58/58/58 57/57/57 55/55/55
f 59/59/59 57/57/57 58/58/58
f 60/60/60 57/57/57 59/59/59
f 61/61/61 60/60/60 59/59/59
f 59/59/59 62/62/62 61/61/61
f 62/62/62 63/63/63 61/61/61
f 64/64/64 61/61/61 63/63/63
f 64/64/64 63/63/63 65/65/65
f 65/65/65 63/63/63 66/66/66
f 67/67/67 66/66/66 63/63/63
f 70/70/70 69/69/69 68/68/68
f 69/69/69 71/71/71 68/68/68
f 69/69/69 72/72/72 71/71/71
f 71/71/71 72/72/72 73/73/73
f 69/69/69 74/74/74 72/72/72
f 73/73/73 72/72/72 75/75/75
f 72/72/72 74/74/74 76/76/76
f 76/76/76 75/75/75 72/72/72
f 76/76/76 77/77/77 75/75/75
f 78/78/78 75/75/75 77/77/77
f 79/79/79 77/77/77 76/76/76
f 77/77/77 80/80/80 78/78/78
f 79/79/79 81/81/81 77/77/77
f 80/80/80 77/77/77 81/81/81
f 84/84/84 83/83/83 82/82/82
f 82/82/82 85/85/85 84/84/84
f 82/82/82 86/86/86 85/85/85
f 86/86/86 87/87/87 85/85/85
f 86/86/86 82/82/82 88/88/88
f 86/86/86 89/89/89 87/87/87
f 86/86/86 88/88/88 89/89/89
f 90/90/90 89/89/89 88/88/88
f 91/91/91 89/89/89 90/90/90
f 89/89/89 92/92/92 87/87/87
f 89/89/89 91/91/91 93/93/93
f 93/93/93 92/92/92 89/89/89
f 92/92/92 93/93/93 94/94/94
f 93/93/93 95/95/95 94/94/94
f 93/93/93 96/96/96 95/95/95
f 97/97/97 96/96/96 93/93/93
f 100/100/100 99/99/99 98/98/98
f 98/98/98 99/99/99 101/101/101
f 102/102/102 101/101/101 99/99/99
f 101/101/101 102/102/102 103/103/103
f 104/104/104 102/102/102 99/99/99
f 103/103/103 102/102/102 105/105/105
f 105/105/105 106/106/106 103/103/103
f 107/107/107 102/102/102 104/104/104
f 102/102/102 107/107/107 105/105/105
f 104/104/104 109/109/109 108/108/108
f 104/104/104 108/108/108 107/107/107
f 110/110/110 107/107/107 108/108/108
f 107/107/107 110/110/110 111/111/111
f 111/111/111 105/105/105 107/107/107
f 112/112/112 111/111/111 110/110/110
f 106/106/106 105/105/105 113/113/113
f 105/105/105 111/111/111 113/113/113
f 113/113/113 114/114/114 106/106/106
f 111/111/111 112/112/112 115/115/115
f 115/115/115 113/113/113 111/111/111
f 116/116/116 115/115/115 112/112/112
f 113/113/113 117/117/117 114/114/114
f 115/115/115 116/116/116 118/118/118
f 118/118/118 113/113/113 115/115/115
f 119/119/119 118/118/118 116/116/116
f 117/117/117 113/113/113 120/120/120
f 113/113/113 118/118/118 120/120/120
f 117/117/117 120/120/120 121/121/121
f 121/121/121 120/120/120 122/122/122
f 118/118/118 119/119/119 123/123/123
f 124/124/124 123/123/123 119/119/119
f 123/123/123 124/124/124 125/125/125
f 120/120/120 118/118/118 126/126/126
f 126/126/126 122/122/122 120/120/120
f 123/123/123 126/126/126 118/118/118
f 127/127/127 122/122/122 126/126/126
f 125/125/125 128/128/128 123/123/123
f 126/126/126 123/123/123 128/128/128
f 128/128/128 125/125/125 129/129/129
f 130/130/130 127/127/127 126/126/126
f 128/128/128 130/130/130 126/126/126
f 127/127/127 130/130/130 131/131/131
f 129/129/129 132/132/132 128/128/128
f 130/130/130 128/128/128 132/132/132
f 132/132/132 129/129/129 133/133/133
f 134/134/134 131/131/131 130/130/130
f 132/132/132 134/134/134 130/130/130
f 131/131/131 134/134/134 135/135/135
f 135/135/135 134/134/134 136/136/136
f 133/133/133 137/137/137 132/132/132
f 134/134/134 132/132/132 137/137/137
f 137/137/137 133/133/133 138/138/138
f 139/139/139 136/136/136 134/134/134
f 137/137/137 139/139/139 134/134/134
f 138/138/138 139/139/139 137/137/137
f 139/139/139 140/140/140 136/136/136
f 139/139/139 138/138/138 141/141/141
f 144/144/144 143/143/143 142/142/142
f 145/145/145 144/144/144 142/142/142
f 144/144/144 145/145/145 146/146/146
f 145/145/145 142/142/142 147/147/147
f 148/148/148 146/146/146 145/145/145
f 149/149/149 145/145/145 147/147/147
f 145/145/145 149/149/149 148/148/148
f 149/149/149 147/147/147 150/150/150
f 151/151/151 148/148/148 149/149/149
f 152/152/152 149/149/149 150/150/150
f 149/149/149 152/152/152 151/151/151
f 152/152/152 150/150/150 153/153/153
f 154/154/154 151/151/151 152/152/152
f 155/155/155 152/152/152 153/153/153
f 152/152/152 155/155/155 154/154/154
f 155/155/155 153/153/153 156/156/156
f 157/157/157 154/154/154 155/155/155
f 155/155/155 156/156/156 158/158/158
f 159/159/159 157/157/157 155/155/155
f 160/160/160 155/155/155 158/158/158
f 155/155/155 160/160/160 159/159/159
f 159/159/159 160/160/160 161/161/161
f 162/162/162 160/160/160 158/158/158
f 161/161/161 160/160/160 163/163/163
f 160/160/160 162/162/162 164/164/164
f 164/164/164 163/163/163 160/160/160
f 165/165/165 164/164/164 162/162/162
f 163/163/163 164/164/164 166/166/166
f 164/164/164 165/165/165 167/167/167
f 167/167/167 166/166/166 164/164/164
f 168/168/168 167/167/167 165/165/165
f 166/166/166 167/167/167 169/169/169
f 170/170/170 167/167/167 168/168/168
f 169/169/169 167/167/167 171/171/171
f 167/167/167 170/170/170 172/172/172
f 172/172/172 171/171/171 167/167/167
f 171/171/171 172/172/172 173/173/173
f 174/174/174 172/172/172 170/170/170
f 175/175/175 173/173/173 172/172/172
f 172/172/172 174/174/174 175/175/175
f 176/176/176 175/175/175 174/174/174
f 179/179/179 178/178/178 177/177/177
f 178/178/178 180/180/180 177/177/177
f 181/181/181 177/177/177 180/180/180
f 178/178/178 182/182/182 180/180/180
f 183/183/183 181/181/181 180/180/180
f 182/182/182 184/184/184 180/180/180
f 183/183/183 180/180/180 184/184/184
f 185/185/185 183/183/183 184/184/184
f 182/182/182 186/186/186 184/184/184
f 187/187/187 185/185/185 184/184/184
f 186/186/186 188/188/188 184/184/184
f 184/184/184 188/188/188 187/187/187
f 186/186/186 189/189/189 188/188/188
f 190/190/190 187/187/187 188/188/188
f 189/189/189 191/191/191 188/188/188
f 188/188/188 192/192/192 190/190/190
f 191/191/191 192/192/192 188/188/188
f 193/193/193 190/190/190 192/192/192
f 191/191/191 194/194/194 192/192/192
f 192/192/192 195/195/195 193/193/193
f 194/194/194 195/195/195 192/192/192
f 196/196/196 193/193/193 195/195/195
f 195/195/195 194/194/194 197/197/197
f 196/196/196 195/195/195 198/198/198
f 195/195/195 197/197/197 199/199/199
f 199/199/199 198/198/198 195/195/195
f 200/200/200 199/199/199 197/197/197
f 198/198/198 199/199/199 201/201/201
f 199/199/199 200/200/200 202/202/202
f 202/202/202 201/201/201 199/199/199
f 203/203/203 202/202/202 200/200/200
f 201/201/201 202/202/202 204/204/204
f 202/202/202 203/203/203 205/205/205
f 205/205/205 204/204/204 202/202/202
f 206/206/206 205/205/205 203/203/203
f 204/204/204 205/205/205 207/207/207
f 205/205/205 206/206/206 208/208/208
f 208/208/208 207/207/207 205/205/205
f 209/209/209 208/208/208 206/206/206
f 207/207/207 208/208/208 210/210/210
f 208/208/208 209/209/209 211/211/211
f 211/211/211 210/210/210 208/208/208
f 214/214/214 213/213/213 212/212/212
f 212/212/212 215/215/215 214/214/214
f 216/216/216 214/214/214 215/215/215
f 215/215/215 212/212/212 217/217/217
f 218/218/218 216/216/216 215/215/215
f 217/217/217 219/219/219 215/215/215
f 218/218/218 215/215/215 220/220/220
f 219/219/219 220/220/220 215/215/215
f 221/221/221 218/218/218 220/220/220
f 219/219/219 222/222/222 220/220/220
f 223/223/223 221/221/221 220/220/220
f 223/223/223 220/220/220 224/224/224
f 222/222/222 224/224/224 220/220/220
f 225/225/225 223/223/223 224/224/224
f 224/224/224 222/222/222 226/226/226
f 226/226/226 225/225/225 224/224/224
f 227/227/227 226/226/226 222/222/222
f 225/225/225 226/226/226 228/228/228
f 229/229/229 226/226/226 227/227/227
f 228/228/228 226/226/226 230/230/230
f 226/226/226 229/229/229 231/231/231
f 231/231/231 230/230/230 226/226/226
f 232/232/232 231/231/231 229/229/229
f 230/230/230 231/231/231 233/233/233
f 231/231/231 232/232/232 234/234/234
f 234/234/234 233/233/233 231/231/231
f 237/237/237 236/236/236 235/235/235
f 238/238/238 235/235/235 236/236/236
f 235/235/235 238/238/238 239/239/239
f 236/236/236 240/240/240 238/238/238
f 241/241/241 239/239/239 238/238/238
f 242/242/242 238/238/238 240/240/240
f 238/238/238 242/242/242 241/241/241
f 243/243/243 241/241/241 242/242/242
f 240/240/240 244/244/244 242/242/242
f 245/245/245 243/243/243 242/242/242
f 246/246/246 242/242/242 244/244/244
f 242/242/242 246/246/246 245/245/245
f 247/247/247 245/245/245 246/246/246
f 244/244/244 248/248/248 246/246/246
f 249/249/249 247/247/247 246/246/246
f 246/246/246 250/250/250 249/249/249
f 250/250/250 246/246/246 248/248/248
f 251/251/251 249/249/249 250/250/250
f 251/251/251 250/250/250 252/252/252
f 250/250/250 248/248/248 253/253/253
f 253/253/253 252/252/252 250/250/250
f 254/254/254 253/253/253 248/248/248
f 253/253/253 255/255/255 252/252/252
f 254/254/254 256/256/256 253/253/253
f 256/256/256 255/255/255 253/253/253
f 257/257/257 256/256/256 254/254/254
f 255/255/255 256/256/256 258/258/258
f 256/256/256 257/257/257 259/259/259
f 259/259/259 258/258/258 256/256/256
f 260/260/260 259/259/259 257/257/257
f 261/261/261 258/258/258 259/259/259
f 259/259/259 260/260/260 261/261/261
f 258/258/258 261/261/261 262/262/262
f 263/263/263 261/261/261 260/260/260
f 262/262/262 261/261/261 264/264/264
f 261/261/261 263/263/263 265/265/265
f 265/265/265 264/264/264 261/261/261
f 268/268/268 267/267/267 266/266/266
f 269/269/269 266/266/266 267/267/267
f 267/267/267 270/270/270 269/269/269
f 266/266/266 269/269/269 271/271/271
f 272/272/272 269/269/269 270/270/270
f 273/273/273 271/271/271 269/269/269
f 269/269/269 272/272/272 273/273/273
f 274/274/274 273/273/273 272/272/272
f 273/273/273 275/275/275 271/271/271
f 276/276/276 273/273/273 274/274/274
f 277/277/277 275/275/275 273/273/273
f 276/276/276 277/277/277 273/273/273
f 278/278/278 277/277/277 276/276/276
f 277/277/277 279/279/279 275/275/275
f 280/280/280 277/277/277 278/278/278
f 280/280/280 281/281/281 277/277/277
f 281/281/281 279/279/279 277/277/277
f 282/282/282 281/281/281 280/280/280
f 282/282/282 283/283/283 281/281/281
f 281/281/281 284/284/284 279/279/279
f 284/284/284 281/281/281 283/283/283
f 285/285/285 279/279/279 284/284/284
f 283/283/283 286/286/286 284/284/284
f 284/284/284 287/287/287 285/285/285
f 287/287/287 284/284/284 286/286/286
f 288/288/288 285/285/285 287/287/287
f 286/286/286 289/289/289 287/287/287
f 287/287/287 290/290/290 288/288/288
f 290/290/290 287/287/287 289/289/289
f 291/291/291 288/288/288 290/290/290
f 289/289/289 292/292/292 290/290/290
f 293/293/293 291/291/291 290/290/290
f 292/292/292 294/294/294 290/290/290
f 290/290/290 294/294/294 293/293/293
f 292/292/292 295/295/295 294/294/294
f 295/295/295 296/296/296 294/294/294
f 294/294/294 296/296/296 293/293/293
f 297/297/297 293/293/293 296/296/296
f 300/300/300 299/299/299 298/298/298
f 301/301/301 298/298/298 299/299/299
f 299/299/299 302/302/302 301/301/301
f 298/298/298 301/301/301 303/303/303
f 304/304/304 301/301/301 302/302/302
f 305/305/305 303/303/303 301/301/301
f 301/301/301 304/304/304 305/305/305
f 303/303/303 305/305/305 306/306/306
f 307/307/307 305/305/305 304/304/304
f 308/308/308 306/306/306 305/305/305
f 305/305/305 307/307/307 308/308/308
f 309/309/309 308/308/308 307/307/307
f 306/306/306 308/308/308 310/310/310
f 311/311/311 308/308/308 309/309/309
f 312/312/312 310/310/310 308/308/308
f 308/308/308 311/311/311 312/312/312
f 313/313/313 312/312/312 311/311/311
f 313/313/313 314/314/314 312/312/312
f 315/315/315 310/310/310 312/312/312
f 314/314/314 316/316/316 312/312/312
f 312/312/312 317/317/317 315/315/315
f 317/317/317 312/312/312 316/316/316
f 318/318/318 315/315/315 317/317/317
f 316/316/316 319/319/319 317/317/317
f 318/318/318 317/317/317 320/320/320
f 320/320/320 317/317/317 319/319/319
f 321/321/321 318/318/318 320/320/320
f 320/320/320 319/319/319 322/322/322
f 321/321/321 320/320/320 323/323/323
f 323/323/323 320/320/320 322/322/322
f 326/326/326 325/325/325 324/324/324
f 327/327/327 326/326/326 324/324/324
f 328/328/328 326/326/326 327/327/327
f 327/327/327 324/324/324 329/329/329
f 330/330/330 328/328/328 327/327/327
f 331/331/331 327/327/327 329/329/329
f 330/330/330 327/327/327 331/331/331
f 329/329/329 332/332/332 331/331/331
f 333/333/333 330/330/330 331/331/331
f 334/334/334 331/331/331 332/332/332
f 331/331/331 334/334/334 333/333/333
f 335/335/335 333/333/333 334/334/334
f 336/336/336 335/335/335 334/334/334
f 332/332/332 337/337/337 334/334/334
f 334/334/334 338/338/338 336/336/336
f 338/338/338 334/334/334 337/337/337
f 338/338/338 337/337/337 339/339/339
f 339/339/339 340/340/340 338/338/338
f 341/341/341 339/339/339 337/337/337
f 340/340/340 339/339/339 342/342/342
f 339/339/339 341/341/341 343/343/343
f 343/343/343 342/342/342 339/339/339
f 344/344/344 343/343/343 341/341/341
f 342/342/342 343/343/343 345/345/345
f 345/345/345 343/343/343 346/346/346
f 347/347/347 343/343/343 344/344/344
f 348/348/348 346/346/346 343/343/343
f 343/343/343 347/347/347 348/348/348
f 349/349/349 348/348/348 347/347/347
f 352/352/352 351/351/351 350/350/350
f 353/353/353 350/350/350 351/351/351
f 351/351/351 354/354/354 353/353/353
f 350/350/350 353/353/353 355/355/355
f 356/356/356 353/353/353 354/354/354
f 353/353/353 356/356/356 357/357/357
f 357/357/357 355/355/355 353/353/353
f 358/358/358 357/357/357 356/356/356
f 359/359/359 355/355/355 357/357/357
f 357/357/357 358/358/358 359/359/359
f 355/355/355 359/359/359 360/360/360
f 361/361/361 359/359/359 358/358/358
f 360/360/360 359/359/359 362/362/362
f 359/359/359 361/361/361 363/363/363
f 363/363/363 362/362/362 359/359/359
f 364/364/364 363/363/363 361/361/361
f 364/364/364 365/365/365 363/363/363
f 363/363/363 366/366/366 362/362/362
f 366/366/366 363/363/363 365/365/365
f 367/367/367 362/362/362 366/366/366
f 365/365/365 368/368/368 366/366/366
f 366/366/366 369/369/369 367/367/367
f 369/369/369 366/366/366 368/368/368
f 370/370/370 367/367/367 369/369/369
f 368/368/368 371/371/371 369/369/369
f 372/372/372 370/370/370 369/369/369
f 373/373/373 369/369/369 371/371/371
f 369/369/369 373/373/373 372/372/372
f 376/376/376 375/375/375 374/374/374
f 374/374/374 377/377/377 376/376/376
f 376/376/376 377/377/377 378/378/378
f 377/377/377 379/379/379 378/378/378
f 377/377/377 374/374/374 380/380/380
f 379/379/379 377/377/377 381/381/381
f 382/382/382 381/381/381 377/377/377
f 377/377/377 380/380/380 382/382/382
f 381/381/381 382/382/382 383/383/383
f 382/382/382 380/380/380 384/384/384
f 384/384/384 383/383/383 382/382/382
f 385/385/385 384/384/384 380/380/380
f 383/383/383 384/384/384 386/386/386
f 384/384/384 385/385/385 387/387/387
f 387/387/387 386/386/386 384/384/384
f 388/388/388 387/387/387 385/385/385
f 389/389/389 386/386/386 387/387/387
f 388/388/388 390/390/390 387/387/387
f 391/391/391 387/387/387 390/390/390
f 387/387/387 391/391/391 389/389/389
f 390/390/390 392/392/392 391/391/391
f 391/391/391 393/393/393 389/389/389
f 392/392/392 393/393/393 391/391/391
f 394/394/394 389/389/389 393/393/393
f 393/393/393 392/392/392 395/395/395
f 395/395/395 394/394/394 393/393/393
f 396/396/396 395/395/395 392/392/392
f 394/394/394 395/395/395 397/397/397
f 400/400/400 399/399/399 398/398/398
f 401/401/401 398/398/398 399/399/399
f 399/399/399 402/402/402 401/401/401
f 398/398/398 401/401/401 403/403/403
f 404/404/404 401/401/401 402/402/402
f 403/403/403 401/401/401 405/405/405
f 401/401/401 404/404/404 405/405/405
f 405/405/405 406/406/406 403/403/403
f 407/407/407 405/405/405 404/404/404
f 405/405/405 408/408/408 406/406/406
f 405/405/405 407/407/407 408/408/408
f 406/406/406 408/408/408 409/409/409
f 410/410/410 408/408/408 407/407/407
f 409/409/409 408/408/408 411/411/411
f 412/412/412 408/408/408 410/410/410
f 413/413/413 411/411/411 408/408/408
f 408/408/408 412/412/412 413/413/413
f 414/414/414 413/413/413 412/412/412
f 411/411/411 413/413/413 415/415/415
f 413/413/413 414/414/414 416/416/416
f 416/416/416 415/415/415 413/413/413
f 416/416/416 417/417/417 415/415/415
f 417/417/417 418/418/418 415/415/415
f 419/419/419 417/417/417 416/416/416
f 422/422/422 421/421/421 420/420/420
f 420/420/420 423/423/423 422/422/422
f 424/424/424 422/422/422 423/423/423
f 420/420/420 425/425/425 423/423/423
f 426/426/426 424/424/424 423/423/423
f 425/425/425 427/427/427 423/423/423
f 426/426/426 423/423/423 427/427/427
f 427/427/427 425/425/425 428/428/428
f 426/426/426 427/427/427 429/429/429
f 428/428/428 430/430/430 427/427/427
f 430/430/430 429/429/429 427/427/427
f 428/428/428 431/431/431 430/430/430
f 429/429/429 430/430/430 432/432/432
f 433/433/433 430/430/430 431/431/431
f 432/432/432 430/430/430 433/433/433
f 434/434/434 432/432/432 433/433/433
f 431/431/431 435/435/435 433/433/433
f 436/436/436 434/434/434 433/433/433
f 437/437/437 433/433/433 435/435/435
f 436/436/436 433/433/433 437/437/437
f 435/435/435 438/438/438 437/437/437
f 439/439/439 436/436/436 437/437/437
f 438/438/438 440/440/440 437/437/437
f 439/439/439 437/437/437 441/441/441
f 437/437/437 440/440/440 441/441/441
f 444/444/444 443/443/443 442/442/442
f 445/445/445 442/442/442 443/443/443
f 443/443/443 446/446/446 445/445/445
f 445/445/445 447/447/447 442/442/442
f 448/448/448 445/445/445 446/446/446
f 447/447/447 445/445/445 449/449/449
f 445/445/445 448/448/448 449/449/449
f 450/450/450 449/449/449 448/448/448
f 449/449/449 451/451/451 447/447/447
f 452/452/452 449/449/449 450/450/450
f 449/449/449 452/452/452 453/453/453
f 451/451/451 449/449/449 453/453/453
f 454/454/454 453/453/453 452/452/452
f 451/451/451 453/453/453 455/455/455
f 455/455/455 453/453/453 454/454/454
f 455/455/455 456/456/456 451/451/451
f 454/454/454 457/457/457 455/455/455
f 455/455/455 458/458/458 456/456/456
f 459/459/459 455/455/455 457/457/457
f 458/458/458 455/455/455 459/459/459
f 457/457/457 460/460/460 459/459/459
f 459/459/459 461/461/461 458/458/458
f 462/462/462 459/459/459 460/460/460
f 461/461/461 459/459/459 462/462/462
f 462/462/462 460/460/460 463/463/463
f 461/461/461 462/462/462 464/464/464
f 465/465/465 462/462/462 463/463/463
f 465/465/465 464/464/464 462/462/462
f 465/465/465 463/463/463 466/466/466
f 464/464/464 465/465/465 467/467/467
f 468/468/468 465/465/465 466/466/466
f 468/468/468 467/467/467 465/465/465
f 471/471/471 470/470/470 469/469/469
f 472/472/472 469/469/469 470/470/470
f 470/470/470 473/473/473 472/472/472
f 474/474/474 472/472/472 473/473/473
f 469/469/469 472/472/472 475/475/475
f 472/472/472 474/474/474 476/476/476
f 475/475/475 472/472/472 477/477/477
f 476/476/476 477/477/477 472/472/472
f 477/477/477 478/478/478 475/475/475
f 477/477/477 476/476/476 479/479/479
f 478/478/478 477/477/477 480/480/480
f 480/480/480 477/477/477 479/479/479
f 480/480/480 481/481/481 478/478/478
f 480/480/480 479/479/479 482/482/482
f 480/480/480 483/483/483 481/481/481
f 483/483/483 480/480/480 482/482/482
f 483/483/483 482/482/482 484/484/484
f 484/484/484 485/485/485 483/483/483
f 485/485/485 484/484/484 486/486/486
f 487/487/487 484/484/484 482/482/482
f 486/486/486 484/484/484 488/488/488
f 484/484/484 487/487/487 489/489/489
f 489/489/489 488/488/488 484/484/484
f 490/490/490 489/489/489 487/487/487
f 491/491/491 488/488/488 489/489/489
f 489/489/489 490/490/490 491/491/491
f 488/488/488 491/491/491 492/492/492
f 493/493/493 491/491/491 490/490/490
f 496/496/496 495/495/495 494/494/494
f 494/494/494 497/497/497 496/496/496
f 496/496/496 497/497/497 498/498/498
f 497/497/497 499/499/499 498/498/498
f 497/497/497 494/494/494 500/500/500
f 499/499/499 497/497/497 501/501/501
f 502/502/502 501/501/501 497/497/497
f 500/500/500 502/502/502 497/497/497
f 501/501/501 502/502/502 503/503/503
f 502/502/502 500/500/500 504/504/504
f 504/504/504 503/503/503 502/502/502
f 505/505/505 504/504/504 500/500/500
f 504/504/504 506/506/506 503/503/503
f 504/504/504 505/505/505 507/507/507
f 506/506/506 504/504/504 507/507/507
f 508/508/508 507/507/507 505/505/505
f 507/507/507 509/509/509 506/506/506
f 507/507/507 508/508/508 510/510/510
f 509/509/509 507/507/507 510/510/510
f 511/511/511 510/510/510 508/508/508
f 512/512/512 509/509/509 510/510/510
f 510/510/510 511/511/511 513/513/513
f 514/514/514 510/510/510 513/513/513
f 510/510/510 514/514/514 512/512/512
f 513/513/513 515/515/515 514/514/514
f 514/514/514 516/516/516 512/512/512
f 516/516/516 514/514/514 515/515/515
f 515/515/515 517/517/517 516/516/516
f 518/518/518 512/512/512 516/516/516
f 517/517/517 519/519/519 516/516/516
f 516/516/516 520/520/520 518/518/518
f 520/520/520 516/516/516 519/519/519
f 520/520/520 519/519/519 521/521/521
f 522/522/522 518/518/518 520/520/520
f 521/521/521 523/523/523 520/520/520
f 522/522/522 520/520/520 523/523/523
f 523/523/523 524/524/524 522/522/522
f 527/527/527 526/526/526 525/525/525
f 528/528/528 525/525/525 526/526/526
f 526/526/526 529/529/529 528/528/528
f 528/528/528 530/530/530 525/525/525
f 531/531/531 528/528/528 529/529/529
f 530/530/530 528/528/528 532/532/532
f 528/528/528 531/531/531 532/532/532
f 533/533/533 532/532/532 531/531/531
f 532/532/532 534/534/534 530/530/530
f 532/532/532 533/533/533 535/535/535
f 534/534/534 532/532/532 536/536/536
f 532/532/532 535/535/535 536/536/536
f 536/536/536 537/537/537 534/534/534
f 538/538/538 536/536/536 535/535/535
f 536/536/536 538/538/538 539/539/539
f 537/537/537 536/536/536 539/539/539
f 540/540/540 539/539/539 538/538/538
f 540/540/540 541/541/541 539/539/539
f 537/537/537 539/539/539 542/542/542
f 542/542/542 539/539/539 541/541/541
f 543/543/543 537/537/537 542/542/542
f 541/541/541 544/544/544 542/542/542
f 543/543/543 542/542/542 545/545/545
f 545/545/545 542/542/542 544/544/544
f 546/546/546 543/543/543 545/545/545
f 545/545/545 544/544/544 547/547/547
f 546/546/546 545/545/545 548/548/548
f 547/547/547 548/548/548 545/545/545
f 548/548/548 549/549/549 546/546/546
f 548/548/548 547/547/547 550/550/550
f 549/549/549 548/548/548 551/551/551
f 550/550/550 552/552/552 548/548/548
f 552/552/552 551/551/551 548/548/548
f 552/552/552 550/550/550 553/553/553
f 551/551/551 552/552/552 554/554/554
f 553/553/553 554/554/554 552/552/552
f 557/557/557 556/556/556 555/555/555
f 556/556/556 558/558/558 555/555/555
f 559/559/559 555/555/555 558/558/558
f 560/560/560 558/558/558 556/556/556
f 561/561/561 559/559/559 558/558/558
f 558/558/558 560/560/560 561/561/561
f 559/559/559 561/561/561 562/562/562
f 560/560/560 563/563/563 561/561/561
f 562/562/562 561/561/561 564/564/564
f 563/563/563 565/565/565 561/561/561
f 564/564/564 561/561/561 565/565/565
f 566/566/566 565/565/565 563/563/563
f 567/567/567 564/564/564 565/565/565
f 566/566/566 568/568/568 565/565/565
f 567/567/567 565/565/565 569/569/569
f 565/565/565 568/568/568 570/570/570
f 569/569/569 565/565/565 571/571/571
f 570/570/570 571/571/571 565/565/565
f 574/574/574 573/573/573 572/572/572
f 572/572/572 575/575/575 574/574/574
f 576/576/576 574/574/574 575/575/575
f 575/575/575 572/572/572 577/577/577
f 578/578/578 576/576/576 575/575/575
f 575/575/575 577/577/577 579/579/579
f 579/579/579 578/578/578 575/575/575
f 578/578/578 579/579/579 580/580/580
f 581/581/581 579/579/579 577/577/577
f 580/580/580 579/579/579 582/582/582
f 579/579/579 581/581/581 583/583/583
f 583/583/583 582/582/582 579/579/579
f 584/584/584 583/583/583 581/581/581
f 582/582/582 583/583/583 585/585/585
f 583/583/583 584/584/584 586/586/586
f 586/586/586 585/585/585 583/583/583
f 587/587/587 586/586/586 584/584/584
f 588/588/588 586/586/586 587/587/587
f 586/586/586 589/589/589 585/585/585
f 588/588/588 589/589/589 586/586/586
f 590/590/590 585/585/585 589/589/589
f 588/588/588 591/591/591 589/589/589
f 589/589/589 592/592/592 590/590/590
f 591/591/591 592/592/592 589/589/589
f 593/593/593 590/590/590 592/592/592
f 591/591/591 594/594/594 592/592/592
f 594/594/594 595/595/595 592/592/592
f 592/592/592 595/595/595 593/593/593
f 595/595/595 594/594/594 596/596/596
f 595/595/595 597/597/597 593/593/593
f 596/596/596 597/597/597 595/595/595
f 598/598/598 593/593/593 597/597/597
f 597/597/597 596/596/596 599/599/599
f 597/597/597 600/600/600 598/598/598
f 599/599/599 600/600/600 597/597/597
f 603/603/603 602/602/602 601/601/601
f 604/604/604 601/601/601 602/602/602
f 602/602/602 605/605/605 604/604/604
f 601/601/601 604/604/604 606/606/606
f 607/607/607 604/604/604 605/605/605
f 608/608/608 606/606/606 604/604/604
f 604/604/604 607/607/607 608/608/608
f 609/609/609 608/608/608 607/607/607
f 606/606/606 608/608/608 610/610/610
f 611/611/611 608/608/608 609/609/609
f 612/612/612 610/610/610 608/608/608
f 608/608/608 611/611/611 612/612/612
f 610/610/610 612/612/612 613/613/613
f 614/614/614 612/612/612 611/611/611
f 612/612/612 615/615/615 613/613/613
f 615/615/615 612/612/612 614/614/614
f 616/616/616 613/613/613 615/615/615
f 615/615/615 614/614/614 617/617/617
f 615/615/615 618/618/618 616/616/616
f 618/618/618 615/615/615 617/617/617
f 618/618/618 619/619/619 616/616/616
f 618/618/618 617/617/617 620/620/620
f 619/619/619 618/618/618 621/621/621
f 618/618/618 620/620/620 622/622/622
f 623/623/623 621/621/621 618/618/618
f 622/622/622 623/623/623 618/618/618
f 621/621/621 623/623/623 624/624/624
f 625/625/625 623/623/623 622/622/622
f 626/626/626 624/624/624 623/623/623
f 623/623/623 625/625/625 626/626/626
f 627/627/627 626/626/626 625/625/625
f 630/630/630 629/629/629 628/628/628
f 631/631/631 628/628/628 629/629/629
f 632/632/632 628/628/628 631/631/631
f 629/629/629 633/633/633 631/631/631
f 631/631/631 634/634/634 632/632/632
f 635/635/635 631/631/631 633/633/633
f 634/634/634 631/631/631 635/635/635
f 633/633/633 636/636/636 635/635/635
f 635/635/635 637/637/637 634/634/634
f 638/638/638 635/635/635 636/636/636
f 637/637/637 635/635/635 638/638/638
f 636/636/636 639/639/639 638/638/638
f 640/640/640 637/637/637 638/638/638
f 641/641/641 638/638/638 639/639/639
f 640/640/640 638/638/638 641/641/641
f 642/642/642 640/640/640 641/641/641
f 643/643/643 641/641/641 639/639/639
f 642/642/642 641/641/641 644/644/644
f 641/641/641 643/643/643 645/645/645
f 645/645/645 644/644/644 641/641/641
f 646/646/646 645/645/645 643/643/643
f 644/644/644 645/645/645 647/647/647
f 645/645/645 646/646/646 648/648/648
f 647/647/647 645/645/645 648/648/648
f 649/649/649 648/648/648 646/646/646
f 648/648/648 650/650/650 647/647/647
f 649/649/649 651/651/651 648/648/648
f 648/648/648 652/652/652 650/650/650
f 651/651/651 653/653/653 648/648/648
f 652/652/652 648/648/648 653/653/653
f 656/656/656 655/655/655 654/654/654
f 654/654/654 657/657/657 656/656/656
f 658/658/658 656/656/656 657/657/657
f 657/657/657 654/654/654 659/659/659
f 657/657/657 660/660/660 658/658/658
f 659/659/659 661/661/661 657/657/657
f 660/660/660 657/657/657 661/661/661
f 661/661/661 659/659/659 662/662/662
f 661/661/661 663/663/663 660/660/660
f 661/661/661 662/662/662 664/664/664
f 661/661/661 665/665/665 663/663/663
f 664/664/664 666/666/666 661/661/661
f 665/665/665 661/661/661 666/666/666
f 666/666/666 664/664/664 667/667/667
f 666/666/666 668/668/668 665/665/665
f 667/667/667 669/669/669 666/666/666
f 668/668/668 666/666/666 669/669/669
f 669/669/669 667/667/667 670/670/670
f 669/669/669 671/671/671 668/668/668
f 670/670/670 672/672/672 669/669/669
f 671/671/671 669/669/669 672/672/672
f 672/672/672 673/673/673 671/671/671
f 676/676/676 675/675/675 674/674/674
f 677/677/677 674/674/674 675/675/675
f 675/675/675 678/678/678 677/677/677
f 674/674/674 677/677/677 679/679/679
f 680/680/680 677/677/677 678/678/678
f 681/681/681 679/679/679 677/677/677
f 677/677/677 680/680/680 681/681/681
f 679/679/679 681/681/681 682/682/682
f 683/683/683 681/681/681 680/680/680
f 682/682/682 681/681/681 684/684/684
f 685/685/685 681/681/681 683/683/683
f 686/686/686 684/684/684 681/681/681
f 681/681/681 685/685/685 686/686/686
f 684/684/684 686/686/686 687/687/687
f 688/688/688 686/686/686 685/685/685
f 689/689/689 687/687/687 686/686/686
f 686/686/686 688/688/688 689/689/689
f 687/687/687 689/689/689 690/690/690
f 691/691/691 689/689/689 688/688/688
f 692/692/692 690/690/690 689/689/689
f 689/689/689 691/691/691 692/692/692
f 695/695/695 694/694/694 693/693/693
f 693/693/693 696/696/696 695/695/695
f 697/697/697 695/695/695 696/696/696
f 696/696/696 693/693/693 698/698/698
f 696/696/696 699/699/699 697/697/697
f 698/698/698 700/700/700 696/696/696
f 699/699/699 696/696/696 700/700/700
f 700/700/700 698/698/698 701/701/701
f 700/700/700 702/702/702 699/699/699
f 701/701/701 703/703/703 700/700/700
f 702/702/702 700/700/700 703/703/703
f 703/703/703 701/701/701 704/704/704
f 703/703/703 705/705/705 702/702/702
f 704/704/704 706/706/706 703/703/703
f 705/705/705 703/703/703 706/706/706
f 706/706/706 704/704/704 707/707/707
f 706/706/706 708/708/708 705/705/705
f 710/710/710 709/709/709 707/707/707
f 708/708/708 706/706/706 711/711/711
f 707/707/707 711/711/711 706/706/706
f 711/711/711 707/707/707 709/709/709
f 711/711/711 712/712/712 708/708/708
f 709/709/709 713/713/713 711/711/711
f 712/712/712 711/711/711 713/713/713
f 716/716/716 715/715/715 714/714/714
f 717/717/717 714/714/714 715/715/715
f 715/715/715 718/718/718 717/717/717
f 714/714/714 717/717/717 719/719/719
f 720/720/720 717/717/717 718/718/718
f 721/721/721 719/719/719 717/717/717
f 717/717/717 720/720/720 721/721/721
f 719/719/719 721/721/721 722/722/722
f 723/723/723 721/721/721 720/720/720
f 724/724/724 722/722/722 721/721/721
f 721/721/721 723/723/723 724/724/724
f 722/722/722 724/724/724 725/725/725
f 726/726/726 724/724/724 723/723/723
f 727/727/727 725/725/725 724/724/724
f 724/724/724 726/726/726 727/727/727
f 725/725/725 727/727/727 728/728/728
f 729/729/729 727/727/727 726/726/726
f 731/731/731 730/730/730 728/728/728
f 727/727/727 729/729/729 732/732/732
f 732/732/732 728/728/728 727/727/727
f 728/728/728 732/732/732 731/731/731
f 733/733/733 732/732/732 729/729/729
f 734/734/734 731/731/731 732/732/732
f 732/732/732 733/733/733 734/734/734
f 737/737/737 736/736/736 735/735/735
f 738/738/738 735/735/735 736/736/736
f 736/736/736 739/739/739 738/738/738
f 740/740/740 738/738/738 739/739/739
f 735/735/735 738/738/738 741/741/741
f 742/742/742 738/738/738 740/740/740
f 743/743/743 741/741/741 738/738/738
f 738/738/738 742/742/742 743/743/743
f 744/744/744 743/743/743 742/742/742
f 741/741/741 743/743/743 745/745/745
f 743/743/743 744/744/744 746/746/746
f 745/745/745 743/743/743 747/747/747
f 746/746/746 747/747/747 743/743/743
f 747/747/747 748/748/748 745/745/745
f 747/747/747 746/746/746 749/749/749
f 747/747/747 750/750/750 748/748/748
f 749/749/749 751/751/751 747/747/747
f 750/750/750 747/747/747 751/751/751
f 751/751/751 749/749/749 752/752/752
f 751/751/751 752/752/752 753/753/753
f 751/751/751 754/754/754 750/750/750
f 753/753/753 755/755/755 751/751/751
f 754/754/754 751/751/751 755/755/755
f 755/755/755 756/756/756 754/754/754
f 759/759/759 758/758/758 757/757/757
f 757/757/757 760/760/760 759/759/759
f 761/761/761 759/759/759 760/760/760
f 760/760/760 762/762/762 761/761/761
f 760/760/760 757/757/757 763/763/763
f 760/760/760 764/764/764 762/762/762
f 763/763/763 765/765/765 760/760/760
f 764/764/764 760/760/760 765/765/765
f 765/765/765 766/766/766 764/764/764
f 765/765/765 763/763/763 767/767/767
f 766/766/766 765/765/765 768/768/768
f 765/765/765 767/767/767 769/769/769
f 769/769/769 768/768/768 765/765/765
f 770/770/770 769/769/769 767/767/767
f 768/768/768 769/769/769 771/771/771
f 769/769/769 770/770/770 772/772/772
f 772/772/772 771/771/771 769/769/769
f 773/773/773 772/772/772 770/770/770
f 771/771/771 772/772/772 774/774/774
f 775/775/775 772/772/772 773/773/773
f 776/776/776 774/774/774 772/772/772
f 772/772/772 775/775/775 776/776/776
f 774/774/774 776/776/776 777/777/777
f 776/776/776 775/775/775 778/778/778
f 778/778/778 777/777/777 776/776/776
f 781/781/781 780/780/780 779/779/779
f 781/781/781 779/779/779 782/782/782
f 781/781/781 782/782/782 783/783/783
f 779/779/779 785/785/785 784/784/784
f 784/784/784 782/782/782 779/779/779
f 782/782/782 784/784/784 786/786/786
f 786/786/786 783/783/783 782/782/782
f 787/787/787 786/786/786 784/784/784
f 788/788/788 783/783/783 786/786/786
f 786/786/786 787/787/787 788/788/788
f 789/789/789 788/788/788 787/787/787
f 783/783/783 788/788/788 790/790/790
f 789/789/789 791/791/791 788/788/788
f 788/788/788 792/792/792 790/790/790
f 792/792/792 788/788/788 791/791/791
f 793/793/793 790/790/790 792/792/792
f 792/792/792 791/791/791 794/794/794
f 792/792/792 795/795/795 793/793/793
f 795/795/795 792/792/792 794/794/794
f 796/796/796 793/793/793 795/795/795
f 797/797/797 795/795/795 794/794/794
f 796/796/796 795/795/795 797/797/797
f 798/798/798 797/797/797 794/794/794
f 799/799/799 796/796/796 797/797/797
f 797/797/797 798/798/798 800/800/800
f 799/799/799 797/797/797 801/801/801
f 800/800/800 801/801/801 797/797/797
f 804/804/804 803/803/803 802/802/802
f 802/802/802 805/805/805 804/804/804
f 804/804/804 805/805/805 806/806/806
f 807/807/807 806/806/806 805/805/805
f 807/807/807 805/805/805 808/808/808
f 805/805/805 802/802/802 809/809/809
f 809/809/809 808/808/808 805/805/805
f 810/810/810 809/809/809 802/802/802
f 809/809/809 811/811/811 808/808/808
f 809/809/809 810/810/810 812/812/812
f 811/811/811 809/809/809 812/812/812
f 812/812/812 810/810/810 813/813/813
f 811/811/811 812/812/812 814/814/814
f 812/812/812 813/813/813 815/815/815
f 814/814/814 812/812/812 815/815/815
f 816/816/816 815/815/815 813/813/813
f 816/816/816 817/817/817 815/815/815
f 815/815/815 818/818/818 814/814/814
f 818/818/818 815/815/815 817/817/817
f 817/817/817 819/819/819 818/818/818
f 820/820/820 814/814/814 818/818/818
f 819/819/819 821/821/821 818/818/818
f 818/818/818 822/822/822 820/820/820
f 822/822/822 818/818/818 821/821/821
f 823/823/823 820/820/820 822/822/822
f 821/821/821 824/824/824 822/822/822
f 822/822/822 825/825/825 823/823/823
f 825/825/825 822/822/822 824/824/824
f 826/826/826 823/823/823 825/825/825
f 825/825/825 824/824/824 827/827/827
f 825/825/825 828/828/828 826/826/826
f 828/828/828 825/825/825 827/827/827
f 829/829/829 826/826/826 828/828/828
f 827/827/827 830/830/830 828/828/828
f 829/829/829 828/828/828 831/831/831
f 832/832/832 828/828/828 830/830/830
f 832/832/832 831/831/831 828/828/828
f 835/835/835 834/834/834 833/833/833
f 834/834/834 837/837/837 836/836/836
f 834/834/834 836/836/836 833/833/833
f 833/833/833 836/836/836 838/838/838
f 838/838/838 839/839/839 833/833/833
f 836/836/836 840/840/840 838/838/838
f 839/839/839 838/838/838 841/841/841
f 838/838/838 840/840/840 842/842/842
f 842/842/842 841/841/841 838/838/838
f 842/842/842 843/843/843 841/841/841
f 844/844/844 843/843/843 842/842/842
f 841/841/841 843/843/843 845/845/845
f 843/843/843 844/844/844 846/846/846
f 845/845/845 843/843/843 847/847/847
f 846/846/846 847/847/847 843/843/843
f 850/850/850 849/849/849 848/848/848
f 849/849/849 851/851/851 848/848/848
f 849/849/849 852/852/852 851/851/851
f 854/854/854 853/853/853 848/848/848
f 848/848/848 851/851/851 854/854/854
f 855/855/855 851/851/851 852/852/852
f 851/851/851 855/855/855 854/854/854
f 856/856/856 854/854/854 855/855/855
f 852/852/852 857/857/857 855/855/855
f 858/858/858 856/856/856 855/855/855
f 859/859/859 855/855/855 857/857/857
f 855/855/855 859/859/859 858/858/858
f 859/859/859 857/857/857 860/860/860
f 861/861/861 858/858/858 859/859/859
f 860/860/860 862/862/862 859/859/859
f 859/859/859 862/862/862 861/861/861
f 862/862/862 860/860/860 863/863/863
f 864/864/864 861/861/861 862/862/862
f 863/863/863 865/865/865 862/862/862
f 862/862/862 865/865/865 864/864/864
f 865/865/865 863/863/863 866/866/866
f 867/867/867 864/864/864 865/865/865
f 865/865/865 866/866/866 868/868/868
f 867/867/867 865/865/865 868/868/868
f 869/869/869 868/868/868 866/866/866
f 868/868/868 870/870/870 867/867/867
f 868/868/868 869/869/869 871/871/871
f 870/870/870 868/868/868 872/872/872
f 871/871/871 872/872/872 868/868/868
f 875/875/875 874/874/874 873/873/873
f 877/877/877 876/876/876 875/875/875
f 874/874/874 875/875/875 878/878/878
f 876/876/876 878/878/878 875/875/875
f 878/878/878 879/879/879 874/874/874
f 876/876/876 880/880/880 878/878/878
f 879/879/879 878/878/878 881/881/881
f 880/880/880 881/881/881 878/878/878
f 882/882/882 879/879/879 881/881/881
f 880/880/880 883/883/883 881/881/881
f 882/882/882 881/881/881 884/884/884
f 883/883/883 884/884/884 881/881/881
f 885/885/885 882/882/882 884/884/884
f 886/886/886 884/884/884 883/883/883
f 885/885/885 884/884/884 887/887/887
f 888/888/888 887/887/887 884/884/884
f 884/884/884 886/886/886 888/888/888
f 887/887/887 888/888/888 889/889/889
f 888/888/888 886/886/886 890/890/890
f 890/890/890 889/889/889 888/888/888
f 891/891/891 890/890/890 886/886/886
f 889/889/889 890/890/890 892/892/892
f 890/890/890 891/891/891 893/893/893
f 893/893/893 892/892/892 890/890/890
f 894/894/894 893/893/893 891/891/891
f 892/892/892 893/893/893 895/895/895
f 896/896/896 893/893/893 894/894/894
f 897/897/897 895/895/895 893/893/893
f 893/893/893 896/896/896 897/897/897
f 900/900/900 899/899/899 898/898/898
f 901/901/901 899/899/899 900/900/900
f 901/901/901 900/900/900 902/902/902
f 901/901/901 902/902/902 903/903/903
f 901/901/901 903/903/903 904/904/904
f 899/899/899 901/901/901 905/905/905
f 905/905/905 901/901/901 904/904/904
f 905/905/905 906/906/906 899/899/899
f 905/905/905 904/904/904 907/907/907
f 905/905/905 908/908/908 906/906/906
f 908/908/908 905/905/905 907/907/907
f 908/908/908 909/909/909 906/906/906
f 908/908/908 907/907/907 910/910/910
f 908/908/908 911/911/911 909/909/909
f 908/908/908 912/912/912 911/911/911
f 912/912/912 908/908/908 910/910/910
f 911/911/911 912/912/912 913/913/913
f 913/913/913 912/912/912 914/914/914
f 912/912/912 910/910/910 915/915/915
f 915/915/915 914/914/914 912/912/912
f 916/916/916 915/915/915 910/910/910
f 914/914/914 915/915/915 917/917/917
f 915/915/915 916/916/916 918/918/918
f 918/918/918 917/917/917 915/915/915
f 919/919/919 918/918/918 916/916/916
f 917/917/917 918/918/918 920/920/920
f 918/918/918 919/919/919 921/921/921
f 921/921/921 920/920/920 918/918/918
f 924/924/924 923/923/923 922/922/922
f 923/923/923 925/925/925 922/922/922
f 923/923/923 926/926/926 925/925/925
f 922/922/922 928/928/928 927/927/927
f 928/928/928 922/922/922 925/925/925
f 926/926/926 929/929/929 925/925/925
f 928/928/928 925/925/925 929/929/929
f 929/929/929 930/930/930 928/928/928
f 926/926/926 931/931/931 929/929/929
f 932/932/932 930/930/930 929/929/929
f 932/932/932 929/929/929 933/933/933
f 931/931/931 933/933/933 929/929/929
f 934/934/934 932/932/932 933/933/933
f 934/934/934 933/933/933 935/935/935
f 933/933/933 931/931/931 936/936/936
f 936/936/936 935/935/935 933/933/933
f 937/937/937 936/936/936 931/931/931
f 935/935/935 936/936/936 938/938/938
f 936/936/936 937/937/937 939/939/939
f 939/939/939 938/938/938 936/936/936
f 940/940/940 939/939/939 937/937/937
f 938/938/938 939/939/939 941/941/941
f 939/939/939 940/940/940 942/942/942
f 942/942/942 941/941/941 939/939/939
f 943/943/943 942/942/942 940/940/940
f 942/942/942 944/944/944 941/941/941
f 942/942/942 943/943/943 945/945/945
f 944/944/944 942/942/942 946/946/946
f 945/945/945 946/946/946 942/942/942
f 949/949/949 948/948/948 947/947/947
f 951/951/951 947/947/947 950/950/950
f 952/952/952 949/949/949 947/947/947
f 947/947/947 951/951/951 952/952/952
f 949/949/949 952/952/952 953/953/953
f 954/954/954 952/952/952 951/951/951
f 955/955/955 953/953/953 952/952/952
f 952/952/952 954/954/954 955/955/955
f 953/953/953 955/955/955 956/956/956
f 955/955/955 954/954/954 957/957/957
f 957/957/957 956/956/956 955/955/955
f 958/958/958 957/957/957 954/954/954
f 956/956/956 957/957/957 959/959/959
f 960/960/960 957/957/957 958/958/958
f 957/957/957 960/960/960 961/961/961
f 961/961/961 959/959/959 957/957/957
f 961/961/961 960/960/960 962/962/962
f 961/961/961 962/962/962 963/963/963
f 961/961/961 964/964/964 959/959/959
f 964/964/964 961/961/961 963/963/963
f 965/965/965 959/959/959 964/964/964
f 964/964/964 963/963/963 966/966/966
f 964/964/964 967/967/967 965/965/965
f 964/964/964 966/966/966 968/968/968
f 964/964/964 969/969/969 967/967/967
f 968/968/968 969/969/969 964/964/964
f 969/969/969 970/970/970 967/967/967
f 969/969/969 968/968/968 971/971/971
f 972/972/972 970/970/970 969/969/969
f 971/971/971 972/972/972 969/969/969
f 970/970/970 972/972/972 973/973/973
f 974/974/974 972/972/972 971/971/971
f 977/977/977 976/976/976 975/975/975
f 978/978/978 975/975/975 976/976/976
f 979/979/979 975/975/975 978/978/978
f 978/978/978 980/980/980 979/979/979
f 981/981/981 978/978/978 976/976/976
f 980/980/980 978/978/978 981/981/981
f 982/982/982 981/981/981 976/976/976
f 981/981/981 983/983/983 980/980/980
f 981/981/981 982/982/982 984/984/984
f 984/984/984 983/983/983 981/981/981
f 985/985/985 984/984/984 982/982/982
f 983/983/983 984/984/984 986/986/986
f 984/984/984 985/985/985 987/987/987
f 987/987/987 986/986/986 984/984/984
f 986/986/986 987/987/987 988/988/988
f 988/988/988 987/987/987 989/989/989
f 988/988/988 989/989/989 990/990/990
f 991/991/991 990/990/990 989/989/989
f 990/990/990 992/992/992 988/988/988
f 991/991/991 993/993/993 990/990/990
f 994/994/994 992/992/992 990/990/990
f 995/995/995 990/990/990 993/993/993
f 994/994/994 990/990/990 995/995/995
f 995/995/995 993/993/993 996/996/996
f 994/994/994 995/995/995 997/997/997
f 998/998/998 995/995/995 996/996/996
f 998/998/998 997/997/997 995/995/995
f 1001/1001/1001 1000/1000/1000 999/999/999
f 1002/1002/1002 999/999/999 1000/1000/1000
f 1002/1002/1002 1003/1003/1003 999/999/999
f 1003/1003/1003 1002/1002/1002 1004/1004/1004
f 1002/1002/1002 1000/1000/1000 1005/1005/1005
f 1005/1005/1005 1004/1004/1004 1002/1002/1002
f 1004/1004/1004 1005/1005/1005 1006/1006/1006
f 1007/1007/1007 1005/1005/1005 1000/1000/1000
f 1006/1006/1006 1005/1005/1005 1008/1008/1008
f 1005/1005/1005 1007/1007/1007 1009/1009/1009
f 1009/1009/1009 1008/1008/1008 1005/1005/1005
f 1010/1010/1010 1009/1009/1009 1007/1007/1007
f 1011/1011/1011 1008/1008/1008 1009/1009/1009
f 1009/1009/1009 1010/1010/1010 1011/1011/1011
f 1008/1008/1008 1011/1011/1011 1012/1012/1012
f 1013/1013/1013 1011/1011/1011 1010/1010/1010
f 1016/1016/1016 1015/1015/1015 1014/1014/1014
f 1014/1014/1014 1017/1017/1017 1016/1016/1016
f 1018/1018/1018 1016/1016/1016 1017/1017/1017
f 1014/1014/1014 1019/1019/1019 1017/1017/1017
f 1014/1014/1014 1020/1020/1020 1019/1019/1019
f 1021/1021/1021 1019/1019/1019 1020/1020/1020
f 1019/1019/1019 1021/1021/1021 1022/1022/1022
f 1022/1022/1022 1017/1017/1017 1019/1019/1019
f 1023/1023/1023 1022/1022/1022 1021/1021/1021
f 1017/1017/1017 1024/1024/1024 1018/1018/1018
f 1017/1017/1017 1022/1022/1022 1024/1024/1024
f 1024/1024/1024 1025/1025/1025 1018/1018/1018
f 1022/1022/1022 1023/1023/1023 1026/1026/1026
f 1026/1026/1026 1024/1024/1024 1022/1022/1022
f 1027/1027/1027 1026/1026/1026 1023/1023/1023
f 1024/1024/1024 1028/1028/1028 1025/1025/1025
f 1026/1026/1026 1027/1027/1027 1029/1029/1029
f 1029/1029/1029 1024/1024/1024 1026/1026/1026
f 1030/1030/1030 1029/1029/1029 1027/1027/1027
f 1029/1029/1029 1030/1030/1030 1031/1031/1031
f 1028/1028/1028 1024/1024/1024 1032/1032/1032
f 1024/1024/1024 1029/1029/1029 1032/1032/1032
f 1031/1031/1031 1032/1032/1032 1029/1029/1029
f 1032/1032/1032 1033/1033/1033 1028/1028/1028
f 1032/1032/1032 1031/1031/1031 1034/1034/1034
f 1035/1035/1035 1034/1034/1034 1031/1031/1031
f 1033/1033/1033 1032/1032/1032 1036/1036/1036
f 1034/1034/1034 1036/1036/1036 1032/1032/1032
f 1036/1036/1036 1037/1037/1037 1033/1033/1033
f 1034/1034/1034 1035/1035/1035 1038/1038/1038
f 1037/1037/1037 1036/1036/1036 1039/1039/1039
f 1036/1036/1036 1034/1034/1034 1040/1040/1040
f 1040/1040/1040 1039/1039/1039 1036/1036/1036
f 1038/1038/1038 1040/1040/1040 1034/1034/1034
f 1039/1039/1039 1040/1040/1040 1041/1041/1041
f 1042/1042/1042 1039/1039/1039 1041/1041/1041
f 1042/1042/1042 1041/1041/1041 1043/1043/1043
f 1040/1040/1040 1038/1038/1038 1044/1044/1044
f 1044/1044/1044 1041/1041/1041 1040/1040/1040
f 1045/1045/1045 1044/1044/1044 1038/1038/1038
f 1044/1044/1044 1045/1045/1045 1046/1046/1046
f 1047/1047/1047 1043/1043/1043 1041/1041/1041
f 1047/1047/1047 1041/1041/1041 1044/1044/1044
f 1046/1046/1046 1048/1048/1048 1044/1044/1044
f 1044/1044/1044 1048/1048/1048 1047/1047/1047
f 1048/1048/1048 1046/1046/1046 1049/1049/1049
f 1048/1048/1048 1049/1049/1049 1050/1050/1050
f 1050/1050/1050 1047/1047/1047 1048/1048/1048
f 1050/1050/1050 1043/1043/1043 1047/1047/1047
f 1043/1043/1043 1050/1050/1050 1051/1051/1051
f 1054/1054/1054 1053/1053/1053 1052/1052/1052
f 1052/1052/1052 1056/1056/1056 1055/1055/1055
f 1057/1057/1057 1052/1052/1052 1053/1053/1053
f 1057/1057/1057 1056/1056/1056 1052/1052/1052
f 1058/1058/1058 1057/1057/1057 1053/1053/1053
f 1056/1056/1056 1057/1057/1057 1059/1059/1059
f 1057/1057/1057 1058/1058/1058 1060/1060/1060
f 1059/1059/1059 1057/1057/1057 1061/1061/1061
f 1057/1057/1057 1060/1060/1060 1061/1061/1061
f 1059/1059/1059 1061/1061/1061 1062/1062/1062
f 1063/1063/1063 1062/1062/1062 1061/1061/1061
f 1064/1064/1064 1061/1061/1061 1060/1060/1060
f 1063/1063/1063 1061/1061/1061 1064/1064/1064
f 1060/1060/1060 1065/1065/1065 1064/1064/1064
f 1064/1064/1064 1065/1065/1065 1066/1066/1066
f 1064/1064/1064 1066/1066/1066 1067/1067/1067
f 1064/1064/1064 1067/1067/1067 1063/1063/1063
f 1067/1067/1067 1066/1066/1066 1068/1068/1068
f 1068/1068/1068 1069/1069/1069 1067/1067/1067
f 1071/1071/1071 1070/1070/1070 1063/1063/1063
f 1067/1067/1067 1071/1071/1071 1063/1063/1063
f 1071/1071/1071 1067/1067/1067 1072/1072/1072
f 1069/1069/1069 1072/1072/1072 1067/1067/1067
f 1072/1072/1072 1073/1073/1073 1071/1071/1071
f 1073/1073/1073 1072/1072/1072 1074/1074/1074
f 1072/1072/1072 1069/1069/1069 1075/1075/1075
f 1075/1075/1075 1074/1074/1074 1072/1072/1072
f 1075/1075/1075 1069/1069/1069 1076/1076/1076
f 1075/1075/1075 1076/1076/1076 1077/1077/1077
f 1074/1074/1074 1075/1075/1075 1078/1078/1078
f 1077/1077/1077 1078/1078/1078 1075/1075/1075
f 1078/1078/1078 1079/1079/1079 1074/1074/1074
f 1078/1078/1078 1077/1077/1077 1080/1080/1080
f 1079/1079/1079 1078/1078/1078 1081/1081/1081
f 1080/1080/1080 1081/1081/1081 1078/1078/1078
f 1084/1084/1084 1083/1083/1083 1082/1082/1082
f 1082/1082/1082 1085/1085/1085 1084/1084/1084
f 1082/1082/1082 1083/1083/1083 1086/1086/1086
f 1087/1087/1087 1085/1085/1085 1082/1082/1082
f 1086/1086/1086 1087/1087/1087 1082/1082/1082
f 1085/1085/1085 1087/1087/1087 1088/1088/1088
f 1089/1089/1089 1087/1087/1087 1086/1086/1086
f 1088/1088/1088 1087/1087/1087 1090/1090/1090
f 1089/1089/1089 1090/1090/1090 1087/1087/1087
f 1090/1090/1090 1091/1091/1091 1088/1088/1088
f 1090/1090/1090 1089/1089/1089 1092/1092/1092
f 1091/1091/1091 1090/1090/1090 1093/1093/1093
f 1092/1092/1092 1093/1093/1093 1090/1090/1090
f 1093/1093/1093 1094/1094/1094 1091/1091/1091
f 1094/1094/1094 1093/1093/1093 1095/1095/1095
f 1093/1093/1093 1092/1092/1092 1096/1096/1096
f 1095/1095/1095 1093/1093/1093 1097/1097/1097
f 1093/1093/1093 1096/1096/1096 1098/1098/1098
f 1098/1098/1098 1097/1097/1097 1093/1093/1093
f 1099/1099/1099 1098/1098/1098 1096/1096/1096
f 1097/1097/1097 1098/1098/1098 1100/1100/1100
f 1101/1101/1101 1098/1098/1098 1099/1099/1099
f 1102/1102/1102 1100/1100/1100 1098/1098/1098
f 1098/1098/1098 1101/1101/1101 1102/1102/1102
f 1100/1100/1100 1102/1102/1102 1103/1103/1103
f 1102/1102/1102 1101/1101/1101 1104/1104/1104
f 1103/1103/1103 1102/1102/1102 1104/1104/1104
f 1107/1107/1107 1106/1106/1106 1105/1105/1105
f 1108/1108/1108 1107/1107/1107 1105/1105/1105
f 1105/1105/1105 1106/1106/1106 1109/1109/1109
f 1108/1108/1108 1105/1105/1105 1110/1110/1110
f 1109/1109/1109 1110/1110/1110 1105/1105/1105
f 1110/1110/1110 1109/1109/1109 1111/1111/1111
f 1112/1112/1112 1108/1108/1108 1110/1110/1110
f 1110/1110/1110 1111/1111/1111 1113/1113/1113
f 1110/1110/1110 1114/1114/1114 1112/1112/1112
f 1113/1113/1113 1114/1114/1114 1110/1110/1110
f 1115/1115/1115 1112/1112/1112 1114/1114/1114
f 1114/1114/1114 1113/1113/1113 1116/1116/1116
f 1114/1114/1114 1117/1117/1117 1115/1115/1115
f 1116/1116/1116 1117/1117/1117 1114/1114/1114
f 1120/1120/1120 1119/1119/1119 1118/1118/1118
f 1118/1118/1118 1119/1119/1119 1121/1121/1121
f 1119/1119/1119 1120/1120/1120 1122/1122/1122
f 1119/1119/1119 1123/1123/1123 1121/1121/1121
f 1122/1122/1122 1124/1124/1124 1119/1119/1119
f 1119/1119/1119 1124/1124/1124 1123/1123/1123
f 1124/1124/1124 1122/1122/1122 1125/1125/1125
f 1124/1124/1124 1126/1126/1126 1123/1123/1123
f 1124/1124/1124 1125/1125/1125 1127/1127/1127
f 1124/1124/1124 1128/1128/1128 1126/1126/1126
f 1129/1129/1129 1124/1124/1124 1127/1127/1127
f 1124/1124/1124 1129/1129/1129 1128/1128/1128
f 1128/1128/1128 1129/1129/1129 1130/1130/1130
f 1131/1131/1131 1129/1129/1129 1127/1127/1127
f 1130/1130/1130 1129/1129/1129 1132/1132/1132
f 1129/1129/1129 1131/1131/1131 1133/1133/1133
f 1133/1133/1133 1132/1132/1132 1129/1129/1129
f 1134/1134/1134 1133/1133/1133 1131/1131/1131
f 1132/1132/1132 1133/1133/1133 1135/1135/1135
f 1133/1133/1133 1134/1134/1134 1136/1136/1136
f 1136/1136/1136 1135/1135/1135 1133/1133/1133
f 1137/1137/1137 1136/1136/1136 1134/1134/1134
f 1135/1135/1135 1136/1136/1136 1138/1138/1138
f 1136/1136/1136 1137/1137/1137 1139/1139/1139
f 1139/1139/1139 1138/1138/1138 1136/1136/1136
f 1142/1142/1142 1141/1141/1141 1140/1140/1140
f 1140/1140/1140 1141/1141/1141 1143/1143/1143
f 1144/1144/1144 1142/1142/1142 1140/1140/1140
f 1143/1143/1143 1145/1145/1145 1140/1140/1140
f 1144/1144/1144 1140/1140/1140 1146/1146/1146
f 1146/1146/1146 1140/1140/1140 1145/1145/1145
f 1147/1147/1147 1144/1144/1144 1146/1146/1146
f 1148/1148/1148 1146/1146/1146 1145/1145/1145
f 1146/1146/1146 1148/1148/1148 1147/1147/1147
f 1145/1145/1145 1149/1149/1149 1148/1148/1148
f 1150/1150/1150 1147/1147/1147 1148/1148/1148
f 1149/1149/1149 1151/1151/1151 1148/1148/1148
f 1148/1148/1148 1152/1152/1152 1150/1150/1150
f 1152/1152/1152 1148/1148/1148 1151/1151/1151
f 1153/1153/1153 1150/1150/1150 1152/1152/1152
f 1153/1153/1153 1152/1152/1152 1154/1154/1154
f 1152/1152/1152 1151/1151/1151 1155/1155/1155
f 1155/1155/1155 1154/1154/1154 1152/1152/1152
f 1156/1156/1156 1155/1155/1155 1151/1151/1151
f 1154/1154/1154 1155/1155/1155 1157/1157/1157
f 1155/1155/1155 1156/1156/1156 1158/1158/1158
f 1158/1158/1158 1157/1157/1157 1155/1155/1155
f 1159/1159/1159 1158/1158/1158 1156/1156/1156
f 1157/1157/1157 1158/1158/1158 1160/1160/1160
f 1161/1161/1161 1158/1158/1158 1159/1159/1159
f 1162/1162/1162 1160/1160/1160 1158/1158/1158
f 1158/1158/1158 1161/1161/1161 1162/1162/1162
f 1165/1165/1165 1164/1164/1164 1163/1163/1163
f 1166/1166/1166 1163/1163/1163 1164/1164/1164
f 1163/1163/1163 1167/1167/1167 1165/1165/1165
f 1163/1163/1163 1166/1166/1166 1168/1168/1168
f 1167/1167/1167 1163/1163/1163 1169/1169/1169
f 1169/1169/1169 1163/1163/1163 1168/1168/1168
f 1170/1170/1170 1167/1167/1167 1169/1169/1169
f 1168/1168/1168 1171/1171/1171 1169/1169/1169
f 1169/1169/1169 1172/1172/1172 1170/1170/1170
f 1172/1172/1172 1169/1169/1169 1171/1171/1171
f 1173/1173/1173 1170/1170/1170 1172/1172/1172
f 1174/1174/1174 1172/1172/1172 1171/1171/1171
f 1172/1172/1172 1174/1174/1174 1173/1173/1173
f 1175/1175/1175 1173/1173/1173 1174/1174/1174
f 1171/1171/1171 1176/1176/1176 1174/1174/1174
f 1175/1175/1175 1174/1174/1174 1177/1177/1177
f 1174/1174/1174 1176/1176/1176 1178/1178/1178
f 1178/1178/1178 1177/1177/1177 1174/1174/1174
f 1177/1177/1177 1178/1178/1178 1179/1179/1179
f 1180/1180/1180 1178/1178/1178 1176/1176/1176
f 1179/1179/1179 1178/1178/1178 1181/1181/1181
f 1180/1180/1180 1182/1182/1182 1178/1178/1178
f 1181/1181/1181 1178/1178/1178 1182/1182/1182
f 1182/1182/1182 1180/1180/1180 1183/1183/1183
f 1181/1181/1181 1182/1182/1182 1184/1184/1184
f 1183/1183/1183 1185/1185/1185 1182/1182/1182
f 1184/1184/1184 1182/1182/1182 1185/1185/1185
f 1185/1185/1185 1183/1183/1183 1186/1186/1186
f 1184/1184/1184 1185/1185/1185 1187/1187/1187
f 1185/1185/1185 1186/1186/1186 1188/1188/1188
f 1188/1188/1188 1187/1187/1187 1185/1185/1185
f 1189/1189/1189 1188/1188/1188 1186/1186/1186
f 1188/1188/1188 1190/1190/1190 1187/1187/1187
f 1188/1188/1188 1189/1189/1189 1191/1191/1191
f 1191/1191/1191 1190/1190/1190 1188/1188/1188
