mtllib SM_Cables_04_LOD1.mtl
g SM_Cables_04_LOD1
#Vertices 2757
#Indices 11358
#Section 0 Offset 0 NumIndices 11358 MaterialIndex 0 MI_Plastic_Dirty_11
v -3.977925 7.033227 0.503446
v -4.091011 7.056821 0.510375
v -4.093410 7.049019 0.497791
v -3.980880 7.025541 0.490895
v -4.096426 7.034343 0.498524
v -3.819906 6.972646 0.495269
v -3.985071 7.011112 0.491701
v -4.097045 7.027470 0.511842
v -3.986307 7.004367 0.505057
v -3.821698 6.964656 0.482957
v -3.826051 6.950029 0.483565
v -3.824203 6.941943 0.496796
v -3.393951 6.779278 0.465057
v -3.382082 6.783315 0.477372
v -3.115340 6.677484 0.467606
v -3.391348 6.762012 0.465732
v -3.393485 6.755619 0.479132
v -3.118567 6.669896 0.455073
v -3.123702 6.655823 0.455933
v -3.125609 6.649338 0.469324
v -2.915619 6.575126 0.462094
v -2.916963 6.582911 0.448748
v -2.615638 6.489264 0.452349
v -2.901338 6.593426 0.447447
v -2.896728 6.600552 0.460050
v -2.622871 6.498337 0.439156
v -2.350582 6.437100 0.444228
v -2.605879 6.509364 0.437785
v -2.667222 6.534471 0.452576
v -2.509638 6.497835 0.447659
v -2.349946 6.443920 0.430877
v -2.183772 6.416085 0.439375
v -2.347723 6.458760 0.430112
v -2.346135 6.466781 0.442697
v -2.183494 6.422949 0.426035
v -2.012521 6.403377 0.434540
v -2.182078 6.437892 0.425293
v -2.180940 6.445970 0.437891
v -2.012690 6.410275 0.421213
v -1.840658 6.403964 0.429906
v -2.012278 6.425292 0.420499
v -2.011697 6.433411 0.433113
v -1.841276 6.410860 0.416591
v -1.665266 6.415462 0.425337
v -1.841872 6.425874 0.415905
v -1.841849 6.433990 0.428534
v -1.666418 6.422322 0.412035
v -1.491482 6.443295 0.421043
v -1.668207 6.437258 0.411380
v -1.668844 6.445332 0.424026
v -1.493163 6.450071 0.407755
v -1.314114 6.485277 0.416837
v -1.496134 6.464817 0.407129
v -1.497425 6.472786 0.419792
v -1.316382 6.491918 0.403564
v -1.141503 6.545268 0.412997
v -1.320662 6.506353 0.402971
v -1.322675 6.514149 0.415652
v -1.144341 6.551708 0.399735
v -0.963032 6.621814 0.409215
v -1.149894 6.565701 0.399169
v -1.152610 6.573255 0.411865
v -0.966448 6.627995 0.395960
v -0.796088 6.720973 0.405982
v -0.973304 6.641429 0.395408
v -0.976743 6.648683 0.408112
v -0.808131 6.739549 0.392228
v -0.812234 6.746397 0.404952
v -0.477646 7.006079 0.399352
v -0.800058 6.726837 0.392744
v -0.476649 6.996990 0.386598
v -0.431192 7.013186 0.378239
v -0.436616 7.002770 0.368441
v -0.469873 6.983266 0.386979
v -0.464093 6.978632 0.400113
v -0.439230 6.987889 0.373053
v -0.435050 6.983670 0.386686
v -3.986307 7.004367 0.505057
v -4.097045 7.027470 0.511842
v -4.094646 7.035272 0.524427
v -3.983352 7.012053 0.517607
v -4.091630 7.049948 0.523694
v -3.824203 6.941943 0.496796
v -3.979160 7.026483 0.516802
v -4.091011 7.056821 0.510375
v -3.977925 7.033227 0.503446
v -3.825710 6.951754 0.509746
v -3.818814 6.964894 0.508601
v -3.819906 6.972646 0.495269
v -3.398088 6.766435 0.491851
v -3.393485 6.755619 0.479132
v -3.125609 6.649338 0.469324
v -3.384219 6.776921 0.490772
v -3.382082 6.783315 0.477372
v -3.122381 6.656925 0.481856
v -3.117247 6.670998 0.480997
v -3.115340 6.677484 0.467606
v -2.896728 6.600552 0.460050
v -2.911091 6.598295 0.473835
v -2.667222 6.534471 0.452576
v -2.903937 6.580310 0.474324
v -2.915619 6.575126 0.462094
v -2.617880 6.514022 0.464257
v -2.509638 6.497835 0.447659
v -2.346135 6.466781 0.442697
v -2.609540 6.496702 0.464807
v -2.615638 6.489264 0.452349
v -2.346771 6.459961 0.456048
v -2.180940 6.445970 0.437891
v -2.348994 6.445120 0.456813
v -2.350582 6.437100 0.444228
v -2.181218 6.439104 0.451231
v -2.011697 6.433411 0.433113
v -2.182635 6.424162 0.451973
v -2.183772 6.416085 0.439375
v -2.011528 6.426513 0.446441
v -1.841849 6.433990 0.428534
v -2.011940 6.411496 0.447154
v -2.012521 6.403377 0.434540
v -1.841232 6.427094 0.441850
v -1.668844 6.445332 0.424026
v -1.840636 6.412080 0.442536
v -1.840658 6.403964 0.429906
v -1.667693 6.438470 0.437328
v -1.497425 6.472786 0.419792
v -1.665904 6.423535 0.437983
v -1.665266 6.415462 0.425337
v -1.495745 6.466008 0.433080
v -1.322675 6.514149 0.415652
v -1.492773 6.451263 0.433706
v -1.491482 6.443295 0.421043
v -1.320407 6.507509 0.428925
v -1.152610 6.573255 0.411865
v -1.316127 6.493074 0.429518
v -1.314114 6.485277 0.416837
v -1.149772 6.566815 0.425126
v -0.976743 6.648683 0.408112
v -1.144218 6.552821 0.425693
v -1.141503 6.545268 0.412997
v -0.973327 6.642503 0.421368
v -0.966472 6.629068 0.421919
v -0.963032 6.621814 0.409215
v -0.812234 6.746397 0.404952
v -0.800192 6.727820 0.418706
v -0.796088 6.720973 0.405982
v -0.464093 6.978632 0.400113
v -0.808265 6.740532 0.418191
v -0.465089 6.987721 0.412867
v -0.435050 6.983670 0.386686
v -0.430313 6.994082 0.396502
v -0.471865 7.001445 0.412486
v -0.477646 7.006079 0.399352
v -0.428219 7.008612 0.392267
v -0.431192 7.013186 0.378239
v -0.406538 6.996942 0.373482
v -0.431192 7.013186 0.378239
v -0.436616 7.002770 0.368441
v -0.418337 6.990037 0.364605
v -0.439230 6.987889 0.373053
v -0.398925 6.956018 0.379058
v -0.422980 6.972339 0.372889
v -0.435050 6.983670 0.386686
v -0.428093 6.974800 0.386777
v -0.410343 6.953188 0.369750
v -0.404106 6.884628 0.388939
v -0.430547 6.905338 0.396935
v -0.421963 6.828545 0.384656
v -0.415393 6.783734 0.395052
v -0.425275 6.655669 0.391333
v -0.440632 6.787577 0.391193
v -0.444603 6.776239 0.405753
v -0.436235 6.659448 0.381603
v -0.427370 6.524181 0.378238
v -0.451410 6.632565 0.384052
v -0.454256 6.631422 0.398739
v -0.437372 6.519668 0.367954
v -0.414913 6.397116 0.404578
v -0.452710 6.517531 0.373818
v -0.455119 6.513732 0.388438
v -0.426106 6.362392 0.401734
v -0.417717 6.345866 0.414153
v -0.429144 6.293587 0.417565
v -0.438627 6.378642 0.402804
v -0.444047 6.411117 0.410877
v -0.446131 6.350516 0.422635
v -0.439345 6.297170 0.407114
v -0.452888 6.242470 0.411098
v -0.463236 6.248597 0.400625
v -0.453078 6.301630 0.411221
v -0.456611 6.302506 0.425779
v -0.474711 6.255306 0.405268
v -0.480469 6.252048 0.420246
v -0.429144 6.293587 0.417565
v -0.452888 6.242470 0.411098
v -0.455695 6.240075 0.423337
v -0.432676 6.294463 0.432124
v -0.469985 6.248190 0.429805
v -0.417717 6.345866 0.414153
v -0.446410 6.298923 0.436231
v -0.480469 6.252048 0.420246
v -0.456611 6.302506 0.425779
v -0.418074 6.368669 0.425886
v -0.414913 6.397116 0.404578
v -0.431951 6.371776 0.430034
v -0.446131 6.350516 0.422635
v -0.444047 6.411117 0.410877
v -0.428791 6.513083 0.392831
v -0.427370 6.524181 0.378238
v -0.425275 6.655669 0.391333
v -0.444350 6.522182 0.397811
v -0.455119 6.513732 0.388438
v -0.426321 6.691203 0.408981
v -0.415393 6.783734 0.395052
v -0.442060 6.656160 0.410910
v -0.454256 6.631422 0.398739
v -0.444603 6.776239 0.405753
v -0.411531 6.844928 0.407100
v -0.404106 6.884628 0.388939
v -0.426785 6.837202 0.413678
v -0.430547 6.905338 0.396935
v -0.400943 6.952883 0.394956
v -0.398925 6.956018 0.379058
v -0.406538 6.996942 0.373482
v -0.415434 6.957066 0.399067
v -0.428093 6.974800 0.386777
v -0.406916 6.991668 0.389255
v -0.431192 7.013186 0.378239
v -0.428219 7.008612 0.392267
v -0.420427 6.986522 0.394922
v -0.435050 6.983670 0.386686
v -0.430313 6.994082 0.396502
v -0.754528 6.960338 0.737860
v -0.828503 6.977523 0.866054
v -0.838383 6.971440 0.861402
v -0.764096 6.954191 0.732668
v -0.839404 6.959078 0.862941
v -0.676064 6.963139 0.602876
v -0.764499 6.941700 0.733136
v -0.830545 6.952798 0.869131
v -0.755334 6.935357 0.738797
v -0.697495 6.955714 0.618328
v -0.688322 6.943902 0.601918
v -0.687697 6.936899 0.622678
v -0.591179 6.959029 0.461985
v -0.628032 6.971291 0.500959
v -0.565363 6.991699 0.422687
v -0.502113 7.005391 0.326790
v -0.523731 6.985458 0.337118
v -0.501354 6.980466 0.324915
v -0.510881 6.999346 0.320246
v -0.433469 7.008237 0.229002
v -0.442976 6.989689 0.223112
v -0.434460 6.983248 0.229620
v -0.442481 7.002183 0.222804
v -0.395435 7.003102 0.177180
v -0.405891 6.997213 0.172978
v -0.407699 6.984900 0.175134
v -0.399051 6.978474 0.181493
v -0.755334 6.935357 0.738797
v -0.830545 6.952798 0.869131
v -0.820665 6.958880 0.873783
v -0.745766 6.941504 0.743989
v -0.819644 6.971243 0.872244
v -0.687697 6.936899 0.622678
v -0.745363 6.953994 0.743520
v -0.828503 6.977523 0.866054
v -0.754528 6.960338 0.737860
v -0.678521 6.943038 0.628543
v -0.591179 6.959029 0.461985
v -0.678833 6.955514 0.629301
v -0.676064 6.963139 0.602876
v -0.608671 6.958691 0.510557
v -0.501354 6.980466 0.324915
v -0.583169 6.977530 0.470003
v -0.565363 6.991699 0.422687
v -0.492585 6.986511 0.331459
v -0.434460 6.983248 0.229620
v -0.492965 6.998973 0.332396
v -0.502113 7.005391 0.326790
v -0.425449 6.989301 0.235818
v -0.399051 6.978474 0.181493
v -0.388595 6.984362 0.185695
v -0.424954 7.001796 0.235509
v -0.433469 7.008237 0.229002
v -0.386787 6.996677 0.183539
v -0.395435 7.003102 0.177180
v -0.380233 6.986773 0.136950
v -0.395435 7.003102 0.177180
v -0.405891 6.997213 0.172978
v -0.391994 6.982244 0.135731
v -0.407699 6.984900 0.175134
v -0.319211 6.879059 -0.029484
v -0.394582 6.970578 0.139823
v -0.399051 6.978474 0.181493
v -0.387231 6.966112 0.149379
v -0.301101 6.824170 -0.111541
v -0.271908 6.802398 -0.158162
v -0.214467 6.722407 -0.314053
v -0.301293 6.808624 -0.114480
v -0.295945 6.806911 -0.098963
v -0.225808 6.717511 -0.315979
v -0.228496 6.706071 -0.311690
v -0.219843 6.699526 -0.305476
v -0.170635 6.641556 -0.438773
v -0.181468 6.650649 -0.439127
v -0.100496 6.578494 -0.628295
v -0.176107 6.659365 -0.450487
v -0.168366 6.667719 -0.438939
v -0.111033 6.586476 -0.629561
v -0.020097 6.533013 -0.844455
v -0.105989 6.596128 -0.640375
v -0.096347 6.602655 -0.633085
v -0.030796 6.540607 -0.845296
v 0.056192 6.515408 -1.048377
v -0.025818 6.551419 -0.855937
v -0.017900 6.558302 -0.844261
v 0.046618 6.522546 -1.052112
v 0.102804 6.518732 -1.172719
v 0.047665 6.535043 -1.051986
v 0.058287 6.540402 -1.048124
v 0.093060 6.525858 -1.176001
v 0.153148 6.529946 -1.306766
v 0.093805 6.538334 -1.175067
v 0.104294 6.543683 -1.170851
v 0.143221 6.537032 -1.309563
v 0.202978 6.553412 -1.439044
v 0.143642 6.549435 -1.307765
v 0.153988 6.554752 -1.303170
v 0.192872 6.560413 -1.441362
v 0.256960 6.588789 -1.582016
v 0.192971 6.572665 -1.438712
v 0.203176 6.577916 -1.433743
v 0.246671 6.595670 -1.583850
v 0.309648 6.637721 -1.721088
v 0.246444 6.607709 -1.580337
v 0.256507 6.612866 -1.574990
v 0.299180 6.644437 -1.722452
v 0.366954 6.702235 -1.871999
v 0.298635 6.656180 -1.718099
v 0.308559 6.661207 -1.712384
v 0.356318 6.708762 -1.872909
v 0.422147 6.780415 -2.016781
v 0.355475 6.720163 -1.867754
v 0.365269 6.725036 -1.861689
v 0.538115 6.987017 -2.319400
v 0.528619 6.995635 -2.323427
v 0.410202 6.797691 -2.011342
v 0.419864 6.802386 -2.004938
v 0.538209 7.013515 -2.314223
v 0.528666 7.008884 -2.320839
v 0.411344 6.786705 -2.017264
v -0.387231 6.966112 0.149379
v -0.399051 6.978474 0.181493
v -0.388595 6.984362 0.185695
v -0.374851 6.969515 0.148806
v -0.386787 6.996677 0.183539
v -0.295945 6.806911 -0.098963
v -0.371696 6.980124 0.143142
v -0.395435 7.003102 0.177180
v -0.380233 6.986773 0.136950
v -0.284261 6.811706 -0.097893
v -0.219843 6.699526 -0.305476
v -0.278655 6.818310 -0.109595
v -0.319211 6.879059 -0.029484
v -0.271908 6.802398 -0.158162
v -0.208502 6.704421 -0.303550
v -0.205814 6.715861 -0.307839
v -0.214467 6.722407 -0.314053
v -0.168366 6.667719 -0.438939
v -0.158624 6.660156 -0.435306
v -0.096347 6.602655 -0.633085
v -0.158578 6.646003 -0.438664
v -0.170635 6.641556 -0.438773
v -0.100974 6.607301 -0.591224
v -0.090533 6.584909 -0.622150
v -0.100496 6.578494 -0.628295
v -0.034295 6.563356 -0.770951
v -0.017900 6.558302 -0.844261
v -0.011113 6.539307 -0.835885
v -0.020097 6.533013 -0.844455
v 0.021894 6.542633 -0.921357
v 0.058287 6.540402 -1.048124
v 0.066814 6.520766 -1.044515
v 0.056192 6.515408 -1.048377
v 0.067861 6.533263 -1.044389
v 0.104294 6.543683 -1.170851
v 0.113293 6.524081 -1.168503
v 0.102804 6.518732 -1.172719
v 0.114038 6.536557 -1.167569
v 0.153988 6.554752 -1.303170
v 0.163494 6.535264 -1.302172
v 0.153148 6.529946 -1.306766
v 0.163915 6.547667 -1.300374
v 0.203176 6.577916 -1.433743
v 0.213184 6.558663 -1.434075
v 0.202978 6.553412 -1.439044
v 0.213283 6.570915 -1.431424
v 0.256507 6.612866 -1.574990
v 0.267023 6.593946 -1.576669
v 0.256960 6.588789 -1.582016
v 0.266796 6.605985 -1.573155
v 0.308559 6.661207 -1.712384
v 0.319571 6.642748 -1.715372
v 0.309648 6.637721 -1.721088
v 0.319027 6.654492 -1.711020
v 0.365269 6.725036 -1.861689
v 0.376748 6.707108 -1.865934
v 0.366954 6.702235 -1.871999
v 0.375905 6.718508 -1.860778
v 0.419864 6.802386 -2.004938
v 0.431808 6.785110 -2.010376
v 0.422147 6.780415 -2.016781
v 0.538115 6.987017 -2.319400
v 0.547658 6.991648 -2.312784
v 0.430667 6.796096 -2.004455
v 0.547705 7.004897 -2.310196
v 0.538209 7.013515 -2.314223
v 0.611403 6.986964 -2.401041
v 0.538209 7.013515 -2.314223
v 0.528666 7.008884 -2.320839
v 0.602051 6.982299 -2.407900
v 0.528619 6.995635 -2.323427
v 0.694576 6.965209 -2.494835
v 0.653823 6.954175 -2.469848
v 0.538115 6.987017 -2.319400
v 0.605649 6.962683 -2.399469
v 0.685537 6.960462 -2.502048
v 0.787418 6.950234 -2.597369
v 0.689833 6.940664 -2.494405
v 0.778639 6.945445 -2.604870
v 0.886326 6.945282 -2.706484
v 0.776842 6.933079 -2.605289
v 0.783823 6.925504 -2.598207
v 0.877781 6.940481 -2.714241
v 0.987704 6.953579 -2.820022
v 0.876651 6.928082 -2.715397
v 0.884067 6.920486 -2.708796
v 0.979379 6.948796 -2.828026
v 1.087963 6.978326 -2.935832
v 0.979032 6.936463 -2.830060
v 0.987010 6.928913 -2.824089
v 1.079856 6.973598 -2.944088
v 1.136818 6.997966 -2.994232
v 1.128764 6.993258 -3.002552
v 1.080417 6.961491 -2.947173
v 1.089087 6.954113 -2.942000
v 1.129564 6.981248 -3.005922
v 1.138419 6.973944 -3.000971
v 0.605649 6.962683 -2.399469
v 0.538115 6.987017 -2.319400
v 0.547658 6.991648 -2.312784
v 0.615001 6.967348 -2.392610
v 0.547705 7.004897 -2.310196
v 0.689833 6.940664 -2.494405
v 0.669179 6.964081 -2.452162
v 0.538209 7.013515 -2.314223
v 0.611403 6.986964 -2.401041
v 0.698871 6.945412 -2.487192
v 0.783823 6.925504 -2.598207
v 0.694576 6.965209 -2.494835
v 0.792601 6.930293 -2.590707
v 0.884067 6.920486 -2.708796
v 0.794399 6.942658 -2.590288
v 0.787418 6.950234 -2.597369
v 0.892613 6.925287 -2.701039
v 0.987010 6.928913 -2.824089
v 0.893743 6.937685 -2.699883
v 0.886326 6.945282 -2.706484
v 0.995336 6.933697 -2.816085
v 1.089087 6.954113 -2.942000
v 0.995682 6.946029 -2.814051
v 0.987704 6.953579 -2.820022
v 1.097194 6.958842 -2.933744
v 1.138419 6.973944 -3.000971
v 1.146473 6.978652 -2.992651
v 1.096632 6.970949 -2.930660
v 1.087963 6.978326 -2.935832
v 1.145672 6.990663 -2.989281
v 1.136818 6.997966 -2.994232
v 1.549134 3.579347 5.731193
v 1.432370 3.719444 5.969148
v 1.420475 3.713503 5.966809
v 1.537294 3.573341 5.728742
v 1.417665 3.701567 5.972456
v 1.668413 3.451144 5.486374
v 1.534606 3.561260 5.734143
v 1.426749 3.695573 5.980443
v 1.543757 3.555185 5.741993
v 1.656696 3.445005 5.483671
v 1.790413 3.337659 5.234485
v 1.654278 3.432633 5.488516
v 1.663576 3.426401 5.496066
v 1.778847 3.331379 5.231471
v 1.915244 3.241831 4.975519
v 1.776751 3.318707 5.235651
v 1.786221 3.312315 5.242846
v 1.903857 3.235414 4.972132
v 2.043017 3.166596 4.709464
v 1.902139 3.222452 4.975530
v 1.911806 3.215909 4.982314
v 2.031839 3.160056 4.705645
v 2.030553 3.146840 4.708142
v 2.040445 3.140164 4.714459
v 2.137697 3.097398 4.511507
v 2.124978 3.105519 4.510775
v 2.265020 3.066107 4.245324
v 2.131546 3.116692 4.497818
v 2.132558 3.126995 4.522525
v 2.250955 3.073737 4.247557
v 2.376567 3.059305 4.011791
v 2.256442 3.086185 4.235929
v 2.257844 3.094053 4.260608
v 2.366014 3.066137 4.006855
v 2.492079 3.073555 3.769822
v 2.366006 3.079657 4.007062
v 2.376552 3.086345 4.012204
v 2.479977 3.080563 3.768058
v 2.587619 3.103554 3.569853
v 2.484817 3.094960 3.758412
v 2.445161 3.093766 3.868536
v 2.515785 3.107312 3.720636
v 2.576635 3.110295 3.565820
v 2.660813 3.134707 3.416633
v 2.575774 3.123637 3.567814
v 2.585898 3.130237 3.573840
v 2.649685 3.141387 3.412901
v 2.733053 3.175883 3.265502
v 2.648539 3.154607 3.415493
v 2.658520 3.161147 3.421816
v 2.721783 3.182482 3.262067
v 2.808119 3.227281 3.108553
v 2.720355 3.195541 3.265248
v 2.730196 3.202001 3.271865
v 2.796713 3.233788 3.105404
v 2.882129 3.286718 2.953929
v 2.795012 3.246660 3.109157
v 2.804716 3.253025 3.116059
v 2.870587 3.293116 2.951061
v 2.959563 3.357060 2.792281
v 2.868617 3.305772 2.955376
v 2.878186 3.312029 2.962561
v 2.947894 3.363341 2.789677
v 3.034943 3.438998 2.635151
v 2.945666 3.375765 2.794523
v 2.955107 3.381908 2.801975
v 3.023151 3.445146 2.632806
v 3.189536 3.633097 2.313401
v 3.178101 3.639704 2.310349
v 3.177236 3.653845 2.312434
v 3.020677 3.457301 2.638171
v 3.029995 3.463307 2.645880
v 3.187806 3.661378 2.317571
v 1.543757 3.555185 5.741993
v 1.426749 3.695573 5.980443
v 1.438644 3.701514 5.982782
v 1.555597 3.561192 5.744443
v 1.441454 3.713449 5.977135
v 1.663576 3.426401 5.496066
v 1.558286 3.573273 5.739043
v 1.432370 3.719444 5.969148
v 1.549134 3.579347 5.731193
v 1.675292 3.432540 5.498770
v 1.786221 3.312315 5.242846
v 1.677711 3.444912 5.493924
v 1.668413 3.451144 5.486374
v 1.797786 3.318595 5.245860
v 1.911806 3.215909 4.982314
v 1.799882 3.331267 5.241681
v 1.790413 3.337659 5.234485
v 1.923193 3.222326 4.985701
v 2.040445 3.140164 4.714459
v 1.924912 3.235287 4.982303
v 1.915244 3.241831 4.975519
v 2.051623 3.146704 4.718279
v 2.052909 3.159920 4.715782
v 2.043017 3.166596 4.709464
v 2.132558 3.126995 4.522525
v 2.145543 3.119006 4.522326
v 2.257844 3.094053 4.260608
v 2.151859 3.103457 4.509330
v 2.137697 3.097398 4.511507
v 2.272612 3.087067 4.256667
v 2.376552 3.086345 4.012204
v 2.277410 3.072964 4.246687
v 2.265020 3.066107 4.245324
v 2.387105 3.079514 4.017139
v 2.445161 3.093766 3.868536
v 2.387113 3.065993 4.016933
v 2.376567 3.059305 4.011791
v 2.500791 3.093350 3.779622
v 2.515785 3.107312 3.720636
v 2.585898 3.130237 3.573840
v 2.506525 3.081385 3.767032
v 2.492079 3.073555 3.769822
v 2.596882 3.123495 3.577872
v 2.658520 3.161147 3.421816
v 2.597743 3.110154 3.575879
v 2.587619 3.103554 3.569853
v 2.669649 3.154466 3.425548
v 2.730196 3.202001 3.271865
v 2.670795 3.141247 3.422957
v 2.660813 3.134707 3.416633
v 2.741466 3.195401 3.275301
v 2.804716 3.253025 3.116059
v 2.742894 3.182342 3.272120
v 2.733053 3.175883 3.265502
v 2.816123 3.246519 3.119209
v 2.878186 3.312029 2.962561
v 2.817824 3.233647 3.115456
v 2.808119 3.227281 3.108553
v 2.889728 3.305632 2.965429
v 2.955107 3.381908 2.801975
v 2.891699 3.292976 2.961113
v 2.882129 3.286718 2.953929
v 2.966776 3.375628 2.804579
v 3.029995 3.463307 2.645880
v 2.969004 3.363204 2.799732
v 2.959563 3.357060 2.792281
v 3.041787 3.457159 2.648226
v 3.187806 3.661378 2.317571
v 3.199241 3.654771 2.320624
v 3.200106 3.640630 2.318539
v 3.044261 3.445005 2.642861
v 3.034943 3.438998 2.635151
v 3.189536 3.633097 2.313401
v 3.206368 3.648043 2.248020
v 3.187806 3.661378 2.317571
v 3.177236 3.653845 2.312434
v 3.200951 3.636962 2.220064
v 3.178101 3.639704 2.310349
v 3.234890 3.629172 2.077399
v 3.200761 3.623557 2.223168
v 3.189536 3.633097 2.313401
v 3.206131 3.621338 2.252099
v 3.224309 3.609138 2.149364
v 3.231592 3.617982 2.013410
v 3.263225 3.618396 1.857864
v 3.231649 3.604517 2.014399
v 3.243263 3.597947 2.016450
v 3.251670 3.611826 1.856771
v 3.284876 3.621502 1.683032
v 3.251761 3.598174 1.857493
v 3.263406 3.591660 1.859307
v 3.273335 3.615226 1.681834
v 3.308466 3.633978 1.496153
v 3.273455 3.601431 1.682327
v 3.285115 3.594986 1.684018
v 3.296947 3.627923 1.494783
v 3.334354 3.653992 1.303399
v 3.309341 3.622393 1.398179
v 3.308760 3.607653 1.496698
v 3.322868 3.648066 1.301783
v 3.362899 3.678746 1.110940
v 3.334711 3.627799 1.303476
v 3.368982 3.688194 0.997824
v 3.394459 3.705308 0.924952
v 3.429381 3.731431 0.751625
v 3.368708 3.673784 1.001125
v 3.363337 3.652609 1.110477
v 3.395009 3.679141 0.923824
v 3.418158 3.725293 0.748542
v 3.467997 3.756192 0.597187
v 3.436177 3.723881 0.666554
v 3.430109 3.705161 0.749621
v 3.457021 3.749844 0.593118
v 3.510578 3.780258 0.467934
v 3.469037 3.729779 0.593938
v 3.500114 3.773744 0.462309
v 3.557699 3.805851 0.369281
v 3.547671 3.799087 0.362746
v 3.500949 3.760505 0.459730
v 3.512248 3.753760 0.462776
v 3.548769 3.786001 0.359614
v 3.559897 3.779157 0.363017
v 3.206131 3.621338 2.252099
v 3.189536 3.633097 2.313401
v 3.200106 3.640630 2.318539
v 3.222963 3.624474 2.230924
v 3.224309 3.609138 2.149364
v 3.199241 3.654771 2.320624
v 3.243263 3.597947 2.016450
v 3.223668 3.637488 2.226441
v 3.187806 3.661378 2.317571
v 3.206368 3.648043 2.248020
v 3.234890 3.629172 2.077399
v 3.254821 3.604841 2.017513
v 3.263406 3.591660 1.859307
v 3.254765 3.618305 2.016524
v 3.274961 3.598235 1.860400
v 3.285115 3.594986 1.684018
v 3.274870 3.611343 1.859679
v 3.263225 3.618396 1.857864
v 3.296656 3.601265 1.685217
v 3.308760 3.607653 1.496698
v 3.296537 3.614006 1.684723
v 3.284876 3.621502 1.683032
v 3.320280 3.613709 1.498069
v 3.334711 3.627799 1.303476
v 3.332305 3.634329 1.401541
v 3.308466 3.633978 1.496153
v 3.346198 3.633725 1.305092
v 3.363337 3.652609 1.110477
v 3.334354 3.653992 1.303399
v 3.391821 3.673464 1.003563
v 3.395009 3.679141 0.923824
v 3.430109 3.705161 0.749621
v 3.391056 3.685274 1.008040
v 3.362899 3.678746 1.110940
v 3.394459 3.705308 0.924952
v 3.441332 3.711297 0.752705
v 3.469037 3.729779 0.593938
v 3.459012 3.736558 0.671453
v 3.429381 3.731431 0.751625
v 3.480014 3.736126 0.598007
v 3.512248 3.753760 0.462776
v 3.467997 3.756192 0.597187
v 3.522712 3.760273 0.468401
v 3.559897 3.779157 0.363017
v 3.569927 3.785922 0.369551
v 3.521877 3.773482 0.470980
v 3.510578 3.780258 0.467934
v 3.568828 3.799466 0.372684
v 3.557699 3.805851 0.369281
v 0.311291 3.601095 -2.182803
v 0.249753 3.612845 -2.089427
v 0.241001 3.607506 -2.094364
v 0.314564 3.592371 -2.209328
v 0.328644 3.592633 -2.223155
v 0.239258 3.596275 -2.092458
v 0.333694 3.578565 -2.252451
v 0.299326 3.584641 -2.183256
v 0.246410 3.590279 -2.085515
v 0.306861 3.578594 -2.177109
v 0.322072 3.571602 -2.256258
v 0.330844 3.545233 -2.282812
v 0.319042 3.572118 -2.233186
v 0.322545 3.570856 -2.213455
v 0.326323 3.558168 -2.239967
v 0.316349 3.538951 -2.267086
v 0.325867 3.497749 -2.283546
v 0.323302 3.499553 -2.306665
v 0.337553 3.492205 -2.315476
v 0.356712 3.429333 -2.360929
v 0.337938 3.422902 -2.342849
v 0.350619 3.411172 -2.342375
v 0.345901 3.424213 -2.359704
v 0.383884 3.374067 -2.422962
v 0.370704 3.358328 -2.414119
v 0.378757 3.354133 -2.406606
v 0.373336 3.368418 -2.422356
v 0.418046 3.326880 -2.499440
v 0.407822 3.320880 -2.499578
v 0.458033 3.288061 -2.587838
v 0.405789 3.310268 -2.492655
v 0.414075 3.305849 -2.485649
v 0.448202 3.281824 -2.588859
v 0.502673 3.257550 -2.685626
v 0.446864 3.270904 -2.583464
v 0.455433 3.266336 -2.577055
v 0.493314 3.251127 -2.687690
v 0.550862 3.235089 -2.790401
v 0.492792 3.239970 -2.684074
v 0.501696 3.235287 -2.678375
v 0.542038 3.228513 -2.793609
v 0.601425 3.229426 -2.899657
v 0.542381 3.217062 -2.791945
v 0.551669 3.212233 -2.787024
v 0.593174 3.222696 -2.904116
v 0.653241 3.236367 -3.010945
v 0.594523 3.210994 -2.904571
v 0.604197 3.206084 -2.900533
v 0.645615 3.229563 -3.016731
v 0.705294 3.260575 -3.122088
v 0.648012 3.217618 -3.019456
v 0.658106 3.212634 -3.016345
v 0.698244 3.253850 -3.129081
v 0.756525 3.306860 -3.230801
v 0.701624 3.241906 -3.133919
v 0.712098 3.236962 -3.131664
v 0.749938 3.300435 -3.238760
v 0.805827 3.381238 -3.334704
v 0.754139 3.288928 -3.245354
v 0.764929 3.284192 -3.243800
v 0.799566 3.375405 -3.343338
v 0.852019 3.493151 -3.431252
v 0.804358 3.364974 -3.351202
v 0.815397 3.360685 -3.350158
v 0.845975 3.488399 -3.440336
v 0.851147 3.480304 -3.449006
v 0.862378 3.476604 -3.448304
v 0.896680 3.617432 -3.505232
v 0.886595 3.624208 -3.509141
v 0.924636 3.635094 -3.525843
v 0.916347 3.644231 -3.532155
v 0.882744 3.635612 -3.504580
v 0.915155 3.659070 -3.531113
v 0.889180 3.642174 -3.496540
v 0.922196 3.666648 -3.523865
v 0.306861 3.578594 -2.177109
v 0.246410 3.590279 -2.085515
v 0.255299 3.595735 -2.080498
v 0.329992 3.579604 -2.197795
v 0.322545 3.570856 -2.213455
v 0.256903 3.607049 -2.082500
v 0.326323 3.558168 -2.239967
v 0.318989 3.595064 -2.176556
v 0.249753 3.612845 -2.089427
v 0.311291 3.601095 -2.182803
v 0.337718 3.560436 -2.243110
v 0.325867 3.497749 -2.283546
v 0.341703 3.580357 -2.234931
v 0.328644 3.592633 -2.223155
v 0.333694 3.578565 -2.252451
v 0.338754 3.545160 -2.272619
v 0.330844 3.545233 -2.282812
v 0.338558 3.493201 -2.289642
v 0.350619 3.411172 -2.342375
v 0.345248 3.488762 -2.307436
v 0.337553 3.492205 -2.315476
v 0.361533 3.416434 -2.343702
v 0.378757 3.354133 -2.406606
v 0.364490 3.425612 -2.353126
v 0.356712 3.429333 -2.360929
v 0.389371 3.359931 -2.407257
v 0.414075 3.305849 -2.485649
v 0.391859 3.369994 -2.415544
v 0.383884 3.374067 -2.422962
v 0.424345 3.311977 -2.485532
v 0.455433 3.266336 -2.577055
v 0.426267 3.322563 -2.492496
v 0.418046 3.326880 -2.499440
v 0.465300 3.272675 -2.576044
v 0.501696 3.235287 -2.678375
v 0.466548 3.283573 -2.581474
v 0.458033 3.288061 -2.587838
v 0.511085 3.241787 -2.676316
v 0.551669 3.212233 -2.787024
v 0.511534 3.252926 -2.679961
v 0.502673 3.257550 -2.685626
v 0.560540 3.218938 -2.783814
v 0.604197 3.206084 -2.900533
v 0.560072 3.230361 -2.785531
v 0.550862 3.235089 -2.790401
v 0.612476 3.212912 -2.896062
v 0.658106 3.212634 -3.016345
v 0.611041 3.224593 -2.895647
v 0.601425 3.229426 -2.899657
v 0.665767 3.219577 -3.010544
v 0.712098 3.236962 -3.131664
v 0.663256 3.231495 -3.007872
v 0.653241 3.236367 -3.010945
v 0.719185 3.243862 -3.124643
v 0.764929 3.284192 -3.243800
v 0.715666 3.255774 -3.119872
v 0.705294 3.260575 -3.122088
v 0.771543 3.290803 -3.235775
v 0.815397 3.360685 -3.350158
v 0.767180 3.302280 -3.229266
v 0.756525 3.306860 -3.230801
v 0.821663 3.366657 -3.341396
v 0.862378 3.476604 -3.448304
v 0.816691 3.377068 -3.333637
v 0.805827 3.381238 -3.334704
v 0.868403 3.481619 -3.439043
v 0.896680 3.617432 -3.505232
v 0.863058 3.489712 -3.430486
v 0.852019 3.493151 -3.431252
v 0.902589 3.623667 -3.497960
v 0.924636 3.635094 -3.525843
v 0.930755 3.641837 -3.519407
v 0.899468 3.632894 -3.492908
v 0.889180 3.642174 -3.496540
v 0.930782 3.654214 -3.517919
v 0.922196 3.666648 -3.523865
v 0.959193 3.626320 -3.553881
v 0.922196 3.666648 -3.523865
v 0.915155 3.659070 -3.531113
v 0.951625 3.619188 -3.560627
v 0.916347 3.644231 -3.532155
v 1.005425 3.514501 -3.608049
v 0.951469 3.599909 -3.559993
v 0.924636 3.635094 -3.525843
v 0.958902 3.588953 -3.552440
v 0.996207 3.510519 -3.613545
v 1.125474 3.384819 -3.698288
v 0.989585 3.502390 -3.608684
v 0.992284 3.498257 -3.598216
v 1.116801 3.380240 -3.704198
v 1.264552 3.274186 -3.801612
v 1.111235 3.370980 -3.700122
v 1.114431 3.366312 -3.690032
v 1.256440 3.269156 -3.807940
v 1.420187 3.184481 -3.916399
v 1.251962 3.259035 -3.804667
v 1.255679 3.253957 -3.794968
v 1.412637 3.179124 -3.923143
v 1.589891 3.117575 -4.041014
v 1.409258 3.168373 -3.920676
v 1.413506 3.162990 -3.911371
v 1.582899 3.111995 -4.048170
v 1.771170 3.075325 -4.173821
v 1.580623 3.100811 -4.046510
v 1.585409 3.095217 -4.037602
v 1.764733 3.069615 -4.181385
v 1.961529 3.059583 -4.313185
v 1.763559 3.058175 -4.180531
v 1.768890 3.052456 -4.172023
v 1.955642 3.053826 -4.321150
v 2.158476 3.072189 -4.457469
v 1.955570 3.042296 -4.321103
v 1.961451 3.036531 -4.312999
v 2.153132 3.066467 -4.465831
v 2.359522 3.114982 -4.605040
v 2.154158 3.055007 -4.466588
v 2.160593 3.049278 -4.458890
v 2.354712 3.109374 -4.613794
v 2.562185 3.189801 -4.754272
v 2.356824 3.098146 -4.615349
v 2.363812 3.092533 -4.608057
v 2.557893 3.184384 -4.763406
v 2.763988 3.298487 -4.903542
v 2.561066 3.173548 -4.765743
v 2.568597 3.168135 -4.758852
v 2.760188 3.293335 -4.913039
v 2.962458 3.442891 -5.051226
v 2.764378 3.283047 -4.916129
v 2.772435 3.277918 -4.909626
v 2.959116 3.438072 -5.061065
v 3.155549 3.625270 -5.196026
v 3.152422 3.620611 -5.206064
v 2.964258 3.428477 -5.064863
v 2.972808 3.423707 -5.058727
v 3.158031 3.611436 -5.210141
v 3.166768 3.606920 -5.204179
v 0.930782 3.654214 -3.517919
v 0.922196 3.666648 -3.523865
v 0.959193 3.626320 -3.553881
v 0.966353 3.614668 -3.546596
v 0.930755 3.641837 -3.519407
v 1.005425 3.514501 -3.608049
v 0.965723 3.595283 -3.546409
v 0.924636 3.635094 -3.525843
v 0.958902 3.588953 -3.552440
v 1.008147 3.510458 -3.597700
v 1.001620 3.502332 -3.592720
v 0.992284 3.498257 -3.598216
v 1.114431 3.366312 -3.690032
v 1.123202 3.370989 -3.684115
v 1.255679 3.253957 -3.794968
v 1.128683 3.380245 -3.688299
v 1.125474 3.384819 -3.698288
v 1.263871 3.259087 -3.788624
v 1.413506 3.162990 -3.911371
v 1.268271 3.269204 -3.791999
v 1.264552 3.274186 -3.801612
v 1.421123 3.168448 -3.904603
v 1.585409 3.095217 -4.037602
v 1.424428 3.179196 -3.907167
v 1.420187 3.184481 -3.916399
v 1.592454 3.100897 -4.030415
v 1.768890 3.052456 -4.172023
v 1.594661 3.112079 -4.032169
v 1.589891 3.117575 -4.041014
v 1.775370 3.058266 -4.164422
v 1.961451 3.036531 -4.312999
v 1.776476 3.069704 -4.165369
v 1.771170 3.075325 -4.173821
v 1.967372 3.042386 -4.304988
v 2.160593 3.049278 -4.458890
v 1.967377 3.053916 -4.305128
v 1.961529 3.059583 -4.313185
v 2.165961 3.055098 -4.450475
v 2.363812 3.092533 -4.608057
v 2.164868 3.066557 -4.449810
v 2.158476 3.072189 -4.457469
v 2.368638 3.098238 -4.599243
v 2.568597 3.168135 -4.758852
v 2.366458 3.109467 -4.597780
v 2.359522 3.114982 -4.605040
v 2.572898 3.173646 -4.749650
v 2.772435 3.277918 -4.909626
v 2.569656 3.184483 -4.747405
v 2.562185 3.189801 -4.754272
v 2.776235 3.283158 -4.900054
v 2.972808 3.423707 -5.058727
v 2.771975 3.293447 -4.897056
v 2.763988 3.298487 -4.903542
v 2.976141 3.428607 -5.048808
v 3.166768 3.606920 -5.204179
v 3.169895 3.611579 -5.194141
v 2.970929 3.438203 -5.045102
v 2.962458 3.442891 -5.051226
v 3.164286 3.620754 -5.190064
v 3.155549 3.625270 -5.196026
v 1.334857 3.665167 5.867863
v 1.381653 3.758831 5.933128
v 1.371713 3.757500 5.942166
v 1.324857 3.663718 5.876818
v 1.373294 3.749313 5.952783
v 1.288429 3.591293 5.802172
v 1.326149 3.654953 5.887033
v 1.384815 3.742455 5.954362
v 1.337440 3.647635 5.888291
v 1.278290 3.589621 5.810928
v 1.242473 3.535308 5.736308
v 1.278892 3.579758 5.820167
v 1.289635 3.571568 5.820650
v 1.232161 3.533426 5.744817
v 1.197321 3.495800 5.670848
v 1.231917 3.522533 5.752842
v 1.241985 3.513521 5.752358
v 1.186807 3.493742 5.679066
v 1.153278 3.471357 5.606330
v 1.185569 3.481978 5.685649
v 1.194844 3.472273 5.684017
v 1.142540 3.469175 5.614220
v 1.110628 3.460597 5.543253
v 1.140198 3.456798 5.619185
v 1.148592 3.446604 5.616262
v 1.099658 3.458356 5.550798
v 1.069644 3.462189 5.482100
v 1.096162 3.445688 5.554059
v 1.103636 3.435261 5.549775
v 1.042579 3.462339 5.465418
v 1.030614 3.474855 5.423375
v 0.993850 3.497339 5.367612
v 1.053818 3.447334 5.490876
v 1.060388 3.436942 5.485242
v 0.982252 3.495290 5.374213
v 0.941372 3.547670 5.287299
v 1.013521 3.460410 5.430244
v 1.019247 3.450293 5.423340
v 0.934693 3.540161 5.301342
v 0.900565 3.611064 5.223935
v 0.975621 3.483588 5.372761
v 0.980589 3.473933 5.364707
v 0.888541 3.609531 5.229880
v 0.873334 3.666018 5.181430
v 0.860324 3.666346 5.185796
v 0.924188 3.533030 5.293968
v 0.929617 3.521711 5.287222
v 0.879742 3.600451 5.225089
v 0.853977 3.652427 5.184656
v 0.882968 3.592906 5.214353
v 0.860641 3.638180 5.179151
v 1.337440 3.647635 5.888291
v 1.384815 3.742455 5.954362
v 1.394755 3.743786 5.945325
v 1.347440 3.649083 5.879336
v 1.393175 3.751974 5.934709
v 1.289635 3.571568 5.820650
v 1.346148 3.657849 5.869122
v 1.381653 3.758831 5.933128
v 1.334857 3.665167 5.867863
v 1.299775 3.573240 5.811893
v 1.241985 3.513521 5.752358
v 1.299172 3.583102 5.802655
v 1.288429 3.591293 5.802172
v 1.252297 3.515402 5.743849
v 1.194844 3.472273 5.684017
v 1.252541 3.526296 5.735824
v 1.242473 3.535308 5.736308
v 1.205358 3.474331 5.675800
v 1.148592 3.446604 5.616262
v 1.206596 3.486095 5.669216
v 1.197321 3.495800 5.670848
v 1.159330 3.448786 5.608373
v 1.103636 3.435261 5.549775
v 1.161673 3.461163 5.603407
v 1.153278 3.471357 5.606330
v 1.114606 3.437502 5.542230
v 1.060388 3.436942 5.485242
v 1.118102 3.450170 5.538969
v 1.110628 3.460597 5.543253
v 1.055050 3.441706 5.453057
v 1.019247 3.450293 5.423340
v 0.980589 3.473933 5.364707
v 1.056893 3.454623 5.447131
v 1.069644 3.462189 5.482100
v 1.030614 3.474855 5.423375
v 0.992187 3.475982 5.358107
v 0.929617 3.521711 5.287222
v 0.998818 3.487684 5.359559
v 0.993850 3.497339 5.367612
v 0.942833 3.522596 5.282430
v 0.882968 3.592906 5.214353
v 0.947911 3.536027 5.281361
v 0.941372 3.547670 5.287299
v 0.894992 3.594439 5.208408
v 0.860641 3.638180 5.179151
v 0.873651 3.637851 5.174785
v 0.903791 3.603518 5.213200
v 0.900565 3.611064 5.223935
v 0.879998 3.651770 5.175925
v 0.873334 3.666018 5.181430
v 0.837513 3.553312 4.919275
v 0.873334 3.666018 5.181430
v 0.860324 3.666346 5.185796
v 0.824178 3.552682 4.921284
v 0.853977 3.652427 5.184656
v 0.803056 3.450731 4.647162
v 0.818658 3.541522 4.926511
v 0.860641 3.638180 5.179151
v 0.826472 3.530992 4.929727
v 0.789703 3.450050 4.649035
v 0.769057 3.358303 4.360152
v 0.784111 3.438675 4.653693
v 0.791871 3.427982 4.656477
v 0.755690 3.357582 4.361902
v 0.735511 3.279042 4.060205
v 0.750025 3.346009 4.365943
v 0.757726 3.335157 4.368236
v 0.722132 3.278291 4.061840
v 0.702411 3.215960 3.749278
v 0.716390 3.266541 4.065208
v 0.724029 3.255541 4.066941
v 0.680556 3.200371 3.671554
v 0.680491 3.183419 3.535430
v 0.683199 3.203287 3.753433
v 0.690771 3.192159 3.754534
v 0.667527 3.157960 3.527262
v 0.666676 3.178108 3.593472
v 0.640351 3.148996 3.331026
v 0.637293 3.130509 3.222504
v 0.645078 3.160035 3.317495
v 0.653505 3.157819 3.266092
v 0.606679 3.133476 2.986061
v 0.609388 3.123285 2.937051
v 0.593540 3.129726 2.770057
v 0.611720 3.145601 2.975043
v 0.637518 3.150361 3.102308
v 0.621466 3.147446 2.936188
v 0.575664 3.147164 2.658537
v 0.577619 3.141361 2.600879
v 0.561952 3.161604 2.432642
v 0.580511 3.160213 2.645732
v 0.605710 3.153849 2.770169
v 0.589888 3.165411 2.602042
v 0.554705 3.172783 2.434884
v 0.546208 3.188474 2.262296
v 0.549648 3.201946 2.313263
v 0.574318 3.185529 2.434851
v 0.539009 3.199573 2.265051
v 0.530761 3.224890 2.093863
v 0.558678 3.212223 2.265621
v 0.523609 3.235878 2.097126
v 0.515192 3.268748 1.923257
v 0.518740 3.277286 1.976238
v 0.543332 3.248400 2.098291
v 0.508089 3.279598 1.927056
v 0.499963 3.322617 1.755694
v 0.527868 3.291960 1.928841
v 0.492908 3.333298 1.760019
v 0.499298 3.344722 1.763379
v 0.512743 3.345464 1.762414
v 0.482540 3.479733 1.429135
v 0.469089 3.479022 1.430024
v 0.452264 3.656951 1.095213
v 0.438896 3.655764 1.097041
v 0.462594 3.468061 1.425513
v 0.432750 3.642673 1.096565
v 0.469552 3.457813 1.420114
v 0.439972 3.630769 1.094262
v 0.826472 3.530992 4.929727
v 0.860641 3.638180 5.179151
v 0.873651 3.637851 5.174785
v 0.839807 3.531622 4.927717
v 0.879998 3.651770 5.175925
v 0.791871 3.427982 4.656477
v 0.845327 3.542782 4.922491
v 0.873334 3.666018 5.181430
v 0.837513 3.553312 4.919275
v 0.805223 3.428663 4.654604
v 0.757726 3.335157 4.368236
v 0.810815 3.440037 4.649946
v 0.803056 3.450731 4.647162
v 0.771093 3.335878 4.366486
v 0.724029 3.255541 4.066941
v 0.776759 3.347451 4.362444
v 0.769057 3.358303 4.360152
v 0.737409 3.256292 4.065306
v 0.690771 3.192159 3.754534
v 0.743150 3.268043 4.061938
v 0.735511 3.279042 4.060205
v 0.695534 3.177911 3.672966
v 0.667527 3.157960 3.527262
v 0.709982 3.204832 3.750379
v 0.702411 3.215960 3.749278
v 0.680491 3.183419 3.535430
v 0.693469 3.179669 3.590521
v 0.667222 3.150418 3.328731
v 0.653505 3.157819 3.266092
v 0.637518 3.150361 3.102308
v 0.660016 3.137526 3.317667
v 0.637293 3.130509 3.222504
v 0.633671 3.134825 2.984829
v 0.621466 3.147446 2.936188
v 0.605710 3.153849 2.770169
v 0.626374 3.122963 2.973154
v 0.609388 3.123285 2.937051
v 0.602615 3.148383 2.657073
v 0.589888 3.165411 2.602042
v 0.574318 3.185529 2.434851
v 0.595103 3.137724 2.642311
v 0.593540 3.129726 2.770057
v 0.577619 3.141361 2.600879
v 0.581564 3.174349 2.432610
v 0.558678 3.212223 2.265621
v 0.563859 3.179726 2.307258
v 0.561952 3.161604 2.432642
v 0.565876 3.201125 2.262866
v 0.543332 3.248400 2.098291
v 0.546208 3.188474 2.262296
v 0.550484 3.237411 2.095029
v 0.527868 3.291960 1.928841
v 0.532974 3.255504 1.968911
v 0.530761 3.224890 2.093863
v 0.534971 3.281110 1.925043
v 0.512743 3.345464 1.762414
v 0.515192 3.268748 1.923257
v 0.519798 3.334783 1.758088
v 0.513408 3.323359 1.754728
v 0.499963 3.322617 1.755694
v 0.469552 3.457813 1.420114
v 0.483004 3.458524 1.419226
v 0.439972 3.630769 1.094262
v 0.453340 3.631957 1.092435
v 0.489498 3.469484 1.423736
v 0.459486 3.645047 1.092910
v 0.482540 3.479733 1.429135
v 0.452264 3.656951 1.095213
v 0.432275 3.625045 0.991734
v 0.452264 3.656951 1.095213
v 0.438896 3.655764 1.097041
v 0.406168 3.600693 0.921236
v 0.412486 3.590746 0.882087
v 0.432750 3.642673 1.096565
v 0.389830 3.561980 0.754205
v 0.396781 3.583073 0.905116
v 0.439972 3.630769 1.094262
v 0.422002 3.601923 1.001158
v 0.402024 3.567303 0.890468
v 0.376602 3.561012 0.756718
v 0.362153 3.547990 0.600598
v 0.371146 3.549008 0.759641
v 0.378919 3.537972 0.760052
v 0.348911 3.547015 0.603041
v 0.327302 3.558171 0.413810
v 0.343162 3.534862 0.604337
v 0.350654 3.523683 0.603189
v 0.314053 3.557199 0.416211
v 0.283145 3.602069 0.186517
v 0.307999 3.545130 0.415872
v 0.315194 3.534034 0.413133
v 0.269891 3.601101 0.188895
v 0.256859 3.639744 0.055148
v 0.243605 3.638777 0.057523
v 0.263562 3.589303 0.187136
v 0.270485 3.578473 0.182997
v 0.237211 3.627069 0.055445
v 0.244072 3.616329 0.050992
v 0.422002 3.601923 1.001158
v 0.439972 3.630769 1.094262
v 0.453340 3.631957 1.092435
v 0.422036 3.579381 0.926734
v 0.402024 3.567303 0.890468
v 0.459486 3.645047 1.092910
v 0.378919 3.537972 0.760052
v 0.423187 3.584684 0.899783
v 0.452264 3.656951 1.095213
v 0.432275 3.625045 0.991734
v 0.412486 3.590746 0.882087
v 0.392148 3.538939 0.757539
v 0.350654 3.523683 0.603189
v 0.397604 3.550943 0.754615
v 0.389830 3.561980 0.754205
v 0.363896 3.524657 0.600747
v 0.315194 3.534034 0.413133
v 0.369645 3.536811 0.599451
v 0.362153 3.547990 0.600598
v 0.328443 3.535006 0.410732
v 0.270485 3.578473 0.182997
v 0.334497 3.547075 0.411071
v 0.327302 3.558171 0.413810
v 0.283739 3.579441 0.180619
v 0.244072 3.616329 0.050992
v 0.257326 3.617296 0.048617
v 0.290069 3.591239 0.182378
v 0.283145 3.602069 0.186517
v 0.263720 3.629003 0.050695
v 0.256859 3.639744 0.055148
v -3.814255 3.626967 -0.436976
v -3.868998 3.633088 -0.450092
v -3.865388 3.624473 -0.458609
v -3.814073 3.618856 -0.446492
v -3.864972 3.612105 -0.455887
v -3.722433 3.603966 -0.422741
v -3.816753 3.606808 -0.444493
v -3.868682 3.608500 -0.444631
v -3.819615 3.602872 -0.432979
v -3.729789 3.597872 -0.433373
v -3.599819 3.557720 -0.402676
v -3.721772 3.582489 -0.429681
v -3.743047 3.584404 -0.421077
v -3.606278 3.552096 -0.413604
v -3.571899 3.527377 -0.387106
v -3.609637 3.540189 -0.411878
v -3.610995 3.535506 -0.399695
v -3.574034 3.520243 -0.397148
v -3.585250 3.318630 -0.229502
v -3.585883 3.516164 -0.399451
v -3.595598 3.519219 -0.391711
v -3.587317 3.310276 -0.238655
v -3.599012 3.307741 -0.242294
v -3.608639 3.313560 -0.236780
v -3.592894 3.235191 -0.165869
v -3.590758 3.244596 -0.157731
v -3.596441 3.183501 -0.075325
v -3.604611 3.232296 -0.169171
v -3.614193 3.238804 -0.164337
v -3.619938 3.177136 -0.081126
v -3.601722 3.139289 -0.030822
v -3.601179 3.140170 -0.002582
v -3.605831 3.110036 0.075628
v -3.614001 3.135115 -0.031443
v -3.624744 3.133189 -0.007344
v -3.629461 3.102624 0.071980
v -3.608255 3.098222 0.071836
v -3.622719 3.079513 0.117674
v -3.633553 3.084978 0.145654
v -3.637355 3.080602 0.220828
v -3.612379 3.080437 0.146093
v -3.609855 3.092684 0.148077
v -3.613593 3.088381 0.222000
v -3.616211 3.076026 0.221860
v -3.630492 3.073089 0.271958
v -3.640755 3.085604 0.293075
v -3.643766 3.101435 0.363581
v -3.620752 3.083779 0.315439
v -3.616942 3.093307 0.293139
v -3.619906 3.108895 0.362566
v -3.636482 3.107308 0.414106
v -3.646500 3.124500 0.432626
v -3.648852 3.155297 0.498546
v -3.625416 3.120202 0.435065
v -3.622608 3.131690 0.430801
v -3.624933 3.162126 0.495948
v -3.641230 3.169694 0.545009
v -3.651783 3.209099 0.591900
v -3.629211 3.174906 0.546764
v -3.627853 3.216157 0.589329
v -3.644693 3.249884 0.663645
v -3.655092 3.302202 0.715751
v -3.633770 3.278389 0.695665
v -3.631112 3.306098 0.709168
v -3.633854 3.422877 0.837193
v -3.647811 3.357529 0.791652
v -3.657830 3.417545 0.841858
v -3.636849 3.415537 0.846986
v -3.636454 3.593160 1.008490
v -3.651198 3.569541 1.006508
v -3.660118 3.570873 0.995371
v -3.639178 3.575916 1.008067
v -3.636867 3.633794 1.057537
v -3.651754 3.619869 1.065387
v -3.660829 3.627398 1.060955
v -3.639773 3.623067 1.063678
v -3.637312 3.648129 1.097985
v -3.640172 3.635258 1.098072
v -3.652142 3.631516 1.098184
v -3.661252 3.640645 1.098208
v -3.819615 3.602872 -0.432979
v -3.868682 3.608500 -0.444631
v -3.873393 3.616679 -0.436233
v -3.819797 3.610983 -0.423464
v -3.873973 3.628931 -0.439092
v -3.743047 3.584404 -0.421077
v -3.817116 3.623031 -0.425463
v -3.868998 3.633088 -0.450092
v -3.814255 3.626967 -0.436976
v -3.734715 3.589910 -0.410156
v -3.610995 3.535506 -0.399695
v -3.719338 3.598016 -0.410207
v -3.722433 3.603966 -0.422741
v -3.613377 3.544168 -0.390511
v -3.595598 3.519219 -0.391711
v -3.605161 3.553855 -0.391153
v -3.599819 3.557720 -0.402676
v -3.593463 3.526354 -0.381669
v -3.608639 3.313560 -0.236780
v -3.581614 3.530433 -0.379366
v -3.571899 3.527377 -0.387106
v -3.606572 3.321914 -0.227627
v -3.614193 3.238804 -0.164337
v -3.594877 3.324449 -0.223988
v -3.585250 3.318630 -0.229502
v -3.590758 3.244596 -0.157731
v -3.600340 3.251105 -0.152896
v -3.612058 3.248209 -0.156199
v -3.608627 3.163751 -0.031594
v -3.596441 3.183501 -0.075325
v -3.601179 3.140170 -0.002582
v -3.617712 3.187404 -0.074157
v -3.619938 3.177136 -0.081126
v -3.624744 3.133189 -0.007344
v -3.622417 3.144369 -0.001906
v -3.617377 3.105968 0.113077
v -3.605831 3.110036 0.075628
v -3.609855 3.092684 0.148077
v -3.627037 3.114438 0.075772
v -3.629461 3.102624 0.071980
v -3.633553 3.084978 0.145654
v -3.631029 3.097225 0.147640
v -3.624778 3.096770 0.260813
v -3.613593 3.088381 0.222000
v -3.616942 3.093307 0.293139
v -3.636757 3.092515 0.261942
v -3.637355 3.080602 0.220828
v -3.640755 3.085604 0.293075
v -3.630622 3.127256 0.397427
v -3.619906 3.108895 0.362566
v -3.622608 3.131690 0.430801
v -3.642592 3.123637 0.399372
v -3.643766 3.101435 0.363581
v -3.646500 3.124500 0.432626
v -3.635309 3.188544 0.528964
v -3.624933 3.162126 0.495948
v -3.627853 3.216157 0.589329
v -3.647186 3.184047 0.528657
v -3.648852 3.155297 0.498546
v -3.651783 3.209099 0.591900
v -3.638872 3.269166 0.648746
v -3.631112 3.306098 0.709168
v -3.650606 3.261263 0.644342
v -3.655092 3.302202 0.715751
v -3.641951 3.375013 0.774765
v -3.633854 3.422877 0.837193
v -3.654041 3.379932 0.785634
v -3.657830 3.417545 0.841858
v -3.660118 3.570873 0.995371
v -3.645778 3.629188 1.033498
v -3.636454 3.593160 1.008490
v -3.657297 3.588506 0.996290
v -3.660829 3.627398 1.060955
v -3.636867 3.633794 1.057537
v -3.657924 3.638125 1.054814
v -3.661252 3.640645 1.098208
v -3.658392 3.653515 1.098121
v -3.646422 3.657257 1.098009
v -3.637312 3.648129 1.097985
v -3.636410 3.632939 1.139393
v -3.637312 3.648129 1.097985
v -3.640172 3.635258 1.098072
v -3.639377 3.622552 1.132772
v -3.652142 3.631516 1.098184
v -3.627802 3.539955 1.320601
v -3.651366 3.618727 1.132776
v -3.661252 3.640645 1.098208
v -3.660717 3.631090 1.127267
v -3.630837 3.528867 1.314938
v -3.621267 3.478922 1.461442
v -3.642845 3.525521 1.313738
v -3.651821 3.533260 1.318202
v -3.624282 3.467471 1.456210
v -3.613821 3.420500 1.631562
v -3.636286 3.464031 1.455127
v -3.645275 3.472038 1.459274
v -3.616806 3.408717 1.626973
v -3.625964 3.385344 1.688857
v -3.637813 3.413447 1.629724
v -3.633769 3.386085 1.727713
v -3.627406 3.349580 1.893138
v -3.611373 3.373226 1.755773
v -3.609784 3.393209 1.729342
v -3.603160 3.355904 1.899901
v -3.615700 3.328340 1.963479
v -3.622011 3.325751 2.048520
v -3.603580 3.331666 1.964912
v -3.598053 3.332988 2.049407
v -3.608446 3.300862 2.187068
v -3.617194 3.308259 2.201154
v -3.596376 3.304393 2.187565
v -3.593079 3.315403 2.203444
v -3.600698 3.280590 2.470315
v -3.611095 3.292036 2.422830
v -3.608150 3.288898 2.554127
v -3.605345 3.290285 2.693730
v -3.588827 3.284712 2.458977
v -3.587166 3.299296 2.422726
v -3.584229 3.296160 2.553660
v -3.595349 3.283225 2.740095
v -3.603115 3.298090 2.833075
v -3.584260 3.285345 2.693652
v -3.580775 3.299097 2.740313
v -3.601195 3.309540 2.980170
v -3.580268 3.302184 2.960687
v -3.577295 3.316804 2.978477
v -3.576072 3.336993 3.123905
v -3.591285 3.307178 3.041323
v -3.599969 3.329762 3.126018
v -3.599181 3.358231 3.280070
v -3.578867 3.324857 3.127183
v -3.575289 3.365407 3.277533
v -3.590021 3.349800 3.282927
v -3.599177 3.400376 3.430370
v -3.578075 3.353387 3.281658
v -3.575282 3.407427 3.427429
v -3.601213 3.531499 3.742363
v -3.592096 3.524104 3.747401
v -3.578073 3.395654 3.432364
v -3.577301 3.539063 3.741029
v -3.580140 3.527886 3.746734
v -3.590020 3.392129 3.433835
v -3.660717 3.631090 1.127267
v -3.661252 3.640645 1.098208
v -3.658392 3.653515 1.098121
v -3.657354 3.637787 1.141386
v -3.646422 3.657257 1.098009
v -3.651821 3.533260 1.318202
v -3.645251 3.640681 1.143399
v -3.637312 3.648129 1.097985
v -3.636410 3.632939 1.139393
v -3.648786 3.544351 1.323866
v -3.645275 3.472038 1.459274
v -3.636778 3.547700 1.325066
v -3.627802 3.539955 1.320601
v -3.642262 3.483491 1.464506
v -3.637813 3.413447 1.629724
v -3.630257 3.486933 1.465589
v -3.621267 3.478922 1.461442
v -3.634828 3.425230 1.634313
v -3.633769 3.386085 1.727713
v -3.619817 3.407863 1.701513
v -3.613821 3.420500 1.631562
v -3.609784 3.393209 1.729342
v -3.603160 3.355904 1.899901
v -3.629086 3.387313 1.773849
v -3.627406 3.349580 1.893138
v -3.610901 3.357823 1.941094
v -3.598053 3.332988 2.049407
v -3.622885 3.354216 1.940518
v -3.622011 3.325751 2.048520
v -3.604268 3.330406 2.138243
v -3.593079 3.315403 2.203444
v -3.616204 3.326768 2.135970
v -3.617194 3.308259 2.201154
v -3.595348 3.305210 2.458519
v -3.587166 3.299296 2.422726
v -3.584229 3.296160 2.553660
v -3.580775 3.299097 2.740313
v -3.607267 3.301616 2.455290
v -3.611095 3.292036 2.422830
v -3.608150 3.288898 2.554127
v -3.589959 3.307199 2.726859
v -3.601837 3.303138 2.722825
v -3.605345 3.290285 2.693730
v -3.603115 3.298090 2.833075
v -3.586019 3.329166 3.017493
v -3.577295 3.316804 2.978477
v -3.576072 3.336993 3.123905
v -3.597744 3.325800 3.022847
v -3.601195 3.309540 2.980170
v -3.599969 3.329762 3.126018
v -3.584448 3.373837 3.274675
v -3.575289 3.365407 3.277533
v -3.596393 3.370250 3.275944
v -3.599181 3.358231 3.280070
v -3.584440 3.415675 3.423965
v -3.575282 3.407427 3.427429
v -3.596387 3.412150 3.425435
v -3.599177 3.400376 3.430370
v -3.601213 3.531499 3.742363
v -3.597495 3.543671 3.737489
v -3.586418 3.546465 3.735991
v -3.577301 3.539063 3.741029
v -3.588367 3.555528 3.774069
v -3.577301 3.539063 3.741029
v -3.580140 3.527886 3.746734
v -3.596134 3.547213 3.786815
v -3.592096 3.524104 3.747401
v -3.638283 3.576462 3.824489
v -3.606696 3.542493 3.785928
v -3.601213 3.531499 3.742363
v -3.610602 3.544388 3.768402
v -3.657080 3.563296 3.814467
v -3.685352 3.578346 3.863024
v -3.719599 3.599093 3.881804
v -3.701310 3.573102 3.862369
v -3.729777 3.582998 3.865393
v -3.805152 3.603117 3.925582
v -3.805833 3.614752 3.920891
v -3.864556 3.617731 3.931569
v -3.865000 3.597682 3.929594
v -3.810218 3.594903 3.916340
v -3.827026 3.600106 3.909506
v -3.865047 3.599939 3.911608
v -3.805833 3.614752 3.920891
v -3.864556 3.617731 3.931569
v -3.865163 3.621780 3.919451
v -3.811567 3.618865 3.910212
v -3.719599 3.599093 3.881804
v -3.864981 3.612885 3.910365
v -3.730668 3.604673 3.874356
v -3.638283 3.576462 3.824489
v -3.813101 3.610076 3.900980
v -3.865047 3.599939 3.911608
v -3.827026 3.600106 3.909506
v -3.648266 3.582625 3.817673
v -3.588367 3.555528 3.774069
v -3.727986 3.594879 3.862047
v -3.729777 3.582998 3.865393
v -3.597742 3.562130 3.767534
v -3.577301 3.539063 3.741029
v -3.586418 3.546465 3.735991
v -3.597495 3.543671 3.737489
v -3.627606 3.565294 3.787735
v -3.657080 3.563296 3.814467
v -3.610602 3.544388 3.768402
v -3.601213 3.531499 3.742363
v 0.093047 3.625614 1.926700
v 0.184761 3.639910 2.048354
v 0.176510 3.634355 2.054973
v 0.085104 3.619909 1.933778
v 0.176367 3.622452 2.055508
v 0.037375 3.605581 1.846165
v 0.086136 3.608159 1.935910
v 0.184405 3.616129 2.049484
v 0.095011 3.602160 1.931042
v 0.005964 3.589352 1.818050
v -0.010616 3.578871 1.767976
v -0.048077 3.546567 1.693740
v 0.031208 3.588124 1.856542
v 0.040674 3.582482 1.852560
v -0.056137 3.540276 1.700692
v -0.072141 3.498558 1.637817
v -0.016217 3.561461 1.779348
v -0.006130 3.556271 1.776400
v -0.080403 3.491915 1.644273
v -0.079913 3.452420 1.572615
v -0.053301 3.529256 1.705932
v -0.042581 3.524670 1.704241
v -0.088222 3.445314 1.578371
v -0.085750 3.345732 1.377160
v -0.077160 3.481395 1.650694
v -0.065867 3.477701 1.650613
v -0.094042 3.338256 1.382322
v -0.094700 3.261633 1.175809
v -0.084891 3.435403 1.585837
v -0.073379 3.432729 1.587481
v -0.103040 3.253695 1.179794
v -0.106269 3.209542 0.962850
v -0.090833 3.327650 1.388979
v -0.079283 3.324683 1.390393
v -0.114671 3.201381 0.965592
v -0.119935 3.182048 0.742244
v -0.099904 3.242440 1.184642
v -0.088378 3.239254 1.185468
v -0.128409 3.173826 0.743793
v -0.135186 3.177510 0.518045
v -0.111632 3.189858 0.968571
v -0.100133 3.186578 0.968794
v -0.143733 3.169262 0.518503
v -0.151495 3.189848 0.294359
v -0.125481 3.162247 0.745000
v -0.114009 3.158940 0.744652
v -0.160114 3.181647 0.293842
v -0.168341 3.218412 0.075328
v -0.140905 3.157675 0.518102
v -0.129475 3.154366 0.517238
v -0.177031 3.210242 0.073939
v -0.185195 3.258525 -0.134899
v -0.157389 3.170125 0.292010
v -0.145994 3.166840 0.290694
v -0.193950 3.250437 -0.137069
v -0.201535 3.311561 -0.332190
v -0.174393 3.198760 0.070836
v -0.163042 3.195497 0.069125
v -0.210350 3.303634 -0.335056
v -0.216830 3.378400 -0.512366
v -0.191403 3.239041 -0.141310
v -0.180086 3.235812 -0.143368
v -0.225704 3.370752 -0.515880
v -0.230551 3.458910 -0.671232
v -0.207889 3.292439 -0.340309
v -0.196600 3.289275 -0.342670
v -0.239482 3.451715 -0.675397
v -0.242164 3.551541 -0.804578
v -0.223328 3.359937 -0.522076
v -0.212060 3.356888 -0.524715
v -0.251156 3.545056 -0.809460
v -0.251689 3.658578 -0.913134
v -0.260515 3.649372 -0.915840
v -0.237197 3.441537 -0.682536
v -0.225944 3.438671 -0.685450
v -0.248977 3.535894 -0.817627
v -0.257477 3.636252 -0.920302
v -0.237731 3.533314 -0.820840
v -0.246559 3.632543 -0.921941
v 0.095011 3.602160 1.931042
v 0.184405 3.616129 2.049484
v 0.192609 3.621623 2.042914
v 0.102896 3.607818 1.924020
v 0.192818 3.633498 2.042321
v 0.040674 3.582482 1.852560
v 0.101934 3.619534 1.921828
v 0.184761 3.639910 2.048354
v 0.093047 3.625614 1.926700
v 0.025470 3.578221 1.810922
v -0.006130 3.556271 1.776400
v -0.042581 3.524670 1.704241
v 0.046842 3.599871 1.842196
v 0.037375 3.605581 1.846165
v -0.034631 3.530923 1.697358
v -0.065867 3.477701 1.650613
v -0.000535 3.573591 1.765057
v -0.010616 3.578871 1.767976
v -0.057772 3.484290 1.644225
v -0.073379 3.432729 1.587481
v -0.037372 3.541861 1.692102
v -0.048077 3.546567 1.693740
v -0.065139 3.439822 1.581739
v -0.079283 3.324683 1.390393
v -0.060879 3.494701 1.637823
v -0.072141 3.498558 1.637817
v -0.070984 3.332308 1.385175
v -0.088378 3.239254 1.185468
v -0.068430 3.449686 1.574292
v -0.079913 3.452420 1.572615
v -0.080030 3.247325 1.181461
v -0.100133 3.186578 0.968794
v -0.074338 3.342855 1.378545
v -0.085750 3.345732 1.377160
v -0.091723 3.194838 0.966044
v -0.114009 3.158940 0.744652
v -0.083284 3.258527 1.176627
v -0.094700 3.261633 1.175809
v -0.105527 3.167250 0.743101
v -0.129475 3.154366 0.517238
v -0.094852 3.206320 0.963073
v -0.106269 3.209542 0.962850
v -0.120921 3.162678 0.516780
v -0.145994 3.166840 0.290694
v -0.108535 3.178792 0.741899
v -0.119935 3.182048 0.742244
v -0.137368 3.175104 0.291213
v -0.163042 3.195497 0.069125
v -0.123807 3.174240 0.517185
v -0.135186 3.177510 0.518045
v -0.154349 3.203719 0.070516
v -0.180086 3.235812 -0.143368
v -0.140150 3.186600 0.293048
v -0.151495 3.189848 0.294359
v -0.171327 3.243965 -0.141194
v -0.196600 3.289275 -0.342670
v -0.157031 3.215179 0.073622
v -0.168341 3.218412 0.075328
v -0.187781 3.297281 -0.339795
v -0.212060 3.356888 -0.524715
v -0.173930 3.255332 -0.136950
v -0.185195 3.258525 -0.134899
v -0.203183 3.364626 -0.521179
v -0.225944 3.438671 -0.685450
v -0.190312 3.308442 -0.334540
v -0.201535 3.311561 -0.332190
v -0.217009 3.445965 -0.681241
v -0.237731 3.533314 -0.820840
v -0.205645 3.375401 -0.514986
v -0.216830 3.378400 -0.512366
v -0.228731 3.539895 -0.815879
v -0.246559 3.632543 -0.921941
v -0.237797 3.641014 -0.919411
v -0.219398 3.456099 -0.674113
v -0.230551 3.458910 -0.671232
v -0.231039 3.549012 -0.807736
v -0.240137 3.654350 -0.914925
v -0.242164 3.551541 -0.804578
v -0.251689 3.658578 -0.913134
v -0.251508 3.644788 -0.982103
v -0.251689 3.658578 -0.913134
v -0.260515 3.649372 -0.915840
v -0.260460 3.636626 -0.980177
v -0.257477 3.636252 -0.920302
v -0.249903 3.503198 -1.340672
v -0.257830 3.625332 -0.977544
v -0.246559 3.632543 -0.921941
v -0.246601 3.625777 -0.964566
v -0.258651 3.496454 -1.336124
v -0.256063 3.488095 -1.325654
v -0.244298 3.465824 -1.376549
v -0.243454 3.417464 -1.514773
v -0.254843 3.418431 -1.523836
v -0.242138 3.351132 -1.737453
v -0.257397 3.426756 -1.535641
v -0.248477 3.429233 -1.554101
v -0.253583 3.353984 -1.741337
v -0.240587 3.292056 -1.996802
v -0.256143 3.362300 -1.755113
v -0.247169 3.365896 -1.773094
v -0.252113 3.296080 -1.995871
v -0.238972 3.251621 -2.276173
v -0.254693 3.305123 -2.010017
v -0.245741 3.310611 -2.024197
v -0.250546 3.255787 -2.272663
v -0.237625 3.236047 -2.538015
v -0.253150 3.265837 -2.287550
v -0.244190 3.272977 -2.296455
v -0.248938 3.238232 -2.569441
v -0.236787 3.239058 -2.694511
v -0.251599 3.251270 -2.538297
v -0.242857 3.259313 -2.538359
v -0.235912 3.248806 -2.860819
v -0.250765 3.254269 -2.694012
v -0.242025 3.262302 -2.693663
v -0.247313 3.252362 -2.860541
v -0.235072 3.269607 -3.025852
v -0.249894 3.263970 -2.859454
v -0.241157 3.271974 -2.858650
v -0.246476 3.273138 -3.025370
v -0.234204 3.300301 -3.200690
v -0.249058 3.284664 -3.023627
v -0.240323 3.292610 -3.022372
v -0.245610 3.303795 -3.199992
v -0.233386 3.343710 -3.372541
v -0.248194 3.315199 -3.197545
v -0.239462 3.323059 -3.195809
v -0.244794 3.347151 -3.371629
v -0.247381 3.358381 -3.368492
v -0.238651 3.366120 -3.366281
v -0.237051 3.490602 -3.722391
v -0.245777 3.483200 -3.725562
v -0.235577 3.674175 -4.088370
v -0.244304 3.666958 -4.092026
v -0.243185 3.472458 -3.730101
v -0.241662 3.656583 -4.097219
v -0.231773 3.469167 -3.731445
v -0.230292 3.653424 -4.098758
v -0.237051 3.490602 -3.722391
v -0.235577 3.674175 -4.088370
v -0.224208 3.671016 -4.089909
v -0.225730 3.487369 -3.723711
v -0.221565 3.660641 -4.095102
v -0.238651 3.366120 -3.366281
v -0.223039 3.476670 -3.728230
v -0.230292 3.653424 -4.098758
v -0.231773 3.469167 -3.731445
v -0.227331 3.362738 -3.367177
v -0.224647 3.351551 -3.370301
v -0.233386 3.343710 -3.372541
v -0.234204 3.300301 -3.200690
v -0.225463 3.308263 -3.198931
v -0.235072 3.269607 -3.025852
v -0.228142 3.319623 -3.196494
v -0.239462 3.323059 -3.195809
v -0.226329 3.277652 -3.024581
v -0.235912 3.248806 -2.860819
v -0.229002 3.289135 -3.022844
v -0.240323 3.292610 -3.022372
v -0.227167 3.256908 -2.860006
v -0.236787 3.239058 -2.694511
v -0.229835 3.268474 -2.858923
v -0.241157 3.271974 -2.858650
v -0.228039 3.247184 -2.694158
v -0.237625 3.236047 -2.538015
v -0.231464 3.254435 -2.569573
v -0.242025 3.262302 -2.693663
v -0.228876 3.244178 -2.538077
v -0.238972 3.251621 -2.276173
v -0.242857 3.259313 -2.538359
v -0.230311 3.259428 -2.282962
v -0.240587 3.292056 -1.996802
v -0.233067 3.271876 -2.274400
v -0.244190 3.272977 -2.296455
v -0.231882 3.298851 -2.006195
v -0.242138 3.351132 -1.737453
v -0.234620 3.311965 -1.998841
v -0.245741 3.310611 -2.024197
v -0.233370 3.356082 -1.751286
v -0.243454 3.417464 -1.514773
v -0.236077 3.369590 -1.745453
v -0.247169 3.365896 -1.773094
v -0.234655 3.420052 -1.533523
v -0.244298 3.465824 -1.376549
v -0.237325 3.433805 -1.528688
v -0.248477 3.429233 -1.554101
v -0.235932 3.489895 -1.333543
v -0.246601 3.625777 -0.964566
v -0.238544 3.502494 -1.333020
v -0.249903 3.503198 -1.340672
v -0.251508 3.644788 -0.982103
v -0.240265 3.639996 -0.984266
v -0.251689 3.658578 -0.913134
v -0.240137 3.654350 -0.914925
v -0.237643 3.629735 -0.979018
v -0.237797 3.641014 -0.919411
v -0.246559 3.632543 -0.921941
v -0.463236 6.248597 0.400625
v -0.474711 6.255306 0.405268
v -0.480469 6.252048 0.420246
v -0.455695 6.240075 0.423337
v -0.452888 6.242470 0.411098
v -0.469985 6.248190 0.429805
v 0.075561 3.581526 2.079382
v 0.127263 3.589444 2.060696
v 0.120785 3.598219 2.052768
v 0.058169 3.587914 2.073451
v 0.121119 3.611400 2.055485
v -0.079295 3.543967 2.113974
v 0.070084 3.603829 2.073871
v 0.127940 3.616086 2.066329
v 0.084549 3.610366 2.083538
v -0.085222 3.551752 2.105168
v -0.105321 3.532907 2.123775
v -0.101892 3.560738 2.112540
v -0.086471 3.569047 2.122190
v -0.120260 3.552531 2.137411
v -0.118742 3.534096 2.120629
v -0.134622 3.372848 2.329806
v -0.126911 3.541785 2.130826
v -0.148214 3.373450 2.328441
v -0.161267 3.276314 2.531532
v -0.155311 3.384359 2.335314
v -0.148878 3.394559 2.343460
v -0.174863 3.276932 2.530137
v -0.186137 3.217928 2.729656
v -0.181758 3.288680 2.535517
v -0.175127 3.299664 2.542208
v -0.199735 3.218553 2.728226
v -0.209162 3.184490 2.922399
v -0.206398 3.230613 2.731784
v -0.199541 3.241886 2.736707
v -0.222758 3.185117 2.920931
v -0.230262 3.176173 3.107917
v -0.229173 3.197260 2.922431
v -0.222076 3.208613 2.925358
v -0.243851 3.176800 3.106412
v -0.249361 3.182670 3.284355
v -0.250025 3.189018 3.105777
v -0.242694 3.200450 3.106638
v -0.262942 3.183296 3.282816
v -0.266389 3.208848 3.449909
v -0.268898 3.195439 3.280146
v -0.261357 3.206806 3.279032
v -0.279959 3.209472 3.448342
v -0.281284 3.247363 3.602849
v -0.285733 3.221553 3.443855
v -0.278015 3.232869 3.440970
v -0.294845 3.247985 3.601260
v -0.293991 3.299157 3.741503
v -0.300471 3.259882 3.595216
v -0.292609 3.271032 3.590810
v -0.307545 3.299774 3.739898
v -0.304458 3.364503 3.864229
v -0.313054 3.311271 3.732543
v -0.305078 3.322044 3.726851
v -0.318007 3.365112 3.862613
v -0.312630 3.442781 3.969398
v -0.323424 3.375913 3.854147
v -0.315356 3.386022 3.847359
v -0.326179 3.443380 3.967776
v -0.318454 3.532017 4.055380
v -0.331521 3.453120 3.958338
v -0.323379 3.462207 3.950592
v -0.332007 3.532606 4.053756
v -0.321571 3.622899 4.117236
v -0.337286 3.540843 4.043426
v -0.329083 3.548476 4.034804
v -0.334787 3.625398 4.117152
v -0.316336 3.628500 4.138405
v -0.329328 3.631604 4.140355
v -0.340860 3.637144 4.109364
v -0.332828 3.646338 4.101604
v -0.333555 3.644393 4.138830
v -0.324698 3.654259 4.135304
v -0.321571 3.622899 4.117236
v -0.316336 3.628500 4.138405
v -0.307361 3.638234 4.134885
v -0.313591 3.631438 4.109965
v -0.311516 3.651192 4.133314
v -0.318454 3.532017 4.055380
v -0.318955 3.643428 4.101923
v -0.324698 3.654259 4.135304
v -0.332828 3.646338 4.101604
v -0.310302 3.539670 4.046659
v -0.312630 3.442781 3.969398
v -0.315661 3.547891 4.036412
v -0.329083 3.548476 4.034804
v -0.304537 3.451927 3.961568
v -0.304458 3.364503 3.864229
v -0.309952 3.461614 3.952199
v -0.323379 3.462207 3.950592
v -0.296439 3.374701 3.857365
v -0.293991 3.299157 3.741503
v -0.301929 3.385420 3.848959
v -0.315356 3.386022 3.847359
v -0.286067 3.310045 3.735739
v -0.281284 3.247363 3.602849
v -0.291655 3.321435 3.728440
v -0.305078 3.322044 3.726851
v -0.273481 3.258646 3.598378
v -0.266389 3.208848 3.449909
v -0.279192 3.270419 3.592381
v -0.292609 3.271032 3.590810
v -0.258738 3.220312 3.446972
v -0.249361 3.182670 3.284355
v -0.264605 3.232254 3.442518
v -0.278015 3.232869 3.440970
v -0.241896 3.194197 3.283206
v -0.230262 3.176173 3.107917
v -0.247954 3.206191 3.280550
v -0.261357 3.206806 3.279032
v -0.223016 3.187774 3.108769
v -0.209162 3.184490 2.922399
v -0.229295 3.199835 3.108122
v -0.242694 3.200450 3.106638
v -0.202155 3.196018 2.925348
v -0.186137 3.217928 2.729656
v -0.208675 3.207999 2.926806
v -0.222076 3.208613 2.925358
v -0.179371 3.229375 2.734627
v -0.161267 3.276314 2.531532
v -0.186132 3.241274 2.738117
v -0.199541 3.241886 2.736707
v -0.154723 3.287453 2.538292
v -0.134622 3.372848 2.329806
v -0.161705 3.299056 2.543587
v -0.175127 3.299664 2.542208
v -0.128269 3.383163 2.338031
v -0.105321 3.532907 2.123775
v -0.135441 3.393966 2.344811
v -0.148878 3.394559 2.343460
v -0.100267 3.537581 2.137520
v -0.107559 3.549381 2.142061
v -0.120260 3.552531 2.137411
v -0.093912 3.543743 2.130876
v -0.079295 3.543967 2.113974
v 0.075561 3.581526 2.079382
v -0.080526 3.561199 2.130838
v -0.086471 3.569047 2.122190
v 0.079349 3.585334 2.091860
v 0.127263 3.589444 2.060696
v 0.135938 3.601980 2.076092
v 0.068712 3.596678 2.097817
v 0.084549 3.610366 2.083538
v 0.127940 3.616086 2.066329
v -0.321061 3.656800 4.160380
v -0.324698 3.654259 4.135304
v -0.311516 3.651192 4.133314
v -0.306527 3.653516 4.171559
v -0.307361 3.638234 4.134885
v -0.320408 3.649259 4.192269
v -0.302994 3.639852 4.170772
v -0.316336 3.628500 4.138405
v -0.312763 3.629024 4.175498
v -0.310207 3.630942 4.210109
v -0.325953 3.623641 4.215405
v -0.334415 3.568054 4.231833
v -0.306691 3.620229 4.200992
v -0.316569 3.609345 4.193882
v -0.320891 3.566269 4.230508
v -0.340253 3.484766 4.238966
v -0.315574 3.563700 4.218216
v -0.323582 3.562914 4.207366
v -0.326702 3.484297 4.237529
v -0.338643 3.368607 4.241459
v -0.323054 3.433823 4.226905
v -0.329149 3.483379 4.214164
v -0.325134 3.369310 4.240005
v -0.322866 3.189510 4.243995
v -0.327563 3.368941 4.216618
v -0.309452 3.187454 4.242990
v -0.350969 3.065226 4.250281
v -0.303652 3.184802 4.230511
v -0.312587 3.196966 4.218734
v -0.317783 3.154924 4.221793
v -0.337664 3.062194 4.249018
v -0.360729 2.960016 4.233904
v -0.332107 3.061134 4.236653
v -0.339615 3.063078 4.225629
v -0.347055 2.961502 4.233344
v -0.349748 2.909170 4.212328
v -0.336458 2.912936 4.212874
v -0.341166 2.965860 4.221907
v -0.348522 2.968710 4.211103
v -0.330804 2.919877 4.202349
v -0.338428 2.923055 4.191276
v -0.360729 2.960016 4.233904
v -0.349748 2.909170 4.212328
v -0.357378 2.912351 4.201245
v -0.368266 2.962948 4.222737
v -0.351711 2.919294 4.190721
v -0.350969 3.065226 4.250281
v -0.361966 2.967297 4.211327
v -0.338428 2.923055 4.191276
v -0.348522 2.968710 4.211103
v -0.358541 3.067200 4.239011
v -0.322866 3.189510 4.243995
v -0.352738 3.066111 4.226711
v -0.339615 3.063078 4.225629
v -0.330799 3.187531 4.233184
v -0.338643 3.368607 4.241459
v -0.325330 3.186787 4.220843
v -0.317783 3.154924 4.221793
v -0.312587 3.196966 4.218734
v -0.350108 3.432502 4.229860
v -0.340253 3.484766 4.238966
v -0.334415 3.568054 4.231833
v -0.341078 3.368234 4.217992
v -0.327563 3.368941 4.216618
v -0.342439 3.567230 4.220759
v -0.325953 3.623641 4.215405
v -0.342652 3.483842 4.215499
v -0.329149 3.483379 4.214164
v -0.332921 3.627610 4.201906
v -0.320408 3.649259 4.192269
v -0.336918 3.564657 4.208569
v -0.323582 3.562914 4.207366
v -0.329452 3.646033 4.172783
v -0.321061 3.656800 4.160380
v -0.324698 3.654259 4.135304
v -0.333555 3.644393 4.138830
v -0.328393 3.620219 4.191651
v -0.316569 3.609345 4.193882
v -0.312763 3.629024 4.175498
v -0.325828 3.633594 4.167601
v -0.329328 3.631604 4.140355
v -0.316336 3.628500 4.138405
v 3.316771 3.586580 -2.100274
v 3.291144 3.667731 -2.200405
v 3.298324 3.661739 -2.207098
v 3.336470 3.543081 -2.058396
v 3.340679 3.518909 -2.004662
v 3.294379 3.652875 -2.213273
v 3.363065 3.463761 -1.913087
v 3.334470 3.528836 -2.056182
v 3.283256 3.650003 -2.212754
v 3.322328 3.527627 -2.058504
v 3.370536 3.456974 -1.918607
v 3.384068 3.420363 -1.825294
v 3.366988 3.447031 -1.923189
v 3.355968 3.443875 -1.922251
v 3.401793 3.394317 -1.788557
v 3.411046 3.377112 -1.709670
v 3.400042 3.381636 -1.784792
v 3.388077 3.379121 -1.786496
v 3.430440 3.358135 -1.663467
v 3.440196 3.352864 -1.581921
v 3.427556 3.347126 -1.665217
v 3.416720 3.343677 -1.663495
v 3.456665 3.340627 -1.548534
v 3.464274 3.348276 -1.474028
v 3.455414 3.329525 -1.542370
v 3.443850 3.325805 -1.542651
v 3.481826 3.344684 -1.434498
v 3.495809 3.368621 -1.331760
v 3.479696 3.333485 -1.432889
v 3.469082 3.329981 -1.430178
v 3.505910 3.362525 -1.326364
v 3.525619 3.413211 -1.197985
v 3.505641 3.353742 -1.315877
v 3.494309 3.349258 -1.315649
v 3.535951 3.408430 -1.191511
v 3.555814 3.477111 -1.066451
v 3.536003 3.401130 -1.179929
v 3.525181 3.397006 -1.177720
v 3.570807 3.484108 -1.038590
v 3.611462 3.614851 -0.841654
v 3.573731 3.484008 -1.016353
v 3.562679 3.478705 -1.014882
v 3.640684 3.657699 -0.763883
v 3.632516 3.666895 -0.763950
v 3.621808 3.604866 -0.825543
v 3.611611 3.602069 -0.821020
v 3.638396 3.645222 -0.764033
v 3.627725 3.641253 -0.761279
v 3.322328 3.527627 -2.058504
v 3.283256 3.650003 -2.212754
v 3.276077 3.655995 -2.206060
v 3.314103 3.537828 -2.056868
v 3.280021 3.664859 -2.199886
v 3.355968 3.443875 -1.922251
v 3.319900 3.541416 -2.043573
v 3.291144 3.667731 -2.200405
v 3.316771 3.586580 -2.100274
v 3.340679 3.518909 -2.004662
v 3.348498 3.450663 -1.916731
v 3.388077 3.379121 -1.786496
v 3.352046 3.460606 -1.912149
v 3.363065 3.463761 -1.913087
v 3.379601 3.388604 -1.786142
v 3.416720 3.343677 -1.663495
v 3.384609 3.396133 -1.775743
v 3.384068 3.420363 -1.825294
v 3.411046 3.377112 -1.709670
v 3.408769 3.351236 -1.660025
v 3.443850 3.325805 -1.542651
v 3.411653 3.362245 -1.658275
v 3.434835 3.334342 -1.544643
v 3.469082 3.329981 -1.430178
v 3.438932 3.344980 -1.537906
v 3.440196 3.352864 -1.581921
v 3.464274 3.348276 -1.474028
v 3.460598 3.337676 -1.429078
v 3.494309 3.349258 -1.315649
v 3.462729 3.348875 -1.430687
v 3.484906 3.356317 -1.319118
v 3.525181 3.397006 -1.177720
v 3.488151 3.368711 -1.316145
v 3.495809 3.368621 -1.331760
v 3.515113 3.402307 -1.183830
v 3.562679 3.478705 -1.014882
v 3.518053 3.415351 -1.182201
v 3.525619 3.413211 -1.197985
v 3.550635 3.479016 -1.028468
v 3.611611 3.602069 -0.821020
v 3.547450 3.478619 -1.054492
v 3.555814 3.477111 -1.066451
v 3.619167 3.647902 -0.760982
v 3.627725 3.641253 -0.761279
v 3.592735 3.590455 -0.871133
v 3.621846 3.662926 -0.761196
v 3.611462 3.614851 -0.841654
v 3.632516 3.666895 -0.763950
v 3.650941 3.622647 -0.673665
v 3.632516 3.666895 -0.763950
v 3.640684 3.657699 -0.763883
v 3.658558 3.615443 -0.678401
v 3.638396 3.645222 -0.764033
v 3.671603 3.577048 -0.563100
v 3.655112 3.605199 -0.682344
v 3.627725 3.641253 -0.761279
v 3.644050 3.602159 -0.681551
v 3.690748 3.545374 -0.504864
v 3.695360 3.528789 -0.428465
v 3.721886 3.479451 -0.271935
v 3.689496 3.530760 -0.495902
v 3.678527 3.526792 -0.493486
v 3.729712 3.471816 -0.275502
v 3.750861 3.430598 -0.095660
v 3.741294 3.434689 -0.189386
v 3.715461 3.458003 -0.277213
v 3.758735 3.422883 -0.098938
v 3.781968 3.383788 0.098228
v 3.744550 3.408959 -0.100244
v 3.789886 3.376005 0.095228
v 3.814891 3.340570 0.307599
v 3.786786 3.365102 0.093280
v 3.775768 3.361982 0.094331
v 3.822854 3.332730 0.304878
v 3.849315 3.302495 0.530324
v 3.819809 3.321754 0.303283
v 3.808802 3.318618 0.304407
v 3.857322 3.294606 0.527892
v 3.884925 3.271114 0.764279
v 3.854335 3.283567 0.526667
v 3.843340 3.280417 0.527873
v 3.892978 3.263183 0.762152
v 3.921406 3.247972 1.007338
v 3.890051 3.252091 0.761323
v 3.879071 3.248929 0.762620
v 3.929508 3.240010 1.005539
v 3.958443 3.234615 1.257377
v 3.926646 3.228877 1.005139
v 3.915680 3.225706 1.006538
v 3.966598 3.226635 1.255932
v 3.995722 3.232589 1.512269
v 3.963805 3.215476 1.256001
v 3.952857 3.212299 1.257515
v 4.003934 3.224605 1.511212
v 4.032928 3.243434 1.769891
v 4.001216 3.213443 1.511797
v 3.990287 3.210264 1.513440
v 4.041202 3.235468 1.769260
v 4.069747 3.268691 2.028115
v 4.038567 3.224330 1.770417
v 4.027658 3.221158 1.772204
v 4.078087 3.260772 2.027956
v 4.105864 3.309897 2.284820
v 4.075543 3.249696 2.029745
v 4.064657 3.246539 2.031694
v 4.114278 3.302062 2.285180
v 4.140965 3.368586 2.537883
v 4.111832 3.291097 2.287671
v 4.100972 3.287970 2.289801
v 4.149458 3.360882 2.538814
v 4.174738 3.446286 2.785187
v 4.147120 3.350097 2.542076
v 4.136287 3.347016 2.544407
v 4.183316 3.438778 2.786740
v 4.206871 3.544528 3.024621
v 4.181092 3.428257 2.790844
v 4.170290 3.425246 2.793396
v 4.215538 3.537293 3.026841
v 4.237663 3.667524 3.259185
v 4.246589 3.655406 3.257762
v 4.213435 3.527144 3.031851
v 4.202665 3.524230 3.034640
v 4.243095 3.645268 3.257048
v 4.232482 3.642852 3.260907
v 3.644050 3.602159 -0.681551
v 3.627725 3.641253 -0.761279
v 3.619167 3.647902 -0.760982
v 3.636432 3.609364 -0.676816
v 3.621846 3.662926 -0.761196
v 3.678527 3.526792 -0.493486
v 3.639878 3.619607 -0.672872
v 3.632516 3.666895 -0.763950
v 3.650941 3.622647 -0.673665
v 3.668599 3.539449 -0.502894
v 3.715461 3.458003 -0.277213
v 3.673988 3.545761 -0.487910
v 3.671603 3.577048 -0.563100
v 3.695360 3.528789 -0.428465
v 3.707635 3.465639 -0.273646
v 3.744550 3.408959 -0.100244
v 3.725751 3.449841 -0.181722
v 3.721886 3.479451 -0.271935
v 3.736677 3.416674 -0.096965
v 3.775768 3.361982 0.094331
v 3.750861 3.430598 -0.095660
v 3.767849 3.369764 0.097331
v 3.808802 3.318618 0.304407
v 3.770950 3.380667 0.099280
v 3.781968 3.383788 0.098228
v 3.800839 3.326458 0.307127
v 3.843340 3.280417 0.527873
v 3.803884 3.337434 0.308723
v 3.814891 3.340570 0.307599
v 3.835333 3.288307 0.530304
v 3.879071 3.248929 0.762620
v 3.838320 3.299346 0.531530
v 3.849315 3.302495 0.530324
v 3.871017 3.256860 0.764747
v 3.915680 3.225706 1.006538
v 3.873944 3.267952 0.765576
v 3.884925 3.271114 0.764279
v 3.907578 3.233667 1.008337
v 3.952857 3.212299 1.257515
v 3.910440 3.244800 1.008738
v 3.921406 3.247972 1.007338
v 3.944701 3.220279 1.258960
v 3.990287 3.210264 1.513440
v 3.947495 3.231438 1.258891
v 3.958443 3.234615 1.257377
v 3.982075 3.218248 1.514497
v 4.027658 3.221158 1.772204
v 3.984792 3.229410 1.513912
v 3.995722 3.232589 1.512269
v 4.019384 3.229123 1.772834
v 4.064657 3.246539 2.031694
v 4.022019 3.240262 1.771678
v 4.032928 3.243434 1.769891
v 4.056316 3.254458 2.031854
v 4.100972 3.287970 2.289801
v 4.058861 3.265535 2.030064
v 4.069747 3.268691 2.028115
v 4.092558 3.295806 2.289440
v 4.136287 3.347016 2.544407
v 4.095004 3.306770 2.286950
v 4.105864 3.309897 2.284820
v 4.127794 3.354720 2.543476
v 4.170290 3.425246 2.793396
v 4.130133 3.365505 2.540214
v 4.140965 3.368586 2.537883
v 4.161712 3.432754 2.791842
v 4.202665 3.524230 3.034640
v 4.163936 3.443274 2.787738
v 4.174738 3.446286 2.785187
v 4.193997 3.531465 3.032420
v 4.232482 3.642852 3.260907
v 4.223672 3.652279 3.261099
v 4.196100 3.541613 3.027411
v 4.206871 3.544528 3.024621
v 4.227051 3.665108 3.263045
v 4.237663 3.667524 3.259185
v 6.015090 3.594117 5.980236
v 6.135799 3.775053 6.137684
v 6.143420 3.777221 6.129350
v 6.022832 3.596467 5.972059
v 6.141266 3.785420 6.121579
v 5.890728 3.447434 5.811914
v 6.021008 3.605160 5.964718
v 6.131491 3.791451 6.122143
v 6.011440 3.611503 5.965554
v 5.898731 3.450090 5.804090
v 5.764053 3.332824 5.635135
v 5.897614 3.459618 5.797707
v 5.888496 3.466491 5.799150
v 5.772322 3.335721 5.627683
v 5.636078 3.247594 5.451893
v 5.771934 3.345908 5.622316
v 5.763276 3.353197 5.624401
v 5.644608 3.250665 5.444813
v 5.507809 3.189032 5.264175
v 5.644931 3.261326 5.440465
v 5.636725 3.268916 5.443197
v 5.516584 3.192214 5.257453
v 5.380243 3.154408 5.073956
v 5.517575 3.203180 5.254083
v 5.509792 3.210963 5.257435
v 5.389239 3.157650 5.067564
v 5.254364 3.140990 4.883192
v 5.390838 3.168781 5.065100
v 5.383441 3.176669 5.069028
v 5.263556 3.144253 4.877098
v 5.131152 3.146051 4.693830
v 5.265697 3.155442 4.875453
v 5.258644 3.163367 4.879902
v 5.140515 3.149307 4.688000
v 5.011578 3.166865 4.507809
v 5.143128 3.160476 4.687083
v 5.136379 3.168389 4.691997
v 5.021090 3.170095 4.502210
v 4.896616 3.200715 4.327065
v 5.024115 3.181193 4.501935
v 5.017629 3.189059 4.507258
v 4.906255 3.203908 4.321667
v 4.787237 3.244889 4.153531
v 4.909638 3.214900 4.321952
v 4.903380 3.222699 4.327636
v 4.796986 3.248037 4.148305
v 4.684412 3.296677 3.989138
v 4.800677 3.258905 4.149081
v 4.794620 3.266623 4.155081
v 4.694255 3.299778 3.984062
v 4.589115 3.353374 3.835822
v 4.698215 3.310510 3.985267
v 4.692331 3.318141 3.991547
v 4.599037 3.356428 3.830875
v 4.469606 3.435158 3.642739
v 4.603230 3.367022 3.832455
v 4.597501 3.374561 3.838983
v 4.479596 3.438488 3.637651
v 4.341909 3.539430 3.435388
v 4.476793 3.454105 3.627776
v 4.462564 3.467937 3.620737
v 4.349658 3.544598 3.426814
v 4.259610 3.615947 3.303136
v 4.348510 3.559884 3.419726
v 4.331493 3.577257 3.408203
v 4.269729 3.618851 3.298507
v 4.232482 3.642852 3.260907
v 4.243095 3.645268 3.257048
v 4.246589 3.655406 3.257762
v 4.269649 3.635805 3.308965
v 4.237663 3.667524 3.259185
v 6.011440 3.611503 5.965554
v 6.131491 3.791451 6.122143
v 6.123869 3.789284 6.130477
v 6.003698 3.609154 5.973731
v 6.126023 3.781085 6.138248
v 5.888496 3.466491 5.799150
v 6.005523 3.600461 5.981071
v 6.135799 3.775053 6.137684
v 6.015090 3.594117 5.980236
v 5.880494 3.463835 5.806974
v 5.763276 3.353197 5.624401
v 5.881610 3.454307 5.813357
v 5.890728 3.447434 5.811914
v 5.755007 3.350300 5.631854
v 5.636725 3.268916 5.443197
v 5.755395 3.340113 5.637220
v 5.764053 3.332824 5.635135
v 5.628195 3.265845 5.450277
v 5.509792 3.210963 5.257435
v 5.627872 3.255184 5.454624
v 5.636078 3.247594 5.451893
v 5.501019 3.207781 5.264157
v 5.383441 3.176669 5.069028
v 5.500027 3.196815 5.267527
v 5.507809 3.189032 5.264175
v 5.374446 3.173427 5.075420
v 5.258644 3.163367 4.879902
v 5.372847 3.162296 5.077883
v 5.380243 3.154408 5.073956
v 5.249452 3.160104 4.885996
v 5.136379 3.168389 4.691997
v 5.247312 3.148915 4.887641
v 5.254364 3.140990 4.883192
v 5.127015 3.165132 4.697828
v 5.017629 3.189059 4.507258
v 5.124402 3.153963 4.698744
v 5.131152 3.146051 4.693830
v 5.008117 3.185829 4.512858
v 4.903380 3.222699 4.327636
v 5.005092 3.174732 4.513133
v 5.011578 3.166865 4.507809
v 4.893741 3.219507 4.333035
v 4.794620 3.266623 4.155081
v 4.890358 3.208514 4.332749
v 4.896616 3.200715 4.327065
v 4.784871 3.263475 4.160306
v 4.692331 3.318141 3.991547
v 4.781179 3.252607 4.159531
v 4.787237 3.244889 4.153531
v 4.682489 3.315040 3.996622
v 4.597501 3.374561 3.838983
v 4.678529 3.304307 3.995418
v 4.684412 3.296677 3.989138
v 4.587579 3.371507 3.843930
v 4.462564 3.467937 3.620737
v 4.583386 3.360913 3.842350
v 4.589115 3.353374 3.835822
v 4.467602 3.453926 3.649789
v 4.331493 3.577257 3.408203
v 4.456183 3.448828 3.636614
v 4.469606 3.435158 3.642739
v 4.339022 3.559055 3.441200
v 4.269649 3.635805 3.308965
v 4.328351 3.554076 3.429163
v 4.341909 3.539430 3.435388
v 4.259530 3.632902 3.313594
v 4.237663 3.667524 3.259185
v 4.227051 3.665108 3.263045
v 4.223672 3.652279 3.261099
v 4.259610 3.615947 3.303136
v 4.232482 3.642852 3.260907
v -3.936132 3.614571 1.962500
v -3.934079 3.613076 2.043458
v -3.944180 3.607073 2.043481
v -3.946578 3.608586 1.951407
v -3.944035 3.595330 2.043117
v -3.942314 3.606553 1.861903
v -3.946709 3.596581 1.945222
v -3.933790 3.589590 2.042730
v -3.935242 3.591200 1.976875
v -3.940921 3.585077 1.877483
v -3.954267 3.597549 1.841768
v -3.953663 3.582303 1.756283
v -3.956215 3.582380 1.823733
v -3.949570 3.567687 1.791574
v -3.964712 3.573340 1.751824
v -3.961995 3.547995 1.687829
v -3.965736 3.557301 1.744318
v -3.957128 3.546076 1.732018
v -3.972156 3.541958 1.693509
v -3.967203 3.472179 1.650054
v -3.970740 3.534567 1.701487
v -3.960170 3.527175 1.703078
v -3.977128 3.467049 1.654712
v -3.972982 3.393034 1.591101
v -3.976201 3.459490 1.663602
v -3.965453 3.456431 1.667880
v -3.982942 3.388286 1.595826
v -3.977208 3.345517 1.531814
v -3.982324 3.377420 1.601243
v -3.971591 3.373648 1.604895
v -3.988205 3.327810 1.517101
v -3.980026 3.324817 1.489660
v -3.982990 3.315379 1.444885
v -3.988706 3.315743 1.518434
v -3.977642 3.309607 1.520296
v -3.992984 3.309226 1.445936
v -3.986217 3.319393 1.397606
v -3.992673 3.297375 1.446645
v -3.982368 3.291677 1.446303
v -3.996332 3.313391 1.396890
v -3.989852 3.339524 1.347600
v -3.996259 3.301834 1.394133
v -3.986071 3.296280 1.392094
v -4.000080 3.334142 1.345345
v -3.994028 3.378943 1.294962
v -4.000229 3.323812 1.339540
v -3.990151 3.318865 1.335991
v -4.004342 3.374380 1.291614
v -3.998844 3.440769 1.240305
v -4.004664 3.365686 1.283625
v -3.994673 3.361556 1.278985
v -4.009220 3.436986 1.236267
v -4.004389 3.527833 1.184425
v -4.009665 3.429865 1.226888
v -3.999735 3.426527 1.221547
v -4.014805 3.524703 1.179968
v -4.011165 3.649217 1.124930
v -4.015335 3.518907 1.169738
v -4.005448 3.516240 1.163966
v -4.021511 3.645305 1.120792
v -4.002563 3.651315 1.090944
v -4.013460 3.647067 1.089216
v -4.021681 3.634150 1.113186
v -4.011505 3.626907 1.109718
v -4.015945 3.635290 1.091343
v -4.007534 3.627760 1.095196
v -4.011165 3.649217 1.124930
v -4.002563 3.651315 1.090944
v -3.994151 3.643786 1.094797
v -4.000990 3.641974 1.121461
v -3.996636 3.632008 1.096924
v -4.004389 3.527833 1.184425
v -4.001160 3.630819 1.113854
v -4.007534 3.627760 1.095196
v -4.011505 3.626907 1.109718
v -3.994501 3.525166 1.178652
v -3.998844 3.440769 1.240305
v -3.995031 3.519370 1.168423
v -4.005448 3.516240 1.163966
v -3.988914 3.437430 1.234964
v -3.994028 3.378943 1.294962
v -3.989360 3.430310 1.225585
v -3.999735 3.426527 1.221547
v -3.984036 3.374813 1.290322
v -3.989852 3.339524 1.347600
v -3.984359 3.366119 1.282333
v -3.994673 3.361556 1.278985
v -3.979774 3.334577 1.344051
v -3.986217 3.319393 1.397606
v -3.979923 3.324247 1.338246
v -3.990151 3.318865 1.335991
v -3.976029 3.313839 1.395566
v -3.982990 3.315379 1.444885
v -3.975956 3.302282 1.392810
v -3.986071 3.296280 1.392094
v -3.972685 3.309682 1.444543
v -3.980026 3.324817 1.489660
v -3.972374 3.297831 1.445252
v -3.982368 3.291677 1.446303
v -3.968324 3.326259 1.511854
v -3.977208 3.345517 1.531814
v -3.972982 3.393034 1.591101
v -3.966938 3.318501 1.521442
v -3.977642 3.309607 1.520296
v -3.962723 3.386004 1.591025
v -3.967203 3.472179 1.650054
v -3.961419 3.381634 1.602844
v -3.971591 3.373648 1.604895
v -3.956963 3.464874 1.651237
v -3.961995 3.547995 1.687829
v -3.955809 3.460730 1.662302
v -3.965453 3.456431 1.667880
v -3.950849 3.543184 1.691731
v -3.953663 3.582303 1.756283
v -3.949891 3.535684 1.699363
v -3.960170 3.527175 1.703078
v -3.957128 3.546076 1.732018
v -3.946131 3.568060 1.737047
v -3.944237 3.561742 1.752250
v -3.949570 3.567687 1.791574
v -3.936231 3.593066 1.816206
v -3.942314 3.606553 1.861903
v -3.933982 3.585583 1.840089
v -3.940921 3.585077 1.877483
v -3.926478 3.608524 1.943226
v -3.936132 3.614571 1.962500
v -3.934079 3.613076 2.043458
v -3.923834 3.607337 2.043071
v -3.923312 3.596416 2.042559
v -3.927341 3.595669 1.929433
v -3.935242 3.591200 1.976875
v -3.933790 3.589590 2.042730
v -3.992026 3.626884 1.048293
v -4.002563 3.651315 1.090944
v -4.013460 3.647067 1.089216
v -4.003111 3.622046 1.046433
v -4.015945 3.635290 1.091343
v -3.953651 3.468017 0.867065
v -4.006521 3.613120 1.053045
v -4.007534 3.627760 1.095196
v -3.999623 3.609908 1.062805
v -3.962877 3.458011 0.890353
v -3.966702 3.472112 0.875749
v -3.937155 3.413784 0.783633
v -3.969097 3.459092 0.876961
v -3.948399 3.410378 0.783307
v -3.923787 3.381989 0.714427
v -3.951617 3.400197 0.788279
v -3.943592 3.393422 0.793579
v -3.934924 3.378330 0.713549
v -3.910169 3.365458 0.642027
v -3.937798 3.367330 0.716740
v -3.929534 3.359991 0.720810
v -3.921153 3.361612 0.640337
v -3.896423 3.368774 0.566903
v -3.923540 3.350022 0.640943
v -3.914943 3.342277 0.643238
v -3.907222 3.364973 0.564204
v -3.882583 3.396791 0.489018
v -3.909025 3.353524 0.561619
v -3.900029 3.345876 0.561732
v -3.893207 3.393343 0.485337
v -3.868703 3.454998 0.408382
v -3.894461 3.383005 0.479663
v -3.885090 3.376116 0.477668
v -3.879200 3.452086 0.403959
v -3.854707 3.550624 0.324195
v -3.880053 3.443430 0.395954
v -3.870409 3.437686 0.392372
v -3.864525 3.551895 0.315840
v -3.852562 3.570510 0.292635
v -3.865486 3.542903 0.308462
v -3.855422 3.538199 0.303794
v -3.864093 3.571134 0.276207
v -3.867754 3.634421 0.077192
v -3.865778 3.562041 0.267304
v -3.856136 3.556339 0.261435
v -3.869850 3.611632 0.070774
v -3.879783 3.636600 0.051814
v -3.865587 3.663172 -0.002126
v -3.877746 3.656446 -0.010770
v -3.880559 3.627346 0.042130
v -3.867548 3.642732 -0.013634
v -3.999623 3.609908 1.062805
v -4.007534 3.627760 1.095196
v -3.996636 3.632008 1.096924
v -3.987240 3.609943 1.058828
v -3.994151 3.643786 1.094797
v -3.962877 3.458011 0.890353
v -3.983976 3.619423 1.052956
v -4.002563 3.651315 1.090944
v -3.992026 3.626884 1.048293
v -3.951120 3.460070 0.888614
v -3.943592 3.393422 0.793579
v -3.946843 3.466436 0.879004
v -3.953651 3.468017 0.867065
v -3.932348 3.396828 0.793904
v -3.929534 3.359991 0.720810
v -3.929130 3.407009 0.788931
v -3.937155 3.413784 0.783633
v -3.918398 3.363651 0.721688
v -3.914943 3.342277 0.643238
v -3.915524 3.374650 0.718496
v -3.923787 3.381989 0.714427
v -3.903959 3.346123 0.644928
v -3.900029 3.345876 0.561732
v -3.901572 3.357713 0.644322
v -3.910169 3.365458 0.642027
v -3.889229 3.349677 0.564431
v -3.885090 3.376116 0.477668
v -3.887426 3.361126 0.567017
v -3.896423 3.368774 0.566903
v -3.874465 3.379564 0.481348
v -3.870409 3.437686 0.392372
v -3.873211 3.389902 0.487023
v -3.882583 3.396791 0.489018
v -3.859911 3.440598 0.396795
v -3.855422 3.538199 0.303794
v -3.859059 3.449254 0.404801
v -3.868703 3.454998 0.408382
v -3.845243 3.540135 0.309138
v -3.844208 3.549249 0.316576
v -3.854707 3.550624 0.324195
v -3.852562 3.570510 0.292635
v -3.844950 3.558837 0.270808
v -3.856136 3.556339 0.261435
v -3.869850 3.611632 0.070774
v -3.844452 3.571980 0.267473
v -3.867754 3.634421 0.077192
v -3.860547 3.623593 0.048001
v -3.867548 3.642732 -0.013634
v -3.852722 3.651956 -0.007806
v -3.859261 3.636792 0.045169
v -3.865587 3.663172 -0.002126
v -0.330804 2.919877 4.202349
v -0.338428 2.923055 4.191276
v -0.342461 2.906944 4.198062
v -0.336458 2.912936 4.212874
v -0.351711 2.919294 4.190721
v -0.349748 2.909170 4.212328
v -0.357378 2.912351 4.201245
vt -0.526367 0.504395
vt -0.583984 0.504395
vt -0.583984 0.497070
vt -0.526367 0.497070
vt -0.583496 0.489258
vt -0.442383 0.504395
vt -0.526367 0.489746
vt -0.583008 0.481934
vt -0.526367 0.482422
vt -0.441406 0.497070
vt -0.440918 0.489746
vt -0.438721 0.481934
vt -0.208252 0.497070
vt -0.203735 0.504395
vt -0.059875 0.504395
vt -0.203979 0.489746
vt -0.203979 0.481934
vt -0.059967 0.497070
vt -0.060089 0.489746
vt -0.060150 0.481934
vt 0.050903 0.481934
vt 0.049347 0.489746
vt 0.206299 0.481934
vt 0.055359 0.497070
vt 0.056366 0.504395
vt 0.202026 0.489746
vt 0.340820 0.481934
vt 0.209229 0.497070
vt 0.176147 0.504395
vt 0.257324 0.504395
vt 0.340820 0.489746
vt 0.424316 0.481934
vt 0.340820 0.497070
vt 0.340820 0.504395
vt 0.424316 0.489746
vt 0.509766 0.481934
vt 0.424561 0.497070
vt 0.424561 0.504395
vt 0.509766 0.489746
vt 0.595215 0.481934
vt 0.509766 0.497070
vt 0.509766 0.504395
vt 0.595215 0.489746
vt 0.682617 0.481934
vt 0.595215 0.497070
vt 0.595215 0.504395
vt 0.682617 0.489258
vt 0.770020 0.481934
vt 0.682617 0.497070
vt 0.682129 0.504395
vt 0.769531 0.489258
vt 0.860352 0.481934
vt 0.769531 0.497070
vt 0.769531 0.504395
vt 0.860352 0.489258
vt 0.951172 0.481934
vt 0.859863 0.497070
vt 0.859863 0.504395
vt 0.951172 0.489258
vt 1.047852 0.481934
vt 0.950684 0.497070
vt 0.950195 0.504395
vt 1.046875 0.489258
vt 1.144531 0.481934
vt 1.046875 0.497070
vt 1.045898 0.504395
vt 1.142578 0.497070
vt 1.141602 0.504395
vt 1.352539 0.505371
vt 1.143555 0.489258
vt 1.352539 0.497559
vt 1.374023 0.503906
vt 1.374023 0.496582
vt 1.353516 0.489258
vt 1.354492 0.481445
vt 1.374023 0.489746
vt 1.374023 0.482422
vt -0.525879 0.526611
vt -0.583008 0.527344
vt -0.583496 0.519775
vt -0.526367 0.519287
vt -0.583984 0.512207
vt -0.438721 0.526855
vt -0.526367 0.511719
vt -0.583984 0.504395
vt -0.526367 0.504395
vt -0.441650 0.519531
vt -0.440674 0.511963
vt -0.442383 0.504395
vt -0.208374 0.519531
vt -0.203979 0.526855
vt -0.060150 0.526855
vt -0.203735 0.511963
vt -0.203735 0.504395
vt -0.060089 0.519531
vt -0.059937 0.511963
vt -0.059875 0.504395
vt 0.056335 0.504395
vt 0.049530 0.511963
vt 0.176147 0.504395
vt 0.055511 0.519287
vt 0.050873 0.526855
vt 0.202393 0.511963
vt 0.257324 0.504395
vt 0.340820 0.504395
vt 0.208252 0.519287
vt 0.206299 0.526855
vt 0.340820 0.511963
vt 0.424561 0.504395
vt 0.340820 0.519531
vt 0.340576 0.526855
vt 0.424561 0.511963
vt 0.509766 0.504395
vt 0.424316 0.519531
vt 0.424316 0.526855
vt 0.509766 0.511963
vt 0.595215 0.504395
vt 0.509766 0.519531
vt 0.509277 0.526855
vt 0.595215 0.511963
vt 0.682129 0.504395
vt 0.594727 0.519531
vt 0.594727 0.526855
vt 0.682129 0.511963
vt 0.769531 0.504395
vt 0.682129 0.519531
vt 0.682129 0.526855
vt 0.769531 0.511963
vt 0.859863 0.504395
vt 0.769531 0.519531
vt 0.769531 0.526855
vt 0.859863 0.511963
vt 0.950195 0.504395
vt 0.859863 0.519531
vt 0.859863 0.526855
vt 0.950195 0.511963
vt 1.045898 0.504395
vt 0.950195 0.519531
vt 0.950684 0.526855
vt 1.045898 0.511963
vt 1.045898 0.519531
vt 1.046875 0.527100
vt 1.141602 0.504395
vt 1.142578 0.519531
vt 1.143555 0.527100
vt 1.354492 0.527344
vt 1.141602 0.511963
vt 1.354492 0.520020
vt 1.375977 0.526611
vt 1.374023 0.519043
vt 1.353516 0.512939
vt 1.352539 0.505371
vt 1.374023 0.511475
vt 1.374023 0.504150
vt 1.383789 0.504150
vt 1.373047 0.504395
vt 1.373047 0.497559
vt 1.382812 0.497070
vt 1.374023 0.490234
vt 1.399414 0.504395
vt 1.388672 0.489258
vt 1.375000 0.482910
vt 1.386719 0.481934
vt 1.399414 0.496582
vt 1.433594 0.504639
vt 1.424805 0.481934
vt 1.462891 0.497559
vt 1.485352 0.504639
vt 1.549805 0.503906
vt 1.484375 0.489746
vt 1.490234 0.482422
vt 1.547852 0.496582
vt 1.616211 0.503662
vt 1.561523 0.488770
vt 1.561523 0.481445
vt 1.618164 0.496094
vt 1.680664 0.505127
vt 1.619141 0.488770
vt 1.621094 0.481445
vt 1.698242 0.498047
vt 1.706055 0.505371
vt 1.732422 0.504883
vt 1.690430 0.490723
vt 1.675781 0.482910
vt 1.706055 0.482910
vt 1.731445 0.497559
vt 1.760742 0.502686
vt 1.758789 0.494629
vt 1.731445 0.490234
vt 1.730469 0.482422
vt 1.756836 0.487793
vt 1.757812 0.479980
vt 1.732422 0.504883
vt 1.760742 0.502686
vt 1.761719 0.509521
vt 1.732422 0.511963
vt 1.760742 0.519043
vt 1.706055 0.505371
vt 1.732422 0.519287
vt 1.761719 0.526367
vt 1.732422 0.526611
vt 1.696289 0.512939
vt 1.680664 0.505127
vt 1.695312 0.520264
vt 1.706055 0.527344
vt 1.673828 0.527344
vt 1.622070 0.510986
vt 1.616211 0.503418
vt 1.549805 0.504150
vt 1.617188 0.518799
vt 1.621094 0.525879
vt 1.532227 0.511719
vt 1.485352 0.504883
vt 1.549805 0.519043
vt 1.562500 0.526367
vt 1.490234 0.527100
vt 1.455078 0.512451
vt 1.433594 0.504639
vt 1.459961 0.520020
vt 1.424805 0.527588
vt 1.401367 0.512207
vt 1.399414 0.504395
vt 1.382812 0.504150
vt 1.398438 0.519775
vt 1.386719 0.526611
vt 1.384766 0.511475
vt 1.373047 0.503662
vt 1.373047 0.510742
vt 1.382812 0.518311
vt 1.376953 0.525635
vt 1.375000 0.518066
vt -0.486328 1.283936
vt -0.561035 1.283936
vt -0.561035 1.277832
vt -0.486328 1.277588
vt -0.561523 1.271729
vt -0.407715 1.283936
vt -0.486572 1.271240
vt -0.562012 1.265381
vt -0.486572 1.265137
vt -0.420166 1.277588
vt -0.410889 1.271240
vt -0.419922 1.265137
vt -0.325684 1.265137
vt -0.351318 1.277588
vt -0.300781 1.283691
vt -0.243286 1.283691
vt -0.253906 1.271240
vt -0.242554 1.265137
vt -0.243042 1.277588
vt -0.184204 1.283691
vt -0.183472 1.271484
vt -0.183472 1.265137
vt -0.183716 1.277588
vt -0.152954 1.284424
vt -0.152832 1.278076
vt -0.152832 1.271729
vt -0.152710 1.265625
vt -0.486572 1.302734
vt -0.562012 1.302490
vt -0.561523 1.296143
vt -0.486572 1.296387
vt -0.561035 1.290039
vt -0.419678 1.302734
vt -0.486328 1.290283
vt -0.561035 1.283936
vt -0.486328 1.283936
vt -0.419922 1.296387
vt -0.325928 1.302490
vt -0.419922 1.290039
vt -0.407715 1.283936
vt -0.351074 1.296387
vt -0.243042 1.302490
vt -0.326172 1.290039
vt -0.300781 1.283691
vt -0.243164 1.296387
vt -0.184204 1.302734
vt -0.243286 1.290039
vt -0.243286 1.283691
vt -0.184326 1.296387
vt -0.152954 1.302246
vt -0.152954 1.296143
vt -0.184448 1.290039
vt -0.184204 1.283691
vt -0.152954 1.290283
vt -0.152954 1.284424
vt -0.131104 1.283936
vt -0.152954 1.284424
vt -0.152832 1.278076
vt -0.131836 1.277588
vt -0.152832 1.271729
vt -0.027863 1.283936
vt -0.131592 1.271484
vt -0.152710 1.265625
vt -0.133545 1.265137
vt 0.021851 1.277588
vt 0.050903 1.283936
vt 0.143433 1.283936
vt 0.026627 1.271484
vt 0.021362 1.265137
vt 0.143433 1.277588
vt 0.143311 1.271484
vt 0.143188 1.265137
vt 0.219604 1.265137
vt 0.216553 1.271484
vt 0.324707 1.265137
vt 0.221069 1.277588
vt 0.215820 1.283936
vt 0.322510 1.271484
vt 0.441406 1.265137
vt 0.327393 1.277588
vt 0.324951 1.283936
vt 0.439697 1.271484
vt 0.549805 1.265137
vt 0.444824 1.277588
vt 0.440186 1.283936
vt 0.549805 1.271484
vt 0.615723 1.265137
vt 0.549805 1.277588
vt 0.549805 1.283936
vt 0.615723 1.271484
vt 0.687012 1.265137
vt 0.615723 1.277588
vt 0.615723 1.283936
vt 0.687012 1.271484
vt 0.757812 1.265137
vt 0.687012 1.277588
vt 0.687012 1.283936
vt 0.757812 1.271484
vt 0.835938 1.265137
vt 0.757812 1.277588
vt 0.757812 1.283936
vt 0.835938 1.271484
vt 0.913574 1.265137
vt 0.835449 1.277588
vt 0.835938 1.283936
vt 0.913574 1.271484
vt 1.000000 1.265137
vt 0.913574 1.277588
vt 0.913574 1.283936
vt 1.000000 1.271240
vt 1.086914 1.264893
vt 0.999512 1.277588
vt 0.999512 1.283936
vt 1.280273 1.265381
vt 1.280273 1.271484
vt 1.084961 1.277588
vt 1.084961 1.283936
vt 1.280273 1.283203
vt 1.280273 1.277588
vt 1.085938 1.271240
vt -0.133179 1.302734
vt -0.152954 1.302246
vt -0.152954 1.296143
vt -0.131592 1.296387
vt -0.152954 1.290283
vt 0.021561 1.302490
vt -0.130859 1.290283
vt -0.152954 1.284424
vt -0.131226 1.283936
vt 0.021713 1.296387
vt 0.143311 1.302490
vt 0.025864 1.290283
vt -0.027863 1.283936
vt 0.050903 1.283936
vt 0.143311 1.296387
vt 0.143433 1.290039
vt 0.143433 1.283936
vt 0.215820 1.283936
vt 0.217041 1.290283
vt 0.324951 1.283936
vt 0.220825 1.296387
vt 0.219604 1.302490
vt 0.304443 1.290039
vt 0.322998 1.296387
vt 0.324707 1.302490
vt 0.402832 1.290039
vt 0.440186 1.283936
vt 0.438721 1.296387
vt 0.441650 1.302490
vt 0.484131 1.290039
vt 0.549805 1.283936
vt 0.549805 1.296387
vt 0.549805 1.302490
vt 0.549805 1.290039
vt 0.615723 1.283936
vt 0.615723 1.296387
vt 0.615723 1.302734
vt 0.615723 1.290039
vt 0.687012 1.283936
vt 0.687012 1.296387
vt 0.687012 1.302734
vt 0.687012 1.290039
vt 0.757812 1.283936
vt 0.758301 1.296387
vt 0.758301 1.302734
vt 0.758301 1.290039
vt 0.835938 1.283936
vt 0.836426 1.296387
vt 0.836426 1.302734
vt 0.835938 1.290039
vt 0.913574 1.283936
vt 0.914062 1.296387
vt 0.914551 1.302734
vt 0.913574 1.290039
vt 0.999512 1.283936
vt 1.000977 1.296387
vt 1.000977 1.302734
vt 1.000000 1.290039
vt 1.084961 1.283936
vt 1.086914 1.296387
vt 1.087891 1.302734
vt 1.280273 1.301514
vt 1.280273 1.295410
vt 1.085938 1.290039
vt 1.280273 1.289062
vt 1.280273 1.283203
vt 1.336914 1.283447
vt 1.280273 1.283203
vt 1.280273 1.277588
vt 1.336914 1.277100
vt 1.280273 1.271484
vt 1.400391 1.283936
vt 1.378906 1.270996
vt 1.280273 1.265381
vt 1.335938 1.264404
vt 1.400391 1.277588
vt 1.470703 1.283936
vt 1.400391 1.265137
vt 1.470703 1.277588
vt 1.544922 1.283936
vt 1.470703 1.271484
vt 1.470703 1.265137
vt 1.544922 1.277588
vt 1.621094 1.283936
vt 1.544922 1.271484
vt 1.544922 1.265137
vt 1.621094 1.277588
vt 1.699219 1.283936
vt 1.621094 1.271484
vt 1.621094 1.265137
vt 1.699219 1.277588
vt 1.738281 1.283691
vt 1.739258 1.277832
vt 1.699219 1.271240
vt 1.700195 1.265137
vt 1.739258 1.271729
vt 1.739258 1.265381
vt 1.334961 1.302490
vt 1.280273 1.301514
vt 1.280273 1.295410
vt 1.334961 1.296143
vt 1.280273 1.289062
vt 1.399414 1.302734
vt 1.375977 1.290283
vt 1.280273 1.283203
vt 1.336914 1.283447
vt 1.399414 1.296631
vt 1.469727 1.302734
vt 1.400391 1.283936
vt 1.469727 1.296387
vt 1.543945 1.302734
vt 1.470703 1.290283
vt 1.470703 1.283936
vt 1.543945 1.296387
vt 1.621094 1.302734
vt 1.543945 1.290283
vt 1.544922 1.283936
vt 1.621094 1.296387
vt 1.700195 1.302734
vt 1.621094 1.290283
vt 1.621094 1.283936
vt 1.700195 1.296387
vt 1.739258 1.302246
vt 1.739258 1.295898
vt 1.699219 1.290283
vt 1.699219 1.283936
vt 1.739258 1.289795
vt 1.738281 1.283691
vt -0.834473 1.105286
vt -0.984375 1.105286
vt -0.984375 1.098572
vt -0.834473 1.098572
vt -0.984375 1.091858
vt -0.683594 1.105286
vt -0.834473 1.091797
vt -0.984375 1.085144
vt -0.834473 1.085083
vt -0.683594 1.098572
vt -0.532227 1.105286
vt -0.683594 1.091797
vt -0.683594 1.085083
vt -0.532227 1.098572
vt -0.380371 1.105286
vt -0.532227 1.091797
vt -0.532227 1.085083
vt -0.380371 1.098572
vt -0.227539 1.105286
vt -0.380371 1.091797
vt -0.380371 1.085083
vt -0.227661 1.098572
vt -0.227661 1.091797
vt -0.227661 1.085083
vt -0.113586 1.085144
vt -0.116577 1.091980
vt 0.034088 1.085083
vt -0.110168 1.098572
vt -0.121765 1.105286
vt 0.029816 1.091797
vt 0.162842 1.085083
vt 0.035889 1.098450
vt 0.024796 1.105286
vt 0.162842 1.091797
vt 0.296387 1.085144
vt 0.162842 1.098572
vt 0.162842 1.105286
vt 0.294922 1.091919
vt 0.407715 1.085083
vt 0.301025 1.098572
vt 0.242798 1.105286
vt 0.325195 1.105286
vt 0.407715 1.091797
vt 0.493896 1.085083
vt 0.407715 1.098572
vt 0.407715 1.105286
vt 0.493652 1.091797
vt 0.579590 1.085083
vt 0.493652 1.098572
vt 0.493652 1.105286
vt 0.579590 1.091797
vt 0.670410 1.085022
vt 0.579590 1.098572
vt 0.579102 1.105286
vt 0.669922 1.091797
vt 0.760742 1.085022
vt 0.669922 1.098511
vt 0.669434 1.105286
vt 0.760254 1.091797
vt 0.856934 1.085022
vt 0.760254 1.098511
vt 0.759766 1.105286
vt 0.856445 1.091736
vt 0.953125 1.085022
vt 0.855957 1.098511
vt 0.855469 1.105286
vt 0.952637 1.091736
vt 1.157227 1.085876
vt 1.157227 1.092590
vt 1.157227 1.099182
vt 0.951660 1.098511
vt 0.951172 1.105286
vt 1.157227 1.105408
vt -0.834473 1.125488
vt -0.984375 1.125366
vt -0.984375 1.118713
vt -0.834473 1.118774
vt -0.984375 1.112000
vt -0.683594 1.125488
vt -0.834473 1.112000
vt -0.984375 1.105286
vt -0.834473 1.105286
vt -0.683594 1.118774
vt -0.532227 1.125488
vt -0.683594 1.112000
vt -0.683594 1.105286
vt -0.532227 1.118774
vt -0.380371 1.125488
vt -0.532227 1.112000
vt -0.532227 1.105286
vt -0.380371 1.118774
vt -0.227661 1.125488
vt -0.380371 1.112000
vt -0.380371 1.105286
vt -0.227661 1.118774
vt -0.227661 1.112000
vt -0.227539 1.105286
vt -0.121765 1.105347
vt -0.118347 1.112000
vt 0.024765 1.105347
vt -0.110107 1.118591
vt -0.113647 1.125366
vt 0.029953 1.112000
vt 0.162842 1.105286
vt 0.035858 1.118652
vt 0.033997 1.125366
vt 0.162842 1.112000
vt 0.242798 1.105286
vt 0.162842 1.118774
vt 0.162842 1.125488
vt 0.294678 1.112122
vt 0.325195 1.105286
vt 0.407715 1.105286
vt 0.301025 1.118774
vt 0.296387 1.125366
vt 0.407715 1.112000
vt 0.493652 1.105286
vt 0.407715 1.118774
vt 0.407715 1.125488
vt 0.493652 1.112000
vt 0.579102 1.105286
vt 0.493652 1.118774
vt 0.493652 1.125488
vt 0.579102 1.112000
vt 0.669434 1.105286
vt 0.579590 1.118774
vt 0.579590 1.125488
vt 0.669434 1.112061
vt 0.759766 1.105286
vt 0.669922 1.118774
vt 0.669922 1.125488
vt 0.759766 1.112061
vt 0.855469 1.105286
vt 0.760254 1.118774
vt 0.760254 1.125488
vt 0.855469 1.112061
vt 0.951172 1.105286
vt 0.855957 1.118835
vt 0.856445 1.125488
vt 0.951172 1.112061
vt 1.157227 1.105408
vt 1.157227 1.111572
vt 1.157227 1.117981
vt 0.952148 1.118835
vt 0.952637 1.125610
vt 1.157227 1.124695
vt 1.192383 1.105408
vt 1.157227 1.105408
vt 1.157227 1.099182
vt 1.205078 1.098389
vt 1.157227 1.092590
vt 1.279297 1.105347
vt 1.204102 1.091492
vt 1.157227 1.085876
vt 1.190430 1.084717
vt 1.243164 1.084900
vt 1.310547 1.098511
vt 1.390625 1.105286
vt 1.310547 1.091736
vt 1.310547 1.085022
vt 1.389648 1.098511
vt 1.478516 1.105286
vt 1.389648 1.091797
vt 1.389648 1.085022
vt 1.478516 1.098572
vt 1.573242 1.105286
vt 1.478516 1.091797
vt 1.478516 1.085083
vt 1.572266 1.098572
vt 1.669922 1.105286
vt 1.621094 1.092285
vt 1.572266 1.085083
vt 1.669922 1.098999
vt 1.767578 1.105286
vt 1.669922 1.085693
vt 1.824219 1.098145
vt 1.862305 1.105286
vt 1.951172 1.105225
vt 1.822266 1.091309
vt 1.767578 1.084412
vt 1.862305 1.085083
vt 1.951172 1.098511
vt 2.031250 1.105103
vt 1.992188 1.091797
vt 1.951172 1.085022
vt 2.031250 1.098389
vt 2.099609 1.105103
vt 2.031250 1.084839
vt 2.099609 1.098328
vt 2.156250 1.106384
vt 2.156250 1.099731
vt 2.101562 1.091614
vt 2.101562 1.084839
vt 2.158203 1.093018
vt 2.158203 1.086243
vt 1.190430 1.126221
vt 1.157227 1.124695
vt 1.157227 1.117981
vt 1.203125 1.119324
vt 1.244141 1.125732
vt 1.157227 1.111572
vt 1.311523 1.125488
vt 1.205078 1.112427
vt 1.157227 1.105408
vt 1.192383 1.105408
vt 1.279297 1.105164
vt 1.311523 1.118774
vt 1.390625 1.125488
vt 1.311523 1.112000
vt 1.390625 1.118713
vt 1.478516 1.125488
vt 1.390625 1.112000
vt 1.390625 1.105286
vt 1.478516 1.118774
vt 1.573242 1.125488
vt 1.478516 1.112000
vt 1.478516 1.105286
vt 1.573242 1.118713
vt 1.669922 1.124878
vt 1.621094 1.111633
vt 1.573242 1.105286
vt 1.669922 1.118103
vt 1.767578 1.126099
vt 1.669922 1.105286
vt 1.823242 1.119263
vt 1.862305 1.125488
vt 1.951172 1.125366
vt 1.820312 1.112244
vt 1.767578 1.105286
vt 1.862305 1.105286
vt 1.951172 1.118713
vt 2.031250 1.125366
vt 1.993164 1.111938
vt 1.951172 1.105225
vt 2.031250 1.118652
vt 2.099609 1.125488
vt 2.031250 1.105103
vt 2.099609 1.118774
vt 2.156250 1.126221
vt 2.156250 1.119507
vt 2.099609 1.111938
vt 2.099609 1.105103
vt 2.156250 1.112915
vt 2.156250 1.106384
vt -0.663086 0.917908
vt -0.721191 0.916077
vt -0.720703 0.909912
vt -0.648926 0.912109
vt -0.640137 0.918213
vt -0.720703 0.903870
vt -0.623535 0.917908
vt -0.663086 0.905457
vt -0.720703 0.897827
vt -0.663086 0.899475
vt -0.621094 0.911804
vt -0.600098 0.917114
vt -0.632324 0.905823
vt -0.641113 0.899841
vt -0.623535 0.899719
vt -0.604004 0.904358
vt -0.579590 0.897949
vt -0.572754 0.910645
vt -0.564941 0.917053
vt -0.520996 0.917114
vt -0.527344 0.903442
vt -0.521484 0.897461
vt -0.520996 0.910706
vt -0.472412 0.917297
vt -0.473389 0.904114
vt -0.473633 0.897949
vt -0.472900 0.911011
vt -0.419678 0.917358
vt -0.419922 0.911255
vt -0.362549 0.917419
vt -0.420898 0.904602
vt -0.421143 0.898499
vt -0.362793 0.911377
vt -0.301758 0.917419
vt -0.363525 0.905029
vt -0.364014 0.898987
vt -0.302002 0.911438
vt -0.238037 0.917419
vt -0.302490 0.905334
vt -0.302490 0.899292
vt -0.238037 0.911438
vt -0.172852 0.917480
vt -0.238159 0.905396
vt -0.238159 0.899353
vt -0.172607 0.911499
vt -0.106445 0.917542
vt -0.172241 0.905334
vt -0.171997 0.899292
vt -0.106018 0.911438
vt -0.038971 0.917664
vt -0.105164 0.905029
vt -0.104797 0.898987
vt -0.038422 0.911438
vt 0.030396 0.917603
vt -0.037445 0.904602
vt -0.037048 0.898438
vt 0.030792 0.911255
vt 0.103760 0.917358
vt 0.031555 0.904053
vt 0.031891 0.897888
vt 0.103882 0.910889
vt 0.185669 0.916748
vt 0.104370 0.903625
vt 0.104614 0.897461
vt 0.185669 0.910339
vt 0.186768 0.903442
vt 0.187378 0.897278
vt 0.270752 0.897766
vt 0.270264 0.903931
vt 0.295166 0.899231
vt 0.293701 0.905884
vt 0.270264 0.909851
vt 0.292480 0.911865
vt 0.271240 0.916199
vt 0.292236 0.916748
vt -0.664062 0.936340
vt -0.722656 0.934692
vt -0.722656 0.928589
vt -0.649414 0.930725
vt -0.641113 0.936218
vt -0.722168 0.922302
vt -0.622070 0.936035
vt -0.663574 0.924133
vt -0.721191 0.916077
vt -0.663086 0.917908
vt -0.621094 0.929993
vt -0.578613 0.936340
vt -0.630859 0.923828
vt -0.640137 0.918213
vt -0.623535 0.917908
vt -0.603027 0.923279
vt -0.600098 0.917358
vt -0.573730 0.930420
vt -0.521484 0.936768
vt -0.565430 0.923279
vt -0.564941 0.917053
vt -0.521484 0.930420
vt -0.473877 0.936584
vt -0.520996 0.923340
vt -0.520996 0.917114
vt -0.473633 0.930237
vt -0.421387 0.936218
vt -0.472900 0.923401
vt -0.472412 0.917297
vt -0.420898 0.930054
vt -0.364014 0.935852
vt -0.419922 0.923401
vt -0.419678 0.917358
vt -0.363525 0.929749
vt -0.302490 0.935547
vt -0.362793 0.923401
vt -0.362549 0.917419
vt -0.302246 0.929504
vt -0.238159 0.935486
vt -0.301758 0.923401
vt -0.301758 0.917419
vt -0.238037 0.929443
vt -0.171997 0.935608
vt -0.238037 0.923462
vt -0.238037 0.917419
vt -0.172241 0.929565
vt -0.104614 0.936157
vt -0.172607 0.923462
vt -0.172852 0.917480
vt -0.105164 0.929993
vt -0.036743 0.936829
vt -0.106079 0.923584
vt -0.106445 0.917542
vt -0.037354 0.930542
vt 0.032379 0.937317
vt -0.038452 0.923706
vt -0.038971 0.917664
vt 0.031860 0.930969
vt 0.105347 0.937195
vt 0.030914 0.923767
vt 0.030396 0.917603
vt 0.104980 0.930786
vt 0.188110 0.936157
vt 0.104248 0.923523
vt 0.103760 0.917358
vt 0.187866 0.929871
vt 0.270508 0.934570
vt 0.186646 0.923035
vt 0.185669 0.916748
vt 0.271240 0.928955
vt 0.294189 0.933044
vt 0.294189 0.927612
vt 0.270508 0.923462
vt 0.271240 0.916199
vt 0.293457 0.922791
vt 0.292236 0.916748
vt 0.320312 0.916443
vt 0.292236 0.916748
vt 0.292480 0.911865
vt 0.321777 0.910034
vt 0.293701 0.905884
vt 0.387451 0.915588
vt 0.327393 0.902893
vt 0.295166 0.899231
vt 0.330566 0.896118
vt 0.387451 0.909485
vt 0.489746 0.918640
vt 0.386963 0.903442
vt 0.386230 0.897461
vt 0.489990 0.912659
vt 0.595703 0.915588
vt 0.489746 0.906616
vt 0.489746 0.900574
vt 0.596191 0.909485
vt 0.705566 0.917908
vt 0.596191 0.903381
vt 0.596191 0.897339
vt 0.706055 0.912048
vt 0.819336 0.914917
vt 0.706055 0.906189
vt 0.706055 0.900208
vt 0.819336 0.908813
vt 0.937012 0.917480
vt 0.819336 0.902649
vt 0.819336 0.896545
vt 0.937012 0.911499
vt 1.058594 0.920166
vt 0.937012 0.905518
vt 0.937012 0.899475
vt 1.058594 0.914307
vt 1.184570 0.916870
vt 1.058594 0.908447
vt 1.058594 0.902466
vt 1.184570 0.910767
vt 1.314453 0.919739
vt 1.184570 0.904602
vt 1.184570 0.898499
vt 1.314453 0.913818
vt 1.451172 0.916016
vt 1.314453 0.907898
vt 1.314453 0.901917
vt 1.451172 0.909973
vt 1.592773 0.919678
vt 1.451172 0.903809
vt 1.451172 0.897766
vt 1.592773 0.913757
vt 1.741211 0.915405
vt 1.592773 0.907776
vt 1.592773 0.901733
vt 1.742188 0.909363
vt 1.899414 0.919983
vt 1.899414 0.914001
vt 1.742188 0.903259
vt 1.742188 0.897217
vt 1.899414 0.908020
vt 1.900391 0.902039
vt 0.293457 0.922791
vt 0.292236 0.916748
vt 0.320312 0.916443
vt 0.323486 0.923462
vt 0.294189 0.927612
vt 0.387451 0.915588
vt 0.328857 0.930115
vt 0.294189 0.933044
vt 0.330322 0.935303
vt 0.386719 0.921814
vt 0.385986 0.927917
vt 0.385986 0.933899
vt 0.489258 0.937012
vt 0.489502 0.930908
vt 0.595703 0.933350
vt 0.489502 0.924744
vt 0.489746 0.918640
vt 0.595703 0.927429
vt 0.705566 0.936340
vt 0.595703 0.921509
vt 0.595703 0.915588
vt 0.705566 0.930237
vt 0.819336 0.932556
vt 0.705566 0.924011
vt 0.705566 0.917908
vt 0.819336 0.926636
vt 0.937012 0.935547
vt 0.819336 0.920776
vt 0.819336 0.914917
vt 0.937012 0.929504
vt 1.058594 0.938538
vt 0.937012 0.923462
vt 0.937012 0.917480
vt 1.058594 0.932495
vt 1.184570 0.934570
vt 1.058594 0.926270
vt 1.058594 0.920166
vt 1.184570 0.928589
vt 1.314453 0.937958
vt 1.184570 0.922791
vt 1.184570 0.916870
vt 1.314453 0.931946
vt 1.451172 0.933838
vt 1.314453 0.925781
vt 1.314453 0.919739
vt 1.451172 0.927856
vt 1.592773 0.937805
vt 1.451172 0.921936
vt 1.451172 0.916016
vt 1.592773 0.931763
vt 1.742188 0.933289
vt 1.592773 0.925720
vt 1.592773 0.919678
vt 1.742188 0.927246
vt 1.899414 0.937958
vt 1.899414 0.932007
vt 1.742188 0.921326
vt 1.741211 0.915405
vt 1.899414 0.925964
vt 1.899414 0.919983
vt -0.963379 0.224121
vt -1.025391 0.222656
vt -1.025391 0.216309
vt -0.963379 0.217285
vt -1.025391 0.209473
vt -0.908203 0.224609
vt -0.963379 0.210449
vt -1.025391 0.203125
vt -0.963379 0.204102
vt -0.908203 0.217773
vt -0.858398 0.224609
vt -0.908203 0.210938
vt -0.908203 0.204102
vt -0.858398 0.217773
vt -0.812988 0.224609
vt -0.858398 0.210938
vt -0.858398 0.204102
vt -0.812988 0.217773
vt -0.770996 0.224609
vt -0.812988 0.210938
vt -0.812988 0.204590
vt -0.770996 0.217773
vt -0.731445 0.225098
vt -0.770996 0.210938
vt -0.770996 0.204590
vt -0.731445 0.217773
vt -0.693848 0.224609
vt -0.731445 0.210938
vt -0.731445 0.204102
vt -0.679199 0.218262
vt -0.656738 0.224609
vt -0.620605 0.225098
vt -0.693848 0.211426
vt -0.693848 0.205078
vt -0.620605 0.218262
vt -0.565430 0.224609
vt -0.656738 0.211426
vt -0.656738 0.204590
vt -0.571289 0.218262
vt -0.516113 0.223145
vt -0.621094 0.211426
vt -0.621094 0.204590
vt -0.516602 0.216309
vt -0.480957 0.221680
vt -0.480957 0.215820
vt -0.568359 0.211426
vt -0.570312 0.204590
vt -0.515625 0.208984
vt -0.480957 0.209961
vt -0.514648 0.202148
vt -0.480713 0.203613
vt -0.964355 0.244629
vt -1.026367 0.242676
vt -1.026367 0.235840
vt -0.964355 0.237793
vt -1.025391 0.229004
vt -0.908691 0.244629
vt -0.963867 0.230957
vt -1.025391 0.222656
vt -0.963379 0.224121
vt -0.908691 0.237793
vt -0.858398 0.244629
vt -0.908203 0.231445
vt -0.908203 0.224609
vt -0.858398 0.238281
vt -0.812988 0.244629
vt -0.858398 0.231445
vt -0.858398 0.224609
vt -0.812988 0.238281
vt -0.770996 0.245117
vt -0.812988 0.231445
vt -0.812988 0.224609
vt -0.770996 0.238281
vt -0.731445 0.245605
vt -0.770996 0.231445
vt -0.770996 0.224609
vt -0.731445 0.238770
vt -0.693359 0.244629
vt -0.731445 0.231934
vt -0.731445 0.225098
vt -0.678711 0.237793
vt -0.656250 0.245117
vt -0.620117 0.245117
vt -0.675781 0.231445
vt -0.693848 0.224609
vt -0.656738 0.224609
vt -0.620117 0.238770
vt -0.568359 0.245605
vt -0.620605 0.231934
vt -0.620605 0.225098
vt -0.569824 0.238770
vt -0.511230 0.243652
vt -0.567383 0.231934
vt -0.565430 0.225098
vt -0.512207 0.236816
vt -0.480225 0.241699
vt -0.480469 0.234863
vt -0.514160 0.230469
vt -0.516113 0.223145
vt -0.480713 0.228027
vt -0.480957 0.221680
vt -0.339111 0.223633
vt -0.480957 0.221680
vt -0.480957 0.215820
vt -0.338623 0.216797
vt -0.480957 0.209961
vt -0.193359 0.224609
vt -0.339600 0.209961
vt -0.480713 0.203613
vt -0.340332 0.203125
vt -0.192993 0.217773
vt -0.041534 0.224609
vt -0.193115 0.210938
vt -0.193237 0.204102
vt -0.041321 0.217773
vt 0.114746 0.224121
vt -0.041260 0.210938
vt -0.041290 0.204102
vt 0.114868 0.217773
vt 0.274414 0.224121
vt 0.114929 0.210938
vt 0.114929 0.204102
vt 0.315186 0.217773
vt 0.383545 0.224609
vt 0.274658 0.210938
vt 0.274658 0.204102
vt 0.389893 0.204102
vt 0.355957 0.210938
vt 0.488525 0.210938
vt 0.542969 0.204590
vt 0.494629 0.217773
vt 0.519531 0.224121
vt 0.661621 0.211426
vt 0.686035 0.204102
vt 0.769531 0.203613
vt 0.666992 0.217773
vt 0.602051 0.224121
vt 0.686035 0.224121
vt 0.826172 0.210449
vt 0.854492 0.203613
vt 0.938965 0.204102
vt 0.833008 0.217285
vt 0.769531 0.224609
vt 0.854492 0.224609
vt 0.938965 0.210938
vt 1.025391 0.204102
vt 1.000977 0.217773
vt 0.938965 0.224121
vt 1.025391 0.210938
vt 1.111328 0.204102
vt 1.025391 0.224121
vt 1.111328 0.210938
vt 1.199219 0.204102
vt 1.174805 0.217773
vt 1.111328 0.224121
vt 1.199219 0.210938
vt 1.287109 0.204102
vt 1.199219 0.224121
vt 1.287109 0.210938
vt 1.287109 0.217773
vt 1.287109 0.224121
vt 1.467773 0.224121
vt 1.467773 0.217285
vt 1.655273 0.223633
vt 1.655273 0.217285
vt 1.468750 0.210449
vt 1.655273 0.210938
vt 1.468750 0.204102
vt 1.655273 0.204590
vt -0.342773 0.244141
vt -0.480225 0.241699
vt -0.480469 0.234863
vt -0.342285 0.237305
vt -0.480713 0.228027
vt -0.195068 0.244629
vt -0.340820 0.230469
vt -0.480957 0.221680
vt -0.339111 0.223633
vt -0.194702 0.237793
vt -0.042419 0.244629
vt -0.194092 0.231445
vt -0.193359 0.224609
vt -0.042267 0.237793
vt 0.114258 0.244629
vt -0.041931 0.231445
vt -0.041534 0.224609
vt 0.114319 0.237793
vt 0.274170 0.244629
vt 0.114502 0.230957
vt 0.114746 0.224121
vt 0.315186 0.237793
vt 0.389404 0.244629
vt 0.274414 0.230957
vt 0.274414 0.224121
vt 0.383545 0.224121
vt 0.355713 0.230957
vt 0.488037 0.230957
vt 0.519531 0.224121
vt 0.602051 0.224121
vt 0.494385 0.237793
vt 0.542969 0.244141
vt 0.661133 0.230957
vt 0.686035 0.224121
vt 0.769531 0.224609
vt 0.666992 0.237305
vt 0.685547 0.244629
vt 0.825684 0.231934
vt 0.854492 0.224609
vt 0.938965 0.224121
vt 0.833008 0.238281
vt 0.769531 0.245117
vt 0.854492 0.245117
vt 0.938965 0.230957
vt 1.025391 0.224121
vt 1.001953 0.237793
vt 0.939453 0.244629
vt 1.025391 0.230957
vt 1.111328 0.224121
vt 1.025391 0.244629
vt 1.111328 0.230957
vt 1.199219 0.224121
vt 1.175781 0.237793
vt 1.111328 0.244629
vt 1.199219 0.230957
vt 1.287109 0.224121
vt 1.200195 0.244629
vt 1.287109 0.230957
vt 1.288086 0.237793
vt 1.288086 0.244629
vt 1.469727 0.244629
vt 1.469727 0.237793
vt 1.656250 0.243164
vt 1.656250 0.236816
vt 1.467773 0.230957
vt 1.655273 0.229980
vt 1.467773 0.224121
vt 1.655273 0.223633
vt 1.708984 0.224121
vt 1.655273 0.223633
vt 1.655273 0.217285
vt 1.748047 0.217285
vt 1.766602 0.224609
vt 1.655273 0.210938
vt 1.833984 0.224609
vt 1.757812 0.210449
vt 1.655273 0.204590
vt 1.707031 0.203613
vt 1.766602 0.204102
vt 1.833984 0.217773
vt 1.913086 0.224609
vt 1.833984 0.210938
vt 1.833984 0.204102
vt 1.913086 0.217773
vt 2.007812 0.224609
vt 1.913086 0.210938
vt 1.913086 0.204590
vt 2.007812 0.217773
vt 2.126953 0.224609
vt 2.007812 0.210938
vt 2.007812 0.204102
vt 2.126953 0.217773
vt 2.197266 0.223633
vt 2.195312 0.216797
vt 2.126953 0.210938
vt 2.126953 0.204102
vt 2.197266 0.210449
vt 2.197266 0.203613
vt 1.706055 0.244629
vt 1.656250 0.243164
vt 1.656250 0.236816
vt 1.745117 0.238281
vt 1.765625 0.244629
vt 1.655273 0.229980
vt 1.833008 0.245117
vt 1.757812 0.231445
vt 1.655273 0.223633
vt 1.708984 0.224121
vt 1.766602 0.224609
vt 1.833008 0.238281
vt 1.913086 0.245117
vt 1.833984 0.231445
vt 1.833984 0.224609
vt 1.913086 0.238281
vt 2.007812 0.244629
vt 1.913086 0.231445
vt 1.913086 0.224609
vt 2.007812 0.237793
vt 2.126953 0.244629
vt 2.007812 0.231445
vt 2.007812 0.224609
vt 2.126953 0.237793
vt 2.197266 0.243652
vt 2.197266 0.236816
vt 2.126953 0.230957
vt 2.126953 0.224609
vt 2.197266 0.229980
vt 2.197266 0.223633
vt -0.716797 0.077637
vt -0.744629 0.077148
vt -0.743652 0.070801
vt -0.716797 0.071289
vt -0.742188 0.064453
vt -0.669434 0.077148
vt -0.716797 0.064941
vt -0.742188 0.058594
vt -0.716797 0.059082
vt -0.673340 0.070801
vt -0.604980 0.075684
vt -0.666992 0.064453
vt -0.676758 0.058594
vt -0.608398 0.069336
vt -0.586426 0.074219
vt -0.606445 0.062988
vt -0.604492 0.056641
vt -0.586914 0.068359
vt -0.456787 0.075684
vt -0.588379 0.062500
vt -0.589355 0.056641
vt -0.457275 0.069336
vt -0.458496 0.062988
vt -0.458984 0.056641
vt -0.405762 0.069336
vt -0.405518 0.075684
vt -0.354004 0.075684
vt -0.406494 0.062988
vt -0.406982 0.056641
vt -0.354980 0.057129
vt -0.324219 0.069336
vt -0.311768 0.075684
vt -0.269531 0.075684
vt -0.323486 0.062988
vt -0.312500 0.057129
vt -0.269775 0.056641
vt -0.269775 0.069336
vt -0.245605 0.062988
vt -0.232300 0.056641
vt -0.194702 0.056641
vt -0.232300 0.069336
vt -0.232422 0.075684
vt -0.195068 0.075684
vt -0.194946 0.069336
vt -0.170044 0.062988
vt -0.158813 0.057129
vt -0.122803 0.057129
vt -0.148682 0.069336
vt -0.159302 0.075684
vt -0.123535 0.075684
vt -0.098389 0.063477
vt -0.086609 0.057129
vt -0.050415 0.057129
vt -0.086975 0.069336
vt -0.087402 0.075684
vt -0.051239 0.075684
vt -0.026978 0.063477
vt 0.003277 0.057129
vt -0.025436 0.069824
vt 0.002972 0.075684
vt 0.043854 0.063477
vt 0.080505 0.057129
vt 0.064575 0.069824
vt 0.078003 0.075684
vt 0.164795 0.075684
vt 0.126831 0.062988
vt 0.165894 0.056641
vt 0.166382 0.069336
vt 0.285400 0.076660
vt 0.278076 0.063965
vt 0.274902 0.058105
vt 0.280273 0.070801
vt 0.316895 0.078613
vt 0.318115 0.066406
vt 0.318115 0.060059
vt 0.317627 0.072266
vt 0.337646 0.079590
vt 0.337402 0.072754
vt 0.337158 0.066406
vt 0.337158 0.060059
vt -0.716309 0.096191
vt -0.742676 0.095703
vt -0.744141 0.089844
vt -0.716309 0.089844
vt -0.745117 0.083496
vt -0.675781 0.096191
vt -0.716309 0.083496
vt -0.744629 0.077148
vt -0.716797 0.077637
vt -0.671875 0.089844
vt -0.601562 0.093750
vt -0.666016 0.083496
vt -0.669434 0.077148
vt -0.604492 0.087891
vt -0.587891 0.092773
vt -0.604492 0.082031
vt -0.605469 0.075684
vt -0.587891 0.086426
vt -0.458252 0.094727
vt -0.586914 0.080078
vt -0.586426 0.074219
vt -0.457764 0.088379
vt -0.406494 0.094727
vt -0.457031 0.082031
vt -0.456787 0.075684
vt -0.405518 0.075684
vt -0.405518 0.082031
vt -0.406006 0.088379
vt -0.330078 0.082031
vt -0.354004 0.075684
vt -0.311768 0.075684
vt -0.354492 0.088379
vt -0.354492 0.094727
vt -0.312256 0.094727
vt -0.312012 0.088379
vt -0.250732 0.082031
vt -0.269531 0.075684
vt -0.232422 0.075684
vt -0.269775 0.088379
vt -0.269775 0.094238
vt -0.232666 0.094238
vt -0.232666 0.088379
vt -0.175415 0.082031
vt -0.195068 0.075684
vt -0.159302 0.075684
vt -0.174805 0.088379
vt -0.195435 0.094238
vt -0.159668 0.094238
vt -0.104187 0.082031
vt -0.123535 0.075684
vt -0.087402 0.075684
vt -0.103760 0.088379
vt -0.123962 0.094238
vt -0.087830 0.094727
vt -0.030609 0.082031
vt -0.051239 0.075684
vt 0.002863 0.075684
vt -0.031830 0.088379
vt -0.051788 0.094727
vt 0.001834 0.094727
vt 0.042358 0.082031
vt 0.078003 0.075684
vt 0.038116 0.088379
vt 0.078918 0.094727
vt 0.125244 0.082031
vt 0.164795 0.075684
vt 0.130737 0.087891
vt 0.163940 0.094238
vt 0.271973 0.095703
vt 0.305908 0.083496
vt 0.285400 0.076660
vt 0.278320 0.089844
vt 0.316162 0.097168
vt 0.316895 0.078613
vt 0.315918 0.091309
vt 0.337891 0.097168
vt 0.337891 0.091309
vt 0.337891 0.085449
vt 0.337646 0.079590
vt 0.358887 0.077148
vt 0.337646 0.079590
vt 0.337402 0.072754
vt 0.356934 0.071289
vt 0.337158 0.066406
vt 0.462402 0.075195
vt 0.357178 0.064941
vt 0.337158 0.060059
vt 0.351318 0.058594
vt 0.461914 0.068848
vt 0.541992 0.075684
vt 0.461670 0.062500
vt 0.461426 0.056641
vt 0.541504 0.069336
vt 0.635742 0.075684
vt 0.541504 0.062988
vt 0.541016 0.056641
vt 0.635254 0.069336
vt 0.669434 0.063477
vt 0.635254 0.057129
vt 0.687988 0.057129
vt 0.775391 0.057617
vt 0.704590 0.069824
vt 0.688477 0.076172
vt 0.778809 0.076172
vt 0.813477 0.063965
vt 0.855957 0.057617
vt 0.814453 0.069824
vt 0.856445 0.076172
vt 0.927734 0.063965
vt 0.934082 0.057617
vt 0.927734 0.069824
vt 0.935059 0.076172
vt 1.069336 0.063965
vt 1.044922 0.057617
vt 1.111328 0.057617
vt 1.180664 0.057617
vt 1.063477 0.069824
vt 1.045898 0.076172
vt 1.111328 0.076172
vt 1.204102 0.063965
vt 1.250977 0.057617
vt 1.180664 0.069824
vt 1.205078 0.076172
vt 1.325195 0.057617
vt 1.314453 0.069824
vt 1.325195 0.076172
vt 1.399414 0.076172
vt 1.355469 0.063965
vt 1.400391 0.057617
vt 1.481445 0.057617
vt 1.399414 0.069824
vt 1.480469 0.076172
vt 1.480469 0.063477
vt 1.561523 0.057617
vt 1.480469 0.069824
vt 1.560547 0.076172
vt 1.739258 0.056641
vt 1.739258 0.062988
vt 1.561523 0.069824
vt 1.738281 0.075684
vt 1.738281 0.069336
vt 1.561523 0.063477
vt 0.354492 0.096680
vt 0.337891 0.097168
vt 0.337891 0.091309
vt 0.359375 0.089844
vt 0.337891 0.085449
vt 0.463379 0.093750
vt 0.359619 0.083496
vt 0.337646 0.079590
vt 0.358887 0.077148
vt 0.463379 0.087891
vt 0.542480 0.094238
vt 0.462891 0.081543
vt 0.462402 0.075195
vt 0.542480 0.087891
vt 0.636230 0.094727
vt 0.542480 0.081543
vt 0.541992 0.075684
vt 0.636230 0.088379
vt 0.688965 0.094727
vt 0.672363 0.082031
vt 0.635742 0.075684
vt 0.688477 0.076172
vt 0.778809 0.076172
vt 0.711426 0.088379
vt 0.776367 0.095215
vt 0.798828 0.082520
vt 0.856445 0.076172
vt 0.798828 0.088867
vt 0.856445 0.095215
vt 0.900879 0.082520
vt 0.935059 0.076172
vt 0.900391 0.088867
vt 0.934570 0.095215
vt 1.063477 0.082520
vt 1.045898 0.076172
vt 1.111328 0.076172
vt 1.204102 0.076660
vt 1.061523 0.088867
vt 1.045898 0.095215
vt 1.111328 0.095215
vt 1.198242 0.082520
vt 1.196289 0.088867
vt 1.180664 0.095215
vt 1.250977 0.095215
vt 1.345703 0.082520
vt 1.325195 0.076172
vt 1.399414 0.076172
vt 1.347656 0.088867
vt 1.325195 0.095215
vt 1.399414 0.095215
vt 1.480469 0.082520
vt 1.480469 0.076172
vt 1.480469 0.088867
vt 1.480469 0.095215
vt 1.560547 0.082520
vt 1.560547 0.076172
vt 1.561523 0.088867
vt 1.561523 0.095215
vt 1.738281 0.094727
vt 1.739258 0.087891
vt 1.738281 0.082031
vt 1.738281 0.075684
vt 1.755859 0.076172
vt 1.738281 0.075684
vt 1.738281 0.069336
vt 1.760742 0.069824
vt 1.739258 0.062988
vt 1.791016 0.076660
vt 1.762695 0.063965
vt 1.739258 0.056641
vt 1.756836 0.057617
vt 1.792969 0.057617
vt 1.820312 0.070312
vt 1.841797 0.076172
vt 1.826172 0.063965
vt 1.839844 0.057617
vt 1.887695 0.069824
vt 1.887695 0.076172
vt 1.916992 0.076660
vt 1.916992 0.065918
vt 1.888672 0.063477
vt 1.895508 0.058105
vt 1.915039 0.057129
vt 1.887695 0.076172
vt 1.916992 0.076660
vt 1.916016 0.083496
vt 1.889648 0.082520
vt 1.840820 0.076660
vt 1.915039 0.089844
vt 1.844727 0.082520
vt 1.791016 0.076660
vt 1.887695 0.088379
vt 1.914062 0.096191
vt 1.895508 0.094727
vt 1.793945 0.083008
vt 1.755859 0.076172
vt 1.839844 0.088867
vt 1.839844 0.095215
vt 1.756836 0.082520
vt 1.738281 0.075684
vt 1.738281 0.082031
vt 1.739258 0.087891
vt 1.773438 0.089355
vt 1.792969 0.095703
vt 1.755859 0.094727
vt 1.738281 0.094727
vt -1.000000 -0.058594
vt -1.078125 -0.057617
vt -1.078125 -0.064453
vt -1.000977 -0.065430
vt -1.078125 -0.071289
vt -0.949707 -0.059570
vt -1.000977 -0.071289
vt -1.077148 -0.077148
vt -1.000977 -0.078125
vt -0.927734 -0.066406
vt -0.900879 -0.059570
vt -0.855469 -0.059570
vt -0.950195 -0.072266
vt -0.950684 -0.078125
vt -0.855469 -0.066406
vt -0.815430 -0.059570
vt -0.901367 -0.072266
vt -0.901855 -0.079102
vt -0.815430 -0.066406
vt -0.772949 -0.059570
vt -0.855469 -0.072266
vt -0.855957 -0.079102
vt -0.773438 -0.066406
vt -0.657715 -0.059570
vt -0.815430 -0.073242
vt -0.815918 -0.079102
vt -0.658203 -0.065430
vt -0.544434 -0.059570
vt -0.773926 -0.073242
vt -0.774414 -0.079102
vt -0.544922 -0.065430
vt -0.430908 -0.059570
vt -0.658691 -0.072266
vt -0.659180 -0.079102
vt -0.431152 -0.065430
vt -0.316162 -0.059570
vt -0.545410 -0.072266
vt -0.545410 -0.079102
vt -0.316162 -0.065430
vt -0.200684 -0.059570
vt -0.431641 -0.072266
vt -0.431641 -0.078125
vt -0.200562 -0.065430
vt -0.085449 -0.059570
vt -0.316406 -0.072266
vt -0.316406 -0.078125
vt -0.085205 -0.065430
vt 0.028290 -0.059570
vt -0.200562 -0.072266
vt -0.200562 -0.078125
vt 0.028671 -0.065430
vt 0.138672 -0.059570
vt -0.084839 -0.072266
vt -0.084778 -0.078125
vt 0.139160 -0.065430
vt 0.244507 -0.059570
vt 0.029205 -0.072266
vt 0.029343 -0.078125
vt 0.244995 -0.065430
vt 0.344238 -0.059570
vt 0.139893 -0.072266
vt 0.140015 -0.078125
vt 0.344727 -0.065430
vt 0.436768 -0.059570
vt 0.245728 -0.072266
vt 0.245850 -0.079102
vt 0.437256 -0.065430
vt 0.520508 -0.059570
vt 0.345459 -0.072266
vt 0.345703 -0.079102
vt 0.521484 -0.066406
vt 0.597168 -0.058594
vt 0.597168 -0.064453
vt 0.438232 -0.072266
vt 0.438477 -0.079102
vt 0.522949 -0.072266
vt 0.597656 -0.071289
vt 0.523926 -0.079102
vt 0.598145 -0.077148
vt -1.000000 -0.040039
vt -1.076172 -0.038086
vt -1.077148 -0.044922
vt -1.000000 -0.045898
vt -1.078125 -0.050781
vt -0.949707 -0.040039
vt -1.000000 -0.052734
vt -1.078125 -0.057617
vt -1.000000 -0.058594
vt -0.927734 -0.045898
vt -0.900879 -0.040039
vt -0.854980 -0.040039
vt -0.949707 -0.052734
vt -0.949707 -0.059570
vt -0.855469 -0.046875
vt -0.815430 -0.040039
vt -0.900879 -0.052734
vt -0.900879 -0.059570
vt -0.815430 -0.045898
vt -0.775391 -0.039062
vt -0.855469 -0.052734
vt -0.855469 -0.059570
vt -0.774902 -0.045898
vt -0.659668 -0.039062
vt -0.815430 -0.052734
vt -0.815430 -0.059570
vt -0.659180 -0.045898
vt -0.545898 -0.039062
vt -0.773926 -0.052734
vt -0.772949 -0.059570
vt -0.545410 -0.045898
vt -0.431885 -0.040039
vt -0.658203 -0.052734
vt -0.657715 -0.059570
vt -0.431641 -0.045898
vt -0.316650 -0.040039
vt -0.544434 -0.052734
vt -0.544434 -0.059570
vt -0.316406 -0.045898
vt -0.200684 -0.040039
vt -0.431152 -0.052734
vt -0.430908 -0.059570
vt -0.200684 -0.045898
vt -0.084839 -0.040039
vt -0.316162 -0.052734
vt -0.316162 -0.059570
vt -0.085022 -0.045898
vt 0.029327 -0.040039
vt -0.200684 -0.052734
vt -0.200684 -0.059570
vt 0.028946 -0.045898
vt 0.140015 -0.040039
vt -0.085327 -0.052734
vt -0.085449 -0.059570
vt 0.139526 -0.045898
vt 0.245850 -0.040039
vt 0.028427 -0.052734
vt 0.028290 -0.059570
vt 0.245361 -0.045898
vt 0.345459 -0.039062
vt 0.138916 -0.052734
vt 0.138672 -0.059570
vt 0.344971 -0.045898
vt 0.438232 -0.039062
vt 0.244751 -0.052734
vt 0.244507 -0.059570
vt 0.437744 -0.045898
vt 0.522949 -0.039062
vt 0.344482 -0.052734
vt 0.344238 -0.059570
vt 0.522461 -0.045898
vt 0.597656 -0.041016
vt 0.597656 -0.046875
vt 0.437012 -0.052734
vt 0.436768 -0.059570
vt 0.520996 -0.052734
vt 0.597168 -0.052734
vt 0.520508 -0.059570
vt 0.597168 -0.058594
vt 0.629883 -0.058594
vt 0.597168 -0.058594
vt 0.597168 -0.064453
vt 0.629395 -0.065430
vt 0.597656 -0.071289
vt 0.822266 -0.059570
vt 0.628906 -0.072266
vt 0.598145 -0.077148
vt 0.622559 -0.078125
vt 0.821289 -0.065430
vt 0.817871 -0.072266
vt 0.845703 -0.078125
vt 0.918945 -0.078125
vt 0.922852 -0.072266
vt 1.035156 -0.078125
vt 0.927246 -0.065430
vt 0.936035 -0.059570
vt 1.036133 -0.072266
vt 1.167969 -0.078125
vt 1.041992 -0.065430
vt 1.050781 -0.059570
vt 1.166992 -0.072266
vt 1.308594 -0.078125
vt 1.172852 -0.065430
vt 1.179688 -0.059570
vt 1.306641 -0.072266
vt 1.439453 -0.078125
vt 1.313477 -0.065430
vt 1.318359 -0.059570
vt 1.455078 -0.072266
vt 1.518555 -0.078125
vt 1.439453 -0.065430
vt 1.440430 -0.059570
vt 1.601562 -0.078125
vt 1.518555 -0.065430
vt 1.518555 -0.059570
vt 1.601562 -0.072266
vt 1.685547 -0.078125
vt 1.601562 -0.065430
vt 1.601562 -0.059570
vt 1.685547 -0.072266
vt 1.774414 -0.078125
vt 1.685547 -0.065430
vt 1.685547 -0.059570
vt 1.774414 -0.072266
vt 1.864258 -0.078125
vt 1.774414 -0.065430
vt 1.774414 -0.059570
vt 1.864258 -0.072266
vt 1.864258 -0.065430
vt 1.864258 -0.059570
vt 2.054688 -0.059570
vt 2.056641 -0.065430
vt 2.265625 -0.058594
vt 2.265625 -0.065430
vt 2.056641 -0.072266
vt 2.265625 -0.072266
vt 2.056641 -0.078125
vt 2.265625 -0.078125
vt 2.054688 -0.059570
vt 2.265625 -0.058594
vt 2.265625 -0.052734
vt 2.054688 -0.052734
vt 2.265625 -0.045898
vt 1.864258 -0.059570
vt 2.056641 -0.045898
vt 2.265625 -0.040039
vt 2.056641 -0.040039
vt 1.864258 -0.052734
vt 1.864258 -0.045898
vt 1.864258 -0.040039
vt 1.774414 -0.040039
vt 1.774414 -0.045898
vt 1.685547 -0.040039
vt 1.774414 -0.052734
vt 1.774414 -0.059570
vt 1.685547 -0.045898
vt 1.601562 -0.040039
vt 1.685547 -0.052734
vt 1.685547 -0.059570
vt 1.601562 -0.045898
vt 1.518555 -0.040039
vt 1.601562 -0.052734
vt 1.601562 -0.059570
vt 1.518555 -0.045898
vt 1.439453 -0.040039
vt 1.456055 -0.052734
vt 1.518555 -0.059570
vt 1.439453 -0.045898
vt 1.308594 -0.040039
vt 1.440430 -0.059570
vt 1.311523 -0.045898
vt 1.167969 -0.040039
vt 1.306641 -0.052734
vt 1.318359 -0.059570
vt 1.171875 -0.045898
vt 1.035156 -0.040039
vt 1.166992 -0.052734
vt 1.179688 -0.059570
vt 1.041016 -0.045898
vt 0.918945 -0.040039
vt 1.036133 -0.052734
vt 1.050781 -0.059570
vt 0.927734 -0.045898
vt 0.845703 -0.040039
vt 0.923340 -0.052734
vt 0.936035 -0.059570
vt 0.821289 -0.045898
vt 0.623047 -0.039062
vt 0.818848 -0.052734
vt 0.822266 -0.059570
vt 0.629395 -0.058594
vt 0.631348 -0.051758
vt 0.597168 -0.058594
vt 0.597168 -0.052734
vt 0.629395 -0.045898
vt 0.597656 -0.046875
vt 0.597656 -0.041016
vt 2.257812 0.951202
vt 2.253906 0.957764
vt 2.244141 0.956390
vt 2.248047 0.942657
vt 2.253906 0.943359
vt 2.240234 0.949768
vt -0.249023 0.824585
vt -0.278076 0.822632
vt -0.276611 0.815674
vt -0.241333 0.817993
vt -0.277100 0.808594
vt -0.162109 0.828613
vt -0.248291 0.810547
vt -0.278564 0.801270
vt -0.253906 0.803345
vt -0.161743 0.821655
vt -0.142822 0.829834
vt -0.153931 0.814575
vt -0.159912 0.806885
vt -0.139404 0.808472
vt -0.141113 0.823242
vt -0.003408 0.828979
vt -0.137573 0.815796
vt -0.003042 0.821777
vt 0.114502 0.828003
vt -0.002108 0.814087
vt -0.001886 0.806396
vt 0.114563 0.820801
vt 0.223267 0.827515
vt 0.115295 0.813232
vt 0.115784 0.805664
vt 0.223267 0.820312
vt 0.326172 0.827271
vt 0.223877 0.812866
vt 0.224365 0.805664
vt 0.326172 0.820190
vt 0.424072 0.827271
vt 0.326416 0.812866
vt 0.326660 0.805786
vt 0.423828 0.820068
vt 0.516602 0.827393
vt 0.423828 0.812988
vt 0.423828 0.805908
vt 0.516602 0.820190
vt 0.604980 0.827637
vt 0.516113 0.812988
vt 0.516113 0.805908
vt 0.604980 0.820435
vt 0.687988 0.828003
vt 0.604492 0.813110
vt 0.603516 0.805908
vt 0.687988 0.820801
vt 0.766113 0.828369
vt 0.687500 0.813354
vt 0.686523 0.805908
vt 0.766113 0.821289
vt 0.839355 0.828735
vt 0.765137 0.813599
vt 0.764648 0.806030
vt 0.839355 0.821655
vt 0.908691 0.828979
vt 0.838379 0.813965
vt 0.837891 0.806274
vt 0.908203 0.821899
vt 0.974609 0.828857
vt 0.907715 0.814209
vt 0.906738 0.806519
vt 0.974121 0.821655
vt 1.034180 0.826660
vt 0.972168 0.814209
vt 0.971191 0.806519
vt 1.034180 0.819702
vt 1.048828 0.827148
vt 1.048828 0.820068
vt 1.033203 0.812744
vt 1.032227 0.806396
vt 1.048828 0.812988
vt 1.048828 0.805420
vt 1.032227 0.785278
vt 1.046875 0.783691
vt 1.046875 0.790771
vt 1.032227 0.792358
vt 1.047852 0.797974
vt 0.973145 0.784180
vt 1.032227 0.799805
vt 1.048828 0.805420
vt 1.032227 0.806396
vt 0.972168 0.791626
vt 0.907715 0.784058
vt 0.971191 0.799194
vt 0.971191 0.806519
vt 0.907227 0.791748
vt 0.838867 0.783936
vt 0.906738 0.799316
vt 0.906738 0.806519
vt 0.838379 0.791504
vt 0.766113 0.783813
vt 0.837891 0.799194
vt 0.837891 0.806274
vt 0.765137 0.791382
vt 0.687988 0.783936
vt 0.764648 0.798950
vt 0.764648 0.806030
vt 0.687500 0.791382
vt 0.604980 0.784180
vt 0.686523 0.798828
vt 0.686523 0.805908
vt 0.604492 0.791504
vt 0.516602 0.784424
vt 0.603516 0.798828
vt 0.603516 0.805908
vt 0.516113 0.791626
vt 0.423584 0.784546
vt 0.516113 0.798828
vt 0.516113 0.805908
vt 0.423584 0.791748
vt 0.325684 0.784302
vt 0.423828 0.798828
vt 0.423828 0.805908
vt 0.326172 0.791504
vt 0.222534 0.783813
vt 0.326660 0.798706
vt 0.326660 0.805786
vt 0.223267 0.791260
vt 0.113464 0.783447
vt 0.224121 0.798584
vt 0.224365 0.805664
vt 0.114319 0.791138
vt -0.004673 0.784058
vt 0.115356 0.798584
vt 0.115784 0.805664
vt -0.003937 0.791748
vt -0.142456 0.786743
vt -0.002724 0.799316
vt -0.001886 0.806396
vt -0.139282 0.793823
vt -0.139526 0.801392
vt -0.139282 0.808350
vt -0.148438 0.793579
vt -0.158081 0.786133
vt -0.245117 0.782471
vt -0.158813 0.800171
vt -0.159912 0.806885
vt -0.246338 0.789429
vt -0.274658 0.779541
vt -0.278564 0.790894
vt -0.242065 0.796753
vt -0.253906 0.803223
vt -0.278564 0.801270
vt 1.060547 0.804810
vt 1.048828 0.805420
vt 1.047852 0.797974
vt 1.065430 0.797363
vt 1.046875 0.790771
vt 1.074219 0.804443
vt 1.066406 0.790161
vt 1.046875 0.783691
vt 1.071289 0.783325
vt 1.083984 0.797485
vt 1.087891 0.805054
vt 1.116211 0.806396
vt 1.084961 0.790771
vt 1.088867 0.783936
vt 1.116211 0.799194
vt 1.158203 0.807373
vt 1.116211 0.791992
vt 1.115234 0.784912
vt 1.158203 0.800171
vt 1.216797 0.806030
vt 1.183594 0.793091
vt 1.157227 0.785889
vt 1.216797 0.799438
vt 1.309570 0.804688
vt 1.215820 0.785278
vt 1.310547 0.797119
vt 1.375000 0.806274
vt 1.311523 0.789795
vt 1.305664 0.782227
vt 1.328125 0.783936
vt 1.375977 0.799072
vt 1.429688 0.806763
vt 1.376953 0.792114
vt 1.376953 0.785156
vt 1.428711 0.800293
vt 1.458008 0.806396
vt 1.457031 0.798340
vt 1.427734 0.793457
vt 1.427734 0.786377
vt 1.455078 0.791016
vt 1.454102 0.783691
vt 1.429688 0.806763
vt 1.458008 0.806396
vt 1.458008 0.814453
vt 1.428711 0.812988
vt 1.456055 0.822266
vt 1.375000 0.806274
vt 1.427734 0.819458
vt 1.454102 0.829468
vt 1.426758 0.826416
vt 1.374023 0.813599
vt 1.309570 0.805176
vt 1.375000 0.820801
vt 1.375977 0.827759
vt 1.310547 0.812866
vt 1.216797 0.806030
vt 1.310547 0.820679
vt 1.326172 0.826782
vt 1.305664 0.828491
vt 1.183594 0.812866
vt 1.158203 0.807373
vt 1.116211 0.806396
vt 1.216797 0.818604
vt 1.215820 0.825684
vt 1.115234 0.813599
vt 1.087891 0.805054
vt 1.156250 0.821411
vt 1.156250 0.828369
vt 1.083008 0.812012
vt 1.074219 0.804199
vt 1.114258 0.820557
vt 1.114258 0.827515
vt 1.066406 0.812012
vt 1.060547 0.804810
vt 1.048828 0.805420
vt 1.048828 0.812988
vt 1.083008 0.818726
vt 1.086914 0.826172
vt 1.071289 0.825928
vt 1.065430 0.819214
vt 1.048828 0.820068
vt 1.048828 0.827148
vt -1.492188 0.584961
vt -1.557617 0.584961
vt -1.557617 0.579346
vt -1.460938 0.578857
vt -1.431641 0.584961
vt -1.558594 0.573730
vt -1.376953 0.584961
vt -1.456055 0.573242
vt -1.558594 0.567871
vt -1.458008 0.567627
vt -1.376953 0.579102
vt -1.326172 0.584961
vt -1.376953 0.573486
vt -1.376953 0.567627
vt -1.302734 0.578857
vt -1.262695 0.584717
vt -1.298828 0.573486
vt -1.300781 0.567627
vt -1.236328 0.579102
vt -1.195312 0.584961
vt -1.236328 0.573486
vt -1.236328 0.567627
vt -1.175781 0.579102
vt -1.138672 0.584717
vt -1.172852 0.573486
vt -1.174805 0.567627
vt -1.117188 0.579102
vt -1.064453 0.584717
vt -1.117188 0.573486
vt -1.117188 0.567627
vt -1.061523 0.579102
vt -0.991699 0.584961
vt -1.057617 0.573486
vt -1.058594 0.567627
vt -0.988770 0.579102
vt -0.916504 0.584961
vt -0.984863 0.573486
vt -0.985352 0.567627
vt -0.901367 0.579102
vt -0.782227 0.584961
vt -0.891602 0.573486
vt -0.893555 0.567871
vt -0.735840 0.579346
vt -0.736816 0.585205
vt -0.775391 0.573242
vt -0.774902 0.567383
vt -0.736816 0.574707
vt -0.736816 0.568848
vt -1.458008 0.602051
vt -1.557617 0.602051
vt -1.557617 0.596436
vt -1.460938 0.596191
vt -1.557617 0.590820
vt -1.376953 0.602051
vt -1.456055 0.590576
vt -1.557617 0.584961
vt -1.492188 0.584961
vt -1.431641 0.584961
vt -1.376953 0.596436
vt -1.300781 0.601807
vt -1.376953 0.590576
vt -1.376953 0.584961
vt -1.302734 0.596191
vt -1.236328 0.602051
vt -1.298828 0.590576
vt -1.326172 0.584961
vt -1.262695 0.584961
vt -1.236328 0.596436
vt -1.173828 0.602051
vt -1.236328 0.590576
vt -1.176758 0.596191
vt -1.117188 0.602051
vt -1.172852 0.590576
vt -1.195312 0.584961
vt -1.138672 0.584961
vt -1.117188 0.596436
vt -1.058594 0.602051
vt -1.117188 0.590576
vt -1.060547 0.596191
vt -0.985352 0.602051
vt -1.057617 0.590576
vt -1.064453 0.584961
vt -0.988281 0.596436
vt -0.893555 0.602051
vt -0.984863 0.590576
vt -0.991699 0.584961
vt -0.900391 0.596436
vt -0.775391 0.602539
vt -0.911621 0.590576
vt -0.916504 0.584961
vt -0.737793 0.596680
vt -0.736816 0.601074
vt -0.802246 0.590820
vt -0.736328 0.590088
vt -0.782227 0.584961
vt -0.736816 0.585205
vt -0.687500 0.584961
vt -0.736816 0.585205
vt -0.735840 0.580322
vt -0.687988 0.578857
vt -0.736816 0.574707
vt -0.627441 0.584961
vt -0.689453 0.572998
vt -0.736816 0.568848
vt -0.689941 0.567383
vt -0.593750 0.579102
vt -0.554688 0.584961
vt -0.471680 0.584961
vt -0.587402 0.573242
vt -0.586426 0.567627
vt -0.471680 0.579102
vt -0.378906 0.584961
vt -0.424805 0.573486
vt -0.471680 0.567627
vt -0.378906 0.579102
vt -0.277832 0.584961
vt -0.378906 0.567627
vt -0.277832 0.579102
vt -0.169434 0.584961
vt -0.277832 0.573486
vt -0.277832 0.567627
vt -0.169434 0.579102
vt -0.054962 0.584961
vt -0.169434 0.573486
vt -0.169434 0.567627
vt -0.054962 0.579102
vt 0.064636 0.584961
vt -0.054962 0.573486
vt -0.054962 0.567627
vt 0.064636 0.579102
vt 0.188232 0.584961
vt 0.064575 0.573486
vt 0.064575 0.567627
vt 0.188232 0.579102
vt 0.315186 0.584961
vt 0.188232 0.573486
vt 0.188232 0.567627
vt 0.315186 0.578857
vt 0.444092 0.584961
vt 0.315186 0.572998
vt 0.315186 0.567139
vt 0.444336 0.579346
vt 0.574707 0.584961
vt 0.444092 0.573975
vt 0.444092 0.568115
vt 0.574707 0.579102
vt 0.706055 0.584961
vt 0.574707 0.573486
vt 0.574707 0.567627
vt 0.706055 0.579102
vt 0.837891 0.584961
vt 0.706055 0.573486
vt 0.706055 0.567627
vt 0.837891 0.579102
vt 0.969238 0.584961
vt 0.837891 0.573486
vt 0.837891 0.567627
vt 0.969238 0.579102
vt 1.099609 0.584961
vt 0.969727 0.573242
vt 0.969727 0.567627
vt 1.100586 0.579102
vt 1.230469 0.584961
vt 1.100586 0.573242
vt 1.101562 0.567627
vt 1.231445 0.579102
vt 1.362305 0.585693
vt 1.363281 0.579346
vt 1.232422 0.573486
vt 1.233398 0.567627
vt 1.362305 0.574707
vt 1.362305 0.568848
vt -0.689453 0.602783
vt -0.736816 0.601074
vt -0.736816 0.596191
vt -0.688965 0.596924
vt -0.736328 0.590088
vt -0.586426 0.602051
vt -0.687988 0.591064
vt -0.736816 0.585205
vt -0.687500 0.584961
vt -0.593262 0.596436
vt -0.471680 0.602051
vt -0.586914 0.590576
vt -0.627441 0.584961
vt -0.554688 0.584961
vt -0.471680 0.596436
vt -0.378906 0.602051
vt -0.424316 0.590576
vt -0.471680 0.584961
vt -0.378906 0.596436
vt -0.277832 0.602051
vt -0.378906 0.584961
vt -0.277832 0.596436
vt -0.169434 0.602051
vt -0.277832 0.590576
vt -0.277832 0.584961
vt -0.169434 0.596436
vt -0.054962 0.602051
vt -0.169434 0.590576
vt -0.169434 0.584961
vt -0.054962 0.596436
vt 0.064575 0.602051
vt -0.054962 0.590576
vt -0.054962 0.584961
vt 0.064575 0.596436
vt 0.188232 0.602051
vt 0.064636 0.590576
vt 0.064636 0.584961
vt 0.188232 0.596436
vt 0.314941 0.602539
vt 0.188232 0.590576
vt 0.188232 0.584961
vt 0.314941 0.596924
vt 0.444092 0.601807
vt 0.315186 0.591064
vt 0.315186 0.584961
vt 0.444092 0.595947
vt 0.574707 0.602051
vt 0.444092 0.590332
vt 0.444092 0.584961
vt 0.574707 0.596436
vt 0.706055 0.602051
vt 0.574707 0.590576
vt 0.574707 0.584961
vt 0.706055 0.596436
vt 0.837402 0.602051
vt 0.706055 0.590576
vt 0.706055 0.584961
vt 0.837402 0.596436
vt 0.969238 0.602051
vt 0.837891 0.590576
vt 0.837891 0.584961
vt 0.969238 0.596436
vt 1.099609 0.602295
vt 0.969238 0.590576
vt 0.969238 0.584961
vt 1.099609 0.596436
vt 1.231445 0.602539
vt 1.099609 0.590576
vt 1.099609 0.584961
vt 1.230469 0.596680
vt 1.362305 0.601807
vt 1.361328 0.595703
vt 1.230469 0.590820
vt 1.230469 0.584961
vt 1.362305 0.590820
vt 1.362305 0.585693
vt 3.078125 0.567627
vt 3.212891 0.567871
vt 3.212891 0.573486
vt 3.078125 0.573486
vt 3.212891 0.579346
vt 2.951172 0.567627
vt 3.078125 0.579102
vt 3.212891 0.584961
vt 3.078125 0.584961
vt 2.951172 0.573486
vt 2.830078 0.567627
vt 2.951172 0.579102
vt 2.951172 0.584961
vt 2.830078 0.573486
vt 2.710938 0.567627
vt 2.830078 0.579102
vt 2.830078 0.584961
vt 2.710938 0.573486
vt 2.593750 0.567627
vt 2.710938 0.579102
vt 2.710938 0.584961
vt 2.593750 0.573486
vt 2.478516 0.567627
vt 2.593750 0.579102
vt 2.593750 0.584961
vt 2.478516 0.573486
vt 2.363281 0.566650
vt 2.478516 0.579102
vt 2.478516 0.584961
vt 2.363281 0.572266
vt 2.251953 0.568848
vt 2.363281 0.578369
vt 2.363281 0.584717
vt 2.251953 0.574463
vt 2.140625 0.567627
vt 2.251953 0.580078
vt 2.251953 0.584961
vt 2.140625 0.573486
vt 2.031250 0.567627
vt 2.140625 0.579102
vt 2.140625 0.584961
vt 2.031250 0.573486
vt 1.927734 0.567627
vt 2.031250 0.579102
vt 2.031250 0.584961
vt 1.927734 0.573486
vt 1.827148 0.567627
vt 1.927734 0.579102
vt 1.927734 0.584961
vt 1.827148 0.573486
vt 1.733398 0.567627
vt 1.827148 0.579102
vt 1.827148 0.584961
vt 1.733398 0.573486
vt 1.612305 0.567627
vt 1.733398 0.579102
vt 1.733398 0.584961
vt 1.612305 0.573486
vt 1.479492 0.567139
vt 1.604492 0.579102
vt 1.595703 0.584717
vt 1.477539 0.572998
vt 1.391602 0.567871
vt 1.471680 0.578613
vt 1.458984 0.584473
vt 1.392578 0.573730
vt 1.362305 0.568848
vt 1.362305 0.574707
vt 1.363281 0.580078
vt 1.394531 0.585449
vt 1.362305 0.585693
vt 3.078125 0.584961
vt 3.212891 0.584961
vt 3.212891 0.590576
vt 3.078125 0.590576
vt 3.212891 0.596436
vt 2.951172 0.584961
vt 3.078125 0.596436
vt 3.212891 0.602051
vt 3.078125 0.602295
vt 2.951172 0.590576
vt 2.830078 0.584961
vt 2.951172 0.596436
vt 2.951172 0.602051
vt 2.830078 0.590576
vt 2.710938 0.584961
vt 2.830078 0.596436
vt 2.830078 0.602051
vt 2.710938 0.590576
vt 2.593750 0.584961
vt 2.710938 0.596436
vt 2.710938 0.602051
vt 2.593750 0.590576
vt 2.478516 0.584961
vt 2.593750 0.596436
vt 2.593750 0.602051
vt 2.478516 0.590820
vt 2.363281 0.584717
vt 2.478516 0.596436
vt 2.478516 0.602295
vt 2.363281 0.591309
vt 2.251953 0.584961
vt 2.363281 0.597656
vt 2.363281 0.603760
vt 2.251953 0.589844
vt 2.140625 0.584961
vt 2.251953 0.594971
vt 2.251953 0.600586
vt 2.140625 0.590576
vt 2.031250 0.584961
vt 2.140625 0.596436
vt 2.140625 0.602051
vt 2.031250 0.590576
vt 1.927734 0.584961
vt 2.031250 0.596436
vt 2.031250 0.602051
vt 1.927734 0.590576
vt 1.827148 0.584961
vt 1.927734 0.596436
vt 1.927734 0.602295
vt 1.827148 0.590576
vt 1.733398 0.584961
vt 1.827148 0.596436
vt 1.827148 0.602051
vt 1.733398 0.590576
vt 1.595703 0.584961
vt 1.733398 0.596436
vt 1.733398 0.602051
vt 1.611328 0.590576
vt 1.458984 0.584473
vt 1.604492 0.596436
vt 1.612305 0.602051
vt 1.477539 0.590332
vt 1.394531 0.585449
vt 1.471680 0.595947
vt 1.480469 0.601562
vt 1.394531 0.591553
vt 1.362305 0.585693
vt 1.362305 0.590820
vt 1.361328 0.597656
vt 1.393555 0.603271
vt 1.362305 0.601807
vt -0.092712 0.572021
vt -0.133057 0.572021
vt -0.132812 0.565918
vt -0.086792 0.566406
vt -0.132568 0.559814
vt -0.042908 0.572266
vt -0.083496 0.560547
vt -0.132324 0.553955
vt -0.099487 0.554688
vt -0.049194 0.554443
vt -0.031860 0.566406
vt 0.010460 0.572021
vt -0.021530 0.560547
vt -0.004406 0.554443
vt 0.014481 0.566162
vt 0.046143 0.572021
vt 0.021011 0.560303
vt 0.028625 0.554443
vt 0.046417 0.565918
vt 0.086975 0.572021
vt 0.046387 0.560791
vt 0.048492 0.554932
vt 0.088135 0.565918
vt 0.137451 0.572021
vt 0.088806 0.560059
vt 0.088440 0.554199
vt 0.137695 0.566162
vt 0.177124 0.572021
vt 0.139648 0.560303
vt 0.139404 0.554443
vt 0.188354 0.566406
vt 0.201904 0.572266
vt 0.226318 0.572266
vt 0.190186 0.560791
vt 0.190308 0.554443
vt 0.226318 0.566162
vt 0.251709 0.572266
vt 0.226196 0.560303
vt 0.226196 0.554443
vt 0.251709 0.566406
vt 0.280273 0.572266
vt 0.251709 0.560303
vt 0.251709 0.554443
vt 0.280273 0.566406
vt 0.314209 0.572266
vt 0.280273 0.560547
vt 0.280518 0.554688
vt 0.314453 0.566406
vt 0.356445 0.572266
vt 0.314697 0.560547
vt 0.314941 0.554688
vt 0.356445 0.566162
vt 0.407959 0.571777
vt 0.357178 0.560303
vt 0.357422 0.554443
vt 0.408447 0.565674
vt 0.473633 0.571045
vt 0.409912 0.559814
vt 0.410645 0.553711
vt 0.473877 0.566162
vt 0.487793 0.571533
vt 0.487793 0.565918
vt 0.474609 0.560791
vt 0.474854 0.554932
vt 0.486816 0.560059
vt 0.486084 0.554199
vt 0.473633 0.571045
vt 0.487793 0.571533
vt 0.486816 0.577148
vt 0.473877 0.576172
vt 0.485596 0.582764
vt 0.407959 0.571777
vt 0.474609 0.582275
vt 0.485107 0.588379
vt 0.474854 0.588135
vt 0.409180 0.577881
vt 0.356445 0.572266
vt 0.410889 0.583740
vt 0.411621 0.589600
vt 0.356934 0.578125
vt 0.314209 0.572266
vt 0.357666 0.583984
vt 0.358154 0.589844
vt 0.314697 0.578125
vt 0.280273 0.572266
vt 0.314941 0.583984
vt 0.315186 0.589844
vt 0.280273 0.578125
vt 0.251709 0.572266
vt 0.280518 0.583984
vt 0.280762 0.589844
vt 0.251709 0.578125
vt 0.226318 0.572266
vt 0.251709 0.584229
vt 0.251709 0.590088
vt 0.226318 0.578125
vt 0.201904 0.572266
vt 0.226196 0.583984
vt 0.226196 0.589844
vt 0.190430 0.578125
vt 0.177124 0.572021
vt 0.137573 0.572021
vt 0.187744 0.583496
vt 0.190308 0.589600
vt 0.139771 0.577881
vt 0.087036 0.572021
vt 0.137085 0.583496
vt 0.139404 0.589355
vt 0.089417 0.578125
vt 0.045715 0.572021
vt 0.088074 0.583984
vt 0.088684 0.589844
vt 0.045746 0.578125
vt 0.010406 0.572266
vt 0.045837 0.583252
vt 0.048309 0.589355
vt 0.028870 0.589600
vt 0.021057 0.577881
vt 0.015244 0.583984
vt -0.004246 0.589844
vt -0.019989 0.578125
vt -0.042877 0.572266
vt -0.030975 0.583984
vt -0.049133 0.589844
vt -0.083313 0.577881
vt -0.092712 0.572021
vt -0.133057 0.572021
vt -0.132935 0.578125
vt -0.132690 0.583984
vt -0.076111 0.583984
vt -0.099609 0.589355
vt -0.132568 0.590088
vt 0.509766 0.572266
vt 0.487793 0.571533
vt 0.487793 0.565918
vt 0.511230 0.565918
vt 0.486816 0.560059
vt 0.631348 0.572266
vt 0.510254 0.560059
vt 0.486084 0.554199
vt 0.507812 0.553955
vt 0.624512 0.554932
vt 0.625488 0.566406
vt 0.682617 0.572266
vt 0.628906 0.560791
vt 0.682617 0.566406
vt 0.722168 0.572266
vt 0.682129 0.560547
vt 0.682129 0.554688
vt 0.722168 0.566406
vt 0.761230 0.572266
vt 0.722168 0.560547
vt 0.721680 0.554688
vt 0.761230 0.566406
vt 0.800781 0.572266
vt 0.761230 0.560547
vt 0.760742 0.554688
vt 0.800781 0.566406
vt 0.844238 0.572266
vt 0.800781 0.560547
vt 0.800781 0.554443
vt 0.844238 0.566406
vt 0.895508 0.572266
vt 0.844727 0.560303
vt 0.844727 0.554443
vt 0.895508 0.566162
vt 0.959473 0.572266
vt 0.896484 0.560303
vt 0.896484 0.554443
vt 0.962891 0.566406
vt 0.976562 0.572266
vt 0.962891 0.560791
vt 0.963867 0.554932
vt 0.984375 0.566162
vt 1.087891 0.571777
vt 0.987305 0.560303
vt 0.988281 0.554443
vt 1.087891 0.554199
vt 1.100586 0.565918
vt 1.130859 0.572510
vt 1.133789 0.563965
vt 1.104492 0.560059
vt 1.132812 0.554932
vt 0.506348 0.589844
vt 0.485107 0.588379
vt 0.485596 0.582764
vt 0.509766 0.583984
vt 0.486816 0.577148
vt 0.624023 0.590088
vt 0.510254 0.578125
vt 0.487793 0.571533
vt 0.509766 0.572266
vt 0.625000 0.583984
vt 0.682129 0.589844
vt 0.627441 0.578125
vt 0.631348 0.572266
vt 0.682129 0.583984
vt 0.721680 0.589844
vt 0.682129 0.578125
vt 0.682617 0.572266
vt 0.721680 0.583984
vt 0.760742 0.589844
vt 0.722168 0.578125
vt 0.722168 0.572266
vt 0.760742 0.583984
vt 0.800781 0.590088
vt 0.761230 0.578125
vt 0.761230 0.572266
vt 0.800781 0.584229
vt 0.844727 0.589844
vt 0.800781 0.578125
vt 0.800781 0.572266
vt 0.844727 0.583984
vt 0.896973 0.589844
vt 0.844238 0.578125
vt 0.844238 0.572266
vt 0.896484 0.583984
vt 0.964355 0.589600
vt 0.895508 0.578125
vt 0.895508 0.572266
vt 0.962891 0.583984
vt 0.962402 0.578125
vt 0.959473 0.572266
vt 0.976562 0.572266
vt 0.984375 0.583984
vt 0.988770 0.589844
vt 1.087891 0.589355
vt 0.988281 0.578125
vt 1.087891 0.571777
vt 1.100586 0.583496
vt 1.131836 0.589844
vt 1.131836 0.581299
vt 1.103516 0.577637
vt 1.130859 0.572266
vt 2.251953 0.975708
vt 2.244141 0.980484
vt 2.244141 0.969635
vt 2.251953 0.965393
vt 2.234375 0.974945
vt 2.244141 0.959869
vt 2.234375 0.964661
vt1 0.156738 0.236816
vt1 0.134644 0.236816
vt1 0.134766 0.233887
vt1 0.156860 0.233887
vt1 0.134888 0.230957
vt1 0.189087 0.236816
vt1 0.156860 0.230957
vt1 0.135010 0.228027
vt1 0.156860 0.228027
vt1 0.189453 0.233887
vt1 0.189697 0.230957
vt1 0.190430 0.228027
vt1 0.279053 0.233887
vt1 0.280762 0.236816
vt1 0.335938 0.236816
vt1 0.280518 0.230957
vt1 0.280518 0.228027
vt1 0.335938 0.233887
vt1 0.335938 0.230957
vt1 0.335938 0.228027
vt1 0.378418 0.228027
vt1 0.377930 0.230957
vt1 0.438232 0.228027
vt1 0.380127 0.233887
vt1 0.380615 0.236816
vt1 0.436523 0.230957
vt1 0.489746 0.228027
vt1 0.439209 0.233887
vt1 0.426758 0.236816
vt1 0.457764 0.236816
vt1 0.489746 0.230957
vt1 0.521973 0.228027
vt1 0.489990 0.233887
vt1 0.489990 0.236816
vt1 0.521973 0.230957
vt1 0.554688 0.228027
vt1 0.521973 0.233887
vt1 0.521973 0.236816
vt1 0.554688 0.230957
vt1 0.587402 0.228027
vt1 0.554688 0.233887
vt1 0.554688 0.236816
vt1 0.587402 0.230957
vt1 0.621094 0.228027
vt1 0.587402 0.233887
vt1 0.587402 0.236816
vt1 0.621094 0.230957
vt1 0.654297 0.228027
vt1 0.621094 0.233887
vt1 0.621094 0.236816
vt1 0.654297 0.230957
vt1 0.688965 0.228027
vt1 0.654785 0.233887
vt1 0.654785 0.236816
vt1 0.689453 0.230957
vt1 0.724121 0.228027
vt1 0.689453 0.233887
vt1 0.689453 0.236816
vt1 0.724121 0.230957
vt1 0.761230 0.228027
vt1 0.724121 0.233887
vt1 0.724121 0.236816
vt1 0.761230 0.230957
vt1 0.798340 0.228027
vt1 0.761230 0.233887
vt1 0.760742 0.236816
vt1 0.797852 0.233887
vt1 0.797852 0.236816
vt1 0.878906 0.237305
vt1 0.798340 0.230957
vt1 0.878906 0.234375
vt1 0.887695 0.236328
vt1 0.887207 0.233398
vt1 0.878906 0.231445
vt1 0.878906 0.228027
vt1 0.885742 0.230957
vt1 0.885742 0.228516
vt1 0.156860 0.228027
vt1 0.135010 0.228027
vt1 0.134888 0.225586
vt1 0.156860 0.225098
vt1 0.134766 0.222656
vt1 0.190430 0.228027
vt1 0.156738 0.222168
vt1 0.134644 0.219727
vt1 0.156738 0.219238
vt1 0.189331 0.225098
vt1 0.189697 0.222656
vt1 0.189087 0.219727
vt1 0.278809 0.225098
vt1 0.280518 0.228027
vt1 0.335938 0.228027
vt1 0.280762 0.222656
vt1 0.280762 0.219727
vt1 0.335938 0.225098
vt1 0.335938 0.222656
vt1 0.335938 0.219727
vt1 0.380615 0.219727
vt1 0.377930 0.222656
vt1 0.426514 0.219727
vt1 0.380127 0.225098
vt1 0.378418 0.228027
vt1 0.436523 0.222168
vt1 0.457764 0.219727
vt1 0.489746 0.219727
vt1 0.438965 0.225098
vt1 0.438232 0.228027
vt1 0.489746 0.222168
vt1 0.521973 0.219727
vt1 0.489746 0.225098
vt1 0.489746 0.228027
vt1 0.521973 0.222168
vt1 0.554688 0.219727
vt1 0.521973 0.225098
vt1 0.521973 0.228027
vt1 0.554688 0.222168
vt1 0.587402 0.219727
vt1 0.554688 0.225098
vt1 0.554688 0.228027
vt1 0.587402 0.222168
vt1 0.620605 0.219727
vt1 0.587402 0.225098
vt1 0.587402 0.228027
vt1 0.620605 0.222168
vt1 0.654297 0.219727
vt1 0.620605 0.225098
vt1 0.621094 0.228027
vt1 0.654297 0.222168
vt1 0.688965 0.219727
vt1 0.654297 0.225098
vt1 0.654297 0.228027
vt1 0.688965 0.222656
vt1 0.723633 0.219727
vt1 0.688965 0.225098
vt1 0.688965 0.228027
vt1 0.723633 0.222656
vt1 0.760254 0.219727
vt1 0.723633 0.225098
vt1 0.724121 0.228027
vt1 0.760254 0.222656
vt1 0.760742 0.225098
vt1 0.761230 0.228027
vt1 0.797363 0.219727
vt1 0.797852 0.225586
vt1 0.798340 0.228027
vt1 0.878906 0.228027
vt1 0.797363 0.222656
vt1 0.878906 0.225098
vt1 0.885742 0.228516
vt1 0.886230 0.225586
vt1 0.878906 0.222656
vt1 0.878418 0.219727
vt1 0.887695 0.222656
vt1 0.888184 0.219727
vt1 0.881836 0.948059
vt1 0.879395 0.953125
vt1 0.876953 0.951355
vt1 0.878906 0.947601
vt1 0.875000 0.949127
vt1 0.881348 0.940674
vt1 0.875488 0.944550
vt1 0.872559 0.947601
vt1 0.872559 0.945068
vt1 0.878418 0.940674
vt1 0.881348 0.927429
vt1 0.873047 0.930847
vt1 0.878418 0.916382
vt1 0.881348 0.907776
vt1 0.881348 0.882996
vt1 0.875977 0.908081
vt1 0.873047 0.905823
vt1 0.878418 0.883484
vt1 0.881348 0.857422
vt1 0.875488 0.878296
vt1 0.872559 0.878113
vt1 0.878418 0.856812
vt1 0.881836 0.832397
vt1 0.875488 0.856445
vt1 0.873047 0.855591
vt1 0.878906 0.826050
vt1 0.881836 0.822754
vt1 0.881836 0.812988
vt1 0.875977 0.828979
vt1 0.873047 0.835083
vt1 0.873047 0.822876
vt1 0.878906 0.813110
vt1 0.880859 0.802368
vt1 0.877930 0.802612
vt1 0.875977 0.813232
vt1 0.873047 0.813232
vt1 0.875488 0.803223
vt1 0.872559 0.802368
vt1 0.864258 0.812866
vt1 0.864258 0.802002
vt1 0.866699 0.801636
vt1 0.867188 0.812866
vt1 0.870117 0.802368
vt1 0.864258 0.823120
vt1 0.870117 0.813110
vt1 0.873047 0.802368
vt1 0.873047 0.813232
vt1 0.867188 0.826904
vt1 0.864258 0.833008
vt1 0.870117 0.827148
vt1 0.873047 0.822876
vt1 0.873047 0.835083
vt1 0.867188 0.855225
vt1 0.864258 0.857544
vt1 0.864258 0.882812
vt1 0.870117 0.857056
vt1 0.872559 0.855591
vt1 0.867188 0.889832
vt1 0.864258 0.907776
vt1 0.870117 0.882996
vt1 0.872559 0.878113
vt1 0.873047 0.905823
vt1 0.867188 0.919434
vt1 0.864746 0.927368
vt1 0.870117 0.917603
vt1 0.873047 0.930847
vt1 0.867188 0.940033
vt1 0.864258 0.940765
vt1 0.863770 0.948273
vt1 0.870117 0.940887
vt1 0.872559 0.945007
vt1 0.866699 0.947083
vt1 0.866211 0.953400
vt1 0.868652 0.951691
vt1 0.869629 0.946991
vt1 0.873047 0.947571
vt1 0.870605 0.949341
vt1 0.932129 0.795288
vt1 0.931641 0.766602
vt1 0.934082 0.766479
vt1 0.934570 0.795288
vt1 0.936523 0.766235
vt1 0.932129 0.825562
vt1 0.936523 0.795166
vt1 0.938965 0.766235
vt1 0.938965 0.795166
vt1 0.934570 0.820801
vt1 0.936523 0.824219
vt1 0.938965 0.820923
vt1 0.938965 0.856934
vt1 0.934570 0.847168
vt1 0.932129 0.866577
vt1 0.932129 0.888733
vt1 0.936523 0.884521
vt1 0.938965 0.888794
vt1 0.934570 0.888733
vt1 0.932129 0.911560
vt1 0.936523 0.911377
vt1 0.938965 0.911316
vt1 0.934082 0.911499
vt1 0.932129 0.923889
vt1 0.934570 0.923340
vt1 0.937012 0.922852
vt1 0.938965 0.922852
vt1 0.938965 0.795166
vt1 0.938965 0.766235
vt1 0.941406 0.766357
vt1 0.941406 0.795288
vt1 0.943848 0.766602
vt1 0.938965 0.820923
vt1 0.943848 0.795288
vt1 0.946289 0.766602
vt1 0.946289 0.795410
vt1 0.941406 0.820801
vt1 0.939453 0.856934
vt1 0.943848 0.820801
vt1 0.946289 0.825562
vt1 0.941406 0.847290
vt1 0.938965 0.888794
vt1 0.943848 0.856812
vt1 0.946289 0.866577
vt1 0.941406 0.888794
vt1 0.938965 0.911316
vt1 0.943848 0.888733
vt1 0.946289 0.888672
vt1 0.941406 0.911316
vt1 0.938965 0.922852
vt1 0.941406 0.923340
vt1 0.943848 0.911438
vt1 0.946289 0.911499
vt1 0.943848 0.923828
vt1 0.946289 0.923828
vt1 0.168701 0.544922
vt1 0.159912 0.544678
vt1 0.160400 0.542236
vt1 0.168579 0.542480
vt1 0.161011 0.539795
vt1 0.208374 0.544678
vt1 0.168701 0.540039
vt1 0.161011 0.537598
vt1 0.168091 0.537598
vt1 0.227539 0.542236
vt1 0.238647 0.544678
vt1 0.274170 0.544678
vt1 0.229370 0.540039
vt1 0.227295 0.537598
vt1 0.274170 0.542236
vt1 0.274170 0.539795
vt1 0.274170 0.537598
vt1 0.303467 0.537598
vt1 0.302246 0.540039
vt1 0.343750 0.537598
vt1 0.303955 0.542236
vt1 0.302002 0.544678
vt1 0.343018 0.539795
vt1 0.388672 0.537598
vt1 0.344727 0.542236
vt1 0.343750 0.544678
vt1 0.387939 0.539795
vt1 0.430176 0.537598
vt1 0.389893 0.542236
vt1 0.388184 0.544678
vt1 0.430176 0.539795
vt1 0.455566 0.537598
vt1 0.430176 0.542236
vt1 0.430176 0.544678
vt1 0.455566 0.539795
vt1 0.482910 0.537598
vt1 0.455566 0.542236
vt1 0.455566 0.544678
vt1 0.482910 0.539795
vt1 0.510254 0.537598
vt1 0.482910 0.542236
vt1 0.482910 0.544678
vt1 0.510254 0.539795
vt1 0.540039 0.537598
vt1 0.510254 0.542236
vt1 0.510254 0.544678
vt1 0.540039 0.539795
vt1 0.569824 0.537598
vt1 0.540039 0.542236
vt1 0.540039 0.544678
vt1 0.569824 0.539795
vt1 0.603027 0.537598
vt1 0.569824 0.542236
vt1 0.569824 0.544678
vt1 0.603027 0.539795
vt1 0.636230 0.537598
vt1 0.603027 0.542236
vt1 0.603027 0.544678
vt1 0.709961 0.537354
vt1 0.710938 0.539795
vt1 0.636230 0.542236
vt1 0.636230 0.544678
vt1 0.711426 0.544678
vt1 0.711426 0.542236
vt1 0.636230 0.539795
vt1 0.168091 0.537598
vt1 0.161011 0.537598
vt1 0.160400 0.535156
vt1 0.168579 0.535156
vt1 0.159912 0.532959
vt1 0.227417 0.537354
vt1 0.168701 0.532715
vt1 0.159912 0.530518
vt1 0.168579 0.530273
vt1 0.227417 0.535156
vt1 0.274170 0.537598
vt1 0.229004 0.532715
vt1 0.208374 0.530273
vt1 0.238647 0.530273
vt1 0.274170 0.535156
vt1 0.274170 0.532715
vt1 0.274170 0.530273
vt1 0.301758 0.530273
vt1 0.302246 0.532715
vt1 0.343750 0.530273
vt1 0.303711 0.535156
vt1 0.303467 0.537598
vt1 0.335938 0.532715
vt1 0.343018 0.535156
vt1 0.343750 0.537598
vt1 0.373779 0.532715
vt1 0.388184 0.530273
vt1 0.387451 0.535156
vt1 0.388672 0.537598
vt1 0.404785 0.532715
vt1 0.430176 0.530273
vt1 0.430176 0.535156
vt1 0.430176 0.537598
vt1 0.430176 0.532715
vt1 0.455566 0.530273
vt1 0.455566 0.535156
vt1 0.455566 0.537598
vt1 0.455566 0.532715
vt1 0.482910 0.530273
vt1 0.482910 0.535156
vt1 0.482910 0.537598
vt1 0.482910 0.532715
vt1 0.510254 0.530273
vt1 0.510254 0.535156
vt1 0.510254 0.537598
vt1 0.510254 0.532715
vt1 0.540039 0.530273
vt1 0.540039 0.535156
vt1 0.540039 0.537598
vt1 0.540039 0.532715
vt1 0.569824 0.530273
vt1 0.569824 0.535156
vt1 0.569824 0.537598
vt1 0.569824 0.532715
vt1 0.603027 0.530273
vt1 0.603027 0.535156
vt1 0.603027 0.537598
vt1 0.603027 0.532715
vt1 0.636230 0.530273
vt1 0.636230 0.535156
vt1 0.636230 0.537598
vt1 0.709961 0.537354
vt1 0.709961 0.534912
vt1 0.636230 0.532715
vt1 0.710938 0.532471
vt1 0.711426 0.530029
vt1 0.959473 0.654541
vt1 0.959473 0.677002
vt1 0.957031 0.677002
vt1 0.957031 0.654541
vt1 0.954590 0.676270
vt1 0.959473 0.629883
vt1 0.955078 0.638428
vt1 0.952148 0.675293
vt1 0.952148 0.654541
vt1 0.957520 0.629883
vt1 0.959473 0.603027
vt1 0.952637 0.630127
vt1 0.957520 0.603027
vt1 0.959961 0.574463
vt1 0.955078 0.603027
vt1 0.952637 0.603027
vt1 0.957520 0.574463
vt1 0.959473 0.544922
vt1 0.955078 0.574463
vt1 0.952148 0.574463
vt1 0.957031 0.544922
vt1 0.959473 0.515137
vt1 0.954590 0.544922
vt1 0.952148 0.544922
vt1 0.957031 0.514893
vt1 0.959473 0.500000
vt1 0.957031 0.500000
vt1 0.954590 0.514893
vt1 0.952148 0.514648
vt1 0.954590 0.500000
vt1 0.952148 0.499512
vt1 0.952148 0.654541
vt1 0.952148 0.675293
vt1 0.949707 0.675293
vt1 0.950195 0.654541
vt1 0.947266 0.676025
vt1 0.952637 0.630127
vt1 0.947754 0.639160
vt1 0.944824 0.677002
vt1 0.945312 0.654541
vt1 0.950195 0.630127
vt1 0.952637 0.603027
vt1 0.945312 0.629883
vt1 0.950195 0.603027
vt1 0.952148 0.574463
vt1 0.947754 0.603027
vt1 0.945312 0.603027
vt1 0.949707 0.574463
vt1 0.952148 0.544922
vt1 0.947266 0.574463
vt1 0.944824 0.574463
vt1 0.950195 0.544922
vt1 0.952148 0.514648
vt1 0.947754 0.544922
vt1 0.945312 0.544922
vt1 0.949707 0.514893
vt1 0.952148 0.499512
vt1 0.949707 0.499512
vt1 0.947754 0.514893
vt1 0.945312 0.514893
vt1 0.947266 0.500000
vt1 0.944824 0.500000
vt1 0.184692 0.058105
vt1 0.127075 0.058105
vt1 0.127075 0.055664
vt1 0.184692 0.055176
vt1 0.127075 0.052734
vt1 0.242554 0.058105
vt1 0.184692 0.052734
vt1 0.126953 0.050293
vt1 0.184570 0.050293
vt1 0.242554 0.055176
vt1 0.300537 0.058105
vt1 0.242554 0.052734
vt1 0.242554 0.050293
vt1 0.300537 0.055176
vt1 0.358887 0.058105
vt1 0.300537 0.052734
vt1 0.300537 0.050293
vt1 0.358887 0.055176
vt1 0.417725 0.058105
vt1 0.358887 0.052734
vt1 0.358887 0.050293
vt1 0.417725 0.055176
vt1 0.417725 0.052734
vt1 0.417725 0.050293
vt1 0.461426 0.050293
vt1 0.460205 0.052734
vt1 0.518066 0.050293
vt1 0.462646 0.055176
vt1 0.458252 0.058105
vt1 0.516113 0.052734
vt1 0.567383 0.050293
vt1 0.518555 0.055176
vt1 0.514648 0.058105
vt1 0.567383 0.052734
vt1 0.618652 0.050293
vt1 0.567383 0.055176
vt1 0.567383 0.058105
vt1 0.618164 0.052734
vt1 0.661621 0.050293
vt1 0.620605 0.055176
vt1 0.598145 0.058105
vt1 0.629883 0.058105
vt1 0.661621 0.052734
vt1 0.694336 0.050293
vt1 0.661621 0.055176
vt1 0.661621 0.058105
vt1 0.694336 0.052734
vt1 0.727539 0.050293
vt1 0.694336 0.055176
vt1 0.694336 0.058105
vt1 0.727539 0.052734
vt1 0.762207 0.050293
vt1 0.727539 0.055176
vt1 0.727539 0.058105
vt1 0.762207 0.052734
vt1 0.796875 0.050293
vt1 0.762207 0.055176
vt1 0.762207 0.058105
vt1 0.796875 0.052734
vt1 0.833496 0.050293
vt1 0.796875 0.055176
vt1 0.796875 0.058105
vt1 0.833496 0.052734
vt1 0.870605 0.050293
vt1 0.833496 0.055176
vt1 0.833496 0.058105
vt1 0.870605 0.052734
vt1 0.948242 0.050293
vt1 0.948730 0.052734
vt1 0.949219 0.055664
vt1 0.870605 0.055176
vt1 0.870117 0.058105
vt1 0.950195 0.058105
vt1 0.184570 0.050293
vt1 0.126953 0.050293
vt1 0.127075 0.047852
vt1 0.184692 0.047852
vt1 0.127075 0.044922
vt1 0.242554 0.050293
vt1 0.184692 0.044922
vt1 0.127075 0.042480
vt1 0.184692 0.042480
vt1 0.242554 0.047852
vt1 0.300537 0.050293
vt1 0.242554 0.044922
vt1 0.242676 0.042480
vt1 0.300537 0.047852
vt1 0.358887 0.050293
vt1 0.300781 0.044922
vt1 0.300781 0.042480
vt1 0.358887 0.047852
vt1 0.417725 0.050293
vt1 0.358887 0.044922
vt1 0.358887 0.042480
vt1 0.417725 0.047852
vt1 0.417725 0.044922
vt1 0.417725 0.042480
vt1 0.458252 0.042480
vt1 0.459717 0.044922
vt1 0.514648 0.042480
vt1 0.462646 0.047363
vt1 0.461426 0.050293
vt1 0.516602 0.044922
vt1 0.567383 0.042480
vt1 0.518555 0.047363
vt1 0.518066 0.050293
vt1 0.567383 0.044922
vt1 0.598145 0.042480
vt1 0.567383 0.047852
vt1 0.567383 0.050293
vt1 0.618164 0.044922
vt1 0.629883 0.042480
vt1 0.661621 0.042480
vt1 0.620605 0.047852
vt1 0.618652 0.050293
vt1 0.661621 0.044922
vt1 0.694336 0.042480
vt1 0.661621 0.047852
vt1 0.661621 0.050293
vt1 0.694336 0.044922
vt1 0.727539 0.042480
vt1 0.694336 0.047852
vt1 0.694336 0.050293
vt1 0.727539 0.044922
vt1 0.762207 0.042480
vt1 0.727539 0.047852
vt1 0.727539 0.050293
vt1 0.762207 0.044922
vt1 0.796875 0.042480
vt1 0.762207 0.047852
vt1 0.762207 0.050293
vt1 0.796875 0.044922
vt1 0.833496 0.042480
vt1 0.796875 0.047852
vt1 0.796875 0.050293
vt1 0.833496 0.044922
vt1 0.870117 0.042480
vt1 0.833496 0.047852
vt1 0.833496 0.050293
vt1 0.870605 0.044922
vt1 0.950195 0.042480
vt1 0.949707 0.044922
vt1 0.949219 0.047363
vt1 0.870605 0.047852
vt1 0.870605 0.050293
vt1 0.948242 0.050293
vt1 0.145630 0.951935
vt1 0.131592 0.952118
vt1 0.132324 0.949493
vt1 0.151001 0.949341
vt1 0.133057 0.946869
vt1 0.179077 0.951904
vt1 0.150635 0.946716
vt1 0.133179 0.944153
vt1 0.145508 0.944122
vt1 0.165649 0.944092
vt1 0.191284 0.949280
vt1 0.221680 0.951843
vt1 0.191284 0.946655
vt1 0.191406 0.944031
vt1 0.221680 0.949249
vt1 0.255615 0.951813
vt1 0.221680 0.946625
vt1 0.221802 0.944031
vt1 0.255615 0.949219
vt1 0.291748 0.951782
vt1 0.255615 0.946625
vt1 0.255615 0.944000
vt1 0.291748 0.949188
vt1 0.329102 0.951965
vt1 0.310303 0.946686
vt1 0.291748 0.943970
vt1 0.329102 0.949371
vt1 0.366455 0.951477
vt1 0.329102 0.943939
vt1 0.387939 0.948944
vt1 0.402588 0.951721
vt1 0.436768 0.951630
vt1 0.387207 0.946442
vt1 0.366455 0.943939
vt1 0.402588 0.943939
vt1 0.436768 0.949036
vt1 0.467529 0.951569
vt1 0.452637 0.946442
vt1 0.436768 0.943878
vt1 0.467529 0.948975
vt1 0.494141 0.951538
vt1 0.467529 0.943817
vt1 0.494141 0.948944
vt1 0.515625 0.952026
vt1 0.515625 0.949432
vt1 0.494141 0.946411
vt1 0.494141 0.943848
vt1 0.516113 0.946808
vt1 0.516113 0.944153
vt1 0.145508 0.944122
vt1 0.133179 0.944153
vt1 0.132446 0.941437
vt1 0.150024 0.941528
vt1 0.165649 0.944092
vt1 0.131592 0.938721
vt1 0.191406 0.944031
vt1 0.150513 0.938965
vt1 0.131470 0.936096
vt1 0.145630 0.936401
vt1 0.179199 0.936218
vt1 0.191406 0.941437
vt1 0.221802 0.944031
vt1 0.191406 0.938812
vt1 0.221802 0.941406
vt1 0.255615 0.944000
vt1 0.221802 0.938812
vt1 0.221802 0.936218
vt1 0.255615 0.941406
vt1 0.291748 0.943970
vt1 0.255615 0.938782
vt1 0.255615 0.936218
vt1 0.291748 0.941376
vt1 0.329102 0.943939
vt1 0.310547 0.938568
vt1 0.291748 0.936218
vt1 0.329102 0.941162
vt1 0.366455 0.943939
vt1 0.329102 0.935913
vt1 0.387695 0.941498
vt1 0.402588 0.943939
vt1 0.436768 0.943878
vt1 0.386963 0.938934
vt1 0.366455 0.936401
vt1 0.402832 0.936157
vt1 0.436768 0.941284
vt1 0.467529 0.943817
vt1 0.453125 0.938660
vt1 0.436768 0.936096
vt1 0.467529 0.941254
vt1 0.494141 0.943848
vt1 0.467529 0.936096
vt1 0.494141 0.941284
vt1 0.516113 0.944153
vt1 0.515625 0.941528
vt1 0.494141 0.938721
vt1 0.494141 0.936157
vt1 0.515625 0.938965
vt1 0.515625 0.936401
vt1 0.163574 0.880493
vt1 0.141113 0.880127
vt1 0.141235 0.877869
vt1 0.168945 0.878296
vt1 0.172241 0.880859
vt1 0.141235 0.875671
vt1 0.178467 0.881165
vt1 0.163452 0.875793
vt1 0.140869 0.873413
vt1 0.163208 0.873535
vt1 0.179810 0.878662
vt1 0.187866 0.880981
vt1 0.175537 0.875977
vt1 0.171997 0.873535
vt1 0.179077 0.873657
vt1 0.186646 0.876038
vt1 0.196167 0.873779
vt1 0.198730 0.878601
vt1 0.201660 0.880981
vt1 0.218872 0.880981
vt1 0.216309 0.875916
vt1 0.218506 0.873657
vt1 0.218750 0.878601
vt1 0.237549 0.880981
vt1 0.237183 0.875977
vt1 0.237061 0.873657
vt1 0.237427 0.878601
vt1 0.258057 0.880920
vt1 0.257812 0.878540
vt1 0.280029 0.880798
vt1 0.257324 0.875977
vt1 0.257324 0.873657
vt1 0.279785 0.878418
vt1 0.303467 0.880676
vt1 0.279541 0.875977
vt1 0.279297 0.873657
vt1 0.303223 0.878357
vt1 0.327881 0.880615
vt1 0.303223 0.875977
vt1 0.302979 0.873657
vt1 0.327881 0.878296
vt1 0.353027 0.880676
vt1 0.327881 0.875977
vt1 0.327881 0.873657
vt1 0.353027 0.878357
vt1 0.378662 0.880859
vt1 0.353271 0.875977
vt1 0.353271 0.873657
vt1 0.378906 0.878540
vt1 0.404541 0.881104
vt1 0.379150 0.876038
vt1 0.379395 0.873657
vt1 0.404785 0.878723
vt1 0.431396 0.881287
vt1 0.405273 0.876038
vt1 0.405518 0.873657
vt1 0.431641 0.878845
vt1 0.459961 0.881165
vt1 0.431885 0.876099
vt1 0.432129 0.873779
vt1 0.459961 0.878723
vt1 0.491699 0.880737
vt1 0.459961 0.875977
vt1 0.460205 0.873657
vt1 0.491699 0.878357
vt1 0.491699 0.875793
vt1 0.491943 0.873413
vt1 0.523438 0.873291
vt1 0.523926 0.875916
vt1 0.531250 0.872559
vt1 0.532227 0.875000
vt1 0.524902 0.878357
vt1 0.534180 0.877563
vt1 0.525391 0.880676
vt1 0.535156 0.879883
vt1 0.163208 0.873535
vt1 0.140869 0.873413
vt1 0.140625 0.871216
vt1 0.168823 0.871338
vt1 0.171997 0.873535
vt1 0.140625 0.868896
vt1 0.179077 0.873657
vt1 0.163330 0.869019
vt1 0.140747 0.866577
vt1 0.163330 0.866699
vt1 0.179688 0.871094
vt1 0.196289 0.873657
vt1 0.176025 0.868530
vt1 0.172363 0.866333
vt1 0.178955 0.866089
vt1 0.186890 0.868652
vt1 0.188232 0.866333
vt1 0.198242 0.871338
vt1 0.218506 0.873657
vt1 0.201538 0.868652
vt1 0.201660 0.866333
vt1 0.218506 0.871216
vt1 0.237061 0.873657
vt1 0.218628 0.868530
vt1 0.218750 0.866211
vt1 0.237183 0.871216
vt1 0.257324 0.873657
vt1 0.237427 0.868530
vt1 0.237549 0.866211
vt1 0.257568 0.871216
vt1 0.279297 0.873657
vt1 0.257812 0.868652
vt1 0.257812 0.866333
vt1 0.279541 0.871216
vt1 0.302979 0.873657
vt1 0.279785 0.868774
vt1 0.280029 0.866455
vt1 0.303223 0.871216
vt1 0.327881 0.873657
vt1 0.303223 0.868896
vt1 0.303467 0.866577
vt1 0.327881 0.871338
vt1 0.353271 0.873657
vt1 0.327881 0.868896
vt1 0.327881 0.866577
vt1 0.353271 0.871216
vt1 0.379395 0.873657
vt1 0.353027 0.868896
vt1 0.353027 0.866577
vt1 0.379150 0.871216
vt1 0.405518 0.873657
vt1 0.378662 0.868774
vt1 0.378662 0.866455
vt1 0.405273 0.871338
vt1 0.432129 0.873779
vt1 0.404785 0.868652
vt1 0.404541 0.866333
vt1 0.431885 0.871216
vt1 0.460205 0.873657
vt1 0.431641 0.868530
vt1 0.431396 0.866211
vt1 0.460205 0.871216
vt1 0.491943 0.873413
vt1 0.459961 0.868408
vt1 0.459961 0.866089
vt1 0.491943 0.871094
vt1 0.523438 0.873291
vt1 0.491699 0.868530
vt1 0.491699 0.866211
vt1 0.523926 0.870850
vt1 0.531250 0.872559
vt1 0.532227 0.870850
vt1 0.524414 0.868530
vt1 0.524902 0.865723
vt1 0.533203 0.868896
vt1 0.534668 0.865845
vt1 0.150757 0.476562
vt1 0.138428 0.475098
vt1 0.139648 0.473145
vt1 0.151733 0.474609
vt1 0.141968 0.471191
vt1 0.177124 0.476074
vt1 0.154541 0.471680
vt1 0.143677 0.469238
vt1 0.156372 0.469238
vt1 0.177246 0.473633
vt1 0.216797 0.477539
vt1 0.177368 0.471680
vt1 0.177246 0.469238
vt1 0.216797 0.475098
vt1 0.257568 0.476074
vt1 0.216797 0.472656
vt1 0.216797 0.470215
vt1 0.257568 0.473633
vt1 0.299561 0.477051
vt1 0.257568 0.471191
vt1 0.257568 0.469238
vt1 0.299561 0.474609
vt1 0.343018 0.476074
vt1 0.299561 0.472656
vt1 0.299561 0.470215
vt1 0.343018 0.473633
vt1 0.387939 0.477051
vt1 0.343018 0.471191
vt1 0.343018 0.468750
vt1 0.388184 0.474609
vt1 0.434570 0.478027
vt1 0.388184 0.472168
vt1 0.388184 0.469727
vt1 0.434570 0.475586
vt1 0.482666 0.476562
vt1 0.434570 0.473633
vt1 0.434570 0.471191
vt1 0.482666 0.474121
vt1 0.532715 0.477539
vt1 0.482666 0.471680
vt1 0.482666 0.469727
vt1 0.532715 0.475586
vt1 0.584473 0.476074
vt1 0.532715 0.473145
vt1 0.532715 0.470703
vt1 0.584473 0.474121
vt1 0.639160 0.477539
vt1 0.584473 0.471680
vt1 0.584961 0.469238
vt1 0.639160 0.475586
vt1 0.696289 0.476074
vt1 0.639160 0.473145
vt1 0.639160 0.470703
vt1 0.696289 0.473633
vt1 0.757324 0.478027
vt1 0.757324 0.475586
vt1 0.696777 0.471191
vt1 0.696777 0.469238
vt1 0.757324 0.473145
vt1 0.757324 0.470703
vt1 0.140747 0.465332
vt1 0.138550 0.462891
vt1 0.150879 0.461914
vt1 0.152710 0.464844
vt1 0.142822 0.466797
vt1 0.177368 0.462402
vt1 0.155518 0.467285
vt1 0.143677 0.469238
vt1 0.156372 0.469238
vt1 0.177124 0.464844
vt1 0.177124 0.466797
vt1 0.177246 0.469238
vt1 0.216797 0.470215
vt1 0.216797 0.468262
vt1 0.257568 0.469238
vt1 0.216797 0.465820
vt1 0.216797 0.463379
vt1 0.257568 0.466797
vt1 0.299561 0.470215
vt1 0.257568 0.464355
vt1 0.257568 0.462402
vt1 0.299561 0.467773
vt1 0.343018 0.468750
vt1 0.299561 0.465332
vt1 0.299561 0.462891
vt1 0.343018 0.466309
vt1 0.388184 0.469727
vt1 0.343018 0.464355
vt1 0.343018 0.461914
vt1 0.388184 0.467773
vt1 0.434570 0.471191
vt1 0.388184 0.465332
vt1 0.388184 0.462891
vt1 0.434570 0.468750
vt1 0.482666 0.469727
vt1 0.434570 0.466309
vt1 0.434570 0.463867
vt1 0.482666 0.467285
vt1 0.532715 0.470703
vt1 0.482666 0.464844
vt1 0.482666 0.462891
vt1 0.532715 0.468262
vt1 0.584961 0.469238
vt1 0.532715 0.466309
vt1 0.532715 0.463867
vt1 0.584473 0.466797
vt1 0.639160 0.470703
vt1 0.584473 0.464844
vt1 0.584473 0.462402
vt1 0.639160 0.468262
vt1 0.696777 0.469238
vt1 0.639160 0.466309
vt1 0.639160 0.463867
vt1 0.696777 0.466797
vt1 0.757324 0.470703
vt1 0.757324 0.468750
vt1 0.696777 0.464355
vt1 0.696289 0.461914
vt1 0.757324 0.466309
vt1 0.757324 0.463867
vt1 0.740234 0.933899
vt1 0.739746 0.957825
vt1 0.737305 0.957855
vt1 0.737793 0.933899
vt1 0.734375 0.958008
vt1 0.740234 0.912537
vt1 0.735352 0.934021
vt1 0.731934 0.958160
vt1 0.732422 0.934143
vt1 0.737793 0.912537
vt1 0.740723 0.893311
vt1 0.735352 0.912598
vt1 0.732910 0.912659
vt1 0.737793 0.893311
vt1 0.740723 0.875793
vt1 0.735352 0.893372
vt1 0.732910 0.893372
vt1 0.737793 0.875793
vt1 0.740723 0.859619
vt1 0.735352 0.875854
vt1 0.732910 0.875854
vt1 0.738281 0.859619
vt1 0.740723 0.844482
vt1 0.735352 0.859741
vt1 0.732910 0.859741
vt1 0.737793 0.844482
vt1 0.740723 0.829834
vt1 0.735352 0.844482
vt1 0.732910 0.844482
vt1 0.738281 0.824219
vt1 0.740723 0.815674
vt1 0.740723 0.801758
vt1 0.735840 0.829834
vt1 0.732910 0.829834
vt1 0.738281 0.801758
vt1 0.740723 0.780273
vt1 0.735840 0.815674
vt1 0.732910 0.815674
vt1 0.738281 0.782471
vt1 0.740234 0.760864
vt1 0.735840 0.801758
vt1 0.732910 0.801758
vt1 0.737793 0.760864
vt1 0.740234 0.746582
vt1 0.737305 0.745850
vt1 0.735840 0.781250
vt1 0.732910 0.782104
vt1 0.734863 0.760864
vt1 0.734863 0.747314
vt1 0.732422 0.760742
vt1 0.731934 0.749023
vt1 0.732422 0.934143
vt1 0.731934 0.958160
vt1 0.729004 0.958099
vt1 0.729980 0.934082
vt1 0.726562 0.957947
vt1 0.732910 0.912659
vt1 0.727539 0.934021
vt1 0.724121 0.957794
vt1 0.724609 0.933899
vt1 0.729980 0.912659
vt1 0.732910 0.893372
vt1 0.727539 0.912598
vt1 0.725098 0.912598
vt1 0.729980 0.893372
vt1 0.732910 0.875854
vt1 0.727539 0.893372
vt1 0.725098 0.893372
vt1 0.729980 0.875916
vt1 0.732910 0.859741
vt1 0.727539 0.875916
vt1 0.725098 0.875854
vt1 0.730469 0.859741
vt1 0.732910 0.844482
vt1 0.727539 0.859741
vt1 0.725098 0.859741
vt1 0.730469 0.844482
vt1 0.732910 0.829834
vt1 0.728027 0.844604
vt1 0.725098 0.844604
vt1 0.729980 0.824219
vt1 0.732910 0.815674
vt1 0.732910 0.801758
vt1 0.727539 0.823120
vt1 0.725098 0.829956
vt1 0.725098 0.815796
vt1 0.730469 0.801758
vt1 0.732910 0.782104
vt1 0.728027 0.801880
vt1 0.725098 0.801880
vt1 0.730469 0.782593
vt1 0.732422 0.760742
vt1 0.728027 0.781494
vt1 0.725098 0.780518
vt1 0.729980 0.760864
vt1 0.731934 0.749023
vt1 0.729004 0.749756
vt1 0.727051 0.761108
vt1 0.724609 0.761230
vt1 0.726562 0.748535
vt1 0.723633 0.746826
vt1 0.895020 0.100586
vt1 0.950195 0.101074
vt1 0.950684 0.103516
vt1 0.895020 0.103516
vt1 0.949219 0.106445
vt1 0.838867 0.100586
vt1 0.895020 0.105957
vt1 0.947754 0.108887
vt1 0.895020 0.108398
vt1 0.838867 0.103027
vt1 0.780273 0.100586
vt1 0.838867 0.105469
vt1 0.838867 0.108398
vt1 0.780273 0.103027
vt1 0.720215 0.100586
vt1 0.780273 0.105469
vt1 0.780273 0.108398
vt1 0.720703 0.103027
vt1 0.659180 0.100586
vt1 0.720215 0.105469
vt1 0.720215 0.108398
vt1 0.643555 0.103027
vt1 0.617188 0.100586
vt1 0.659180 0.105469
vt1 0.659180 0.108398
vt1 0.614746 0.108398
vt1 0.627930 0.105469
vt1 0.577148 0.105469
vt1 0.556152 0.108398
vt1 0.574707 0.103027
vt1 0.564941 0.100098
vt1 0.510742 0.105469
vt1 0.501465 0.108398
vt1 0.469238 0.108398
vt1 0.508301 0.103027
vt1 0.533203 0.100098
vt1 0.501465 0.100586
vt1 0.447510 0.105957
vt1 0.436768 0.108398
vt1 0.404297 0.108398
vt1 0.445068 0.103027
vt1 0.469238 0.100586
vt1 0.436768 0.100586
vt1 0.404297 0.105469
vt1 0.371094 0.108398
vt1 0.380371 0.103027
vt1 0.404297 0.100586
vt1 0.371094 0.105469
vt1 0.338135 0.108398
vt1 0.371094 0.100586
vt1 0.338135 0.105469
vt1 0.304199 0.108398
vt1 0.313721 0.103027
vt1 0.338135 0.100586
vt1 0.304199 0.105469
vt1 0.270508 0.108398
vt1 0.304443 0.100586
vt1 0.270508 0.105469
vt1 0.270508 0.103027
vt1 0.270508 0.100586
vt1 0.201294 0.100586
vt1 0.201294 0.103027
vt1 0.128540 0.100586
vt1 0.128662 0.103027
vt1 0.201172 0.105469
vt1 0.129517 0.105957
vt1 0.201050 0.108398
vt1 0.130127 0.108398
vt1 0.895020 0.108398
vt1 0.947754 0.108887
vt1 0.947266 0.111816
vt1 0.895020 0.111328
vt1 0.948242 0.114258
vt1 0.838867 0.108398
vt1 0.895020 0.113770
vt1 0.950195 0.116699
vt1 0.895020 0.116211
vt1 0.838867 0.110840
vt1 0.780273 0.108398
vt1 0.838867 0.113281
vt1 0.838867 0.116211
vt1 0.780273 0.110840
vt1 0.720215 0.108398
vt1 0.780273 0.113281
vt1 0.780273 0.115723
vt1 0.720215 0.110840
vt1 0.659180 0.108398
vt1 0.720215 0.113281
vt1 0.720215 0.116211
vt1 0.643555 0.110840
vt1 0.614746 0.108398
vt1 0.659180 0.113281
vt1 0.659180 0.116211
vt1 0.617188 0.116211
vt1 0.627930 0.113281
vt1 0.577148 0.113281
vt1 0.564941 0.116211
vt1 0.533203 0.116211
vt1 0.574707 0.110840
vt1 0.556152 0.108398
vt1 0.510742 0.113770
vt1 0.501465 0.116211
vt1 0.469238 0.115723
vt1 0.508301 0.110840
vt1 0.501465 0.108398
vt1 0.447754 0.113281
vt1 0.436768 0.115723
vt1 0.404297 0.116211
vt1 0.445068 0.110840
vt1 0.469238 0.108398
vt1 0.436768 0.108398
vt1 0.404297 0.113281
vt1 0.371094 0.116211
vt1 0.380127 0.110840
vt1 0.404297 0.108398
vt1 0.371094 0.113281
vt1 0.338135 0.116211
vt1 0.371094 0.108398
vt1 0.338135 0.113281
vt1 0.304199 0.116211
vt1 0.313721 0.110840
vt1 0.338135 0.108398
vt1 0.304199 0.113281
vt1 0.270508 0.116211
vt1 0.304199 0.108398
vt1 0.270508 0.113281
vt1 0.270508 0.110840
vt1 0.270508 0.108398
vt1 0.201050 0.108398
vt1 0.201050 0.110840
vt1 0.130127 0.108398
vt1 0.130005 0.110840
vt1 0.201172 0.113281
vt1 0.129028 0.113770
vt1 0.201172 0.116211
vt1 0.128296 0.116211
vt1 0.957031 0.401855
vt1 0.957031 0.422852
vt1 0.954590 0.422852
vt1 0.954590 0.386719
vt1 0.957520 0.379395
vt1 0.952148 0.421875
vt1 0.957520 0.353516
vt1 0.952148 0.382812
vt1 0.949219 0.420898
vt1 0.949219 0.401855
vt1 0.949707 0.379395
vt1 0.954590 0.353516
vt1 0.957520 0.323242
vt1 0.952148 0.353516
vt1 0.949707 0.353516
vt1 0.954590 0.323242
vt1 0.957031 0.286133
vt1 0.952148 0.323242
vt1 0.949707 0.323242
vt1 0.954590 0.286133
vt1 0.957031 0.240723
vt1 0.952148 0.286133
vt1 0.949707 0.286133
vt1 0.954590 0.240723
vt1 0.957031 0.213867
vt1 0.954590 0.213867
vt1 0.952148 0.240723
vt1 0.949219 0.240234
vt1 0.951660 0.213867
vt1 0.949219 0.213379
vt1 0.949219 0.401855
vt1 0.949219 0.420898
vt1 0.946777 0.421387
vt1 0.946777 0.387207
vt1 0.949707 0.379395
vt1 0.943848 0.422363
vt1 0.949707 0.353516
vt1 0.944336 0.382812
vt1 0.941406 0.422852
vt1 0.941406 0.401855
vt1 0.941895 0.379395
vt1 0.946777 0.353516
vt1 0.949707 0.323242
vt1 0.944336 0.353516
vt1 0.941895 0.353516
vt1 0.946777 0.323242
vt1 0.949707 0.286133
vt1 0.944336 0.323242
vt1 0.941895 0.323242
vt1 0.946777 0.286133
vt1 0.949219 0.240234
vt1 0.944336 0.286133
vt1 0.941895 0.286133
vt1 0.946777 0.240234
vt1 0.949219 0.213379
vt1 0.946289 0.213379
vt1 0.944336 0.240234
vt1 0.941406 0.240723
vt1 0.943848 0.213379
vt1 0.941406 0.213867
vt1 0.552734 0.794312
vt1 0.563477 0.794556
vt1 0.562988 0.796997
vt1 0.552734 0.796753
vt1 0.562500 0.799316
vt1 0.534668 0.794556
vt1 0.552734 0.799194
vt1 0.562500 0.801758
vt1 0.552734 0.801758
vt1 0.536133 0.796875
vt1 0.510254 0.795288
vt1 0.533203 0.799316
vt1 0.537109 0.801758
vt1 0.511230 0.797607
vt1 0.502930 0.795288
vt1 0.510254 0.800049
vt1 0.508789 0.802490
vt1 0.502930 0.797607
vt1 0.452881 0.795044
vt1 0.503418 0.799927
vt1 0.503418 0.802368
vt1 0.453125 0.797485
vt1 0.453369 0.799927
vt1 0.453613 0.802246
vt1 0.433350 0.797485
vt1 0.433350 0.795044
vt1 0.413574 0.795044
vt1 0.433594 0.799805
vt1 0.433594 0.802246
vt1 0.413574 0.802246
vt1 0.402100 0.797363
vt1 0.397217 0.795044
vt1 0.381104 0.795044
vt1 0.401611 0.799805
vt1 0.397461 0.802246
vt1 0.381104 0.802246
vt1 0.381104 0.797485
vt1 0.371826 0.799805
vt1 0.366699 0.802246
vt1 0.352295 0.802246
vt1 0.366699 0.797485
vt1 0.366699 0.795044
vt1 0.352295 0.795044
vt1 0.352295 0.797485
vt1 0.342773 0.799805
vt1 0.338379 0.802246
vt1 0.324707 0.802246
vt1 0.334473 0.797363
vt1 0.338379 0.795044
vt1 0.324707 0.794922
vt1 0.315186 0.799805
vt1 0.310791 0.802124
vt1 0.296875 0.802124
vt1 0.310791 0.797363
vt1 0.310791 0.794922
vt1 0.296875 0.794922
vt1 0.287842 0.799683
vt1 0.276367 0.802124
vt1 0.287109 0.797241
vt1 0.276123 0.794922
vt1 0.260742 0.799683
vt1 0.246704 0.802124
vt1 0.252441 0.797241
vt1 0.247314 0.794922
vt1 0.213867 0.795044
vt1 0.228882 0.799805
vt1 0.213989 0.802246
vt1 0.213501 0.797485
vt1 0.167725 0.794434
vt1 0.170898 0.799316
vt1 0.172363 0.801758
vt1 0.169922 0.796753
vt1 0.155762 0.793701
vt1 0.155762 0.798706
vt1 0.155640 0.801147
vt1 0.155762 0.796143
vt1 0.147827 0.793823
vt1 0.148682 0.796143
vt1 0.148926 0.798340
vt1 0.147949 0.800659
vt1 0.552734 0.801758
vt1 0.562500 0.801758
vt1 0.562988 0.804199
vt1 0.552734 0.804199
vt1 0.563477 0.806519
vt1 0.537109 0.801758
vt1 0.552246 0.806641
vt1 0.563477 0.808960
vt1 0.552734 0.808960
vt1 0.535645 0.804199
vt1 0.508789 0.802490
vt1 0.533203 0.806641
vt1 0.534180 0.808960
vt1 0.509766 0.804810
vt1 0.503418 0.802368
vt1 0.509277 0.807129
vt1 0.509766 0.809692
vt1 0.502930 0.805054
vt1 0.453613 0.802246
vt1 0.502441 0.807495
vt1 0.502441 0.809937
vt1 0.453369 0.804688
vt1 0.433594 0.802246
vt1 0.452881 0.807129
vt1 0.452637 0.809448
vt1 0.432861 0.809448
vt1 0.433105 0.807129
vt1 0.433350 0.804688
vt1 0.404053 0.807129
vt1 0.413330 0.809448
vt1 0.396973 0.809448
vt1 0.413574 0.804688
vt1 0.413574 0.802246
vt1 0.397461 0.802246
vt1 0.397217 0.804688
vt1 0.373535 0.807129
vt1 0.380859 0.809448
vt1 0.366699 0.809448
vt1 0.380859 0.804688
vt1 0.381104 0.802246
vt1 0.366699 0.802246
vt1 0.366699 0.804688
vt1 0.344727 0.807007
vt1 0.352295 0.809448
vt1 0.338623 0.809448
vt1 0.344482 0.804688
vt1 0.352295 0.802246
vt1 0.338379 0.802246
vt1 0.317383 0.807007
vt1 0.324951 0.809448
vt1 0.311035 0.809448
vt1 0.317139 0.804565
vt1 0.324707 0.802246
vt1 0.310791 0.802124
vt1 0.289062 0.806885
vt1 0.297119 0.809326
vt1 0.276367 0.809326
vt1 0.289307 0.804565
vt1 0.296875 0.802124
vt1 0.276367 0.802002
vt1 0.260986 0.806885
vt1 0.247559 0.809448
vt1 0.262451 0.804565
vt1 0.246704 0.802124
vt1 0.229126 0.807007
vt1 0.214111 0.809448
vt1 0.226929 0.804810
vt1 0.213989 0.802246
vt1 0.172241 0.801758
vt1 0.159424 0.806396
vt1 0.167603 0.808838
vt1 0.169922 0.803955
vt1 0.155640 0.801147
vt1 0.155151 0.808228
vt1 0.155396 0.803589
vt1 0.147949 0.800659
vt1 0.146729 0.802979
vt1 0.146240 0.805420
vt1 0.146851 0.807983
vt1 0.683594 0.596680
vt1 0.691895 0.595947
vt1 0.691406 0.598389
vt1 0.684082 0.598877
vt1 0.690918 0.600830
vt1 0.644043 0.597412
vt1 0.684082 0.601318
vt1 0.691895 0.603271
vt1 0.686035 0.603760
vt1 0.644043 0.599854
vt1 0.613281 0.597412
vt1 0.644043 0.602295
vt1 0.644043 0.604736
vt1 0.613281 0.599854
vt1 0.577148 0.597168
vt1 0.613281 0.602051
vt1 0.613281 0.604492
vt1 0.577148 0.599609
vt1 0.564453 0.602051
vt1 0.577637 0.604492
vt1 0.557129 0.604492
vt1 0.523438 0.604248
vt1 0.550781 0.599609
vt1 0.557129 0.597168
vt1 0.522461 0.597168
vt1 0.508789 0.601807
vt1 0.492676 0.604248
vt1 0.508789 0.599365
vt1 0.492676 0.596924
vt1 0.465332 0.601807
vt1 0.462891 0.604248
vt1 0.465088 0.599365
vt1 0.462402 0.596924
vt1 0.410645 0.601807
vt1 0.419922 0.604248
vt1 0.394775 0.604248
vt1 0.367920 0.604248
vt1 0.412842 0.599365
vt1 0.419922 0.597168
vt1 0.394775 0.597168
vt1 0.359131 0.601807
vt1 0.341064 0.604248
vt1 0.367920 0.599365
vt1 0.358887 0.597168
vt1 0.312500 0.604248
vt1 0.316406 0.599365
vt1 0.312500 0.597168
vt1 0.283691 0.597168
vt1 0.301025 0.601807
vt1 0.283691 0.604248
vt1 0.252686 0.604248
vt1 0.283691 0.599365
vt1 0.252686 0.597168
vt1 0.252686 0.601807
vt1 0.221802 0.604248
vt1 0.252686 0.599365
vt1 0.221802 0.597168
vt1 0.153931 0.604492
vt1 0.153564 0.602051
vt1 0.221680 0.599365
vt1 0.153442 0.597412
vt1 0.153320 0.599609
vt1 0.221680 0.601807
vt1 0.686035 0.603760
vt1 0.691895 0.603271
vt1 0.692871 0.605469
vt1 0.684082 0.606201
vt1 0.693359 0.607910
vt1 0.644043 0.604736
vt1 0.684082 0.608643
vt1 0.692871 0.610352
vt1 0.684082 0.611084
vt1 0.644043 0.607178
vt1 0.613281 0.604492
vt1 0.644043 0.609619
vt1 0.644043 0.611816
vt1 0.613770 0.606934
vt1 0.577637 0.604492
vt1 0.613770 0.609375
vt1 0.613770 0.611816
vt1 0.577637 0.606934
vt1 0.557129 0.604492
vt1 0.563477 0.609131
vt1 0.577637 0.611572
vt1 0.557129 0.611572
vt1 0.522461 0.611572
vt1 0.548340 0.606689
vt1 0.523438 0.604248
vt1 0.514648 0.609131
vt1 0.492920 0.611572
vt1 0.514648 0.606689
vt1 0.492676 0.604248
vt1 0.475830 0.609131
vt1 0.462646 0.611572
vt1 0.476074 0.606689
vt1 0.462891 0.604248
vt1 0.413330 0.609131
vt1 0.420166 0.611572
vt1 0.394775 0.611572
vt1 0.358887 0.611328
vt1 0.413818 0.606689
vt1 0.419922 0.604248
vt1 0.394775 0.604248
vt1 0.361328 0.609131
vt1 0.362305 0.606689
vt1 0.367920 0.604248
vt1 0.341064 0.604248
vt1 0.304688 0.609131
vt1 0.312500 0.611572
vt1 0.283936 0.611572
vt1 0.303711 0.606689
vt1 0.312500 0.604248
vt1 0.283691 0.604248
vt1 0.252930 0.609131
vt1 0.252930 0.611572
vt1 0.252930 0.606689
vt1 0.252686 0.604248
vt1 0.222046 0.609131
vt1 0.222046 0.611572
vt1 0.221924 0.606689
vt1 0.221802 0.604248
vt1 0.153931 0.604492
vt1 0.153931 0.607178
vt1 0.154053 0.609375
vt1 0.153809 0.611816
vt1 0.809570 0.803467
vt1 0.808594 0.810913
vt1 0.806152 0.810425
vt1 0.807129 0.801392
vt1 0.804199 0.809570
vt1 0.809570 0.789551
vt1 0.805176 0.800659
vt1 0.802246 0.809082
vt1 0.802246 0.802734
vt1 0.802734 0.788818
vt1 0.807617 0.778320
vt1 0.810059 0.770386
vt1 0.805176 0.776123
vt1 0.802734 0.770752
vt1 0.807617 0.752441
vt1 0.810059 0.752441
vt1 0.810059 0.741211
vt1 0.806152 0.741455
vt1 0.805176 0.752197
vt1 0.802734 0.749512
vt1 0.802734 0.741943
vt1 0.795410 0.752197
vt1 0.795898 0.740967
vt1 0.798340 0.741455
vt1 0.797852 0.751709
vt1 0.795410 0.770142
vt1 0.800781 0.741699
vt1 0.797852 0.768799
vt1 0.795410 0.789307
vt1 0.800293 0.752197
vt1 0.802734 0.741943
vt1 0.802734 0.749512
vt1 0.797852 0.788452
vt1 0.794922 0.803101
vt1 0.800293 0.770874
vt1 0.802734 0.770752
vt1 0.797363 0.802612
vt1 0.795410 0.810303
vt1 0.797852 0.809814
vt1 0.799805 0.808960
vt1 0.800293 0.796143
vt1 0.802734 0.788818
vt1 0.802246 0.802734
vt1 0.802246 0.809082
vt1 0.758789 0.336426
vt1 0.788086 0.336426
vt1 0.788086 0.339355
vt1 0.758789 0.339355
vt1 0.787598 0.342285
vt1 0.739746 0.336426
vt1 0.758789 0.342285
vt1 0.787598 0.344727
vt1 0.758789 0.345215
vt1 0.731445 0.339355
vt1 0.721191 0.336914
vt1 0.703613 0.336914
vt1 0.739746 0.342285
vt1 0.739746 0.345215
vt1 0.703613 0.339355
vt1 0.687500 0.336426
vt1 0.721191 0.342285
vt1 0.721191 0.345215
vt1 0.687500 0.339355
vt1 0.672363 0.336914
vt1 0.703613 0.342285
vt1 0.703613 0.345215
vt1 0.672363 0.339844
vt1 0.625977 0.336426
vt1 0.687500 0.342285
vt1 0.687500 0.345215
vt1 0.625977 0.339355
vt1 0.581543 0.336426
vt1 0.672852 0.342285
vt1 0.673340 0.345215
vt1 0.581543 0.339355
vt1 0.538086 0.336426
vt1 0.626465 0.342285
vt1 0.626465 0.345215
vt1 0.538086 0.339355
vt1 0.494629 0.336426
vt1 0.582031 0.342285
vt1 0.582031 0.345215
vt1 0.494629 0.339355
vt1 0.451172 0.336426
vt1 0.538086 0.342285
vt1 0.538086 0.345215
vt1 0.451172 0.339355
vt1 0.407715 0.336426
vt1 0.494629 0.342285
vt1 0.494629 0.345215
vt1 0.407715 0.339355
vt1 0.364502 0.336426
vt1 0.451172 0.342285
vt1 0.451172 0.345215
vt1 0.364502 0.339355
vt1 0.322266 0.336426
vt1 0.407715 0.342285
vt1 0.407715 0.345215
vt1 0.322266 0.339355
vt1 0.281250 0.336426
vt1 0.364502 0.342285
vt1 0.364502 0.345215
vt1 0.281250 0.339355
vt1 0.242188 0.336426
vt1 0.322266 0.342285
vt1 0.322266 0.345215
vt1 0.242188 0.339355
vt1 0.205811 0.336426
vt1 0.281250 0.342285
vt1 0.281250 0.345215
vt1 0.205811 0.339355
vt1 0.172729 0.336914
vt1 0.242188 0.342285
vt1 0.242188 0.345215
vt1 0.172607 0.339355
vt1 0.141968 0.335938
vt1 0.142822 0.338867
vt1 0.205688 0.342285
vt1 0.205688 0.345215
vt1 0.172607 0.342285
vt1 0.144165 0.342285
vt1 0.172485 0.345215
vt1 0.144653 0.345215
vt1 0.758789 0.345215
vt1 0.787598 0.344727
vt1 0.787598 0.347656
vt1 0.758789 0.348145
vt1 0.788086 0.350586
vt1 0.739746 0.345215
vt1 0.758789 0.351074
vt1 0.788086 0.353516
vt1 0.758789 0.354004
vt1 0.731445 0.348145
vt1 0.721191 0.345215
vt1 0.703613 0.345215
vt1 0.739746 0.351074
vt1 0.739746 0.354004
vt1 0.703613 0.348145
vt1 0.687500 0.345215
vt1 0.721191 0.351074
vt1 0.721191 0.354004
vt1 0.687500 0.348145
vt1 0.673340 0.345215
vt1 0.703613 0.351074
vt1 0.703613 0.354004
vt1 0.673340 0.348145
vt1 0.626465 0.345215
vt1 0.687500 0.351074
vt1 0.687500 0.354004
vt1 0.626465 0.348145
vt1 0.582031 0.345215
vt1 0.672852 0.351074
vt1 0.672852 0.354004
vt1 0.582031 0.348145
vt1 0.538086 0.345215
vt1 0.626465 0.351074
vt1 0.626465 0.354004
vt1 0.538086 0.348145
vt1 0.494629 0.345215
vt1 0.582031 0.351074
vt1 0.582031 0.354004
vt1 0.494873 0.348145
vt1 0.451172 0.345215
vt1 0.538086 0.351074
vt1 0.538086 0.354004
vt1 0.451172 0.348145
vt1 0.407715 0.345215
vt1 0.494873 0.351074
vt1 0.494873 0.354004
vt1 0.407715 0.348145
vt1 0.364502 0.345215
vt1 0.451416 0.351074
vt1 0.451416 0.354004
vt1 0.364502 0.348145
vt1 0.322266 0.345215
vt1 0.407715 0.351074
vt1 0.407715 0.354004
vt1 0.322266 0.348145
vt1 0.281250 0.345215
vt1 0.364746 0.351074
vt1 0.364746 0.354004
vt1 0.281250 0.348145
vt1 0.242188 0.345215
vt1 0.322266 0.351074
vt1 0.322266 0.354004
vt1 0.242188 0.348145
vt1 0.205688 0.345215
vt1 0.281250 0.351074
vt1 0.281250 0.354004
vt1 0.205688 0.348145
vt1 0.172485 0.345215
vt1 0.242188 0.351074
vt1 0.242188 0.354004
vt1 0.172607 0.348145
vt1 0.144653 0.345215
vt1 0.143921 0.348145
vt1 0.205811 0.351074
vt1 0.205811 0.354004
vt1 0.172729 0.351074
vt1 0.142578 0.351074
vt1 0.172729 0.354004
vt1 0.142090 0.354004
vt1 0.771973 0.394043
vt1 0.785645 0.393555
vt1 0.784668 0.396484
vt1 0.771973 0.396973
vt1 0.782715 0.399902
vt1 0.698242 0.394043
vt1 0.771973 0.399902
vt1 0.782227 0.402832
vt1 0.774414 0.402832
vt1 0.698730 0.396973
vt1 0.699707 0.399902
vt1 0.689453 0.402832
vt1 0.661133 0.402832
vt1 0.659668 0.399902
vt1 0.616699 0.402832
vt1 0.657715 0.396973
vt1 0.654785 0.394043
vt1 0.616211 0.399902
vt1 0.565918 0.402832
vt1 0.614258 0.396973
vt1 0.610840 0.394043
vt1 0.566406 0.399902
vt1 0.511719 0.402832
vt1 0.563965 0.396973
vt1 0.561523 0.394043
vt1 0.512695 0.399902
vt1 0.461914 0.402832
vt1 0.509766 0.396973
vt1 0.508301 0.394043
vt1 0.456055 0.399902
vt1 0.432129 0.402832
vt1 0.461914 0.396973
vt1 0.461914 0.394043
vt1 0.400146 0.402832
vt1 0.431885 0.396973
vt1 0.431885 0.394043
vt1 0.400146 0.399902
vt1 0.368408 0.402832
vt1 0.400146 0.396973
vt1 0.400146 0.394043
vt1 0.368408 0.399902
vt1 0.334473 0.402832
vt1 0.368408 0.396973
vt1 0.368408 0.394043
vt1 0.334473 0.399902
vt1 0.300537 0.402832
vt1 0.334473 0.396973
vt1 0.334473 0.394043
vt1 0.300537 0.399902
vt1 0.300537 0.396973
vt1 0.300537 0.394043
vt1 0.228027 0.394043
vt1 0.228027 0.396973
vt1 0.149414 0.394043
vt1 0.149292 0.396973
vt1 0.227905 0.399902
vt1 0.149170 0.399902
vt1 0.227905 0.402832
vt1 0.149048 0.402832
vt1 0.228149 0.411621
vt1 0.149414 0.411621
vt1 0.149414 0.408691
vt1 0.228027 0.408691
vt1 0.149170 0.405762
vt1 0.300537 0.411621
vt1 0.227905 0.405762
vt1 0.149048 0.402832
vt1 0.227905 0.402832
vt1 0.300537 0.408691
vt1 0.300537 0.405762
vt1 0.300537 0.402832
vt1 0.334473 0.402832
vt1 0.334473 0.405762
vt1 0.368408 0.402832
vt1 0.334473 0.408691
vt1 0.334473 0.411621
vt1 0.368408 0.405762
vt1 0.400146 0.402832
vt1 0.368408 0.408691
vt1 0.368408 0.411621
vt1 0.400146 0.405762
vt1 0.432129 0.402832
vt1 0.400146 0.408691
vt1 0.400146 0.411621
vt1 0.431885 0.405762
vt1 0.461914 0.402832
vt1 0.455811 0.408691
vt1 0.431885 0.411621
vt1 0.461914 0.405762
vt1 0.511719 0.402832
vt1 0.461914 0.411621
vt1 0.510742 0.405762
vt1 0.565918 0.402832
vt1 0.512695 0.408691
vt1 0.508301 0.411621
vt1 0.564453 0.405762
vt1 0.616699 0.402832
vt1 0.566406 0.408691
vt1 0.561523 0.411621
vt1 0.614258 0.405762
vt1 0.661133 0.402832
vt1 0.616211 0.408691
vt1 0.610840 0.411621
vt1 0.658203 0.405762
vt1 0.689453 0.402832
vt1 0.659668 0.408691
vt1 0.654785 0.411621
vt1 0.698730 0.405762
vt1 0.774414 0.402832
vt1 0.699707 0.408691
vt1 0.698242 0.411621
vt1 0.771973 0.411133
vt1 0.771484 0.408691
vt1 0.785645 0.411621
vt1 0.785156 0.408691
vt1 0.771973 0.405762
vt1 0.783203 0.405762
vt1 0.782227 0.402832
vt1 0.642578 0.840088
vt1 0.641113 0.837646
vt1 0.643066 0.835083
vt1 0.646973 0.838257
vt1 0.645996 0.840332
vt1 0.645996 0.834961
vt1 0.162964 0.669434
vt1 0.152344 0.668945
vt1 0.152710 0.665771
vt1 0.165527 0.666016
vt1 0.152222 0.662598
vt1 0.194946 0.670410
vt1 0.162720 0.662598
vt1 0.151489 0.659180
vt1 0.160278 0.659180
vt1 0.194458 0.666992
vt1 0.201172 0.670410
vt1 0.197021 0.663574
vt1 0.194458 0.660156
vt1 0.202515 0.660645
vt1 0.201904 0.667236
vt1 0.256592 0.670166
vt1 0.203247 0.663818
vt1 0.256836 0.666748
vt1 0.304199 0.669922
vt1 0.257324 0.663330
vt1 0.257568 0.659912
vt1 0.304443 0.666504
vt1 0.346680 0.669678
vt1 0.304688 0.663086
vt1 0.304688 0.659668
vt1 0.346680 0.666504
vt1 0.385010 0.669678
vt1 0.346924 0.663086
vt1 0.346924 0.659668
vt1 0.385010 0.666504
vt1 0.420654 0.669678
vt1 0.385010 0.663086
vt1 0.385254 0.659668
vt1 0.420654 0.666504
vt1 0.454590 0.669678
vt1 0.420654 0.663086
vt1 0.420654 0.659668
vt1 0.454590 0.666260
vt1 0.487305 0.669678
vt1 0.454590 0.663086
vt1 0.454590 0.659668
vt1 0.487305 0.666260
vt1 0.519043 0.669678
vt1 0.487305 0.663086
vt1 0.487305 0.659668
vt1 0.519043 0.666260
vt1 0.549805 0.669678
vt1 0.519043 0.663086
vt1 0.519043 0.659668
vt1 0.549805 0.666260
vt1 0.579590 0.669678
vt1 0.549805 0.663086
vt1 0.549805 0.659668
vt1 0.579102 0.666504
vt1 0.607422 0.669678
vt1 0.579102 0.663086
vt1 0.579102 0.659668
vt1 0.607422 0.666504
vt1 0.633301 0.669678
vt1 0.607422 0.663086
vt1 0.607422 0.659912
vt1 0.633301 0.666504
vt1 0.655762 0.669434
vt1 0.633301 0.663086
vt1 0.632812 0.659912
vt1 0.656250 0.665527
vt1 0.660156 0.669434
vt1 0.660645 0.666992
vt1 0.656738 0.661865
vt1 0.657227 0.658447
vt1 0.662109 0.664307
vt1 0.664062 0.661377
vt1 0.655762 0.669434
vt1 0.660156 0.669434
vt1 0.661133 0.672119
vt1 0.656250 0.673340
vt1 0.662598 0.674805
vt1 0.633301 0.669678
vt1 0.656738 0.677002
vt1 0.664062 0.677734
vt1 0.657227 0.680420
vt1 0.633301 0.673096
vt1 0.607422 0.669678
vt1 0.632812 0.676270
vt1 0.632812 0.679688
vt1 0.607422 0.673096
vt1 0.579590 0.669678
vt1 0.607422 0.676514
vt1 0.607422 0.679688
vt1 0.579102 0.673096
vt1 0.549805 0.669678
vt1 0.579102 0.676514
vt1 0.579102 0.679688
vt1 0.549805 0.673096
vt1 0.519043 0.669678
vt1 0.549805 0.676270
vt1 0.549805 0.679688
vt1 0.519043 0.673096
vt1 0.487305 0.669678
vt1 0.519043 0.676270
vt1 0.518555 0.679688
vt1 0.487305 0.673096
vt1 0.454590 0.669678
vt1 0.487061 0.676270
vt1 0.487061 0.679688
vt1 0.454590 0.673096
vt1 0.420654 0.669678
vt1 0.454590 0.676514
vt1 0.454346 0.679688
vt1 0.420654 0.673096
vt1 0.385010 0.669678
vt1 0.420654 0.676514
vt1 0.420654 0.679932
vt1 0.385010 0.673096
vt1 0.346680 0.669678
vt1 0.385010 0.676514
vt1 0.385010 0.679932
vt1 0.346436 0.673096
vt1 0.304199 0.669922
vt1 0.346436 0.676514
vt1 0.346436 0.679932
vt1 0.304199 0.673096
vt1 0.256592 0.670166
vt1 0.304199 0.676514
vt1 0.304199 0.679932
vt1 0.256348 0.673340
vt1 0.201172 0.670654
vt1 0.256592 0.676758
vt1 0.256836 0.680176
vt1 0.202148 0.673828
vt1 0.201904 0.677490
vt1 0.201904 0.680664
vt1 0.198853 0.673828
vt1 0.194946 0.670410
vt1 0.162964 0.669434
vt1 0.195190 0.677002
vt1 0.194946 0.680420
vt1 0.162842 0.672852
vt1 0.152344 0.668945
vt1 0.151001 0.674072
vt1 0.164551 0.676270
vt1 0.160278 0.679443
vt1 0.151123 0.678711
vt1 0.807617 0.492676
vt1 0.809082 0.487793
vt1 0.812012 0.488770
vt1 0.810547 0.495605
vt1 0.815430 0.490234
vt1 0.807129 0.499023
vt1 0.813965 0.496582
vt1 0.817871 0.491211
vt1 0.816895 0.499023
vt1 0.810547 0.503174
vt1 0.807129 0.505127
vt1 0.807129 0.515869
vt1 0.813477 0.503662
vt1 0.817383 0.505127
vt1 0.810547 0.515625
vt1 0.806641 0.531250
vt1 0.813965 0.515381
vt1 0.817383 0.514893
vt1 0.810059 0.531250
vt1 0.807129 0.553223
vt1 0.813477 0.540527
vt1 0.816895 0.530762
vt1 0.810547 0.552979
vt1 0.807129 0.587646
vt1 0.816895 0.552979
vt1 0.810547 0.587891
vt1 0.806641 0.611816
vt1 0.813965 0.588135
vt1 0.816895 0.585938
vt1 0.816895 0.594238
vt1 0.809570 0.612305
vt1 0.806152 0.632080
vt1 0.812988 0.612549
vt1 0.816406 0.612549
vt1 0.809570 0.631592
vt1 0.807129 0.642822
vt1 0.810547 0.642090
vt1 0.812988 0.631104
vt1 0.816406 0.631104
vt1 0.813477 0.641113
vt1 0.816406 0.641113
vt1 0.826660 0.632080
vt1 0.825684 0.643066
vt1 0.822266 0.642578
vt1 0.823242 0.631836
vt1 0.819336 0.641602
vt1 0.826660 0.611572
vt1 0.819824 0.631348
vt1 0.816406 0.641113
vt1 0.816406 0.631104
vt1 0.823242 0.611816
vt1 0.826660 0.587646
vt1 0.820312 0.612061
vt1 0.816406 0.612549
vt1 0.823730 0.588135
vt1 0.827148 0.553467
vt1 0.820312 0.588135
vt1 0.816895 0.594238
vt1 0.816895 0.585938
vt1 0.823730 0.541016
vt1 0.826660 0.531250
vt1 0.827148 0.515381
vt1 0.820312 0.552979
vt1 0.816895 0.552979
vt1 0.823730 0.515137
vt1 0.827637 0.504883
vt1 0.819824 0.530762
vt1 0.816895 0.530762
vt1 0.824219 0.503174
vt1 0.827637 0.499512
vt1 0.820312 0.514893
vt1 0.817383 0.514893
vt1 0.824219 0.496582
vt1 0.827148 0.493652
vt1 0.825684 0.489258
vt1 0.822754 0.490723
vt1 0.820801 0.502930
vt1 0.817383 0.505127
vt1 0.817383 0.498535
vt1 0.820801 0.497070
vt1 0.820312 0.491699
vt1 0.817871 0.491211
vt1 0.450195 0.728271
vt1 0.475830 0.728027
vt1 0.475830 0.730469
vt1 0.438232 0.730469
vt1 0.427002 0.728027
vt1 0.475830 0.732666
vt1 0.405762 0.728027
vt1 0.436523 0.732666
vt1 0.475830 0.734863
vt1 0.437256 0.734863
vt1 0.405762 0.730469
vt1 0.385986 0.728027
vt1 0.405762 0.732666
vt1 0.405762 0.734863
vt1 0.376953 0.730469
vt1 0.361084 0.728271
vt1 0.375488 0.732666
vt1 0.376221 0.734863
vt1 0.350830 0.730469
vt1 0.334961 0.728027
vt1 0.350830 0.732666
vt1 0.350830 0.734863
vt1 0.327637 0.730469
vt1 0.312988 0.728271
vt1 0.326416 0.732666
vt1 0.326904 0.734863
vt1 0.304688 0.730469
vt1 0.284180 0.728271
vt1 0.304688 0.732666
vt1 0.304688 0.734863
vt1 0.282959 0.730469
vt1 0.256104 0.728271
vt1 0.281494 0.732666
vt1 0.282227 0.734863
vt1 0.254883 0.730469
vt1 0.227661 0.728271
vt1 0.253418 0.732666
vt1 0.253906 0.734863
vt1 0.221802 0.730225
vt1 0.177490 0.728516
vt1 0.218262 0.732422
vt1 0.218872 0.734619
vt1 0.160400 0.730469
vt1 0.160889 0.726807
vt1 0.175171 0.732910
vt1 0.175049 0.734863
vt1 0.160889 0.732178
vt1 0.160889 0.735107
vt1 0.437256 0.734863
vt1 0.475830 0.734863
vt1 0.475830 0.737061
vt1 0.438232 0.737061
vt1 0.475586 0.739258
vt1 0.405762 0.734863
vt1 0.436279 0.739258
vt1 0.475586 0.741455
vt1 0.450195 0.741455
vt1 0.427002 0.741455
vt1 0.405762 0.737061
vt1 0.376221 0.734863
vt1 0.405762 0.739258
vt1 0.405762 0.741455
vt1 0.376953 0.737061
vt1 0.350830 0.734863
vt1 0.375488 0.739258
vt1 0.385986 0.741455
vt1 0.361084 0.741455
vt1 0.350830 0.737061
vt1 0.326904 0.734863
vt1 0.350830 0.739258
vt1 0.327637 0.737061
vt1 0.304688 0.734863
vt1 0.326416 0.739258
vt1 0.334961 0.741455
vt1 0.312988 0.741455
vt1 0.304688 0.737061
vt1 0.281982 0.734863
vt1 0.304932 0.739258
vt1 0.282715 0.737061
vt1 0.253906 0.734863
vt1 0.281494 0.739258
vt1 0.284180 0.741455
vt1 0.254883 0.737061
vt1 0.218872 0.734863
vt1 0.253662 0.739258
vt1 0.256104 0.741455
vt1 0.221558 0.737061
vt1 0.175049 0.734863
vt1 0.225952 0.739258
vt1 0.227661 0.741455
vt1 0.161133 0.737061
vt1 0.160889 0.735107
vt1 0.184937 0.739014
vt1 0.160889 0.740723
vt1 0.177612 0.740967
vt1 0.160889 0.743164
vt1 0.917969 0.156738
vt1 0.937500 0.155762
vt1 0.936523 0.158203
vt1 0.917969 0.159180
vt1 0.935547 0.160645
vt1 0.895020 0.156738
vt1 0.917969 0.161133
vt1 0.935059 0.163574
vt1 0.917969 0.163086
vt1 0.882324 0.158691
vt1 0.867676 0.156738
vt1 0.836426 0.156738
vt1 0.879883 0.161133
vt1 0.879395 0.163086
vt1 0.836426 0.158691
vt1 0.801270 0.156738
vt1 0.818848 0.161133
vt1 0.836426 0.163086
vt1 0.801270 0.158691
vt1 0.763184 0.156738
vt1 0.801270 0.163086
vt1 0.763184 0.158691
vt1 0.722168 0.156738
vt1 0.763184 0.161133
vt1 0.763184 0.163086
vt1 0.722168 0.158691
vt1 0.678711 0.156738
vt1 0.722168 0.161133
vt1 0.722168 0.163086
vt1 0.678711 0.158691
vt1 0.633301 0.156738
vt1 0.678711 0.161133
vt1 0.678711 0.163086
vt1 0.633301 0.158691
vt1 0.585938 0.156738
vt1 0.633301 0.161133
vt1 0.633301 0.163086
vt1 0.585938 0.158691
vt1 0.537109 0.156738
vt1 0.585938 0.161133
vt1 0.585938 0.163086
vt1 0.537109 0.159180
vt1 0.487793 0.156250
vt1 0.537598 0.161133
vt1 0.537598 0.163086
vt1 0.487793 0.158691
vt1 0.437500 0.156738
vt1 0.487793 0.161133
vt1 0.487793 0.163086
vt1 0.437500 0.158691
vt1 0.386475 0.156738
vt1 0.437500 0.161133
vt1 0.437500 0.163086
vt1 0.386475 0.158691
vt1 0.335449 0.156738
vt1 0.386475 0.161133
vt1 0.386475 0.163086
vt1 0.335449 0.158691
vt1 0.284180 0.156738
vt1 0.335449 0.161133
vt1 0.335449 0.163086
vt1 0.284180 0.158691
vt1 0.233276 0.156738
vt1 0.284180 0.161133
vt1 0.284424 0.163086
vt1 0.233398 0.158691
vt1 0.182739 0.156738
vt1 0.233398 0.161133
vt1 0.233398 0.163086
vt1 0.182617 0.158691
vt1 0.131348 0.156250
vt1 0.132324 0.159180
vt1 0.182617 0.161133
vt1 0.182739 0.163086
vt1 0.133423 0.161133
vt1 0.133301 0.163574
vt1 0.917969 0.163086
vt1 0.935059 0.163574
vt1 0.936035 0.165527
vt1 0.917969 0.165039
vt1 0.937012 0.168457
vt1 0.879395 0.163086
vt1 0.917969 0.166992
vt1 0.937012 0.170898
vt1 0.917969 0.169434
vt1 0.882324 0.165527
vt1 0.836426 0.163086
vt1 0.879883 0.167480
vt1 0.895020 0.169922
vt1 0.867676 0.169922
vt1 0.836426 0.165527
vt1 0.801270 0.163086
vt1 0.818359 0.167480
vt1 0.836426 0.169922
vt1 0.801270 0.165527
vt1 0.763184 0.163086
vt1 0.801270 0.169922
vt1 0.763184 0.165527
vt1 0.722168 0.163086
vt1 0.763184 0.167480
vt1 0.763184 0.169922
vt1 0.722168 0.165527
vt1 0.678711 0.163086
vt1 0.722168 0.167480
vt1 0.722168 0.169922
vt1 0.678711 0.165527
vt1 0.633301 0.163086
vt1 0.678711 0.167480
vt1 0.678711 0.169922
vt1 0.633301 0.165527
vt1 0.585938 0.163086
vt1 0.633301 0.167480
vt1 0.633301 0.169922
vt1 0.585938 0.165527
vt1 0.537598 0.163086
vt1 0.585938 0.167480
vt1 0.585938 0.169922
vt1 0.537598 0.165527
vt1 0.487793 0.163086
vt1 0.537598 0.167480
vt1 0.537598 0.169922
vt1 0.487793 0.165527
vt1 0.437500 0.163086
vt1 0.487793 0.167969
vt1 0.487793 0.169922
vt1 0.437500 0.165527
vt1 0.386475 0.163086
vt1 0.437500 0.167480
vt1 0.437500 0.169922
vt1 0.386475 0.165527
vt1 0.335449 0.163086
vt1 0.386475 0.167480
vt1 0.386475 0.169922
vt1 0.335449 0.165527
vt1 0.284424 0.163086
vt1 0.335449 0.167480
vt1 0.335449 0.169922
vt1 0.284424 0.165527
vt1 0.233398 0.163086
vt1 0.284424 0.167480
vt1 0.284424 0.169922
vt1 0.233521 0.165527
vt1 0.182739 0.163086
vt1 0.233643 0.167480
vt1 0.233643 0.169922
vt1 0.182861 0.165527
vt1 0.133301 0.163574
vt1 0.132812 0.166016
vt1 0.182983 0.167480
vt1 0.183105 0.169922
vt1 0.131470 0.167969
vt1 0.131714 0.170410
vt1 0.214111 0.288086
vt1 0.163086 0.288086
vt1 0.163208 0.286133
vt1 0.214111 0.286133
vt1 0.163330 0.283691
vt1 0.262451 0.288086
vt1 0.214233 0.283691
vt1 0.163330 0.281738
vt1 0.214233 0.281738
vt1 0.262451 0.286133
vt1 0.308838 0.288086
vt1 0.262451 0.283691
vt1 0.262451 0.281738
vt1 0.308838 0.286133
vt1 0.354248 0.288086
vt1 0.308838 0.283691
vt1 0.308838 0.281738
vt1 0.354248 0.286133
vt1 0.398682 0.288086
vt1 0.354248 0.283691
vt1 0.354248 0.281738
vt1 0.398682 0.286133
vt1 0.442627 0.288086
vt1 0.398682 0.283691
vt1 0.398682 0.281738
vt1 0.442627 0.286133
vt1 0.486084 0.288086
vt1 0.442627 0.284180
vt1 0.442627 0.281738
vt1 0.486084 0.286133
vt1 0.528809 0.288086
vt1 0.486084 0.283691
vt1 0.486084 0.281738
vt1 0.528809 0.286133
vt1 0.571289 0.288086
vt1 0.528809 0.283691
vt1 0.528809 0.281738
vt1 0.571289 0.286133
vt1 0.612793 0.288086
vt1 0.571289 0.283691
vt1 0.571289 0.281738
vt1 0.612793 0.286133
vt1 0.652832 0.288086
vt1 0.612793 0.283691
vt1 0.612793 0.281738
vt1 0.652832 0.286133
vt1 0.690918 0.288086
vt1 0.652832 0.283691
vt1 0.652832 0.281738
vt1 0.691406 0.286133
vt1 0.727539 0.288086
vt1 0.691406 0.283691
vt1 0.690918 0.281738
vt1 0.727539 0.286133
vt1 0.773926 0.288086
vt1 0.727539 0.283691
vt1 0.727539 0.281738
vt1 0.773926 0.286133
vt1 0.825684 0.288086
vt1 0.776855 0.283691
vt1 0.780273 0.281738
vt1 0.826660 0.286133
vt1 0.860352 0.288086
vt1 0.829102 0.283691
vt1 0.833984 0.281738
vt1 0.860352 0.286133
vt1 0.872559 0.288574
vt1 0.872559 0.286133
vt1 0.872070 0.284180
vt1 0.859863 0.281738
vt1 0.872559 0.281250
vt1 0.214233 0.294922
vt1 0.163452 0.294922
vt1 0.163330 0.292480
vt1 0.214233 0.292480
vt1 0.163208 0.290527
vt1 0.262451 0.294922
vt1 0.214111 0.290527
vt1 0.163086 0.288086
vt1 0.214111 0.288086
vt1 0.262451 0.292480
vt1 0.309082 0.294922
vt1 0.262451 0.290527
vt1 0.262451 0.288086
vt1 0.309082 0.292480
vt1 0.354248 0.294922
vt1 0.309082 0.290527
vt1 0.308838 0.288086
vt1 0.354248 0.292480
vt1 0.398682 0.294922
vt1 0.354248 0.290527
vt1 0.354248 0.288086
vt1 0.398682 0.292480
vt1 0.442627 0.294922
vt1 0.398682 0.290527
vt1 0.398682 0.288086
vt1 0.442627 0.292480
vt1 0.486084 0.294922
vt1 0.442627 0.290527
vt1 0.442627 0.288086
vt1 0.486084 0.292480
vt1 0.528809 0.294922
vt1 0.486084 0.290527
vt1 0.486084 0.288086
vt1 0.528809 0.292480
vt1 0.571289 0.294922
vt1 0.528809 0.290527
vt1 0.528809 0.288086
vt1 0.571289 0.292480
vt1 0.612793 0.294922
vt1 0.571289 0.290527
vt1 0.571289 0.288086
vt1 0.612793 0.292480
vt1 0.652832 0.294922
vt1 0.612793 0.290527
vt1 0.612793 0.288086
vt1 0.652832 0.292480
vt1 0.690918 0.294922
vt1 0.652832 0.290527
vt1 0.652832 0.288086
vt1 0.690918 0.292480
vt1 0.727539 0.294922
vt1 0.690918 0.290527
vt1 0.690918 0.288086
vt1 0.727539 0.292480
vt1 0.780273 0.294922
vt1 0.727539 0.290527
vt1 0.727539 0.288086
vt1 0.774414 0.292480
vt1 0.833496 0.294922
vt1 0.777344 0.290527
vt1 0.773926 0.288086
vt1 0.826172 0.292480
vt1 0.859375 0.294922
vt1 0.829102 0.290527
vt1 0.825684 0.288086
vt1 0.859375 0.292480
vt1 0.872559 0.295410
vt1 0.872559 0.292969
vt1 0.873047 0.290527
vt1 0.860352 0.288086
vt1 0.872559 0.288574
vt1 0.066833 0.873413
vt1 0.066833 0.888794
vt1 0.064575 0.888733
vt1 0.064575 0.871094
vt1 0.062408 0.888733
vt1 0.066772 0.854370
vt1 0.062317 0.869873
vt1 0.060211 0.888733
vt1 0.060059 0.876038
vt1 0.060028 0.856689
vt1 0.064514 0.850098
vt1 0.066772 0.833984
vt1 0.062347 0.846191
vt1 0.060059 0.839600
vt1 0.064575 0.832397
vt1 0.066956 0.820190
vt1 0.062317 0.829834
vt1 0.060089 0.826904
vt1 0.064453 0.820068
vt1 0.066650 0.804565
vt1 0.062469 0.820068
vt1 0.060120 0.819336
vt1 0.064453 0.804077
vt1 0.066833 0.785034
vt1 0.062286 0.803833
vt1 0.060089 0.803833
vt1 0.064514 0.784912
vt1 0.066833 0.769775
vt1 0.062347 0.784180
vt1 0.060089 0.784302
vt1 0.064575 0.765503
vt1 0.066772 0.760254
vt1 0.066772 0.750854
vt1 0.062500 0.764771
vt1 0.060059 0.764771
vt1 0.064514 0.750854
vt1 0.066772 0.741211
vt1 0.062286 0.750854
vt1 0.060059 0.750854
vt1 0.064514 0.741211
vt1 0.066772 0.730225
vt1 0.062256 0.741211
vt1 0.060028 0.741211
vt1 0.064514 0.730225
vt1 0.066772 0.717041
vt1 0.062256 0.729980
vt1 0.060028 0.729980
vt1 0.064514 0.717041
vt1 0.066772 0.700928
vt1 0.062286 0.716797
vt1 0.060028 0.716797
vt1 0.064514 0.700684
vt1 0.066895 0.680908
vt1 0.062317 0.700684
vt1 0.060059 0.700439
vt1 0.064636 0.680664
vt1 0.068115 0.654785
vt1 0.062408 0.680420
vt1 0.060181 0.680176
vt1 0.065918 0.655273
vt1 0.065186 0.648682
vt1 0.063171 0.649902
vt1 0.063293 0.655762
vt1 0.060516 0.656250
vt1 0.061584 0.651855
vt1 0.060120 0.653076
vt1 0.052490 0.655029
vt1 0.055634 0.649414
vt1 0.057281 0.650879
vt1 0.054962 0.655518
vt1 0.058563 0.652588
vt1 0.053497 0.680664
vt1 0.057770 0.656006
vt1 0.060120 0.653076
vt1 0.060516 0.656250
vt1 0.055756 0.680420
vt1 0.053345 0.700684
vt1 0.057983 0.680176
vt1 0.060181 0.680176
vt1 0.055603 0.700684
vt1 0.053284 0.717041
vt1 0.057831 0.700439
vt1 0.060059 0.700439
vt1 0.055542 0.717041
vt1 0.053314 0.730225
vt1 0.057800 0.716797
vt1 0.060028 0.716797
vt1 0.055542 0.730225
vt1 0.053314 0.741211
vt1 0.057800 0.729980
vt1 0.060028 0.729980
vt1 0.055573 0.741211
vt1 0.053345 0.750854
vt1 0.057800 0.741211
vt1 0.060028 0.741211
vt1 0.055603 0.750854
vt1 0.053314 0.760254
vt1 0.057831 0.750854
vt1 0.060059 0.750854
vt1 0.055573 0.764648
vt1 0.053314 0.769775
vt1 0.053345 0.785034
vt1 0.057678 0.765625
vt1 0.059998 0.764648
vt1 0.055573 0.784180
vt1 0.053436 0.804443
vt1 0.057770 0.785156
vt1 0.060028 0.784302
vt1 0.055695 0.803589
vt1 0.053223 0.820435
vt1 0.057892 0.804077
vt1 0.060089 0.803833
vt1 0.055603 0.820312
vt1 0.053375 0.833862
vt1 0.057648 0.820312
vt1 0.060089 0.819336
vt1 0.060089 0.826904
vt1 0.055634 0.829834
vt1 0.057861 0.832153
vt1 0.060059 0.839600
vt1 0.055603 0.845581
vt1 0.053284 0.854370
vt1 0.057800 0.849731
vt1 0.060028 0.856689
vt1 0.055511 0.869873
vt1 0.053284 0.873413
vt1 0.053528 0.888916
vt1 0.055756 0.888855
vt1 0.057953 0.888733
vt1 0.057800 0.867065
vt1 0.060089 0.876038
vt1 0.060211 0.888733
vt1 0.064148 0.315430
vt1 0.064331 0.325195
vt1 0.062042 0.324707
vt1 0.061829 0.315430
vt1 0.059784 0.324219
vt1 0.064087 0.268555
vt1 0.059570 0.315430
vt1 0.057556 0.323730
vt1 0.057343 0.316406
vt1 0.057404 0.271484
vt1 0.061859 0.270508
vt1 0.064148 0.248535
vt1 0.059631 0.269531
vt1 0.061920 0.248535
vt1 0.064148 0.233398
vt1 0.059631 0.249023
vt1 0.057373 0.249023
vt1 0.061890 0.233398
vt1 0.064087 0.218262
vt1 0.059631 0.233398
vt1 0.057373 0.233398
vt1 0.061859 0.218262
vt1 0.064087 0.203125
vt1 0.059601 0.218262
vt1 0.057343 0.218262
vt1 0.061829 0.203125
vt1 0.064087 0.186523
vt1 0.059601 0.203125
vt1 0.057343 0.203125
vt1 0.061859 0.186523
vt1 0.064148 0.166504
vt1 0.059601 0.186035
vt1 0.057373 0.186035
vt1 0.061890 0.166504
vt1 0.064148 0.142090
vt1 0.059631 0.166504
vt1 0.057404 0.166016
vt1 0.061890 0.140625
vt1 0.064148 0.135742
vt1 0.059662 0.140625
vt1 0.057312 0.140137
vt1 0.061890 0.132812
vt1 0.064331 0.092773
vt1 0.059662 0.131348
vt1 0.057404 0.130859
vt1 0.057465 0.092773
vt1 0.062012 0.087891
vt1 0.064087 0.076172
vt1 0.060730 0.075195
vt1 0.059753 0.086914
vt1 0.057343 0.075684
vt1 0.057343 0.316406
vt1 0.057556 0.323730
vt1 0.055359 0.324219
vt1 0.055023 0.315430
vt1 0.053162 0.324707
vt1 0.057343 0.271484
vt1 0.052795 0.315430
vt1 0.050903 0.325195
vt1 0.050537 0.315918
vt1 0.055084 0.270996
vt1 0.057373 0.249023
vt1 0.052826 0.270020
vt1 0.050568 0.268555
vt1 0.055115 0.249023
vt1 0.057373 0.233398
vt1 0.052826 0.249023
vt1 0.050568 0.249023
vt1 0.055115 0.233398
vt1 0.057343 0.218262
vt1 0.052826 0.233398
vt1 0.050568 0.233398
vt1 0.055115 0.218262
vt1 0.057343 0.203125
vt1 0.052856 0.218262
vt1 0.050568 0.218262
vt1 0.055115 0.203125
vt1 0.057373 0.186035
vt1 0.052856 0.203125
vt1 0.050598 0.203125
vt1 0.055115 0.186035
vt1 0.057404 0.166016
vt1 0.052887 0.186523
vt1 0.050629 0.186523
vt1 0.055176 0.166016
vt1 0.057281 0.140137
vt1 0.052917 0.166504
vt1 0.050659 0.166504
vt1 0.054993 0.140625
vt1 0.052734 0.140625
vt1 0.050446 0.142090
vt1 0.050568 0.135254
vt1 0.055145 0.132324
vt1 0.057404 0.130859
vt1 0.057465 0.092773
vt1 0.052917 0.131348
vt1 0.050690 0.092773
vt1 0.055237 0.087891
vt1 0.057312 0.075684
vt1 0.053925 0.075684
vt1 0.052979 0.086914
vt1 0.050507 0.076660
vt1 0.630371 0.894592
vt1 0.626465 0.894592
vt1 0.628418 0.891052
vt1 0.632324 0.891296
vt1 0.624512 0.891235
vt1 0.630371 0.888000
vt1 0.626465 0.888000
vn 0.275591 0.960630 -0.055118
vn 0.204724 0.976378 -0.047244
vn 0.039370 0.456693 -0.889764
vn 0.086614 0.464567 -0.881890
vn -0.157480 -0.519685 -0.842520
vn 0.385827 0.921260 -0.062992
vn -0.188976 -0.488189 -0.850394
vn -0.204724 -0.976378 0.047244
vn -0.275591 -0.960630 0.055118
vn 0.133858 0.433071 -0.889764
vn -0.244094 -0.488189 -0.834646
vn -0.385827 -0.921260 0.062992
vn 0.141732 0.425197 -0.897638
vn 0.377953 0.921260 -0.062992
vn 0.354331 0.937008 -0.055118
vn -0.236220 -0.496063 -0.834646
vn -0.377953 -0.921260 0.055118
vn 0.125984 0.425197 -0.897638
vn -0.220472 -0.503937 -0.834646
vn -0.354331 -0.937008 0.055118
vn -0.307087 -0.952756 0.055118
vn -0.196850 -0.519685 -0.834646
vn -0.236220 -0.968504 0.047244
vn 0.102362 0.425197 -0.897638
vn 0.299213 0.952756 -0.062992
vn -0.157480 -0.527559 -0.834646
vn -0.157480 -0.984252 0.047244
vn 0.070866 0.433071 -0.897638
vn 0.244094 0.968504 -0.055118
vn 0.204724 0.976378 -0.055118
vn -0.110236 -0.543307 -0.834646
vn -0.094488 -0.992126 0.047244
vn 0.047244 0.448819 -0.897638
vn 0.157480 0.984252 -0.055118
vn -0.078740 -0.543307 -0.834646
vn -0.031496 -1.000000 0.047244
vn 0.015748 0.448819 -0.889764
vn 0.094488 0.992126 -0.047244
vn -0.039370 -0.551181 -0.834646
vn 0.039370 -1.000000 0.047244
vn -0.007874 0.448819 -0.897638
vn 0.031496 1.000000 -0.047244
vn 0.000000 -0.543307 -0.834646
vn 0.110236 -0.992126 0.039370
vn -0.039370 0.448819 -0.889764
vn -0.039370 1.000000 -0.047244
vn 0.039370 -0.543307 -0.834646
vn 0.196850 -0.976378 0.039370
vn -0.070866 0.440945 -0.889764
vn -0.110236 0.992126 -0.047244
vn 0.086614 -0.535433 -0.842520
vn 0.283465 -0.960630 0.039370
vn -0.110236 0.440945 -0.889764
vn -0.196850 0.976378 -0.039370
vn 0.133858 -0.527559 -0.842520
vn 0.362205 -0.929134 0.039370
vn -0.141732 0.425197 -0.889764
vn -0.283465 0.960630 -0.039370
vn 0.181102 -0.511811 -0.842520
vn 0.456693 -0.889764 0.039370
vn -0.181102 0.417323 -0.889764
vn -0.362205 0.929134 -0.039370
vn 0.236220 -0.496063 -0.834646
vn 0.559055 -0.826772 0.031496
vn -0.220472 0.393701 -0.889764
vn -0.456693 0.889764 -0.039370
vn -0.267717 0.370079 -0.889764
vn -0.566929 0.826772 -0.031496
vn -0.433071 0.897638 0.007874
vn 0.291339 -0.456693 -0.842520
vn -0.417323 0.401575 -0.818898
vn 0.062992 0.960630 -0.267717
vn -0.346457 0.283464 -0.897638
vn 0.047244 -0.551181 -0.834646
vn 0.464567 -0.874016 0.133858
vn -0.362205 -0.645669 -0.669291
vn -0.118110 -0.968504 0.228347
vn -0.275591 -0.960630 0.055118
vn -0.204724 -0.976378 0.047244
vn -0.039370 -0.456693 0.889764
vn -0.078740 -0.425197 0.897638
vn 0.157480 0.519685 0.842520
vn -0.385827 -0.921260 0.062992
vn 0.204724 0.527559 0.826771
vn 0.204724 0.976378 -0.047244
vn 0.275591 0.960630 -0.055118
vn -0.133858 -0.425197 0.897638
vn 0.244094 0.496063 0.834646
vn 0.385827 0.921260 -0.055118
vn -0.149606 -0.433071 0.889764
vn -0.377953 -0.921260 0.055118
vn -0.354331 -0.937008 0.055118
vn 0.236220 0.496063 0.834646
vn 0.377953 0.921260 -0.062992
vn -0.133858 -0.433071 0.889764
vn 0.220472 0.503937 0.834646
vn 0.354331 0.937008 -0.055118
vn 0.307087 0.952756 -0.055118
vn 0.188976 0.511811 0.834646
vn 0.244094 0.968504 -0.055118
vn -0.110236 -0.433071 0.889764
vn -0.299213 -0.952756 0.062992
vn 0.149606 0.519685 0.842520
vn 0.204724 0.976378 -0.055118
vn 0.157480 0.984252 -0.055118
vn -0.078740 -0.440945 0.897638
vn -0.228346 -0.968504 0.062992
vn 0.110236 0.527559 0.842520
vn 0.094488 0.992126 -0.047244
vn -0.047244 -0.464567 0.889764
vn -0.157480 -0.984252 0.047244
vn 0.078740 0.527559 0.842520
vn 0.031496 1.000000 -0.047244
vn -0.023622 -0.464567 0.889764
vn -0.094488 -0.992126 0.047244
vn 0.039370 0.527559 0.850394
vn -0.039370 1.000000 -0.047244
vn 0.007874 -0.464567 0.881890
vn -0.031496 -1.000000 0.047244
vn 0.007874 0.535433 0.850394
vn -0.110236 0.992126 -0.047244
vn 0.039370 -0.464567 0.881890
vn 0.039370 -1.000000 0.047244
vn -0.039370 0.527559 0.850394
vn -0.196850 0.976378 -0.039370
vn 0.078740 -0.464567 0.881890
vn 0.110236 -0.992126 0.039370
vn -0.078740 0.519685 0.850394
vn -0.283465 0.960630 -0.039370
vn 0.110236 -0.456693 0.881890
vn 0.196850 -0.976378 0.039370
vn -0.125984 0.503937 0.850394
vn -0.362205 0.929134 -0.039370
vn 0.149606 -0.448819 0.881890
vn 0.283465 -0.960630 0.039370
vn -0.173228 0.496063 0.850394
vn -0.456693 0.889764 -0.039370
vn 0.188976 -0.433071 0.881890
vn 0.362205 -0.929134 0.039370
vn -0.220472 0.464567 0.858268
vn 0.236220 -0.425197 0.874016
vn 0.456693 -0.889764 0.039370
vn -0.566929 0.826772 -0.031496
vn 0.283465 -0.393701 0.874016
vn 0.559055 -0.826772 0.031496
vn 0.464567 -0.874016 0.133858
vn -0.275591 0.433071 0.858268
vn 0.362205 -0.251968 0.897638
vn -0.031496 -0.976378 0.220473
vn 0.370079 -0.244094 0.897638
vn -0.062992 0.582677 0.811023
vn -0.433071 0.897638 0.007874
vn 0.393701 0.692913 0.606299
vn 0.118110 0.960630 -0.244095
vn 0.763780 0.519685 -0.393701
vn 0.157480 0.960630 -0.244095
vn -0.188976 0.377953 -0.905512
vn 0.110236 0.102362 -0.992126
vn -0.362205 -0.574803 -0.732283
vn 0.937008 -0.031496 -0.338583
vn -0.748031 -0.149606 -0.645669
vn -0.346457 -0.889764 0.307087
vn -0.913386 -0.141732 0.385827
vn 0.188976 -0.149606 -0.968504
vn 0.937008 -0.133858 -0.330709
vn -0.929134 0.133858 0.338583
vn 0.181102 -0.070866 -0.984252
vn 0.937008 -0.094488 -0.338583
vn 0.944882 -0.015748 -0.330709
vn -0.763780 0.070866 -0.645669
vn -0.944882 0.078740 0.314961
vn 0.188976 0.070866 -0.976378
vn 0.937008 0.039370 -0.354331
vn -0.763780 0.078740 -0.645669
vn -0.944882 0.007874 0.330709
vn 0.196850 -0.070866 -0.976378
vn 0.960630 -0.047244 -0.283465
vn -0.748031 -0.094488 -0.653543
vn -0.952756 -0.047244 0.299213
vn 0.244094 -0.188976 -0.952756
vn 0.952756 -0.157480 -0.259842
vn 0.921260 -0.307087 -0.244094
vn -0.724409 -0.141732 -0.677165
vn -0.952756 0.023622 0.314961
vn -0.937008 0.165354 0.307087
vn 0.275591 -0.070866 -0.960630
vn 0.637795 -0.700787 -0.314961
vn 0.023622 -0.307087 -0.952756
vn -0.669291 0.244094 -0.700787
vn -0.905512 0.299213 0.314961
vn -0.732283 0.039370 -0.685039
vn -0.968504 0.007874 0.251968
vn 0.921260 -0.307087 -0.244094
vn 0.637795 -0.700787 -0.314961
vn 0.456693 -0.755905 0.464567
vn 0.677165 -0.244094 0.692913
vn -0.417323 -0.354331 0.834646
vn 0.952756 -0.157480 -0.259842
vn -0.204724 0.039370 0.976378
vn -0.976378 0.000000 0.220472
vn -0.905512 0.299213 0.314961
vn 0.740157 0.070866 0.669291
vn 0.952756 -0.039370 -0.299213
vn -0.196850 0.188976 0.960630
vn -0.937008 0.165354 0.307087
vn -0.944882 0.039370 0.322835
vn 0.763780 0.133858 0.629921
vn 0.929134 0.055118 -0.370079
vn 0.952756 -0.031496 -0.314961
vn -0.220472 0.047244 0.976378
vn -0.944882 -0.047244 0.330709
vn 0.740157 -0.102362 0.661417
vn 0.944882 -0.102362 -0.314961
vn -0.196850 -0.062992 0.976378
vn -0.944882 0.007874 0.330709
vn -0.937008 0.094488 0.346457
vn 0.755906 -0.047244 0.653543
vn 0.937008 -0.141732 -0.314961
vn -0.181102 0.078740 0.984252
vn -0.929134 0.133858 0.338583
vn 0.771654 0.070866 0.629921
vn 0.944882 -0.023622 -0.338583
vn 0.795276 0.464567 -0.377953
vn -0.149606 0.149606 0.976378
vn -0.921260 -0.086614 0.370079
vn 0.724409 0.385827 0.574803
vn 0.141732 0.937008 -0.314961
vn 0.385827 0.732283 0.566929
vn -0.039370 0.007874 1.000000
vn -0.393701 -0.842520 0.370079
vn 0.275591 -0.173228 0.944882
vn 0.031496 1.000000 -0.039370
vn 0.062992 0.992126 -0.094488
vn -0.724409 0.496063 -0.480315
vn -0.740157 0.488189 -0.456693
vn -0.779528 -0.496063 -0.385827
vn -0.039370 1.000000 0.078740
vn -0.755906 -0.503937 -0.409449
vn -0.062992 -0.992126 0.094488
vn -0.031496 -1.000000 0.039370
vn -0.763780 0.496063 -0.417323
vn -0.724409 -0.503937 -0.472441
vn 0.023622 -1.000000 -0.055118
vn 0.039370 -0.992126 -0.141732
vn -0.771654 0.503937 -0.385827
vn -0.062992 0.992126 0.118110
vn -0.031496 1.000000 0.062992
vn -0.700787 -0.464567 -0.535433
vn 0.023622 -1.000000 -0.070866
vn -0.724409 0.519685 -0.448819
vn 0.031496 1.000000 -0.015748
vn -0.724409 -0.472441 -0.503937
vn -0.031496 -1.000000 0.007874
vn -0.685039 0.527559 -0.511811
vn 0.165354 0.976378 -0.157480
vn -0.653543 0.566929 -0.503937
vn -0.834646 -0.440945 -0.346457
vn -0.094488 -0.976378 0.196850
vn -0.031496 -1.000000 0.039370
vn -0.062992 -0.992126 0.094488
vn 0.708661 -0.511811 0.480315
vn 0.724409 -0.519685 0.448819
vn 0.787402 0.480315 0.385827
vn 0.023622 -1.000000 -0.055118
vn 0.771654 0.472441 0.417323
vn 0.062992 0.992126 -0.094488
vn 0.031496 1.000000 -0.039370
vn 0.748031 -0.519685 0.409449
vn 0.078740 -0.992126 -0.125984
vn 0.740157 0.480315 0.472441
vn -0.039370 1.000000 0.070866
vn 0.771654 -0.503937 0.385827
vn 0.023622 -1.000000 -0.070866
vn 0.700787 0.480315 0.519685
vn -0.062992 0.992126 0.118110
vn 0.732283 -0.503937 0.456693
vn -0.031496 -1.000000 0.007874
vn 0.692913 0.496063 0.519685
vn -0.031496 1.000000 0.062992
vn 0.692913 -0.503937 0.511811
vn -0.094488 -0.976378 0.196850
vn 0.716535 -0.472441 0.511811
vn 0.708661 0.496063 0.496063
vn 0.031496 1.000000 -0.015748
vn 0.818898 0.472441 0.322835
vn 0.165354 0.976378 -0.157480
vn 0.244094 0.881890 -0.409449
vn 0.165354 0.976378 -0.157480
vn -0.653543 0.566929 -0.503937
vn -0.669291 0.511811 -0.535433
vn -0.834646 -0.440945 -0.346457
vn 0.251969 0.858268 -0.440945
vn -0.921260 -0.362205 -0.133858
vn -0.094488 -0.976378 0.196850
vn -0.251969 -0.874016 0.425197
vn -0.677165 0.496063 -0.543307
vn 0.236220 0.881890 -0.401575
vn 0.220472 0.905512 -0.354331
vn -0.921260 -0.362205 -0.125984
vn -0.251969 -0.874016 0.417323
vn -0.692913 0.511811 -0.503937
vn -0.905512 -0.393701 -0.141732
vn -0.220472 -0.905512 0.354331
vn -0.204724 -0.937008 0.291339
vn -0.897638 -0.393701 -0.173228
vn -0.165354 -0.968504 0.204724
vn -0.708661 0.535433 -0.464567
vn 0.188976 0.937008 -0.291339
vn -0.881890 -0.417323 -0.204724
vn -0.125984 -0.984252 0.094488
vn -0.740157 0.535433 -0.409449
vn 0.165354 0.968504 -0.196850
vn -0.866142 -0.433071 -0.251968
vn -0.086614 -1.000000 -0.007874
vn -0.755906 0.543307 -0.354331
vn 0.125984 0.984252 -0.094488
vn -0.842520 -0.440945 -0.307087
vn -0.055118 -0.992126 -0.078740
vn -0.771654 0.559055 -0.299213
vn 0.086614 1.000000 0.007874
vn -0.834646 -0.433071 -0.338583
vn -0.031496 -0.992126 -0.141732
vn -0.787402 0.559055 -0.259843
vn 0.062992 0.992126 0.078740
vn -0.826772 -0.433071 -0.362205
vn -0.007874 -0.976378 -0.212598
vn -0.803150 0.559055 -0.228346
vn 0.031496 0.992126 0.141732
vn -0.811024 -0.425197 -0.393701
vn 0.015748 -0.960630 -0.283464
vn -0.811024 0.551181 -0.188976
vn 0.007874 0.976378 0.212598
vn -0.795276 -0.425197 -0.425197
vn 0.047244 -0.937008 -0.346457
vn -0.826772 0.535433 -0.149606
vn -0.015748 0.960630 0.283464
vn -0.787402 -0.409449 -0.456693
vn 0.070866 -0.905512 -0.409449
vn -0.842520 0.527559 -0.110236
vn -0.039370 0.937008 0.346457
vn -0.779528 -0.401575 -0.488189
vn 0.102362 -0.866142 -0.488189
vn -0.858268 0.511811 -0.078740
vn -0.062992 0.905512 0.409449
vn -0.125984 -0.952756 -0.267716
vn -0.803150 -0.251969 -0.535433
vn -0.874016 0.488189 -0.039370
vn -0.094488 0.866142 0.488189
vn 0.000000 0.984252 0.196850
vn -0.708661 0.637795 -0.299213
vn -0.763780 -0.377953 -0.519685
vn -0.244094 -0.881890 0.401575
vn -0.094488 -0.976378 0.196850
vn 0.716535 -0.472441 0.511811
vn 0.692913 -0.488189 0.535433
vn 0.818898 0.472441 0.322835
vn -0.244094 -0.866142 0.440945
vn 0.913386 0.385827 0.118110
vn 0.165354 0.976378 -0.157480
vn 0.251969 0.874016 -0.425197
vn 0.669291 -0.503937 0.543307
vn -0.220472 -0.905512 0.354331
vn 0.929134 0.346457 0.133858
vn 0.251969 0.858268 -0.440945
vn 0.236220 0.881890 -0.401575
vn 0.685039 -0.527559 0.503937
vn 0.913386 0.385827 0.149606
vn 0.220472 0.905512 -0.354331
vn 0.204724 0.937008 -0.291339
vn 0.905512 0.385827 0.181102
vn 0.173228 0.968504 -0.196850
vn 0.700787 -0.543307 0.464567
vn -0.188976 -0.937008 0.291339
vn 0.889764 0.401575 0.212598
vn 0.716535 -0.559055 0.417323
vn -0.157480 -0.968504 0.204724
vn 0.874016 0.417323 0.244094
vn 0.141732 0.984252 -0.094488
vn 0.732283 -0.574803 0.362205
vn -0.118110 -0.992126 0.102362
vn 0.866142 0.417323 0.283464
vn 0.086614 1.000000 0.007874
vn 0.755906 -0.582677 0.299213
vn -0.086614 -1.000000 -0.007874
vn 0.858268 0.417323 0.307087
vn 0.062992 0.992126 0.078740
vn 0.779528 -0.574803 0.259843
vn -0.055118 -0.992126 -0.078740
vn 0.842520 0.417323 0.338583
vn 0.031496 0.992126 0.141732
vn 0.787402 -0.574803 0.220472
vn -0.031496 -0.992126 -0.141732
vn 0.834646 0.409449 0.370079
vn 0.007874 0.976378 0.212598
vn 0.803150 -0.566929 0.181102
vn -0.007874 -0.976378 -0.212598
vn 0.818898 0.409449 0.393701
vn -0.015748 0.960630 0.283464
vn 0.818898 -0.559055 0.141732
vn 0.015748 -0.960630 -0.283464
vn 0.811024 0.401575 0.425197
vn -0.039370 0.937008 0.346457
vn 0.834646 -0.543307 0.102362
vn 0.047244 -0.937008 -0.346457
vn 0.795276 0.393701 0.456693
vn -0.062992 0.905512 0.409449
vn 0.850394 -0.527559 0.070866
vn 0.070866 -0.905512 -0.409449
vn 0.787402 0.377953 0.480315
vn -0.094488 0.866142 0.488189
vn 0.866142 -0.503937 0.023622
vn 0.102362 -0.866142 -0.488189
vn -0.125984 -0.952756 -0.267716
vn 0.771654 -0.519685 0.362205
vn 0.779528 0.362205 0.511811
vn 0.708661 0.480315 0.527559
vn 0.000000 0.984252 0.196850
vn 0.228346 0.968504 -0.062992
vn 0.000000 0.984252 0.196850
vn -0.708661 0.637795 -0.299213
vn -0.527559 0.590551 -0.614173
vn -0.803150 -0.251969 -0.535433
vn 0.188976 0.984252 -0.015748
vn -0.740157 -0.385827 -0.551181
vn -0.125984 -0.952756 -0.267716
vn -0.228346 -0.968504 0.062992
vn -0.543307 0.598425 -0.598425
vn 0.141732 0.992126 0.039370
vn -0.188976 -0.984252 0.015748
vn -0.566929 0.598425 -0.566929
vn 0.094488 0.992126 0.094488
vn -0.700787 -0.393701 -0.598425
vn -0.141732 -0.992126 -0.031496
vn -0.598425 0.598425 -0.527559
vn 0.031496 0.984252 0.165354
vn -0.677165 -0.393701 -0.614173
vn -0.086614 -0.992126 -0.094488
vn -0.645669 0.590551 -0.480315
vn -0.031496 0.968504 0.236220
vn -0.661417 -0.393701 -0.637795
vn -0.023622 -0.984252 -0.165354
vn -0.692913 0.582677 -0.425197
vn -0.062992 0.960630 0.267716
vn -0.708661 0.582677 -0.393701
vn -0.645669 -0.393701 -0.653543
vn 0.039370 -0.968504 -0.236220
vn -0.645669 -0.377953 -0.669291
vn 0.062992 -0.960630 -0.267716
vn -0.228346 -0.968504 0.062992
vn -0.125984 -0.952756 -0.267716
vn 0.771654 -0.519685 0.362205
vn 0.511811 -0.606299 0.606299
vn 0.708661 0.480315 0.527559
vn -0.188976 -0.984252 0.015748
vn 0.755906 0.354331 0.551181
vn 0.000000 0.984252 0.196850
vn 0.228346 0.968504 -0.062992
vn 0.527559 -0.606299 0.590551
vn -0.141732 -0.992126 -0.031496
vn 0.188976 0.984252 -0.015748
vn 0.559055 -0.614173 0.559055
vn -0.086614 -0.992126 -0.094488
vn 0.708661 0.370079 0.606299
vn 0.141732 0.992126 0.039370
vn 0.590551 -0.614173 0.519685
vn -0.023622 -0.984252 -0.165354
vn 0.685039 0.370079 0.622047
vn 0.094488 0.992126 0.094488
vn 0.637795 -0.614173 0.472441
vn 0.039370 -0.968504 -0.236220
vn 0.669291 0.370079 0.645669
vn 0.031496 0.984252 0.165354
vn 0.685039 -0.598425 0.417323
vn 0.062992 -0.960630 -0.267716
vn 0.708661 -0.582677 0.393701
vn 0.653543 0.362205 0.661417
vn -0.031496 0.968504 0.236220
vn 0.645669 0.377953 0.669291
vn -0.062992 0.960630 0.267716
vn 0.196850 0.897638 -0.401575
vn 0.204724 0.881890 -0.417323
vn -0.669291 0.440945 -0.590551
vn -0.685039 0.448819 -0.582677
vn -0.881890 -0.440945 -0.173228
vn 0.181102 0.913386 -0.362205
vn -0.874016 -0.448819 -0.181102
vn -0.204724 -0.881890 0.417323
vn -0.196850 -0.897638 0.401575
vn -0.692913 0.456693 -0.559055
vn 0.157480 0.937008 -0.307087
vn -0.866142 -0.464567 -0.196850
vn -0.181102 -0.913386 0.362205
vn -0.708661 0.464567 -0.535433
vn 0.125984 0.960630 -0.251969
vn -0.850394 -0.472441 -0.220472
vn -0.157480 -0.937008 0.307087
vn -0.724409 0.472441 -0.503937
vn 0.102362 0.976378 -0.196850
vn -0.842520 -0.480315 -0.244094
vn -0.125984 -0.960630 0.251969
vn -0.732283 0.488189 -0.472441
vn -0.826772 -0.488189 -0.275590
vn -0.102362 -0.976378 0.196850
vn -0.078740 -0.992126 0.125984
vn -0.818898 -0.480315 -0.307087
vn -0.039370 -1.000000 0.055118
vn -0.748031 0.496063 -0.440945
vn 0.070866 0.992126 -0.133858
vn -0.795276 -0.496063 -0.346457
vn 0.000000 -1.000000 -0.015748
vn -0.771654 0.488189 -0.401575
vn 0.031496 1.000000 -0.055118
vn -0.779528 -0.503937 -0.377953
vn 0.023622 -0.992126 -0.086614
vn -0.787402 0.496063 -0.370079
vn 0.000000 1.000000 0.015748
vn -0.771654 -0.480315 -0.417323
vn 0.062992 -0.984252 -0.149606
vn -0.803150 0.496063 -0.330709
vn -0.023622 1.000000 0.062992
vn -0.039370 0.992126 0.102362
vn -0.748031 -0.496063 -0.448819
vn 0.086614 -0.976378 -0.188976
vn -0.818898 0.496063 -0.299213
vn -0.062992 0.984252 0.149606
vn -0.732283 -0.488189 -0.464567
vn 0.110236 -0.968504 -0.236220
vn -0.826772 0.488189 -0.283465
vn -0.086614 0.976378 0.188976
vn -0.724409 -0.480315 -0.488189
vn 0.125984 -0.952756 -0.275590
vn -0.834646 0.480315 -0.259843
vn -0.110236 0.968504 0.236220
vn -0.716535 -0.472441 -0.511811
vn 0.141732 -0.937008 -0.314960
vn -0.850394 0.472441 -0.236221
vn -0.125984 0.952756 0.275590
vn -0.708661 -0.464567 -0.527559
vn 0.165354 -0.921260 -0.362205
vn -0.858268 0.472441 -0.220472
vn -0.141732 0.937008 0.314960
vn -0.692913 -0.464567 -0.551181
vn 0.188976 -0.889764 -0.409449
vn -0.866142 0.456693 -0.196850
vn -0.165354 0.921260 0.362205
vn -0.685039 -0.448819 -0.574803
vn 0.118110 -0.984252 -0.125984
vn -0.826772 -0.425197 -0.370079
vn -0.811024 0.551181 -0.204724
vn -0.881890 0.448819 -0.173228
vn -0.188976 0.889764 0.409449
vn -0.055118 0.984252 0.149606
vn -0.196850 -0.897638 0.401575
vn -0.204724 -0.881890 0.417323
vn 0.669291 -0.440945 0.590551
vn 0.677165 -0.456693 0.582677
vn 0.881890 0.440945 0.173228
vn -0.181102 -0.913386 0.362205
vn 0.881890 0.440945 0.188976
vn 0.204724 0.881890 -0.417323
vn 0.196850 0.897638 -0.401575
vn 0.685039 -0.464567 0.559055
vn -0.157480 -0.937008 0.307087
vn 0.874016 0.448819 0.204724
vn 0.181102 0.913386 -0.362205
vn 0.692913 -0.480315 0.535433
vn -0.125984 -0.960630 0.251969
vn 0.858268 0.456693 0.228346
vn 0.157480 0.937008 -0.307087
vn 0.708661 -0.496063 0.503937
vn -0.102362 -0.976378 0.196850
vn 0.850394 0.464567 0.251968
vn 0.125984 0.960630 -0.251969
vn 0.724409 -0.496063 0.472441
vn 0.834646 0.472441 0.283464
vn 0.102362 0.976378 -0.196850
vn 0.078740 0.992126 -0.133858
vn 0.818898 0.480315 0.307087
vn 0.047244 1.000000 -0.055118
vn 0.755906 -0.488189 0.440945
vn -0.062992 -0.992126 0.133858
vn 0.803150 0.488189 0.346457
vn 0.000000 1.000000 0.015748
vn 0.771654 -0.496063 0.401575
vn -0.023622 -1.000000 0.055118
vn 0.787402 0.488189 0.385827
vn -0.023622 1.000000 0.062992
vn 0.779528 -0.511811 0.362205
vn 0.000000 -1.000000 -0.015748
vn 0.779528 0.472441 0.417323
vn -0.039370 0.992126 0.102362
vn -0.062992 0.984252 0.149606
vn 0.795276 -0.503937 0.322835
vn 0.039370 -0.992126 -0.086614
vn 0.755906 0.480315 0.448819
vn -0.086614 0.976378 0.188976
vn 0.811024 -0.503937 0.299213
vn 0.062992 -0.984252 -0.149606
vn 0.740157 0.472441 0.472441
vn -0.110236 0.968504 0.236220
vn 0.818898 -0.503937 0.275591
vn 0.086614 -0.976378 -0.188976
vn 0.732283 0.472441 0.488189
vn -0.125984 0.952756 0.275590
vn 0.834646 -0.496063 0.251969
vn 0.110236 -0.968504 -0.236220
vn 0.724409 0.464567 0.511811
vn -0.141732 0.937008 0.314960
vn 0.842520 -0.488189 0.228346
vn 0.125984 -0.952756 -0.275590
vn 0.716535 0.456693 0.527559
vn -0.165354 0.921260 0.362205
vn 0.850394 -0.480315 0.212598
vn 0.141732 -0.937008 -0.314960
vn 0.708661 0.448819 0.551181
vn -0.188976 0.889764 0.409449
vn 0.858268 -0.472441 0.188976
vn 0.165354 -0.921260 -0.362205
vn 0.692913 0.433071 0.574803
vn -0.055118 0.984252 0.149606
vn 0.748031 0.559055 0.370079
vn 0.889764 -0.370079 0.259843
vn 0.874016 -0.456693 0.165354
vn 0.188976 -0.889764 -0.409449
vn 0.118110 -0.984252 -0.125984
vn 0.023622 0.992126 -0.149606
vn -0.055118 0.984252 0.149606
vn -0.811024 0.551181 -0.204724
vn -0.850394 0.480315 -0.228346
vn -0.826772 -0.425197 -0.370079
vn 0.015748 1.000000 -0.078740
vn -0.850394 -0.527559 -0.078740
vn 0.118110 -0.984252 -0.125984
vn 0.000000 -0.992126 0.149606
vn 0.007874 -0.992126 0.102362
vn -0.866142 0.480315 -0.149606
vn 0.015748 1.000000 -0.007874
vn -0.850394 -0.519685 -0.086614
vn 0.007874 -1.000000 0.062992
vn -0.866142 0.488189 -0.118110
vn 0.031496 1.000000 0.047244
vn -0.850394 -0.519685 -0.102362
vn 0.007874 -1.000000 0.015748
vn -0.858268 0.503937 -0.086614
vn 0.039370 0.992126 0.094488
vn -0.842520 -0.519685 -0.125984
vn 0.000000 -1.000000 -0.039370
vn -0.858268 0.503937 -0.070866
vn 0.039370 0.992126 0.118110
vn -0.834646 -0.519685 -0.165354
vn 0.000000 -1.000000 -0.086614
vn -0.858268 0.511811 -0.062992
vn 0.039370 0.992126 0.141732
vn 0.000000 -0.992126 -0.118110
vn -0.858268 0.511811 -0.078740
vn 0.023622 0.992126 0.149606
vn 0.000000 0.984252 0.157480
vn -0.834646 -0.511811 -0.212598
vn 0.007874 -0.992126 -0.133858
vn 0.007874 -0.992126 -0.141732
vn -0.858268 0.503937 -0.118110
vn -0.031496 0.984252 0.165354
vn -0.818898 -0.496063 -0.283464
vn 0.015748 -0.992126 -0.149606
vn -0.858268 0.496063 -0.165354
vn -0.078740 0.976378 0.181102
vn 0.023622 -0.984252 -0.157480
vn -0.842520 0.488189 -0.228346
vn -0.094488 0.976378 0.204724
vn -0.826772 0.496063 -0.267717
vn -0.771654 -0.480315 -0.417323
vn 0.047244 -0.976378 -0.196850
vn -0.740157 -0.472441 -0.472441
vn 0.086614 -0.976378 -0.204724
vn 0.000000 -0.992126 0.149606
vn 0.118110 -0.984252 -0.125984
vn 0.889764 -0.370079 0.259843
vn 0.842520 -0.488189 0.228346
vn 0.007874 -0.992126 0.102362
vn 0.748031 0.559055 0.370079
vn 0.007874 -1.000000 0.062992
vn 0.866142 0.496063 0.086614
vn -0.055118 0.984252 0.149606
vn 0.023622 0.992126 -0.149606
vn -0.007874 1.000000 -0.086614
vn 0.858268 -0.488189 0.149606
vn 0.007874 -1.000000 0.015748
vn 0.858268 0.503937 0.086614
vn 0.858268 -0.503937 0.110236
vn 0.000000 -1.000000 -0.039370
vn 0.866142 0.488189 0.102362
vn 0.015748 1.000000 -0.007874
vn 0.858268 -0.511811 0.086614
vn 0.000000 -1.000000 -0.086614
vn 0.866142 0.480315 0.125984
vn 0.031496 1.000000 0.047244
vn 0.850394 -0.519685 0.062992
vn 0.000000 -0.992126 -0.118110
vn 0.866142 0.472441 0.165354
vn 0.039370 0.992126 0.094488
vn 0.850394 -0.519685 0.062992
vn 0.007874 -0.992126 -0.133858
vn 0.039370 0.992126 0.118110
vn 0.850394 -0.519685 0.070866
vn 0.007874 -0.992126 -0.141732
vn 0.015748 -0.992126 -0.149606
vn 0.850394 0.472441 0.212598
vn 0.039370 0.992126 0.141732
vn 0.023622 0.992126 0.149606
vn 0.850394 -0.511811 0.110236
vn 0.023622 -0.984252 -0.157480
vn 0.826772 0.480315 0.283464
vn 0.000000 0.984252 0.157480
vn 0.850394 -0.511811 0.157480
vn 0.047244 -0.976378 -0.196850
vn -0.031496 0.984252 0.165354
vn 0.826772 -0.511811 0.220472
vn 0.086614 -0.976378 -0.204724
vn 0.826772 -0.496063 0.267717
vn 0.771654 0.480315 0.417323
vn -0.078740 0.976378 0.181102
vn 0.740157 0.472441 0.480315
vn -0.094488 0.976378 0.204724
vn 0.125984 0.984252 -0.102362
vn 0.094488 0.992126 -0.062992
vn -0.692913 0.503937 -0.519685
vn -0.685039 0.574803 -0.440945
vn 0.204724 0.937008 -0.267717
vn -0.748031 -0.503937 -0.433071
vn 0.251969 0.795275 -0.551181
vn -0.811024 -0.448819 -0.362205
vn -0.070866 -0.992126 0.078740
vn -0.086614 -0.992126 0.118110
vn -0.716535 0.519685 -0.464567
vn 0.220472 0.566929 -0.795276
vn -0.960630 -0.283465 -0.055118
vn -0.149606 -0.952756 0.275591
vn -0.251969 -0.755905 0.606299
vn -0.976378 -0.125984 0.196850
vn -0.307087 -0.527559 0.787401
vn -0.724409 0.267716 -0.637795
vn 0.228346 0.574803 -0.787401
vn 0.196850 0.700787 -0.685039
vn -0.929134 -0.377953 0.047244
vn -0.204724 -0.700787 0.685039
vn -0.740157 0.267716 -0.614173
vn 0.133858 0.826771 -0.551181
vn -0.881890 -0.464567 -0.047244
vn -0.141732 -0.818897 0.551181
vn -0.755906 0.314961 -0.574803
vn 0.086614 0.897638 -0.425197
vn -0.771654 0.354331 -0.535433
vn 0.047244 0.944882 -0.330709
vn -0.850394 -0.519685 -0.118110
vn -0.094488 -0.897638 0.433071
vn -0.779528 0.377953 -0.496063
vn 0.007874 0.968504 -0.251969
vn -0.818898 -0.543307 -0.173228
vn -0.047244 -0.944882 0.330709
vn -0.787402 0.393701 -0.464567
vn -0.039370 0.992126 -0.149606
vn -0.795276 -0.566929 -0.220472
vn -0.007874 -0.968504 0.244095
vn -0.811024 0.401575 -0.425197
vn -0.086614 0.992126 -0.039370
vn -0.763780 -0.582677 -0.275590
vn 0.031496 -0.992126 0.149606
vn -0.834646 0.401575 -0.385827
vn -0.141732 0.984252 0.070866
vn -0.740157 -0.582677 -0.338583
vn 0.086614 -0.992126 0.039370
vn -0.858268 0.385827 -0.346457
vn -0.204724 0.960630 0.204724
vn -0.708661 -0.574803 -0.409449
vn 0.133858 -0.984252 -0.070866
vn -0.881890 0.362205 -0.299213
vn -0.283465 0.889764 0.362205
vn -0.677165 -0.551181 -0.488189
vn 0.204724 -0.952756 -0.212598
vn -0.913386 0.322835 -0.244095
vn -0.362205 0.763779 0.527559
vn -0.637795 -0.503937 -0.582677
vn 0.283465 -0.881890 -0.370079
vn -0.937008 0.283464 -0.188976
vn -0.448819 0.566929 0.692913
vn -0.590551 -0.433071 -0.677165
vn 0.362205 -0.763779 -0.535433
vn -0.960630 0.228346 -0.141732
vn -0.527559 -0.307087 -0.787401
vn 0.425197 -0.566929 -0.700787
vn 0.417323 -0.637795 -0.645669
vn -0.527559 -0.244095 -0.818897
vn 0.338583 -0.889764 -0.314960
vn -0.622047 -0.251969 -0.740157
vn -0.889764 0.370079 -0.251969
vn -0.488189 0.559055 -0.669291
vn -0.417323 0.716535 0.559055
vn -0.244094 0.850394 0.472441
vn -0.086614 -0.992126 0.118110
vn -0.070866 -0.992126 0.078740
vn 0.669291 -0.535433 0.511811
vn 0.716535 -0.535433 0.448819
vn -0.149606 -0.952756 0.275591
vn 0.771654 0.440945 0.456693
vn -0.244094 -0.763779 0.598425
vn 0.818898 0.448819 0.362205
vn 0.094488 0.992126 -0.062992
vn 0.125984 0.984252 -0.102362
vn 0.755906 -0.488189 0.440945
vn -0.244094 -0.496063 0.834646
vn 0.944882 0.330709 0.015748
vn 0.204724 0.937008 -0.267717
vn 0.251969 0.795275 -0.551181
vn 0.968504 0.141732 -0.220472
vn 0.267717 0.527559 -0.803150
vn 0.692913 -0.283464 0.661417
vn -0.204724 -0.700787 0.685039
vn 0.952756 0.275591 -0.094488
vn 0.228346 0.574803 -0.787401
vn 0.708661 -0.299212 0.637795
vn -0.141732 -0.818897 0.551181
vn 0.929134 0.362205 -0.000000
vn 0.196850 0.700787 -0.685039
vn 0.740157 -0.346457 0.582677
vn -0.094488 -0.897638 0.433071
vn 0.897638 0.440945 0.062992
vn 0.133858 0.826771 -0.551181
vn 0.755906 -0.377953 0.535433
vn -0.047244 -0.944882 0.330709
vn 0.858268 0.496063 0.125984
vn 0.086614 0.897638 -0.425197
vn 0.771654 -0.401575 0.496063
vn -0.007874 -0.968504 0.244095
vn 0.826772 0.527559 0.181102
vn 0.047244 0.944882 -0.330709
vn 0.787402 -0.409449 0.464567
vn 0.031496 -0.992126 0.149606
vn 0.803150 0.551181 0.220472
vn 0.007874 0.968504 -0.251969
vn 0.795276 -0.425197 0.425197
vn 0.086614 -0.992126 0.039370
vn 0.779528 0.559055 0.283464
vn -0.039370 0.992126 -0.149606
vn 0.818898 -0.425197 0.377953
vn 0.133858 -0.984252 -0.070866
vn 0.748031 0.566929 0.346457
vn -0.086614 0.992126 -0.039370
vn 0.842520 -0.417323 0.338583
vn 0.204724 -0.952756 -0.212598
vn 0.724409 0.551181 0.417323
vn -0.141732 0.984252 0.070866
vn 0.874016 -0.401575 0.283465
vn 0.283465 -0.881890 -0.370079
vn 0.700787 0.519685 0.496063
vn -0.204724 0.960630 0.204724
vn 0.905512 -0.370079 0.220472
vn 0.362205 -0.763779 -0.535433
vn 0.669291 0.472441 0.582677
vn -0.283465 0.889764 0.362205
vn 0.937008 -0.314961 0.149606
vn 0.425197 -0.566929 -0.700787
vn 0.629921 0.401575 0.669291
vn -0.362205 0.763779 0.527559
vn 0.968504 -0.251968 0.070866
vn 0.417323 -0.637795 -0.645669
vn 0.574803 0.291339 0.763779
vn -0.448819 0.566929 0.692913
vn 0.858268 -0.362205 0.362205
vn 0.338583 -0.889764 -0.314960
vn 0.535433 -0.338583 0.771653
vn 0.417323 0.275591 0.866142
vn -0.417323 0.716535 0.559055
vn 0.653543 0.417323 0.629921
vn -0.244094 0.850394 0.472441
vn 0.590551 0.685039 -0.417323
vn 0.456693 0.763779 -0.456693
vn -0.488189 0.559055 -0.669291
vn -0.236220 0.346457 -0.905512
vn -0.622047 -0.251969 -0.740157
vn 0.598425 0.645669 -0.472441
vn -0.881890 -0.299213 -0.362205
vn -0.559055 -0.700787 0.448819
vn -0.598425 -0.582677 0.551181
vn -0.291339 0.346457 -0.889764
vn 0.480315 0.803149 -0.362205
vn -0.858268 -0.291339 -0.417323
vn -0.622047 -0.645669 0.440945
vn -0.291339 0.385827 -0.874016
vn 0.385827 0.874016 -0.291339
vn -0.755906 -0.409449 -0.503937
vn -0.480315 -0.803149 0.354331
vn -0.330709 0.425197 -0.842520
vn 0.291339 0.929134 -0.220473
vn -0.708661 -0.448819 -0.543307
vn -0.385827 -0.874016 0.291339
vn -0.377953 0.448819 -0.811024
vn 0.196850 0.968504 -0.149606
vn -0.661417 -0.480315 -0.582677
vn -0.291339 -0.929134 0.220473
vn -0.425197 0.472441 -0.771653
vn 0.102362 0.992126 -0.078740
vn -0.606299 -0.496063 -0.614173
vn -0.196850 -0.968504 0.149606
vn -0.464567 0.480315 -0.740157
vn 0.000000 1.000000 -0.007874
vn -0.559055 -0.511811 -0.653543
vn -0.102362 -0.992126 0.078740
vn -0.511811 0.488189 -0.708661
vn -0.094488 0.992126 0.062992
vn -0.511811 -0.511811 -0.692913
vn 0.000000 -1.000000 0.007874
vn -0.559055 0.480315 -0.677165
vn -0.188976 0.976378 0.133858
vn -0.464567 -0.511811 -0.724409
vn 0.094488 -0.992126 -0.062992
vn -0.606299 0.472441 -0.637795
vn -0.275591 0.937008 0.196850
vn -0.417323 -0.503937 -0.763779
vn 0.188976 -0.976378 -0.133858
vn -0.653543 0.456693 -0.606299
vn -0.370079 0.889764 0.267716
vn -0.370079 -0.480315 -0.795275
vn 0.275591 -0.937008 -0.196850
vn -0.692913 0.433071 -0.574803
vn -0.448819 0.834646 0.322835
vn -0.322835 -0.456693 -0.826771
vn 0.370079 -0.889764 -0.267716
vn -0.740157 0.401575 -0.543307
vn -0.488189 0.795276 0.354331
vn -0.755906 0.393701 -0.519685
vn -0.283465 -0.433071 -0.858268
vn 0.448819 -0.834646 -0.322835
vn -0.275591 -0.401575 -0.874016
vn 0.488189 -0.795276 -0.354331
vn 0.653543 0.417323 0.629921
vn 0.456693 0.763779 -0.456693
vn 0.590551 0.685039 -0.417323
vn 0.874016 0.291339 0.385827
vn 0.535433 -0.338583 0.771653
vn 0.598425 0.645669 -0.472441
vn 0.346457 -0.322834 0.881890
vn -0.559055 -0.700787 0.448819
vn -0.598425 -0.582677 0.551181
vn 0.850394 0.259843 0.456693
vn 0.204724 -0.393701 0.897638
vn -0.622047 -0.645669 0.440945
vn -0.480315 -0.803149 0.354331
vn 0.267717 -0.409449 0.874016
vn -0.385827 -0.874016 0.291339
vn 0.755906 0.393701 0.527559
vn 0.480315 0.803149 -0.362205
vn 0.314961 -0.448819 0.834646
vn -0.291339 -0.929134 0.220473
vn 0.708661 0.433071 0.559055
vn 0.385827 0.874016 -0.291339
vn 0.362205 -0.472441 0.803150
vn -0.196850 -0.968504 0.149606
vn 0.661417 0.456693 0.598425
vn 0.291339 0.929134 -0.220473
vn 0.409449 -0.488189 0.771653
vn -0.102362 -0.992126 0.078740
vn 0.614173 0.480315 0.629921
vn 0.196850 0.968504 -0.149606
vn 0.456693 -0.503937 0.732283
vn 0.000000 -1.000000 0.007874
vn 0.566929 0.488189 0.669291
vn 0.102362 0.992126 -0.078740
vn 0.503937 -0.503937 0.700787
vn 0.094488 -0.992126 -0.062992
vn 0.519685 0.496063 0.700787
vn 0.000000 1.000000 -0.007874
vn 0.551181 -0.503937 0.661417
vn 0.188976 -0.976378 -0.133858
vn 0.472441 0.488189 0.732283
vn -0.094488 0.992126 0.062992
vn 0.606299 -0.496063 0.629921
vn 0.275591 -0.937008 -0.196850
vn 0.425197 0.480315 0.763779
vn -0.188976 0.976378 0.133858
vn 0.653543 -0.472441 0.590551
vn 0.370079 -0.889764 -0.267716
vn 0.377953 0.464567 0.803149
vn -0.275591 0.937008 0.196850
vn 0.700787 -0.448819 0.559055
vn 0.448819 -0.834646 -0.322835
vn 0.338583 0.440945 0.834646
vn -0.370079 0.889764 0.267716
vn 0.740157 -0.417323 0.527559
vn 0.488189 -0.795276 -0.354331
vn 0.755906 -0.393701 0.519685
vn 0.299213 0.409449 0.858268
vn -0.448819 0.834646 0.322835
vn 0.275591 0.401575 0.874016
vn -0.488189 0.795276 0.354331
vn -0.086614 0.645669 -0.755905
vn -0.118110 0.606299 -0.787401
vn -0.850394 0.511811 -0.118110
vn -0.842520 0.535433 -0.078740
vn -0.740157 -0.102362 0.669291
vn -0.039370 0.724409 -0.685039
vn -0.732283 -0.118110 0.669291
vn 0.118110 -0.606299 0.787401
vn 0.102362 -0.653543 0.755905
vn -0.803150 0.598425 -0.023622
vn 0.023622 0.803149 -0.598425
vn -0.740157 -0.141732 0.653543
vn 0.047244 -0.732283 0.677165
vn -0.755906 0.653543 0.047244
vn 0.102362 0.866142 -0.488189
vn -0.755906 -0.157480 0.637795
vn -0.015748 -0.803149 0.590551
vn -0.692913 0.708661 0.133858
vn 0.181102 0.913386 -0.370079
vn -0.771654 -0.173228 0.614173
vn -0.086614 -0.874016 0.480315
vn -0.629921 0.740157 0.228346
vn 0.267717 0.929134 -0.244095
vn -0.787402 -0.181102 0.582677
vn -0.165354 -0.913386 0.362205
vn -0.566929 0.755905 0.322835
vn 0.346457 0.929134 -0.118110
vn -0.811024 -0.188976 0.559055
vn -0.251969 -0.937008 0.236221
vn -0.472441 0.748031 0.464567
vn 0.425197 0.905512 -0.007874
vn 0.496063 0.866142 0.102362
vn -0.826772 -0.188976 0.527559
vn -0.338583 -0.937008 0.110236
vn -0.377953 0.700787 0.598425
vn 0.574803 0.779527 0.251968
vn -0.842520 -0.181102 0.503937
vn -0.417323 -0.913386 -0.007874
vn -0.314961 0.637795 0.700787
vn 0.653543 0.669291 0.346457
vn -0.858268 -0.173228 0.480315
vn -0.488189 -0.866142 -0.110236
vn -0.251969 0.551181 0.795275
vn 0.456693 0.889764 0.055118
vn -0.425197 0.842520 0.338583
vn -0.881890 -0.133858 0.456693
vn -0.598425 -0.771653 -0.228346
vn -0.897638 -0.125984 0.425197
vn -0.937008 0.094488 0.330709
vn -0.645669 -0.669291 -0.354331
vn -0.677165 -0.732283 0.055118
vn 0.102362 -0.653543 0.755905
vn 0.118110 -0.606299 0.787401
vn 0.850394 -0.511811 0.118110
vn 0.834646 -0.543307 0.102362
vn 0.740157 0.102362 -0.669291
vn 0.047244 -0.732283 0.677165
vn 0.748031 0.094488 -0.653543
vn -0.118110 0.606299 -0.787401
vn -0.086614 0.645669 -0.755905
vn 0.787402 -0.614173 0.047244
vn -0.015748 -0.803149 0.590551
vn 0.763780 0.110236 -0.637795
vn -0.039370 0.724409 -0.685039
vn 0.740157 -0.677165 -0.023622
vn -0.086614 -0.874016 0.480315
vn 0.771654 0.118110 -0.622047
vn 0.023622 0.803149 -0.598425
vn 0.677165 -0.724409 -0.110236
vn -0.165354 -0.913386 0.362205
vn 0.787402 0.125984 -0.606299
vn 0.102362 0.866142 -0.488189
vn 0.614173 -0.763779 -0.204724
vn -0.251969 -0.937008 0.236221
vn 0.803150 0.133858 -0.582677
vn 0.181102 0.913386 -0.370079
vn 0.543307 -0.779527 -0.307086
vn -0.338583 -0.937008 0.110236
vn 0.818898 0.141732 -0.559055
vn 0.267717 0.929134 -0.244095
vn 0.448819 -0.771653 -0.456693
vn -0.417323 -0.913386 -0.007874
vn -0.488189 -0.866142 -0.110236
vn 0.842520 0.110236 -0.527559
vn 0.346457 0.929134 -0.118110
vn 0.425197 0.905512 -0.007874
vn 0.354331 -0.724409 -0.590551
vn -0.566929 -0.787401 -0.244094
vn 0.858268 0.133858 -0.496063
vn 0.496063 0.866142 0.102362
vn 0.291339 -0.653543 -0.700787
vn -0.645669 -0.669291 -0.354331
vn 0.874016 0.102362 -0.472441
vn 0.606299 0.763779 0.244094
vn 0.228346 -0.566929 -0.795275
vn -0.677165 -0.732283 0.055118
vn 0.543307 -0.763779 -0.354331
vn 0.889764 0.102362 -0.448819
vn 0.653543 0.669291 0.346457
vn 0.937008 0.228346 -0.259843
vn 0.456693 0.889764 0.055118
vn 0.409449 0.826771 -0.385827
vn 0.456693 0.889764 0.055118
vn -0.425197 0.842520 0.338583
vn -0.582677 0.779527 -0.236221
vn -0.937008 0.094488 0.330709
vn 0.417323 0.842520 -0.346457
vn -0.984252 -0.055118 0.149606
vn -0.677165 -0.732283 0.055118
vn -0.409449 -0.826771 0.385827
vn -0.582677 0.787401 -0.204724
vn 0.425197 0.858268 -0.299213
vn -0.992126 -0.055118 0.141732
vn -0.409449 -0.842520 0.346457
vn -0.574803 0.803149 -0.165354
vn 0.425197 0.866142 -0.251969
vn -0.992126 -0.062992 0.133858
vn -0.417323 -0.858268 0.299213
vn -0.566929 0.811023 -0.125984
vn 0.433071 0.881890 -0.204724
vn -0.992126 -0.062992 0.125984
vn -0.425197 -0.874016 0.251969
vn -0.559055 0.826772 -0.078740
vn 0.448819 0.881890 -0.157480
vn -0.992126 -0.062992 0.118110
vn -0.425197 -0.881890 0.204724
vn -0.440945 -0.881890 0.149606
vn -0.992126 -0.062992 0.110236
vn -0.992126 -0.055118 0.102362
vn -0.425197 -0.897638 0.086614
vn -0.559055 0.834646 -0.007874
vn 0.440945 0.889764 -0.102362
vn -0.992126 -0.055118 0.094488
vn -0.440945 -0.897638 0.031496
vn -0.448819 -0.889764 -0.007874
vn -0.551181 0.834646 0.055118
vn 0.448819 0.889764 -0.070866
vn 0.448819 0.889764 -0.031496
vn -0.992126 -0.055118 0.094488
vn -0.448819 -0.889764 -0.039370
vn -0.456693 -0.889764 -0.078740
vn -0.543307 0.826772 0.118110
vn 0.456693 0.889764 0.007874
vn 0.456693 0.889764 0.039370
vn -0.992126 -0.062992 0.086614
vn -0.456693 -0.881890 -0.125984
vn -0.535433 0.826772 0.188976
vn 0.456693 0.881890 0.078740
vn -0.992126 -0.062992 0.078740
vn -0.464567 -0.874016 -0.165354
vn 0.464567 0.874016 0.118110
vn -0.992126 -0.062992 0.078740
vn -0.464567 -0.858268 -0.204724
vn -0.527559 0.803150 0.267716
vn 0.464567 0.866142 0.165354
vn -0.992126 -0.062992 0.070866
vn -0.472441 -0.842520 -0.259842
vn 0.472441 0.858268 0.204724
vn -0.992126 -0.062992 0.062992
vn -0.527559 0.779527 0.330709
vn 0.480315 0.834646 0.259842
vn 0.488189 0.811024 0.330709
vn -0.527559 0.755905 0.401575
vn 0.425197 0.905512 0.031496
vn -0.496063 0.850394 0.157480
vn -0.992126 -0.070866 0.055118
vn -0.984252 0.055118 0.149606
vn -0.472441 -0.811024 -0.338583
vn -0.496063 -0.866142 -0.007874
vn -0.409449 -0.826771 0.385827
vn -0.677165 -0.732283 0.055118
vn 0.543307 -0.763779 -0.354331
vn 0.574803 -0.779527 0.236221
vn 0.937008 0.228346 -0.259843
vn -0.409449 -0.842520 0.346457
vn 0.992126 0.039370 -0.149606
vn 0.456693 0.889764 0.055118
vn 0.409449 0.826771 -0.385827
vn 0.566929 -0.795275 0.204724
vn -0.417323 -0.858268 0.299213
vn 0.992126 0.039370 -0.133858
vn 0.417323 0.842520 -0.346457
vn 0.566929 -0.803149 0.173228
vn -0.425197 -0.874016 0.251969
vn 0.992126 0.047244 -0.125984
vn 0.425197 0.858268 -0.299213
vn 0.559055 -0.818897 0.125984
vn -0.425197 -0.881890 0.204724
vn 0.992126 0.047244 -0.118110
vn 0.425197 0.866142 -0.251969
vn 0.559055 -0.826772 0.078740
vn -0.433071 -0.889764 0.149606
vn 0.992126 0.047244 -0.110236
vn 0.433071 0.881890 -0.204724
vn 0.433071 0.889764 -0.149606
vn 0.992126 0.055118 -0.110236
vn 0.992126 0.047244 -0.102362
vn 0.440945 0.889764 -0.102362
vn 0.448819 0.889764 -0.070866
vn 0.551181 -0.834646 0.007874
vn -0.433071 -0.897638 0.094488
vn 0.992126 0.047244 -0.094488
vn 0.448819 0.889764 -0.031496
vn 0.456693 0.889764 0.007874
vn 0.543307 -0.834646 -0.047244
vn -0.440945 -0.897638 0.031496
vn 0.992126 0.047244 -0.094488
vn 0.456693 0.889764 0.039370
vn 0.456693 0.881890 0.078740
vn 0.535433 -0.834646 -0.118110
vn -0.448819 -0.889764 -0.007874
vn -0.448819 -0.889764 -0.039370
vn 0.992126 0.055118 -0.086614
vn 0.464567 0.874016 0.118110
vn 0.527559 -0.826772 -0.188976
vn -0.456693 -0.889764 -0.078740
vn 0.992126 0.047244 -0.078740
vn 0.464567 0.866142 0.165354
vn -0.456693 -0.881890 -0.125984
vn 0.992126 0.047244 -0.078740
vn 0.472441 0.858268 0.204724
vn 0.527559 -0.811024 -0.267716
vn -0.464567 -0.874016 -0.165354
vn 0.992126 0.047244 -0.078740
vn 0.480315 0.834646 0.259842
vn -0.464567 -0.858268 -0.204724
vn 1.000000 0.047244 -0.070866
vn 0.519685 -0.787401 -0.330709
vn -0.472441 -0.842520 -0.259842
vn -0.472441 -0.811024 -0.338583
vn 0.511811 -0.763779 -0.401575
vn -0.496063 -0.866142 -0.007874
vn 0.637795 -0.755905 -0.165354
vn 1.000000 0.039370 -0.070866
vn 0.976378 0.173228 -0.125984
vn 0.488189 0.811024 0.330709
vn 0.425197 0.905512 0.031496
vn 0.377953 0.858268 -0.338583
vn 0.425197 0.905512 0.031496
vn -0.496063 0.850394 0.157480
vn -0.590551 0.795275 -0.157480
vn 0.393701 0.866142 -0.307087
vn -0.984252 0.055118 0.149606
vn 0.417323 0.881890 -0.212599
vn -0.968504 -0.086614 0.228346
vn -0.496063 -0.866142 -0.007874
vn -0.385827 -0.858268 0.338583
vn -0.385827 -0.874016 0.299213
vn -0.582677 0.811023 -0.023622
vn 0.433071 0.897638 -0.094488
vn -0.976378 -0.094488 0.188976
vn -0.393701 -0.889764 0.212599
vn -0.566929 0.818897 0.086614
vn 0.456693 0.889764 0.023622
vn -0.976378 -0.094488 0.181102
vn -0.417323 -0.905512 0.094488
vn -0.543307 0.818897 0.204724
vn 0.472441 0.874016 0.118110
vn -0.976378 -0.094488 0.173228
vn -0.440945 -0.897638 -0.023622
vn -0.519685 0.803150 0.291338
vn 0.472441 0.866142 0.157480
vn -0.511811 0.795276 0.330709
vn -0.984252 -0.086614 0.173228
vn -0.464567 -0.881890 -0.118110
vn -0.984252 -0.070866 0.173228
vn -0.472441 -0.866142 -0.157480
vn -0.385827 -0.858268 0.338583
vn -0.496063 -0.866142 -0.007874
vn 0.637795 -0.755905 -0.165354
vn 0.566929 -0.803149 0.157480
vn -0.385827 -0.874016 0.299213
vn 0.976378 0.173228 -0.125984
vn -0.393701 -0.889764 0.212599
vn 0.968504 0.039370 -0.228346
vn 0.425197 0.905512 0.031496
vn 0.377953 0.858268 -0.338583
vn 0.393701 0.866142 -0.307087
vn 0.566929 -0.826772 0.031496
vn -0.417323 -0.905512 0.094488
vn 0.984252 0.055118 -0.181102
vn 0.417323 0.881890 -0.212599
vn 0.543307 -0.834646 -0.086614
vn -0.440945 -0.897638 -0.023622
vn 0.984252 0.047244 -0.181102
vn 0.433071 0.897638 -0.094488
vn 0.527559 -0.826772 -0.204724
vn -0.464567 -0.881890 -0.118110
vn 0.984252 0.047244 -0.181102
vn 0.456693 0.889764 0.023622
vn 0.511811 -0.811024 -0.291338
vn -0.472441 -0.866142 -0.157480
vn 0.511811 -0.795276 -0.330709
vn 0.984252 0.055118 -0.181102
vn 0.472441 0.874016 0.118110
vn 0.984252 0.070866 -0.173228
vn 0.472441 0.866142 0.157480
vn 0.204724 0.968504 -0.149606
vn -0.007874 0.984252 -0.188976
vn 0.283465 0.338583 -0.897638
vn 0.236220 0.330709 -0.913386
vn 0.283465 -0.661417 -0.692913
vn 0.307087 0.937008 -0.157480
vn 0.031496 -0.645669 -0.763779
vn -0.007874 -0.976378 0.220473
vn -0.212598 -0.960630 0.173228
vn 0.220472 0.322834 -0.921260
vn 0.496063 0.858268 -0.125984
vn -0.078740 -0.622047 -0.779527
vn -0.307087 -0.937008 0.149606
vn 0.377953 0.283464 -0.881890
vn 0.913386 0.393701 0.094488
vn -0.110236 -0.551181 -0.826771
vn -0.519685 -0.850394 0.070866
vn 0.755906 -0.141732 -0.637795
vn 0.944882 0.181102 0.283464
vn -0.062992 -0.551181 -0.834646
vn -0.858268 -0.488189 -0.173228
vn 0.763780 -0.448819 -0.464567
vn -0.157480 -0.637795 -0.755905
vn -0.929134 -0.204724 -0.314961
vn 0.755906 -0.519685 -0.401575
vn 0.944882 0.204724 0.251968
vn 0.944882 0.236220 0.220472
vn -0.165354 -0.732283 -0.653543
vn -0.929134 -0.244094 -0.283464
vn -0.937008 -0.259843 -0.236220
vn 0.748031 -0.606299 -0.267716
vn 0.952756 0.251969 0.181102
vn 0.952756 0.275591 0.141732
vn -0.181102 -0.866142 -0.472441
vn -0.937008 -0.291339 -0.204724
vn -0.937008 -0.307087 -0.149606
vn 0.740157 -0.653543 -0.157480
vn -0.188976 -0.960630 -0.204724
vn -0.937008 -0.322835 -0.094488
vn -0.944882 -0.322835 -0.047244
vn 0.732283 -0.677165 -0.062992
vn 0.952756 0.275591 0.094488
vn 0.952756 0.291339 0.047244
vn 0.732283 -0.677165 0.039370
vn -0.204724 -0.976378 0.094488
vn -0.944882 -0.322835 0.007874
vn -0.952756 -0.307087 0.047244
vn 0.724409 -0.669291 0.149606
vn 0.960630 0.283465 -0.000000
vn 0.960630 0.283465 -0.039370
vn -0.220472 -0.921260 0.330709
vn -0.952756 -0.299213 0.086614
vn -0.952756 -0.275591 0.110236
vn 0.724409 -0.629921 0.283465
vn 0.960630 0.267716 -0.070866
vn 0.960630 0.259842 -0.102362
vn -0.228346 -0.842520 0.488189
vn -0.952756 -0.275590 0.141732
vn 0.724409 -0.582677 0.370079
vn 0.960630 0.236220 -0.141732
vn -0.228346 -0.779527 0.582677
vn -0.952756 -0.244094 0.181102
vn 0.724409 -0.519685 0.448819
vn 0.960630 0.228346 -0.157480
vn 0.960630 0.212598 -0.181102
vn -0.236220 -0.716535 0.661417
vn -0.960630 -0.220472 0.188976
vn 0.724409 -0.488189 0.488189
vn 0.960630 0.212598 -0.188976
vn -0.236220 -0.700787 0.669291
vn -0.960630 -0.204724 0.188976
vn 0.732283 -0.496063 0.464567
vn 0.944882 0.291339 -0.157480
vn -0.251969 -0.842520 0.480315
vn -0.976378 -0.204724 0.102362
vn 0.755906 -0.559055 0.330709
vn 0.929134 0.370079 -0.007874
vn 0.787402 -0.614173 0.000000
vn -0.275591 -0.960630 0.007874
vn -0.984252 -0.181102 0.007874
vn -0.212598 -0.960630 0.173228
vn -0.015748 -0.968504 0.251969
vn -0.299213 -0.283464 0.913386
vn -0.228346 -0.299212 0.929134
vn -0.299213 0.669291 0.685039
vn -0.291339 -0.944882 0.149606
vn -0.023622 0.653543 0.755905
vn 0.000000 0.976378 -0.204724
vn 0.204724 0.968504 -0.149606
vn -0.220472 -0.307086 0.929134
vn -0.488189 -0.866142 0.118110
vn 0.086614 0.629921 0.771653
vn 0.314961 0.937008 -0.133858
vn -0.346457 -0.259842 0.897638
vn -0.858268 -0.488189 -0.173228
vn 0.149606 0.590551 0.787401
vn 0.527559 0.842520 -0.110236
vn -0.669291 0.181102 0.724409
vn -0.929134 -0.204724 -0.314961
vn 0.275591 0.606299 0.748031
vn 0.913386 0.393701 0.094488
vn -0.779528 0.433071 0.448819
vn -0.929134 -0.244094 -0.283464
vn 0.165354 0.637795 0.755905
vn 0.944882 0.181102 0.283464
vn 0.944882 0.204724 0.251968
vn 0.173228 0.732283 0.653543
vn -0.779528 0.496063 0.377953
vn 0.188976 0.842520 0.503937
vn 0.944882 0.236220 0.220472
vn 0.952756 0.251969 0.181102
vn -0.771654 0.551181 0.314961
vn -0.937008 -0.259843 -0.236220
vn -0.937008 -0.291339 -0.204724
vn -0.771654 0.590551 0.236220
vn 0.196850 0.952756 0.244094
vn 0.952756 0.275591 0.141732
vn 0.952756 0.275591 0.094488
vn -0.763780 0.629921 0.149606
vn -0.937008 -0.307087 -0.149606
vn -0.937008 -0.322835 -0.094488
vn -0.763780 0.645669 0.055118
vn 0.220472 0.976378 -0.062992
vn 0.952756 0.291339 0.047244
vn 0.960630 0.283465 -0.000000
vn -0.755906 0.653543 -0.078740
vn -0.944882 -0.322835 -0.047244
vn -0.944882 -0.322835 0.007874
vn 0.228346 0.929134 -0.299213
vn 0.960630 0.283465 -0.039370
vn 0.960630 0.267716 -0.070866
vn -0.740157 0.629921 -0.236221
vn -0.952756 -0.307087 0.047244
vn -0.952756 -0.299213 0.086614
vn 0.228346 0.850394 -0.472441
vn 0.960630 0.259842 -0.102362
vn 0.968504 0.236220 -0.118110
vn -0.732283 0.582677 -0.346457
vn -0.952756 -0.275591 0.110236
vn -0.944882 -0.283464 0.149606
vn 0.236220 0.779527 -0.582677
vn 0.960630 0.212598 -0.149606
vn -0.732283 0.543307 -0.417323
vn -0.952756 -0.244094 0.173228
vn 0.236220 0.716535 -0.661417
vn 0.960630 0.212598 -0.181102
vn -0.724409 0.488189 -0.480315
vn -0.960630 -0.220472 0.188976
vn -0.968504 -0.196850 0.173228
vn 0.236220 0.732283 -0.637795
vn 0.952756 0.228346 -0.188976
vn -0.716535 0.511811 -0.472441
vn -0.976378 -0.204724 0.102362
vn 0.944882 0.291339 -0.157480
vn -0.700787 0.614173 -0.362205
vn -0.984252 -0.181102 0.007874
vn -0.692913 0.724409 -0.000000
vn 0.212598 0.976378 -0.007874
vn 0.929134 0.370079 -0.007874
vn 0.960630 0.267716 0.094488
vn 0.929134 0.370079 -0.007874
vn 0.787402 -0.614173 0.000000
vn 0.724409 -0.606299 -0.314961
vn -0.275591 -0.960630 0.007874
vn 0.960630 0.259842 0.078740
vn -0.244094 -0.874016 -0.417323
vn -0.984252 -0.181102 0.007874
vn -0.960630 -0.251968 -0.086614
vn 0.716535 -0.614173 -0.322835
vn 0.960630 0.259842 0.055118
vn -0.244094 -0.881890 -0.401575
vn -0.960630 -0.275591 -0.086614
vn 0.724409 -0.637795 -0.275590
vn 0.960630 0.267716 0.039370
vn -0.236220 -0.905512 -0.346457
vn -0.960630 -0.283465 -0.062992
vn 0.724409 -0.645669 -0.236220
vn -0.236220 -0.937008 -0.244094
vn -0.960630 -0.283465 -0.047244
vn -0.960630 -0.283465 -0.031496
vn -0.952756 -0.291339 -0.007874
vn 0.724409 -0.661417 -0.188976
vn 0.960630 0.275591 0.031496
vn 0.960630 0.267716 0.023622
vn -0.228346 -0.960630 -0.141732
vn -0.960630 -0.291339 -0.007874
vn 0.724409 -0.677165 -0.133858
vn 0.960630 0.283465 0.007874
vn -0.228346 -0.968504 -0.086614
vn -0.960630 -0.283465 0.000000
vn 0.724409 -0.677165 -0.086614
vn 0.952756 0.299213 -0.007874
vn -0.228346 -0.976378 -0.031496
vn -0.952756 -0.299213 0.007874
vn -0.952756 -0.291339 0.015748
vn -0.952756 -0.299213 0.023622
vn 0.724409 -0.685039 -0.039370
vn 0.960630 0.283465 -0.007874
vn 0.960630 0.283465 -0.015748
vn -0.228346 -0.976378 0.047244
vn -0.952756 -0.291339 0.031496
vn 0.724409 -0.685039 0.007874
vn 0.960630 0.267716 -0.031496
vn -0.952756 -0.299213 0.039370
vn 0.732283 -0.677165 0.062992
vn 0.960630 0.275591 -0.039370
vn 0.960630 0.275591 -0.055118
vn -0.228346 -0.968504 0.125984
vn -0.952756 -0.291339 0.055118
vn -0.952756 -0.291339 0.070866
vn 0.732283 -0.669291 0.102362
vn 0.960630 0.267716 -0.062992
vn -0.228346 -0.944882 0.220473
vn -0.952756 -0.291339 0.094488
vn 0.732283 -0.661417 0.149606
vn 0.960630 0.251968 -0.086614
vn -0.944882 -0.322835 0.039370
vn -0.196850 -0.897638 0.393701
vn 0.732283 -0.645669 0.228346
vn 0.960630 0.291339 -0.023622
vn 0.740157 -0.566929 0.354331
vn -0.228346 -0.921260 0.322835
vn -0.960630 -0.251968 -0.086614
vn -0.984252 -0.181102 0.007874
vn -0.692913 0.724409 -0.000000
vn -0.716535 0.622047 0.322835
vn 0.212598 0.976378 -0.007874
vn -0.960630 -0.275591 -0.086614
vn 0.244094 0.874016 0.417323
vn 0.929134 0.370079 -0.007874
vn 0.952756 0.283465 0.102362
vn -0.732283 0.606299 0.314961
vn -0.960630 -0.283465 -0.062992
vn 0.244094 0.881890 0.401575
vn 0.960630 0.259842 0.078740
vn -0.732283 0.622047 0.275590
vn -0.960630 -0.283465 -0.047244
vn 0.244094 0.905512 0.338583
vn 0.960630 0.259842 0.055118
vn -0.732283 0.637795 0.228346
vn -0.960630 -0.283465 -0.031496
vn 0.244094 0.937008 0.244094
vn 0.960630 0.267716 0.039370
vn 0.960630 0.275591 0.031496
vn 0.968504 0.259842 0.015748
vn -0.732283 0.653543 0.181102
vn -0.952756 -0.314961 -0.015748
vn 0.236220 0.960630 0.157480
vn 0.960630 0.283465 0.007874
vn -0.732283 0.661417 0.141732
vn -0.960630 -0.291339 -0.007874
vn 0.236220 0.968504 0.094488
vn 0.960630 0.275591 -0.000000
vn -0.732283 0.677165 0.094488
vn -0.952756 -0.299213 0.007874
vn 0.228346 0.976378 0.031496
vn 0.960630 0.283465 -0.007874
vn 0.960630 0.283465 -0.015748
vn 0.944882 0.314961 -0.031496
vn -0.732283 0.677165 0.047244
vn -0.952756 -0.299213 0.007874
vn -0.952756 -0.291339 0.015748
vn 0.228346 0.968504 -0.047244
vn -0.732283 0.677165 -0.015748
vn -0.952756 -0.299213 0.023622
vn -0.952756 -0.291339 0.031496
vn 0.228346 0.968504 -0.118110
vn 0.960630 0.275591 -0.039370
vn 0.960630 0.275591 -0.055118
vn -0.740157 0.669291 -0.078740
vn -0.952756 -0.299213 0.039370
vn -0.952756 -0.291339 0.055118
vn 0.236220 0.944882 -0.220473
vn 0.960630 0.267716 -0.062992
vn -0.748031 0.653543 -0.149606
vn -0.952756 -0.291339 0.070866
vn 0.236220 0.921260 -0.314961
vn 0.960630 0.251968 -0.086614
vn -0.748031 0.622047 -0.220472
vn -0.952756 -0.291339 0.094488
vn -0.944882 -0.322835 0.039370
vn -0.677165 0.637795 -0.377953
vn 0.259843 0.889764 -0.377953
vn 0.960630 0.291339 -0.023622
vn 0.803150 0.488189 0.330709
vn 0.960630 0.291339 -0.023622
vn 0.740157 -0.566929 0.354331
vn 0.614173 -0.409449 0.677165
vn -0.196850 -0.897638 0.393701
vn 0.622047 0.590551 0.511811
vn -0.094488 -0.952756 0.291339
vn -0.944882 -0.322835 0.039370
vn -0.787402 -0.511811 -0.338583
vn -0.622047 -0.598425 -0.511811
vn 0.456693 -0.338583 0.818898
vn 0.488189 0.637795 0.598425
vn -0.062992 -0.968504 0.244095
vn -0.496063 -0.637795 -0.590551
vn 0.267717 -0.307086 0.913386
vn 0.307087 0.669291 0.677165
vn -0.015748 0.685039 0.732283
vn 0.015748 -0.779527 0.629921
vn -0.039370 -0.976378 0.228347
vn -0.244094 -0.700787 -0.669291
vn 0.015748 -0.692913 -0.724409
vn 0.299213 0.677165 0.669291
vn -0.015748 0.692913 0.716535
vn -0.047244 0.968504 -0.228347
vn 0.031496 0.968504 -0.228347
vn 0.472441 0.661417 0.582677
vn -0.031496 0.283464 -0.960630
vn 0.062992 0.968504 -0.244095
vn 0.614173 0.590551 0.519685
vn -0.267717 0.307086 -0.913386
vn 0.015748 -0.692913 -0.724409
vn -0.251969 -0.685039 -0.685039
vn 0.118110 0.968504 -0.236221
vn 0.803150 0.496063 0.330709
vn -0.425197 0.330709 -0.842520
vn -0.488189 -0.637795 -0.598425
vn 0.188976 0.937008 -0.283465
vn 0.960630 0.291339 -0.023622
vn 0.259843 0.889764 -0.377953
vn -0.700787 0.574803 -0.425197
vn -0.559055 0.354331 -0.748031
vn -0.614173 -0.590551 -0.519685
vn -0.795276 -0.496063 -0.338583
vn -0.944882 -0.322835 0.039370
vn -0.070866 0.992126 -0.133858
vn -0.031496 0.992126 -0.094488
vn -0.700787 0.543307 0.464567
vn -0.732283 0.527559 0.433071
vn -0.685039 -0.448819 0.574803
vn -0.133858 0.968504 -0.196850
vn -0.677165 -0.456693 0.574803
vn 0.023622 -0.992126 0.102362
vn 0.062992 -0.992126 0.133858
vn -0.803150 0.488189 0.338583
vn -0.188976 0.944882 -0.267717
vn -0.259843 0.866142 -0.425197
vn -0.677165 -0.456693 0.574803
vn 0.125984 -0.968504 0.204724
vn -0.889764 0.425197 0.149606
vn -0.314961 0.787401 -0.527559
vn -0.685039 -0.464567 0.566929
vn 0.173228 -0.944882 0.275591
vn -0.960630 0.291339 0.031496
vn -0.291339 0.818897 -0.488189
vn -0.685039 -0.425197 0.590551
vn 0.259843 -0.866142 0.433071
vn -0.976378 0.220472 -0.070866
vn -0.275591 0.874016 -0.409449
vn -0.692913 -0.472441 0.551181
vn 0.251969 -0.787401 0.559055
vn -0.968504 0.220472 -0.070866
vn -0.267717 0.921260 -0.283465
vn -0.708661 -0.574803 0.409449
vn 0.259843 -0.826771 0.503937
vn -0.968504 0.236220 -0.031496
vn -0.259843 0.952756 -0.157480
vn -0.708661 -0.629921 0.330709
vn 0.267717 -0.874016 0.409449
vn -0.968504 0.251968 0.007874
vn -0.251969 0.968504 -0.055118
vn -0.700787 -0.661417 0.251969
vn 0.259843 -0.921260 0.291339
vn -0.960630 0.259842 0.039370
vn -0.244094 0.968504 0.031496
vn -0.708661 -0.685039 0.165354
vn 0.251969 -0.952756 0.157480
vn -0.960630 0.267716 0.070866
vn -0.236220 0.968504 0.110236
vn -0.708661 -0.700787 0.094488
vn 0.244094 -0.968504 0.055118
vn -0.960630 0.267716 0.094488
vn -0.236220 0.960630 0.173228
vn -0.716535 -0.700787 0.039370
vn 0.236220 -0.968504 -0.031496
vn -0.960630 0.259842 0.118110
vn -0.228346 0.944882 0.236220
vn -0.716535 -0.692913 -0.007874
vn 0.236220 -0.968504 -0.110236
vn -0.960630 0.251969 0.133858
vn -0.228346 0.921260 0.314960
vn -0.724409 -0.685039 -0.055118
vn 0.228346 -0.960630 -0.173228
vn -0.952756 0.244094 0.157480
vn -0.220472 0.889764 0.401575
vn -0.732283 -0.677165 -0.094488
vn 0.228346 -0.944882 -0.236220
vn -0.952756 0.228346 0.181102
vn -0.212598 0.834646 0.511811
vn -0.732283 -0.661417 -0.149606
vn 0.220472 -0.921260 -0.314960
vn -0.952756 0.212598 0.212598
vn -0.204724 0.748031 0.637795
vn -0.740157 -0.637795 -0.212598
vn 0.212598 -0.889764 -0.409449
vn -0.952756 0.188976 0.244094
vn -0.204724 0.937008 0.291338
vn -0.929134 0.354331 0.133858
vn -0.748031 -0.598425 -0.291339
vn 0.204724 -0.834646 -0.519685
vn -0.748031 -0.543307 -0.385827
vn -0.834646 -0.535433 -0.133858
vn 0.188976 -0.748031 -0.637795
vn 0.244094 -0.929134 -0.283464
vn 0.062992 -0.992126 0.133858
vn 0.023622 -0.992126 0.102362
vn 0.708661 -0.519685 -0.472441
vn 0.740157 -0.511811 -0.440945
vn 0.677165 0.480315 -0.566929
vn 0.125984 -0.968504 0.204724
vn 0.669291 0.480315 -0.566929
vn -0.031496 0.992126 -0.094488
vn -0.070866 0.992126 -0.133858
vn 0.803150 -0.488189 -0.338583
vn 0.173228 -0.944882 0.275591
vn 0.259843 -0.866142 0.433071
vn 0.661417 0.480315 -0.574803
vn -0.133858 0.968504 -0.196850
vn 0.905512 -0.370079 -0.196850
vn 0.251969 -0.787401 0.559055
vn 0.669291 0.488189 -0.559055
vn -0.188976 0.944882 -0.267717
vn 0.944882 -0.314961 0.000000
vn 0.259843 -0.826771 0.503937
vn 0.629921 0.480315 -0.606299
vn -0.259843 0.866142 -0.425197
vn 0.960630 -0.251968 0.086614
vn 0.267717 -0.874016 0.409449
vn 0.677165 0.480315 -0.559055
vn -0.314961 0.787401 -0.527559
vn 0.968504 -0.244094 0.078740
vn 0.259843 -0.921260 0.291339
vn 0.716535 0.566929 -0.409449
vn -0.291339 0.818897 -0.488189
vn 0.960630 -0.267716 0.039370
vn 0.251969 -0.952756 0.157480
vn 0.716535 0.614173 -0.322835
vn -0.275591 0.874016 -0.409449
vn 0.960630 -0.283465 -0.007874
vn 0.244094 -0.968504 0.055118
vn 0.724409 0.645669 -0.244095
vn -0.267717 0.921260 -0.283465
vn 0.960630 -0.283465 -0.039370
vn 0.236220 -0.968504 -0.031496
vn 0.724409 0.669291 -0.165354
vn -0.259843 0.952756 -0.157480
vn 0.952756 -0.283465 -0.070866
vn 0.236220 -0.968504 -0.110236
vn 0.724409 0.685039 -0.094488
vn -0.251969 0.968504 -0.055118
vn 0.952756 -0.283465 -0.094488
vn 0.228346 -0.960630 -0.173228
vn 0.724409 0.685039 -0.039370
vn -0.244094 0.968504 0.031496
vn 0.952756 -0.275591 -0.118110
vn 0.228346 -0.944882 -0.236220
vn 0.724409 0.685039 0.007874
vn -0.236220 0.968504 0.110236
vn 0.952756 -0.275591 -0.141732
vn 0.220472 -0.921260 -0.314960
vn 0.732283 0.677165 0.055118
vn -0.236220 0.960630 0.173228
vn 0.952756 -0.267717 -0.165354
vn 0.212598 -0.889764 -0.409449
vn 0.740157 0.669291 0.094488
vn -0.228346 0.944882 0.236220
vn 0.944882 -0.259843 -0.188976
vn 0.204724 -0.834646 -0.519685
vn 0.748031 0.645669 0.141732
vn -0.228346 0.921260 0.314960
vn 0.944882 -0.244094 -0.228346
vn 0.188976 -0.748031 -0.637795
vn 0.755906 0.622047 0.204724
vn -0.220472 0.889764 0.401575
vn 0.937008 -0.220472 -0.267716
vn 0.244094 -0.929134 -0.283464
vn 0.984252 -0.149606 -0.078740
vn 0.763780 0.582677 0.283464
vn -0.212598 0.834646 0.511811
vn 0.771654 0.519685 0.362205
vn 0.700787 0.685039 0.181102
vn -0.204724 0.748031 0.637795
vn -0.204724 0.937008 0.291338
vn -0.204724 0.929134 -0.307087
vn -0.204724 0.937008 0.291338
vn -0.929134 0.354331 0.133858
vn -0.952756 0.291339 -0.094488
vn -0.834646 -0.535433 -0.133858
vn -0.228346 0.905512 -0.354331
vn -0.740157 -0.637795 0.212598
vn 0.244094 -0.929134 -0.283464
vn 0.220472 -0.921260 0.330709
vn -0.952756 0.275591 -0.110236
vn -0.732283 -0.637795 0.236221
vn 0.220472 -0.913386 0.338583
vn 0.220472 -0.929134 0.307087
vn -0.732283 -0.645669 0.204724
vn 0.220472 -0.944882 0.251969
vn -0.952756 0.275591 -0.094488
vn -0.220472 0.929134 -0.291339
vn -0.732283 -0.661417 0.165354
vn 0.220472 -0.960630 0.181102
vn -0.960630 0.283465 -0.078740
vn -0.228346 0.944882 -0.236221
vn -0.732283 -0.669291 0.118110
vn 0.220472 -0.968504 0.102362
vn -0.960630 0.283465 -0.055118
vn -0.228346 0.960630 -0.165354
vn -0.732283 -0.677165 0.062992
vn 0.220472 -0.976378 0.015748
vn -0.960630 0.283465 -0.031496
vn -0.228346 0.968504 -0.086614
vn -0.732283 -0.685039 0.000000
vn 0.220472 -0.976378 -0.039370
vn -0.960630 0.291339 -0.007874
vn -0.220472 0.976378 -0.015748
vn 0.220472 -0.968504 -0.086614
vn -0.952756 0.291339 0.007874
vn -0.220472 0.976378 0.039370
vn -0.732283 -0.677165 -0.062992
vn 0.220472 -0.968504 -0.141732
vn -0.960630 0.291339 0.023622
vn -0.220472 0.968504 0.086614
vn -0.732283 -0.669291 -0.102362
vn 0.220472 -0.952756 -0.204724
vn -0.952756 0.291339 0.039370
vn -0.220472 0.960630 0.141732
vn -0.732283 -0.669291 -0.149606
vn 0.220472 -0.937008 -0.283464
vn -0.960630 0.283465 0.055118
vn -0.220472 0.952756 0.204724
vn -0.732283 -0.653543 -0.196850
vn -0.960630 0.275591 0.078740
vn -0.220472 0.937008 0.283464
vn -0.228346 0.897638 0.377953
vn -0.960630 0.259842 0.102362
vn -0.220472 0.874016 0.433071
vn -0.952756 0.267717 0.125984
vn -0.724409 -0.629921 -0.267716
vn -0.732283 -0.606299 -0.307087
vn 0.220472 -0.897638 -0.377953
vn 0.220472 -0.874016 -0.433071
vn -0.228346 0.897638 0.377953
vn -0.220472 0.874016 0.433071
vn 0.732283 0.606299 0.307087
vn 0.740157 0.614173 0.267716
vn 0.952756 -0.267717 -0.125984
vn -0.220472 0.937008 0.283464
vn 0.952756 -0.283465 -0.118110
vn 0.220472 -0.874016 -0.433071
vn 0.220472 -0.897638 -0.377953
vn 0.740157 0.645669 0.196850
vn 0.952756 -0.291339 -0.086614
vn 0.220472 -0.937008 -0.283464
vn 0.220472 -0.952756 -0.204724
vn 0.952756 -0.299213 -0.055118
vn 0.220472 -0.968504 -0.141732
vn 0.740157 0.661417 0.141732
vn -0.220472 0.952756 0.204724
vn 0.952756 -0.299213 -0.039370
vn 0.220472 -0.968504 -0.086614
vn 0.740157 0.669291 0.102362
vn -0.220472 0.960630 0.141732
vn 0.952756 -0.299213 -0.023622
vn 0.220472 -0.976378 -0.039370
vn 0.740157 0.669291 0.062992
vn -0.220472 0.968504 0.086614
vn 0.952756 -0.299213 -0.007874
vn 0.220472 -0.976378 0.015748
vn 0.740157 0.677165 -0.000000
vn -0.220472 0.976378 0.039370
vn 0.952756 -0.307087 0.007874
vn 0.236220 -0.968504 0.094488
vn -0.220472 0.976378 -0.015748
vn 0.960630 -0.283465 0.031496
vn 0.236220 -0.952756 0.173228
vn 0.740157 0.677165 -0.062992
vn -0.212598 0.968504 -0.094488
vn 0.952756 -0.283465 0.055118
vn 0.228346 -0.944882 0.244095
vn 0.740157 0.661417 -0.118110
vn -0.212598 0.960630 -0.173228
vn 0.952756 -0.283465 0.078740
vn 0.228346 -0.929134 0.299213
vn 0.740157 0.653543 -0.165354
vn -0.212598 0.944882 -0.244095
vn 0.952756 -0.283465 0.094488
vn 0.220472 -0.913386 0.338583
vn 0.740157 0.645669 -0.204724
vn -0.220472 0.929134 -0.299213
vn 0.952756 -0.275591 0.110236
vn 0.228346 -0.921260 0.322835
vn 0.740157 0.629921 -0.236221
vn -0.220472 0.905512 -0.354331
vn -0.204724 0.921260 -0.330709
vn 0.732283 0.645669 -0.220472
vn -0.204724 0.937008 0.291338
vn 0.700787 0.685039 0.181102
vn 0.960630 -0.267716 0.086614
vn 0.984252 -0.149606 -0.078740
vn 0.244094 -0.929134 -0.283464
vn -0.078740 -0.488189 -0.866142
vn -0.732283 0.039370 -0.685039
vn -0.921260 -0.370079 0.125984
vn 0.204724 -0.929134 0.307087
vn 0.637795 -0.700787 -0.314961
vn -0.417323 -0.354331 0.834646
vn 0.110236 -0.952756 -0.275590
vn 0.078740 -0.976378 -0.204724
vn -0.299213 -0.307087 -0.905512
vn -0.181102 -0.275591 -0.944882
vn -0.354331 0.692913 -0.622047
vn 0.228346 -0.937008 -0.267716
vn -0.291339 0.685039 -0.669291
vn -0.039370 0.952756 0.307086
vn -0.094488 0.960630 0.267716
vn -0.188976 -0.291339 -0.937008
vn 0.456693 -0.763779 -0.456693
vn -0.456693 0.606299 -0.645669
vn -0.251969 0.944882 0.228346
vn -0.551181 0.740157 0.393701
vn -0.440945 -0.543307 -0.716535
vn 0.519685 -0.755905 -0.401575
vn -0.952756 0.157480 -0.259843
vn -0.488189 -0.716535 -0.503937
vn 0.496063 -0.826772 -0.251968
vn -0.992126 0.023622 -0.118110
vn -0.543307 0.748031 0.385827
vn -0.503937 -0.779527 -0.362205
vn 0.480315 -0.866142 -0.141732
vn -0.992126 0.023622 -0.118110
vn -0.519685 0.818897 0.244094
vn -0.519685 -0.818898 -0.251968
vn 0.464567 -0.881890 -0.039370
vn -0.992126 0.031496 -0.110236
vn -0.496063 0.858268 0.141732
vn -0.519685 -0.842520 -0.149606
vn 0.456693 -0.889764 0.047244
vn -0.992126 0.031496 -0.110236
vn -0.472441 0.881890 0.039370
vn -0.535433 -0.842520 -0.062992
vn 0.440945 -0.889764 0.133858
vn -0.992126 0.039370 -0.110236
vn -0.464567 0.881890 -0.047244
vn -0.543307 -0.842520 0.023622
vn 0.440945 -0.866142 0.220473
vn -0.992126 0.031496 -0.110236
vn -0.456693 0.881890 -0.133858
vn -0.559055 -0.818897 0.110236
vn 0.433071 -0.842520 0.307087
vn -0.992126 0.039370 -0.110236
vn -0.448819 0.866142 -0.220473
vn -0.566929 -0.795275 0.196850
vn 0.433071 -0.811023 0.401575
vn -0.992126 0.031496 -0.110236
vn -0.448819 0.842520 -0.307087
vn -0.582677 -0.763779 0.291339
vn 0.417323 -0.748031 0.511811
vn -0.992126 0.031496 -0.102362
vn -0.448819 0.803149 -0.401575
vn -0.590551 -0.700787 0.401575
vn 0.409449 -0.669291 0.622047
vn -0.992126 0.031496 -0.102362
vn -0.440945 0.740157 -0.503937
vn -0.598425 -0.622047 0.503937
vn 0.393701 -0.566929 0.724409
vn -0.992126 0.031496 -0.094488
vn -0.425197 0.661417 -0.614173
vn -0.598425 -0.519685 0.606299
vn 0.385827 -0.771653 0.496063
vn -0.992126 0.031496 -0.094488
vn -0.417323 0.566929 -0.716535
vn -0.685039 -0.543307 0.480315
vn 0.330709 -0.937008 0.102362
vn -0.653543 -0.708661 0.251969
vn -0.976378 0.220472 -0.023622
vn -0.377953 0.779527 -0.496063
vn -0.960630 0.251969 0.141732
vn -0.299213 0.952756 -0.102362
vn 0.385827 -0.771653 0.496063
vn 0.330709 -0.937008 0.102362
vn 0.968504 -0.212598 -0.149606
vn 0.992126 -0.078740 -0.070866
vn 0.653543 0.716535 -0.251969
vn 0.393701 -0.566929 0.724409
vn 0.566929 0.645669 -0.519685
vn -0.299213 0.952756 -0.102362
vn -0.377953 0.779527 -0.496063
vn 0.992126 -0.055118 0.133858
vn 0.409449 -0.669291 0.622047
vn 0.622047 0.519685 -0.590551
vn -0.417323 0.566929 -0.716535
vn 0.992126 -0.062992 0.125984
vn 0.417323 -0.748031 0.511811
vn 0.614173 0.614173 -0.488189
vn -0.425197 0.661417 -0.614173
vn 0.992126 -0.062992 0.118110
vn 0.433071 -0.811023 0.401575
vn 0.606299 0.692913 -0.385827
vn -0.440945 0.740157 -0.503937
vn 0.992126 -0.062992 0.110236
vn 0.433071 -0.842520 0.307087
vn 0.590551 0.755905 -0.283465
vn -0.448819 0.803149 -0.401575
vn 0.992126 -0.055118 0.110236
vn 0.440945 -0.866142 0.220473
vn 0.582677 0.795275 -0.188976
vn -0.448819 0.842520 -0.307087
vn 0.992126 -0.055118 0.110236
vn 0.440945 -0.889764 0.133858
vn 0.566929 0.818897 -0.110236
vn -0.448819 0.866142 -0.220473
vn 0.992126 -0.062992 0.110236
vn 0.456693 -0.889764 0.047244
vn 0.551181 0.834646 -0.023622
vn -0.456693 0.881890 -0.133858
vn 0.992126 -0.055118 0.110236
vn 0.464567 -0.881890 -0.039370
vn 0.535433 0.842520 0.062992
vn -0.464567 0.881890 -0.047244
vn 0.992126 -0.062992 0.110236
vn 0.480315 -0.866142 -0.141732
vn 0.535433 0.834646 0.149606
vn -0.472441 0.881890 0.039370
vn 0.992126 -0.055118 0.110236
vn 0.496063 -0.826772 -0.251968
vn 0.527559 0.811024 0.251968
vn -0.496063 0.858268 0.141732
vn 0.992126 -0.062992 0.110236
vn 0.519685 -0.755905 -0.401575
vn 0.519685 0.771653 0.362205
vn -0.519685 0.818897 0.244094
vn 0.992126 -0.070866 0.094488
vn 0.472441 -0.755905 -0.448819
vn 0.511811 0.700787 0.496063
vn -0.543307 0.748031 0.385827
vn 0.952756 -0.188976 0.251969
vn 0.370079 0.598425 0.716535
vn -0.527559 0.755905 0.385827
vn 0.464567 -0.606299 0.645669
vn 0.228346 -0.937008 -0.267716
vn 0.110236 -0.960630 -0.251968
vn 0.181102 0.338583 0.921260
vn -0.251969 0.944882 0.228346
vn 0.291339 -0.677165 0.677165
vn 0.078740 -0.976378 -0.204724
vn 0.370079 -0.062992 0.929134
vn 0.188976 0.275591 0.944882
vn -0.094488 0.960630 0.267716
vn -0.039370 0.952756 0.307086
vn -0.267717 0.960630 0.055118
vn -0.299213 0.952756 -0.102362
vn 0.653543 0.716535 -0.251969
vn 0.685039 0.724409 0.110236
vn 0.968504 -0.212598 -0.149606
vn -0.259843 0.850394 0.464567
vn 0.976378 -0.196850 -0.062992
vn 0.330709 -0.937008 0.102362
vn 0.314961 -0.874016 -0.377953
vn 0.645669 0.354331 0.685039
vn -0.346457 0.472441 0.811023
vn -0.393701 0.212599 0.897638
vn 0.976378 -0.204724 -0.007874
vn 0.370079 -0.464567 -0.803149
vn 0.574803 0.086614 0.811023
vn -0.409449 0.062992 0.905512
vn 0.992126 -0.118110 -0.070866
vn 0.393701 -0.212599 -0.889764
vn 0.574803 0.023622 0.818897
vn -0.417323 -0.007874 0.913386
vn 0.992126 0.039370 -0.102362
vn 0.401575 -0.062992 -0.913386
vn 0.582677 0.039370 0.811023
vn -0.377953 0.070866 0.921260
vn 0.401575 0.007874 -0.913386
vn 0.598425 0.007874 0.803149
vn -0.433071 0.023622 0.897638
vn 0.992126 -0.078740 -0.094488
vn 0.425197 -0.047244 -0.905512
vn 0.417323 -0.125984 -0.897638
vn 0.535433 -0.141732 0.834646
vn -0.464567 -0.267716 0.842520
vn 0.984252 -0.157480 -0.062992
vn 0.425197 -0.015748 -0.905512
vn 0.503937 -0.204724 0.834646
vn -0.314961 -0.740157 0.598425
vn 0.598425 -0.511811 0.622047
vn 1.000000 0.055118 -0.007874
vn 0.433071 0.267716 -0.858268
vn 0.992126 -0.070866 -0.110236
vn 0.472441 0.141732 -0.866142
vn -0.464567 -0.267716 0.842520
vn -0.314961 -0.740157 0.598425
vn -0.834646 -0.527559 -0.157480
vn -0.992126 -0.070866 0.062992
vn -0.440945 -0.086614 -0.889764
vn -0.433071 0.023622 0.897638
vn -0.590551 0.196850 -0.787401
vn 0.472441 0.141732 -0.866142
vn 0.433071 0.267716 -0.858268
vn -0.984252 0.157480 0.102362
vn -0.417323 0.094488 0.905512
vn -0.582677 0.141732 -0.803149
vn 0.425197 -0.015748 -0.905512
vn -0.992126 0.078740 0.094488
vn -0.417323 -0.007874 0.913386
vn -0.566929 -0.007874 -0.826772
vn 0.417323 -0.125984 -0.897638
vn 0.425197 -0.047244 -0.905512
vn -0.992126 -0.039370 0.110236
vn -0.409449 0.062992 0.905512
vn -0.393701 0.212599 0.897638
vn -0.590551 -0.047244 -0.803149
vn 0.401575 0.007874 -0.913386
vn -0.984252 0.133858 0.118110
vn -0.346457 0.472441 0.811023
vn -0.598425 -0.023622 -0.803149
vn 0.401575 -0.062992 -0.913386
vn -0.968504 0.228346 0.094488
vn -0.236220 0.866142 0.433071
vn -0.614173 -0.078740 -0.787401
vn 0.393701 -0.212599 -0.889764
vn -0.960630 0.259842 0.086614
vn -0.267717 0.960630 0.055118
vn -0.299213 0.952756 -0.102362
vn -0.960630 0.251969 0.141732
vn -0.669291 -0.322835 -0.669291
vn 0.370079 -0.464567 -0.803149
vn 0.283465 -0.905512 -0.322834
vn -0.708661 -0.700787 -0.094488
vn -0.653543 -0.708661 0.251969
vn 0.330709 -0.937008 0.102362
vn 0.338583 0.787401 0.511811
vn 0.346457 0.771653 0.535433
vn 0.968504 0.251968 -0.047244
vn 0.968504 0.228346 -0.070866
vn 0.322835 0.826772 0.456693
vn 0.622047 -0.519685 -0.582677
vn 0.314961 0.866142 0.393701
vn 0.629921 -0.551181 -0.551181
vn -0.346457 -0.771653 -0.535433
vn -0.322835 -0.811024 -0.488189
vn 0.960630 0.259842 -0.086614
vn 0.291339 0.897638 0.322834
vn 0.645669 -0.598425 -0.480315
vn -0.307087 -0.866142 -0.401575
vn 0.960630 0.251968 -0.118110
vn 0.291339 0.937008 0.188976
vn 0.661417 -0.637795 -0.393701
vn -0.275591 -0.921260 -0.283464
vn 0.944882 0.283464 -0.157480
vn 0.236220 0.968504 0.055118
vn 0.685039 -0.661417 -0.299212
vn -0.244094 -0.960630 -0.149606
vn 0.944882 0.267716 -0.188976
vn 0.212598 0.968504 -0.102362
vn 0.708661 -0.677165 -0.196850
vn -0.212598 -0.976378 0.000000
vn 0.929134 0.291339 -0.236220
vn 0.173228 0.952756 -0.259843
vn 0.732283 -0.677165 -0.094488
vn -0.181102 -0.976378 0.141732
vn 0.921260 0.275590 -0.267717
vn 0.133858 0.905512 -0.401575
vn 0.748031 -0.661417 0.007874
vn -0.149606 -0.944882 0.283465
vn 0.913386 0.267716 -0.314961
vn 0.110236 0.866142 -0.496063
vn 0.771654 -0.629921 0.094488
vn -0.118110 -0.905512 0.417323
vn 0.897638 0.251968 -0.362205
vn 0.086614 0.818897 -0.566929
vn 0.803150 -0.574803 0.149606
vn -0.078740 -0.850394 0.527559
vn 0.905512 0.283464 -0.314961
vn 0.188976 0.976378 -0.102362
vn 0.795276 -0.582677 0.165354
vn -0.086614 -0.818897 0.559055
vn 0.826772 -0.543307 -0.165354
vn -0.251969 -0.960630 0.118110
vn -0.354331 -0.795276 -0.488189
vn -0.346457 -0.771653 -0.535433
vn -0.968504 -0.251968 0.047244
vn -0.968504 -0.244094 0.062992
vn -0.622047 0.519685 0.582677
vn -0.307087 -0.866142 -0.401575
vn -0.637795 0.543307 0.543307
vn 0.346457 0.771653 0.535433
vn 0.338583 0.787401 0.511811
vn 0.322835 0.826772 0.456693
vn -0.952756 -0.283465 0.078740
vn -0.307087 -0.905512 -0.283464
vn -0.653543 0.582677 0.480315
vn 0.314961 0.866142 0.393701
vn -0.952756 -0.275591 0.110236
vn -0.244094 -0.960630 -0.149606
vn -0.677165 0.622047 0.393701
vn 0.291339 0.897638 0.322834
vn 0.267717 0.937008 0.204724
vn -0.937008 -0.314961 0.149606
vn -0.244094 -0.968504 -0.007874
vn -0.700787 0.645669 0.299212
vn -0.937008 -0.291339 0.188976
vn -0.181102 -0.976378 0.141732
vn -0.724409 0.661417 0.196850
vn 0.236220 0.968504 0.055118
vn 0.204724 0.976378 -0.086614
vn -0.921260 -0.314961 0.236220
vn -0.173228 -0.944882 0.275591
vn -0.748031 0.661417 0.094488
vn -0.913386 -0.291339 0.275591
vn -0.133858 -0.905512 0.409449
vn -0.763780 0.645669 -0.000000
vn 0.149606 0.952756 -0.267717
vn -0.905512 -0.283464 0.322835
vn -0.110236 -0.850394 0.519685
vn -0.779528 0.614173 -0.086614
vn 0.125984 0.905512 -0.409449
vn -0.889764 -0.267716 0.370079
vn -0.086614 -0.818897 0.559055
vn -0.795276 0.590551 -0.141732
vn 0.102362 0.858268 -0.496063
vn -0.913386 -0.251968 0.307087
vn -0.251969 -0.960630 0.118110
vn -0.795276 0.574803 -0.196850
vn -0.677165 0.732283 0.118110
vn 0.086614 0.811023 -0.574803
vn 0.188976 0.976378 -0.102362
vn 0.307087 0.889764 0.338583
vn 0.188976 0.976378 -0.102362
vn 0.881890 0.417323 -0.220472
vn 0.960630 0.251968 -0.070866
vn 0.826772 -0.543307 -0.165354
vn 0.291339 0.905512 0.299212
vn 0.661417 -0.629921 -0.409449
vn -0.251969 -0.960630 0.118110
vn -0.299213 -0.889764 -0.346457
vn 0.968504 0.251968 -0.078740
vn 0.283465 0.921260 0.259842
vn 0.283465 0.929134 0.228346
vn 0.669291 -0.653543 -0.346457
vn -0.283465 -0.921260 -0.275590
vn 0.960630 0.259842 -0.078740
vn 0.275591 0.937008 0.196850
vn 0.677165 -0.669291 -0.299212
vn -0.275591 -0.929134 -0.228346
vn 0.960630 0.267716 -0.086614
vn 0.267717 0.944882 0.165354
vn -0.275591 -0.944882 -0.196850
vn 0.960630 0.267716 -0.094488
vn 0.267717 0.952756 0.141732
vn 0.685039 -0.677165 -0.259842
vn -0.267717 -0.944882 -0.173228
vn 0.960630 0.267716 -0.102362
vn 0.259843 0.960630 0.102362
vn 0.692913 -0.685039 -0.236220
vn -0.259843 -0.952756 -0.141732
vn 0.960630 0.267716 -0.102362
vn 0.259843 0.960630 0.070866
vn 0.692913 -0.685039 -0.212598
vn -0.259843 -0.960630 -0.110236
vn 0.952756 0.267716 -0.110236
vn 0.251969 0.968504 0.031496
vn 0.700787 -0.692913 -0.181102
vn -0.251969 -0.968504 -0.070866
vn 0.952756 0.267716 -0.125984
vn 0.244094 0.968504 -0.007874
vn 0.700787 -0.692913 -0.157480
vn -0.244094 -0.968504 -0.031496
vn 0.952756 0.267716 -0.133858
vn 0.236220 0.968504 -0.055118
vn 0.708661 -0.700787 -0.125984
vn -0.244094 -0.968504 0.007874
vn 0.952756 0.267716 -0.141732
vn 0.228346 0.968504 -0.102362
vn 0.708661 -0.700787 -0.094488
vn -0.236220 -0.968504 0.047244
vn 0.952756 0.267716 -0.157480
vn 0.220472 0.960630 -0.157480
vn 0.716535 -0.692913 -0.055118
vn -0.228346 -0.968504 0.102362
vn 0.952756 0.267716 -0.165354
vn 0.212598 0.952756 -0.220473
vn 0.724409 -0.692913 -0.015748
vn -0.220472 -0.960630 0.157480
vn 0.944882 0.259842 -0.181102
vn 0.204724 0.937008 -0.283465
vn 0.724409 -0.685039 0.031496
vn -0.212598 -0.952756 0.212599
vn 0.944882 0.259842 -0.196850
vn 0.196850 0.913386 -0.354331
vn 0.732283 -0.677165 0.086614
vn -0.196850 -0.937008 0.283465
vn 0.944882 0.251968 -0.220472
vn 0.188976 0.881890 -0.433071
vn 0.740157 -0.661417 0.141732
vn -0.188976 -0.913386 0.354331
vn 0.944882 0.244094 -0.236220
vn 0.220472 0.976378 -0.070866
vn 0.921260 0.220472 -0.307087
vn 0.748031 -0.637795 0.196850
vn -0.181102 -0.881890 0.433071
vn 0.716535 -0.645669 -0.267716
vn -0.417323 -0.897638 0.149606
vn -0.299213 -0.889764 -0.346457
vn -0.251969 -0.960630 0.118110
vn -0.937008 -0.259842 0.228346
vn -0.960630 -0.275591 0.062992
vn -0.677165 0.732283 0.118110
vn -0.307087 -0.913386 -0.275590
vn -0.669291 0.622047 0.409449
vn 0.188976 0.976378 -0.102362
vn 0.307087 0.889764 0.338583
vn -0.960630 -0.259842 0.070866
vn -0.275591 -0.929134 -0.228346
vn -0.677165 0.645669 0.346457
vn 0.291339 0.905512 0.299212
vn 0.283465 0.921260 0.259842
vn -0.960630 -0.275591 0.078740
vn -0.275591 -0.944882 -0.196850
vn -0.685039 0.669291 0.299212
vn 0.283465 0.929134 0.228346
vn -0.960630 -0.275591 0.086614
vn -0.267717 -0.944882 -0.173228
vn 0.275591 0.937008 0.196850
vn -0.960630 -0.275591 0.086614
vn -0.259843 -0.952756 -0.141732
vn -0.692913 0.677165 0.259842
vn 0.267717 0.944882 0.165354
vn -0.952756 -0.275591 0.094488
vn -0.259843 -0.960630 -0.110236
vn -0.692913 0.677165 0.236220
vn 0.267717 0.952756 0.141732
vn -0.952756 -0.275591 0.102362
vn -0.251969 -0.968504 -0.070866
vn -0.700787 0.685039 0.212598
vn 0.259843 0.960630 0.102362
vn -0.952756 -0.283465 0.110236
vn -0.244094 -0.968504 -0.031496
vn -0.700787 0.685039 0.181102
vn 0.259843 0.960630 0.070866
vn -0.952756 -0.283465 0.118110
vn -0.244094 -0.968504 0.007874
vn -0.708661 0.685039 0.157480
vn 0.251969 0.968504 0.031496
vn -0.952756 -0.283464 0.133858
vn -0.236220 -0.968504 0.047244
vn -0.716535 0.692913 0.125984
vn 0.244094 0.968504 -0.007874
vn -0.944882 -0.283464 0.141732
vn -0.228346 -0.968504 0.102362
vn -0.716535 0.692913 0.094488
vn 0.236220 0.968504 -0.055118
vn -0.944882 -0.283464 0.157480
vn -0.220472 -0.960630 0.157480
vn -0.724409 0.685039 0.055118
vn 0.228346 0.968504 -0.102362
vn -0.944882 -0.283464 0.173228
vn -0.212598 -0.952756 0.212599
vn -0.732283 0.685039 0.015748
vn 0.220472 0.960630 -0.157480
vn -0.944882 -0.283464 0.188976
vn -0.196850 -0.937008 0.283465
vn -0.740157 0.677165 -0.031496
vn 0.212598 0.952756 -0.220473
vn -0.937008 -0.275590 0.204724
vn -0.188976 -0.913386 0.354331
vn -0.748031 0.661417 -0.078740
vn 0.204724 0.937008 -0.283465
vn -0.937008 -0.275590 0.228346
vn -0.181102 -0.881890 0.433071
vn -0.755906 0.645669 -0.133858
vn 0.196850 0.913386 -0.354331
vn -0.929134 -0.267716 0.244094
vn -0.417323 -0.897638 0.149606
vn -0.944882 -0.047244 0.330709
vn -0.763780 0.622047 -0.188976
vn 0.188976 0.881890 -0.433071
vn -0.622047 0.748031 0.236220
vn 0.220472 0.976378 -0.070866
vn 0.157480 -0.755905 0.637795
vn 0.188976 -0.716535 0.677165
vn 0.850394 -0.527559 -0.047244
vn 0.826772 -0.559055 -0.062992
vn 0.661417 0.188976 -0.724409
vn 0.102362 -0.826771 0.551181
vn 0.685039 0.188976 -0.700787
vn -0.188976 0.716535 -0.677165
vn -0.157480 0.755905 -0.637795
vn 0.787402 -0.606299 -0.118110
vn 0.039370 -0.881890 0.464567
vn 0.708661 0.212598 -0.677165
vn -0.094488 0.826771 -0.559055
vn 0.748031 -0.645669 -0.173228
vn -0.023622 -0.929134 0.377953
vn 0.724409 0.236220 -0.645669
vn -0.031496 0.881890 -0.464567
vn 0.708661 -0.669291 -0.228346
vn -0.086614 -0.952756 0.291339
vn 0.748031 0.251968 -0.614173
vn 0.031496 0.921260 -0.377953
vn 0.669291 -0.685039 -0.283464
vn -0.133858 -0.968504 0.212599
vn 0.771654 0.259842 -0.582677
vn 0.086614 0.952756 -0.291339
vn 0.637795 -0.692913 -0.338583
vn -0.181102 -0.976378 0.141732
vn 0.787402 0.267716 -0.559055
vn 0.141732 0.968504 -0.212599
vn 0.606299 -0.692913 -0.385827
vn -0.228346 -0.968504 0.078740
vn 0.803150 0.275590 -0.535433
vn 0.188976 0.968504 -0.141732
vn 0.582677 -0.692913 -0.425197
vn -0.259843 -0.968504 0.023622
vn 0.818898 0.275590 -0.511811
vn 0.228346 0.968504 -0.078740
vn 0.559055 -0.692913 -0.464567
vn -0.291339 -0.952756 -0.023622
vn 0.826772 0.275590 -0.488189
vn 0.267717 0.960630 -0.023622
vn 0.543307 -0.685039 -0.496063
vn -0.322835 -0.944882 -0.070866
vn 0.842520 0.267716 -0.472441
vn 0.291339 0.952756 0.023622
vn 0.519685 -0.677165 -0.519685
vn -0.346457 -0.937008 -0.102362
vn 0.850394 0.267716 -0.456693
vn 0.322835 0.944882 0.062992
vn 0.511811 -0.669291 -0.543307
vn -0.362205 -0.921260 -0.141732
vn 0.858268 0.259842 -0.440945
vn 0.346457 0.929134 0.102362
vn 0.496063 -0.661417 -0.566929
vn -0.385827 -0.905512 -0.173228
vn 0.866142 0.259842 -0.433071
vn 0.362205 0.921260 0.133858
vn 0.480315 -0.645669 -0.590551
vn -0.417323 -0.881890 -0.220472
vn 0.874016 0.244094 -0.425197
vn 0.401575 0.897638 0.173228
vn 0.456693 -0.629921 -0.622047
vn -0.433071 -0.866142 -0.251968
vn 0.881890 0.244094 -0.409449
vn 0.425197 0.874016 0.220472
vn 0.440945 -0.614173 -0.653543
vn -0.417323 -0.897638 0.149606
vn 0.716535 -0.645669 -0.267716
vn 0.897638 0.299213 -0.322835
vn 0.440945 0.866142 0.251968
vn 0.220472 0.976378 -0.070866
vn -0.157480 0.755905 -0.637795
vn -0.188976 0.716535 -0.677165
vn -0.850394 0.527559 0.047244
vn -0.834646 0.543307 0.086614
vn -0.661417 -0.188976 0.724409
vn -0.094488 0.826771 -0.559055
vn -0.661417 -0.220472 0.716535
vn 0.188976 -0.716535 0.677165
vn 0.157480 -0.755905 0.637795
vn -0.795276 0.582677 0.141732
vn -0.031496 0.881890 -0.464567
vn -0.685039 -0.244094 0.685039
vn 0.102362 -0.826771 0.551181
vn -0.755906 0.622047 0.188976
vn 0.031496 0.921260 -0.377953
vn -0.708661 -0.267716 0.653543
vn 0.039370 -0.881890 0.464567
vn -0.716535 0.645669 0.244094
vn 0.086614 0.952756 -0.291339
vn -0.732283 -0.283464 0.614173
vn -0.023622 -0.929134 0.377953
vn -0.685039 0.669291 0.299212
vn 0.141732 0.968504 -0.212599
vn -0.755906 -0.291339 0.582677
vn -0.086614 -0.952756 0.291339
vn -0.645669 0.677165 0.346457
vn 0.188976 0.968504 -0.141732
vn -0.779528 -0.291339 0.551181
vn -0.133858 -0.968504 0.212599
vn -0.622047 0.677165 0.393701
vn 0.228346 0.968504 -0.078740
vn -0.795276 -0.291339 0.527559
vn -0.181102 -0.976378 0.141732
vn -0.590551 0.677165 0.433071
vn 0.267717 0.960630 -0.023622
vn -0.811024 -0.291339 0.503937
vn -0.228346 -0.968504 0.078740
vn -0.566929 0.677165 0.464567
vn 0.291339 0.952756 0.023622
vn -0.826772 -0.291339 0.488189
vn -0.259843 -0.968504 0.023622
vn -0.551181 0.669291 0.496063
vn 0.322835 0.944882 0.062992
vn -0.834646 -0.283464 0.464567
vn -0.291339 -0.952756 -0.023622
vn -0.527559 0.669291 0.519685
vn 0.346457 0.929134 0.102362
vn -0.850394 -0.283464 0.448819
vn -0.322835 -0.944882 -0.070866
vn -0.511811 0.661417 0.543307
vn 0.362205 0.921260 0.133858
vn -0.858268 -0.275590 0.440945
vn -0.346457 -0.937008 -0.102362
vn -0.503937 0.653543 0.566929
vn 0.385827 0.905512 0.181102
vn -0.866142 -0.267716 0.425197
vn -0.362205 -0.921260 -0.141732
vn -0.488189 0.637795 0.598425
vn 0.417323 0.881890 0.228346
vn -0.874016 -0.251968 0.417323
vn -0.401575 -0.897638 -0.173228
vn -0.464567 0.629921 0.629921
vn 0.440945 0.866142 0.251968
vn -0.881890 -0.251968 0.401575
vn -0.425197 -0.881890 -0.212598
vn -0.448819 0.606299 0.653543
vn 0.220472 0.976378 -0.070866
vn -0.622047 0.748031 0.236220
vn -0.913386 -0.228346 0.338583
vn -0.433071 -0.866142 -0.251968
vn -0.417323 -0.897638 0.149606
vn -0.015748 1.000000 -0.023622
vn -0.015748 1.000000 0.031496
vn -0.874016 0.488189 0.031496
vn -0.866142 0.496063 0.031496
vn -0.858268 -0.511811 0.000000
vn -0.015748 0.992126 -0.141732
vn -0.866142 -0.503937 0.055118
vn 0.015748 -1.000000 -0.031496
vn 0.023622 -1.000000 0.007874
vn 0.023622 -0.992126 0.125984
vn -0.866142 0.496063 -0.000000
vn -0.039370 0.952756 -0.307087
vn -0.858268 -0.472441 0.196850
vn 0.031496 -0.960630 0.259843
vn -0.874016 0.480315 -0.062992
vn -0.070866 0.716535 -0.692913
vn -0.842520 -0.448819 0.299213
vn 0.055118 -0.905512 0.417323
vn -0.929134 0.275590 -0.251969
vn -0.094488 0.496063 -0.866142
vn -0.850394 -0.314961 0.425197
vn 0.086614 -0.574803 0.811024
vn -0.913386 0.259842 -0.314961
vn -0.086614 0.685039 -0.724409
vn -0.811024 -0.236220 0.535433
vn 0.078740 -0.511811 0.850394
vn -0.913386 0.307087 -0.259843
vn -0.055118 0.850394 -0.519685
vn -0.818898 -0.370079 0.440945
vn 0.070866 -0.700787 0.708661
vn -0.897638 0.409449 -0.149606
vn -0.047244 0.944882 -0.322835
vn -0.023622 1.000000 -0.062992
vn -0.858268 -0.448819 0.259843
vn 0.055118 -0.897638 0.433071
vn -0.897638 0.440945 0.031496
vn -0.007874 0.976378 0.228346
vn -0.834646 -0.551181 0.086614
vn 0.023622 -1.000000 0.062992
vn -0.889764 0.425197 0.165354
vn 0.015748 0.874016 0.488189
vn -0.842520 -0.535433 -0.070866
vn 0.007874 -0.976378 -0.228346
vn -0.874016 0.385827 0.283464
vn 0.023622 0.732283 0.677165
vn -0.850394 -0.480315 -0.204724
vn -0.015748 -0.874016 -0.488189
vn -0.866142 0.330709 0.377953
vn 0.039370 0.606299 0.795275
vn -0.866142 -0.401575 -0.299213
vn -0.023622 -0.732283 -0.677165
vn -0.858268 0.267717 0.440945
vn 0.047244 0.496063 0.866142
vn -0.874016 -0.330709 -0.354331
vn -0.039370 -0.606299 -0.795275
vn -0.850394 0.220472 0.480315
vn 0.031496 0.826772 0.566929
vn -0.881890 -0.275591 -0.393701
vn -0.047244 -0.496063 -0.866142
vn -0.795276 0.543307 0.259842
vn 0.196850 0.960630 -0.173228
vn -0.677165 0.661417 -0.322835
vn -0.952756 -0.181102 -0.251968
vn -0.173228 -0.803150 -0.566929
vn -0.944882 -0.259843 -0.181102
vn -0.220472 -0.960630 0.165354
vn 0.031496 0.826772 0.566929
vn 0.196850 0.960630 -0.173228
vn 0.905512 0.409449 0.125984
vn 0.826772 0.409449 0.393701
vn 0.771654 -0.551181 0.314961
vn 0.047244 0.496063 0.866142
vn 0.913386 -0.393701 -0.133858
vn -0.220472 -0.960630 0.165354
vn -0.173228 -0.803150 -0.566929
vn 0.897638 0.259843 0.362205
vn 0.039370 0.606299 0.795275
vn 0.834646 -0.236221 -0.503937
vn -0.047244 -0.496063 -0.866142
vn 0.889764 0.307087 0.322835
vn 0.023622 0.732283 0.677165
vn 0.834646 -0.291339 -0.464567
vn -0.039370 -0.606299 -0.795275
vn 0.889764 0.370079 0.267716
vn 0.015748 0.874016 0.488189
vn 0.834646 -0.370079 -0.409449
vn -0.023622 -0.732283 -0.677165
vn 0.889764 0.425197 0.173228
vn -0.007874 0.976378 0.228346
vn 0.842520 -0.440945 -0.314961
vn -0.015748 -0.874016 -0.488189
vn 0.881890 0.464567 0.047244
vn -0.023622 1.000000 -0.062992
vn 0.850394 -0.496063 -0.181102
vn 0.007874 -0.976378 -0.228346
vn 0.874016 0.480315 -0.086614
vn -0.047244 0.944882 -0.322835
vn 0.858268 -0.511811 -0.023622
vn 0.023622 -1.000000 0.062992
vn 0.858268 0.440945 -0.267717
vn -0.055118 0.850394 -0.519685
vn -0.062992 0.700787 -0.708661
vn 0.905512 -0.401575 0.157480
vn 0.078740 -0.897638 0.440945
vn 0.834646 0.354331 -0.417323
vn -0.078740 0.503937 -0.858268
vn 0.897638 -0.330709 0.283465
vn 0.086614 -0.692913 0.716535
vn 0.826772 0.228346 -0.511811
vn -0.086614 0.637795 -0.763779
vn 0.897638 -0.275590 0.338583
vn 0.094488 -0.503937 0.858268
vn 0.834646 0.330709 -0.440945
vn -0.031496 0.944882 -0.314961
vn 0.937008 -0.259842 0.228346
vn 0.094488 -0.598425 0.795276
vn 0.055118 -0.897638 0.433071
vn 0.826772 0.464567 -0.307087
vn 0.881890 -0.464567 0.062992
vn 0.039370 -0.960630 0.267717
vn 0.850394 0.480315 -0.196850
vn -0.015748 0.992126 -0.141732
vn 0.874016 -0.480315 0.000000
vn 0.023622 -0.992126 0.125984
vn 0.858268 0.511811 -0.055118
vn -0.015748 1.000000 -0.023622
vn -0.015748 1.000000 0.031496
vn 0.858268 0.511811 -0.000000
vn 0.874016 -0.488189 -0.023622
vn 0.874016 -0.480315 -0.023622
vn 0.015748 -1.000000 0.007874
vn 0.015748 -1.000000 -0.031496
vn 0.307087 0.779527 -0.551181
vn 0.196850 0.960630 -0.173228
vn -0.677165 0.661417 -0.322835
vn -0.661417 0.503937 -0.559055
vn -0.944882 -0.259843 -0.181102
vn 0.291339 0.771653 -0.566929
vn -0.960630 -0.267716 -0.007874
vn -0.220472 -0.960630 0.165354
vn -0.299213 -0.787401 0.543307
vn -0.322835 -0.755905 0.566929
vn -0.669291 0.511811 -0.543307
vn 0.275591 0.866142 -0.417323
vn -0.968504 -0.259842 0.007874
vn -0.692913 0.566929 -0.448819
vn 0.251969 0.929134 -0.267717
vn -0.952756 -0.307087 -0.015748
vn -0.267717 -0.866142 0.425197
vn -0.724409 0.606299 -0.338583
vn 0.212598 0.976378 -0.047244
vn -0.937008 -0.338583 -0.062992
vn -0.236220 -0.929134 0.267717
vn -0.755906 0.629921 -0.196850
vn 0.165354 0.960630 0.220472
vn -0.921260 -0.362205 -0.141732
vn -0.196850 -0.976378 0.055118
vn -0.787402 0.614173 -0.023622
vn 0.118110 0.866142 0.480315
vn -0.905512 -0.362205 -0.236220
vn -0.149606 -0.968504 -0.220472
vn -0.818898 0.559055 0.149606
vn 0.078740 0.732283 0.677165
vn -0.889764 -0.322835 -0.322835
vn -0.102362 -0.874016 -0.480315
vn -0.834646 0.472441 0.283464
vn 0.070866 0.724409 0.685039
vn -0.881890 -0.267717 -0.393701
vn -0.070866 -0.732283 -0.677165
vn -0.811024 0.496063 0.314961
vn 0.086614 0.937008 0.346457
vn -0.913386 -0.236220 -0.330709
vn -0.078740 -0.779527 -0.622047
vn -0.811024 0.535433 0.228346
vn 0.094488 0.960630 0.267716
vn -0.905512 -0.417323 -0.055118
vn -0.086614 -0.944882 -0.307086
vn -0.086614 -0.960630 -0.275590
vn -0.818898 0.535433 0.188976
vn 0.078740 0.897638 0.440945
vn -0.984252 0.133858 -0.110236
vn -0.905512 -0.409449 -0.110236
vn -0.086614 -0.866142 -0.488189
vn -0.291339 -0.787401 0.543307
vn -0.220472 -0.960630 0.165354
vn 0.771654 -0.551181 0.314961
vn 0.677165 -0.488189 0.551181
vn 0.905512 0.409449 0.125984
vn -0.307087 -0.763779 0.566929
vn 0.960630 0.283465 -0.007874
vn 0.196850 0.960630 -0.173228
vn 0.307087 0.763779 -0.566929
vn 0.653543 -0.519685 0.543307
vn -0.267717 -0.866142 0.425197
vn 0.968504 0.244094 -0.000000
vn 0.314961 0.779527 -0.543307
vn 0.669291 -0.582677 0.456693
vn -0.236220 -0.929134 0.267717
vn 0.960630 0.267716 0.039370
vn 0.275591 0.866142 -0.417323
vn 0.685039 -0.637795 0.346457
vn -0.196850 -0.976378 0.055118
vn 0.952756 0.283465 0.086614
vn 0.251969 0.929134 -0.267717
vn 0.716535 -0.677165 0.196850
vn -0.149606 -0.968504 -0.220472
vn 0.944882 0.283465 0.149606
vn 0.212598 0.976378 -0.047244
vn 0.748031 -0.669291 0.000000
vn -0.102362 -0.874016 -0.480315
vn 0.937008 0.275591 0.220472
vn 0.165354 0.960630 0.220472
vn 0.779528 -0.598425 -0.181102
vn -0.070866 -0.732283 -0.677165
vn 0.921260 0.251969 0.291339
vn 0.118110 0.866142 0.480315
vn 0.803150 -0.496063 -0.314961
vn -0.062992 -0.771653 -0.637795
vn 0.905512 0.220472 0.354331
vn 0.078740 0.732283 0.677165
vn 0.842520 -0.464567 -0.283464
vn 0.889764 0.275591 0.362205
vn 0.070866 0.724409 0.685039
vn 0.102362 0.929134 0.346457
vn 0.818898 -0.527559 -0.228346
vn -0.086614 -0.952756 -0.299212
vn -0.086614 -0.960630 -0.267716
vn 0.905512 0.417323 0.055118
vn 0.086614 0.960630 0.275590
vn 0.811024 -0.551181 -0.188976
vn -0.086614 -0.881890 -0.464567
vn 0.976378 -0.204724 0.070866
vn 0.905512 0.409449 0.110236
vn 0.055118 0.874016 0.480315
vn 0.992126 -0.070866 -0.110236
vn 0.472441 0.141732 -0.866142
vn 0.220472 -0.889764 -0.409449
vn 0.598425 -0.511811 0.622047
vn -0.440945 -0.086614 -0.889764
vn -0.314961 -0.740157 0.598425
vn -0.834646 -0.527559 -0.157480
tan -0.061814 -0.037758 -0.967140 1.000000
tan -0.061876 -0.034348 -0.977990 1.000000
tan -0.154318 -0.875132 -0.456011 1.000000
tan -0.208692 -0.859694 -0.473371 1.000000
tan -0.124496 -0.831732 0.536301 1.000000
tan -0.059024 -0.038688 -0.927336 1.000000
tan -0.186496 -0.833282 0.519809 1.000000
tan 0.054188 0.035960 0.977990 1.000000
tan 0.054250 0.039928 0.967140 1.000000
tan -0.283651 -0.839668 -0.451361 1.000000
tan -0.219604 -0.803707 0.534317 1.000000
tan 0.059024 0.038688 0.927336 1.000000
tan -0.254449 -0.862298 -0.448633 1.000000
tan -0.047988 -0.045136 -0.948044 1.000000
tan -0.039928 -0.041168 -0.956538 1.000000
tan -0.258975 -0.797073 0.547027 1.000000
tan 0.047430 0.037262 0.948044 1.000000
tan -0.271933 -0.854238 -0.442805 1.000000
tan -0.232624 -0.803521 0.546593 1.000000
tan 0.039928 0.041168 0.956538 1.000000
tan 0.037510 0.043028 0.952756 1.000000
tan -0.151156 -0.821501 0.547151 1.000000
tan 0.030504 0.039804 0.968504 1.000000
tan -0.190836 -0.876434 -0.436915 1.000000
tan -0.037510 -0.051212 -0.952756 1.000000
tan -0.111724 -0.828074 0.544485 1.000000
tan 0.031372 0.042284 0.985492 1.000000
tan -0.141360 -0.883502 -0.437411 1.000000
tan -0.031372 -0.047430 -0.972348 1.000000
tan -0.031186 -0.048670 -0.977990 1.000000
tan -0.087730 -0.828942 0.551181 1.000000
tan 0.031248 0.044268 0.992126 1.000000
tan -0.116622 -0.890198 -0.451237 1.000000
tan -0.031434 -0.050158 -0.985492 1.000000
tan -0.054870 -0.835266 0.548887 1.000000
tan 0.031496 0.046252 1.000000 1.000000
tan -0.073594 -0.889640 -0.450059 1.000000
tan -0.031248 -0.044268 -0.992126 1.000000
tan -0.015376 -0.834956 0.552111 1.000000
tan 0.023622 0.048174 1.000000 1.000000
tan -0.031806 -0.897700 -0.448571 1.000000
tan -0.023622 -0.046500 -1.000000 1.000000
tan 0.023994 -0.834646 0.543307 1.000000
tan 0.023436 0.041974 0.992126 1.000000
tan 0.024490 -0.890074 -0.450059 1.000000
tan -0.023622 -0.048174 -1.000000 1.000000
tan 0.069998 -0.834336 0.546407 1.000000
tan 0.022754 0.044020 0.977928 1.000000
tan 0.080600 -0.883316 -0.444169 1.000000
tan -0.023436 -0.049848 -0.992126 1.000000
tan 0.123628 -0.835204 0.543493 1.000000
tan 0.021762 0.046066 0.967326 1.000000
tan 0.136648 -0.876620 -0.451361 1.000000
tan -0.022754 -0.044020 -0.977928 1.000000
tan 0.183272 -0.821563 0.543555 1.000000
tan 0.019778 0.047926 0.949098 1.000000
tan 0.206832 -0.862856 -0.445285 1.000000
tan -0.021762 -0.046066 -0.967326 1.000000
tan 0.242854 -0.807923 0.542997 1.000000
tan 0.015748 0.049848 0.943890 1.000000
tan 0.276955 -0.849154 -0.454647 1.000000
tan -0.019778 -0.047926 -0.949098 1.000000
tan 0.319363 -0.773637 0.550189 1.000000
tan 0.010106 0.043214 0.954988 1.000000
tan 0.361213 -0.814434 -0.449873 1.000000
tan -0.015748 -0.049848 -0.943890 1.000000
tan 0.476409 -0.749644 -0.455143 1.000000
tan -0.016368 -0.047864 -0.961808 1.000000
tan -0.248248 -0.111848 -0.902970 1.000000
tan 0.434807 -0.720813 0.541075 1.000000
tan 0.339203 -0.758323 -0.544733 1.000000
tan -0.304669 -0.235229 -0.915742 1.000000
tan -0.204600 -0.884618 -0.200384 1.000000
tan 0.312853 -0.784921 0.536053 1.000000
tan 0.235662 0.261827 0.891686 1.000000
tan 0.002108 -0.707235 0.681133 1.000000
tan 0.289789 0.182218 0.922748 1.000000
tan 0.061814 0.037758 0.967140 1.000000
tan 0.077252 0.031124 0.977990 1.000000
tan 0.161324 0.875132 0.456321 1.000000
tan 0.215388 0.868746 0.430405 1.000000
tan 0.124496 0.831732 -0.536301 1.000000
tan 0.059024 0.038688 0.927336 1.000000
tan 0.167462 0.810465 -0.558621 1.000000
tan -0.061876 -0.034348 -0.977990 1.000000
tan -0.061814 -0.037758 -0.967140 1.000000
tan 0.293137 0.847108 0.444975 1.000000
tan 0.212970 0.810279 -0.543865 1.000000
tan -0.058900 -0.030814 -0.927336 1.000000
tan 0.252216 0.854734 0.458429 1.000000
tan 0.047430 0.037262 0.948044 1.000000
tan 0.039928 0.041168 0.956538 1.000000
tan 0.258975 0.797073 -0.547027 1.000000
tan -0.047988 -0.045136 -0.948044 1.000000
tan 0.269639 0.846674 0.452663 1.000000
tan 0.232624 0.803521 -0.546593 1.000000
tan -0.039928 -0.041168 -0.956538 1.000000
tan -0.037510 -0.043028 -0.952756 1.000000
tan 0.157728 0.821501 -0.539463 1.000000
tan -0.031372 -0.047430 -0.972348 1.000000
tan 0.182156 0.868746 0.445409 1.000000
tan 0.037510 0.051212 0.952756 1.000000
tan 0.112778 0.835886 -0.535619 1.000000
tan -0.031186 -0.048670 -0.977990 1.000000
tan -0.031434 -0.050158 -0.985492 1.000000
tan 0.141360 0.883502 0.446401 1.000000
tan 0.030504 0.055800 0.968504 1.000000
tan 0.095356 0.836754 -0.536425 1.000000
tan -0.031248 -0.044268 -0.992126 1.000000
tan 0.115754 0.882386 0.466861 1.000000
tan 0.031372 0.042284 0.985492 1.000000
tan 0.055552 0.843140 -0.533139 1.000000
tan -0.023622 -0.046500 -1.000000 1.000000
tan 0.073718 0.889578 0.466427 1.000000
tan 0.031248 0.044268 0.992126 1.000000
tan 0.015934 0.850704 -0.528489 1.000000
tan -0.023622 -0.048174 -1.000000 1.000000
tan 0.031434 0.881952 0.464319 1.000000
tan 0.031496 0.046252 1.000000 1.000000
tan -0.024304 0.850456 -0.535247 1.000000
tan -0.023436 -0.049848 -0.992126 1.000000
tan -0.017174 0.882200 0.465497 1.000000
tan 0.023622 0.048174 1.000000 1.000000
tan -0.071114 0.850084 -0.530659 1.000000
tan -0.022754 -0.044020 -0.977928 1.000000
tan -0.072726 0.882510 0.471387 1.000000
tan 0.023436 0.041974 0.992126 1.000000
tan -0.124620 0.843078 -0.526753 1.000000
tan -0.021762 -0.046066 -0.967326 1.000000
tan -0.135284 0.868870 0.466861 1.000000
tan 0.022754 0.044020 0.977928 1.000000
tan -0.184760 0.829314 -0.518817 1.000000
tan -0.019778 -0.047926 -0.949098 1.000000
tan -0.197842 0.862236 0.472379 1.000000
tan 0.021762 0.046066 0.967326 1.000000
tan -0.251658 0.815549 -0.527001 1.000000
tan -0.015748 -0.049848 -0.943890 1.000000
tan -0.267407 0.841714 0.470643 1.000000
tan 0.019778 0.047926 0.949098 1.000000
tan -0.334801 0.788951 -0.513051 1.000000
tan -0.347635 0.800174 0.483229 1.000000
tan 0.015748 0.049848 0.943890 1.000000
tan -0.016368 -0.047864 -0.961808 1.000000
tan -0.464877 0.745490 0.486577 1.000000
tan 0.010106 0.043214 0.954988 1.000000
tan 0.264244 0.275405 0.881146 1.000000
tan -0.449439 0.734453 -0.514911 1.000000
tan -0.396057 0.818650 0.389609 1.000000
tan 0.432265 0.184016 0.876682 1.000000
tan 0.260215 0.871040 0.129580 1.000000
tan -0.286751 0.767251 -0.573501 1.000000
tan -0.248248 -0.111848 -0.902970 1.000000
tan -0.067518 0.664951 -0.716101 1.000000
tan -0.302561 -0.193440 -0.907682 1.000000
tan -0.416021 -0.051460 -0.875008 1.000000
tan -0.264741 -0.191084 -0.922810 1.000000
tan -0.202616 -0.885610 -0.327361 1.000000
tan -0.835886 -0.531217 -0.147684 1.000000
tan -0.059768 -0.752123 0.619939 1.000000
tan -0.339637 -0.110670 -0.929630 1.000000
tan -0.648025 0.001612 0.750387 1.000000
tan 0.233616 0.207391 0.864468 1.000000
tan 0.379131 0.046190 0.914502 1.000000
tan -0.968504 -0.007626 -0.187798 1.000000
tan -0.342303 -0.081158 -0.937008 1.000000
tan 0.350673 0.102424 0.921818 1.000000
tan -0.976502 0.108500 -0.187488 1.000000
tan -0.340815 -0.022134 -0.937008 1.000000
tan -0.329965 0.044640 -0.944882 1.000000
tan -0.645111 0.011098 0.764337 1.000000
tan 0.314961 0.000000 0.944882 1.000000
tan -0.976378 0.038440 -0.186186 1.000000
tan -0.353401 -0.022134 -0.937008 1.000000
tan -0.649389 -0.025916 0.765019 1.000000
tan 0.330089 -0.077004 0.944944 1.000000
tan -0.976378 -0.076880 -0.191270 1.000000
tan -0.287185 -0.166408 -0.945502 1.000000
tan -0.655031 0.001488 0.749519 1.000000
tan 0.295121 0.082522 0.952756 1.000000
tan -0.952756 0.067518 -0.257486 1.000000
tan -0.277637 -0.115940 -0.947734 1.000000
tan -0.246513 0.006200 -0.938186 1.000000
tan -0.684977 0.045260 0.723293 1.000000
tan 0.312357 0.195052 0.930250 1.000000
tan 0.322897 0.098456 0.932234 1.000000
tan -0.930374 0.249612 -0.285325 1.000000
tan -0.289727 0.157666 -0.937504 1.000000
tan -0.832724 0.457623 -0.168144 1.000000
tan -0.697439 0.100316 0.701035 1.000000
tan 0.291277 -0.086490 0.919586 1.000000
tan -0.683489 0.066588 0.734453 1.000000
tan 0.239878 -0.266910 0.930374 1.000000
tan -0.246513 0.006200 -0.938186 1.000000
tan -0.289727 0.157666 -0.937504 1.000000
tan 0.375287 -0.262447 -0.795957 1.000000
tan 0.678467 -0.131068 -0.709219 1.000000
tan 0.842458 -0.341745 0.276149 1.000000
tan -0.277637 -0.115940 -0.947734 1.000000
tan 0.922562 -0.315209 0.206150 1.000000
tan 0.215264 -0.199888 0.953314 1.000000
tan 0.303181 -0.057970 0.926716 1.000000
tan 0.673197 -0.046066 -0.739599 1.000000
tan -0.301321 -0.165044 -0.937752 1.000000
tan 0.960630 -0.030256 0.202802 1.000000
tan 0.321595 0.091078 0.932234 1.000000
tan 0.325191 0.178560 0.930002 1.000000
tan 0.633083 -0.008122 -0.765887 1.000000
tan -0.368343 -0.029264 -0.929134 1.000000
tan -0.313225 0.052514 -0.952756 1.000000
tan 0.976378 0.076880 0.216752 1.000000
tan 0.328477 0.044640 0.944882 1.000000
tan 0.663029 0.001240 -0.741769 1.000000
tan -0.317379 -0.022320 -0.944882 1.000000
tan 0.976378 -0.053816 0.193378 1.000000
tan 0.330089 -0.077004 0.944944 1.000000
tan 0.345713 -0.007378 0.937008 1.000000
tan 0.652427 -0.033294 -0.757021 1.000000
tan -0.327237 -0.081158 -0.937008 1.000000
tan 0.976502 -0.116250 0.188976 1.000000
tan 0.348565 0.087792 0.921818 1.000000
tan 0.632711 -0.030380 -0.771653 1.000000
tan -0.338521 -0.104160 -0.937442 1.000000
tan -0.382975 -0.046686 -0.863228 1.000000
tan 0.976378 0.038440 0.143716 1.000000
tan 0.354207 0.140740 0.914688 1.000000
tan 0.558187 0.123380 -0.786285 1.000000
tan -0.243474 -0.268213 -0.907496 1.000000
tan -0.080910 0.621799 -0.748094 1.000000
tan 0.842520 0.543307 0.028892 1.000000
tan 0.273297 0.231695 0.818216 1.000000
tan 0.321285 0.894972 0.070370 1.000000
tan -0.866142 0.007440 -0.503937 1.000000
tan -0.859322 0.006944 -0.499969 1.000000
tan -0.521545 -0.841404 -0.082398 1.000000
tan -0.486453 -0.843202 -0.112964 1.000000
tan 0.434001 -0.846054 0.210924 1.000000
tan -0.850394 0.008060 -0.527559 1.000000
tan 0.464753 -0.842210 0.178560 1.000000
tan 0.859322 -0.007688 0.492157 1.000000
tan 0.866142 -0.007440 0.503937 1.000000
tan -0.446339 -0.845992 -0.188728 1.000000
tan 0.532953 -0.807738 0.044392 1.000000
tan 0.858268 -0.007936 0.511811 1.000000
tan 0.835886 -0.043834 0.539029 1.000000
tan -0.447393 -0.811148 -0.164672 1.000000
tan -0.835886 0.011098 -0.539029 1.000000
tan -0.826772 0.009672 -0.566929 1.000000
tan 0.511749 -0.828198 0.048794 1.000000
tan 0.826772 -0.020646 0.566929 1.000000
tan -0.446959 -0.833467 -0.243660 1.000000
tan -0.818898 0.016616 -0.582677 1.000000
tan 0.407961 -0.866266 0.225681 1.000000
tan 0.811024 -0.020894 0.590551 1.000000
tan -0.489553 -0.843264 -0.213962 1.000000
tan -0.863538 0.071424 -0.463885 1.000000
tan -0.616529 -0.782255 -0.080476 1.000000
tan 0.347201 -0.864530 0.263873 1.000000
tan 0.854920 0.013516 0.477401 1.000000
tan 0.866142 -0.007440 0.503937 1.000000
tan 0.859322 -0.006944 0.499969 1.000000
tan 0.532271 0.824850 0.093620 1.000000
tan 0.512245 0.832910 0.137640 1.000000
tan -0.415835 0.853618 -0.214024 1.000000
tan 0.858268 -0.007936 0.511811 1.000000
tan -0.430839 0.856284 -0.172732 1.000000
tan -0.859322 0.006944 -0.499969 1.000000
tan -0.866142 0.007440 -0.503937 1.000000
tan 0.472565 0.831980 0.192634 1.000000
tan 0.851510 0.002108 0.515593 1.000000
tan -0.483601 0.851882 -0.108438 1.000000
tan -0.858268 0.002480 -0.511811 1.000000
tan 0.450431 0.814186 0.162564 1.000000
tan 0.826772 -0.020646 0.566929 1.000000
tan -0.543865 0.809474 -0.014756 1.000000
tan -0.835886 0.011098 -0.539029 1.000000
tan 0.432265 0.849402 0.244156 1.000000
tan 0.818898 -0.021204 0.582677 1.000000
tan -0.486205 0.847046 -0.160270 1.000000
tan -0.826772 0.009672 -0.566929 1.000000
tan 0.464505 0.846240 0.204352 1.000000
tan 0.847232 0.015810 0.485089 1.000000
tan 0.552421 0.823734 -0.013020 1.000000
tan -0.433567 0.852626 -0.233245 1.000000
tan -0.818898 0.016616 -0.582677 1.000000
tan -0.387749 0.847665 -0.256929 1.000000
tan -0.863538 0.071424 -0.463885 1.000000
tan -0.807738 0.041788 -0.391531 1.000000
tan -0.863538 0.071424 -0.463885 1.000000
tan -0.616529 -0.782255 -0.080476 1.000000
tan -0.701221 -0.659805 0.245831 1.000000
tan 0.347201 -0.864530 0.263873 1.000000
tan -0.857028 0.058032 -0.376775 1.000000
tan 0.277079 -0.842519 0.372807 1.000000
tan 0.854920 0.013516 0.477401 1.000000
tan 0.811520 -0.050716 0.376651 1.000000
tan -0.706057 -0.647591 0.288735 1.000000
tan -0.859260 0.063984 -0.364933 1.000000
tan -0.864902 0.071982 -0.354207 1.000000
tan 0.273421 -0.835203 0.401823 1.000000
tan 0.811148 -0.050716 0.383533 1.000000
tan -0.661665 -0.726145 0.172298 1.000000
tan 0.309133 -0.843139 0.367041 1.000000
tan 0.864902 -0.071982 0.354207 1.000000
tan 0.872900 -0.082398 0.348379 1.000000
tan 0.330461 -0.865026 0.253581 1.000000
tan 0.907496 -0.080786 0.350797 1.000000
tan -0.644925 -0.735445 0.136152 1.000000
tan -0.872900 0.067766 -0.348255 1.000000
tan 0.367165 -0.865894 0.183458 1.000000
tan 0.922252 -0.085312 0.341001 1.000000
tan -0.603385 -0.767809 0.086676 1.000000
tan -0.907496 0.086738 -0.335545 1.000000
tan 0.401885 -0.865274 0.105710 1.000000
tan 0.937008 -0.083886 0.346457 1.000000
tan -0.572509 -0.780643 0.024366 1.000000
tan -0.930002 0.087048 -0.333251 1.000000
tan 0.430219 -0.872156 0.071982 1.000000
tan 0.929630 -0.079546 0.351541 1.000000
tan -0.554963 -0.808977 -0.080290 1.000000
tan -0.937008 0.083886 -0.346457 1.000000
tan 0.445657 -0.870730 0.015128 1.000000
tan 0.929630 -0.079732 0.351541 1.000000
tan -0.540021 -0.813875 -0.114638 1.000000
tan -0.929630 0.086924 -0.351541 1.000000
tan 0.469031 -0.865088 -0.036270 1.000000
tan 0.908860 -0.085994 0.361275 1.000000
tan -0.528675 -0.822865 -0.155124 1.000000
tan -0.929630 0.079732 -0.351541 1.000000
tan 0.489305 -0.844380 -0.096038 1.000000
tan 0.891686 -0.092628 0.363445 1.000000
tan -0.509889 -0.817162 -0.195114 1.000000
tan -0.908860 0.085994 -0.361275 1.000000
tan 0.522289 -0.818402 -0.158472 1.000000
tan 0.879596 -0.092876 0.371133 1.000000
tan -0.486763 -0.818402 -0.239010 1.000000
tan -0.891686 0.092628 -0.363445 1.000000
tan 0.546593 -0.794717 -0.229896 1.000000
tan 0.858640 -0.103478 0.377457 1.000000
tan -0.472255 -0.814868 -0.290346 1.000000
tan -0.872218 0.100440 -0.370761 1.000000
tan 0.574617 -0.759749 -0.292578 1.000000
tan 0.848410 -0.124992 0.399653 1.000000
tan -0.452911 -0.811644 -0.338955 1.000000
tan -0.858640 0.113832 -0.383843 1.000000
tan 0.806932 -0.249488 0.508153 1.000000
tan 0.369025 -0.893794 -0.132928 1.000000
tan -0.425321 -0.794531 -0.410069 1.000000
tan -0.852254 0.131936 -0.399033 1.000000
tan -0.838552 0.103850 -0.519251 1.000000
tan -0.564945 -0.763842 -0.290160 1.000000
tan 0.602269 -0.703453 -0.373551 1.000000
tan 0.807428 -0.045198 0.391531 1.000000
tan 0.847232 0.015810 0.485089 1.000000
tan 0.552421 0.823734 -0.013020 1.000000
tan 0.694525 0.661417 -0.295741 1.000000
tan -0.387749 0.847665 -0.256929 1.000000
tan 0.801786 -0.024676 0.395375 1.000000
tan -0.308947 0.842395 -0.362639 1.000000
tan -0.863538 0.071424 -0.463885 1.000000
tan -0.804638 0.042036 -0.390415 1.000000
tan 0.707855 0.650753 -0.268399 1.000000
tan 0.864902 -0.071982 0.354207 1.000000
tan -0.251969 0.835079 -0.412425 1.000000
tan -0.857028 0.058032 -0.376775 1.000000
tan -0.859260 0.063984 -0.364933 1.000000
tan 0.671585 0.719201 -0.160022 1.000000
tan -0.297725 0.850890 -0.376713 1.000000
tan -0.864902 0.071982 -0.354207 1.000000
tan -0.872900 0.082398 -0.348379 1.000000
tan -0.319301 0.872714 -0.262757 1.000000
tan -0.899870 0.089652 -0.350797 1.000000
tan 0.652365 0.731663 -0.128402 1.000000
tan 0.872900 -0.067766 0.348255 1.000000
tan -0.335359 0.878480 -0.255813 1.000000
tan 0.624713 0.752185 -0.064976 1.000000
tan 0.907496 -0.076632 0.335545 1.000000
tan -0.379441 0.872900 -0.133734 1.000000
tan -0.930002 0.102672 -0.325501 1.000000
tan 0.601649 0.763593 -0.004588 1.000000
tan 0.937442 -0.076942 0.335917 1.000000
tan -0.387253 0.888338 -0.124558 1.000000
tan -0.937008 0.083886 -0.346457 1.000000
tan 0.578213 0.795833 0.089032 1.000000
tan 0.937008 -0.083886 0.346457 1.000000
tan -0.406783 0.885362 -0.066278 1.000000
tan -0.929630 0.086924 -0.351541 1.000000
tan 0.555521 0.808172 0.121210 1.000000
tan 0.929630 -0.079546 0.351541 1.000000
tan -0.430033 0.878542 -0.012772 1.000000
tan -0.929630 0.079732 -0.351541 1.000000
tan 0.544919 0.807985 0.160394 1.000000
tan 0.929630 -0.079732 0.351541 1.000000
tan -0.449625 0.871040 0.050344 1.000000
tan -0.908860 0.085994 -0.361275 1.000000
tan 0.526443 0.808419 0.196044 1.000000
tan 0.908860 -0.085994 0.361275 1.000000
tan -0.477153 0.848906 0.109616 1.000000
tan -0.891686 0.092628 -0.363445 1.000000
tan 0.512431 0.810961 0.238080 1.000000
tan 0.891686 -0.092628 0.363445 1.000000
tan -0.503317 0.829934 0.176204 1.000000
tan -0.872218 0.100440 -0.370761 1.000000
tan 0.494513 0.813070 0.283340 1.000000
tan 0.872218 -0.093248 0.371133 1.000000
tan -0.532209 0.798313 0.238576 1.000000
tan -0.858640 0.113832 -0.383843 1.000000
tan 0.470891 0.804080 0.335235 1.000000
tan 0.858640 -0.103478 0.377457 1.000000
tan -0.554281 0.761423 0.309505 1.000000
tan -0.852254 0.131936 -0.399033 1.000000
tan 0.446649 0.786348 0.398289 1.000000
tan 0.848410 -0.121148 0.392833 1.000000
tan 0.806932 -0.251596 0.515655 1.000000
tan 0.431149 0.826090 0.266724 1.000000
tan -0.585095 0.710707 0.388183 1.000000
tan -0.538781 0.841094 -0.042036 1.000000
tan -0.838552 0.103850 -0.519251 1.000000
tan -0.747846 0.136028 -0.619505 1.000000
tan -0.838552 0.103850 -0.519251 1.000000
tan -0.564945 -0.763842 -0.290160 1.000000
tan -0.525265 -0.791122 -0.309505 1.000000
tan 0.369025 -0.893794 -0.132928 1.000000
tan -0.744125 0.132556 -0.644739 1.000000
tan 0.122822 -0.826214 0.413417 1.000000
tan 0.806932 -0.249488 0.508153 1.000000
tan 0.748342 -0.136524 0.613677 1.000000
tan -0.504185 -0.799678 -0.341931 1.000000
tan -0.742141 0.132060 -0.656209 1.000000
tan 0.744125 -0.132432 0.652489 1.000000
tan -0.483105 -0.799057 -0.360345 1.000000
tan -0.734329 0.133176 -0.664021 1.000000
tan 0.258045 -0.917044 0.301135 1.000000
tan 0.742141 -0.126852 0.656209 1.000000
tan -0.462335 -0.798810 -0.381673 1.000000
tan -0.728501 0.133982 -0.658751 1.000000
tan 0.319673 -0.910410 0.231137 1.000000
tan 0.734329 -0.127348 0.664021 1.000000
tan -0.439085 -0.798562 -0.391593 1.000000
tan -0.720565 0.134788 -0.648707 1.000000
tan 0.398041 -0.901730 0.143840 1.000000
tan 0.728501 -0.128154 0.658751 1.000000
tan -0.419741 -0.795586 -0.406225 1.000000
tan -0.717341 0.132556 -0.644429 1.000000
tan -0.419369 -0.789882 -0.414161 1.000000
tan 0.472503 -0.874326 0.059892 1.000000
tan 0.720565 -0.128960 0.648831 1.000000
tan 0.502015 -0.868808 0.006324 1.000000
tan 0.717341 -0.134664 0.651993 1.000000
tan 0.740716 -0.133734 0.628929 1.000000
tan 0.806932 -0.251596 0.515655 1.000000
tan 0.431149 0.826090 0.266724 1.000000
tan 0.525141 0.775497 0.332197 1.000000
tan -0.538781 0.841094 -0.042036 1.000000
tan 0.744125 -0.132556 0.644739 1.000000
tan -0.098580 0.837002 -0.402877 1.000000
tan -0.838552 0.103850 -0.519251 1.000000
tan -0.747846 0.136028 -0.619505 1.000000
tan 0.499287 0.783558 0.358423 1.000000
tan 0.742141 -0.126852 0.656209 1.000000
tan -0.744125 0.132556 -0.644739 1.000000
tan 0.489801 0.792361 0.380681 1.000000
tan 0.734329 -0.127348 0.664021 1.000000
tan -0.238080 0.928018 -0.288177 1.000000
tan -0.742141 0.132060 -0.656209 1.000000
tan 0.474673 0.787712 0.391531 1.000000
tan 0.728501 -0.128154 0.658751 1.000000
tan -0.301197 0.921446 -0.216505 1.000000
tan -0.734329 0.133176 -0.664021 1.000000
tan 0.463141 0.791432 0.403621 1.000000
tan 0.728191 -0.126790 0.641205 1.000000
tan -0.389423 0.917912 -0.122450 1.000000
tan -0.728501 0.133982 -0.658751 1.000000
tan 0.442743 0.790502 0.406783 1.000000
tan 0.724905 -0.129952 0.636865 1.000000
tan 0.422469 0.786781 0.403993 1.000000
tan -0.460289 0.884866 -0.029760 1.000000
tan -0.720565 0.134788 -0.648707 1.000000
tan -0.502015 0.868808 -0.006324 1.000000
tan -0.717341 0.132556 -0.644429 1.000000
tan -0.824912 -0.025544 -0.461467 1.000000
tan -0.812760 -0.028024 -0.457933 1.000000
tan -0.666935 -0.697191 0.235290 1.000000
tan -0.660797 -0.722921 0.220038 1.000000
tan 0.319425 -0.809349 0.434001 1.000000
tan -0.826834 -0.012834 -0.445781 1.000000
tan 0.330833 -0.811395 0.414223 1.000000
tan 0.812760 0.028024 0.457933 1.000000
tan 0.824912 0.025544 0.461467 1.000000
tan -0.640895 -0.750015 0.181660 1.000000
tan -0.840846 -0.003782 -0.442743 1.000000
tan 0.355137 -0.821191 0.375411 1.000000
tan 0.826834 0.012834 0.445781 1.000000
tan -0.616839 -0.775373 0.143654 1.000000
tan -0.860686 -0.000992 -0.434125 1.000000
tan 0.373241 -0.824601 0.327361 1.000000
tan 0.840846 0.003782 0.442743 1.000000
tan -0.586273 -0.804513 0.088536 1.000000
tan -0.877984 0.005084 -0.431335 1.000000
tan 0.396119 -0.837312 0.280365 1.000000
tan 0.860686 0.000992 0.434125 1.000000
tan -0.565317 -0.812636 0.036518 1.000000
tan 0.418563 -0.844132 0.239631 1.000000
tan 0.877984 -0.005084 0.431335 1.000000
tan 0.898382 -0.016740 0.429661 1.000000
tan 0.440263 -0.831793 0.126976 1.000000
tan 0.905512 -0.012214 0.425197 1.000000
tan -0.546841 -0.796329 0.031806 1.000000
tan -0.882758 0.001922 -0.453097 1.000000
tan 0.473061 -0.816293 0.082894 1.000000
tan 0.905512 -0.006820 0.433071 1.000000
tan -0.506479 -0.806683 -0.007440 1.000000
tan -0.905512 0.005518 -0.417323 1.000000
tan 0.497985 -0.841466 0.094860 1.000000
tan 0.898382 -0.015438 0.421849 1.000000
tan -0.478517 -0.844566 -0.113956 1.000000
tan -0.905512 0.006820 -0.433071 1.000000
tan 0.512679 -0.811581 -0.013888 1.000000
tan 0.884680 -0.009424 0.434497 1.000000
tan -0.466117 -0.822866 -0.102300 1.000000
tan -0.905512 0.005890 -0.433071 1.000000
tan -0.890570 0.008990 -0.429661 1.000000
tan 0.546841 -0.825780 0.001302 1.000000
tan 0.877922 -0.005580 0.431211 1.000000
tan -0.441937 -0.851386 -0.201996 1.000000
tan -0.884680 0.009424 -0.434497 1.000000
tan 0.559861 -0.810528 -0.030752 1.000000
tan 0.873086 -0.007068 0.436419 1.000000
tan -0.419245 -0.845372 -0.233120 1.000000
tan -0.877922 0.005580 -0.431211 1.000000
tan 0.577035 -0.801909 -0.067270 1.000000
tan 0.856408 -0.013764 0.439085 1.000000
tan -0.400025 -0.840660 -0.269018 1.000000
tan -0.873086 0.007068 -0.436419 1.000000
tan 0.597371 -0.788269 -0.108686 1.000000
tan 0.848596 -0.020212 0.441999 1.000000
tan -0.385021 -0.841838 -0.297600 1.000000
tan -0.856408 0.013764 -0.439085 1.000000
tan 0.609585 -0.773079 -0.138074 1.000000
tan 0.840970 -0.025296 0.448261 1.000000
tan -0.373241 -0.831980 -0.329841 1.000000
tan -0.848596 0.020212 -0.441999 1.000000
tan 0.643127 -0.748713 -0.177444 1.000000
tan 0.819022 -0.036208 0.456693 1.000000
tan -0.349433 -0.821192 -0.367661 1.000000
tan -0.840970 0.025296 -0.448261 1.000000
tan 0.661169 -0.715915 -0.228966 1.000000
tan 0.930994 0.069936 0.326431 1.000000
tan 0.476347 -0.853866 -0.083142 1.000000
tan -0.516709 -0.824044 -0.171616 1.000000
tan -0.334119 -0.816294 -0.413975 1.000000
tan -0.819022 0.032984 -0.449687 1.000000
tan -0.923430 -0.000992 -0.333685 1.000000
tan 0.824912 0.025544 0.461467 1.000000
tan 0.812760 0.028024 0.457933 1.000000
tan 0.666935 0.697191 -0.235290 1.000000
tan 0.666997 0.716721 -0.213404 1.000000
tan -0.319425 0.809349 -0.434001 1.000000
tan 0.826834 0.012834 0.445781 1.000000
tan -0.320417 0.817905 -0.413169 1.000000
tan -0.812760 -0.028024 -0.457933 1.000000
tan -0.824912 -0.025544 -0.461467 1.000000
tan 0.643065 0.747845 -0.166532 1.000000
tan 0.840846 0.003782 0.442743 1.000000
tan -0.337715 0.827763 -0.372931 1.000000
tan -0.826834 -0.012834 -0.445781 1.000000
tan 0.626387 0.765825 -0.123628 1.000000
tan 0.860686 0.000992 0.434125 1.000000
tan -0.354207 0.832971 -0.334615 1.000000
tan -0.840846 -0.003782 -0.442743 1.000000
tan 0.599975 0.788517 -0.067518 1.000000
tan 0.877984 -0.005084 0.431335 1.000000
tan -0.377147 0.845930 -0.286813 1.000000
tan -0.860686 -0.000992 -0.434125 1.000000
tan 0.572695 0.808977 -0.028706 1.000000
tan -0.399529 0.852998 -0.245273 1.000000
tan -0.877984 0.005084 -0.431335 1.000000
tan -0.890570 0.011656 -0.437473 1.000000
tan -0.440263 0.834211 -0.130758 1.000000
tan -0.905512 0.018910 -0.433071 1.000000
tan 0.539153 0.800546 -0.037944 1.000000
tan 0.890570 0.002480 0.437473 1.000000
tan -0.465249 0.824106 -0.082708 1.000000
tan -0.905512 0.006820 -0.433071 1.000000
tan 0.514291 0.809845 0.012152 1.000000
tan 0.905512 0.001612 0.417323 1.000000
tan -0.482733 0.850828 -0.091388 1.000000
tan -0.905512 0.005890 -0.433071 1.000000
tan 0.494017 0.838118 0.121086 1.000000
tan 0.905512 -0.006820 0.433071 1.000000
tan -0.504867 0.816108 0.019158 1.000000
tan -0.890570 0.008990 -0.429661 1.000000
tan -0.884680 0.009424 -0.434497 1.000000
tan 0.477091 0.814434 0.096038 1.000000
tan 0.898382 -0.001178 0.421849 1.000000
tan -0.531837 0.829748 0.007750 1.000000
tan -0.877922 0.005580 -0.431211 1.000000
tan 0.449625 0.843698 0.202244 1.000000
tan 0.884680 -0.009424 0.434497 1.000000
tan -0.546841 0.816293 0.040424 1.000000
tan -0.873086 0.007068 -0.436419 1.000000
tan 0.435985 0.838675 0.238080 1.000000
tan 0.877922 -0.005580 0.431211 1.000000
tan -0.573625 0.805319 0.081096 1.000000
tan -0.856408 0.013764 -0.439085 1.000000
tan 0.417013 0.839482 0.271374 1.000000
tan 0.873086 -0.007068 0.436419 1.000000
tan -0.590303 0.791307 0.117242 1.000000
tan -0.848596 0.020212 -0.441999 1.000000
tan 0.402195 0.835080 0.301382 1.000000
tan 0.856408 -0.013764 0.439085 1.000000
tan -0.606857 0.775807 0.152644 1.000000
tan -0.840970 0.025296 -0.448261 1.000000
tan 0.386881 0.830306 0.328353 1.000000
tan 0.841218 -0.021328 0.441999 1.000000
tan -0.634199 0.757641 0.198462 1.000000
tan -0.819022 0.032984 -0.449687 1.000000
tan 0.372001 0.819766 0.359911 1.000000
tan 0.840970 -0.025296 0.448261 1.000000
tan -0.648769 0.717589 0.241428 1.000000
tan -0.923430 -0.000992 -0.333685 1.000000
tan -0.598301 0.797383 0.004774 1.000000
tan 0.319239 0.896212 0.183272 1.000000
tan 0.345837 0.808358 0.404613 1.000000
tan 0.819022 -0.032984 0.449687 1.000000
tan 0.915494 0.064108 0.357431 1.000000
tan -0.968690 -0.011098 -0.226548 1.000000
tan -0.923430 -0.000992 -0.333685 1.000000
tan -0.516709 -0.824044 -0.171616 1.000000
tan -0.499907 -0.847294 0.079484 1.000000
tan 0.476347 -0.853866 -0.083142 1.000000
tan -0.992126 0.004464 -0.141732 1.000000
tan 0.521359 -0.851634 0.075268 1.000000
tan 0.930994 0.069936 0.326431 1.000000
tan 0.968690 0.030628 0.203112 1.000000
tan 0.976502 0.024676 0.164052 1.000000
tan -0.487383 -0.870854 0.025792 1.000000
tan -0.992126 0.014632 -0.125984 1.000000
tan 0.515593 -0.853804 0.060636 1.000000
tan 0.992126 0.016244 0.133858 1.000000
tan -0.489119 -0.869862 -0.008556 1.000000
tan -0.992126 0.037200 -0.125984 1.000000
tan 0.518879 -0.854424 0.027156 1.000000
tan 0.992126 0.009796 0.125984 1.000000
tan -0.501209 -0.860996 -0.042904 1.000000
tan -0.984314 0.051708 -0.132804 1.000000
tan 0.523653 -0.847480 -0.006076 1.000000
tan 0.992126 -0.004960 0.125984 1.000000
tan -0.499473 -0.860500 -0.069936 1.000000
tan -0.984314 0.055800 -0.140616 1.000000
tan 0.530101 -0.837250 -0.044392 1.000000
tan 0.992126 -0.011594 0.133858 1.000000
tan -0.502325 -0.853990 -0.094488 1.000000
tan -0.976502 0.062186 -0.164052 1.000000
tan 0.984314 -0.016740 0.140616 1.000000
tan -0.505611 -0.858888 -0.071610 1.000000
tan -0.976502 0.051522 -0.187488 1.000000
tan -0.961002 0.035960 -0.224750 1.000000
tan 0.530225 -0.837994 -0.064232 1.000000
tan 0.976502 -0.013330 0.156240 1.000000
tan 0.976502 -0.019034 0.187488 1.000000
tan -0.486019 -0.858950 -0.133114 1.000000
tan -0.946804 0.016616 -0.279249 1.000000
tan 0.523405 -0.821377 -0.074648 1.000000
tan 0.968690 -0.017608 0.218736 1.000000
tan -0.466117 -0.857772 -0.153946 1.000000
tan -0.908612 -0.006138 -0.361957 1.000000
tan 0.946742 -0.021948 0.279187 1.000000
tan -0.438899 -0.849588 -0.196974 1.000000
tan -0.887346 0.001488 -0.416641 1.000000
tan -0.431955 -0.840784 -0.223944 1.000000
tan 0.540269 -0.820138 -0.055056 1.000000
tan 0.901048 -0.033976 0.384773 1.000000
tan 0.546841 -0.820014 -0.036704 1.000000
tan 0.871970 -0.018042 0.454957 1.000000
tan 0.960878 0.035340 0.234360 1.000000
tan 0.915494 0.064108 0.357431 1.000000
tan 0.319239 0.896212 0.183272 1.000000
tan 0.507719 0.839482 -0.078554 1.000000
tan 0.976502 0.023870 0.156240 1.000000
tan -0.598301 0.797383 0.004774 1.000000
tan 0.992126 0.016244 0.133858 1.000000
tan -0.488561 0.866824 -0.078926 1.000000
tan -0.923430 -0.000992 -0.333685 1.000000
tan -0.968690 -0.011098 -0.226548 1.000000
tan -0.992126 -0.020770 -0.149606 1.000000
tan 0.495257 0.864158 -0.021328 1.000000
tan 0.992126 0.009796 0.125984 1.000000
tan -0.499845 0.861678 -0.060388 1.000000
tan 0.504805 0.861740 0.009114 1.000000
tan 0.992126 -0.004960 0.125984 1.000000
tan -0.487383 0.869366 -0.022196 1.000000
tan -0.992126 0.014632 -0.125984 1.000000
tan 0.509083 0.860996 0.043152 1.000000
tan 0.992126 -0.010912 0.125984 1.000000
tan -0.484283 0.870110 0.012152 1.000000
tan -0.992126 0.037200 -0.125984 1.000000
tan 0.515717 0.852378 0.069936 1.000000
tan 0.984314 -0.016740 0.140616 1.000000
tan -0.484159 0.867444 0.057660 1.000000
tan -0.984314 0.051708 -0.132804 1.000000
tan 0.510137 0.846178 0.094116 1.000000
tan 0.976502 -0.014384 0.164052 1.000000
tan -0.984314 0.055800 -0.140616 1.000000
tan 0.514105 0.851510 0.075144 1.000000
tan 0.976502 -0.017918 0.179676 1.000000
tan 0.968690 -0.017608 0.218736 1.000000
tan -0.488809 0.847046 0.072912 1.000000
tan -0.976502 0.062186 -0.164052 1.000000
tan -0.976502 0.051522 -0.187488 1.000000
tan 0.494761 0.850642 0.132680 1.000000
tan 0.946742 -0.021948 0.279187 1.000000
tan -0.507781 0.829190 0.076012 1.000000
tan -0.961002 0.035960 -0.224750 1.000000
tan 0.482671 0.850642 0.158162 1.000000
tan 0.901048 -0.033976 0.384773 1.000000
tan -0.946804 0.016616 -0.279249 1.000000
tan 0.461529 0.836754 0.211730 1.000000
tan 0.871970 -0.016430 0.447269 1.000000
tan 0.419617 0.836382 0.253890 1.000000
tan -0.546841 0.820138 0.067208 1.000000
tan -0.908612 -0.006138 -0.361957 1.000000
tan -0.563767 0.808729 0.073284 1.000000
tan -0.887346 0.001488 -0.416641 1.000000
tan -0.876558 0.065348 -0.450493 1.000000
tan -0.843698 0.047120 -0.523405 1.000000
tan -0.526009 -0.834770 -0.108128 1.000000
tan -0.623721 -0.745241 -0.002480 1.000000
tan -0.903280 0.114948 -0.288425 1.000000
tan 0.410255 -0.841651 0.270755 1.000000
tan -0.929878 0.177692 -0.168702 1.000000
tan 0.368405 -0.853246 0.232377 1.000000
tan 0.812450 -0.012772 0.570277 1.000000
tan 0.859322 -0.016430 0.492157 1.000000
tan -0.692603 -0.586769 0.411867 1.000000
tan -0.897018 0.003038 -0.246512 1.000000
tan 0.240312 -0.884990 0.363073 1.000000
tan 0.908922 -0.052390 0.312295 1.000000
tan 0.923120 -0.259966 0.059520 1.000000
tan 0.233058 -0.568913 0.791866 1.000000
tan 0.853928 0.040858 0.360407 1.000000
tan -0.680947 -0.201252 0.688945 1.000000
tan -0.901420 -0.152086 -0.372435 1.000000
tan -0.861678 -0.205840 -0.458181 1.000000
tan 0.311365 -0.687333 0.624837 1.000000
tan 0.861678 0.201128 0.463265 1.000000
tan -0.657201 -0.469713 0.587265 1.000000
tan -0.828942 -0.168144 -0.453531 1.000000
tan 0.374543 -0.760989 0.491599 1.000000
tan 0.820386 0.171492 0.465745 1.000000
tan -0.616529 -0.636927 0.461777 1.000000
tan -0.831422 -0.125178 -0.433629 1.000000
tan -0.572633 -0.745737 0.331763 1.000000
tan -0.853742 -0.108996 -0.433381 1.000000
tan 0.435985 -0.797383 0.369397 1.000000
tan 0.825222 0.129580 0.448633 1.000000
tan -0.530659 -0.805195 0.220410 1.000000
tan -0.873334 -0.104036 -0.427181 1.000000
tan 0.472627 -0.806125 0.294067 1.000000
tan 0.853742 0.108996 0.433381 1.000000
tan -0.496373 -0.839110 0.130200 1.000000
tan -0.898382 -0.099262 -0.421849 1.000000
tan 0.509145 -0.808420 0.242235 1.000000
tan 0.873210 0.100564 0.427181 1.000000
tan -0.449005 -0.872218 0.032674 1.000000
tan -0.898382 -0.094860 -0.414037 1.000000
tan 0.542873 -0.802157 0.191456 1.000000
tan 0.898382 0.092132 0.421849 1.000000
tan -0.395251 -0.885300 -0.066402 1.000000
tan -0.891252 -0.098766 -0.410751 1.000000
tan 0.568913 -0.802653 0.137640 1.000000
tan 0.898382 0.094860 0.414037 1.000000
tan -0.333375 -0.893856 -0.169570 1.000000
tan -0.874698 -0.098332 -0.413293 1.000000
tan 0.597309 -0.787153 0.071238 1.000000
tan 0.899002 0.092690 0.410751 1.000000
tan -0.257921 -0.873210 -0.296856 1.000000
tan -0.834460 -0.089652 -0.432823 1.000000
tan 0.634137 -0.764585 -0.016368 1.000000
tan 0.867754 0.096658 0.402443 1.000000
tan -0.169384 -0.822804 -0.454399 1.000000
tan -0.817410 -0.044268 -0.497117 1.000000
tan 0.698989 -0.699919 -0.159774 1.000000
tan 0.831298 0.089032 0.424577 1.000000
tan -0.087048 -0.708351 -0.630913 1.000000
tan -0.821378 0.045384 -0.569161 1.000000
tan 0.761237 -0.538781 -0.319301 1.000000
tan 0.829066 0.044888 0.496807 1.000000
tan -0.002852 -0.517701 -0.814743 1.000000
tan 0.816542 -0.316821 -0.423523 1.000000
tan 0.820200 -0.067704 0.552421 1.000000
tan 0.688387 -0.240622 0.682621 1.000000
tan 0.758571 -0.500899 -0.339389 1.000000
tan 0.527621 -0.073780 0.775621 1.000000
tan -0.011036 -0.933102 0.326927 1.000000
tan -0.040672 -0.588257 -0.720379 1.000000
tan -0.324757 -0.821874 -0.449625 1.000000
tan -0.685473 0.135346 -0.685163 1.000000
tan -0.574369 0.239134 -0.727199 1.000000
tan 0.867134 -0.017112 0.492157 1.000000
tan 0.812450 -0.012772 0.570277 1.000000
tan 0.520739 0.825221 0.182342 1.000000
tan 0.596317 0.768181 -0.035588 1.000000
tan 0.916424 -0.060078 0.289789 1.000000
tan -0.373489 0.869366 -0.208320 1.000000
tan 0.922996 -0.195734 0.126666 1.000000
tan -0.383347 0.864406 -0.204414 1.000000
tan -0.843698 0.047120 -0.523405 1.000000
tan -0.876558 0.065348 -0.450493 1.000000
tan 0.655961 0.603633 -0.456197 1.000000
tan 0.853990 0.138508 0.332073 1.000000
tan -0.301321 0.877922 -0.357121 1.000000
tan -0.903280 0.114948 -0.288425 1.000000
tan -0.929878 0.177692 -0.168702 1.000000
tan -0.262137 0.533821 -0.808358 1.000000
tan -0.877736 0.012648 -0.284271 1.000000
tan 0.706057 0.183768 -0.660921 1.000000
tan 0.867072 0.195734 0.459359 1.000000
tan -0.237212 0.553661 -0.777047 1.000000
tan -0.901420 -0.152086 -0.372435 1.000000
tan 0.690805 0.467047 -0.548453 1.000000
tan 0.826834 0.161696 0.452849 1.000000
tan -0.259533 0.665757 -0.658069 1.000000
tan -0.861678 -0.205840 -0.458181 1.000000
tan 0.639221 0.636741 -0.433381 1.000000
tan 0.832290 0.122016 0.434497 1.000000
tan -0.346209 0.775373 -0.494141 1.000000
tan -0.828942 -0.168144 -0.453531 1.000000
tan 0.590737 0.743009 -0.309505 1.000000
tan 0.853742 0.106392 0.425941 1.000000
tan -0.410379 0.804575 -0.372311 1.000000
tan -0.831422 -0.125178 -0.433629 1.000000
tan 0.547957 0.802033 -0.203112 1.000000
tan 0.873210 0.098642 0.419555 1.000000
tan -0.454151 0.813379 -0.296113 1.000000
tan -0.853742 -0.108996 -0.433381 1.000000
tan 0.507595 0.842768 -0.117552 1.000000
tan 0.898382 0.092132 0.421849 1.000000
tan -0.492157 0.814309 -0.242917 1.000000
tan -0.873334 -0.104036 -0.427181 1.000000
tan 0.465373 0.853928 -0.016492 1.000000
tan 0.898382 0.095170 0.421849 1.000000
tan -0.519065 0.816913 -0.183706 1.000000
tan -0.898382 -0.099262 -0.421849 1.000000
tan 0.415525 0.871474 0.080104 1.000000
tan 0.891252 0.091078 0.418501 1.000000
tan -0.556265 0.809474 -0.123566 1.000000
tan -0.898382 -0.094860 -0.414037 1.000000
tan 0.364809 0.873272 0.168578 1.000000
tan 0.860252 0.091698 0.417447 1.000000
tan -0.575485 0.804327 -0.063364 1.000000
tan -0.891252 -0.098766 -0.410751 1.000000
tan 0.302251 0.866204 0.295182 1.000000
tan 0.824354 0.083886 0.431521 1.000000
tan -0.615289 0.784611 0.047244 1.000000
tan -0.874698 -0.098332 -0.413293 1.000000
tan 0.225680 0.815922 0.442681 1.000000
tan 0.829066 0.044888 0.496807 1.000000
tan -0.674809 0.710521 0.199020 1.000000
tan -0.834460 -0.089652 -0.432823 1.000000
tan 0.143964 0.722735 0.619877 1.000000
tan 0.830182 -0.053320 0.546841 1.000000
tan -0.740963 0.547151 0.369087 1.000000
tan -0.817410 -0.044268 -0.497117 1.000000
tan 0.079732 0.534937 0.812325 1.000000
tan 0.753922 -0.150040 0.635501 1.000000
tan -0.793664 0.322277 0.474363 1.000000
tan -0.821378 0.045384 -0.569161 1.000000
tan -0.071300 0.569595 0.738545 1.000000
tan 0.621179 -0.014322 0.708227 1.000000
tan 0.327733 0.891314 0.163680 1.000000
tan -0.757332 0.533015 0.195300 1.000000
tan -0.685473 0.135346 -0.685163 1.000000
tan -0.180048 0.894290 -0.405667 1.000000
tan -0.574369 0.239134 -0.727199 1.000000
tan -0.652179 0.120652 -0.724843 1.000000
tan -0.620001 -0.068324 -0.734267 1.000000
tan -0.324757 -0.821874 -0.449625 1.000000
tan -0.750139 -0.569471 -0.022196 1.000000
tan -0.011036 -0.933102 0.326927 1.000000
tan -0.673073 0.093496 -0.724781 1.000000
tan -0.167648 -0.476161 0.801538 1.000000
tan 0.688387 -0.099510 0.702089 1.000000
tan 0.713125 -0.069316 0.700973 1.000000
tan -0.787836 -0.501519 0.062682 1.000000
tan -0.607353 0.032612 -0.733089 1.000000
tan -0.237274 -0.447641 0.800484 1.000000
tan 0.659805 -0.136586 0.730795 1.000000
tan -0.619009 -0.695083 -0.100502 1.000000
tan -0.578089 0.009858 -0.736003 1.000000
tan -0.153760 -0.611073 0.727137 1.000000
tan 0.604873 -0.038316 0.733089 1.000000
tan -0.524893 -0.770909 -0.183024 1.000000
tan -0.575485 0.001302 -0.754975 1.000000
tan -0.063612 -0.712381 0.671461 1.000000
tan 0.584971 -0.015190 0.729121 1.000000
tan -0.435923 -0.813441 -0.247008 1.000000
tan -0.581933 -0.002356 -0.780953 1.000000
tan 0.022940 -0.779961 0.616901 1.000000
tan 0.575485 -0.001302 0.754975 1.000000
tan -0.359105 -0.836010 -0.313969 1.000000
tan -0.601525 -0.000558 -0.789013 1.000000
tan 0.103230 -0.817719 0.558559 1.000000
tan 0.581933 0.002356 0.780953 1.000000
tan -0.305661 -0.853122 -0.361771 1.000000
tan -0.590551 -0.006386 -0.811023 1.000000
tan 0.149854 -0.837497 0.527683 1.000000
tan 0.570277 0.005642 0.812449 1.000000
tan -0.220844 -0.861802 -0.434187 1.000000
tan -0.585901 -0.005208 -0.796825 1.000000
tan 0.232314 -0.854299 0.459421 1.000000
tan 0.590551 0.006324 0.803149 1.000000
tan -0.147622 -0.858516 -0.487073 1.000000
tan -0.586397 -0.005580 -0.787153 1.000000
tan 0.291091 -0.842520 0.408581 1.000000
tan 0.593713 0.005952 0.796825 1.000000
tan -0.075888 -0.831608 -0.543865 1.000000
tan -0.577407 -0.010540 -0.758199 1.000000
tan 0.351045 -0.832909 0.357741 1.000000
tan 0.586397 0.005580 0.787153 1.000000
tan 0.008432 -0.795400 -0.608221 1.000000
tan -0.578089 -0.018600 -0.737305 1.000000
tan 0.417943 -0.812511 0.296237 1.000000
tan 0.577407 0.010540 0.758199 1.000000
tan 0.089404 -0.727757 -0.656085 1.000000
tan -0.595449 -0.037696 -0.730361 1.000000
tan 0.491289 -0.774257 0.235849 1.000000
tan 0.585095 0.021514 0.737305 1.000000
tan 0.170004 -0.648707 -0.711079 1.000000
tan -0.621613 -0.063054 -0.714923 1.000000
tan 0.170748 -0.619381 -0.717589 1.000000
tan 0.575113 -0.731663 0.179242 1.000000
tan 0.595449 0.037696 0.730361 1.000000
tan 0.600595 -0.713497 0.138446 1.000000
tan 0.584041 0.026040 0.746233 1.000000
tan -0.180048 0.894290 -0.405667 1.000000
tan -0.620001 -0.068324 -0.734267 1.000000
tan -0.652179 0.120652 -0.724843 1.000000
tan 0.194246 0.471449 -0.796020 1.000000
tan 0.327733 0.891314 0.163680 1.000000
tan -0.673073 0.093496 -0.724781 1.000000
tan 0.811458 0.460289 -0.150288 1.000000
tan 0.598115 0.024800 0.783743 1.000000
tan 0.703949 -0.046872 0.714737 1.000000
tan 0.293819 0.443797 -0.799616 1.000000
tan 0.778474 0.531465 0.055552 1.000000
tan 0.669973 -0.149854 0.725711 1.000000
tan 0.604873 -0.038316 0.733089 1.000000
tan 0.618699 0.700725 0.138756 1.000000
tan 0.584971 -0.015190 0.729121 1.000000
tan 0.197284 0.602889 -0.732593 1.000000
tan -0.607353 0.032612 -0.733089 1.000000
tan 0.519065 0.761113 0.213404 1.000000
tan 0.575485 -0.003038 0.747659 1.000000
tan 0.101246 0.704321 -0.673941 1.000000
tan -0.578089 0.009858 -0.736003 1.000000
tan 0.436357 0.805257 0.276892 1.000000
tan 0.581933 0.002356 0.780953 1.000000
tan 0.019096 0.780209 -0.616529 1.000000
tan -0.575485 0.001302 -0.754975 1.000000
tan 0.361957 0.834150 0.335669 1.000000
tan 0.570277 0.005642 0.812449 1.000000
tan -0.076260 0.829561 -0.558187 1.000000
tan -0.581933 -0.002356 -0.780953 1.000000
tan 0.280923 0.845062 0.406349 1.000000
tan 0.590551 0.006324 0.803149 1.000000
tan -0.169384 0.858516 -0.482733 1.000000
tan -0.601525 -0.000558 -0.789013 1.000000
tan 0.231694 0.849712 0.444417 1.000000
tan 0.593713 0.005952 0.796825 1.000000
tan -0.221030 0.860872 -0.445471 1.000000
tan -0.590551 -0.006386 -0.811023 1.000000
tan 0.174592 0.844566 0.497985 1.000000
tan 0.586397 0.006634 0.779465 1.000000
tan -0.278691 0.854858 -0.390105 1.000000
tan -0.585901 -0.005208 -0.796825 1.000000
tan 0.104780 0.830182 0.552917 1.000000
tan 0.577407 0.010540 0.758199 1.000000
tan -0.345279 0.838242 -0.334925 1.000000
tan -0.586397 -0.005580 -0.787153 1.000000
tan 0.024180 0.790006 0.605245 1.000000
tan 0.585095 0.021514 0.737305 1.000000
tan -0.425259 0.818773 -0.273483 1.000000
tan -0.577407 -0.010540 -0.758199 1.000000
tan -0.055428 0.734082 0.658813 1.000000
tan 0.595449 0.037696 0.730361 1.000000
tan -0.498109 0.784425 -0.212350 1.000000
tan -0.578089 -0.018600 -0.737305 1.000000
tan -0.139686 0.648893 0.709281 1.000000
tan 0.584041 0.026040 0.746233 1.000000
tan -0.205716 0.579577 0.738297 1.000000
tan -0.581313 0.725277 -0.143344 1.000000
tan -0.595449 -0.037696 -0.730361 1.000000
tan -0.638167 0.681257 -0.111786 1.000000
tan -0.621613 -0.063054 -0.714923 1.000000
tan -0.744001 0.455329 0.474177 1.000000
tan -0.762788 0.441131 0.454089 1.000000
tan -0.425941 -0.546655 0.697935 1.000000
tan -0.440573 -0.597929 0.648211 1.000000
tan 0.646785 -0.393453 0.655093 1.000000
tan -0.706119 0.464381 0.531651 1.000000
tan 0.641081 -0.435365 0.624589 1.000000
tan 0.790936 -0.408271 -0.433009 1.000000
tan 0.763222 -0.435861 -0.480191 1.000000
tan -0.507037 -0.658999 0.544609 1.000000
tan -0.680389 0.439519 0.563023 1.000000
tan 0.609523 -0.536301 0.573997 1.000000
tan 0.712443 -0.448881 -0.535123 1.000000
tan -0.564015 -0.685225 0.454709 1.000000
tan -0.698741 0.398661 0.560791 1.000000
tan 0.558745 -0.660115 0.499225 1.000000
tan 0.684667 -0.424267 -0.558745 1.000000
tan -0.616715 -0.677165 0.392585 1.000000
tan -0.740963 0.368405 0.546655 1.000000
tan 0.477773 -0.785169 0.378821 1.000000
tan 0.699857 -0.381797 -0.568541 1.000000
tan -0.649079 -0.665261 0.365801 1.000000
tan -0.777420 0.357989 0.510013 1.000000
tan 0.360159 -0.885486 0.211483 1.000000
tan 0.740653 -0.351107 -0.547275 1.000000
tan -0.662409 -0.651869 0.363073 1.000000
tan -0.795586 0.357803 0.480997 1.000000
tan 0.235786 -0.946804 0.022010 1.000000
tan 0.783930 -0.340505 -0.514477 1.000000
tan -0.646289 -0.646723 0.384091 1.000000
tan -0.791060 0.375411 0.455019 1.000000
tan -0.782752 0.395437 0.447331 1.000000
tan 0.105276 -0.933102 -0.169260 1.000000
tan 0.802468 -0.347015 -0.484903 1.000000
tan -0.677289 -0.650753 0.334305 1.000000
tan -0.764152 0.455267 0.334739 1.000000
tan -0.018538 -0.877984 -0.346519 1.000000
tan 0.798686 -0.360965 -0.458429 1.000000
tan -0.564635 -0.691797 0.375845 1.000000
tan -0.712505 0.413665 0.544919 1.000000
tan -0.105028 -0.803336 -0.477401 1.000000
tan 0.782814 -0.384897 -0.442557 1.000000
tan -0.804638 -0.513113 0.100688 1.000000
tan -0.864344 0.428421 0.245768 1.000000
tan -0.826710 -0.506417 0.221960 1.000000
tan -0.276335 -0.566557 -0.699671 1.000000
tan 0.757207 -0.490607 -0.326493 1.000000
tan -0.272429 -0.556141 -0.739909 1.000000
tan -0.165168 -0.927894 -0.202864 1.000000
tan 0.706491 -0.375969 -0.577221 1.000000
tan 0.715543 -0.675181 -0.179304 1.000000
tan 0.774320 -0.429103 -0.475851 1.000000
tan 0.803336 -0.395871 -0.425321 1.000000
tan 0.438341 0.574369 -0.667121 1.000000
tan 0.469031 0.601649 -0.631037 1.000000
tan -0.643933 0.421477 -0.647653 1.000000
tan 0.707111 -0.448881 -0.534751 1.000000
tan -0.615041 0.450369 -0.638849 1.000000
tan -0.762788 0.441131 0.454089 1.000000
tan -0.744001 0.455329 0.474177 1.000000
tan 0.536797 0.646785 -0.538409 1.000000
tan 0.684667 -0.424267 -0.558745 1.000000
tan -0.582863 0.545601 -0.603695 1.000000
tan -0.706119 0.464381 0.531651 1.000000
tan 0.594147 0.665261 -0.454213 1.000000
tan 0.703639 -0.381797 -0.567859 1.000000
tan -0.525017 0.662409 -0.525513 1.000000
tan -0.680389 0.439519 0.563023 1.000000
tan 0.638229 0.655837 -0.389237 1.000000
tan 0.740653 -0.348255 -0.540083 1.000000
tan -0.439953 0.792361 -0.406721 1.000000
tan -0.698741 0.398661 0.560791 1.000000
tan 0.675057 0.643189 -0.374419 1.000000
tan 0.776552 -0.340381 -0.521855 1.000000
tan -0.319921 0.896398 -0.235043 1.000000
tan -0.740963 0.368405 0.546655 1.000000
tan 0.677785 0.621799 -0.379255 1.000000
tan 0.802468 -0.347883 -0.492281 1.000000
tan -0.191146 0.945440 -0.040300 1.000000
tan -0.777420 0.357989 0.510013 1.000000
tan 0.655961 0.626387 -0.413727 1.000000
tan 0.805878 -0.364313 -0.451237 1.000000
tan 0.782814 -0.384897 -0.442557 1.000000
tan 0.097836 0.826028 0.328849 1.000000
tan -0.795586 0.357803 0.480997 1.000000
tan -0.791060 0.375411 0.455019 1.000000
tan 0.682869 0.633331 -0.367165 1.000000
tan 0.760431 -0.444107 -0.333561 1.000000
tan 0.155992 0.796578 0.484841 1.000000
tan -0.782752 0.395437 0.447331 1.000000
tan 0.522165 0.705127 -0.440511 1.000000
tan 0.696261 -0.352347 -0.603199 1.000000
tan 0.304607 0.562279 0.685349 1.000000
tan -0.766136 0.512307 0.299957 1.000000
tan 0.755533 0.565751 -0.186372 1.000000
tan 0.708909 -0.671151 -0.207266 1.000000
tan 0.763966 0.615289 -0.154876 1.000000
tan 0.291339 0.585405 0.711079 1.000000
tan -0.712505 0.413665 0.544919 1.000000
tan -0.167710 0.925104 0.208196 1.000000
tan -0.864344 0.428421 0.245768 1.000000
tan -0.864964 0.451423 0.049414 1.000000
tan -0.864344 0.428421 0.245768 1.000000
tan -0.826710 -0.506417 0.221960 1.000000
tan -0.806312 -0.551181 0.170004 1.000000
tan -0.165168 -0.927894 -0.202864 1.000000
tan -0.867444 0.451671 0.053506 1.000000
tan 0.107322 -0.906752 0.372001 1.000000
tan 0.715543 -0.675181 -0.179304 1.000000
tan 0.871474 -0.451609 -0.042904 1.000000
tan -0.802406 -0.555769 0.146196 1.000000
tan -0.877426 0.452477 0.051026 1.000000
tan 0.100068 -0.937442 0.335917 1.000000
tan 0.867444 -0.441193 -0.047740 1.000000
tan -0.815054 -0.557257 0.126604 1.000000
tan -0.875194 0.445657 0.055056 1.000000
tan 0.098456 -0.953066 0.281233 1.000000
tan 0.877426 -0.444665 -0.051708 1.000000
tan -0.814558 -0.553537 0.102114 1.000000
tan -0.883006 0.447393 0.059334 1.000000
tan 0.090272 -0.968690 0.226549 1.000000
tan 0.883006 -0.445657 -0.055800 1.000000
tan -0.828012 -0.555335 0.047864 1.000000
tan -0.883130 0.459979 0.058962 1.000000
tan 0.083390 -0.976502 0.179676 1.000000
tan 0.883006 -0.439581 -0.059644 1.000000
tan 0.883068 -0.451547 -0.059024 1.000000
tan 0.077252 -0.984314 0.132804 1.000000
tan 0.063984 -0.992126 0.085932 1.000000
tan 0.897638 -0.430653 -0.056544 1.000000
tan -0.834708 -0.558683 0.043834 1.000000
tan -0.891376 0.449005 0.063116 1.000000
tan 0.055118 -0.992126 0.000000 1.000000
tan 0.897638 -0.443425 -0.070680 1.000000
tan 0.889826 -0.448199 -0.073594 1.000000
tan -0.834646 -0.553785 0.039432 1.000000
tan -0.890322 0.454399 0.066526 1.000000
tan -0.889764 0.451299 0.070060 1.000000
tan 0.048422 -0.992126 -0.070308 1.000000
tan 0.890384 -0.446029 -0.070122 1.000000
tan 0.892244 -0.451113 -0.077438 1.000000
tan -0.827702 -0.548887 0.034782 1.000000
tan -0.889826 0.456073 0.073656 1.000000
tan -0.890694 0.453903 0.073842 1.000000
tan 0.050902 -0.984314 -0.132804 1.000000
tan 0.886850 -0.447765 -0.080476 1.000000
tan -0.831236 -0.545849 0.032922 1.000000
tan -0.884370 0.451113 0.076880 1.000000
tan 0.047740 -0.976502 -0.179676 1.000000
tan 0.876248 -0.449191 -0.087544 1.000000
tan -0.879596 0.456197 0.083886 1.000000
tan 0.043524 -0.968690 -0.226548 1.000000
tan 0.867630 -0.446401 -0.097402 1.000000
tan -0.813690 -0.542315 0.023498 1.000000
tan -0.869738 0.449191 0.090644 1.000000
tan 0.040982 -0.953066 -0.273420 1.000000
tan 0.864530 -0.448261 -0.118420 1.000000
tan -0.867630 0.454213 0.098022 1.000000
tan 0.037696 -0.929630 -0.335917 1.000000
tan -0.819332 -0.542687 -0.027838 1.000000
tan -0.858764 0.458119 0.115878 1.000000
tan -0.858144 0.457065 0.145886 1.000000
tan -0.823796 -0.542563 -0.060946 1.000000
tan -0.898878 0.418129 0.113646 1.000000
tan -0.847418 -0.509517 0.082026 1.000000
tan 0.041168 -0.898382 -0.414037 1.000000
tan -0.069998 -0.976502 -0.100750 1.000000
tan 0.856904 -0.438341 -0.145700 1.000000
tan 0.859508 -0.491289 -0.107198 1.000000
tan 0.871474 -0.448571 -0.036394 1.000000
tan 0.708909 -0.671151 -0.207266 1.000000
tan 0.763966 0.615289 -0.154876 1.000000
tan 0.804452 0.545291 -0.158038 1.000000
tan -0.167710 0.925104 0.208196 1.000000
tan 0.867444 -0.441193 -0.047740 1.000000
tan -0.091946 0.921818 -0.367165 1.000000
tan -0.864344 0.428421 0.245768 1.000000
tan -0.864964 0.451423 0.049414 1.000000
tan 0.810156 0.540269 -0.144770 1.000000
tan 0.877426 -0.444665 -0.051708 1.000000
tan -0.081468 0.937442 -0.328105 1.000000
tan -0.867444 0.451671 0.053506 1.000000
tan 0.814558 0.548825 -0.121272 1.000000
tan 0.883006 -0.445657 -0.055800 1.000000
tan -0.081096 0.953066 -0.281233 1.000000
tan -0.877426 0.452477 0.051026 1.000000
tan 0.822370 0.544733 -0.108500 1.000000
tan 0.883006 -0.439581 -0.059644 1.000000
tan -0.073098 0.968690 -0.226549 1.000000
tan -0.875194 0.445657 0.055056 1.000000
tan 0.828012 0.555335 -0.047864 1.000000
tan 0.890942 -0.443673 -0.059644 1.000000
tan -0.066464 0.976502 -0.179676 1.000000
tan -0.883006 0.447393 0.059334 1.000000
tan -0.890942 0.443673 0.059644 1.000000
tan -0.069440 0.984314 -0.132804 1.000000
tan -0.056110 0.992126 -0.085932 1.000000
tan -0.891376 0.449005 0.063116 1.000000
tan -0.890322 0.454399 0.066526 1.000000
tan 0.834708 0.550809 -0.043772 1.000000
tan 0.897638 -0.439767 -0.063612 1.000000
tan -0.047988 0.992126 -0.007812 1.000000
tan -0.889764 0.451299 0.070060 1.000000
tan -0.889826 0.456073 0.073656 1.000000
tan 0.834646 0.545539 -0.039432 1.000000
tan 0.897638 -0.443177 -0.063612 1.000000
tan -0.039804 0.992126 0.078120 1.000000
tan -0.890694 0.453903 0.073842 1.000000
tan -0.884370 0.451113 0.076880 1.000000
tan 0.835576 0.541013 -0.035216 1.000000
tan 0.889826 -0.448261 -0.066588 1.000000
tan 0.890384 -0.445719 -0.077128 1.000000
tan -0.043090 0.984314 0.132804 1.000000
tan -0.879596 0.456197 0.083886 1.000000
tan 0.831236 0.537975 -0.033108 1.000000
tan 0.892244 -0.450493 -0.084444 1.000000
tan -0.032240 0.976502 0.179676 1.000000
tan -0.869738 0.449191 0.090644 1.000000
tan 0.886850 -0.447765 -0.080476 1.000000
tan -0.028148 0.968690 0.226548 1.000000
tan -0.867630 0.454213 0.098022 1.000000
tan 0.821564 0.542315 -0.023932 1.000000
tan 0.876248 -0.449191 -0.087544 1.000000
tan -0.023684 0.953066 0.273420 1.000000
tan -0.858764 0.458119 0.115878 1.000000
tan 0.867630 -0.446401 -0.097402 1.000000
tan -0.020274 0.937008 0.338583 1.000000
tan 0.824478 0.534937 0.021948 1.000000
tan 0.864530 -0.448261 -0.118420 1.000000
tan 0.856904 -0.438341 -0.145700 1.000000
tan 0.831422 0.527311 0.056730 1.000000
tan 0.859508 -0.491351 -0.100378 1.000000
tan 0.757766 0.647095 -0.035340 1.000000
tan -0.006076 0.905512 0.417323 1.000000
tan -0.158968 0.969682 0.101308 1.000000
tan -0.858144 0.457065 0.145886 1.000000
tan -0.898878 0.418129 0.113646 1.000000
tan -0.867320 0.430343 0.122698 1.000000
tan -0.898878 0.418129 0.113646 1.000000
tan -0.847418 -0.509517 0.082026 1.000000
tan -0.797694 -0.572261 0.101432 1.000000
tan -0.874264 0.438279 0.115320 1.000000
tan -0.069998 -0.976502 -0.100750 1.000000
tan -0.874698 0.444231 0.125736 1.000000
tan 0.163184 -0.899870 0.350797 1.000000
tan 0.859508 -0.491289 -0.107198 1.000000
tan 0.867320 -0.438031 -0.122016 1.000000
tan 0.881456 -0.426871 -0.110298 1.000000
tan -0.805940 -0.575299 0.127906 1.000000
tan -0.890570 0.443797 0.134292 1.000000
tan 0.124248 -0.962490 0.160704 1.000000
tan 0.882448 -0.419307 -0.120714 1.000000
tan -0.811768 -0.573377 0.107632 1.000000
tan -0.883316 0.449563 0.143902 1.000000
tan 0.097340 -0.977804 0.014632 1.000000
tan 0.898382 -0.428173 -0.135470 1.000000
tan -0.820510 -0.568045 0.094674 1.000000
tan -0.866762 0.447331 0.156798 1.000000
tan 0.071920 -0.970054 -0.123752 1.000000
tan 0.884060 -0.430467 -0.144708 1.000000
tan -0.818030 -0.555087 0.071052 1.000000
tan -0.863662 0.441441 0.163060 1.000000
tan -0.821812 -0.555831 0.064790 1.000000
tan 0.041602 -0.954616 -0.240932 1.000000
tan 0.874512 -0.438651 -0.164486 1.000000
tan 0.017608 -0.946866 -0.287308 1.000000
tan 0.863662 -0.440201 -0.169880 1.000000
tan 0.876744 -0.435737 -0.105462 1.000000
tan 0.859508 -0.491351 -0.100378 1.000000
tan 0.757766 0.647095 -0.035340 1.000000
tan 0.805506 0.548825 -0.100812 1.000000
tan 0.881456 -0.429227 -0.117180 1.000000
tan -0.158968 0.969682 0.101308 1.000000
tan 0.882448 -0.420981 -0.127720 1.000000
tan -0.117800 0.907496 -0.343171 1.000000
tan -0.898878 0.418129 0.113646 1.000000
tan -0.867320 0.430343 0.122698 1.000000
tan -0.874264 0.438279 0.115320 1.000000
tan 0.821750 0.558745 -0.124434 1.000000
tan 0.898382 -0.428173 -0.135470 1.000000
tan -0.082770 0.970178 -0.154566 1.000000
tan -0.874698 0.444231 0.125736 1.000000
tan 0.827392 0.549941 -0.109430 1.000000
tan 0.884060 -0.430467 -0.144708 1.000000
tan -0.051522 0.985678 -0.022878 1.000000
tan -0.890570 0.443797 0.134292 1.000000
tan 0.828322 0.552421 -0.096410 1.000000
tan 0.874512 -0.438651 -0.164486 1.000000
tan -0.024056 0.977928 0.124372 1.000000
tan -0.883316 0.449563 0.143902 1.000000
tan 0.823486 0.551925 -0.089776 1.000000
tan 0.863662 -0.438961 -0.176700 1.000000
tan 0.812946 0.557009 -0.081344 1.000000
tan -0.011036 0.962428 0.232934 1.000000
tan -0.866762 0.447331 0.156798 1.000000
tan -0.021700 0.946866 0.264058 1.000000
tan -0.863662 0.441441 0.163060 1.000000
tan 0.180668 -0.185938 -0.956476 1.000000
tan 0.263501 -0.179428 -0.945502 1.000000
tan -0.022940 -0.902102 -0.347511 1.000000
tan -0.147808 -0.906442 -0.366421 1.000000
tan -0.083080 -0.725401 0.658441 1.000000
tan 0.161076 -0.208197 -0.924670 1.000000
tan -0.135036 -0.760245 0.637113 1.000000
tan -0.315209 0.210863 0.922562 1.000000
tan -0.186372 0.212351 0.948850 1.000000
tan -0.224874 -0.892244 -0.366483 1.000000
tan 0.376279 -0.334739 -0.798809 1.000000
tan -0.095728 -0.772149 0.625829 1.000000
tan -0.132804 0.191952 0.929630 1.000000
tan -0.453841 -0.755905 -0.437473 1.000000
tan 0.321657 -0.570153 -0.733709 1.000000
tan -0.214830 -0.798127 0.560729 1.000000
tan -0.349309 0.281047 0.810961 1.000000
tan -0.640027 -0.375163 -0.675181 1.000000
tan 0.335049 -0.597433 -0.735135 1.000000
tan -0.835638 -0.373365 0.309629 1.000000
tan -0.439829 0.520181 0.713187 1.000000
tan -0.644615 -0.478517 -0.597495 1.000000
tan -0.973340 0.154504 0.072416 1.000000
tan -0.374481 0.587761 0.722673 1.000000
tan -0.656767 -0.588505 -0.474673 1.000000
tan 0.321781 -0.708785 -0.630789 1.000000
tan 0.318681 -0.790378 -0.518941 1.000000
tan -0.969558 0.201004 0.020088 1.000000
tan -0.372311 0.697253 0.619939 1.000000
tan -0.347077 0.783930 0.514415 1.000000
tan -0.650443 -0.720255 -0.186248 1.000000
tan 0.305165 -0.864158 -0.403125 1.000000
tan 0.304917 -0.916362 -0.267902 1.000000
tan -0.885362 0.224316 -0.071858 1.000000
tan -0.349247 0.850084 0.388741 1.000000
tan -0.336227 0.901296 0.255812 1.000000
tan -0.671771 -0.724781 -0.149482 1.000000
tan -0.960630 0.200260 -0.052948 1.000000
tan -0.332941 0.930374 0.122884 1.000000
tan -0.322463 0.945254 -0.009982 1.000000
tan -0.682125 -0.730795 -0.073656 1.000000
tan 0.286069 -0.945998 -0.125364 1.000000
tan 0.290967 -0.953128 0.009796 1.000000
tan -0.677165 -0.733213 -0.015996 1.000000
tan -0.976378 0.201004 -0.038440 1.000000
tan -0.321347 0.937380 -0.129022 1.000000
tan -0.308947 0.922748 -0.232563 1.000000
tan -0.678715 -0.725587 0.040362 1.000000
tan 0.281233 -0.953066 0.128588 1.000000
tan 0.284147 -0.930374 0.234485 1.000000
tan -0.923864 0.204848 -0.045260 1.000000
tan -0.310373 0.892740 -0.330089 1.000000
tan -0.295121 0.855230 -0.412611 1.000000
tan -0.681505 -0.708289 0.167648 1.000000
tan 0.275405 -0.900118 0.332817 1.000000
tan 0.277575 -0.862298 0.416021 1.000000
tan -0.878170 0.203484 -0.059582 1.000000
tan -0.310125 0.825221 -0.480129 1.000000
tan -0.670035 -0.687395 0.229277 1.000000
tan 0.276397 -0.824477 0.499225 1.000000
tan -0.900242 0.191828 -0.096162 1.000000
tan -0.303925 0.757703 -0.577655 1.000000
tan -0.678715 -0.619567 0.378077 1.000000
tan 0.275405 -0.741273 0.605121 1.000000
tan 0.278071 -0.695889 0.658069 1.000000
tan -0.971728 0.170748 -0.162068 1.000000
tan -0.289169 0.695889 -0.658069 1.000000
tan -0.688077 -0.517205 0.503813 1.000000
tan 0.284209 -0.726145 0.627813 1.000000
tan -0.962118 0.111910 -0.222394 1.000000
tan -0.278877 0.673197 -0.688325 1.000000
tan -0.678839 -0.566619 0.465001 1.000000
tan 0.329903 -0.840722 0.424081 1.000000
tan -0.928514 0.223324 -0.095356 1.000000
tan -0.228904 0.845682 -0.492033 1.000000
tan -0.642631 -0.701593 0.282845 1.000000
tan 0.370203 -0.929134 0.014632 1.000000
tan -0.614173 -0.787401 0.017236 1.000000
tan -0.960630 0.275777 0.022692 1.000000
tan -0.181040 0.984252 0.007750 1.000000
tan -0.193936 0.212661 0.941286 1.000000
tan -0.190650 0.251101 0.953252 1.000000
tan 0.017112 0.918098 0.290532 1.000000
tan 0.144212 0.921694 0.332259 1.000000
tan 0.068138 0.717341 -0.671089 1.000000
tan -0.147622 0.193130 0.932296 1.000000
tan 0.128836 0.751813 -0.645979 1.000000
tan 0.246016 -0.198276 -0.945626 1.000000
tan 0.180668 -0.185938 -0.956476 1.000000
tan 0.248744 0.892554 0.354021 1.000000
tan -0.230330 0.248001 0.866638 1.000000
tan 0.106020 0.763531 -0.635191 1.000000
tan 0.169694 -0.188790 -0.922252 1.000000
tan 0.513919 0.737801 0.411929 1.000000
tan -0.434869 0.505301 0.730547 1.000000
tan 0.232500 0.755533 -0.610825 1.000000
tan 0.428297 -0.367909 -0.762167 1.000000
tan 0.730113 0.343729 0.588629 1.000000
tan -0.372001 0.587761 0.715357 1.000000
tan 0.851262 0.209560 -0.483477 1.000000
tan 0.321657 -0.570153 -0.733709 1.000000
tan 0.622419 0.492715 0.605617 1.000000
tan -0.372311 0.697253 0.619939 1.000000
tan 0.974270 -0.151404 -0.085374 1.000000
tan 0.335049 -0.597433 -0.735135 1.000000
tan 0.321781 -0.708785 -0.630789 1.000000
tan 0.969558 -0.207390 -0.024614 1.000000
tan 0.623659 0.611011 0.484345 1.000000
tan 0.879534 -0.243040 0.076508 1.000000
tan 0.318681 -0.790378 -0.518941 1.000000
tan 0.305165 -0.864158 -0.403125 1.000000
tan 0.634261 0.679149 0.365429 1.000000
tan -0.347077 0.783930 0.514415 1.000000
tan -0.349247 0.850084 0.388741 1.000000
tan 0.634261 0.723541 0.263066 1.000000
tan 0.952756 -0.210304 0.052514 1.000000
tan 0.304917 -0.916362 -0.267902 1.000000
tan 0.286069 -0.945998 -0.125364 1.000000
tan 0.648273 0.748217 0.159216 1.000000
tan -0.336227 0.901296 0.255812 1.000000
tan -0.332941 0.930374 0.122884 1.000000
tan 0.645359 0.756463 0.081406 1.000000
tan 0.976378 -0.217992 0.038440 1.000000
tan 0.290967 -0.953128 0.009796 1.000000
tan 0.281233 -0.953066 0.128588 1.000000
tan 0.656643 0.756525 -0.024614 1.000000
tan -0.322463 0.945254 -0.009982 1.000000
tan -0.321285 0.937380 -0.121582 1.000000
tan 0.931490 -0.216566 0.038378 1.000000
tan 0.284147 -0.930374 0.234485 1.000000
tan 0.275405 -0.900118 0.332817 1.000000
tan 0.660301 0.736189 -0.105772 1.000000
tan -0.308947 0.922748 -0.232563 1.000000
tan -0.310373 0.892740 -0.330089 1.000000
tan 0.880898 -0.204228 0.058156 1.000000
tan 0.277575 -0.862298 0.416021 1.000000
tan 0.263191 -0.823609 0.510943 1.000000
tan 0.664269 0.700415 -0.226053 1.000000
tan -0.297291 0.862732 -0.412611 1.000000
tan -0.319859 0.810961 -0.483601 1.000000
tan 0.901792 -0.196664 0.102486 1.000000
tan 0.259285 -0.756401 0.589993 1.000000
tan 0.676297 0.649079 -0.341683 1.000000
tan -0.299399 0.742699 -0.600161 1.000000
tan 0.966086 -0.153264 0.178994 1.000000
tan 0.278071 -0.695889 0.658069 1.000000
tan 0.682683 0.528551 -0.492405 1.000000
tan -0.289169 0.695889 -0.658069 1.000000
tan -0.262447 0.693967 -0.678715 1.000000
tan 0.932792 -0.260401 0.046500 1.000000
tan 0.296423 -0.727695 0.615165 1.000000
tan 0.698741 0.526629 -0.489243 1.000000
tan -0.228098 0.845682 -0.484345 1.000000
tan 0.329903 -0.840722 0.424081 1.000000
tan 0.708413 0.645607 -0.275901 1.000000
tan -0.181102 0.984252 -0.000000 1.000000
tan 0.724409 0.692913 -0.000000 1.000000
tan 0.976378 -0.212598 0.000000 1.000000
tan 0.370203 -0.929134 0.014632 1.000000
tan 0.283589 -0.900118 -0.332817 1.000000
tan 0.370203 -0.929134 0.014632 1.000000
tan -0.614173 -0.787401 0.017236 1.000000
tan -0.658937 -0.712257 -0.144460 1.000000
tan -0.960630 0.275777 0.022692 1.000000
tan 0.268957 -0.877426 -0.385765 1.000000
tan -0.883564 0.199454 0.099076 1.000000
tan -0.181040 0.984252 0.007750 1.000000
tan -0.265609 0.877426 0.393329 1.000000
tan -0.684295 -0.690309 -0.205530 1.000000
tan 0.262571 -0.900118 -0.332817 1.000000
tan -0.925538 0.220038 0.079360 1.000000
tan -0.286503 0.877426 0.385765 1.000000
tan -0.684977 -0.708103 -0.161758 1.000000
tan 0.268337 -0.922810 -0.272304 1.000000
tan -0.925662 0.217992 0.061380 1.000000
tan -0.288673 0.907682 0.317688 1.000000
tan -0.680141 -0.718581 -0.121644 1.000000
tan -0.937008 0.226610 0.036890 1.000000
tan -0.285325 0.922810 0.264740 1.000000
tan -0.283713 0.937938 0.211792 1.000000
tan -0.287991 0.937752 0.150040 1.000000
tan -0.676297 -0.725897 -0.051832 1.000000
tan 0.276273 -0.937938 -0.219356 1.000000
tan 0.267221 -0.945502 -0.151280 1.000000
tan -0.960630 0.223882 0.030256 1.000000
tan -0.289975 0.953066 0.113460 1.000000
tan -0.683489 -0.725463 -0.028892 1.000000
tan 0.282163 -0.953066 -0.113460 1.000000
tan -0.968504 0.225618 0.030504 1.000000
tan -0.283465 0.960630 0.068076 1.000000
tan -0.679893 -0.725091 -0.017484 1.000000
tan 0.298655 -0.952756 -0.067518 1.000000
tan -0.976378 0.227602 0.023064 1.000000
tan -0.298903 0.952756 0.037510 1.000000
tan -0.291215 0.952756 0.007502 1.000000
tan -0.299957 0.952756 -0.030008 1.000000
tan -0.685349 -0.724719 -0.000310 1.000000
tan 0.283093 -0.960630 -0.045384 1.000000
tan 0.283341 -0.960630 -0.007564 1.000000
tan -0.976378 0.229090 0.015376 1.000000
tan -0.293323 0.952756 -0.060016 1.000000
tan -0.685163 -0.724347 0.016802 1.000000
tan 0.268957 -0.960630 0.037820 1.000000
tan -0.300577 0.945254 -0.090024 1.000000
tan -0.679149 -0.732283 0.023064 1.000000
tan 0.277451 -0.953066 0.098332 1.000000
tan 0.281667 -0.953066 0.143716 1.000000
tan -0.968504 0.229338 0.007626 1.000000
tan -0.296857 0.945254 -0.135036 1.000000
tan -0.298965 0.930250 -0.195052 1.000000
tan -0.672887 -0.726517 0.063426 1.000000
tan 0.274785 -0.937938 0.204229 1.000000
tan -0.950090 0.228346 -0.005394 1.000000
tan -0.306591 0.907744 -0.292579 1.000000
tan -0.676235 -0.726517 0.098022 1.000000
tan 0.267345 -0.915246 0.302561 1.000000
tan -0.310993 0.862422 -0.391965 1.000000
tan -0.916734 0.124000 -0.175646 1.000000
tan -0.678963 -0.714985 0.155682 1.000000
tan 0.277513 -0.884804 0.372931 1.000000
tan -0.650071 -0.724471 0.198772 1.000000
tan -0.941596 0.228346 -0.014384 1.000000
tan -0.265609 0.877426 0.393329 1.000000
tan -0.181102 0.984252 -0.000000 1.000000
tan 0.724409 0.692913 -0.000000 1.000000
tan 0.678715 0.693967 0.169260 1.000000
tan 0.976378 -0.212598 0.000000 1.000000
tan -0.287185 0.877426 0.393329 1.000000
tan 0.890446 -0.247380 -0.002728 1.000000
tan 0.370203 -0.929134 0.014632 1.000000
tan 0.301073 -0.892740 -0.330089 1.000000
tan 0.672081 0.699361 0.216318 1.000000
tan -0.289169 0.907682 0.325253 1.000000
tan 0.925538 -0.223200 -0.072416 1.000000
tan 0.268957 -0.877426 -0.385765 1.000000
tan 0.669725 0.715729 0.164052 1.000000
tan -0.285325 0.922810 0.264740 1.000000
tan 0.925042 -0.226176 -0.062000 1.000000
tan 0.262571 -0.900118 -0.332817 1.000000
tan 0.670903 0.726145 0.123318 1.000000
tan -0.283961 0.937938 0.219356 1.000000
tan 0.937008 -0.234484 -0.036890 1.000000
tan 0.268337 -0.922810 -0.272304 1.000000
tan 0.276273 -0.937938 -0.219356 1.000000
tan 0.258231 -0.953252 -0.152520 1.000000
tan 0.667803 0.733709 0.052514 1.000000
tan -0.314837 0.945254 0.142538 1.000000
tan 0.963110 -0.231260 -0.033976 1.000000
tan 0.282163 -0.953066 -0.113460 1.000000
tan 0.669601 0.728749 0.058776 1.000000
tan -0.289975 0.953066 0.113460 1.000000
tan 0.968504 -0.233244 -0.030504 1.000000
tan 0.275591 -0.960630 -0.075640 1.000000
tan 0.680141 0.733027 0.017732 1.000000
tan -0.298593 0.952756 0.075020 1.000000
tan 0.976378 -0.227602 -0.023064 1.000000
tan 0.283093 -0.960630 -0.045384 1.000000
tan 0.283341 -0.960630 -0.007564 1.000000
tan 0.316201 -0.944882 0.037200 1.000000
tan 0.677537 0.732283 0.005766 1.000000
tan -0.298841 0.952756 0.045012 1.000000
tan -0.291215 0.952756 0.007502 1.000000
tan 0.968504 -0.229090 -0.015252 1.000000
tan 0.677413 0.732283 -0.011532 1.000000
tan -0.299957 0.952756 -0.030008 1.000000
tan -0.293323 0.952756 -0.060016 1.000000
tan 0.968504 -0.229276 -0.007626 1.000000
tan 0.277451 -0.953066 0.098332 1.000000
tan 0.281667 -0.953066 0.143716 1.000000
tan 0.672391 0.740157 -0.029140 1.000000
tan -0.300887 0.945254 -0.097526 1.000000
tan -0.297291 0.945254 -0.142538 1.000000
tan 0.950090 -0.236220 0.005580 1.000000
tan 0.274785 -0.937938 0.204229 1.000000
tan 0.668423 0.742141 -0.100130 1.000000
tan -0.299523 0.930250 -0.202554 1.000000
tan 0.941100 -0.233740 0.022134 1.000000
tan 0.267345 -0.915246 0.302561 1.000000
tan 0.655961 0.730361 -0.164920 1.000000
tan -0.306591 0.907744 -0.292579 1.000000
tan -0.314837 0.877302 -0.362205 1.000000
tan 0.706057 0.679025 -0.119164 1.000000
tan 0.917416 -0.208134 0.140740 1.000000
tan 0.277513 -0.884804 0.372931 1.000000
tan 0.380433 -0.784549 0.234237 1.000000
tan 0.277513 -0.884804 0.372931 1.000000
tan -0.650071 -0.724471 0.198772 1.000000
tan -0.648769 -0.669229 0.183768 1.000000
tan -0.916734 0.124000 -0.175646 1.000000
tan 0.312791 -0.779651 0.519437 1.000000
tan -0.667679 -0.142538 -0.682683 1.000000
tan -0.310993 0.862422 -0.391965 1.000000
tan -0.398351 0.777729 -0.249241 1.000000
tan -0.330771 0.783681 -0.514291 1.000000
tan -0.297043 -0.785293 -0.159030 1.000000
tan 0.119846 -0.712381 0.661479 1.000000
tan -0.442309 -0.188418 -0.861740 1.000000
tan -0.171306 0.731539 -0.646165 1.000000
tan -0.100688 -0.906194 -0.275156 1.000000
tan 0.041788 -0.705685 0.678529 1.000000
tan 0.016926 -0.732159 0.685287 1.000000
tan -0.035650 -0.630541 -0.779403 1.000000
tan -0.253705 -0.210925 -0.945626 1.000000
tan -0.017050 0.678901 -0.704631 1.000000
tan -0.061752 0.723913 -0.693781 1.000000
tan 0.058962 -0.701717 0.683613 1.000000
tan 0.016740 -0.716411 0.693161 1.000000
tan 0.083886 0.232439 0.968504 1.000000
tan 0.266911 0.210676 0.930374 1.000000
tan 0.152644 -0.695641 0.665881 1.000000
tan 0.060512 0.960630 0.281480 1.000000
tan 0.396553 0.197160 0.884618 1.000000
tan 0.314341 -0.781945 0.517081 1.000000
tan 0.110298 0.908302 0.273048 1.000000
tan 0.050096 0.725029 -0.692417 1.000000
tan -0.026970 0.698927 -0.689007 1.000000
tan 0.579577 0.119040 0.777853 1.000000
tan 0.390601 -0.792361 0.239941 1.000000
tan 0.226734 0.826028 0.209808 1.000000
tan -0.165044 0.732841 -0.646413 1.000000
tan 0.769545 0.010416 0.547461 1.000000
tan 0.277513 -0.884804 0.372931 1.000000
tan 0.917416 -0.208134 0.140740 1.000000
tan 0.671523 0.687767 -0.177010 1.000000
tan 0.534131 0.701903 -0.066712 1.000000
tan -0.305041 0.784549 -0.531031 1.000000
tan -0.364747 0.772769 -0.275467 1.000000
tan -0.314837 0.877302 -0.362205 1.000000
tan -0.804638 0.020522 0.578089 1.000000
tan -0.796826 0.031248 0.593713 1.000000
tan -0.447455 -0.830244 0.295989 1.000000
tan -0.420485 -0.832537 0.303181 1.000000
tan 0.445037 -0.876744 -0.154194 1.000000
tan -0.811458 -0.003224 0.535929 1.000000
tan 0.492467 -0.860996 -0.103912 1.000000
tan 0.781202 -0.044268 -0.609337 1.000000
tan 0.796826 -0.029512 -0.593713 1.000000
tan -0.395499 -0.809846 0.229525 1.000000
tan -0.828942 -0.030876 0.476161 1.000000
tan -0.820510 -0.027528 0.445347 1.000000
tan 0.552235 -0.833034 -0.011284 1.000000
tan 0.803956 -0.011904 -0.551057 1.000000
tan -0.305475 -0.797631 0.450183 1.000000
tan -0.885486 -0.119908 0.349681 1.000000
tan 0.605679 -0.786967 0.086986 1.000000
tan 0.821812 0.007626 -0.490421 1.000000
tan -0.217930 -0.779589 0.564325 1.000000
tan -0.909666 -0.237584 0.144336 1.000000
tan 0.671461 -0.679831 0.289417 1.000000
tan 0.825222 0.020460 -0.454213 1.000000
tan -0.225494 -0.837994 0.499721 1.000000
tan -0.921942 -0.257300 0.071300 1.000000
tan 0.709281 -0.600781 0.376713 1.000000
tan 0.895096 0.039742 -0.347449 1.000000
tan -0.229214 -0.876992 0.404179 1.000000
tan -0.936884 -0.254324 0.058280 1.000000
tan 0.695207 -0.646661 0.295431 1.000000
tan 0.925166 0.205964 -0.139128 1.000000
tan -0.234484 -0.922748 0.289789 1.000000
tan -0.955236 -0.251162 0.056606 1.000000
tan 0.704321 -0.680389 0.213280 1.000000
tan 0.925166 0.249488 -0.072354 1.000000
tan -0.246636 -0.953252 0.167772 1.000000
tan -0.968938 -0.248496 0.062992 1.000000
tan 0.700601 -0.695703 0.122326 1.000000
tan 0.937318 0.246078 -0.057846 1.000000
tan -0.257053 -0.960940 0.070122 1.000000
tan -0.968504 -0.246078 0.061008 1.000000
tan 0.696571 -0.708289 0.050964 1.000000
tan 0.955236 0.243288 -0.056482 1.000000
tan -0.268833 -0.961188 -0.013020 1.000000
tan -0.969372 -0.244032 0.066774 1.000000
tan 0.704507 -0.711637 0.005828 1.000000
tan 0.968938 0.240622 -0.062930 1.000000
tan -0.275901 -0.961374 -0.081096 1.000000
tan -0.963358 -0.249860 0.071920 1.000000
tan 0.700477 -0.717775 -0.027714 1.000000
tan 0.968504 0.238204 -0.061008 1.000000
tan -0.275467 -0.953996 -0.141670 1.000000
tan -0.950462 -0.246946 0.069006 1.000000
tan 0.693285 -0.716225 -0.061132 1.000000
tan 0.969372 0.244032 -0.066774 1.000000
tan -0.274475 -0.938992 -0.202244 1.000000
tan -0.931366 -0.253828 0.067208 1.000000
tan 0.684419 -0.716535 -0.089714 1.000000
tan 0.963358 0.241986 -0.072044 1.000000
tan -0.278443 -0.908984 -0.275652 1.000000
tan -0.927026 -0.256680 0.059768 1.000000
tan 0.683737 -0.722797 -0.118916 1.000000
tan 0.950462 0.246946 -0.069006 1.000000
tan -0.281667 -0.879162 -0.373303 1.000000
tan -0.926716 -0.260648 0.040114 1.000000
tan 0.678095 -0.714861 -0.158658 1.000000
tan 0.931366 0.246016 -0.067642 1.000000
tan -0.291277 -0.819394 -0.485957 1.000000
tan -0.961684 -0.247814 -0.018042 1.000000
tan 0.669601 -0.702647 -0.223262 1.000000
tan 0.927894 0.252836 -0.067642 1.000000
tan -0.301941 -0.729617 -0.613677 1.000000
tan -0.948478 -0.220782 0.043586 1.000000
tan -0.376899 -0.900924 -0.231322 1.000000
tan 0.663711 -0.677661 -0.312171 1.000000
tan 0.928638 0.253952 -0.042036 1.000000
tan 0.664889 -0.606299 -0.435303 1.000000
tan 0.551243 -0.813876 -0.181660 1.000000
tan 0.966706 0.224502 0.023126 1.000000
tan 0.942526 0.257486 -0.032364 1.000000
tan 0.796826 -0.029512 -0.593713 1.000000
tan 0.781202 -0.044268 -0.609337 1.000000
tan 0.410317 0.838862 -0.307273 1.000000
tan 0.398041 0.842705 -0.310001 1.000000
tan -0.479881 0.866018 0.160518 1.000000
tan 0.803956 -0.010292 -0.543431 1.000000
tan -0.511129 0.850394 0.117056 1.000000
tan -0.796826 0.031248 0.593713 1.000000
tan -0.804638 0.020522 0.578089 1.000000
tan 0.392833 0.809846 -0.235849 1.000000
tan 0.821812 0.007626 -0.490421 1.000000
tan 0.825222 0.023870 -0.447393 1.000000
tan -0.572137 0.819766 0.026660 1.000000
tan -0.811458 -0.003224 0.535929 1.000000
tan 0.224440 0.798251 -0.468287 1.000000
tan 0.901296 0.059334 -0.322649 1.000000
tan -0.622047 0.780457 -0.063178 1.000000
tan -0.828942 -0.030876 0.476161 1.000000
tan 0.257921 0.773761 -0.550561 1.000000
tan 0.925166 0.205964 -0.139128 1.000000
tan -0.703019 0.676483 -0.194494 1.000000
tan -0.820510 -0.027528 0.445347 1.000000
tan 0.261889 0.831360 -0.486081 1.000000
tan 0.925166 0.249488 -0.072354 1.000000
tan -0.720255 0.594581 -0.361585 1.000000
tan -0.885486 -0.119908 0.349681 1.000000
tan 0.255812 0.884618 -0.404179 1.000000
tan 0.937318 0.243784 -0.065100 1.000000
tan -0.688201 0.653667 -0.299275 1.000000
tan -0.909666 -0.237584 0.144336 1.000000
tan 0.266539 0.915246 -0.279869 1.000000
tan 0.955236 0.243288 -0.056482 1.000000
tan -0.682001 0.684667 -0.211172 1.000000
tan -0.921942 -0.257300 0.071300 1.000000
tan 0.277699 0.945564 -0.161076 1.000000
tan 0.968938 0.240622 -0.062930 1.000000
tan -0.680389 0.713063 -0.133052 1.000000
tan -0.936884 -0.254324 0.058280 1.000000
tan 0.280985 0.960940 -0.062744 1.000000
tan 0.968504 0.238204 -0.061008 1.000000
tan -0.680947 0.723913 -0.053072 1.000000
tan -0.955236 -0.251162 0.056606 1.000000
tan 0.284581 0.953314 0.012772 1.000000
tan 0.969372 0.244032 -0.066774 1.000000
tan -0.688759 0.727385 -0.006944 1.000000
tan -0.968938 -0.248496 0.062992 1.000000
tan 0.291649 0.953500 0.080290 1.000000
tan 0.963358 0.241986 -0.072044 1.000000
tan -0.684729 0.725649 0.027280 1.000000
tan -0.968504 -0.246078 0.061008 1.000000
tan 0.291091 0.946184 0.140368 1.000000
tan 0.950462 0.246946 -0.069006 1.000000
tan -0.685411 0.724161 0.055800 1.000000
tan -0.969372 -0.244032 0.066774 1.000000
tan 0.299213 0.931366 0.200384 1.000000
tan 0.931366 0.246016 -0.067642 1.000000
tan -0.676607 0.724347 0.090086 1.000000
tan -0.963358 -0.249860 0.071920 1.000000
tan 0.303243 0.909046 0.275466 1.000000
tan 0.927894 0.249612 -0.060636 1.000000
tan -0.675925 0.730609 0.119598 1.000000
tan -0.950462 -0.246946 0.069006 1.000000
tan 0.313783 0.871970 0.369955 1.000000
tan 0.928638 0.253952 -0.042036 1.000000
tan -0.661169 0.730671 0.160890 1.000000
tan -0.931366 -0.253828 0.067208 1.000000
tan 0.326369 0.812760 0.481679 1.000000
tan 0.961684 0.244590 -0.001922 1.000000
tan -0.652365 0.718085 0.226858 1.000000
tan -0.927026 -0.256680 0.059768 1.000000
tan 0.341249 0.717775 0.603261 1.000000
tan 0.942526 0.248558 -0.003100 1.000000
tan 0.166098 0.937752 0.294500 1.000000
tan -0.648397 0.692479 0.323641 1.000000
tan -0.926716 -0.260648 0.040114 1.000000
tan -0.630913 0.620497 0.453841 1.000000
tan -0.705623 0.684047 0.142972 1.000000
tan -0.961684 -0.247814 -0.018042 1.000000
tan -0.948478 -0.220782 0.043586 1.000000
tan -0.931552 -0.209560 -0.013020 1.000000
tan -0.948478 -0.220782 0.043586 1.000000
tan -0.376899 -0.900924 -0.231322 1.000000
tan -0.305165 -0.915246 0.255069 1.000000
tan 0.551243 -0.813876 -0.181660 1.000000
tan -0.911092 -0.231136 -0.003534 1.000000
tan 0.662905 -0.734329 0.104904 1.000000
tan 0.942526 0.257486 -0.032364 1.000000
tan 0.921260 0.217868 -0.007254 1.000000
tan -0.296857 -0.900242 0.315085 1.000000
tan 0.664951 -0.720751 0.115320 1.000000
tan 0.934714 0.223138 -0.006696 1.000000
tan 0.931552 0.222890 0.005580 1.000000
tan 0.664765 -0.726517 0.086490 1.000000
tan 0.944882 0.222456 0.007440 1.000000
tan -0.290037 -0.915246 0.255069 1.000000
tan -0.931428 -0.222766 -0.005580 1.000000
tan 0.671833 -0.726517 0.069192 1.000000
tan 0.960630 0.221898 0.007564 1.000000
tan -0.294129 -0.937938 0.211793 1.000000
tan -0.946742 -0.230206 -0.005642 1.000000
tan 0.676731 -0.732283 0.046128 1.000000
tan 0.968504 0.221278 0.007626 1.000000
tan -0.287681 -0.945502 0.151280 1.000000
tan -0.960630 -0.229648 -0.007564 1.000000
tan 0.679149 -0.732283 0.023064 1.000000
tan 0.976378 0.220596 0.007688 1.000000
tan -0.285945 -0.960630 0.075640 1.000000
tan -0.968504 -0.229028 -0.007626 1.000000
tan 0.685039 -0.732283 0.000000 1.000000
tan 0.976378 0.220162 0.007688 1.000000
tan -0.291463 -0.960630 0.015128 1.000000
tan -0.976378 -0.220596 -0.007688 1.000000
tan 0.969186 0.219790 0.009362 1.000000
tan -0.291649 -0.952756 -0.037510 1.000000
tan -0.976378 -0.220162 -0.007688 1.000000
tan 0.680141 -0.732283 -0.034596 1.000000
tan 0.969620 0.219356 0.009362 1.000000
tan -0.293385 -0.960630 -0.083204 1.000000
tan -0.969186 -0.219790 -0.009362 1.000000
tan 0.678157 -0.732283 -0.063426 1.000000
tan 0.957592 0.218860 0.012710 1.000000
tan -0.294315 -0.945254 -0.127534 1.000000
tan -0.961746 -0.219356 -0.009300 1.000000
tan 0.681691 -0.726517 -0.086490 1.000000
tan 0.948168 0.218240 0.016058 1.000000
tan -0.289851 -0.945502 -0.189100 1.000000
tan -0.957592 -0.218860 -0.012710 1.000000
tan 0.677351 -0.720751 -0.126852 1.000000
tan -0.285821 -0.922810 -0.257176 1.000000
tan -0.948168 -0.218240 -0.016058 1.000000
tan -0.926282 -0.223572 -0.028644 1.000000
tan -0.279311 -0.892554 -0.355509 1.000000
tan -0.931924 -0.218736 -0.032984 1.000000
tan -0.295989 -0.862732 -0.405109 1.000000
tan 0.676793 -0.695889 -0.193936 1.000000
tan 0.674437 -0.691921 -0.242172 1.000000
tan 0.926282 0.215760 0.027900 1.000000
tan 0.931924 0.215326 0.039866 1.000000
tan -0.926282 -0.223572 -0.028644 1.000000
tan -0.931924 -0.218736 -0.032984 1.000000
tan -0.674437 0.691921 0.242172 1.000000
tan -0.663773 0.711017 0.203980 1.000000
tan 0.295989 0.862732 0.405109 1.000000
tan -0.948168 -0.218240 -0.016058 1.000000
tan 0.307087 0.885238 0.352595 1.000000
tan 0.931924 0.215326 0.039866 1.000000
tan 0.926282 0.215760 0.027900 1.000000
tan -0.671151 0.728501 0.134044 1.000000
tan 0.303057 0.915246 0.255068 1.000000
tan 0.948168 0.218240 0.016058 1.000000
tan 0.957592 0.218860 0.012710 1.000000
tan 0.304917 0.937752 0.180048 1.000000
tan 0.969620 0.219356 0.009362 1.000000
tan -0.674065 0.734329 0.093248 1.000000
tan -0.957592 -0.218860 -0.012710 1.000000
tan 0.302127 0.945254 0.127534 1.000000
tan 0.969186 0.219790 0.009362 1.000000
tan -0.678157 0.740157 0.064108 1.000000
tan -0.961746 -0.219356 -0.009300 1.000000
tan 0.301259 0.952756 0.082522 1.000000
tan 0.976378 0.220162 0.007688 1.000000
tan -0.672267 0.740157 0.034968 1.000000
tan -0.969186 -0.219790 -0.009362 1.000000
tan 0.299461 0.952756 0.030008 1.000000
tan 0.976378 0.220596 0.007688 1.000000
tan -0.677165 0.740157 -0.000000 1.000000
tan -0.976378 -0.220162 -0.007688 1.000000
tan 0.307211 0.952756 -0.015004 1.000000
tan 0.968504 0.236964 0.007626 1.000000
tan -0.976378 -0.220596 -0.007688 1.000000
tan 0.285945 0.960630 -0.075640 1.000000
tan 0.952756 0.237584 0.007502 1.000000
tan -0.679149 0.740157 -0.023312 1.000000
tan -0.968504 -0.213342 -0.007626 1.000000
tan 0.289479 0.945254 -0.142538 1.000000
tan 0.946804 0.230268 0.005642 1.000000
tan -0.668857 0.740157 -0.046624 1.000000
tan -0.960630 -0.213962 -0.007564 1.000000
tan 0.293509 0.930250 -0.202554 1.000000
tan 0.931490 0.230702 0.005518 1.000000
tan -0.664021 0.734329 -0.069936 1.000000
tan -0.944882 -0.214520 -0.007440 1.000000
tan 0.299089 0.922748 -0.247567 1.000000
tan 0.934714 0.223138 -0.006696 1.000000
tan -0.664765 0.734329 -0.087420 1.000000
tan -0.931490 -0.222828 -0.005580 1.000000
tan 0.295989 0.900242 -0.307583 1.000000
tan 0.921260 0.230888 0.007254 1.000000
tan -0.657201 0.728501 -0.116560 1.000000
tan -0.911092 -0.223262 -0.003658 1.000000
tan -0.923864 -0.207328 -0.005642 1.000000
tan -0.671833 0.726517 -0.103788 1.000000
tan -0.948478 -0.220782 0.043586 1.000000
tan -0.705623 0.684047 0.142972 1.000000
tan 0.281047 0.922810 -0.264741 1.000000
tan 0.166098 0.937752 0.294500 1.000000
tan 0.942526 0.248558 -0.003100 1.000000
tan 0.500093 -0.744621 0.374233 1.000000
tan 0.230702 -0.929258 -0.300018 1.000000
tan 0.386075 -0.909728 0.150846 1.000000
tan 0.887594 0.290161 0.286193 1.000000
tan 0.754170 0.527993 0.352409 1.000000
tan 0.852812 -0.299027 0.299461 1.000000
tan -0.165044 0.252154 -0.937752 1.000000
tan -0.293757 0.171492 -0.930870 1.000000
tan -0.121582 0.919586 -0.271685 1.000000
tan -0.126480 0.937442 -0.249179 1.000000
tan 0.152334 0.693099 0.685287 1.000000
tan -0.246636 0.201748 -0.916486 1.000000
tan 0.038502 0.693843 0.693409 1.000000
tan 0.364933 -0.270444 0.885858 1.000000
tan 0.219356 -0.239816 0.937938 1.000000
tan -0.277079 0.907558 -0.226301 1.000000
tan -0.698493 -0.093496 -0.542129 1.000000
tan -0.028706 0.707173 0.684357 1.000000
tan 0.336351 -0.126666 0.895282 1.000000
tan 0.774878 0.389981 0.351665 1.000000
tan -0.730237 0.598053 -0.004092 1.000000
tan -0.837188 -0.454027 -0.228780 1.000000
tan -0.050778 0.728377 0.627627 1.000000
tan -0.850580 0.509269 0.099882 1.000000
tan -0.845496 -0.464443 -0.140616 1.000000
tan -0.043338 0.835886 0.531217 1.000000
tan 0.822246 0.470829 0.245024 1.000000
tan -0.823858 0.529109 0.007502 1.000000
tan -0.868250 -0.463141 -0.112096 1.000000
tan -0.021762 0.921818 0.367165 1.000000
tan 0.838676 0.486515 0.153388 1.000000
tan -0.834274 0.539401 -0.032364 1.000000
tan -0.875876 -0.457499 -0.087358 1.000000
tan 0.005580 0.968690 0.226548 1.000000
tan 0.860438 0.478765 0.112344 1.000000
tan -0.840598 0.528551 -0.056606 1.000000
tan -0.889764 -0.460785 -0.077066 1.000000
tan 0.019096 0.984314 0.109368 1.000000
tan 0.875876 0.465311 0.087544 1.000000
tan -0.842520 0.540393 -0.066340 1.000000
tan -0.885920 -0.449067 -0.066650 1.000000
tan 0.039370 0.992126 -0.000000 1.000000
tan 0.881890 0.468659 0.076384 1.000000
tan -0.843264 0.541447 -0.083452 1.000000
tan -0.871474 -0.456569 -0.050716 1.000000
tan 0.042532 0.984314 -0.101556 1.000000
tan 0.885052 0.468287 0.065596 1.000000
tan -0.820262 0.546841 -0.097650 1.000000
tan -0.864902 -0.456259 -0.032054 1.000000
tan 0.061008 0.968690 -0.203112 1.000000
tan 0.871474 0.464381 0.050282 1.000000
tan -0.812264 0.548515 -0.123318 1.000000
tan -0.864592 -0.457623 0.008184 1.000000
tan 0.063860 0.945254 -0.304669 1.000000
tan 0.867320 0.469465 0.020398 1.000000
tan -0.805382 0.550561 -0.167400 1.000000
tan -0.878232 -0.435365 0.079794 1.000000
tan 0.071238 0.898382 -0.414037 1.000000
tan 0.860066 0.469837 -0.021576 1.000000
tan -0.793416 0.523405 -0.253395 1.000000
tan -0.903776 -0.368157 0.198772 1.000000
tan 0.082150 0.835886 -0.539029 1.000000
tan 0.866266 0.449377 -0.097960 1.000000
tan -0.798128 0.457561 -0.382975 1.000000
tan -0.908674 -0.218116 0.323145 1.000000
tan 0.086056 0.742141 -0.656209 1.000000
tan 0.898010 0.378325 -0.214272 1.000000
tan -0.794532 0.334367 -0.497613 1.000000
tan -0.892740 -0.292083 0.240002 1.000000
tan 0.093000 0.632773 -0.765577 1.000000
tan 0.905140 0.258726 -0.322463 1.000000
tan -0.714427 0.605803 -0.333685 1.000000
tan -0.924670 -0.307769 0.170128 1.000000
tan -0.724905 0.680141 0.032674 1.000000
tan 0.195486 0.807055 -0.547585 1.000000
tan 0.894476 0.291649 -0.223200 1.000000
tan 0.231012 0.955298 -0.132556 1.000000
tan 0.946866 0.283961 -0.124744 1.000000
tan -0.884494 -0.254758 0.291649 1.000000
tan -0.909914 -0.296113 0.229152 1.000000
tan -0.170562 -0.940356 0.232129 1.000000
tan -0.018476 -0.781201 0.609337 1.000000
tan 0.738670 -0.670221 0.009982 1.000000
tan -0.908674 -0.240932 0.305289 1.000000
tan 0.817038 -0.531961 0.230392 1.000000
tan 0.946866 0.283961 -0.124744 1.000000
tan 0.894476 0.291649 -0.223200 1.000000
tan -0.138012 -0.624961 0.765577 1.000000
tan -0.903776 -0.368157 0.198772 1.000000
tan 0.781760 -0.343853 0.520863 1.000000
tan 0.905140 0.258726 -0.322463 1.000000
tan -0.130448 -0.742141 0.656209 1.000000
tan -0.872342 -0.432079 0.079794 1.000000
tan 0.782566 -0.475045 0.386881 1.000000
tan 0.898010 0.378325 -0.214272 1.000000
tan -0.116312 -0.835886 0.531217 1.000000
tan -0.864592 -0.457623 0.008184 1.000000
tan 0.780520 -0.542067 0.253023 1.000000
tan 0.866266 0.449377 -0.097960 1.000000
tan -0.102672 -0.906194 0.406225 1.000000
tan -0.864902 -0.453841 -0.025420 1.000000
tan 0.796082 -0.558745 0.168516 1.000000
tan 0.860066 0.469837 -0.021576 1.000000
tan -0.085498 -0.945254 0.296857 1.000000
tan -0.871474 -0.454833 -0.043896 1.000000
tan 0.811334 -0.566185 0.118916 1.000000
tan 0.867320 0.469465 0.020398 1.000000
tan -0.076384 -0.968690 0.203112 1.000000
tan -0.892926 -0.452539 -0.066650 1.000000
tan 0.820262 -0.554653 0.098208 1.000000
tan 0.871474 0.464381 0.050282 1.000000
tan -0.073780 -0.984314 0.101556 1.000000
tan -0.889764 -0.460785 -0.077066 1.000000
tan 0.835390 -0.549507 0.076508 1.000000
tan 0.885052 0.468287 0.065596 1.000000
tan -0.054250 -0.992126 -0.007812 1.000000
tan -0.875876 -0.457189 -0.094302 1.000000
tan 0.842520 -0.540393 0.066340 1.000000
tan 0.881890 0.468659 0.076384 1.000000
tan -0.050344 -0.984314 -0.109368 1.000000
tan -0.868250 -0.462025 -0.118916 1.000000
tan 0.832786 -0.544175 0.055428 1.000000
tan 0.875876 0.465311 0.087544 1.000000
tan -0.027776 -0.968690 -0.234360 1.000000
tan -0.845496 -0.462459 -0.147126 1.000000
tan 0.826462 -0.547213 0.030938 1.000000
tan 0.860438 0.478765 0.112344 1.000000
tan -0.019096 -0.929630 -0.359353 1.000000
tan -0.837188 -0.454027 -0.228780 1.000000
tan 0.816170 -0.547337 -0.004960 1.000000
tan 0.838676 0.486515 0.153388 1.000000
tan -0.011718 -0.851510 -0.515593 1.000000
tan -0.775064 -0.243661 -0.405481 1.000000
tan 0.833096 -0.537913 -0.099634 1.000000
tan 0.822246 0.470829 0.245024 1.000000
tan 0.018352 -0.735631 -0.621117 1.000000
tan 0.704879 -0.628557 0.160890 1.000000
tan 0.772460 0.348193 0.374047 1.000000
tan 0.063364 -0.697873 -0.700911 1.000000
tan -0.246636 0.201748 -0.916486 1.000000
tan -0.143716 0.233492 -0.953066 1.000000
tan 0.320665 -0.879038 0.260029 1.000000
tan 0.336351 -0.126666 0.895282 1.000000
tan 0.000000 -0.694773 -0.694773 1.000000
tan -0.270693 0.174964 -0.938558 1.000000
tan 0.262385 -0.898382 -0.165416 1.000000
tan 0.208320 -0.922562 0.227417 1.000000
tan 0.257177 -0.231880 0.922810 1.000000
tan 0.364933 -0.270444 0.885858 1.000000
tan 0.960630 0.270755 -0.052948 1.000000
tan 0.946866 0.283961 -0.124744 1.000000
tan 0.738670 -0.670221 0.009982 1.000000
tan 0.727881 -0.684171 -0.027280 1.000000
tan -0.170562 -0.940356 0.232129 1.000000
tan 0.880898 0.189906 0.145080 1.000000
tan -0.206150 -0.961002 -0.192200 1.000000
tan -0.909914 -0.296113 0.229152 1.000000
tan -0.870110 -0.258913 -0.126356 1.000000
tan 0.752743 -0.211234 -0.600223 1.000000
tan 0.883254 -0.044950 0.403497 1.000000
tan 0.906008 -0.048112 0.408767 1.000000
tan -0.117862 -0.530473 -0.822617 1.000000
tan -0.860314 0.101308 -0.455019 1.000000
tan 0.815798 -0.082770 -0.569347 1.000000
tan 0.906008 -0.018166 0.410937 1.000000
tan -0.088350 -0.156240 -0.976502 1.000000
tan -0.891128 0.089590 -0.415711 1.000000
tan 0.819270 -0.021948 -0.574431 1.000000
tan 0.913386 0.035960 0.417633 1.000000
tan -0.101122 -0.031248 -0.992126 1.000000
tan -0.913882 0.025606 -0.403559 1.000000
tan 0.811334 0.014570 -0.583607 1.000000
tan 0.921260 -0.036270 0.380743 1.000000
tan -0.913386 -0.050344 -0.402009 1.000000
tan 0.803212 -0.023684 -0.598239 1.000000
tan 0.890384 -0.116498 0.432637 1.000000
tan -0.096968 -0.031248 -0.992126 1.000000
tan -0.905884 0.025172 -0.426685 1.000000
tan -0.884494 0.159278 -0.433567 1.000000
tan 0.831422 -0.079360 -0.546841 1.000000
tan 0.859074 0.012834 0.477773 1.000000
tan -0.050592 0.077996 -0.985492 1.000000
tan -0.898134 0.142166 -0.424205 1.000000
tan 0.845806 0.076508 -0.491909 1.000000
tan 0.836630 0.052328 0.505053 1.000000
tan 0.798996 0.281418 -0.537107 1.000000
tan -0.021514 0.251968 -0.968504 1.000000
tan -0.872590 -0.026722 -0.448633 1.000000
tan -0.085250 0.289044 -0.953066 1.000000
tan -0.862670 -0.084320 -0.484345 1.000000
tan 0.859074 0.012834 0.477773 1.000000
tan 0.836630 0.052328 0.505053 1.000000
tan 0.120714 -0.439333 0.831980 1.000000
tan 0.078306 -0.242172 0.960878 1.000000
tan -0.860376 -0.231136 0.448881 1.000000
tan 0.890384 -0.116498 0.432637 1.000000
tan -0.801352 -0.072850 0.582801 1.000000
tan -0.872838 0.035960 -0.470209 1.000000
tan -0.881456 0.023994 -0.437287 1.000000
tan 0.093682 -0.055056 0.985492 1.000000
tan 0.905512 -0.057040 0.423275 1.000000
tan -0.800174 0.074772 0.593713 1.000000
tan -0.898258 0.124558 -0.423957 1.000000
tan 0.098208 0.046872 0.992126 1.000000
tan 0.913386 0.035960 0.417633 1.000000
tan -0.826834 0.030504 0.566681 1.000000
tan -0.892554 0.113584 -0.430901 1.000000
tan -0.905884 -0.003348 -0.425197 1.000000
tan 0.109926 0.007812 0.992126 1.000000
tan 0.906008 -0.018166 0.410937 1.000000
tan 0.906008 -0.048112 0.408767 1.000000
tan -0.803522 -0.026970 0.592411 1.000000
tan -0.913386 -0.043152 -0.401947 1.000000
tan 0.143778 0.209251 0.961002 1.000000
tan 0.883254 -0.044950 0.403497 1.000000
tan -0.803522 0.022072 0.598053 1.000000
tan -0.913882 0.011222 -0.402567 1.000000
tan 0.213590 0.587203 0.770227 1.000000
tan 0.890012 0.183210 0.119040 1.000000
tan -0.787402 0.116560 0.602517 1.000000
tan -0.891128 0.096596 -0.417385 1.000000
tan 0.272119 0.945502 0.181536 1.000000
tan 0.960630 0.270755 -0.052948 1.000000
tan 0.946866 0.283961 -0.124744 1.000000
tan 0.231012 0.955298 -0.132556 1.000000
tan -0.729369 0.231881 0.617521 1.000000
tan -0.860314 0.101308 -0.455019 1.000000
tan -0.905512 -0.268212 -0.042780 1.000000
tan -0.705251 0.707173 0.044516 1.000000
tan -0.724905 0.680141 0.032674 1.000000
tan -0.924670 -0.307769 0.170128 1.000000
tan 0.884122 -0.166904 -0.328105 1.000000
tan 0.889454 -0.155248 -0.351789 1.000000
tan 0.171740 -0.770971 -0.591171 1.000000
tan 0.153884 -0.815984 -0.526195 1.000000
tan 0.886168 -0.183830 -0.293633 1.000000
tan -0.761362 -0.556451 -0.316511 1.000000
tan 0.887222 -0.203980 -0.261020 1.000000
tan -0.759501 -0.593341 -0.274660 1.000000
tan -0.889454 0.151032 0.357865 1.000000
tan -0.829128 0.144894 0.307583 1.000000
tan 0.191642 -0.856098 -0.442805 1.000000
tan 0.899870 -0.205902 -0.239568 1.000000
tan -0.733833 -0.658999 -0.165416 1.000000
tan -0.888462 0.191394 0.266600 1.000000
tan 0.199950 -0.907682 -0.310124 1.000000
tan 0.916362 -0.247256 -0.186744 1.000000
tan -0.694029 -0.686093 -0.054498 1.000000
tan -0.901730 0.204352 0.212536 1.000000
tan 0.244528 -0.926282 -0.200136 1.000000
tan 0.946060 -0.218922 -0.207762 1.000000
tan -0.691053 -0.714303 -0.003162 1.000000
tan -0.940294 0.206522 0.208072 1.000000
tan 0.257300 -0.944882 -0.052080 1.000000
tan 0.953252 -0.229400 -0.190650 1.000000
tan -0.680265 -0.721061 0.031496 1.000000
tan -0.961002 0.209250 0.192200 1.000000
tan 0.311365 -0.929258 0.078616 1.000000
tan 0.932296 -0.228470 -0.216194 1.000000
tan -0.666625 -0.736189 0.109678 1.000000
tan -0.954430 0.206956 0.206150 1.000000
tan 0.330151 -0.894352 0.215450 1.000000
tan 0.879348 -0.242420 -0.253518 1.000000
tan -0.656891 -0.741769 0.096038 1.000000
tan -0.915122 0.211854 0.223200 1.000000
tan 0.371009 -0.836753 0.364685 1.000000
tan 0.842830 -0.279063 -0.299957 1.000000
tan -0.635625 -0.755781 0.152396 1.000000
tan -0.872590 0.237398 0.268150 1.000000
tan 0.414533 -0.735073 0.515965 1.000000
tan 0.752433 -0.372063 -0.422469 1.000000
tan -0.591667 -0.789323 0.143654 1.000000
tan -0.731477 0.345279 0.447393 1.000000
tan 0.393329 -0.815301 0.397049 1.000000
tan 0.945626 -0.207204 -0.230640 1.000000
tan -0.597309 -0.712071 0.363569 1.000000
tan -0.899994 0.258913 0.239816 1.000000
tan -0.536797 -0.839792 0.075330 1.000000
tan -0.938868 0.271127 0.202244 1.000000
tan -0.818216 0.182094 0.297229 1.000000
tan -0.889454 0.155248 0.351789 1.000000
tan -0.171740 0.770971 0.591171 1.000000
tan -0.173848 0.823610 0.518569 1.000000
tan 0.761362 0.556451 0.316511 1.000000
tan -0.888462 0.191394 0.266600 1.000000
tan 0.752929 0.594271 0.289602 1.000000
tan 0.889454 -0.155248 -0.351789 1.000000
tan 0.884122 -0.166904 -0.328105 1.000000
tan 0.886168 -0.183830 -0.293633 1.000000
tan -0.216876 0.848968 0.432079 1.000000
tan -0.888586 0.237336 0.204476 1.000000
tan 0.723480 0.662285 0.180978 1.000000
tan 0.887222 -0.203980 -0.261020 1.000000
tan -0.227850 0.907744 0.300080 1.000000
tan -0.940294 0.206522 0.208072 1.000000
tan 0.684853 0.698369 0.074524 1.000000
tan 0.899870 -0.205902 -0.239568 1.000000
tan 0.916486 -0.216256 -0.208692 1.000000
tan -0.278071 0.918408 0.191890 1.000000
tan -0.953252 0.238762 0.183024 1.000000
tan 0.675553 0.727447 0.012462 1.000000
tan -0.280923 0.937008 0.051646 1.000000
tan -0.954430 0.206956 0.206150 1.000000
tan 0.664517 0.735259 -0.025048 1.000000
tan 0.946060 -0.218922 -0.207762 1.000000
tan 0.953314 -0.218302 -0.207576 1.000000
tan -0.334801 0.923306 -0.074648 1.000000
tan -0.924732 0.232066 0.214396 1.000000
tan 0.651001 0.751813 -0.108934 1.000000
tan -0.347263 0.886788 -0.213467 1.000000
tan -0.879534 0.247876 0.260648 1.000000
tan 0.640585 0.757765 -0.091574 1.000000
tan 0.922748 -0.208134 -0.225060 1.000000
tan -0.388555 0.829623 -0.361399 1.000000
tan -0.748838 0.353277 0.419245 1.000000
tan 0.618823 0.763841 -0.153078 1.000000
tan 0.872404 -0.239320 -0.260834 1.000000
tan -0.432761 0.721619 -0.518445 1.000000
tan -0.882696 0.279559 0.272738 1.000000
tan 0.605431 0.765763 -0.206460 1.000000
tan 0.828694 -0.274785 -0.304421 1.000000
tan -0.344907 0.858267 -0.321657 1.000000
tan -0.938868 0.272057 0.209808 1.000000
tan 0.604873 0.757765 -0.231013 1.000000
tan 0.722797 0.687643 -0.119350 1.000000
tan 0.744807 -0.384587 -0.430405 1.000000
tan 0.945626 -0.207204 -0.230640 1.000000
tan 0.903404 -0.235848 -0.199578 1.000000
tan 0.945626 -0.207204 -0.230640 1.000000
tan 0.426003 -0.885362 0.028148 1.000000
tan 0.205344 -0.886106 -0.367041 1.000000
tan -0.536797 -0.839792 0.075330 1.000000
tan 0.912456 -0.232562 -0.184636 1.000000
tan -0.717713 -0.679769 -0.113584 1.000000
tan -0.938868 0.271127 0.202244 1.000000
tan -0.897204 0.216132 0.219790 1.000000
tan 0.216504 -0.922748 -0.289788 1.000000
tan 0.921074 -0.236034 -0.167958 1.000000
tan 0.923492 -0.243040 -0.157480 1.000000
tan -0.695083 -0.680575 -0.058962 1.000000
tan -0.908922 0.233430 0.154566 1.000000
tan 0.228532 -0.924050 -0.261268 1.000000
tan 0.928452 -0.240250 -0.156240 1.000000
tan -0.694649 -0.688325 -0.032426 1.000000
tan -0.923492 0.235290 0.157170 1.000000
tan 0.238824 -0.931738 -0.231136 1.000000
tan 0.941348 -0.240870 -0.147684 1.000000
tan -0.936202 0.240250 0.157480 1.000000
tan 0.242048 -0.939426 -0.200880 1.000000
tan 0.947486 -0.244404 -0.146754 1.000000
tan -0.699237 -0.696757 -0.027652 1.000000
tan -0.941534 0.239692 0.147684 1.000000
tan 0.245768 -0.947114 -0.170624 1.000000
tan 0.954678 -0.243288 -0.140244 1.000000
tan -0.703825 -0.707917 -0.011594 1.000000
tan -0.947486 0.236592 0.146630 1.000000
tan 0.251100 -0.954678 -0.140368 1.000000
tan 0.953624 -0.247752 -0.138198 1.000000
tan -0.698059 -0.705871 -0.000682 1.000000
tan -0.954802 0.242172 0.140244 1.000000
tan 0.253457 -0.946990 -0.109244 1.000000
tan 0.961126 -0.245520 -0.139252 1.000000
tan -0.698865 -0.709529 0.010416 1.000000
tan -0.961436 0.239940 0.139252 1.000000
tan 0.258788 -0.954740 -0.071734 1.000000
tan 0.960878 -0.243226 -0.129642 1.000000
tan -0.699113 -0.713187 0.026970 1.000000
tan -0.961126 0.237708 0.139190 1.000000
tan 0.263501 -0.954864 -0.034224 1.000000
tan 0.960878 -0.241738 -0.129642 1.000000
tan -0.702771 -0.717589 0.038502 1.000000
tan -0.960878 0.243226 0.129642 1.000000
tan 0.269949 -0.954988 0.010788 1.000000
tan 0.961684 -0.240250 -0.127844 1.000000
tan -0.700043 -0.715357 0.055242 1.000000
tan -0.960878 0.240684 0.129642 1.000000
tan 0.278877 -0.955236 0.063302 1.000000
tan 0.954306 -0.239816 -0.126852 1.000000
tan -0.690743 -0.720441 0.077314 1.000000
tan -0.961684 0.240250 0.127844 1.000000
tan 0.286441 -0.947858 0.115816 1.000000
tan 0.948726 -0.242172 -0.131688 1.000000
tan -0.686465 -0.719821 0.094736 1.000000
tan -0.954306 0.239816 0.126852 1.000000
tan 0.289975 -0.932854 0.174468 1.000000
tan 0.940790 -0.243288 -0.124744 1.000000
tan -0.682869 -0.716721 0.117304 1.000000
tan -0.948602 0.241056 0.131688 1.000000
tan 0.302809 -0.918222 0.241429 1.000000
tan 0.924112 -0.246760 -0.122698 1.000000
tan -0.679459 -0.715295 0.152210 1.000000
tan -0.938558 0.235476 0.126604 1.000000
tan 0.312729 -0.896274 0.315953 1.000000
tan 0.915618 -0.252712 -0.115072 1.000000
tan -0.674809 -0.713745 0.193192 1.000000
tan -0.921322 0.239010 0.124744 1.000000
tan 0.319611 -0.859322 0.390477 1.000000
tan 0.922562 -0.232314 -0.330585 1.000000
tan 0.215636 -0.926096 -0.017980 1.000000
tan -0.666935 -0.707731 0.241305 1.000000
tan -0.922562 0.243040 0.109120 1.000000
tan -0.635501 -0.755843 0.122016 1.000000
tan -0.855230 0.442371 0.268584 1.000000
tan -0.904210 0.226672 0.198772 1.000000
tan -0.938868 0.272057 0.209808 1.000000
tan -0.277823 0.937008 -0.073780 1.000000
tan -0.232252 0.893546 0.367413 1.000000
tan 0.722797 0.687643 -0.119350 1.000000
tan -0.901172 0.256681 0.153450 1.000000
tan 0.716721 0.683985 0.132432 1.000000
tan 0.945626 -0.207204 -0.230640 1.000000
tan 0.903404 -0.235848 -0.199578 1.000000
tan -0.226362 0.915246 0.287432 1.000000
tan -0.923492 0.235290 0.157170 1.000000
tan 0.687333 0.688325 0.060636 1.000000
tan 0.912456 -0.232562 -0.184636 1.000000
tan 0.921074 -0.236034 -0.167958 1.000000
tan -0.243660 0.924050 0.261516 1.000000
tan -0.936202 0.240250 0.157480 1.000000
tan 0.694649 0.696137 0.033232 1.000000
tan 0.923492 -0.243040 -0.157480 1.000000
tan -0.246450 0.931738 0.231260 1.000000
tan -0.941534 0.239692 0.147684 1.000000
tan 0.928452 -0.240250 -0.156240 1.000000
tan -0.251348 0.939302 0.201004 1.000000
tan -0.947486 0.236592 0.146630 1.000000
tan 0.699237 0.704507 0.028644 1.000000
tan 0.941348 -0.240870 -0.147684 1.000000
tan -0.254883 0.939240 0.169384 1.000000
tan -0.954802 0.242172 0.140244 1.000000
tan 0.697873 0.707917 0.017732 1.000000
tan 0.947486 -0.244404 -0.146754 1.000000
tan -0.258913 0.946866 0.139376 1.000000
tan -0.961436 0.239940 0.139252 1.000000
tan 0.698059 0.712009 0.006758 1.000000
tan 0.954678 -0.243288 -0.140244 1.000000
tan -0.269081 0.946990 0.109492 1.000000
tan -0.961126 0.237956 0.131564 1.000000
tan 0.691053 0.709529 -0.009796 1.000000
tan 0.953624 -0.247752 -0.138198 1.000000
tan -0.275095 0.954616 0.071982 1.000000
tan -0.960878 0.243288 0.137268 1.000000
tan 0.691239 0.721061 -0.026040 1.000000
tan 0.961126 -0.245520 -0.139252 1.000000
tan -0.279249 0.954864 0.034472 1.000000
tan -0.960878 0.241056 0.137268 1.000000
tan 0.694897 0.725463 -0.037820 1.000000
tan 0.960878 -0.243226 -0.129642 1.000000
tan -0.285697 0.947114 -0.010416 1.000000
tan -0.961684 0.240250 0.127844 1.000000
tan 0.692169 0.723231 -0.054746 1.000000
tan 0.960878 -0.241738 -0.129642 1.000000
tan -0.293385 0.947362 -0.055056 1.000000
tan -0.954306 0.239816 0.126852 1.000000
tan 0.682869 0.728315 -0.077066 1.000000
tan 0.961684 -0.240250 -0.127844 1.000000
tan -0.301693 0.940170 -0.107136 1.000000
tan -0.948602 0.241056 0.131688 1.000000
tan 0.678529 0.727509 -0.095046 1.000000
tan 0.954306 -0.239816 -0.126852 1.000000
tan -0.313225 0.932978 -0.166656 1.000000
tan -0.938558 0.235476 0.126604 1.000000
tan 0.675057 0.732345 -0.118420 1.000000
tan 0.948726 -0.242172 -0.131688 1.000000
tan -0.318495 0.910720 -0.231757 1.000000
tan -0.921322 0.239010 0.124744 1.000000
tan 0.662781 0.731291 -0.153574 1.000000
tan 0.940790 -0.243288 -0.124744 1.000000
tan -0.335917 0.888958 -0.305537 1.000000
tan -0.915618 0.245024 0.116064 1.000000
tan 0.658875 0.730671 -0.196292 1.000000
tan 0.924112 -0.246760 -0.122698 1.000000
tan -0.344287 0.845186 -0.383533 1.000000
tan -0.862298 0.442123 0.247380 1.000000
tan -0.055056 0.947486 -0.021948 1.000000
tan 0.651125 0.723293 -0.250791 1.000000
tan 0.915618 -0.252712 -0.115072 1.000000
tan 0.724471 0.658255 -0.176700 1.000000
tan 0.922562 -0.232314 -0.330585 1.000000
tan -0.700663 0.361461 0.601401 1.000000
tan -0.718333 0.368653 0.590551 1.000000
tan -0.369025 -0.650257 0.618761 1.000000
tan -0.418191 -0.682435 0.567859 1.000000
tan 0.697377 -0.490049 0.508897 1.000000
tan -0.685721 0.316945 0.602765 1.000000
tan 0.666749 -0.539463 0.506293 1.000000
tan 0.718333 -0.368653 -0.590551 1.000000
tan 0.694711 -0.362701 -0.601401 1.000000
tan -0.479695 -0.717031 0.482795 1.000000
tan -0.703949 0.278133 0.587637 1.000000
tan 0.620063 -0.652117 0.444169 1.000000
tan 0.685411 -0.328539 -0.601711 1.000000
tan -0.531465 -0.727819 0.417819 1.000000
tan -0.742141 0.253519 0.576849 1.000000
tan 0.558373 -0.750449 0.351913 1.000000
tan 0.707607 -0.287619 -0.593961 1.000000
tan -0.569843 -0.730175 0.371691 1.000000
tan -0.772088 0.241615 0.560605 1.000000
tan 0.485709 -0.831855 0.250295 1.000000
tan 0.736003 -0.262633 -0.578833 1.000000
tan -0.593155 -0.721495 0.343109 1.000000
tan -0.802406 0.229524 0.540393 1.000000
tan 0.406039 -0.890074 0.140802 1.000000
tan 0.772088 -0.241615 -0.560605 1.000000
tan -0.611569 -0.718519 0.318433 1.000000
tan -0.814930 0.228160 0.530473 1.000000
tan 0.332383 -0.920888 0.027156 1.000000
tan 0.802406 -0.237708 -0.547957 1.000000
tan -0.615909 -0.714365 0.315085 1.000000
tan -0.823610 0.235725 0.510943 1.000000
tan 0.279435 -0.929630 -0.059334 1.000000
tan 0.815984 -0.235104 -0.518569 1.000000
tan -0.627813 -0.711389 0.298965 1.000000
tan -0.831050 0.235105 0.497737 1.000000
tan 0.224440 -0.927708 -0.140430 1.000000
tan 0.823610 -0.235725 -0.510943 1.000000
tan -0.645855 -0.711761 0.284395 1.000000
tan -0.825594 0.240437 0.484717 1.000000
tan 0.178002 -0.910720 -0.212660 1.000000
tan 0.824292 -0.241863 -0.493769 1.000000
tan -0.648955 -0.712009 0.272491 1.000000
tan -0.820076 0.244467 0.476347 1.000000
tan 0.137640 -0.903962 -0.266786 1.000000
tan 0.825594 -0.240437 -0.484717 1.000000
tan -0.659309 -0.703825 0.257797 1.000000
tan -0.822990 0.252837 0.471077 1.000000
tan 0.108500 -0.883626 -0.315952 1.000000
tan 0.827330 -0.251411 -0.468907 1.000000
tan -0.662595 -0.705995 0.245521 1.000000
tan -0.813008 0.248497 0.462459 1.000000
tan 0.077624 -0.867258 -0.359973 1.000000
tan 0.816108 -0.252837 -0.467233 1.000000
tan -0.673321 -0.706987 0.235662 1.000000
tan -0.815550 0.269949 0.405357 1.000000
tan 0.055924 -0.852502 -0.399653 1.000000
tan 0.812574 -0.252279 -0.462459 1.000000
tan -0.635563 -0.723727 0.274351 1.000000
tan -0.803770 0.284147 0.384835 1.000000
tan -0.008122 -0.770227 -0.458863 1.000000
tan 0.815550 -0.289975 -0.387997 1.000000
tan -0.627193 -0.719697 0.268337 1.000000
tan -0.781078 0.246699 0.494451 1.000000
tan -0.032240 -0.738297 -0.509579 1.000000
tan 0.805258 -0.298097 -0.371257 1.000000
tan -0.689255 -0.693037 0.186248 1.000000
tan -0.855230 0.442371 0.268584 1.000000
tan -0.635501 -0.755843 0.122016 1.000000
tan 0.181040 -0.855788 -0.289788 1.000000
tan 0.792734 -0.270321 -0.458057 1.000000
tan 0.922562 -0.232314 -0.330585 1.000000
tan 0.694711 -0.362701 -0.601401 1.000000
tan 0.718333 -0.368653 -0.590551 1.000000
tan 0.369025 0.650629 -0.622915 1.000000
tan 0.386571 0.686031 -0.578151 1.000000
tan -0.697377 0.490049 -0.508897 1.000000
tan 0.685411 -0.328539 -0.601711 1.000000
tan -0.686155 0.546407 -0.465249 1.000000
tan -0.718333 0.368653 0.590551 1.000000
tan -0.700663 0.361461 0.601401 1.000000
tan 0.442185 0.722301 -0.488313 1.000000
tan 0.707607 -0.287619 -0.593961 1.000000
tan -0.636183 0.652675 -0.403621 1.000000
tan -0.685721 0.316945 0.602765 1.000000
tan 0.503751 0.738049 -0.414409 1.000000
tan 0.736003 -0.262633 -0.578833 1.000000
tan -0.577531 0.747473 -0.320045 1.000000
tan -0.703949 0.278133 0.587637 1.000000
tan 0.541013 0.738917 -0.366421 1.000000
tan 0.772088 -0.241615 -0.560605 1.000000
tan -0.505921 0.833840 -0.218365 1.000000
tan -0.742141 0.253519 0.576849 1.000000
tan 0.574183 0.739475 -0.339513 1.000000
tan 0.802406 -0.237708 -0.547957 1.000000
tan -0.428979 0.885486 -0.113770 1.000000
tan -0.772088 0.241615 0.560605 1.000000
tan 0.593961 0.728873 -0.317689 1.000000
tan 0.815984 -0.235104 -0.518569 1.000000
tan -0.350859 0.913448 -0.013392 1.000000
tan -0.794780 0.230144 0.548019 1.000000
tan 0.610081 0.733771 -0.298159 1.000000
tan 0.823610 -0.235725 -0.510943 1.000000
tan -0.291897 0.917602 0.066712 1.000000
tan -0.822618 0.228470 0.522785 1.000000
tan 0.619567 0.726641 -0.291339 1.000000
tan 0.824292 -0.241863 -0.493769 1.000000
tan -0.244157 0.921942 0.140058 1.000000
tan -0.831236 0.236903 0.503317 1.000000
tan 0.635749 0.718643 -0.271685 1.000000
tan 0.825594 -0.240437 -0.484717 1.000000
tan -0.189162 0.910720 0.223138 1.000000
tan -0.831050 0.235290 0.505363 1.000000
tan 0.640833 0.723045 -0.263501 1.000000
tan 0.827330 -0.251411 -0.468907 1.000000
tan -0.154442 0.894724 0.268460 1.000000
tan -0.825594 0.240437 0.484717 1.000000
tan 0.652737 0.710397 -0.252279 1.000000
tan 0.816108 -0.252837 -0.467233 1.000000
tan -0.125550 0.882014 0.319176 1.000000
tan -0.820076 0.244467 0.476347 1.000000
tan 0.665695 0.710025 -0.237275 1.000000
tan 0.812574 -0.252279 -0.462459 1.000000
tan -0.095480 0.867258 0.356191 1.000000
tan -0.822990 0.252837 0.471077 1.000000
tan 0.671523 0.708785 -0.220162 1.000000
tan 0.815674 -0.266477 -0.405357 1.000000
tan -0.069564 0.851138 0.394197 1.000000
tan -0.813008 0.248497 0.462459 1.000000
tan 0.636679 0.729741 -0.258355 1.000000
tan 0.798810 -0.273917 -0.402009 1.000000
tan -0.007936 0.776738 0.452353 1.000000
tan -0.815550 0.291339 0.380929 1.000000
tan 0.634881 0.725215 -0.256991 1.000000
tan 0.792734 -0.270321 -0.458057 1.000000
tan 0.019344 0.744931 0.509889 1.000000
tan -0.812202 0.299647 0.381425 1.000000
tan 0.704259 0.686341 -0.153078 1.000000
tan 0.922562 -0.232314 -0.330585 1.000000
tan 0.724471 0.658255 -0.176700 1.000000
tan -0.099324 0.861182 0.312853 1.000000
tan -0.792734 0.259471 0.470581 1.000000
tan -0.862298 0.442123 0.247380 1.000000
tan -1.000000 -0.014632 0.047244 1.000000
tan -1.000000 -0.016244 0.015748 1.000000
tan -0.488685 -0.874264 -0.009920 1.000000
tan -0.495567 -0.866142 0.013640 1.000000
tan 0.511811 -0.858268 -0.006758 1.000000
tan -0.984314 -0.002232 0.093744 1.000000
tan 0.504805 -0.866142 0.013640 1.000000
tan 1.000000 0.015500 0.007874 1.000000
tan 1.000000 0.023374 -0.031496 1.000000
tan 0.992126 0.013702 -0.078120 1.000000
tan -0.492157 -0.859322 0.075020 1.000000
tan -0.937752 0.009610 0.150040 1.000000
tan 0.490421 -0.851510 0.094612 1.000000
tan 0.953066 -0.005580 -0.136152 1.000000
tan -0.484159 -0.859756 0.162068 1.000000
tan -0.922996 0.204538 0.305909 1.000000
tan 0.517143 -0.807428 0.245025 1.000000
tan 0.890694 -0.031620 -0.186248 1.000000
tan -0.370575 -0.607229 0.702337 1.000000
tan -0.890570 0.103168 0.156240 1.000000
tan 0.527745 -0.448633 0.723169 1.000000
tan 0.905822 -0.108624 -0.173724 1.000000
tan -0.400521 -0.431521 0.805506 1.000000
tan -0.969248 0.097154 0.207762 1.000000
tan 0.582181 -0.266042 0.764461 1.000000
tan 0.877302 -0.114328 -0.150040 1.000000
tan -0.400087 -0.654473 0.632897 1.000000
tan -0.942278 -0.004278 0.092938 1.000000
tan 0.574617 -0.545105 0.609647 1.000000
tan 0.976812 -0.092070 -0.188728 1.000000
tan -0.437535 -0.848162 0.303925 1.000000
tan -0.957592 -0.021824 0.076260 1.000000
tan -1.000000 -0.019158 0.070866 1.000000
tan 0.509455 -0.817719 0.270321 1.000000
tan 0.900800 0.017174 -0.079050 1.000000
tan -0.439457 -0.898134 0.049352 1.000000
tan -0.979974 -0.025854 0.076756 1.000000
tan 0.555273 -0.836692 0.026412 1.000000
tan 1.000000 0.019158 -0.070866 1.000000
tan -0.451051 -0.878356 -0.168454 1.000000
tan -0.937938 -0.034596 0.092194 1.000000
tan 0.538719 -0.827578 -0.151962 1.000000
tan 0.979974 0.024056 -0.069068 1.000000
tan -0.474983 -0.782131 -0.399963 1.000000
tan -0.987166 -0.061380 0.100812 1.000000
tan 0.522537 -0.773513 -0.355757 1.000000
tan 0.937938 0.030752 -0.085312 1.000000
tan -0.501457 -0.633393 -0.594953 1.000000
tan -0.969868 -0.059334 0.093248 1.000000
tan 0.499907 -0.656829 -0.565565 1.000000
tan 0.981400 0.066898 -0.106578 1.000000
tan -0.513485 -0.473247 -0.712133 1.000000
tan -0.942340 -0.046004 0.077748 1.000000
tan 0.479881 -0.510571 -0.707173 1.000000
tan 0.965094 0.072168 -0.102796 1.000000
tan -0.528985 -0.355757 -0.773265 1.000000
tan -0.944324 0.118792 -0.120776 1.000000
tan 0.476161 -0.396553 -0.789013 1.000000
tan 0.942340 0.052824 -0.081654 1.000000
tan -0.600037 -0.695331 -0.382603 1.000000
tan -0.940666 0.154008 -0.214892 1.000000
tan -0.691549 -0.709467 -0.002976 1.000000
tan 0.293695 -0.774691 -0.553723 1.000000
tan 0.933722 -0.245768 0.062868 1.000000
tan 0.221526 -0.934280 0.184698 1.000000
tan 0.948106 -0.185752 0.185008 1.000000
tan -0.944324 0.118792 -0.120776 1.000000
tan -0.940666 0.154008 -0.214892 1.000000
tan -0.383161 0.896212 -0.158720 1.000000
tan -0.561597 0.692541 0.459111 1.000000
tan 0.584661 0.799181 -0.033852 1.000000
tan -0.942340 -0.046004 0.077748 1.000000
tan 0.404365 0.773575 0.483973 1.000000
tan 0.917850 -0.161882 0.283341 1.000000
tan 0.922934 -0.275652 0.108500 1.000000
tan -0.442185 0.421229 0.793663 1.000000
tan -0.969868 -0.059334 0.093248 1.000000
tan 0.554901 0.360221 0.750201 1.000000
tan 0.935520 0.073284 -0.093000 1.000000
tan -0.443053 0.527373 0.719449 1.000000
tan -0.987166 -0.061380 0.100812 1.000000
tan 0.546035 0.464443 0.689751 1.000000
tan 0.969868 0.071858 -0.102796 1.000000
tan -0.454709 0.668361 0.587327 1.000000
tan -0.937938 -0.034596 0.092194 1.000000
tan 0.551801 0.614297 0.569595 1.000000
tan 0.981400 0.061566 -0.100812 1.000000
tan -0.460041 0.802964 0.392027 1.000000
tan -0.979974 -0.025854 0.076756 1.000000
tan 0.533697 0.757083 0.367723 1.000000
tan 0.937938 0.034596 -0.092194 1.000000
tan -0.465807 0.867258 0.167028 1.000000
tan -1.000000 -0.019158 0.070866 1.000000
tan 0.521049 0.841280 0.142290 1.000000
tan 0.979974 0.024056 -0.069068 1.000000
tan -0.484407 0.875380 -0.033728 1.000000
tan -0.957592 -0.021824 0.076260 1.000000
tan 0.510695 0.858640 -0.048608 1.000000
tan 1.000000 0.019654 -0.062992 1.000000
tan -0.503069 0.813069 -0.273607 1.000000
tan -0.942278 -0.004278 0.092938 1.000000
tan -0.971294 0.108996 0.194122 1.000000
tan 0.431521 0.855602 -0.299461 1.000000
tan 0.908054 0.044020 -0.072540 1.000000
tan -0.549817 0.555335 -0.628123 1.000000
tan -0.887222 0.102548 0.141608 1.000000
tan 0.435613 0.643189 -0.629053 1.000000
tan 0.977742 -0.085126 -0.200508 1.000000
tan -0.559117 0.277450 -0.779404 1.000000
tan -0.912580 0.168454 0.244156 1.000000
tan 0.427119 0.409945 -0.798686 1.000000
tan 0.880464 -0.114948 -0.164424 1.000000
tan -0.552049 0.499473 -0.670345 1.000000
tan -0.930002 0.021080 0.156240 1.000000
tan 0.344721 0.627131 -0.700911 1.000000
tan 0.928948 -0.102486 -0.187488 1.000000
tan 0.883254 -0.041664 -0.198772 1.000000
tan -0.532085 0.792548 -0.233555 1.000000
tan 0.469155 0.867506 -0.170314 1.000000
tan 0.953066 0.003224 -0.128588 1.000000
tan -0.496683 0.843698 -0.087048 1.000000
tan -0.992126 -0.003472 0.085932 1.000000
tan 0.476533 0.867134 -0.082584 1.000000
tan 0.992126 0.012710 -0.085932 1.000000
tan -0.512679 0.858268 -0.013516 1.000000
tan -1.000000 -0.014818 0.039370 1.000000
tan -1.000000 -0.016244 0.015748 1.000000
tan -0.511811 0.858268 0.006758 1.000000
tan 0.488375 0.874016 0.006882 1.000000
tan 0.479571 0.874016 -0.027528 1.000000
tan 1.000000 0.015438 -0.039370 1.000000
tan 1.000000 0.017236 -0.047244 1.000000
tan -0.799554 0.049972 -0.374791 1.000000
tan -0.940666 0.154008 -0.214892 1.000000
tan -0.691549 -0.709467 -0.002976 1.000000
tan -0.750201 -0.510323 0.427553 1.000000
tan 0.221526 -0.934280 0.184698 1.000000
tan -0.856594 0.087544 -0.321037 1.000000
tan 0.214706 -0.786657 0.552173 1.000000
tan 0.948106 -0.185752 0.185008 1.000000
tan 0.843264 -0.089342 0.334925 1.000000
tan 0.802034 -0.059582 0.377271 1.000000
tan -0.737925 -0.551987 0.389051 1.000000
tan -0.901048 0.176018 -0.229710 1.000000
tan 0.217248 -0.793105 0.549073 1.000000
tan -0.699733 -0.671461 0.232129 1.000000
tan -0.927150 0.197408 -0.187488 1.000000
tan 0.268585 -0.855478 0.432451 1.000000
tan 0.902350 -0.166780 0.228408 1.000000
tan -0.667183 -0.736251 0.109058 1.000000
tan -0.961374 0.201066 -0.170810 1.000000
tan 0.306901 -0.901606 0.280985 1.000000
tan 0.927150 -0.181908 0.186744 1.000000
tan -0.635811 -0.767003 -0.012896 1.000000
tan -0.948974 0.202678 -0.171368 1.000000
tan 0.351045 -0.925724 0.083948 1.000000
tan 0.961002 -0.184202 0.169136 1.000000
tan -0.606361 -0.782875 -0.142724 1.000000
tan -0.907682 0.219356 -0.172360 1.000000
tan 0.399281 -0.898692 -0.152582 1.000000
tan 0.956724 -0.187178 0.173042 1.000000
tan -0.575671 -0.759067 -0.314526 1.000000
tan -0.964536 0.220100 -0.125860 1.000000
tan 0.434683 -0.797384 -0.400645 1.000000
tan 0.915246 -0.200446 0.169694 1.000000
tan -0.547585 -0.650381 -0.528365 1.000000
tan -0.973402 0.193254 -0.103664 1.000000
tan 0.465621 -0.637361 -0.609585 1.000000
tan 0.964536 -0.219418 0.136338 1.000000
tan -0.585529 -0.684729 -0.429289 1.000000
tan -0.937008 0.070246 0.044268 1.000000
tan 0.398413 -0.654473 -0.632897 1.000000
tan 0.888338 -0.253146 0.204786 1.000000
tan -0.561783 -0.804637 -0.108562 1.000000
tan -0.960630 0.075516 0.068076 1.000000
tan 0.422283 -0.898382 -0.135470 1.000000
tan 0.937442 -0.056916 -0.089280 1.000000
tan 0.960630 -0.064914 -0.075640 1.000000
tan -0.553537 -0.812449 -0.096720 1.000000
tan -0.893918 0.157356 -0.160704 1.000000
tan -0.079050 -0.906752 -0.395251 1.000000
tan 0.424701 -0.891252 -0.178250 1.000000
tan 0.840598 -0.232438 0.263253 1.000000
tan 0.832786 -0.062744 0.355633 1.000000
tan 0.917850 -0.161882 0.283341 1.000000
tan 0.584661 0.799181 -0.033852 1.000000
tan 0.729865 0.506293 -0.448261 1.000000
tan -0.383161 0.896212 -0.158720 1.000000
tan 0.795648 -0.041106 0.375597 1.000000
tan -0.240932 0.801785 -0.529481 1.000000
tan -0.940666 0.154008 -0.214892 1.000000
tan -0.779156 0.018414 -0.397235 1.000000
tan 0.743815 0.544485 -0.373923 1.000000
tan 0.902350 -0.166780 0.228408 1.000000
tan -0.196044 0.777853 -0.571951 1.000000
tan -0.856904 0.138632 -0.297849 1.000000
tan 0.714613 0.663587 -0.200632 1.000000
tan 0.927150 -0.181908 0.186744 1.000000
tan -0.220224 0.855354 -0.442929 1.000000
tan -0.901048 0.176018 -0.229710 1.000000
tan 0.694091 0.701655 -0.080724 1.000000
tan 0.961002 -0.183768 0.176824 1.000000
tan -0.244156 0.909108 -0.289541 1.000000
tan -0.927150 0.197408 -0.187488 1.000000
tan 0.681133 0.729493 0.030132 1.000000
tan 0.956724 -0.187178 0.173042 1.000000
tan -0.270507 0.947238 -0.086304 1.000000
tan -0.961374 0.201066 -0.170810 1.000000
tan 0.664021 0.742141 0.135160 1.000000
tan 0.915246 -0.200446 0.169694 1.000000
tan -0.312915 0.927460 0.170562 1.000000
tan -0.948974 0.202678 -0.171368 1.000000
tan 0.625333 0.725153 0.295492 1.000000
tan 0.964536 -0.214086 0.130572 1.000000
tan -0.359849 0.819332 0.429289 1.000000
tan -0.907682 0.219356 -0.172360 1.000000
tan 0.585467 0.621365 0.514291 1.000000
tan 0.928700 -0.217248 0.171120 1.000000
tan -0.404551 0.650071 0.629363 1.000000
tan -0.964536 0.220100 -0.125860 1.000000
tan 0.544609 0.714241 0.448137 1.000000
tan -0.451299 0.640399 0.621365 1.000000
tan -0.973402 0.193254 -0.103664 1.000000
tan -0.926406 0.091450 0.028458 1.000000
tan 0.552173 0.812449 0.103168 1.000000
tan 0.945254 -0.057660 -0.090024 1.000000
tan 0.960630 -0.069750 -0.060512 1.000000
tan -0.421849 0.898382 0.128340 1.000000
tan -0.960630 0.062744 0.083204 1.000000
tan 0.567673 0.804637 0.089404 1.000000
tan 0.865088 -0.193626 0.206274 1.000000
tan 0.157976 0.891810 0.399777 1.000000
tan -0.421477 0.884122 0.178250 1.000000
tan -0.879162 0.137454 -0.149234 1.000000
tan -0.002976 -0.843698 0.515593 1.000000
tan 0.023436 -0.930622 -0.139500 1.000000
tan -0.315829 -0.460289 0.830182 1.000000
tan -0.734825 -0.040610 0.673507 1.000000
tan -0.631409 -0.647777 0.375969 1.000000
tan -0.299709 0.672825 0.674437 1.000000
tan -0.311241 0.228161 0.885238 1.000000
f 3/3/3 2/2/2 1/1/1
f 1/1/1 4/4/4 3/3/3
f 5/5/5 3/3/3 4/4/4
f 4/4/4 1/1/1 6/6/6
f 4/4/4 7/7/7 5/5/5
f 8/8/8 5/5/5 7/7/7
f 7/7/7 9/9/9 8/8/8
f 6/6/6 10/10/10 4/4/4
f 7/7/7 4/4/4 10/10/10
f 9/9/9 7/7/7 11/11/11
f 10/10/10 11/11/11 7/7/7
f 11/11/11 12/12/12 9/9/9
f 6/6/6 13/13/13 10/10/10
f 11/11/11 10/10/10 13/13/13
f 13/13/13 6/6/6 14/14/14
f 13/13/13 14/14/14 15/15/15
f 12/12/12 11/11/11 16/16/16
f 13/13/13 16/16/16 11/11/11
f 16/16/16 17/17/17 12/12/12
f 15/15/15 18/18/18 13/13/13
f 16/16/16 13/13/13 18/18/18
f 17/17/17 16/16/16 19/19/19
f 18/18/18 19/19/19 16/16/16
f 19/19/19 20/20/20 17/17/17
f 21/21/21 20/20/20 19/19/19
f 19/19/19 22/22/22 21/21/21
f 22/22/22 19/19/19 18/18/18
f 23/23/23 21/21/21 22/22/22
f 24/24/24 18/18/18 15/15/15
f 18/18/18 24/24/24 22/22/22
f 15/15/15 25/25/25 24/24/24
f 22/22/22 26/26/26 23/23/23
f 26/26/26 22/22/22 24/24/24
f 27/27/27 23/23/23 26/26/26
f 28/28/28 24/24/24 25/25/25
f 24/24/24 28/28/28 26/26/26
f 25/25/25 29/29/29 28/28/28
f 29/29/29 30/30/30 28/28/28
f 26/26/26 31/31/31 27/27/27
f 31/31/31 26/26/26 28/28/28
f 32/32/32 27/27/27 31/31/31
f 33/33/33 28/28/28 30/30/30
f 28/28/28 33/33/33 31/31/31
f 30/30/30 34/34/34 33/33/33
f 31/31/31 35/35/35 32/32/32
f 36/36/36 32/32/32 35/35/35
f 31/31/31 33/33/33 37/37/37
f 37/37/37 33/33/33 34/34/34
f 37/37/37 35/35/35 31/31/31
f 34/34/34 38/38/38 37/37/37
f 35/35/35 39/39/39 36/36/36
f 39/39/39 35/35/35 37/37/37
f 40/40/40 36/36/36 39/39/39
f 41/41/41 37/37/37 38/38/38
f 37/37/37 41/41/41 39/39/39
f 38/38/38 42/42/42 41/41/41
f 39/39/39 43/43/43 40/40/40
f 44/44/44 40/40/40 43/43/43
f 39/39/39 41/41/41 45/45/45
f 45/45/45 41/41/41 42/42/42
f 45/45/45 43/43/43 39/39/39
f 42/42/42 46/46/46 45/45/45
f 43/43/43 47/47/47 44/44/44
f 47/47/47 43/43/43 45/45/45
f 48/48/48 44/44/44 47/47/47
f 49/49/49 45/45/45 46/46/46
f 45/45/45 49/49/49 47/47/47
f 46/46/46 50/50/50 49/49/49
f 47/47/47 51/51/51 48/48/48
f 52/52/52 48/48/48 51/51/51
f 47/47/47 49/49/49 53/53/53
f 53/53/53 49/49/49 50/50/50
f 53/53/53 51/51/51 47/47/47
f 50/50/50 54/54/54 53/53/53
f 51/51/51 55/55/55 52/52/52
f 55/55/55 51/51/51 53/53/53
f 56/56/56 52/52/52 55/55/55
f 57/57/57 53/53/53 54/54/54
f 53/53/53 57/57/57 55/55/55
f 54/54/54 58/58/58 57/57/57
f 55/55/55 59/59/59 56/56/56
f 60/60/60 56/56/56 59/59/59
f 55/55/55 57/57/57 61/61/61
f 61/61/61 57/57/57 58/58/58
f 61/61/61 59/59/59 55/55/55
f 58/58/58 62/62/62 61/61/61
f 59/59/59 63/63/63 60/60/60
f 63/63/63 59/59/59 61/61/61
f 64/64/64 60/60/60 63/63/63
f 65/65/65 61/61/61 62/62/62
f 61/61/61 65/65/65 63/63/63
f 62/62/62 66/66/66 65/65/65
f 67/67/67 65/65/65 66/66/66
f 63/63/63 65/65/65 67/67/67
f 66/66/66 68/68/68 67/67/67
f 67/67/67 68/68/68 69/69/69
f 67/67/67 70/70/70 63/63/63
f 63/63/63 70/70/70 64/64/64
f 69/69/69 71/71/71 67/67/67
f 70/70/70 67/67/67 71/71/71
f 71/71/71 69/69/69 72/72/72
f 72/72/72 73/73/73 71/71/71
f 64/64/64 70/70/70 74/74/74
f 71/71/71 74/74/74 70/70/70
f 74/74/74 71/71/71 73/73/73
f 74/74/74 75/75/75 64/64/64
f 73/73/73 76/76/76 74/74/74
f 75/75/75 74/74/74 76/76/76
f 76/76/76 77/77/77 75/75/75
f 80/80/80 79/79/79 78/78/78
f 78/78/78 81/81/81 80/80/80
f 82/82/82 80/80/80 81/81/81
f 81/81/81 78/78/78 83/83/83
f 81/81/81 84/84/84 82/82/82
f 85/85/85 82/82/82 84/84/84
f 84/84/84 86/86/86 85/85/85
f 83/83/83 87/87/87 81/81/81
f 84/84/84 81/81/81 87/87/87
f 86/86/86 84/84/84 88/88/88
f 87/87/87 88/88/88 84/84/84
f 88/88/88 89/89/89 86/86/86
f 83/83/83 90/90/90 87/87/87
f 88/88/88 87/87/87 90/90/90
f 90/90/90 83/83/83 91/91/91
f 90/90/90 91/91/91 92/92/92
f 89/89/89 88/88/88 93/93/93
f 90/90/90 93/93/93 88/88/88
f 93/93/93 94/94/94 89/89/89
f 92/92/92 95/95/95 90/90/90
f 93/93/93 90/90/90 95/95/95
f 94/94/94 93/93/93 96/96/96
f 95/95/95 96/96/96 93/93/93
f 96/96/96 97/97/97 94/94/94
f 98/98/98 97/97/97 96/96/96
f 96/96/96 99/99/99 98/98/98
f 99/99/99 96/96/96 95/95/95
f 100/100/100 98/98/98 99/99/99
f 101/101/101 95/95/95 92/92/92
f 95/95/95 101/101/101 99/99/99
f 92/92/92 102/102/102 101/101/101
f 99/99/99 103/103/103 100/100/100
f 103/103/103 99/99/99 101/101/101
f 104/104/104 100/100/100 103/103/103
f 105/105/105 104/104/104 103/103/103
f 106/106/106 101/101/101 102/102/102
f 101/101/101 106/106/106 103/103/103
f 102/102/102 107/107/107 106/106/106
f 103/103/103 108/108/108 105/105/105
f 108/108/108 103/103/103 106/106/106
f 109/109/109 105/105/105 108/108/108
f 110/110/110 106/106/106 107/107/107
f 106/106/106 110/110/110 108/108/108
f 107/107/107 111/111/111 110/110/110
f 108/108/108 112/112/112 109/109/109
f 112/112/112 108/108/108 110/110/110
f 113/113/113 109/109/109 112/112/112
f 114/114/114 110/110/110 111/111/111
f 110/110/110 114/114/114 112/112/112
f 111/111/111 115/115/115 114/114/114
f 112/112/112 116/116/116 113/113/113
f 116/116/116 112/112/112 114/114/114
f 117/117/117 113/113/113 116/116/116
f 118/118/118 114/114/114 115/115/115
f 114/114/114 118/118/118 116/116/116
f 115/115/115 119/119/119 118/118/118
f 116/116/116 120/120/120 117/117/117
f 120/120/120 116/116/116 118/118/118
f 121/121/121 117/117/117 120/120/120
f 122/122/122 118/118/118 119/119/119
f 118/118/118 122/122/122 120/120/120
f 119/119/119 123/123/123 122/122/122
f 120/120/120 124/124/124 121/121/121
f 125/125/125 121/121/121 124/124/124
f 120/120/120 122/122/122 126/126/126
f 126/126/126 122/122/122 123/123/123
f 126/126/126 124/124/124 120/120/120
f 123/123/123 127/127/127 126/126/126
f 124/124/124 128/128/128 125/125/125
f 128/128/128 124/124/124 126/126/126
f 129/129/129 125/125/125 128/128/128
f 130/130/130 126/126/126 127/127/127
f 126/126/126 130/130/130 128/128/128
f 127/127/127 131/131/131 130/130/130
f 128/128/128 132/132/132 129/129/129
f 133/133/133 129/129/129 132/132/132
f 128/128/128 130/130/130 134/134/134
f 134/134/134 130/130/130 131/131/131
f 134/134/134 132/132/132 128/128/128
f 131/131/131 135/135/135 134/134/134
f 132/132/132 136/136/136 133/133/133
f 136/136/136 132/132/132 134/134/134
f 137/137/137 133/133/133 136/136/136
f 138/138/138 134/134/134 135/135/135
f 134/134/134 138/138/138 136/136/136
f 135/135/135 139/139/139 138/138/138
f 136/136/136 140/140/140 137/137/137
f 141/141/141 138/138/138 139/139/139
f 136/136/136 138/138/138 141/141/141
f 141/141/141 140/140/140 136/136/136
f 139/139/139 142/142/142 141/141/141
f 143/143/143 137/137/137 140/140/140
f 144/144/144 141/141/141 142/142/142
f 142/142/142 145/145/145 144/144/144
f 144/144/144 145/145/145 146/146/146
f 147/147/147 140/140/140 141/141/141
f 141/141/141 144/144/144 147/147/147
f 140/140/140 147/147/147 143/143/143
f 146/146/146 148/148/148 144/144/144
f 147/147/147 144/144/144 148/148/148
f 148/148/148 146/146/146 149/149/149
f 149/149/149 150/150/150 148/148/148
f 143/143/143 147/147/147 151/151/151
f 148/148/148 151/151/151 147/147/147
f 151/151/151 148/148/148 150/150/150
f 151/151/151 152/152/152 143/143/143
f 150/150/150 153/153/153 151/151/151
f 152/152/152 151/151/151 153/153/153
f 153/153/153 154/154/154 152/152/152
f 157/157/157 156/156/156 155/155/155
f 155/155/155 158/158/158 157/157/157
f 159/159/159 157/157/157 158/158/158
f 158/158/158 155/155/155 160/160/160
f 158/158/158 161/161/161 159/159/159
f 162/162/162 159/159/159 161/161/161
f 161/161/161 163/163/163 162/162/162
f 160/160/160 164/164/164 158/158/158
f 161/161/161 158/158/158 164/164/164
f 164/164/164 160/160/160 165/165/165
f 161/161/161 166/166/166 163/163/163
f 165/165/165 167/167/167 164/164/164
f 161/161/161 164/164/164 167/167/167
f 167/167/167 165/165/165 168/168/168
f 167/167/167 168/168/168 169/169/169
f 166/166/166 161/161/161 170/170/170
f 167/167/167 170/170/170 161/161/161
f 170/170/170 171/171/171 166/166/166
f 169/169/169 172/172/172 167/167/167
f 170/170/170 167/167/167 172/172/172
f 172/172/172 169/169/169 173/173/173
f 171/171/171 170/170/170 174/174/174
f 172/172/172 174/174/174 170/170/170
f 174/174/174 175/175/175 171/171/171
f 173/173/173 176/176/176 172/172/172
f 174/174/174 172/172/172 176/176/176
f 176/176/176 173/173/173 177/177/177
f 175/175/175 174/174/174 178/178/178
f 176/176/176 178/178/178 174/174/174
f 178/178/178 179/179/179 175/175/175
f 177/177/177 180/180/180 176/176/176
f 180/180/180 177/177/177 181/181/181
f 180/180/180 181/181/181 182/182/182
f 176/176/176 183/183/183 178/178/178
f 179/179/179 178/178/178 183/183/183
f 183/183/183 176/176/176 180/180/180
f 183/183/183 184/184/184 179/179/179
f 183/183/183 185/185/185 184/184/184
f 182/182/182 186/186/186 180/180/180
f 183/183/183 180/180/180 186/186/186
f 186/186/186 182/182/182 187/187/187
f 187/187/187 188/188/188 186/186/186
f 185/185/185 183/183/183 189/189/189
f 186/186/186 189/189/189 183/183/183
f 189/189/189 186/186/186 188/188/188
f 189/189/189 190/190/190 185/185/185
f 188/188/188 191/191/191 189/189/189
f 190/190/190 189/189/189 191/191/191
f 191/191/191 192/192/192 190/190/190
f 195/195/195 194/194/194 193/193/193
f 193/193/193 196/196/196 195/195/195
f 197/197/197 195/195/195 196/196/196
f 196/196/196 193/193/193 198/198/198
f 196/196/196 199/199/199 197/197/197
f 200/200/200 197/197/197 199/199/199
f 199/199/199 201/201/201 200/200/200
f 198/198/198 202/202/202 196/196/196
f 199/199/199 196/196/196 202/202/202
f 202/202/202 198/198/198 203/203/203
f 201/201/201 199/199/199 204/204/204
f 202/202/202 204/204/204 199/199/199
f 204/204/204 205/205/205 201/201/201
f 204/204/204 206/206/206 205/205/205
f 203/203/203 207/207/207 202/202/202
f 204/204/204 202/202/202 207/207/207
f 207/207/207 203/203/203 208/208/208
f 207/207/207 208/208/208 209/209/209
f 206/206/206 204/204/204 210/210/210
f 207/207/207 210/210/210 204/204/204
f 210/210/210 211/211/211 206/206/206
f 209/209/209 212/212/212 207/207/207
f 210/210/210 207/207/207 212/212/212
f 212/212/212 209/209/209 213/213/213
f 211/211/211 210/210/210 214/214/214
f 212/212/212 214/214/214 210/210/210
f 214/214/214 215/215/215 211/211/211
f 214/214/214 216/216/216 215/215/215
f 213/213/213 217/217/217 212/212/212
f 217/217/217 213/213/213 218/218/218
f 212/212/212 219/219/219 214/214/214
f 216/216/216 214/214/214 219/219/219
f 219/219/219 212/212/212 217/217/217
f 219/219/219 220/220/220 216/216/216
f 218/218/218 221/221/221 217/217/217
f 219/219/219 217/217/217 221/221/221
f 221/221/221 218/218/218 222/222/222
f 221/221/221 222/222/222 223/223/223
f 220/220/220 219/219/219 224/224/224
f 221/221/221 224/224/224 219/219/219
f 224/224/224 225/225/225 220/220/220
f 223/223/223 226/226/226 221/221/221
f 224/224/224 221/221/221 226/226/226
f 226/226/226 223/223/223 227/227/227
f 227/227/227 228/228/228 226/226/226
f 225/225/225 224/224/224 229/229/229
f 226/226/226 229/229/229 224/224/224
f 229/229/229 226/226/226 228/228/228
f 229/229/229 230/230/230 225/225/225
f 228/228/228 231/231/231 229/229/229
f 230/230/230 229/229/229 231/231/231
f 234/234/234 233/233/233 232/232/232
f 232/232/232 235/235/235 234/234/234
f 236/236/236 234/234/234 235/235/235
f 235/235/235 232/232/232 237/237/237
f 235/235/235 238/238/238 236/236/236
f 239/239/239 236/236/236 238/238/238
f 238/238/238 240/240/240 239/239/239
f 237/237/237 241/241/241 235/235/235
f 238/238/238 235/235/235 241/241/241
f 240/240/240 238/238/238 242/242/242
f 241/241/241 242/242/242 238/238/238
f 242/242/242 243/243/243 240/240/240
f 242/242/242 244/244/244 243/243/243
f 237/237/237 245/245/245 241/241/241
f 242/242/242 241/241/241 245/245/245
f 245/245/245 237/237/237 246/246/246
f 245/245/245 246/246/246 247/247/247
f 244/244/244 242/242/242 248/248/248
f 245/245/245 248/248/248 242/242/242
f 248/248/248 249/249/249 244/244/244
f 247/247/247 250/250/250 245/245/245
f 248/248/248 245/245/245 250/250/250
f 250/250/250 247/247/247 251/251/251
f 249/249/249 248/248/248 252/252/252
f 252/252/252 253/253/253 249/249/249
f 248/248/248 250/250/250 254/254/254
f 251/251/251 254/254/254 250/250/250
f 254/254/254 252/252/252 248/248/248
f 254/254/254 251/251/251 255/255/255
f 255/255/255 256/256/256 254/254/254
f 252/252/252 254/254/254 256/256/256
f 256/256/256 257/257/257 252/252/252
f 253/253/253 252/252/252 257/257/257
f 257/257/257 258/258/258 253/253/253
f 261/261/261 260/260/260 259/259/259
f 259/259/259 262/262/262 261/261/261
f 263/263/263 261/261/261 262/262/262
f 262/262/262 259/259/259 264/264/264
f 262/262/262 265/265/265 263/263/263
f 266/266/266 263/263/263 265/265/265
f 265/265/265 267/267/267 266/266/266
f 264/264/264 268/268/268 262/262/262
f 265/265/265 262/262/262 268/268/268
f 268/268/268 264/264/264 269/269/269
f 267/267/267 265/265/265 270/270/270
f 268/268/268 270/270/270 265/265/265
f 270/270/270 271/271/271 267/267/267
f 269/269/269 272/272/272 268/268/268
f 270/270/270 268/268/268 272/272/272
f 272/272/272 269/269/269 273/273/273
f 271/271/271 270/270/270 274/274/274
f 272/272/272 274/274/274 270/270/270
f 274/274/274 275/275/275 271/271/271
f 273/273/273 276/276/276 272/272/272
f 274/274/274 272/272/272 276/276/276
f 276/276/276 273/273/273 277/277/277
f 275/275/275 274/274/274 278/278/278
f 276/276/276 278/278/278 274/274/274
f 278/278/278 279/279/279 275/275/275
f 277/277/277 280/280/280 276/276/276
f 278/278/278 276/276/276 280/280/280
f 280/280/280 277/277/277 281/281/281
f 281/281/281 282/282/282 280/280/280
f 279/279/279 278/278/278 283/283/283
f 280/280/280 283/283/283 278/278/278
f 283/283/283 280/280/280 282/282/282
f 283/283/283 284/284/284 279/279/279
f 282/282/282 285/285/285 283/283/283
f 284/284/284 283/283/283 285/285/285
f 285/285/285 286/286/286 284/284/284
f 289/289/289 288/288/288 287/287/287
f 287/287/287 290/290/290 289/289/289
f 291/291/291 289/289/289 290/290/290
f 290/290/290 287/287/287 292/292/292
f 290/290/290 293/293/293 291/291/291
f 294/294/294 291/291/291 293/293/293
f 293/293/293 295/295/295 294/294/294
f 292/292/292 296/296/296 290/290/290
f 293/293/293 290/290/290 296/296/296
f 296/296/296 292/292/292 297/297/297
f 296/296/296 297/297/297 298/298/298
f 295/295/295 293/293/293 299/299/299
f 296/296/296 299/299/299 293/293/293
f 299/299/299 300/300/300 295/295/295
f 298/298/298 301/301/301 296/296/296
f 299/299/299 296/296/296 301/301/301
f 300/300/300 299/299/299 302/302/302
f 301/301/301 302/302/302 299/299/299
f 302/302/302 303/303/303 300/300/300
f 304/304/304 303/303/303 302/302/302
f 302/302/302 305/305/305 304/304/304
f 305/305/305 302/302/302 301/301/301
f 306/306/306 304/304/304 305/305/305
f 307/307/307 301/301/301 298/298/298
f 301/301/301 307/307/307 305/305/305
f 298/298/298 308/308/308 307/307/307
f 305/305/305 309/309/309 306/306/306
f 309/309/309 305/305/305 307/307/307
f 310/310/310 306/306/306 309/309/309
f 311/311/311 307/307/307 308/308/308
f 307/307/307 311/311/311 309/309/309
f 308/308/308 312/312/312 311/311/311
f 309/309/309 313/313/313 310/310/310
f 313/313/313 309/309/309 311/311/311
f 314/314/314 310/310/310 313/313/313
f 315/315/315 311/311/311 312/312/312
f 311/311/311 315/315/315 313/313/313
f 312/312/312 316/316/316 315/315/315
f 313/313/313 317/317/317 314/314/314
f 317/317/317 313/313/313 315/315/315
f 318/318/318 314/314/314 317/317/317
f 319/319/319 315/315/315 316/316/316
f 315/315/315 319/319/319 317/317/317
f 316/316/316 320/320/320 319/319/319
f 317/317/317 321/321/321 318/318/318
f 322/322/322 318/318/318 321/321/321
f 317/317/317 319/319/319 323/323/323
f 323/323/323 319/319/319 320/320/320
f 323/323/323 321/321/321 317/317/317
f 320/320/320 324/324/324 323/323/323
f 321/321/321 325/325/325 322/322/322
f 325/325/325 321/321/321 323/323/323
f 326/326/326 322/322/322 325/325/325
f 327/327/327 323/323/323 324/324/324
f 323/323/323 327/327/327 325/325/325
f 324/324/324 328/328/328 327/327/327
f 325/325/325 329/329/329 326/326/326
f 330/330/330 326/326/326 329/329/329
f 325/325/325 327/327/327 331/331/331
f 331/331/331 327/327/327 328/328/328
f 331/331/331 329/329/329 325/325/325
f 328/328/328 332/332/332 331/331/331
f 329/329/329 333/333/333 330/330/330
f 333/333/333 329/329/329 331/331/331
f 334/334/334 330/330/330 333/333/333
f 335/335/335 331/331/331 332/332/332
f 331/331/331 335/335/335 333/333/333
f 332/332/332 336/336/336 335/335/335
f 333/333/333 337/337/337 334/334/334
f 338/338/338 334/334/334 337/337/337
f 333/333/333 335/335/335 339/339/339
f 339/339/339 335/335/335 336/336/336
f 339/339/339 337/337/337 333/333/333
f 336/336/336 340/340/340 339/339/339
f 337/337/337 341/341/341 338/338/338
f 341/341/341 337/337/337 339/339/339
f 342/342/342 338/338/338 341/341/341
f 343/343/343 339/339/339 340/340/340
f 339/339/339 343/343/343 341/341/341
f 340/340/340 344/344/344 343/343/343
f 346/346/346 345/345/345 342/342/342
f 347/347/347 343/343/343 344/344/344
f 341/341/341 343/343/343 347/347/347
f 344/344/344 348/348/348 347/347/347
f 347/347/347 348/348/348 349/349/349
f 349/349/349 350/350/350 347/347/347
f 341/341/341 351/351/351 342/342/342
f 347/347/347 351/351/351 341/341/341
f 351/351/351 347/347/347 350/350/350
f 342/342/342 351/351/351 346/346/346
f 350/350/350 346/346/346 351/351/351
f 354/354/354 353/353/353 352/352/352
f 352/352/352 355/355/355 354/354/354
f 356/356/356 354/354/354 355/355/355
f 355/355/355 352/352/352 357/357/357
f 355/355/355 358/358/358 356/356/356
f 359/359/359 356/356/356 358/358/358
f 358/358/358 360/360/360 359/359/359
f 357/357/357 361/361/361 355/355/355
f 358/358/358 355/355/355 361/361/361
f 361/361/361 357/357/357 362/362/362
f 360/360/360 358/358/358 363/363/363
f 361/361/361 363/363/363 358/358/358
f 363/363/363 364/364/364 360/360/360
f 363/363/363 365/365/365 364/364/364
f 362/362/362 366/366/366 361/361/361
f 363/363/363 361/361/361 366/366/366
f 365/365/365 363/363/363 367/367/367
f 366/366/366 367/367/367 363/363/363
f 367/367/367 368/368/368 365/365/365
f 369/369/369 368/368/368 367/367/367
f 367/367/367 370/370/370 369/369/369
f 370/370/370 367/367/367 366/366/366
f 371/371/371 369/369/369 370/370/370
f 372/372/372 366/366/366 362/362/362
f 366/366/366 372/372/372 370/370/370
f 362/362/362 373/373/373 372/372/372
f 370/370/370 374/374/374 371/371/371
f 374/374/374 370/370/370 372/372/372
f 375/375/375 372/372/372 373/373/373
f 372/372/372 375/375/375 374/374/374
f 373/373/373 376/376/376 375/375/375
f 374/374/374 377/377/377 371/371/371
f 377/377/377 374/374/374 375/375/375
f 378/378/378 371/371/371 377/377/377
f 379/379/379 375/375/375 376/376/376
f 377/377/377 375/375/375 379/379/379
f 376/376/376 380/380/380 379/379/379
f 377/377/377 381/381/381 378/378/378
f 381/381/381 377/377/377 379/379/379
f 382/382/382 378/378/378 381/381/381
f 383/383/383 379/379/379 380/380/380
f 381/381/381 379/379/379 383/383/383
f 380/380/380 384/384/384 383/383/383
f 381/381/381 385/385/385 382/382/382
f 383/383/383 385/385/385 381/381/381
f 386/386/386 382/382/382 385/385/385
f 387/387/387 383/383/383 384/384/384
f 384/384/384 388/388/388 387/387/387
f 389/389/389 385/385/385 383/383/383
f 385/385/385 389/389/389 386/386/386
f 383/383/383 387/387/387 389/389/389
f 390/390/390 386/386/386 389/389/389
f 391/391/391 387/387/387 388/388/388
f 389/389/389 387/387/387 391/391/391
f 388/388/388 392/392/392 391/391/391
f 389/389/389 393/393/393 390/390/390
f 391/391/391 393/393/393 389/389/389
f 394/394/394 390/390/390 393/393/393
f 395/395/395 391/391/391 392/392/392
f 392/392/392 396/396/396 395/395/395
f 397/397/397 393/393/393 391/391/391
f 393/393/393 397/397/397 394/394/394
f 391/391/391 395/395/395 397/397/397
f 398/398/398 394/394/394 397/397/397
f 399/399/399 395/395/395 396/396/396
f 397/397/397 395/395/395 399/399/399
f 396/396/396 400/400/400 399/399/399
f 397/397/397 401/401/401 398/398/398
f 399/399/399 401/401/401 397/397/397
f 402/402/402 398/398/398 401/401/401
f 403/403/403 399/399/399 400/400/400
f 400/400/400 404/404/404 403/403/403
f 405/405/405 401/401/401 399/399/399
f 401/401/401 405/405/405 402/402/402
f 399/399/399 403/403/403 405/405/405
f 406/406/406 402/402/402 405/405/405
f 407/407/407 403/403/403 404/404/404
f 405/405/405 403/403/403 407/407/407
f 404/404/404 408/408/408 407/407/407
f 405/405/405 409/409/409 406/406/406
f 407/407/407 409/409/409 405/405/405
f 410/410/410 406/406/406 409/409/409
f 411/411/411 407/407/407 408/408/408
f 408/408/408 412/412/412 411/411/411
f 411/411/411 412/412/412 413/413/413
f 413/413/413 414/414/414 411/411/411
f 415/415/415 409/409/409 407/407/407
f 407/407/407 411/411/411 415/415/415
f 415/415/415 411/411/411 414/414/414
f 409/409/409 415/415/415 410/410/410
f 414/414/414 416/416/416 415/415/415
f 410/410/410 415/415/415 416/416/416
f 416/416/416 417/417/417 410/410/410
f 420/420/420 419/419/419 418/418/418
f 418/418/418 421/421/421 420/420/420
f 422/422/422 420/420/420 421/421/421
f 421/421/421 418/418/418 423/423/423
f 421/421/421 424/424/424 422/422/422
f 425/425/425 422/422/422 424/424/424
f 424/424/424 426/426/426 425/425/425
f 423/423/423 427/427/427 421/421/421
f 424/424/424 421/421/421 427/427/427
f 427/427/427 423/423/423 428/428/428
f 424/424/424 429/429/429 426/426/426
f 428/428/428 430/430/430 427/427/427
f 424/424/424 427/427/427 430/430/430
f 430/430/430 428/428/428 431/431/431
f 429/429/429 424/424/424 432/432/432
f 430/430/430 432/432/432 424/424/424
f 432/432/432 433/433/433 429/429/429
f 431/431/431 434/434/434 430/430/430
f 432/432/432 430/430/430 434/434/434
f 434/434/434 431/431/431 435/435/435
f 433/433/433 432/432/432 436/436/436
f 434/434/434 436/436/436 432/432/432
f 436/436/436 437/437/437 433/433/433
f 435/435/435 438/438/438 434/434/434
f 436/436/436 434/434/434 438/438/438
f 438/438/438 435/435/435 439/439/439
f 437/437/437 436/436/436 440/440/440
f 438/438/438 440/440/440 436/436/436
f 440/440/440 441/441/441 437/437/437
f 439/439/439 442/442/442 438/438/438
f 440/440/440 438/438/438 442/442/442
f 442/442/442 439/439/439 443/443/443
f 443/443/443 444/444/444 442/442/442
f 441/441/441 440/440/440 445/445/445
f 442/442/442 445/445/445 440/440/440
f 445/445/445 442/442/442 444/444/444
f 445/445/445 446/446/446 441/441/441
f 444/444/444 447/447/447 445/445/445
f 446/446/446 445/445/445 447/447/447
f 447/447/447 448/448/448 446/446/446
f 451/451/451 450/450/450 449/449/449
f 449/449/449 452/452/452 451/451/451
f 453/453/453 451/451/451 452/452/452
f 452/452/452 449/449/449 454/454/454
f 452/452/452 455/455/455 453/453/453
f 456/456/456 453/453/453 455/455/455
f 455/455/455 457/457/457 456/456/456
f 454/454/454 458/458/458 452/452/452
f 455/455/455 452/452/452 458/458/458
f 458/458/458 454/454/454 459/459/459
f 455/455/455 460/460/460 457/457/457
f 459/459/459 461/461/461 458/458/458
f 455/455/455 458/458/458 461/461/461
f 461/461/461 459/459/459 462/462/462
f 460/460/460 455/455/455 463/463/463
f 461/461/461 463/463/463 455/455/455
f 463/463/463 464/464/464 460/460/460
f 462/462/462 465/465/465 461/461/461
f 463/463/463 461/461/461 465/465/465
f 465/465/465 462/462/462 466/466/466
f 464/464/464 463/463/463 467/467/467
f 465/465/465 467/467/467 463/463/463
f 467/467/467 468/468/468 464/464/464
f 466/466/466 469/469/469 465/465/465
f 467/467/467 465/465/465 469/469/469
f 469/469/469 466/466/466 470/470/470
f 468/468/468 467/467/467 471/471/471
f 469/469/469 471/471/471 467/467/467
f 471/471/471 472/472/472 468/468/468
f 470/470/470 473/473/473 469/469/469
f 471/471/471 469/469/469 473/473/473
f 473/473/473 470/470/470 474/474/474
f 474/474/474 475/475/475 473/473/473
f 472/472/472 471/471/471 476/476/476
f 473/473/473 476/476/476 471/471/471
f 476/476/476 473/473/473 475/475/475
f 476/476/476 477/477/477 472/472/472
f 475/475/475 478/478/478 476/476/476
f 477/477/477 476/476/476 478/478/478
f 478/478/478 479/479/479 477/477/477
f 482/482/482 481/481/481 480/480/480
f 480/480/480 483/483/483 482/482/482
f 484/484/484 482/482/482 483/483/483
f 483/483/483 480/480/480 485/485/485
f 483/483/483 486/486/486 484/484/484
f 487/487/487 484/484/484 486/486/486
f 486/486/486 488/488/488 487/487/487
f 485/485/485 489/489/489 483/483/483
f 486/486/486 483/483/483 489/489/489
f 489/489/489 485/485/485 490/490/490
f 488/488/488 486/486/486 491/491/491
f 489/489/489 491/491/491 486/486/486
f 491/491/491 492/492/492 488/488/488
f 490/490/490 493/493/493 489/489/489
f 491/491/491 489/489/489 493/493/493
f 493/493/493 490/490/490 494/494/494
f 492/492/492 491/491/491 495/495/495
f 493/493/493 495/495/495 491/491/491
f 495/495/495 496/496/496 492/492/492
f 494/494/494 497/497/497 493/493/493
f 495/495/495 493/493/493 497/497/497
f 497/497/497 494/494/494 498/498/498
f 496/496/496 495/495/495 499/499/499
f 497/497/497 499/499/499 495/495/495
f 499/499/499 500/500/500 496/496/496
f 498/498/498 501/501/501 497/497/497
f 499/499/499 497/497/497 501/501/501
f 500/500/500 499/499/499 502/502/502
f 501/501/501 502/502/502 499/499/499
f 502/502/502 503/503/503 500/500/500
f 504/504/504 503/503/503 502/502/502
f 502/502/502 505/505/505 504/504/504
f 505/505/505 502/502/502 501/501/501
f 506/506/506 504/504/504 505/505/505
f 507/507/507 501/501/501 498/498/498
f 501/501/501 507/507/507 505/505/505
f 498/498/498 508/508/508 507/507/507
f 505/505/505 509/509/509 506/506/506
f 509/509/509 505/505/505 507/507/507
f 510/510/510 506/506/506 509/509/509
f 511/511/511 507/507/507 508/508/508
f 507/507/507 511/511/511 509/509/509
f 508/508/508 512/512/512 511/511/511
f 509/509/509 513/513/513 510/510/510
f 513/513/513 509/509/509 511/511/511
f 514/514/514 510/510/510 513/513/513
f 515/515/515 511/511/511 512/512/512
f 511/511/511 515/515/515 513/513/513
f 512/512/512 516/516/516 515/515/515
f 513/513/513 517/517/517 514/514/514
f 517/517/517 513/513/513 515/515/515
f 518/518/518 514/514/514 517/517/517
f 519/519/519 515/515/515 516/516/516
f 515/515/515 519/519/519 517/517/517
f 516/516/516 520/520/520 519/519/519
f 520/520/520 521/521/521 519/519/519
f 517/517/517 522/522/522 518/518/518
f 522/522/522 517/517/517 519/519/519
f 523/523/523 518/518/518 522/522/522
f 524/524/524 519/519/519 521/521/521
f 519/519/519 524/524/524 522/522/522
f 521/521/521 525/525/525 524/524/524
f 522/522/522 526/526/526 523/523/523
f 526/526/526 522/522/522 524/524/524
f 527/527/527 523/523/523 526/526/526
f 528/528/528 524/524/524 525/525/525
f 524/524/524 528/528/528 526/526/526
f 525/525/525 529/529/529 528/528/528
f 526/526/526 530/530/530 527/527/527
f 530/530/530 526/526/526 528/528/528
f 531/531/531 527/527/527 530/530/530
f 532/532/532 528/528/528 529/529/529
f 528/528/528 532/532/532 530/530/530
f 529/529/529 533/533/533 532/532/532
f 530/530/530 534/534/534 531/531/531
f 534/534/534 530/530/530 532/532/532
f 535/535/535 531/531/531 534/534/534
f 536/536/536 532/532/532 533/533/533
f 532/532/532 536/536/536 534/534/534
f 533/533/533 537/537/537 536/536/536
f 534/534/534 538/538/538 535/535/535
f 538/538/538 534/534/534 536/536/536
f 539/539/539 535/535/535 538/538/538
f 540/540/540 536/536/536 537/537/537
f 536/536/536 540/540/540 538/538/538
f 537/537/537 541/541/541 540/540/540
f 538/538/538 542/542/542 539/539/539
f 542/542/542 538/538/538 540/540/540
f 543/543/543 539/539/539 542/542/542
f 544/544/544 540/540/540 541/541/541
f 540/540/540 544/544/544 542/542/542
f 541/541/541 545/545/545 544/544/544
f 542/542/542 546/546/546 543/543/543
f 546/546/546 542/542/542 544/544/544
f 548/548/548 547/547/547 543/543/543
f 543/543/543 546/546/546 548/548/548
f 549/549/549 548/548/548 546/546/546
f 550/550/550 544/544/544 545/545/545
f 544/544/544 550/550/550 546/546/546
f 546/546/546 550/550/550 549/549/549
f 545/545/545 551/551/551 550/550/550
f 552/552/552 549/549/549 550/550/550
f 550/550/550 551/551/551 552/552/552
f 555/555/555 554/554/554 553/553/553
f 553/553/553 556/556/556 555/555/555
f 557/557/557 555/555/555 556/556/556
f 556/556/556 553/553/553 558/558/558
f 556/556/556 559/559/559 557/557/557
f 560/560/560 557/557/557 559/559/559
f 559/559/559 561/561/561 560/560/560
f 558/558/558 562/562/562 556/556/556
f 559/559/559 556/556/556 562/562/562
f 562/562/562 558/558/558 563/563/563
f 561/561/561 559/559/559 564/564/564
f 562/562/562 564/564/564 559/559/559
f 564/564/564 565/565/565 561/561/561
f 563/563/563 566/566/566 562/562/562
f 564/564/564 562/562/562 566/566/566
f 566/566/566 563/563/563 567/567/567
f 565/565/565 564/564/564 568/568/568
f 566/566/566 568/568/568 564/564/564
f 568/568/568 569/569/569 565/565/565
f 567/567/567 570/570/570 566/566/566
f 568/568/568 566/566/566 570/570/570
f 570/570/570 567/567/567 571/571/571
f 569/569/569 568/568/568 572/572/572
f 570/570/570 572/572/572 568/568/568
f 572/572/572 573/573/573 569/569/569
f 571/571/571 574/574/574 570/570/570
f 572/572/572 570/570/570 574/574/574
f 573/573/573 572/572/572 575/575/575
f 574/574/574 575/575/575 572/572/572
f 575/575/575 576/576/576 573/573/573
f 577/577/577 576/576/576 575/575/575
f 575/575/575 578/578/578 577/577/577
f 578/578/578 575/575/575 574/574/574
f 579/579/579 577/577/577 578/578/578
f 580/580/580 574/574/574 571/571/571
f 574/574/574 580/580/580 578/578/578
f 571/571/571 581/581/581 580/580/580
f 578/578/578 582/582/582 579/579/579
f 582/582/582 578/578/578 580/580/580
f 583/583/583 579/579/579 582/582/582
f 584/584/584 580/580/580 581/581/581
f 580/580/580 584/584/584 582/582/582
f 581/581/581 585/585/585 584/584/584
f 582/582/582 586/586/586 583/583/583
f 586/586/586 582/582/582 584/584/584
f 587/587/587 583/583/583 586/586/586
f 588/588/588 584/584/584 585/585/585
f 584/584/584 588/588/588 586/586/586
f 585/585/585 589/589/589 588/588/588
f 586/586/586 590/590/590 587/587/587
f 590/590/590 586/586/586 588/588/588
f 591/591/591 587/587/587 590/590/590
f 592/592/592 591/591/591 590/590/590
f 593/593/593 588/588/588 589/589/589
f 588/588/588 593/593/593 590/590/590
f 589/589/589 594/594/594 593/593/593
f 590/590/590 595/595/595 592/592/592
f 595/595/595 590/590/590 593/593/593
f 596/596/596 592/592/592 595/595/595
f 597/597/597 593/593/593 594/594/594
f 593/593/593 597/597/597 595/595/595
f 594/594/594 598/598/598 597/597/597
f 595/595/595 599/599/599 596/596/596
f 599/599/599 595/595/595 597/597/597
f 600/600/600 596/596/596 599/599/599
f 601/601/601 597/597/597 598/598/598
f 597/597/597 601/601/601 599/599/599
f 598/598/598 602/602/602 601/601/601
f 599/599/599 603/603/603 600/600/600
f 603/603/603 599/599/599 601/601/601
f 604/604/604 600/600/600 603/603/603
f 605/605/605 601/601/601 602/602/602
f 601/601/601 605/605/605 603/603/603
f 602/602/602 606/606/606 605/605/605
f 603/603/603 607/607/607 604/604/604
f 607/607/607 603/603/603 605/605/605
f 608/608/608 604/604/604 607/607/607
f 609/609/609 605/605/605 606/606/606
f 605/605/605 609/609/609 607/607/607
f 606/606/606 610/610/610 609/609/609
f 607/607/607 611/611/611 608/608/608
f 611/611/611 607/607/607 609/609/609
f 612/612/612 608/608/608 611/611/611
f 613/613/613 609/609/609 610/610/610
f 609/609/609 613/613/613 611/611/611
f 610/610/610 614/614/614 613/613/613
f 611/611/611 615/615/615 612/612/612
f 615/615/615 611/611/611 613/613/613
f 616/616/616 612/612/612 615/615/615
f 617/617/617 613/613/613 614/614/614
f 613/613/613 617/617/617 615/615/615
f 614/614/614 618/618/618 617/617/617
f 615/615/615 619/619/619 616/616/616
f 619/619/619 615/615/615 617/617/617
f 621/621/621 620/620/620 616/616/616
f 616/616/616 619/619/619 621/621/621
f 622/622/622 621/621/621 619/619/619
f 623/623/623 617/617/617 618/618/618
f 617/617/617 623/623/623 619/619/619
f 619/619/619 623/623/623 622/622/622
f 618/618/618 624/624/624 623/623/623
f 625/625/625 622/622/622 623/623/623
f 623/623/623 624/624/624 625/625/625
f 628/628/628 627/627/627 626/626/626
f 626/626/626 629/629/629 628/628/628
f 630/630/630 628/628/628 629/629/629
f 629/629/629 626/626/626 631/631/631
f 629/629/629 632/632/632 630/630/630
f 633/633/633 630/630/630 632/632/632
f 632/632/632 634/634/634 633/633/633
f 632/632/632 635/635/635 634/634/634
f 631/631/631 636/636/636 629/629/629
f 632/632/632 629/629/629 636/636/636
f 636/636/636 631/631/631 637/637/637
f 635/635/635 632/632/632 638/638/638
f 636/636/636 638/638/638 632/632/632
f 638/638/638 639/639/639 635/635/635
f 637/637/637 640/640/640 636/636/636
f 638/638/638 636/636/636 640/640/640
f 640/640/640 637/637/637 641/641/641
f 639/639/639 638/638/638 642/642/642
f 640/640/640 642/642/642 638/638/638
f 642/642/642 643/643/643 639/639/639
f 641/641/641 644/644/644 640/640/640
f 642/642/642 640/640/640 644/644/644
f 644/644/644 641/641/641 645/645/645
f 643/643/643 642/642/642 646/646/646
f 644/644/644 646/646/646 642/642/642
f 646/646/646 647/647/647 643/643/643
f 645/645/645 648/648/648 644/644/644
f 646/646/646 644/644/644 648/648/648
f 648/648/648 645/645/645 649/649/649
f 647/647/647 646/646/646 650/650/650
f 648/648/648 650/650/650 646/646/646
f 650/650/650 651/651/651 647/647/647
f 649/649/649 652/652/652 648/648/648
f 650/650/650 648/648/648 652/652/652
f 652/652/652 649/649/649 653/653/653
f 650/650/650 654/654/654 651/651/651
f 653/653/653 655/655/655 652/652/652
f 650/650/650 652/652/652 655/655/655
f 655/655/655 653/653/653 656/656/656
f 655/655/655 656/656/656 657/657/657
f 654/654/654 650/650/650 658/658/658
f 655/655/655 658/658/658 650/650/650
f 658/658/658 659/659/659 654/654/654
f 658/658/658 660/660/660 659/659/659
f 657/657/657 661/661/661 655/655/655
f 658/658/658 655/655/655 661/661/661
f 661/661/661 657/657/657 662/662/662
f 660/660/660 658/658/658 663/663/663
f 661/661/661 663/663/663 658/658/658
f 663/663/663 664/664/664 660/660/660
f 662/662/662 665/665/665 661/661/661
f 663/663/663 661/661/661 665/665/665
f 665/665/665 662/662/662 666/666/666
f 663/663/663 667/667/667 664/664/664
f 666/666/666 668/668/668 665/665/665
f 663/663/663 665/665/665 668/668/668
f 668/668/668 666/666/666 669/669/669
f 669/669/669 670/670/670 668/668/668
f 667/667/667 663/663/663 671/671/671
f 668/668/668 671/671/671 663/663/663
f 671/671/671 668/668/668 670/670/670
f 671/671/671 672/672/672 667/667/667
f 670/670/670 673/673/673 671/671/671
f 672/672/672 671/671/671 673/673/673
f 673/673/673 674/674/674 672/672/672
f 677/677/677 676/676/676 675/675/675
f 675/675/675 678/678/678 677/677/677
f 678/678/678 675/675/675 679/679/679
f 680/680/680 677/677/677 678/678/678
f 678/678/678 679/679/679 681/681/681
f 678/678/678 682/682/682 680/680/680
f 683/683/683 680/680/680 682/682/682
f 682/682/682 684/684/684 683/683/683
f 682/682/682 685/685/685 684/684/684
f 681/681/681 686/686/686 678/678/678
f 682/682/682 678/678/678 686/686/686
f 686/686/686 681/681/681 687/687/687
f 685/685/685 682/682/682 688/688/688
f 686/686/686 688/688/688 682/682/682
f 687/687/687 689/689/689 686/686/686
f 688/688/688 686/686/686 689/689/689
f 689/689/689 687/687/687 690/690/690
f 685/685/685 688/688/688 691/691/691
f 689/689/689 691/691/691 688/688/688
f 691/691/691 692/692/692 685/685/685
f 690/690/690 693/693/693 689/689/689
f 691/691/691 689/689/689 693/693/693
f 693/693/693 690/690/690 694/694/694
f 692/692/692 691/691/691 695/695/695
f 693/693/693 695/695/695 691/691/691
f 695/695/695 696/696/696 692/692/692
f 694/694/694 697/697/697 693/693/693
f 695/695/695 693/693/693 697/697/697
f 697/697/697 694/694/694 698/698/698
f 696/696/696 695/695/695 699/699/699
f 697/697/697 699/699/699 695/695/695
f 699/699/699 700/700/700 696/696/696
f 698/698/698 701/701/701 697/697/697
f 699/699/699 697/697/697 701/701/701
f 701/701/701 698/698/698 702/702/702
f 699/699/699 703/703/703 700/700/700
f 702/702/702 704/704/704 701/701/701
f 699/699/699 701/701/701 704/704/704
f 704/704/704 702/702/702 705/705/705
f 704/704/704 705/705/705 706/706/706
f 703/703/703 699/699/699 707/707/707
f 704/704/704 707/707/707 699/699/699
f 707/707/707 708/708/708 703/703/703
f 707/707/707 709/709/709 708/708/708
f 706/706/706 710/710/710 704/704/704
f 707/707/707 704/704/704 710/710/710
f 710/710/710 706/706/706 711/711/711
f 709/709/709 707/707/707 712/712/712
f 710/710/710 712/712/712 707/707/707
f 712/712/712 713/713/713 709/709/709
f 711/711/711 714/714/714 710/710/710
f 712/712/712 710/710/710 714/714/714
f 714/714/714 711/711/711 715/715/715
f 712/712/712 716/716/716 713/713/713
f 715/715/715 717/717/717 714/714/714
f 712/712/712 714/714/714 717/717/717
f 717/717/717 715/715/715 718/718/718
f 718/718/718 719/719/719 717/717/717
f 716/716/716 712/712/712 720/720/720
f 717/717/717 720/720/720 712/712/712
f 720/720/720 717/717/717 719/719/719
f 720/720/720 721/721/721 716/716/716
f 719/719/719 722/722/722 720/720/720
f 721/721/721 720/720/720 722/722/722
f 722/722/722 723/723/723 721/721/721
f 726/726/726 725/725/725 724/724/724
f 724/724/724 727/727/727 726/726/726
f 727/727/727 724/724/724 728/728/728
f 729/729/729 726/726/726 727/727/727
f 727/727/727 728/728/728 730/730/730
f 727/727/727 731/731/731 729/729/729
f 732/732/732 729/729/729 731/731/731
f 731/731/731 733/733/733 732/732/732
f 730/730/730 734/734/734 727/727/727
f 734/734/734 730/730/730 735/735/735
f 727/727/727 736/736/736 731/731/731
f 733/733/733 731/731/731 736/736/736
f 736/736/736 727/727/727 734/734/734
f 736/736/736 737/737/737 733/733/733
f 736/736/736 738/738/738 737/737/737
f 738/738/738 736/736/736 739/739/739
f 734/734/734 739/739/739 736/736/736
f 739/739/739 740/740/740 738/738/738
f 735/735/735 741/741/741 734/734/734
f 739/739/739 734/734/734 741/741/741
f 741/741/741 735/735/735 742/742/742
f 741/741/741 742/742/742 743/743/743
f 740/740/740 739/739/739 744/744/744
f 741/741/741 744/744/744 739/739/739
f 744/744/744 745/745/745 740/740/740
f 743/743/743 746/746/746 741/741/741
f 744/744/744 741/741/741 746/746/746
f 746/746/746 743/743/743 747/747/747
f 745/745/745 744/744/744 748/748/748
f 748/748/748 749/749/749 745/745/745
f 744/744/744 746/746/746 750/750/750
f 747/747/747 750/750/750 746/746/746
f 750/750/750 748/748/748 744/744/744
f 750/750/750 747/747/747 751/751/751
f 751/751/751 752/752/752 750/750/750
f 748/748/748 750/750/750 752/752/752
f 752/752/752 751/751/751 753/753/753
f 749/749/749 748/748/748 754/754/754
f 752/752/752 754/754/754 748/748/748
f 754/754/754 755/755/755 749/749/749
f 753/753/753 756/756/756 752/752/752
f 754/754/754 752/752/752 756/756/756
f 756/756/756 753/753/753 757/757/757
f 755/755/755 754/754/754 758/758/758
f 756/756/756 758/758/758 754/754/754
f 758/758/758 759/759/759 755/755/755
f 757/757/757 760/760/760 756/756/756
f 758/758/758 756/756/756 760/760/760
f 760/760/760 757/757/757 761/761/761
f 759/759/759 758/758/758 762/762/762
f 760/760/760 762/762/762 758/758/758
f 762/762/762 763/763/763 759/759/759
f 761/761/761 764/764/764 760/760/760
f 762/762/762 760/760/760 764/764/764
f 764/764/764 761/761/761 765/765/765
f 763/763/763 762/762/762 766/766/766
f 764/764/764 766/766/766 762/762/762
f 766/766/766 767/767/767 763/763/763
f 765/765/765 768/768/768 764/764/764
f 766/766/766 764/764/764 768/768/768
f 768/768/768 765/765/765 769/769/769
f 767/767/767 766/766/766 770/770/770
f 768/768/768 770/770/770 766/766/766
f 770/770/770 771/771/771 767/767/767
f 769/769/769 772/772/772 768/768/768
f 770/770/770 768/768/768 772/772/772
f 772/772/772 769/769/769 773/773/773
f 771/771/771 770/770/770 774/774/774
f 772/772/772 774/774/774 770/770/770
f 774/774/774 775/775/775 771/771/771
f 773/773/773 776/776/776 772/772/772
f 774/774/774 772/772/772 776/776/776
f 776/776/776 773/773/773 777/777/777
f 775/775/775 774/774/774 778/778/778
f 776/776/776 778/778/778 774/774/774
f 778/778/778 779/779/779 775/775/775
f 777/777/777 780/780/780 776/776/776
f 778/778/778 776/776/776 780/780/780
f 780/780/780 777/777/777 781/781/781
f 779/779/779 778/778/778 782/782/782
f 780/780/780 782/782/782 778/778/778
f 782/782/782 783/783/783 779/779/779
f 781/781/781 784/784/784 780/780/780
f 782/782/782 780/780/780 784/784/784
f 784/784/784 781/781/781 785/785/785
f 783/783/783 782/782/782 786/786/786
f 784/784/784 786/786/786 782/782/782
f 786/786/786 787/787/787 783/783/783
f 785/785/785 788/788/788 784/784/784
f 786/786/786 784/784/784 788/788/788
f 787/787/787 786/786/786 789/789/789
f 788/788/788 789/789/789 786/786/786
f 789/789/789 790/790/790 787/787/787
f 791/791/791 790/790/790 789/789/789
f 789/789/789 792/792/792 791/791/791
f 792/792/792 789/789/789 788/788/788
f 793/793/793 791/791/791 792/792/792
f 792/792/792 794/794/794 793/793/793
f 788/788/788 795/795/795 792/792/792
f 794/794/794 792/792/792 795/795/795
f 795/795/795 788/788/788 785/785/785
f 795/795/795 796/796/796 794/794/794
f 785/785/785 797/797/797 795/795/795
f 796/796/796 795/795/795 797/797/797
f 797/797/797 798/798/798 796/796/796
f 801/801/801 800/800/800 799/799/799
f 799/799/799 802/802/802 801/801/801
f 802/802/802 799/799/799 803/803/803
f 804/804/804 801/801/801 802/802/802
f 802/802/802 803/803/803 805/805/805
f 802/802/802 806/806/806 804/804/804
f 807/807/807 804/804/804 806/806/806
f 806/806/806 808/808/808 807/807/807
f 805/805/805 809/809/809 802/802/802
f 809/809/809 805/805/805 810/810/810
f 802/802/802 811/811/811 806/806/806
f 808/808/808 806/806/806 811/811/811
f 811/811/811 802/802/802 809/809/809
f 811/811/811 812/812/812 808/808/808
f 811/811/811 813/813/813 812/812/812
f 813/813/813 811/811/811 814/814/814
f 809/809/809 814/814/814 811/811/811
f 814/814/814 815/815/815 813/813/813
f 810/810/810 816/816/816 809/809/809
f 814/814/814 809/809/809 816/816/816
f 816/816/816 810/810/810 817/817/817
f 815/815/815 814/814/814 818/818/818
f 816/816/816 818/818/818 814/814/814
f 818/818/818 819/819/819 815/815/815
f 817/817/817 820/820/820 816/816/816
f 818/818/818 816/816/816 820/820/820
f 820/820/820 817/817/817 821/821/821
f 819/819/819 818/818/818 822/822/822
f 820/820/820 822/822/822 818/818/818
f 822/822/822 823/823/823 819/819/819
f 821/821/821 824/824/824 820/820/820
f 822/822/822 820/820/820 824/824/824
f 824/824/824 821/821/821 825/825/825
f 823/823/823 822/822/822 826/826/826
f 824/824/824 826/826/826 822/822/822
f 826/826/826 827/827/827 823/823/823
f 825/825/825 828/828/828 824/824/824
f 826/826/826 824/824/824 828/828/828
f 828/828/828 825/825/825 829/829/829
f 827/827/827 826/826/826 830/830/830
f 828/828/828 830/830/830 826/826/826
f 830/830/830 831/831/831 827/827/827
f 829/829/829 832/832/832 828/828/828
f 830/830/830 828/828/828 832/832/832
f 832/832/832 829/829/829 833/833/833
f 831/831/831 830/830/830 834/834/834
f 832/832/832 834/834/834 830/830/830
f 834/834/834 835/835/835 831/831/831
f 833/833/833 836/836/836 832/832/832
f 834/834/834 832/832/832 836/836/836
f 836/836/836 833/833/833 837/837/837
f 835/835/835 834/834/834 838/838/838
f 836/836/836 838/838/838 834/834/834
f 838/838/838 839/839/839 835/835/835
f 837/837/837 840/840/840 836/836/836
f 838/838/838 836/836/836 840/840/840
f 840/840/840 837/837/837 841/841/841
f 839/839/839 838/838/838 842/842/842
f 840/840/840 842/842/842 838/838/838
f 842/842/842 843/843/843 839/839/839
f 841/841/841 844/844/844 840/840/840
f 842/842/842 840/840/840 844/844/844
f 844/844/844 841/841/841 845/845/845
f 843/843/843 842/842/842 846/846/846
f 844/844/844 846/846/846 842/842/842
f 846/846/846 847/847/847 843/843/843
f 845/845/845 848/848/848 844/844/844
f 846/846/846 844/844/844 848/848/848
f 848/848/848 845/845/845 849/849/849
f 847/847/847 846/846/846 850/850/850
f 848/848/848 850/850/850 846/846/846
f 850/850/850 851/851/851 847/847/847
f 849/849/849 852/852/852 848/848/848
f 850/850/850 848/848/848 852/852/852
f 852/852/852 849/849/849 853/853/853
f 851/851/851 850/850/850 854/854/854
f 852/852/852 854/854/854 850/850/850
f 854/854/854 855/855/855 851/851/851
f 853/853/853 856/856/856 852/852/852
f 854/854/854 852/852/852 856/856/856
f 856/856/856 853/853/853 857/857/857
f 855/855/855 854/854/854 858/858/858
f 856/856/856 858/858/858 854/854/854
f 858/858/858 859/859/859 855/855/855
f 857/857/857 860/860/860 856/856/856
f 858/858/858 856/856/856 860/860/860
f 860/860/860 857/857/857 861/861/861
f 859/859/859 858/858/858 862/862/862
f 860/860/860 862/862/862 858/858/858
f 862/862/862 863/863/863 859/859/859
f 861/861/861 864/864/864 860/860/860
f 862/862/862 860/860/860 864/864/864
f 864/864/864 861/861/861 865/865/865
f 863/863/863 862/862/862 866/866/866
f 864/864/864 866/866/866 862/862/862
f 866/866/866 867/867/867 863/863/863
f 865/865/865 868/868/868 864/864/864
f 866/866/866 864/864/864 868/868/868
f 868/868/868 865/865/865 869/869/869
f 869/869/869 870/870/870 868/868/868
f 867/867/867 866/866/866 871/871/871
f 868/868/868 871/871/871 866/866/866
f 871/871/871 868/868/868 870/870/870
f 871/871/871 872/872/872 867/867/867
f 870/870/870 873/873/873 871/871/871
f 872/872/872 871/871/871 873/873/873
f 873/873/873 874/874/874 872/872/872
f 877/877/877 876/876/876 875/875/875
f 875/875/875 878/878/878 877/877/877
f 879/879/879 877/877/877 878/878/878
f 878/878/878 875/875/875 880/880/880
f 878/878/878 881/881/881 879/879/879
f 882/882/882 879/879/879 881/881/881
f 881/881/881 883/883/883 882/882/882
f 880/880/880 884/884/884 878/878/878
f 881/881/881 878/878/878 884/884/884
f 884/884/884 880/880/880 885/885/885
f 883/883/883 881/881/881 886/886/886
f 884/884/884 886/886/886 881/881/881
f 886/886/886 887/887/887 883/883/883
f 885/885/885 888/888/888 884/884/884
f 886/886/886 884/884/884 888/888/888
f 888/888/888 885/885/885 889/889/889
f 887/887/887 886/886/886 890/890/890
f 888/888/888 890/890/890 886/886/886
f 890/890/890 891/891/891 887/887/887
f 889/889/889 892/892/892 888/888/888
f 890/890/890 888/888/888 892/892/892
f 892/892/892 889/889/889 893/893/893
f 891/891/891 890/890/890 894/894/894
f 892/892/892 894/894/894 890/890/890
f 894/894/894 895/895/895 891/891/891
f 893/893/893 896/896/896 892/892/892
f 894/894/894 892/892/892 896/896/896
f 896/896/896 893/893/893 897/897/897
f 895/895/895 894/894/894 898/898/898
f 896/896/896 898/898/898 894/894/894
f 898/898/898 899/899/899 895/895/895
f 897/897/897 900/900/900 896/896/896
f 898/898/898 896/896/896 900/900/900
f 900/900/900 897/897/897 901/901/901
f 899/899/899 898/898/898 902/902/902
f 900/900/900 902/902/902 898/898/898
f 902/902/902 903/903/903 899/899/899
f 901/901/901 904/904/904 900/900/900
f 902/902/902 900/900/900 904/904/904
f 904/904/904 901/901/901 905/905/905
f 903/903/903 902/902/902 906/906/906
f 904/904/904 906/906/906 902/902/902
f 906/906/906 907/907/907 903/903/903
f 905/905/905 908/908/908 904/904/904
f 906/906/906 904/904/904 908/908/908
f 908/908/908 905/905/905 909/909/909
f 907/907/907 906/906/906 910/910/910
f 908/908/908 910/910/910 906/906/906
f 910/910/910 911/911/911 907/907/907
f 909/909/909 912/912/912 908/908/908
f 910/910/910 908/908/908 912/912/912
f 912/912/912 909/909/909 913/913/913
f 911/911/911 910/910/910 914/914/914
f 912/912/912 914/914/914 910/910/910
f 914/914/914 915/915/915 911/911/911
f 913/913/913 916/916/916 912/912/912
f 914/914/914 912/912/912 916/916/916
f 916/916/916 913/913/913 917/917/917
f 915/915/915 914/914/914 918/918/918
f 916/916/916 918/918/918 914/914/914
f 918/918/918 919/919/919 915/915/915
f 917/917/917 920/920/920 916/916/916
f 918/918/918 916/916/916 920/920/920
f 920/920/920 917/917/917 921/921/921
f 919/919/919 918/918/918 922/922/922
f 920/920/920 922/922/922 918/918/918
f 922/922/922 923/923/923 919/919/919
f 921/921/921 924/924/924 920/920/920
f 922/922/922 920/920/920 924/924/924
f 924/924/924 921/921/921 925/925/925
f 923/923/923 922/922/922 926/926/926
f 924/924/924 926/926/926 922/922/922
f 926/926/926 927/927/927 923/923/923
f 925/925/925 928/928/928 924/924/924
f 926/926/926 924/924/924 928/928/928
f 928/928/928 925/925/925 929/929/929
f 929/929/929 930/930/930 928/928/928
f 927/927/927 926/926/926 931/931/931
f 928/928/928 931/931/931 926/926/926
f 931/931/931 928/928/928 930/930/930
f 931/931/931 932/932/932 927/927/927
f 930/930/930 933/933/933 931/931/931
f 932/932/932 931/931/931 933/933/933
f 933/933/933 934/934/934 932/932/932
f 937/937/937 936/936/936 935/935/935
f 935/935/935 938/938/938 937/937/937
f 938/938/938 935/935/935 939/939/939
f 940/940/940 937/937/937 938/938/938
f 939/939/939 941/941/941 938/938/938
f 941/941/941 939/939/939 942/942/942
f 942/942/942 943/943/943 941/941/941
f 938/938/938 944/944/944 940/940/940
f 944/944/944 938/938/938 941/941/941
f 945/945/945 941/941/941 943/943/943
f 941/941/941 945/945/945 944/944/944
f 943/943/943 946/946/946 945/945/945
f 945/945/945 946/946/946 947/947/947
f 947/947/947 948/948/948 945/945/945
f 944/944/944 945/945/945 948/948/948
f 948/948/948 947/947/947 949/949/949
f 940/940/940 944/944/944 950/950/950
f 948/948/948 950/950/950 944/944/944
f 950/950/950 951/951/951 940/940/940
f 949/949/949 952/952/952 948/948/948
f 950/950/950 948/948/948 952/952/952
f 952/952/952 949/949/949 953/953/953
f 951/951/951 950/950/950 954/954/954
f 952/952/952 954/954/954 950/950/950
f 954/954/954 955/955/955 951/951/951
f 953/953/953 956/956/956 952/952/952
f 954/954/954 952/952/952 956/956/956
f 956/956/956 953/953/953 957/957/957
f 955/955/955 954/954/954 958/958/958
f 956/956/956 958/958/958 954/954/954
f 958/958/958 959/959/959 955/955/955
f 957/957/957 960/960/960 956/956/956
f 958/958/958 956/956/956 960/960/960
f 960/960/960 957/957/957 961/961/961
f 959/959/959 958/958/958 962/962/962
f 960/960/960 962/962/962 958/958/958
f 962/962/962 963/963/963 959/959/959
f 961/961/961 964/964/964 960/960/960
f 962/962/962 960/960/960 964/964/964
f 964/964/964 961/961/961 965/965/965
f 963/963/963 962/962/962 966/966/966
f 964/964/964 966/966/966 962/962/962
f 966/966/966 967/967/967 963/963/963
f 965/965/965 968/968/968 964/964/964
f 966/966/966 964/964/964 968/968/968
f 968/968/968 965/965/965 969/969/969
f 967/967/967 966/966/966 970/970/970
f 968/968/968 970/970/970 966/966/966
f 970/970/970 971/971/971 967/967/967
f 969/969/969 972/972/972 968/968/968
f 970/970/970 968/968/968 972/972/972
f 972/972/972 969/969/969 973/973/973
f 971/971/971 970/970/970 974/974/974
f 972/972/972 974/974/974 970/970/970
f 974/974/974 975/975/975 971/971/971
f 973/973/973 976/976/976 972/972/972
f 974/974/974 972/972/972 976/976/976
f 976/976/976 973/973/973 977/977/977
f 975/975/975 974/974/974 978/978/978
f 976/976/976 978/978/978 974/974/974
f 978/978/978 979/979/979 975/975/975
f 977/977/977 980/980/980 976/976/976
f 978/978/978 976/976/976 980/980/980
f 980/980/980 977/977/977 981/981/981
f 979/979/979 978/978/978 982/982/982
f 980/980/980 982/982/982 978/978/978
f 982/982/982 983/983/983 979/979/979
f 981/981/981 984/984/984 980/980/980
f 982/982/982 980/980/980 984/984/984
f 984/984/984 981/981/981 985/985/985
f 983/983/983 982/982/982 986/986/986
f 984/984/984 986/986/986 982/982/982
f 986/986/986 987/987/987 983/983/983
f 985/985/985 988/988/988 984/984/984
f 986/986/986 984/984/984 988/988/988
f 988/988/988 985/985/985 989/989/989
f 989/989/989 990/990/990 988/988/988
f 987/987/987 986/986/986 991/991/991
f 988/988/988 991/991/991 986/986/986
f 991/991/991 988/988/988 990/990/990
f 991/991/991 992/992/992 987/987/987
f 990/990/990 993/993/993 991/991/991
f 992/992/992 991/991/991 993/993/993
f 993/993/993 994/994/994 992/992/992
f 997/997/997 996/996/996 995/995/995
f 995/995/995 998/998/998 997/997/997
f 999/999/999 997/997/997 998/998/998
f 998/998/998 995/995/995 1000/1000/1000
f 998/998/998 1001/1001/1001 999/999/999
f 1002/1002/1002 999/999/999 1001/1001/1001
f 1001/1001/1001 1003/1003/1003 1002/1002/1002
f 1000/1000/1000 1004/1004/1004 998/998/998
f 1001/1001/1001 998/998/998 1004/1004/1004
f 1004/1004/1004 1000/1000/1000 1005/1005/1005
f 1003/1003/1003 1001/1001/1001 1006/1006/1006
f 1004/1004/1004 1006/1006/1006 1001/1001/1001
f 1006/1006/1006 1007/1007/1007 1003/1003/1003
f 1005/1005/1005 1008/1008/1008 1004/1004/1004
f 1006/1006/1006 1004/1004/1004 1008/1008/1008
f 1008/1008/1008 1005/1005/1005 1009/1009/1009
f 1007/1007/1007 1006/1006/1006 1010/1010/1010
f 1008/1008/1008 1010/1010/1010 1006/1006/1006
f 1010/1010/1010 1011/1011/1011 1007/1007/1007
f 1009/1009/1009 1012/1012/1012 1008/1008/1008
f 1010/1010/1010 1008/1008/1008 1012/1012/1012
f 1012/1012/1012 1009/1009/1009 1013/1013/1013
f 1011/1011/1011 1010/1010/1010 1014/1014/1014
f 1012/1012/1012 1014/1014/1014 1010/1010/1010
f 1014/1014/1014 1015/1015/1015 1011/1011/1011
f 1013/1013/1013 1016/1016/1016 1012/1012/1012
f 1014/1014/1014 1012/1012/1012 1016/1016/1016
f 1016/1016/1016 1013/1013/1013 1017/1017/1017
f 1015/1015/1015 1014/1014/1014 1018/1018/1018
f 1016/1016/1016 1018/1018/1018 1014/1014/1014
f 1018/1018/1018 1019/1019/1019 1015/1015/1015
f 1017/1017/1017 1020/1020/1020 1016/1016/1016
f 1018/1018/1018 1016/1016/1016 1020/1020/1020
f 1020/1020/1020 1017/1017/1017 1021/1021/1021
f 1019/1019/1019 1018/1018/1018 1022/1022/1022
f 1020/1020/1020 1022/1022/1022 1018/1018/1018
f 1022/1022/1022 1023/1023/1023 1019/1019/1019
f 1021/1021/1021 1024/1024/1024 1020/1020/1020
f 1022/1022/1022 1020/1020/1020 1024/1024/1024
f 1024/1024/1024 1021/1021/1021 1025/1025/1025
f 1024/1024/1024 1025/1025/1025 1026/1026/1026
f 1023/1023/1023 1022/1022/1022 1027/1027/1027
f 1024/1024/1024 1027/1027/1027 1022/1022/1022
f 1027/1027/1027 1028/1028/1028 1023/1023/1023
f 1026/1026/1026 1029/1029/1029 1024/1024/1024
f 1029/1029/1029 1026/1026/1026 1030/1030/1030
f 1024/1024/1024 1031/1031/1031 1027/1027/1027
f 1028/1028/1028 1027/1027/1027 1031/1031/1031
f 1031/1031/1031 1024/1024/1024 1029/1029/1029
f 1031/1031/1031 1032/1032/1032 1028/1028/1028
f 1030/1030/1030 1033/1033/1033 1029/1029/1029
f 1033/1033/1033 1030/1030/1030 1034/1034/1034
f 1029/1029/1029 1035/1035/1035 1031/1031/1031
f 1032/1032/1032 1031/1031/1031 1035/1035/1035
f 1035/1035/1035 1029/1029/1029 1033/1033/1033
f 1035/1035/1035 1036/1036/1036 1032/1032/1032
f 1034/1034/1034 1037/1037/1037 1033/1033/1033
f 1037/1037/1037 1034/1034/1034 1038/1038/1038
f 1038/1038/1038 1039/1039/1039 1037/1037/1037
f 1033/1033/1033 1040/1040/1040 1035/1035/1035
f 1036/1036/1036 1035/1035/1035 1040/1040/1040
f 1040/1040/1040 1033/1033/1033 1037/1037/1037
f 1040/1040/1040 1041/1041/1041 1036/1036/1036
f 1042/1042/1042 1037/1037/1037 1039/1039/1039
f 1037/1037/1037 1042/1042/1042 1040/1040/1040
f 1041/1041/1041 1040/1040/1040 1042/1042/1042
f 1039/1039/1039 1043/1043/1043 1042/1042/1042
f 1042/1042/1042 1044/1044/1044 1041/1041/1041
f 1044/1044/1044 1042/1042/1042 1043/1043/1043
f 1043/1043/1043 1045/1045/1045 1044/1044/1044
f 1048/1048/1048 1047/1047/1047 1046/1046/1046
f 1046/1046/1046 1049/1049/1049 1048/1048/1048
f 1050/1050/1050 1048/1048/1048 1049/1049/1049
f 1049/1049/1049 1046/1046/1046 1051/1051/1051
f 1049/1049/1049 1052/1052/1052 1050/1050/1050
f 1053/1053/1053 1050/1050/1050 1052/1052/1052
f 1052/1052/1052 1054/1054/1054 1053/1053/1053
f 1051/1051/1051 1055/1055/1055 1049/1049/1049
f 1052/1052/1052 1049/1049/1049 1055/1055/1055
f 1055/1055/1055 1051/1051/1051 1056/1056/1056
f 1054/1054/1054 1052/1052/1052 1057/1057/1057
f 1055/1055/1055 1057/1057/1057 1052/1052/1052
f 1057/1057/1057 1058/1058/1058 1054/1054/1054
f 1056/1056/1056 1059/1059/1059 1055/1055/1055
f 1057/1057/1057 1055/1055/1055 1059/1059/1059
f 1059/1059/1059 1056/1056/1056 1060/1060/1060
f 1058/1058/1058 1057/1057/1057 1061/1061/1061
f 1059/1059/1059 1061/1061/1061 1057/1057/1057
f 1061/1061/1061 1062/1062/1062 1058/1058/1058
f 1060/1060/1060 1063/1063/1063 1059/1059/1059
f 1061/1061/1061 1059/1059/1059 1063/1063/1063
f 1063/1063/1063 1060/1060/1060 1064/1064/1064
f 1062/1062/1062 1061/1061/1061 1065/1065/1065
f 1063/1063/1063 1065/1065/1065 1061/1061/1061
f 1065/1065/1065 1066/1066/1066 1062/1062/1062
f 1064/1064/1064 1067/1067/1067 1063/1063/1063
f 1065/1065/1065 1063/1063/1063 1067/1067/1067
f 1067/1067/1067 1064/1064/1064 1068/1068/1068
f 1066/1066/1066 1065/1065/1065 1069/1069/1069
f 1067/1067/1067 1069/1069/1069 1065/1065/1065
f 1069/1069/1069 1070/1070/1070 1066/1066/1066
f 1068/1068/1068 1071/1071/1071 1067/1067/1067
f 1069/1069/1069 1067/1067/1067 1071/1071/1071
f 1071/1071/1071 1068/1068/1068 1072/1072/1072
f 1070/1070/1070 1069/1069/1069 1073/1073/1073
f 1071/1071/1071 1073/1073/1073 1069/1069/1069
f 1073/1073/1073 1074/1074/1074 1070/1070/1070
f 1072/1072/1072 1075/1075/1075 1071/1071/1071
f 1073/1073/1073 1071/1071/1071 1075/1075/1075
f 1075/1075/1075 1072/1072/1072 1076/1076/1076
f 1075/1075/1075 1076/1076/1076 1077/1077/1077
f 1074/1074/1074 1073/1073/1073 1078/1078/1078
f 1075/1075/1075 1078/1078/1078 1073/1073/1073
f 1078/1078/1078 1079/1079/1079 1074/1074/1074
f 1078/1078/1078 1080/1080/1080 1079/1079/1079
f 1077/1077/1077 1081/1081/1081 1075/1075/1075
f 1078/1078/1078 1075/1075/1075 1081/1081/1081
f 1081/1081/1081 1077/1077/1077 1082/1082/1082
f 1080/1080/1080 1078/1078/1078 1083/1083/1083
f 1081/1081/1081 1083/1083/1083 1078/1078/1078
f 1083/1083/1083 1084/1084/1084 1080/1080/1080
f 1082/1082/1082 1085/1085/1085 1081/1081/1081
f 1083/1083/1083 1081/1081/1081 1085/1085/1085
f 1085/1085/1085 1082/1082/1082 1086/1086/1086
f 1084/1084/1084 1083/1083/1083 1087/1087/1087
f 1085/1085/1085 1087/1087/1087 1083/1083/1083
f 1087/1087/1087 1088/1088/1088 1084/1084/1084
f 1086/1086/1086 1089/1089/1089 1085/1085/1085
f 1087/1087/1087 1085/1085/1085 1089/1089/1089
f 1089/1089/1089 1086/1086/1086 1090/1090/1090
f 1090/1090/1090 1091/1091/1091 1089/1089/1089
f 1088/1088/1088 1087/1087/1087 1092/1092/1092
f 1089/1089/1089 1092/1092/1092 1087/1087/1087
f 1092/1092/1092 1089/1089/1089 1091/1091/1091
f 1092/1092/1092 1093/1093/1093 1088/1088/1088
f 1091/1091/1091 1094/1094/1094 1092/1092/1092
f 1093/1093/1093 1092/1092/1092 1094/1094/1094
f 1094/1094/1094 1095/1095/1095 1093/1093/1093
f 1098/1098/1098 1097/1097/1097 1096/1096/1096
f 1096/1096/1096 1099/1099/1099 1098/1098/1098
f 1100/1100/1100 1098/1098/1098 1099/1099/1099
f 1099/1099/1099 1096/1096/1096 1101/1101/1101
f 1099/1099/1099 1102/1102/1102 1100/1100/1100
f 1103/1103/1103 1100/1100/1100 1102/1102/1102
f 1102/1102/1102 1104/1104/1104 1103/1103/1103
f 1101/1101/1101 1105/1105/1105 1099/1099/1099
f 1102/1102/1102 1099/1099/1099 1105/1105/1105
f 1105/1105/1105 1101/1101/1101 1106/1106/1106
f 1104/1104/1104 1102/1102/1102 1107/1107/1107
f 1105/1105/1105 1107/1107/1107 1102/1102/1102
f 1107/1107/1107 1108/1108/1108 1104/1104/1104
f 1106/1106/1106 1109/1109/1109 1105/1105/1105
f 1107/1107/1107 1105/1105/1105 1109/1109/1109
f 1109/1109/1109 1106/1106/1106 1110/1110/1110
f 1108/1108/1108 1107/1107/1107 1111/1111/1111
f 1109/1109/1109 1111/1111/1111 1107/1107/1107
f 1111/1111/1111 1112/1112/1112 1108/1108/1108
f 1110/1110/1110 1113/1113/1113 1109/1109/1109
f 1111/1111/1111 1109/1109/1109 1113/1113/1113
f 1113/1113/1113 1110/1110/1110 1114/1114/1114
f 1112/1112/1112 1111/1111/1111 1115/1115/1115
f 1113/1113/1113 1115/1115/1115 1111/1111/1111
f 1115/1115/1115 1116/1116/1116 1112/1112/1112
f 1114/1114/1114 1117/1117/1117 1113/1113/1113
f 1115/1115/1115 1113/1113/1113 1117/1117/1117
f 1114/1114/1114 1118/1118/1118 1117/1117/1117
f 1116/1116/1116 1115/1115/1115 1119/1119/1119
f 1117/1117/1117 1119/1119/1119 1115/1115/1115
f 1119/1119/1119 1120/1120/1120 1116/1116/1116
f 1121/1121/1121 1120/1120/1120 1119/1119/1119
f 1119/1119/1119 1122/1122/1122 1121/1121/1121
f 1122/1122/1122 1119/1119/1119 1117/1117/1117
f 1122/1122/1122 1123/1123/1123 1121/1121/1121
f 1123/1123/1123 1122/1122/1122 1117/1117/1117
f 1124/1124/1124 1121/1121/1121 1123/1123/1123
f 1125/1125/1125 1117/1117/1117 1118/1118/1118
f 1117/1117/1117 1125/1125/1125 1123/1123/1123
f 1118/1118/1118 1126/1126/1126 1125/1125/1125
f 1123/1123/1123 1127/1127/1127 1124/1124/1124
f 1127/1127/1127 1123/1123/1123 1125/1125/1125
f 1128/1128/1128 1124/1124/1124 1127/1127/1127
f 1129/1129/1129 1128/1128/1128 1127/1127/1127
f 1130/1130/1130 1125/1125/1125 1126/1126/1126
f 1125/1125/1125 1130/1130/1130 1127/1127/1127
f 1126/1126/1126 1131/1131/1131 1130/1130/1130
f 1131/1131/1131 1132/1132/1132 1130/1130/1130
f 1127/1127/1127 1133/1133/1133 1129/1129/1129
f 1133/1133/1133 1127/1127/1127 1130/1130/1130
f 1134/1134/1134 1129/1129/1129 1133/1133/1133
f 1135/1135/1135 1134/1134/1134 1133/1133/1133
f 1136/1136/1136 1130/1130/1130 1132/1132/1132
f 1130/1130/1130 1136/1136/1136 1133/1133/1133
f 1132/1132/1132 1137/1137/1137 1136/1136/1136
f 1137/1137/1137 1138/1138/1138 1136/1136/1136
f 1133/1133/1133 1139/1139/1139 1135/1135/1135
f 1139/1139/1139 1133/1133/1133 1136/1136/1136
f 1140/1140/1140 1135/1135/1135 1139/1139/1139
f 1141/1141/1141 1136/1136/1136 1138/1138/1138
f 1136/1136/1136 1141/1141/1141 1139/1139/1139
f 1138/1138/1138 1142/1142/1142 1141/1141/1141
f 1139/1139/1139 1143/1143/1143 1140/1140/1140
f 1143/1143/1143 1139/1139/1139 1141/1141/1141
f 1144/1144/1144 1140/1140/1140 1143/1143/1143
f 1142/1142/1142 1145/1145/1145 1141/1141/1141
f 1143/1143/1143 1146/1146/1146 1144/1144/1144
f 1146/1146/1146 1143/1143/1143 1141/1141/1141
f 1147/1147/1147 1144/1144/1144 1146/1146/1146
f 1148/1148/1148 1141/1141/1141 1145/1145/1145
f 1141/1141/1141 1148/1148/1148 1146/1146/1146
f 1145/1145/1145 1149/1149/1149 1148/1148/1148
f 1146/1146/1146 1150/1150/1150 1147/1147/1147
f 1150/1150/1150 1146/1146/1146 1148/1148/1148
f 1151/1151/1151 1147/1147/1147 1150/1150/1150
f 1149/1149/1149 1152/1152/1152 1148/1148/1148
f 1150/1150/1150 1153/1153/1153 1151/1151/1151
f 1153/1153/1153 1150/1150/1150 1148/1148/1148
f 1154/1154/1154 1148/1148/1148 1152/1152/1152
f 1148/1148/1148 1154/1154/1154 1153/1153/1153
f 1152/1152/1152 1155/1155/1155 1154/1154/1154
f 1154/1154/1154 1155/1155/1155 1156/1156/1156
f 1156/1156/1156 1157/1157/1157 1154/1154/1154
f 1153/1153/1153 1154/1154/1154 1157/1157/1157
f 1157/1157/1157 1156/1156/1156 1158/1158/1158
f 1158/1158/1158 1159/1159/1159 1157/1157/1157
f 1157/1157/1157 1160/1160/1160 1153/1153/1153
f 1160/1160/1160 1157/1157/1157 1159/1159/1159
f 1151/1151/1151 1153/1153/1153 1160/1160/1160
f 1159/1159/1159 1161/1161/1161 1160/1160/1160
f 1160/1160/1160 1162/1162/1162 1151/1151/1151
f 1162/1162/1162 1160/1160/1160 1161/1161/1161
f 1161/1161/1161 1163/1163/1163 1162/1162/1162
f 1166/1166/1166 1165/1165/1165 1164/1164/1164
f 1164/1164/1164 1167/1167/1167 1166/1166/1166
f 1168/1168/1168 1166/1166/1166 1167/1167/1167
f 1167/1167/1167 1164/1164/1164 1169/1169/1169
f 1167/1167/1167 1170/1170/1170 1168/1168/1168
f 1171/1171/1171 1168/1168/1168 1170/1170/1170
f 1170/1170/1170 1172/1172/1172 1171/1171/1171
f 1169/1169/1169 1173/1173/1173 1167/1167/1167
f 1170/1170/1170 1167/1167/1167 1173/1173/1173
f 1173/1173/1173 1169/1169/1169 1174/1174/1174
f 1172/1172/1172 1170/1170/1170 1175/1175/1175
f 1173/1173/1173 1175/1175/1175 1170/1170/1170
f 1175/1175/1175 1176/1176/1176 1172/1172/1172
f 1174/1174/1174 1177/1177/1177 1173/1173/1173
f 1175/1175/1175 1173/1173/1173 1177/1177/1177
f 1177/1177/1177 1174/1174/1174 1178/1178/1178
f 1176/1176/1176 1175/1175/1175 1179/1179/1179
f 1177/1177/1177 1179/1179/1179 1175/1175/1175
f 1179/1179/1179 1180/1180/1180 1176/1176/1176
f 1178/1178/1178 1181/1181/1181 1177/1177/1177
f 1179/1179/1179 1177/1177/1177 1181/1181/1181
f 1181/1181/1181 1178/1178/1178 1182/1182/1182
f 1180/1180/1180 1179/1179/1179 1183/1183/1183
f 1181/1181/1181 1183/1183/1183 1179/1179/1179
f 1183/1183/1183 1184/1184/1184 1180/1180/1180
f 1182/1182/1182 1185/1185/1185 1181/1181/1181
f 1183/1183/1183 1181/1181/1181 1185/1185/1185
f 1182/1182/1182 1186/1186/1186 1185/1185/1185
f 1184/1184/1184 1183/1183/1183 1187/1187/1187
f 1185/1185/1185 1187/1187/1187 1183/1183/1183
f 1187/1187/1187 1188/1188/1188 1184/1184/1184
f 1189/1189/1189 1188/1188/1188 1187/1187/1187
f 1187/1187/1187 1190/1190/1190 1189/1189/1189
f 1190/1190/1190 1187/1187/1187 1185/1185/1185
f 1190/1190/1190 1191/1191/1191 1189/1189/1189
f 1191/1191/1191 1190/1190/1190 1185/1185/1185
f 1192/1192/1192 1189/1189/1189 1191/1191/1191
f 1193/1193/1193 1192/1192/1192 1191/1191/1191
f 1194/1194/1194 1185/1185/1185 1186/1186/1186
f 1185/1185/1185 1194/1194/1194 1191/1191/1191
f 1186/1186/1186 1195/1195/1195 1194/1194/1194
f 1191/1191/1191 1196/1196/1196 1193/1193/1193
f 1196/1196/1196 1191/1191/1191 1194/1194/1194
f 1197/1197/1197 1193/1193/1193 1196/1196/1196
f 1198/1198/1198 1197/1197/1197 1196/1196/1196
f 1199/1199/1199 1194/1194/1194 1195/1195/1195
f 1194/1194/1194 1199/1199/1199 1196/1196/1196
f 1195/1195/1195 1200/1200/1200 1199/1199/1199
f 1196/1196/1196 1201/1201/1201 1198/1198/1198
f 1201/1201/1201 1196/1196/1196 1199/1199/1199
f 1202/1202/1202 1198/1198/1198 1201/1201/1201
f 1203/1203/1203 1202/1202/1202 1201/1201/1201
f 1204/1204/1204 1199/1199/1199 1200/1200/1200
f 1199/1199/1199 1204/1204/1204 1201/1201/1201
f 1200/1200/1200 1205/1205/1205 1204/1204/1204
f 1205/1205/1205 1206/1206/1206 1204/1204/1204
f 1201/1201/1201 1207/1207/1207 1203/1203/1203
f 1207/1207/1207 1201/1201/1201 1204/1204/1204
f 1208/1208/1208 1203/1203/1203 1207/1207/1207
f 1209/1209/1209 1204/1204/1204 1206/1206/1206
f 1204/1204/1204 1209/1209/1209 1207/1207/1207
f 1206/1206/1206 1210/1210/1210 1209/1209/1209
f 1207/1207/1207 1211/1211/1211 1208/1208/1208
f 1211/1211/1211 1207/1207/1207 1209/1209/1209
f 1212/1212/1212 1208/1208/1208 1211/1211/1211
f 1210/1210/1210 1213/1213/1213 1209/1209/1209
f 1211/1211/1211 1214/1214/1214 1212/1212/1212
f 1214/1214/1214 1211/1211/1211 1209/1209/1209
f 1215/1215/1215 1212/1212/1212 1214/1214/1214
f 1216/1216/1216 1209/1209/1209 1213/1213/1213
f 1209/1209/1209 1216/1216/1216 1214/1214/1214
f 1213/1213/1213 1217/1217/1217 1216/1216/1216
f 1214/1214/1214 1218/1218/1218 1215/1215/1215
f 1218/1218/1218 1214/1214/1214 1216/1216/1216
f 1219/1219/1219 1215/1215/1215 1218/1218/1218
f 1217/1217/1217 1220/1220/1220 1216/1216/1216
f 1218/1218/1218 1221/1221/1221 1219/1219/1219
f 1221/1221/1221 1218/1218/1218 1216/1216/1216
f 1222/1222/1222 1216/1216/1216 1220/1220/1220
f 1216/1216/1216 1222/1222/1222 1221/1221/1221
f 1220/1220/1220 1223/1223/1223 1222/1222/1222
f 1222/1222/1222 1223/1223/1223 1224/1224/1224
f 1224/1224/1224 1225/1225/1225 1222/1222/1222
f 1221/1221/1221 1222/1222/1222 1225/1225/1225
f 1225/1225/1225 1224/1224/1224 1226/1226/1226
f 1226/1226/1226 1227/1227/1227 1225/1225/1225
f 1225/1225/1225 1228/1228/1228 1221/1221/1221
f 1228/1228/1228 1225/1225/1225 1227/1227/1227
f 1219/1219/1219 1221/1221/1221 1228/1228/1228
f 1227/1227/1227 1229/1229/1229 1228/1228/1228
f 1228/1228/1228 1230/1230/1230 1219/1219/1219
f 1230/1230/1230 1228/1228/1228 1229/1229/1229
f 1229/1229/1229 1231/1231/1231 1230/1230/1230
f 1234/1234/1234 1233/1233/1233 1232/1232/1232
f 1232/1232/1232 1235/1235/1235 1234/1234/1234
f 1235/1235/1235 1232/1232/1232 1236/1236/1236
f 1237/1237/1237 1234/1234/1234 1235/1235/1235
f 1235/1235/1235 1236/1236/1236 1238/1238/1238
f 1235/1235/1235 1239/1239/1239 1237/1237/1237
f 1240/1240/1240 1237/1237/1237 1239/1239/1239
f 1239/1239/1239 1241/1241/1241 1240/1240/1240
f 1239/1239/1239 1242/1242/1242 1241/1241/1241
f 1238/1238/1238 1243/1243/1243 1235/1235/1235
f 1239/1239/1239 1235/1235/1235 1243/1243/1243
f 1243/1243/1243 1238/1238/1238 1244/1244/1244
f 1242/1242/1242 1239/1239/1239 1245/1245/1245
f 1243/1243/1243 1245/1245/1245 1239/1239/1239
f 1245/1245/1245 1246/1246/1246 1242/1242/1242
f 1244/1244/1244 1247/1247/1247 1243/1243/1243
f 1245/1245/1245 1243/1243/1243 1247/1247/1247
f 1247/1247/1247 1244/1244/1244 1248/1248/1248
f 1246/1246/1246 1245/1245/1245 1249/1249/1249
f 1247/1247/1247 1249/1249/1249 1245/1245/1245
f 1249/1249/1249 1250/1250/1250 1246/1246/1246
f 1248/1248/1248 1251/1251/1251 1247/1247/1247
f 1249/1249/1249 1247/1247/1247 1251/1251/1251
f 1251/1251/1251 1248/1248/1248 1252/1252/1252
f 1250/1250/1250 1249/1249/1249 1253/1253/1253
f 1251/1251/1251 1253/1253/1253 1249/1249/1249
f 1253/1253/1253 1254/1254/1254 1250/1250/1250
f 1252/1252/1252 1255/1255/1255 1251/1251/1251
f 1253/1253/1253 1251/1251/1251 1255/1255/1255
f 1255/1255/1255 1252/1252/1252 1256/1256/1256
f 1256/1256/1256 1257/1257/1257 1255/1255/1255
f 1254/1254/1254 1253/1253/1253 1258/1258/1258
f 1255/1255/1255 1258/1258/1258 1253/1253/1253
f 1258/1258/1258 1255/1255/1255 1257/1257/1257
f 1258/1258/1258 1259/1259/1259 1254/1254/1254
f 1257/1257/1257 1260/1260/1260 1258/1258/1258
f 1259/1259/1259 1258/1258/1258 1260/1260/1260
f 1260/1260/1260 1261/1261/1261 1259/1259/1259
f 1264/1264/1264 1263/1263/1263 1262/1262/1262
f 1262/1262/1262 1265/1265/1265 1264/1264/1264
f 1265/1265/1265 1262/1262/1262 1266/1266/1266
f 1267/1267/1267 1264/1264/1264 1265/1265/1265
f 1265/1265/1265 1266/1266/1266 1268/1268/1268
f 1265/1265/1265 1269/1269/1269 1267/1267/1267
f 1270/1270/1270 1267/1267/1267 1269/1269/1269
f 1269/1269/1269 1271/1271/1271 1270/1270/1270
f 1269/1269/1269 1272/1272/1272 1271/1271/1271
f 1268/1268/1268 1273/1273/1273 1265/1265/1265
f 1269/1269/1269 1265/1265/1265 1273/1273/1273
f 1273/1273/1273 1268/1268/1268 1274/1274/1274
f 1272/1272/1272 1269/1269/1269 1275/1275/1275
f 1273/1273/1273 1275/1275/1275 1269/1269/1269
f 1275/1275/1275 1276/1276/1276 1272/1272/1272
f 1274/1274/1274 1277/1277/1277 1273/1273/1273
f 1275/1275/1275 1273/1273/1273 1277/1277/1277
f 1277/1277/1277 1274/1274/1274 1278/1278/1278
f 1276/1276/1276 1275/1275/1275 1279/1279/1279
f 1277/1277/1277 1279/1279/1279 1275/1275/1275
f 1279/1279/1279 1280/1280/1280 1276/1276/1276
f 1278/1278/1278 1281/1281/1281 1277/1277/1277
f 1279/1279/1279 1277/1277/1277 1281/1281/1281
f 1281/1281/1281 1278/1278/1278 1282/1282/1282
f 1280/1280/1280 1279/1279/1279 1283/1283/1283
f 1281/1281/1281 1283/1283/1283 1279/1279/1279
f 1283/1283/1283 1284/1284/1284 1280/1280/1280
f 1282/1282/1282 1285/1285/1285 1281/1281/1281
f 1283/1283/1283 1281/1281/1281 1285/1285/1285
f 1285/1285/1285 1282/1282/1282 1286/1286/1286
f 1286/1286/1286 1287/1287/1287 1285/1285/1285
f 1284/1284/1284 1283/1283/1283 1288/1288/1288
f 1285/1285/1285 1288/1288/1288 1283/1283/1283
f 1288/1288/1288 1285/1285/1285 1287/1287/1287
f 1288/1288/1288 1289/1289/1289 1284/1284/1284
f 1287/1287/1287 1290/1290/1290 1288/1288/1288
f 1289/1289/1289 1288/1288/1288 1290/1290/1290
f 1290/1290/1290 1291/1291/1291 1289/1289/1289
f 1294/1294/1294 1293/1293/1293 1292/1292/1292
f 1292/1292/1292 1295/1295/1295 1294/1294/1294
f 1296/1296/1296 1294/1294/1294 1295/1295/1295
f 1295/1295/1295 1292/1292/1292 1297/1297/1297
f 1295/1295/1295 1298/1298/1298 1296/1296/1296
f 1299/1299/1299 1296/1296/1296 1298/1298/1298
f 1298/1298/1298 1300/1300/1300 1299/1299/1299
f 1297/1297/1297 1301/1301/1301 1295/1295/1295
f 1298/1298/1298 1295/1295/1295 1301/1301/1301
f 1301/1301/1301 1297/1297/1297 1302/1302/1302
f 1300/1300/1300 1298/1298/1298 1303/1303/1303
f 1301/1301/1301 1303/1303/1303 1298/1298/1298
f 1303/1303/1303 1304/1304/1304 1300/1300/1300
f 1302/1302/1302 1305/1305/1305 1301/1301/1301
f 1303/1303/1303 1301/1301/1301 1305/1305/1305
f 1305/1305/1305 1302/1302/1302 1306/1306/1306
f 1304/1304/1304 1303/1303/1303 1307/1307/1307
f 1305/1305/1305 1307/1307/1307 1303/1303/1303
f 1307/1307/1307 1308/1308/1308 1304/1304/1304
f 1306/1306/1306 1309/1309/1309 1305/1305/1305
f 1307/1307/1307 1305/1305/1305 1309/1309/1309
f 1309/1309/1309 1306/1306/1306 1310/1310/1310
f 1308/1308/1308 1307/1307/1307 1311/1311/1311
f 1309/1309/1309 1311/1311/1311 1307/1307/1307
f 1311/1311/1311 1312/1312/1312 1308/1308/1308
f 1310/1310/1310 1313/1313/1313 1309/1309/1309
f 1311/1311/1311 1309/1309/1309 1313/1313/1313
f 1312/1312/1312 1311/1311/1311 1314/1314/1314
f 1313/1313/1313 1314/1314/1314 1311/1311/1311
f 1314/1314/1314 1315/1315/1315 1312/1312/1312
f 1316/1316/1316 1313/1313/1313 1310/1310/1310
f 1310/1310/1310 1317/1317/1317 1316/1316/1316
f 1316/1316/1316 1317/1317/1317 1318/1318/1318
f 1319/1319/1319 1314/1314/1314 1313/1313/1313
f 1315/1315/1315 1314/1314/1314 1319/1319/1319
f 1313/1313/1313 1316/1316/1316 1319/1319/1319
f 1319/1319/1319 1320/1320/1320 1315/1315/1315
f 1321/1321/1321 1320/1320/1320 1319/1319/1319
f 1318/1318/1318 1322/1322/1322 1316/1316/1316
f 1319/1319/1319 1316/1316/1316 1322/1322/1322
f 1318/1318/1318 1323/1323/1323 1322/1322/1322
f 1322/1322/1322 1323/1323/1323 1324/1324/1324
f 1319/1319/1319 1325/1325/1325 1321/1321/1321
f 1322/1322/1322 1325/1325/1325 1319/1319/1319
f 1325/1325/1325 1326/1326/1326 1321/1321/1321
f 1327/1327/1327 1326/1326/1326 1325/1325/1325
f 1324/1324/1324 1328/1328/1328 1322/1322/1322
f 1325/1325/1325 1322/1322/1322 1328/1328/1328
f 1325/1325/1325 1329/1329/1329 1327/1327/1327
f 1328/1328/1328 1329/1329/1329 1325/1325/1325
f 1329/1329/1329 1330/1330/1330 1327/1327/1327
f 1331/1331/1331 1330/1330/1330 1329/1329/1329
f 1332/1332/1332 1328/1328/1328 1324/1324/1324
f 1328/1328/1328 1332/1332/1332 1329/1329/1329
f 1324/1324/1324 1333/1333/1333 1332/1332/1332
f 1332/1332/1332 1333/1333/1333 1334/1334/1334
f 1329/1329/1329 1332/1332/1332 1335/1335/1335
f 1334/1334/1334 1335/1335/1335 1332/1332/1332
f 1329/1329/1329 1336/1336/1336 1331/1331/1331
f 1335/1335/1335 1336/1336/1336 1329/1329/1329
f 1336/1336/1336 1337/1337/1337 1331/1331/1331
f 1338/1338/1338 1337/1337/1337 1336/1336/1336
f 1339/1339/1339 1335/1335/1335 1334/1334/1334
f 1335/1335/1335 1339/1339/1339 1336/1336/1336
f 1334/1334/1334 1340/1340/1340 1339/1339/1339
f 1339/1339/1339 1340/1340/1340 1341/1341/1341
f 1336/1336/1336 1342/1342/1342 1338/1338/1338
f 1339/1339/1339 1342/1342/1342 1336/1336/1336
f 1342/1342/1342 1343/1343/1343 1338/1338/1338
f 1344/1344/1344 1343/1343/1343 1342/1342/1342
f 1345/1345/1345 1339/1339/1339 1341/1341/1341
f 1339/1339/1339 1345/1345/1345 1342/1342/1342
f 1341/1341/1341 1346/1346/1346 1345/1345/1345
f 1345/1345/1345 1346/1346/1346 1347/1347/1347
f 1342/1342/1342 1348/1348/1348 1344/1344/1344
f 1348/1348/1348 1342/1342/1342 1345/1345/1345
f 1348/1348/1348 1349/1349/1349 1344/1344/1344
f 1347/1347/1347 1350/1350/1350 1345/1345/1345
f 1345/1345/1345 1350/1350/1350 1348/1348/1348
f 1347/1347/1347 1351/1351/1351 1350/1350/1350
f 1348/1348/1348 1352/1352/1352 1349/1349/1349
f 1352/1352/1352 1348/1348/1348 1350/1350/1350
f 1352/1352/1352 1353/1353/1353 1349/1349/1349
f 1351/1351/1351 1354/1354/1354 1350/1350/1350
f 1350/1350/1350 1354/1354/1354 1352/1352/1352
f 1351/1351/1351 1355/1355/1355 1354/1354/1354
f 1354/1354/1354 1355/1355/1355 1356/1356/1356
f 1352/1352/1352 1357/1357/1357 1353/1353/1353
f 1357/1357/1357 1352/1352/1352 1354/1354/1354
f 1357/1357/1357 1358/1358/1358 1353/1353/1353
f 1356/1356/1356 1359/1359/1359 1354/1354/1354
f 1357/1357/1357 1354/1354/1354 1359/1359/1359
f 1359/1359/1359 1356/1356/1356 1360/1360/1360
f 1358/1358/1358 1357/1357/1357 1361/1361/1361
f 1359/1359/1359 1361/1361/1361 1357/1357/1357
f 1361/1361/1361 1362/1362/1362 1358/1358/1358
f 1360/1360/1360 1363/1363/1363 1359/1359/1359
f 1361/1361/1361 1359/1359/1359 1363/1363/1363
f 1363/1363/1363 1360/1360/1360 1364/1364/1364
f 1362/1362/1362 1361/1361/1361 1365/1365/1365
f 1365/1365/1365 1366/1366/1366 1362/1362/1362
f 1361/1361/1361 1363/1363/1363 1367/1367/1367
f 1364/1364/1364 1367/1367/1367 1363/1363/1363
f 1367/1367/1367 1365/1365/1365 1361/1361/1361
f 1367/1367/1367 1364/1364/1364 1368/1368/1368
f 1368/1368/1368 1369/1369/1369 1367/1367/1367
f 1365/1365/1365 1367/1367/1367 1369/1369/1369
f 1369/1369/1369 1370/1370/1370 1365/1365/1365
f 1366/1366/1366 1365/1365/1365 1370/1370/1370
f 1370/1370/1370 1371/1371/1371 1366/1366/1366
f 1374/1374/1374 1373/1373/1373 1372/1372/1372
f 1372/1372/1372 1375/1375/1375 1374/1374/1374
f 1376/1376/1376 1374/1374/1374 1375/1375/1375
f 1375/1375/1375 1372/1372/1372 1377/1377/1377
f 1375/1375/1375 1378/1378/1378 1376/1376/1376
f 1379/1379/1379 1376/1376/1376 1378/1378/1378
f 1378/1378/1378 1380/1380/1380 1379/1379/1379
f 1377/1377/1377 1381/1381/1381 1375/1375/1375
f 1378/1378/1378 1375/1375/1375 1381/1381/1381
f 1381/1381/1381 1377/1377/1377 1382/1382/1382
f 1380/1380/1380 1378/1378/1378 1383/1383/1383
f 1381/1381/1381 1383/1383/1383 1378/1378/1378
f 1383/1383/1383 1384/1384/1384 1380/1380/1380
f 1382/1382/1382 1385/1385/1385 1381/1381/1381
f 1383/1383/1383 1381/1381/1381 1385/1385/1385
f 1385/1385/1385 1382/1382/1382 1386/1386/1386
f 1384/1384/1384 1383/1383/1383 1387/1387/1387
f 1385/1385/1385 1387/1387/1387 1383/1383/1383
f 1387/1387/1387 1388/1388/1388 1384/1384/1384
f 1386/1386/1386 1389/1389/1389 1385/1385/1385
f 1387/1387/1387 1385/1385/1385 1389/1389/1389
f 1389/1389/1389 1386/1386/1386 1390/1390/1390
f 1388/1388/1388 1387/1387/1387 1391/1391/1391
f 1389/1389/1389 1391/1391/1391 1387/1387/1387
f 1391/1391/1391 1392/1392/1392 1388/1388/1388
f 1390/1390/1390 1393/1393/1393 1389/1389/1389
f 1391/1391/1391 1389/1389/1389 1393/1393/1393
f 1393/1393/1393 1390/1390/1390 1394/1394/1394
f 1392/1392/1392 1391/1391/1391 1395/1395/1395
f 1393/1393/1393 1395/1395/1395 1391/1391/1391
f 1395/1395/1395 1396/1396/1396 1392/1392/1392
f 1397/1397/1397 1396/1396/1396 1395/1395/1395
f 1398/1398/1398 1395/1395/1395 1393/1393/1393
f 1395/1395/1395 1398/1398/1398 1397/1397/1397
f 1394/1394/1394 1399/1399/1399 1393/1393/1393
f 1393/1393/1393 1399/1399/1399 1398/1398/1398
f 1397/1397/1397 1398/1398/1398 1400/1400/1400
f 1400/1400/1400 1398/1398/1398 1399/1399/1399
f 1400/1400/1400 1401/1401/1401 1397/1397/1397
f 1402/1402/1402 1401/1401/1401 1400/1400/1400
f 1403/1403/1403 1399/1399/1399 1394/1394/1394
f 1399/1399/1399 1403/1403/1403 1400/1400/1400
f 1394/1394/1394 1404/1404/1404 1403/1403/1403
f 1403/1403/1403 1404/1404/1404 1405/1405/1405
f 1400/1400/1400 1403/1403/1403 1406/1406/1406
f 1405/1405/1405 1406/1406/1406 1403/1403/1403
f 1402/1402/1402 1400/1400/1400 1407/1407/1407
f 1407/1407/1407 1400/1400/1400 1406/1406/1406
f 1407/1407/1407 1408/1408/1408 1402/1402/1402
f 1409/1409/1409 1408/1408/1408 1407/1407/1407
f 1410/1410/1410 1406/1406/1406 1405/1405/1405
f 1406/1406/1406 1410/1410/1410 1407/1407/1407
f 1405/1405/1405 1411/1411/1411 1410/1410/1410
f 1410/1410/1410 1411/1411/1411 1412/1412/1412
f 1407/1407/1407 1410/1410/1410 1413/1413/1413
f 1412/1412/1412 1413/1413/1413 1410/1410/1410
f 1409/1409/1409 1407/1407/1407 1414/1414/1414
f 1414/1414/1414 1407/1407/1407 1413/1413/1413
f 1414/1414/1414 1415/1415/1415 1409/1409/1409
f 1416/1416/1416 1415/1415/1415 1414/1414/1414
f 1417/1417/1417 1413/1413/1413 1412/1412/1412
f 1413/1413/1413 1417/1417/1417 1414/1414/1414
f 1412/1412/1412 1418/1418/1418 1417/1417/1417
f 1417/1417/1417 1418/1418/1418 1419/1419/1419
f 1416/1416/1416 1414/1414/1414 1420/1420/1420
f 1420/1420/1420 1414/1414/1414 1417/1417/1417
f 1420/1420/1420 1421/1421/1421 1416/1416/1416
f 1422/1422/1422 1421/1421/1421 1420/1420/1420
f 1423/1423/1423 1417/1417/1417 1419/1419/1419
f 1417/1417/1417 1423/1423/1423 1420/1420/1420
f 1419/1419/1419 1424/1424/1424 1423/1423/1423
f 1423/1423/1423 1424/1424/1424 1425/1425/1425
f 1422/1422/1422 1420/1420/1420 1426/1426/1426
f 1426/1426/1426 1420/1420/1420 1423/1423/1423
f 1426/1426/1426 1427/1427/1427 1422/1422/1422
f 1428/1428/1428 1427/1427/1427 1426/1426/1426
f 1429/1429/1429 1423/1423/1423 1425/1425/1425
f 1423/1423/1423 1429/1429/1429 1426/1426/1426
f 1425/1425/1425 1430/1430/1430 1429/1429/1429
f 1429/1429/1429 1430/1430/1430 1431/1431/1431
f 1426/1426/1426 1432/1432/1432 1428/1428/1428
f 1432/1432/1432 1426/1426/1426 1429/1429/1429
f 1433/1433/1433 1428/1428/1428 1432/1432/1432
f 1434/1434/1434 1429/1429/1429 1431/1431/1431
f 1429/1429/1429 1434/1434/1434 1432/1432/1432
f 1434/1434/1434 1431/1431/1431 1435/1435/1435
f 1432/1432/1432 1436/1436/1436 1433/1433/1433
f 1436/1436/1436 1432/1432/1432 1434/1434/1434
f 1436/1436/1436 1437/1437/1437 1433/1433/1433
f 1438/1438/1438 1434/1434/1434 1435/1435/1435
f 1434/1434/1434 1438/1438/1438 1436/1436/1436
f 1438/1438/1438 1435/1435/1435 1439/1439/1439
f 1438/1438/1438 1439/1439/1439 1440/1440/1440
f 1437/1437/1437 1436/1436/1436 1441/1441/1441
f 1438/1438/1438 1441/1441/1441 1436/1436/1436
f 1441/1441/1441 1442/1442/1442 1437/1437/1437
f 1440/1440/1440 1443/1443/1443 1438/1438/1438
f 1441/1441/1441 1438/1438/1438 1443/1443/1443
f 1443/1443/1443 1440/1440/1440 1444/1444/1444
f 1441/1441/1441 1445/1445/1445 1442/1442/1442
f 1444/1444/1444 1446/1446/1446 1443/1443/1443
f 1441/1441/1441 1443/1443/1443 1446/1446/1446
f 1446/1446/1446 1444/1444/1444 1447/1447/1447
f 1447/1447/1447 1448/1448/1448 1446/1446/1446
f 1441/1441/1441 1446/1446/1446 1448/1448/1448
f 1448/1448/1448 1449/1449/1449 1441/1441/1441
f 1445/1445/1445 1441/1441/1441 1449/1449/1449
f 1449/1449/1449 1450/1450/1450 1445/1445/1445
f 1453/1453/1453 1452/1452/1452 1451/1451/1451
f 1451/1451/1451 1454/1454/1454 1453/1453/1453
f 1455/1455/1455 1453/1453/1453 1454/1454/1454
f 1454/1454/1454 1451/1451/1451 1456/1456/1456
f 1454/1454/1454 1457/1457/1457 1455/1455/1455
f 1458/1458/1458 1455/1455/1455 1457/1457/1457
f 1457/1457/1457 1459/1459/1459 1458/1458/1458
f 1456/1456/1456 1460/1460/1460 1454/1454/1454
f 1457/1457/1457 1454/1454/1454 1460/1460/1460
f 1460/1460/1460 1456/1456/1456 1461/1461/1461
f 1459/1459/1459 1457/1457/1457 1462/1462/1462
f 1460/1460/1460 1462/1462/1462 1457/1457/1457
f 1462/1462/1462 1463/1463/1463 1459/1459/1459
f 1461/1461/1461 1464/1464/1464 1460/1460/1460
f 1462/1462/1462 1460/1460/1460 1464/1464/1464
f 1464/1464/1464 1461/1461/1461 1465/1465/1465
f 1463/1463/1463 1462/1462/1462 1466/1466/1466
f 1464/1464/1464 1466/1466/1466 1462/1462/1462
f 1466/1466/1466 1467/1467/1467 1463/1463/1463
f 1465/1465/1465 1468/1468/1468 1464/1464/1464
f 1466/1466/1466 1464/1464/1464 1468/1468/1468
f 1467/1467/1467 1466/1466/1466 1469/1469/1469
f 1468/1468/1468 1469/1469/1469 1466/1466/1466
f 1469/1469/1469 1470/1470/1470 1467/1467/1467
f 1469/1469/1469 1471/1471/1471 1470/1470/1470
f 1469/1469/1469 1472/1472/1472 1471/1471/1471
f 1473/1473/1473 1468/1468/1468 1465/1465/1465
f 1468/1468/1468 1473/1473/1473 1469/1469/1469
f 1465/1465/1465 1474/1474/1474 1473/1473/1473
f 1474/1474/1474 1475/1475/1475 1473/1473/1473
f 1472/1472/1472 1469/1469/1469 1476/1476/1476
f 1476/1476/1476 1469/1469/1469 1473/1473/1473
f 1476/1476/1476 1477/1477/1477 1472/1472/1472
f 1478/1478/1478 1473/1473/1473 1475/1475/1475
f 1473/1473/1473 1478/1478/1478 1476/1476/1476
f 1475/1475/1475 1479/1479/1479 1478/1478/1478
f 1477/1477/1477 1476/1476/1476 1480/1480/1480
f 1480/1480/1480 1476/1476/1476 1478/1478/1478
f 1480/1480/1480 1481/1481/1481 1477/1477/1477
f 1482/1482/1482 1478/1478/1478 1479/1479/1479
f 1478/1478/1478 1482/1482/1482 1480/1480/1480
f 1479/1479/1479 1483/1483/1483 1482/1482/1482
f 1481/1481/1481 1480/1480/1480 1484/1484/1484
f 1484/1484/1484 1480/1480/1480 1482/1482/1482
f 1484/1484/1484 1485/1485/1485 1481/1481/1481
f 1486/1486/1486 1485/1485/1485 1484/1484/1484
f 1487/1487/1487 1486/1486/1486 1484/1484/1484
f 1488/1488/1488 1482/1482/1482 1483/1483/1483
f 1482/1482/1482 1488/1488/1488 1484/1484/1484
f 1483/1483/1483 1489/1489/1489 1488/1488/1488
f 1489/1489/1489 1490/1490/1490 1488/1488/1488
f 1484/1484/1484 1491/1491/1491 1487/1487/1487
f 1491/1491/1491 1484/1484/1484 1488/1488/1488
f 1492/1492/1492 1487/1487/1487 1491/1491/1491
f 1493/1493/1493 1488/1488/1488 1490/1490/1490
f 1488/1488/1488 1493/1493/1493 1491/1491/1491
f 1490/1490/1490 1494/1494/1494 1493/1493/1493
f 1495/1495/1495 1492/1492/1492 1491/1491/1491
f 1494/1494/1494 1496/1496/1496 1493/1493/1493
f 1493/1493/1493 1496/1496/1496 1491/1491/1491
f 1496/1496/1496 1494/1494/1494 1497/1497/1497
f 1496/1496/1496 1497/1497/1497 1498/1498/1498
f 1491/1491/1491 1499/1499/1499 1495/1495/1495
f 1499/1499/1499 1491/1491/1491 1496/1496/1496
f 1500/1500/1500 1495/1495/1495 1499/1499/1499
f 1501/1501/1501 1500/1500/1500 1499/1499/1499
f 1498/1498/1498 1502/1502/1502 1496/1496/1496
f 1499/1499/1499 1496/1496/1496 1502/1502/1502
f 1502/1502/1502 1498/1498/1498 1503/1503/1503
f 1499/1499/1499 1504/1504/1504 1501/1501/1501
f 1504/1504/1504 1499/1499/1499 1502/1502/1502
f 1505/1505/1505 1501/1501/1501 1504/1504/1504
f 1503/1503/1503 1506/1506/1506 1502/1502/1502
f 1502/1502/1502 1506/1506/1506 1504/1504/1504
f 1506/1506/1506 1503/1503/1503 1507/1507/1507
f 1509/1509/1509 1508/1508/1508 1505/1505/1505
f 1507/1507/1507 1510/1510/1510 1506/1506/1506
f 1504/1504/1504 1506/1506/1506 1510/1510/1510
f 1510/1510/1510 1507/1507/1507 1511/1511/1511
f 1511/1511/1511 1512/1512/1512 1510/1510/1510
f 1504/1504/1504 1513/1513/1513 1505/1505/1505
f 1510/1510/1510 1513/1513/1513 1504/1504/1504
f 1505/1505/1505 1513/1513/1513 1509/1509/1509
f 1513/1513/1513 1510/1510/1510 1512/1512/1512
f 1512/1512/1512 1509/1509/1509 1513/1513/1513
f 1516/1516/1516 1515/1515/1515 1514/1514/1514
f 1514/1514/1514 1517/1517/1517 1516/1516/1516
f 1518/1518/1518 1516/1516/1516 1517/1517/1517
f 1517/1517/1517 1514/1514/1514 1519/1519/1519
f 1517/1517/1517 1520/1520/1520 1518/1518/1518
f 1521/1521/1521 1518/1518/1518 1520/1520/1520
f 1520/1520/1520 1522/1522/1522 1521/1521/1521
f 1519/1519/1519 1523/1523/1523 1517/1517/1517
f 1520/1520/1520 1517/1517/1517 1523/1523/1523
f 1523/1523/1523 1519/1519/1519 1524/1524/1524
f 1522/1522/1522 1520/1520/1520 1525/1525/1525
f 1523/1523/1523 1525/1525/1525 1520/1520/1520
f 1525/1525/1525 1526/1526/1526 1522/1522/1522
f 1524/1524/1524 1527/1527/1527 1523/1523/1523
f 1525/1525/1525 1523/1523/1523 1527/1527/1527
f 1527/1527/1527 1524/1524/1524 1528/1528/1528
f 1526/1526/1526 1525/1525/1525 1529/1529/1529
f 1527/1527/1527 1529/1529/1529 1525/1525/1525
f 1529/1529/1529 1530/1530/1530 1526/1526/1526
f 1528/1528/1528 1531/1531/1531 1527/1527/1527
f 1529/1529/1529 1527/1527/1527 1531/1531/1531
f 1531/1531/1531 1528/1528/1528 1532/1532/1532
f 1530/1530/1530 1529/1529/1529 1533/1533/1533
f 1531/1531/1531 1533/1533/1533 1529/1529/1529
f 1533/1533/1533 1534/1534/1534 1530/1530/1530
f 1535/1535/1535 1534/1534/1534 1533/1533/1533
f 1536/1536/1536 1535/1535/1535 1533/1533/1533
f 1532/1532/1532 1537/1537/1537 1531/1531/1531
f 1533/1533/1533 1531/1531/1531 1537/1537/1537
f 1537/1537/1537 1532/1532/1532 1538/1538/1538
f 1533/1533/1533 1539/1539/1539 1536/1536/1536
f 1540/1540/1540 1536/1536/1536 1539/1539/1539
f 1533/1533/1533 1537/1537/1537 1541/1541/1541
f 1538/1538/1538 1541/1541/1541 1537/1537/1537
f 1541/1541/1541 1539/1539/1539 1533/1533/1533
f 1541/1541/1541 1538/1538/1538 1542/1542/1542
f 1539/1539/1539 1543/1543/1543 1540/1540/1540
f 1544/1544/1544 1540/1540/1540 1543/1543/1543
f 1539/1539/1539 1541/1541/1541 1545/1545/1545
f 1542/1542/1542 1545/1545/1545 1541/1541/1541
f 1545/1545/1545 1543/1543/1543 1539/1539/1539
f 1545/1545/1545 1542/1542/1542 1546/1546/1546
f 1543/1543/1543 1547/1547/1547 1544/1544/1544
f 1547/1547/1547 1543/1543/1543 1545/1545/1545
f 1548/1548/1548 1544/1544/1544 1547/1547/1547
f 1549/1549/1549 1548/1548/1548 1547/1547/1547
f 1550/1550/1550 1549/1549/1549 1547/1547/1547
f 1546/1546/1546 1551/1551/1551 1545/1545/1545
f 1545/1545/1545 1551/1551/1551 1547/1547/1547
f 1551/1551/1551 1546/1546/1546 1552/1552/1552
f 1552/1552/1552 1553/1553/1553 1551/1551/1551
f 1547/1547/1547 1554/1554/1554 1550/1550/1550
f 1554/1554/1554 1547/1547/1547 1551/1551/1551
f 1555/1555/1555 1551/1551/1551 1553/1553/1553
f 1551/1551/1551 1555/1555/1555 1554/1554/1554
f 1553/1553/1553 1556/1556/1556 1555/1555/1555
f 1556/1556/1556 1557/1557/1557 1555/1555/1555
f 1550/1550/1550 1554/1554/1554 1558/1558/1558
f 1558/1558/1558 1554/1554/1554 1555/1555/1555
f 1558/1558/1558 1559/1559/1559 1550/1550/1550
f 1558/1558/1558 1560/1560/1560 1559/1559/1559
f 1561/1561/1561 1555/1555/1555 1557/1557/1557
f 1555/1555/1555 1561/1561/1561 1558/1558/1558
f 1557/1557/1557 1562/1562/1562 1561/1561/1561
f 1562/1562/1562 1563/1563/1563 1561/1561/1561
f 1560/1560/1560 1558/1558/1558 1564/1564/1564
f 1564/1564/1564 1558/1558/1558 1561/1561/1561
f 1564/1564/1564 1565/1565/1565 1560/1560/1560
f 1566/1566/1566 1561/1561/1561 1563/1563/1563
f 1561/1561/1561 1566/1566/1566 1564/1564/1564
f 1563/1563/1563 1567/1567/1567 1566/1566/1566
f 1565/1565/1565 1564/1564/1564 1568/1568/1568
f 1568/1568/1568 1564/1564/1564 1566/1566/1566
f 1568/1568/1568 1569/1569/1569 1565/1565/1565
f 1570/1570/1570 1566/1566/1566 1567/1567/1567
f 1566/1566/1566 1570/1570/1570 1568/1568/1568
f 1567/1567/1567 1571/1571/1571 1570/1570/1570
f 1570/1570/1570 1571/1571/1571 1572/1572/1572
f 1572/1572/1572 1573/1573/1573 1570/1570/1570
f 1568/1568/1568 1570/1570/1570 1573/1573/1573
f 1573/1573/1573 1574/1574/1574 1568/1568/1568
f 1569/1569/1569 1568/1568/1568 1574/1574/1574
f 1574/1574/1574 1575/1575/1575 1569/1569/1569
f 1578/1578/1578 1577/1577/1577 1576/1576/1576
f 1576/1576/1576 1579/1579/1579 1578/1578/1578
f 1580/1580/1580 1578/1578/1578 1579/1579/1579
f 1579/1579/1579 1576/1576/1576 1581/1581/1581
f 1579/1579/1579 1582/1582/1582 1580/1580/1580
f 1583/1583/1583 1580/1580/1580 1582/1582/1582
f 1582/1582/1582 1584/1584/1584 1583/1583/1583
f 1582/1582/1582 1585/1585/1585 1584/1584/1584
f 1581/1581/1581 1586/1586/1586 1579/1579/1579
f 1582/1582/1582 1579/1579/1579 1586/1586/1586
f 1586/1586/1586 1581/1581/1581 1587/1587/1587
f 1585/1585/1585 1582/1582/1582 1588/1588/1588
f 1586/1586/1586 1588/1588/1588 1582/1582/1582
f 1588/1588/1588 1589/1589/1589 1585/1585/1585
f 1587/1587/1587 1590/1590/1590 1586/1586/1586
f 1588/1588/1588 1586/1586/1586 1590/1590/1590
f 1590/1590/1590 1587/1587/1587 1591/1591/1591
f 1590/1590/1590 1591/1591/1591 1592/1592/1592
f 1592/1592/1592 1593/1593/1593 1590/1590/1590
f 1589/1589/1589 1588/1588/1588 1594/1594/1594
f 1590/1590/1590 1594/1594/1594 1588/1588/1588
f 1594/1594/1594 1590/1590/1590 1593/1593/1593
f 1594/1594/1594 1595/1595/1595 1589/1589/1589
f 1595/1595/1595 1594/1594/1594 1593/1593/1593
f 1593/1593/1593 1596/1596/1596 1595/1595/1595
f 1599/1599/1599 1598/1598/1598 1597/1597/1597
f 1597/1597/1597 1600/1600/1600 1599/1599/1599
f 1600/1600/1600 1597/1597/1597 1601/1601/1601
f 1602/1602/1602 1599/1599/1599 1600/1600/1600
f 1601/1601/1601 1603/1603/1603 1600/1600/1600
f 1603/1603/1603 1601/1601/1601 1604/1604/1604
f 1600/1600/1600 1605/1605/1605 1602/1602/1602
f 1605/1605/1605 1600/1600/1600 1603/1603/1603
f 1602/1602/1602 1607/1607/1607 1606/1606/1606
f 1607/1607/1607 1602/1602/1602 1605/1605/1605
f 1604/1604/1604 1608/1608/1608 1603/1603/1603
f 1608/1608/1608 1604/1604/1604 1609/1609/1609
f 1603/1603/1603 1610/1610/1610 1605/1605/1605
f 1607/1607/1607 1605/1605/1605 1610/1610/1610
f 1610/1610/1610 1603/1603/1603 1608/1608/1608
f 1610/1610/1610 1611/1611/1611 1607/1607/1607
f 1609/1609/1609 1612/1612/1612 1608/1608/1608
f 1612/1612/1612 1609/1609/1609 1613/1613/1613
f 1613/1613/1613 1614/1614/1614 1612/1612/1612
f 1615/1615/1615 1612/1612/1612 1614/1614/1614
f 1608/1608/1608 1616/1616/1616 1610/1610/1610
f 1616/1616/1616 1608/1608/1608 1612/1612/1612
f 1611/1611/1611 1610/1610/1610 1616/1616/1616
f 1612/1612/1612 1615/1615/1615 1616/1616/1616
f 1616/1616/1616 1617/1617/1617 1611/1611/1611
f 1616/1616/1616 1618/1618/1618 1617/1617/1617
f 1618/1618/1618 1616/1616/1616 1615/1615/1615
f 1615/1615/1615 1619/1619/1619 1618/1618/1618
f 1622/1622/1622 1621/1621/1621 1620/1620/1620
f 1620/1620/1620 1623/1623/1623 1622/1622/1622
f 1624/1624/1624 1622/1622/1622 1623/1623/1623
f 1623/1623/1623 1620/1620/1620 1625/1625/1625
f 1623/1623/1623 1626/1626/1626 1624/1624/1624
f 1627/1627/1627 1624/1624/1624 1626/1626/1626
f 1626/1626/1626 1628/1628/1628 1627/1627/1627
f 1625/1625/1625 1629/1629/1629 1623/1623/1623
f 1626/1626/1626 1623/1623/1623 1629/1629/1629
f 1629/1629/1629 1625/1625/1625 1630/1630/1630
f 1629/1629/1629 1630/1630/1630 1631/1631/1631
f 1628/1628/1628 1626/1626/1626 1632/1632/1632
f 1629/1629/1629 1632/1632/1632 1626/1626/1626
f 1632/1632/1632 1633/1633/1633 1628/1628/1628
f 1631/1631/1631 1634/1634/1634 1629/1629/1629
f 1634/1634/1634 1631/1631/1631 1635/1635/1635
f 1629/1629/1629 1636/1636/1636 1632/1632/1632
f 1633/1633/1633 1632/1632/1632 1636/1636/1636
f 1636/1636/1636 1629/1629/1629 1634/1634/1634
f 1636/1636/1636 1637/1637/1637 1633/1633/1633
f 1635/1635/1635 1638/1638/1638 1634/1634/1634
f 1638/1638/1638 1635/1635/1635 1639/1639/1639
f 1634/1634/1634 1640/1640/1640 1636/1636/1636
f 1637/1637/1637 1636/1636/1636 1640/1640/1640
f 1640/1640/1640 1634/1634/1634 1638/1638/1638
f 1640/1640/1640 1641/1641/1641 1637/1637/1637
f 1639/1639/1639 1642/1642/1642 1638/1638/1638
f 1642/1642/1642 1639/1639/1639 1643/1643/1643
f 1638/1638/1638 1644/1644/1644 1640/1640/1640
f 1641/1641/1641 1640/1640/1640 1644/1644/1644
f 1644/1644/1644 1638/1638/1638 1642/1642/1642
f 1644/1644/1644 1645/1645/1645 1641/1641/1641
f 1643/1643/1643 1646/1646/1646 1642/1642/1642
f 1646/1646/1646 1643/1643/1643 1647/1647/1647
f 1642/1642/1642 1648/1648/1648 1644/1644/1644
f 1645/1645/1645 1644/1644/1644 1648/1648/1648
f 1648/1648/1648 1642/1642/1642 1646/1646/1646
f 1648/1648/1648 1649/1649/1649 1645/1645/1645
f 1647/1647/1647 1650/1650/1650 1646/1646/1646
f 1650/1650/1650 1647/1647/1647 1651/1651/1651
f 1646/1646/1646 1652/1652/1652 1648/1648/1648
f 1649/1649/1649 1648/1648/1648 1652/1652/1652
f 1652/1652/1652 1646/1646/1646 1650/1650/1650
f 1652/1652/1652 1653/1653/1653 1649/1649/1649
f 1651/1651/1651 1654/1654/1654 1650/1650/1650
f 1654/1654/1654 1651/1651/1651 1655/1655/1655
f 1650/1650/1650 1656/1656/1656 1652/1652/1652
f 1653/1653/1653 1652/1652/1652 1656/1656/1656
f 1656/1656/1656 1650/1650/1650 1654/1654/1654
f 1656/1656/1656 1657/1657/1657 1653/1653/1653
f 1655/1655/1655 1658/1658/1658 1654/1654/1654
f 1658/1658/1658 1655/1655/1655 1659/1659/1659
f 1654/1654/1654 1660/1660/1660 1656/1656/1656
f 1657/1657/1657 1656/1656/1656 1660/1660/1660
f 1660/1660/1660 1654/1654/1654 1658/1658/1658
f 1660/1660/1660 1661/1661/1661 1657/1657/1657
f 1659/1659/1659 1662/1662/1662 1658/1658/1658
f 1662/1662/1662 1659/1659/1659 1663/1663/1663
f 1658/1658/1658 1664/1664/1664 1660/1660/1660
f 1661/1661/1661 1660/1660/1660 1664/1664/1664
f 1664/1664/1664 1658/1658/1658 1662/1662/1662
f 1664/1664/1664 1665/1665/1665 1661/1661/1661
f 1663/1663/1663 1666/1666/1666 1662/1662/1662
f 1666/1666/1666 1663/1663/1663 1667/1667/1667
f 1662/1662/1662 1668/1668/1668 1664/1664/1664
f 1665/1665/1665 1664/1664/1664 1668/1668/1668
f 1668/1668/1668 1662/1662/1662 1666/1666/1666
f 1668/1668/1668 1669/1669/1669 1665/1665/1665
f 1667/1667/1667 1670/1670/1670 1666/1666/1666
f 1670/1670/1670 1667/1667/1667 1671/1671/1671
f 1666/1666/1666 1672/1672/1672 1668/1668/1668
f 1669/1669/1669 1668/1668/1668 1672/1672/1672
f 1672/1672/1672 1666/1666/1666 1670/1670/1670
f 1672/1672/1672 1673/1673/1673 1669/1669/1669
f 1671/1671/1671 1674/1674/1674 1670/1670/1670
f 1674/1674/1674 1671/1671/1671 1675/1675/1675
f 1670/1670/1670 1676/1676/1676 1672/1672/1672
f 1673/1673/1673 1672/1672/1672 1676/1676/1676
f 1676/1676/1676 1670/1670/1670 1674/1674/1674
f 1676/1676/1676 1677/1677/1677 1673/1673/1673
f 1675/1675/1675 1678/1678/1678 1674/1674/1674
f 1678/1678/1678 1675/1675/1675 1679/1679/1679
f 1674/1674/1674 1680/1680/1680 1676/1676/1676
f 1677/1677/1677 1676/1676/1676 1680/1680/1680
f 1680/1680/1680 1674/1674/1674 1678/1678/1678
f 1680/1680/1680 1681/1681/1681 1677/1677/1677
f 1679/1679/1679 1682/1682/1682 1678/1678/1678
f 1682/1682/1682 1679/1679/1679 1683/1683/1683
f 1678/1678/1678 1684/1684/1684 1680/1680/1680
f 1681/1681/1681 1680/1680/1680 1684/1684/1684
f 1684/1684/1684 1678/1678/1678 1682/1682/1682
f 1684/1684/1684 1685/1685/1685 1681/1681/1681
f 1683/1683/1683 1686/1686/1686 1682/1682/1682
f 1686/1686/1686 1683/1683/1683 1687/1687/1687
f 1682/1682/1682 1688/1688/1688 1684/1684/1684
f 1685/1685/1685 1684/1684/1684 1688/1688/1688
f 1688/1688/1688 1682/1682/1682 1686/1686/1686
f 1688/1688/1688 1689/1689/1689 1685/1685/1685
f 1687/1687/1687 1690/1690/1690 1686/1686/1686
f 1690/1690/1690 1687/1687/1687 1691/1691/1691
f 1691/1691/1691 1692/1692/1692 1690/1690/1690
f 1686/1686/1686 1693/1693/1693 1688/1688/1688
f 1689/1689/1689 1688/1688/1688 1693/1693/1693
f 1693/1693/1693 1686/1686/1686 1690/1690/1690
f 1693/1693/1693 1694/1694/1694 1689/1689/1689
f 1695/1695/1695 1690/1690/1690 1692/1692/1692
f 1690/1690/1690 1695/1695/1695 1693/1693/1693
f 1694/1694/1694 1693/1693/1693 1695/1695/1695
f 1692/1692/1692 1696/1696/1696 1695/1695/1695
f 1695/1695/1695 1697/1697/1697 1694/1694/1694
f 1697/1697/1697 1695/1695/1695 1696/1696/1696
f 1696/1696/1696 1698/1698/1698 1697/1697/1697
f 1701/1701/1701 1700/1700/1700 1699/1699/1699
f 1699/1699/1699 1702/1702/1702 1701/1701/1701
f 1703/1703/1703 1701/1701/1701 1702/1702/1702
f 1702/1702/1702 1699/1699/1699 1704/1704/1704
f 1702/1702/1702 1705/1705/1705 1703/1703/1703
f 1706/1706/1706 1703/1703/1703 1705/1705/1705
f 1705/1705/1705 1707/1707/1707 1706/1706/1706
f 1704/1704/1704 1708/1708/1708 1702/1702/1702
f 1705/1705/1705 1702/1702/1702 1708/1708/1708
f 1708/1708/1708 1704/1704/1704 1709/1709/1709
f 1708/1708/1708 1709/1709/1709 1710/1710/1710
f 1707/1707/1707 1705/1705/1705 1711/1711/1711
f 1708/1708/1708 1711/1711/1711 1705/1705/1705
f 1711/1711/1711 1712/1712/1712 1707/1707/1707
f 1710/1710/1710 1713/1713/1713 1708/1708/1708
f 1713/1713/1713 1710/1710/1710 1714/1714/1714
f 1708/1708/1708 1715/1715/1715 1711/1711/1711
f 1712/1712/1712 1711/1711/1711 1715/1715/1715
f 1715/1715/1715 1708/1708/1708 1713/1713/1713
f 1715/1715/1715 1716/1716/1716 1712/1712/1712
f 1714/1714/1714 1717/1717/1717 1713/1713/1713
f 1717/1717/1717 1714/1714/1714 1718/1718/1718
f 1713/1713/1713 1719/1719/1719 1715/1715/1715
f 1716/1716/1716 1715/1715/1715 1719/1719/1719
f 1719/1719/1719 1713/1713/1713 1717/1717/1717
f 1719/1719/1719 1720/1720/1720 1716/1716/1716
f 1718/1718/1718 1721/1721/1721 1717/1717/1717
f 1721/1721/1721 1718/1718/1718 1722/1722/1722
f 1717/1717/1717 1723/1723/1723 1719/1719/1719
f 1720/1720/1720 1719/1719/1719 1723/1723/1723
f 1723/1723/1723 1717/1717/1717 1721/1721/1721
f 1723/1723/1723 1724/1724/1724 1720/1720/1720
f 1722/1722/1722 1725/1725/1725 1721/1721/1721
f 1725/1725/1725 1722/1722/1722 1726/1726/1726
f 1721/1721/1721 1727/1727/1727 1723/1723/1723
f 1724/1724/1724 1723/1723/1723 1727/1727/1727
f 1727/1727/1727 1721/1721/1721 1725/1725/1725
f 1727/1727/1727 1728/1728/1728 1724/1724/1724
f 1726/1726/1726 1729/1729/1729 1725/1725/1725
f 1729/1729/1729 1726/1726/1726 1730/1730/1730
f 1725/1725/1725 1731/1731/1731 1727/1727/1727
f 1728/1728/1728 1727/1727/1727 1731/1731/1731
f 1731/1731/1731 1725/1725/1725 1729/1729/1729
f 1731/1731/1731 1732/1732/1732 1728/1728/1728
f 1730/1730/1730 1733/1733/1733 1729/1729/1729
f 1733/1733/1733 1730/1730/1730 1734/1734/1734
f 1729/1729/1729 1735/1735/1735 1731/1731/1731
f 1732/1732/1732 1731/1731/1731 1735/1735/1735
f 1735/1735/1735 1729/1729/1729 1733/1733/1733
f 1735/1735/1735 1736/1736/1736 1732/1732/1732
f 1734/1734/1734 1737/1737/1737 1733/1733/1733
f 1737/1737/1737 1734/1734/1734 1738/1738/1738
f 1733/1733/1733 1739/1739/1739 1735/1735/1735
f 1736/1736/1736 1735/1735/1735 1739/1739/1739
f 1739/1739/1739 1733/1733/1733 1737/1737/1737
f 1739/1739/1739 1740/1740/1740 1736/1736/1736
f 1738/1738/1738 1741/1741/1741 1737/1737/1737
f 1741/1741/1741 1738/1738/1738 1742/1742/1742
f 1737/1737/1737 1743/1743/1743 1739/1739/1739
f 1740/1740/1740 1739/1739/1739 1743/1743/1743
f 1743/1743/1743 1737/1737/1737 1741/1741/1741
f 1743/1743/1743 1744/1744/1744 1740/1740/1740
f 1742/1742/1742 1745/1745/1745 1741/1741/1741
f 1745/1745/1745 1742/1742/1742 1746/1746/1746
f 1741/1741/1741 1747/1747/1747 1743/1743/1743
f 1744/1744/1744 1743/1743/1743 1747/1747/1747
f 1747/1747/1747 1741/1741/1741 1745/1745/1745
f 1747/1747/1747 1748/1748/1748 1744/1744/1744
f 1746/1746/1746 1749/1749/1749 1745/1745/1745
f 1749/1749/1749 1746/1746/1746 1750/1750/1750
f 1745/1745/1745 1751/1751/1751 1747/1747/1747
f 1748/1748/1748 1747/1747/1747 1751/1751/1751
f 1751/1751/1751 1745/1745/1745 1749/1749/1749
f 1751/1751/1751 1752/1752/1752 1748/1748/1748
f 1750/1750/1750 1753/1753/1753 1749/1749/1749
f 1753/1753/1753 1750/1750/1750 1754/1754/1754
f 1749/1749/1749 1755/1755/1755 1751/1751/1751
f 1752/1752/1752 1751/1751/1751 1755/1755/1755
f 1755/1755/1755 1749/1749/1749 1753/1753/1753
f 1755/1755/1755 1756/1756/1756 1752/1752/1752
f 1754/1754/1754 1757/1757/1757 1753/1753/1753
f 1757/1757/1757 1754/1754/1754 1758/1758/1758
f 1753/1753/1753 1759/1759/1759 1755/1755/1755
f 1756/1756/1756 1755/1755/1755 1759/1759/1759
f 1759/1759/1759 1753/1753/1753 1757/1757/1757
f 1759/1759/1759 1760/1760/1760 1756/1756/1756
f 1758/1758/1758 1761/1761/1761 1757/1757/1757
f 1761/1761/1761 1758/1758/1758 1762/1762/1762
f 1757/1757/1757 1763/1763/1763 1759/1759/1759
f 1760/1760/1760 1759/1759/1759 1763/1763/1763
f 1763/1763/1763 1757/1757/1757 1761/1761/1761
f 1763/1763/1763 1764/1764/1764 1760/1760/1760
f 1762/1762/1762 1765/1765/1765 1761/1761/1761
f 1765/1765/1765 1762/1762/1762 1766/1766/1766
f 1761/1761/1761 1767/1767/1767 1763/1763/1763
f 1764/1764/1764 1763/1763/1763 1767/1767/1767
f 1767/1767/1767 1761/1761/1761 1765/1765/1765
f 1767/1767/1767 1768/1768/1768 1764/1764/1764
f 1766/1766/1766 1769/1769/1769 1765/1765/1765
f 1769/1769/1769 1766/1766/1766 1770/1770/1770
f 1770/1770/1770 1771/1771/1771 1769/1769/1769
f 1765/1765/1765 1772/1772/1772 1767/1767/1767
f 1768/1768/1768 1767/1767/1767 1772/1772/1772
f 1772/1772/1772 1765/1765/1765 1769/1769/1769
f 1772/1772/1772 1773/1773/1773 1768/1768/1768
f 1774/1774/1774 1769/1769/1769 1771/1771/1771
f 1769/1769/1769 1774/1774/1774 1772/1772/1772
f 1773/1773/1773 1772/1772/1772 1774/1774/1774
f 1771/1771/1771 1775/1775/1775 1774/1774/1774
f 1774/1774/1774 1776/1776/1776 1773/1773/1773
f 1776/1776/1776 1774/1774/1774 1775/1775/1775
f 1775/1775/1775 1777/1777/1777 1776/1776/1776
f 1780/1780/1780 1779/1779/1779 1778/1778/1778
f 1778/1778/1778 1781/1781/1781 1780/1780/1780
f 1782/1782/1782 1780/1780/1780 1781/1781/1781
f 1781/1781/1781 1778/1778/1778 1783/1783/1783
f 1781/1781/1781 1784/1784/1784 1782/1782/1782
f 1785/1785/1785 1782/1782/1782 1784/1784/1784
f 1784/1784/1784 1786/1786/1786 1785/1785/1785
f 1783/1783/1783 1787/1787/1787 1781/1781/1781
f 1784/1784/1784 1781/1781/1781 1787/1787/1787
f 1786/1786/1786 1784/1784/1784 1788/1788/1788
f 1787/1787/1787 1788/1788/1788 1784/1784/1784
f 1788/1788/1788 1789/1789/1789 1786/1786/1786
f 1790/1790/1790 1789/1789/1789 1788/1788/1788
f 1788/1788/1788 1791/1791/1791 1790/1790/1790
f 1791/1791/1791 1788/1788/1788 1787/1787/1787
f 1792/1792/1792 1790/1790/1790 1791/1791/1791
f 1793/1793/1793 1787/1787/1787 1783/1783/1783
f 1787/1787/1787 1793/1793/1793 1791/1791/1791
f 1783/1783/1783 1794/1794/1794 1793/1793/1793
f 1791/1791/1791 1795/1795/1795 1792/1792/1792
f 1795/1795/1795 1791/1791/1791 1793/1793/1793
f 1796/1796/1796 1792/1792/1792 1795/1795/1795
f 1797/1797/1797 1793/1793/1793 1794/1794/1794
f 1793/1793/1793 1797/1797/1797 1795/1795/1795
f 1794/1794/1794 1798/1798/1798 1797/1797/1797
f 1795/1795/1795 1799/1799/1799 1796/1796/1796
f 1799/1799/1799 1795/1795/1795 1797/1797/1797
f 1800/1800/1800 1796/1796/1796 1799/1799/1799
f 1801/1801/1801 1797/1797/1797 1798/1798/1798
f 1797/1797/1797 1801/1801/1801 1799/1799/1799
f 1798/1798/1798 1802/1802/1802 1801/1801/1801
f 1799/1799/1799 1803/1803/1803 1800/1800/1800
f 1803/1803/1803 1799/1799/1799 1801/1801/1801
f 1804/1804/1804 1800/1800/1800 1803/1803/1803
f 1805/1805/1805 1801/1801/1801 1802/1802/1802
f 1801/1801/1801 1805/1805/1805 1803/1803/1803
f 1802/1802/1802 1806/1806/1806 1805/1805/1805
f 1803/1803/1803 1807/1807/1807 1804/1804/1804
f 1807/1807/1807 1803/1803/1803 1805/1805/1805
f 1808/1808/1808 1804/1804/1804 1807/1807/1807
f 1809/1809/1809 1805/1805/1805 1806/1806/1806
f 1805/1805/1805 1809/1809/1809 1807/1807/1807
f 1806/1806/1806 1810/1810/1810 1809/1809/1809
f 1811/1811/1811 1808/1808/1808 1807/1807/1807
f 1812/1812/1812 1809/1809/1809 1810/1810/1810
f 1809/1809/1809 1812/1812/1812 1807/1807/1807
f 1810/1810/1810 1813/1813/1813 1812/1812/1812
f 1807/1807/1807 1814/1814/1814 1811/1811/1811
f 1814/1814/1814 1807/1807/1807 1812/1812/1812
f 1815/1815/1815 1811/1811/1811 1814/1814/1814
f 1816/1816/1816 1812/1812/1812 1813/1813/1813
f 1812/1812/1812 1816/1816/1816 1814/1814/1814
f 1813/1813/1813 1817/1817/1817 1816/1816/1816
f 1814/1814/1814 1818/1818/1818 1815/1815/1815
f 1818/1818/1818 1814/1814/1814 1816/1816/1816
f 1819/1819/1819 1815/1815/1815 1818/1818/1818
f 1820/1820/1820 1816/1816/1816 1817/1817/1817
f 1816/1816/1816 1820/1820/1820 1818/1818/1818
f 1817/1817/1817 1821/1821/1821 1820/1820/1820
f 1818/1818/1818 1822/1822/1822 1819/1819/1819
f 1822/1822/1822 1818/1818/1818 1820/1820/1820
f 1823/1823/1823 1819/1819/1819 1822/1822/1822
f 1824/1824/1824 1820/1820/1820 1821/1821/1821
f 1820/1820/1820 1824/1824/1824 1822/1822/1822
f 1821/1821/1821 1825/1825/1825 1824/1824/1824
f 1822/1822/1822 1826/1826/1826 1823/1823/1823
f 1826/1826/1826 1822/1822/1822 1824/1824/1824
f 1827/1827/1827 1824/1824/1824 1825/1825/1825
f 1824/1824/1824 1827/1827/1827 1826/1826/1826
f 1825/1825/1825 1828/1828/1828 1827/1827/1827
f 1827/1827/1827 1828/1828/1828 1829/1829/1829
f 1829/1829/1829 1830/1830/1830 1827/1827/1827
f 1826/1826/1826 1827/1827/1827 1830/1830/1830
f 1830/1830/1830 1829/1829/1829 1831/1831/1831
f 1831/1831/1831 1832/1832/1832 1830/1830/1830
f 1830/1830/1830 1833/1833/1833 1826/1826/1826
f 1833/1833/1833 1830/1830/1830 1832/1832/1832
f 1823/1823/1823 1826/1826/1826 1833/1833/1833
f 1832/1832/1832 1834/1834/1834 1833/1833/1833
f 1833/1833/1833 1835/1835/1835 1823/1823/1823
f 1835/1835/1835 1833/1833/1833 1834/1834/1834
f 1834/1834/1834 1836/1836/1836 1835/1835/1835
f 1839/1839/1839 1838/1838/1838 1837/1837/1837
f 1837/1837/1837 1840/1840/1840 1839/1839/1839
f 1841/1841/1841 1839/1839/1839 1840/1840/1840
f 1840/1840/1840 1837/1837/1837 1842/1842/1842
f 1840/1840/1840 1843/1843/1843 1841/1841/1841
f 1844/1844/1844 1841/1841/1841 1843/1843/1843
f 1843/1843/1843 1845/1845/1845 1844/1844/1844
f 1842/1842/1842 1846/1846/1846 1840/1840/1840
f 1843/1843/1843 1840/1840/1840 1846/1846/1846
f 1845/1845/1845 1843/1843/1843 1847/1847/1847
f 1846/1846/1846 1847/1847/1847 1843/1843/1843
f 1847/1847/1847 1848/1848/1848 1845/1845/1845
f 1849/1849/1849 1848/1848/1848 1847/1847/1847
f 1847/1847/1847 1850/1850/1850 1849/1849/1849
f 1850/1850/1850 1847/1847/1847 1846/1846/1846
f 1851/1851/1851 1849/1849/1849 1850/1850/1850
f 1852/1852/1852 1846/1846/1846 1842/1842/1842
f 1846/1846/1846 1852/1852/1852 1850/1850/1850
f 1842/1842/1842 1853/1853/1853 1852/1852/1852
f 1850/1850/1850 1854/1854/1854 1851/1851/1851
f 1854/1854/1854 1850/1850/1850 1852/1852/1852
f 1855/1855/1855 1851/1851/1851 1854/1854/1854
f 1856/1856/1856 1852/1852/1852 1853/1853/1853
f 1852/1852/1852 1856/1856/1856 1854/1854/1854
f 1853/1853/1853 1857/1857/1857 1856/1856/1856
f 1854/1854/1854 1858/1858/1858 1855/1855/1855
f 1858/1858/1858 1854/1854/1854 1856/1856/1856
f 1859/1859/1859 1855/1855/1855 1858/1858/1858
f 1860/1860/1860 1856/1856/1856 1857/1857/1857
f 1856/1856/1856 1860/1860/1860 1858/1858/1858
f 1857/1857/1857 1861/1861/1861 1860/1860/1860
f 1858/1858/1858 1862/1862/1862 1859/1859/1859
f 1862/1862/1862 1858/1858/1858 1860/1860/1860
f 1863/1863/1863 1859/1859/1859 1862/1862/1862
f 1864/1864/1864 1860/1860/1860 1861/1861/1861
f 1860/1860/1860 1864/1864/1864 1862/1862/1862
f 1861/1861/1861 1865/1865/1865 1864/1864/1864
f 1862/1862/1862 1866/1866/1866 1863/1863/1863
f 1866/1866/1866 1862/1862/1862 1864/1864/1864
f 1867/1867/1867 1863/1863/1863 1866/1866/1866
f 1865/1865/1865 1868/1868/1868 1864/1864/1864
f 1866/1866/1866 1869/1869/1869 1867/1867/1867
f 1869/1869/1869 1866/1866/1866 1864/1864/1864
f 1870/1870/1870 1867/1867/1867 1869/1869/1869
f 1871/1871/1871 1864/1864/1864 1868/1868/1868
f 1864/1864/1864 1871/1871/1871 1869/1869/1869
f 1868/1868/1868 1872/1872/1872 1871/1871/1871
f 1869/1869/1869 1873/1873/1873 1870/1870/1870
f 1873/1873/1873 1869/1869/1869 1871/1871/1871
f 1874/1874/1874 1870/1870/1870 1873/1873/1873
f 1875/1875/1875 1871/1871/1871 1872/1872/1872
f 1871/1871/1871 1875/1875/1875 1873/1873/1873
f 1872/1872/1872 1876/1876/1876 1875/1875/1875
f 1873/1873/1873 1877/1877/1877 1874/1874/1874
f 1877/1877/1877 1873/1873/1873 1875/1875/1875
f 1878/1878/1878 1874/1874/1874 1877/1877/1877
f 1879/1879/1879 1875/1875/1875 1876/1876/1876
f 1875/1875/1875 1879/1879/1879 1877/1877/1877
f 1876/1876/1876 1880/1880/1880 1879/1879/1879
f 1877/1877/1877 1881/1881/1881 1878/1878/1878
f 1881/1881/1881 1877/1877/1877 1879/1879/1879
f 1882/1882/1882 1878/1878/1878 1881/1881/1881
f 1883/1883/1883 1879/1879/1879 1880/1880/1880
f 1879/1879/1879 1883/1883/1883 1881/1881/1881
f 1880/1880/1880 1884/1884/1884 1883/1883/1883
f 1881/1881/1881 1885/1885/1885 1882/1882/1882
f 1885/1885/1885 1881/1881/1881 1883/1883/1883
f 1885/1885/1885 1886/1886/1886 1882/1882/1882
f 1887/1887/1887 1883/1883/1883 1884/1884/1884
f 1883/1883/1883 1887/1887/1887 1885/1885/1885
f 1884/1884/1884 1888/1888/1888 1887/1887/1887
f 1887/1887/1887 1888/1888/1888 1889/1889/1889
f 1889/1889/1889 1890/1890/1890 1887/1887/1887
f 1885/1885/1885 1887/1887/1887 1890/1890/1890
f 1890/1890/1890 1889/1889/1889 1891/1891/1891
f 1891/1891/1891 1892/1892/1892 1890/1890/1890
f 1890/1890/1890 1893/1893/1893 1885/1885/1885
f 1893/1893/1893 1890/1890/1890 1892/1892/1892
f 1886/1886/1886 1885/1885/1885 1893/1893/1893
f 1892/1892/1892 1894/1894/1894 1893/1893/1893
f 1886/1886/1886 1893/1893/1893 1894/1894/1894
f 1894/1894/1894 1895/1895/1895 1886/1886/1886
f 1898/1898/1898 1897/1897/1897 1896/1896/1896
f 1898/1898/1898 1896/1896/1896 1899/1899/1899
f 1900/1900/1900 1899/1899/1899 1896/1896/1896
f 1901/1901/1901 1898/1898/1898 1899/1899/1899
f 1904/1904/1904 1903/1903/1903 1902/1902/1902
f 1902/1902/1902 1905/1905/1905 1904/1904/1904
f 1906/1906/1906 1904/1904/1904 1905/1905/1905
f 1905/1905/1905 1902/1902/1902 1907/1907/1907
f 1905/1905/1905 1908/1908/1908 1906/1906/1906
f 1909/1909/1909 1906/1906/1906 1908/1908/1908
f 1908/1908/1908 1910/1910/1910 1909/1909/1909
f 1907/1907/1907 1911/1911/1911 1905/1905/1905
f 1908/1908/1908 1905/1905/1905 1911/1911/1911
f 1911/1911/1911 1907/1907/1907 1912/1912/1912
f 1910/1910/1910 1908/1908/1908 1913/1913/1913
f 1911/1911/1911 1913/1913/1913 1908/1908/1908
f 1913/1913/1913 1914/1914/1914 1910/1910/1910
f 1913/1913/1913 1915/1915/1915 1914/1914/1914
f 1912/1912/1912 1916/1916/1916 1911/1911/1911
f 1913/1913/1913 1911/1911/1911 1916/1916/1916
f 1916/1916/1916 1912/1912/1912 1917/1917/1917
f 1915/1915/1915 1913/1913/1913 1918/1918/1918
f 1916/1916/1916 1918/1918/1918 1913/1913/1913
f 1917/1917/1917 1919/1919/1919 1916/1916/1916
f 1918/1918/1918 1916/1916/1916 1919/1919/1919
f 1919/1919/1919 1917/1917/1917 1920/1920/1920
f 1915/1915/1915 1918/1918/1918 1921/1921/1921
f 1919/1919/1919 1921/1921/1921 1918/1918/1918
f 1921/1921/1921 1922/1922/1922 1915/1915/1915
f 1920/1920/1920 1923/1923/1923 1919/1919/1919
f 1921/1921/1921 1919/1919/1919 1923/1923/1923
f 1923/1923/1923 1920/1920/1920 1924/1924/1924
f 1922/1922/1922 1921/1921/1921 1925/1925/1925
f 1923/1923/1923 1925/1925/1925 1921/1921/1921
f 1925/1925/1925 1926/1926/1926 1922/1922/1922
f 1924/1924/1924 1927/1927/1927 1923/1923/1923
f 1925/1925/1925 1923/1923/1923 1927/1927/1927
f 1927/1927/1927 1924/1924/1924 1928/1928/1928
f 1926/1926/1926 1925/1925/1925 1929/1929/1929
f 1927/1927/1927 1929/1929/1929 1925/1925/1925
f 1929/1929/1929 1930/1930/1930 1926/1926/1926
f 1928/1928/1928 1931/1931/1931 1927/1927/1927
f 1929/1929/1929 1927/1927/1927 1931/1931/1931
f 1931/1931/1931 1928/1928/1928 1932/1932/1932
f 1930/1930/1930 1929/1929/1929 1933/1933/1933
f 1931/1931/1931 1933/1933/1933 1929/1929/1929
f 1933/1933/1933 1934/1934/1934 1930/1930/1930
f 1932/1932/1932 1935/1935/1935 1931/1931/1931
f 1933/1933/1933 1931/1931/1931 1935/1935/1935
f 1935/1935/1935 1932/1932/1932 1936/1936/1936
f 1934/1934/1934 1933/1933/1933 1937/1937/1937
f 1935/1935/1935 1937/1937/1937 1933/1933/1933
f 1937/1937/1937 1938/1938/1938 1934/1934/1934
f 1936/1936/1936 1939/1939/1939 1935/1935/1935
f 1937/1937/1937 1935/1935/1935 1939/1939/1939
f 1939/1939/1939 1936/1936/1936 1940/1940/1940
f 1938/1938/1938 1937/1937/1937 1941/1941/1941
f 1939/1939/1939 1941/1941/1941 1937/1937/1937
f 1941/1941/1941 1942/1942/1942 1938/1938/1938
f 1940/1940/1940 1943/1943/1943 1939/1939/1939
f 1941/1941/1941 1939/1939/1939 1943/1943/1943
f 1943/1943/1943 1940/1940/1940 1944/1944/1944
f 1942/1942/1942 1941/1941/1941 1945/1945/1945
f 1943/1943/1943 1945/1945/1945 1941/1941/1941
f 1945/1945/1945 1946/1946/1946 1942/1942/1942
f 1944/1944/1944 1947/1947/1947 1943/1943/1943
f 1945/1945/1945 1943/1943/1943 1947/1947/1947
f 1947/1947/1947 1944/1944/1944 1948/1948/1948
f 1946/1946/1946 1945/1945/1945 1949/1949/1949
f 1947/1947/1947 1949/1949/1949 1945/1945/1945
f 1949/1949/1949 1950/1950/1950 1946/1946/1946
f 1948/1948/1948 1951/1951/1951 1947/1947/1947
f 1949/1949/1949 1947/1947/1947 1951/1951/1951
f 1951/1951/1951 1948/1948/1948 1952/1952/1952
f 1950/1950/1950 1949/1949/1949 1953/1953/1953
f 1951/1951/1951 1953/1953/1953 1949/1949/1949
f 1953/1953/1953 1954/1954/1954 1950/1950/1950
f 1952/1952/1952 1955/1955/1955 1951/1951/1951
f 1953/1953/1953 1951/1951/1951 1955/1955/1955
f 1955/1955/1955 1952/1952/1952 1956/1956/1956
f 1954/1954/1954 1953/1953/1953 1957/1957/1957
f 1955/1955/1955 1957/1957/1957 1953/1953/1953
f 1957/1957/1957 1958/1958/1958 1954/1954/1954
f 1956/1956/1956 1959/1959/1959 1955/1955/1955
f 1957/1957/1957 1955/1955/1955 1959/1959/1959
f 1959/1959/1959 1956/1956/1956 1960/1960/1960
f 1958/1958/1958 1957/1957/1957 1961/1961/1961
f 1959/1959/1959 1961/1961/1961 1957/1957/1957
f 1961/1961/1961 1962/1962/1962 1958/1958/1958
f 1960/1960/1960 1963/1963/1963 1959/1959/1959
f 1961/1961/1961 1959/1959/1959 1963/1963/1963
f 1963/1963/1963 1960/1960/1960 1964/1964/1964
f 1962/1962/1962 1961/1961/1961 1965/1965/1965
f 1963/1963/1963 1965/1965/1965 1961/1961/1961
f 1965/1965/1965 1966/1966/1966 1962/1962/1962
f 1964/1964/1964 1967/1967/1967 1963/1963/1963
f 1965/1965/1965 1963/1963/1963 1967/1967/1967
f 1967/1967/1967 1964/1964/1964 1968/1968/1968
f 1968/1968/1968 1969/1969/1969 1967/1967/1967
f 1966/1966/1966 1965/1965/1965 1970/1970/1970
f 1967/1967/1967 1970/1970/1970 1965/1965/1965
f 1970/1970/1970 1967/1967/1967 1969/1969/1969
f 1970/1970/1970 1971/1971/1971 1966/1966/1966
f 1969/1969/1969 1972/1972/1972 1970/1970/1970
f 1971/1971/1971 1970/1970/1970 1972/1972/1972
f 1972/1972/1972 1973/1973/1973 1971/1971/1971
f 1976/1976/1976 1975/1975/1975 1974/1974/1974
f 1974/1974/1974 1977/1977/1977 1976/1976/1976
f 1978/1978/1978 1976/1976/1976 1977/1977/1977
f 1977/1977/1977 1974/1974/1974 1979/1979/1979
f 1977/1977/1977 1980/1980/1980 1978/1978/1978
f 1981/1981/1981 1978/1978/1978 1980/1980/1980
f 1980/1980/1980 1982/1982/1982 1981/1981/1981
f 1979/1979/1979 1983/1983/1983 1977/1977/1977
f 1980/1980/1980 1977/1977/1977 1983/1983/1983
f 1983/1983/1983 1979/1979/1979 1984/1984/1984
f 1982/1982/1982 1980/1980/1980 1985/1985/1985
f 1983/1983/1983 1985/1985/1985 1980/1980/1980
f 1985/1985/1985 1986/1986/1986 1982/1982/1982
f 1984/1984/1984 1987/1987/1987 1983/1983/1983
f 1985/1985/1985 1983/1983/1983 1987/1987/1987
f 1987/1987/1987 1984/1984/1984 1988/1988/1988
f 1986/1986/1986 1985/1985/1985 1989/1989/1989
f 1987/1987/1987 1989/1989/1989 1985/1985/1985
f 1989/1989/1989 1990/1990/1990 1986/1986/1986
f 1988/1988/1988 1991/1991/1991 1987/1987/1987
f 1989/1989/1989 1987/1987/1987 1991/1991/1991
f 1991/1991/1991 1988/1988/1988 1992/1992/1992
f 1990/1990/1990 1989/1989/1989 1993/1993/1993
f 1991/1991/1991 1993/1993/1993 1989/1989/1989
f 1993/1993/1993 1994/1994/1994 1990/1990/1990
f 1992/1992/1992 1995/1995/1995 1991/1991/1991
f 1993/1993/1993 1991/1991/1991 1995/1995/1995
f 1995/1995/1995 1992/1992/1992 1996/1996/1996
f 1994/1994/1994 1993/1993/1993 1997/1997/1997
f 1995/1995/1995 1997/1997/1997 1993/1993/1993
f 1997/1997/1997 1998/1998/1998 1994/1994/1994
f 1996/1996/1996 1999/1999/1999 1995/1995/1995
f 1997/1997/1997 1995/1995/1995 1999/1999/1999
f 1999/1999/1999 1996/1996/1996 2000/2000/2000
f 1998/1998/1998 1997/1997/1997 2001/2001/2001
f 1999/1999/1999 2001/2001/2001 1997/1997/1997
f 2001/2001/2001 2002/2002/2002 1998/1998/1998
f 2000/2000/2000 2003/2003/2003 1999/1999/1999
f 2001/2001/2001 1999/1999/1999 2003/2003/2003
f 2003/2003/2003 2000/2000/2000 2004/2004/2004
f 2002/2002/2002 2001/2001/2001 2005/2005/2005
f 2003/2003/2003 2005/2005/2005 2001/2001/2001
f 2005/2005/2005 2006/2006/2006 2002/2002/2002
f 2004/2004/2004 2007/2007/2007 2003/2003/2003
f 2005/2005/2005 2003/2003/2003 2007/2007/2007
f 2007/2007/2007 2004/2004/2004 2008/2008/2008
f 2006/2006/2006 2005/2005/2005 2009/2009/2009
f 2007/2007/2007 2009/2009/2009 2005/2005/2005
f 2009/2009/2009 2010/2010/2010 2006/2006/2006
f 2008/2008/2008 2011/2011/2011 2007/2007/2007
f 2009/2009/2009 2007/2007/2007 2011/2011/2011
f 2011/2011/2011 2008/2008/2008 2012/2012/2012
f 2010/2010/2010 2009/2009/2009 2013/2013/2013
f 2011/2011/2011 2013/2013/2013 2009/2009/2009
f 2013/2013/2013 2014/2014/2014 2010/2010/2010
f 2012/2012/2012 2015/2015/2015 2011/2011/2011
f 2013/2013/2013 2011/2011/2011 2015/2015/2015
f 2015/2015/2015 2012/2012/2012 2016/2016/2016
f 2014/2014/2014 2013/2013/2013 2017/2017/2017
f 2015/2015/2015 2017/2017/2017 2013/2013/2013
f 2017/2017/2017 2018/2018/2018 2014/2014/2014
f 2016/2016/2016 2019/2019/2019 2015/2015/2015
f 2017/2017/2017 2015/2015/2015 2019/2019/2019
f 2019/2019/2019 2016/2016/2016 2020/2020/2020
f 2018/2018/2018 2017/2017/2017 2021/2021/2021
f 2019/2019/2019 2021/2021/2021 2017/2017/2017
f 2021/2021/2021 2022/2022/2022 2018/2018/2018
f 2020/2020/2020 2023/2023/2023 2019/2019/2019
f 2021/2021/2021 2019/2019/2019 2023/2023/2023
f 2023/2023/2023 2020/2020/2020 2024/2024/2024
f 2022/2022/2022 2021/2021/2021 2025/2025/2025
f 2023/2023/2023 2025/2025/2025 2021/2021/2021
f 2025/2025/2025 2026/2026/2026 2022/2022/2022
f 2024/2024/2024 2027/2027/2027 2023/2023/2023
f 2025/2025/2025 2023/2023/2023 2027/2027/2027
f 2027/2027/2027 2024/2024/2024 2028/2028/2028
f 2026/2026/2026 2025/2025/2025 2029/2029/2029
f 2027/2027/2027 2029/2029/2029 2025/2025/2025
f 2029/2029/2029 2030/2030/2030 2026/2026/2026
f 2028/2028/2028 2031/2031/2031 2027/2027/2027
f 2029/2029/2029 2027/2027/2027 2031/2031/2031
f 2030/2030/2030 2029/2029/2029 2032/2032/2032
f 2031/2031/2031 2032/2032/2032 2029/2029/2029
f 2032/2032/2032 2033/2033/2033 2030/2030/2030
f 2028/2028/2028 2034/2034/2034 2031/2031/2031
f 2032/2032/2032 2031/2031/2031 2034/2034/2034
f 2034/2034/2034 2028/2028/2028 2035/2035/2035
f 2034/2034/2034 2035/2035/2035 2036/2036/2036
f 2033/2033/2033 2032/2032/2032 2037/2037/2037
f 2034/2034/2034 2037/2037/2037 2032/2032/2032
f 2037/2037/2037 2038/2038/2038 2033/2033/2033
f 2036/2036/2036 2039/2039/2039 2034/2034/2034
f 2037/2037/2037 2034/2034/2034 2039/2039/2039
f 2039/2039/2039 2036/2036/2036 2040/2040/2040
f 2040/2040/2040 2041/2041/2041 2039/2039/2039
f 2038/2038/2038 2037/2037/2037 2042/2042/2042
f 2039/2039/2039 2042/2042/2042 2037/2037/2037
f 2042/2042/2042 2039/2039/2039 2041/2041/2041
f 2042/2042/2042 2043/2043/2043 2038/2038/2038
f 2043/2043/2043 2042/2042/2042 2041/2041/2041
f 2041/2041/2041 2044/2044/2044 2043/2043/2043
f 2047/2047/2047 2046/2046/2046 2045/2045/2045
f 2045/2045/2045 2048/2048/2048 2047/2047/2047
f 2049/2049/2049 2047/2047/2047 2048/2048/2048
f 2048/2048/2048 2045/2045/2045 2050/2050/2050
f 2048/2048/2048 2051/2051/2051 2049/2049/2049
f 2052/2052/2052 2049/2049/2049 2051/2051/2051
f 2051/2051/2051 2053/2053/2053 2052/2052/2052
f 2050/2050/2050 2054/2054/2054 2048/2048/2048
f 2051/2051/2051 2048/2048/2048 2054/2054/2054
f 2054/2054/2054 2050/2050/2050 2055/2055/2055
f 2054/2054/2054 2055/2055/2055 2056/2056/2056
f 2053/2053/2053 2051/2051/2051 2057/2057/2057
f 2054/2054/2054 2057/2057/2057 2051/2051/2051
f 2057/2057/2057 2058/2058/2058 2053/2053/2053
f 2056/2056/2056 2059/2059/2059 2054/2054/2054
f 2057/2057/2057 2054/2054/2054 2059/2059/2059
f 2059/2059/2059 2056/2056/2056 2060/2060/2060
f 2058/2058/2058 2057/2057/2057 2061/2061/2061
f 2059/2059/2059 2061/2061/2061 2057/2057/2057
f 2061/2061/2061 2062/2062/2062 2058/2058/2058
f 2060/2060/2060 2063/2063/2063 2059/2059/2059
f 2061/2061/2061 2059/2059/2059 2063/2063/2063
f 2063/2063/2063 2060/2060/2060 2064/2064/2064
f 2062/2062/2062 2061/2061/2061 2065/2065/2065
f 2063/2063/2063 2065/2065/2065 2061/2061/2061
f 2065/2065/2065 2066/2066/2066 2062/2062/2062
f 2064/2064/2064 2067/2067/2067 2063/2063/2063
f 2065/2065/2065 2063/2063/2063 2067/2067/2067
f 2067/2067/2067 2064/2064/2064 2068/2068/2068
f 2065/2065/2065 2069/2069/2069 2066/2066/2066
f 2068/2068/2068 2070/2070/2070 2067/2067/2067
f 2065/2065/2065 2067/2067/2067 2070/2070/2070
f 2070/2070/2070 2068/2068/2068 2071/2071/2071
f 2069/2069/2069 2065/2065/2065 2072/2072/2072
f 2070/2070/2070 2072/2072/2072 2065/2065/2065
f 2072/2072/2072 2073/2073/2073 2069/2069/2069
f 2072/2072/2072 2074/2074/2074 2073/2073/2073
f 2071/2071/2071 2075/2075/2075 2070/2070/2070
f 2072/2072/2072 2070/2070/2070 2075/2075/2075
f 2075/2075/2075 2071/2071/2071 2076/2076/2076
f 2074/2074/2074 2072/2072/2072 2077/2077/2077
f 2075/2075/2075 2077/2077/2077 2072/2072/2072
f 2077/2077/2077 2078/2078/2078 2074/2074/2074
f 2076/2076/2076 2079/2079/2079 2075/2075/2075
f 2077/2077/2077 2075/2075/2075 2079/2079/2079
f 2079/2079/2079 2076/2076/2076 2080/2080/2080
f 2080/2080/2080 2081/2081/2081 2079/2079/2079
f 2078/2078/2078 2077/2077/2077 2082/2082/2082
f 2079/2079/2079 2082/2082/2082 2077/2077/2077
f 2082/2082/2082 2079/2079/2079 2081/2081/2081
f 2082/2082/2082 2083/2083/2083 2078/2078/2078
f 2081/2081/2081 2084/2084/2084 2082/2082/2082
f 2083/2083/2083 2082/2082/2082 2084/2084/2084
f 2084/2084/2084 2085/2085/2085 2083/2083/2083
f 2088/2088/2088 2087/2087/2087 2086/2086/2086
f 2086/2086/2086 2089/2089/2089 2088/2088/2088
f 2090/2090/2090 2088/2088/2088 2089/2089/2089
f 2089/2089/2089 2086/2086/2086 2091/2091/2091
f 2089/2089/2089 2092/2092/2092 2090/2090/2090
f 2093/2093/2093 2090/2090/2090 2092/2092/2092
f 2092/2092/2092 2094/2094/2094 2093/2093/2093
f 2091/2091/2091 2095/2095/2095 2089/2089/2089
f 2092/2092/2092 2089/2089/2089 2095/2095/2095
f 2095/2095/2095 2091/2091/2091 2096/2096/2096
f 2094/2094/2094 2092/2092/2092 2097/2097/2097
f 2095/2095/2095 2097/2097/2097 2092/2092/2092
f 2097/2097/2097 2098/2098/2098 2094/2094/2094
f 2096/2096/2096 2099/2099/2099 2095/2095/2095
f 2097/2097/2097 2095/2095/2095 2099/2099/2099
f 2099/2099/2099 2096/2096/2096 2100/2100/2100
f 2098/2098/2098 2097/2097/2097 2101/2101/2101
f 2099/2099/2099 2101/2101/2101 2097/2097/2097
f 2101/2101/2101 2102/2102/2102 2098/2098/2098
f 2101/2101/2101 2103/2103/2103 2102/2102/2102
f 2100/2100/2100 2104/2104/2104 2099/2099/2099
f 2101/2101/2101 2099/2099/2099 2104/2104/2104
f 2104/2104/2104 2100/2100/2100 2105/2105/2105
f 2104/2104/2104 2105/2105/2105 2106/2106/2106
f 2103/2103/2103 2101/2101/2101 2107/2107/2107
f 2104/2104/2104 2107/2107/2107 2101/2101/2101
f 2107/2107/2107 2108/2108/2108 2103/2103/2103
f 2106/2106/2106 2109/2109/2109 2104/2104/2104
f 2109/2109/2109 2106/2106/2106 2110/2110/2110
f 2104/2104/2104 2111/2111/2111 2107/2107/2107
f 2108/2108/2108 2107/2107/2107 2111/2111/2111
f 2111/2111/2111 2104/2104/2104 2109/2109/2109
f 2111/2111/2111 2112/2112/2112 2108/2108/2108
f 2110/2110/2110 2113/2113/2113 2109/2109/2109
f 2113/2113/2113 2110/2110/2110 2114/2114/2114
f 2109/2109/2109 2115/2115/2115 2111/2111/2111
f 2112/2112/2112 2111/2111/2111 2115/2115/2115
f 2115/2115/2115 2109/2109/2109 2113/2113/2113
f 2115/2115/2115 2116/2116/2116 2112/2112/2112
f 2114/2114/2114 2117/2117/2117 2113/2113/2113
f 2117/2117/2117 2114/2114/2114 2118/2118/2118
f 2117/2117/2117 2118/2118/2118 2119/2119/2119
f 2119/2119/2119 2120/2120/2120 2117/2117/2117
f 2113/2113/2113 2121/2121/2121 2115/2115/2115
f 2121/2121/2121 2113/2113/2113 2117/2117/2117
f 2116/2116/2116 2115/2115/2115 2121/2121/2121
f 2121/2121/2121 2122/2122/2122 2116/2116/2116
f 2121/2121/2121 2123/2123/2123 2122/2122/2122
f 2124/2124/2124 2117/2117/2117 2120/2120/2120
f 2117/2117/2117 2124/2124/2124 2121/2121/2121
f 2123/2123/2123 2121/2121/2121 2124/2124/2124
f 2120/2120/2120 2125/2125/2125 2124/2124/2124
f 2123/2123/2123 2124/2124/2124 2125/2125/2125
f 2125/2125/2125 2126/2126/2126 2123/2123/2123
f 2129/2129/2129 2128/2128/2128 2127/2127/2127
f 2127/2127/2127 2130/2130/2130 2129/2129/2129
f 2130/2130/2130 2127/2127/2127 2131/2131/2131
f 2132/2132/2132 2129/2129/2129 2130/2130/2130
f 2130/2130/2130 2131/2131/2131 2133/2133/2133
f 2130/2130/2130 2134/2134/2134 2132/2132/2132
f 2135/2135/2135 2132/2132/2132 2134/2134/2134
f 2134/2134/2134 2136/2136/2136 2135/2135/2135
f 2133/2133/2133 2137/2137/2137 2130/2130/2130
f 2134/2134/2134 2130/2130/2130 2137/2137/2137
f 2137/2137/2137 2133/2133/2133 2138/2138/2138
f 2136/2136/2136 2134/2134/2134 2139/2139/2139
f 2137/2137/2137 2139/2139/2139 2134/2134/2134
f 2139/2139/2139 2140/2140/2140 2136/2136/2136
f 2138/2138/2138 2141/2141/2141 2137/2137/2137
f 2139/2139/2139 2137/2137/2137 2141/2141/2141
f 2141/2141/2141 2138/2138/2138 2142/2142/2142
f 2140/2140/2140 2139/2139/2139 2143/2143/2143
f 2141/2141/2141 2143/2143/2143 2139/2139/2139
f 2143/2143/2143 2144/2144/2144 2140/2140/2140
f 2142/2142/2142 2145/2145/2145 2141/2141/2141
f 2143/2143/2143 2141/2141/2141 2145/2145/2145
f 2145/2145/2145 2142/2142/2142 2146/2146/2146
f 2144/2144/2144 2143/2143/2143 2147/2147/2147
f 2145/2145/2145 2147/2147/2147 2143/2143/2143
f 2147/2147/2147 2148/2148/2148 2144/2144/2144
f 2146/2146/2146 2149/2149/2149 2145/2145/2145
f 2147/2147/2147 2145/2145/2145 2149/2149/2149
f 2149/2149/2149 2146/2146/2146 2150/2150/2150
f 2148/2148/2148 2147/2147/2147 2151/2151/2151
f 2149/2149/2149 2151/2151/2151 2147/2147/2147
f 2151/2151/2151 2152/2152/2152 2148/2148/2148
f 2150/2150/2150 2153/2153/2153 2149/2149/2149
f 2151/2151/2151 2149/2149/2149 2153/2153/2153
f 2153/2153/2153 2150/2150/2150 2154/2154/2154
f 2152/2152/2152 2151/2151/2151 2155/2155/2155
f 2153/2153/2153 2155/2155/2155 2151/2151/2151
f 2155/2155/2155 2156/2156/2156 2152/2152/2152
f 2154/2154/2154 2157/2157/2157 2153/2153/2153
f 2155/2155/2155 2153/2153/2153 2157/2157/2157
f 2157/2157/2157 2154/2154/2154 2158/2158/2158
f 2156/2156/2156 2155/2155/2155 2159/2159/2159
f 2157/2157/2157 2159/2159/2159 2155/2155/2155
f 2159/2159/2159 2160/2160/2160 2156/2156/2156
f 2158/2158/2158 2161/2161/2161 2157/2157/2157
f 2159/2159/2159 2157/2157/2157 2161/2161/2161
f 2161/2161/2161 2158/2158/2158 2162/2162/2162
f 2160/2160/2160 2159/2159/2159 2163/2163/2163
f 2161/2161/2161 2163/2163/2163 2159/2159/2159
f 2163/2163/2163 2164/2164/2164 2160/2160/2160
f 2162/2162/2162 2165/2165/2165 2161/2161/2161
f 2163/2163/2163 2161/2161/2161 2165/2165/2165
f 2165/2165/2165 2162/2162/2162 2166/2166/2166
f 2164/2164/2164 2163/2163/2163 2167/2167/2167
f 2165/2165/2165 2167/2167/2167 2163/2163/2163
f 2167/2167/2167 2168/2168/2168 2164/2164/2164
f 2166/2166/2166 2169/2169/2169 2165/2165/2165
f 2167/2167/2167 2165/2165/2165 2169/2169/2169
f 2169/2169/2169 2166/2166/2166 2170/2170/2170
f 2168/2168/2168 2167/2167/2167 2171/2171/2171
f 2169/2169/2169 2171/2171/2171 2167/2167/2167
f 2171/2171/2171 2172/2172/2172 2168/2168/2168
f 2169/2169/2169 2173/2173/2173 2171/2171/2171
f 2172/2172/2172 2171/2171/2171 2173/2173/2173
f 2173/2173/2173 2174/2174/2174 2172/2172/2172
f 2177/2177/2177 2176/2176/2176 2175/2175/2175
f 2175/2175/2175 2178/2178/2178 2177/2177/2177
f 2179/2179/2179 2177/2177/2177 2178/2178/2178
f 2178/2178/2178 2175/2175/2175 2180/2180/2180
f 2178/2178/2178 2181/2181/2181 2179/2179/2179
f 2182/2182/2182 2179/2179/2179 2181/2181/2181
f 2181/2181/2181 2183/2183/2183 2182/2182/2182
f 2181/2181/2181 2184/2184/2184 2183/2183/2183
f 2180/2180/2180 2185/2185/2185 2178/2178/2178
f 2181/2181/2181 2178/2178/2178 2185/2185/2185
f 2185/2185/2185 2180/2180/2180 2186/2186/2186
f 2184/2184/2184 2181/2181/2181 2187/2187/2187
f 2185/2185/2185 2187/2187/2187 2181/2181/2181
f 2187/2187/2187 2188/2188/2188 2184/2184/2184
f 2186/2186/2186 2189/2189/2189 2185/2185/2185
f 2187/2187/2187 2185/2185/2185 2189/2189/2189
f 2189/2189/2189 2186/2186/2186 2190/2190/2190
f 2188/2188/2188 2187/2187/2187 2191/2191/2191
f 2189/2189/2189 2191/2191/2191 2187/2187/2187
f 2191/2191/2191 2192/2192/2192 2188/2188/2188
f 2191/2191/2191 2193/2193/2193 2192/2192/2192
f 2190/2190/2190 2194/2194/2194 2189/2189/2189
f 2191/2191/2191 2189/2189/2189 2194/2194/2194
f 2194/2194/2194 2190/2190/2190 2195/2195/2195
f 2193/2193/2193 2191/2191/2191 2196/2196/2196
f 2194/2194/2194 2196/2196/2196 2191/2191/2191
f 2195/2195/2195 2197/2197/2197 2194/2194/2194
f 2196/2196/2196 2194/2194/2194 2197/2197/2197
f 2197/2197/2197 2195/2195/2195 2198/2198/2198
f 2193/2193/2193 2196/2196/2196 2199/2199/2199
f 2197/2197/2197 2199/2199/2199 2196/2196/2196
f 2199/2199/2199 2200/2200/2200 2193/2193/2193
f 2199/2199/2199 2201/2201/2201 2200/2200/2200
f 2198/2198/2198 2202/2202/2202 2197/2197/2197
f 2199/2199/2199 2197/2197/2197 2202/2202/2202
f 2202/2202/2202 2198/2198/2198 2203/2203/2203
f 2201/2201/2201 2199/2199/2199 2204/2204/2204
f 2202/2202/2202 2204/2204/2204 2199/2199/2199
f 2203/2203/2203 2205/2205/2205 2202/2202/2202
f 2204/2204/2204 2202/2202/2202 2205/2205/2205
f 2205/2205/2205 2203/2203/2203 2206/2206/2206
f 2201/2201/2201 2204/2204/2204 2207/2207/2207
f 2205/2205/2205 2207/2207/2207 2204/2204/2204
f 2207/2207/2207 2208/2208/2208 2201/2201/2201
f 2206/2206/2206 2209/2209/2209 2205/2205/2205
f 2207/2207/2207 2205/2205/2205 2209/2209/2209
f 2209/2209/2209 2206/2206/2206 2210/2210/2210
f 2208/2208/2208 2207/2207/2207 2211/2211/2211
f 2209/2209/2209 2211/2211/2211 2207/2207/2207
f 2211/2211/2211 2212/2212/2212 2208/2208/2208
f 2210/2210/2210 2213/2213/2213 2209/2209/2209
f 2211/2211/2211 2209/2209/2209 2213/2213/2213
f 2213/2213/2213 2210/2210/2210 2214/2214/2214
f 2212/2212/2212 2211/2211/2211 2215/2215/2215
f 2213/2213/2213 2215/2215/2215 2211/2211/2211
f 2215/2215/2215 2216/2216/2216 2212/2212/2212
f 2214/2214/2214 2217/2217/2217 2213/2213/2213
f 2217/2217/2217 2214/2214/2214 2218/2218/2218
f 2213/2213/2213 2219/2219/2219 2215/2215/2215
f 2219/2219/2219 2213/2213/2213 2217/2217/2217
f 2216/2216/2216 2215/2215/2215 2219/2219/2219
f 2217/2217/2217 2220/2220/2220 2219/2219/2219
f 2219/2219/2219 2221/2221/2221 2216/2216/2216
f 2221/2221/2221 2219/2219/2219 2220/2220/2220
f 2220/2220/2220 2222/2222/2222 2221/2221/2221
f 2225/2225/2225 2224/2224/2224 2223/2223/2223
f 2223/2223/2223 2226/2226/2226 2225/2225/2225
f 2227/2227/2227 2225/2225/2225 2226/2226/2226
f 2226/2226/2226 2223/2223/2223 2228/2228/2228
f 2226/2226/2226 2229/2229/2229 2227/2227/2227
f 2230/2230/2230 2227/2227/2227 2229/2229/2229
f 2229/2229/2229 2231/2231/2231 2230/2230/2230
f 2228/2228/2228 2232/2232/2232 2226/2226/2226
f 2229/2229/2229 2226/2226/2226 2232/2232/2232
f 2232/2232/2232 2228/2228/2228 2233/2233/2233
f 2232/2232/2232 2233/2233/2233 2234/2234/2234
f 2231/2231/2231 2229/2229/2229 2235/2235/2235
f 2232/2232/2232 2235/2235/2235 2229/2229/2229
f 2235/2235/2235 2236/2236/2236 2231/2231/2231
f 2234/2234/2234 2237/2237/2237 2232/2232/2232
f 2235/2235/2235 2232/2232/2232 2237/2237/2237
f 2237/2237/2237 2234/2234/2234 2238/2238/2238
f 2236/2236/2236 2235/2235/2235 2239/2239/2239
f 2237/2237/2237 2239/2239/2239 2235/2235/2235
f 2239/2239/2239 2240/2240/2240 2236/2236/2236
f 2238/2238/2238 2241/2241/2241 2237/2237/2237
f 2239/2239/2239 2237/2237/2237 2241/2241/2241
f 2241/2241/2241 2238/2238/2238 2242/2242/2242
f 2239/2239/2239 2243/2243/2243 2240/2240/2240
f 2242/2242/2242 2244/2244/2244 2241/2241/2241
f 2239/2239/2239 2241/2241/2241 2244/2244/2244
f 2244/2244/2244 2242/2242/2242 2245/2245/2245
f 2243/2243/2243 2239/2239/2239 2246/2246/2246
f 2244/2244/2244 2246/2246/2246 2239/2239/2239
f 2246/2246/2246 2247/2247/2247 2243/2243/2243
f 2245/2245/2245 2248/2248/2248 2244/2244/2244
f 2246/2246/2246 2244/2244/2244 2248/2248/2248
f 2248/2248/2248 2245/2245/2245 2249/2249/2249
f 2247/2247/2247 2246/2246/2246 2250/2250/2250
f 2248/2248/2248 2250/2250/2250 2246/2246/2246
f 2250/2250/2250 2251/2251/2251 2247/2247/2247
f 2249/2249/2249 2252/2252/2252 2248/2248/2248
f 2250/2250/2250 2248/2248/2248 2252/2252/2252
f 2252/2252/2252 2249/2249/2249 2253/2253/2253
f 2251/2251/2251 2250/2250/2250 2254/2254/2254
f 2252/2252/2252 2254/2254/2254 2250/2250/2250
f 2254/2254/2254 2255/2255/2255 2251/2251/2251
f 2253/2253/2253 2256/2256/2256 2252/2252/2252
f 2254/2254/2254 2252/2252/2252 2256/2256/2256
f 2256/2256/2256 2253/2253/2253 2257/2257/2257
f 2255/2255/2255 2254/2254/2254 2258/2258/2258
f 2256/2256/2256 2258/2258/2258 2254/2254/2254
f 2258/2258/2258 2259/2259/2259 2255/2255/2255
f 2257/2257/2257 2260/2260/2260 2256/2256/2256
f 2258/2258/2258 2256/2256/2256 2260/2260/2260
f 2260/2260/2260 2257/2257/2257 2261/2261/2261
f 2259/2259/2259 2258/2258/2258 2262/2262/2262
f 2260/2260/2260 2262/2262/2262 2258/2258/2258
f 2262/2262/2262 2263/2263/2263 2259/2259/2259
f 2261/2261/2261 2264/2264/2264 2260/2260/2260
f 2262/2262/2262 2260/2260/2260 2264/2264/2264
f 2264/2264/2264 2261/2261/2261 2265/2265/2265
f 2263/2263/2263 2262/2262/2262 2266/2266/2266
f 2264/2264/2264 2266/2266/2266 2262/2262/2262
f 2266/2266/2266 2267/2267/2267 2263/2263/2263
f 2265/2265/2265 2268/2268/2268 2264/2264/2264
f 2266/2266/2266 2264/2264/2264 2268/2268/2268
f 2268/2268/2268 2265/2265/2265 2269/2269/2269
f 2267/2267/2267 2266/2266/2266 2270/2270/2270
f 2268/2268/2268 2270/2270/2270 2266/2266/2266
f 2270/2270/2270 2271/2271/2271 2267/2267/2267
f 2269/2269/2269 2272/2272/2272 2268/2268/2268
f 2270/2270/2270 2268/2268/2268 2272/2272/2272
f 2272/2272/2272 2269/2269/2269 2273/2273/2273
f 2271/2271/2271 2270/2270/2270 2274/2274/2274
f 2272/2272/2272 2274/2274/2274 2270/2270/2270
f 2274/2274/2274 2275/2275/2275 2271/2271/2271
f 2273/2273/2273 2276/2276/2276 2272/2272/2272
f 2274/2274/2274 2272/2272/2272 2276/2276/2276
f 2276/2276/2276 2273/2273/2273 2277/2277/2277
f 2275/2275/2275 2274/2274/2274 2278/2278/2278
f 2276/2276/2276 2278/2278/2278 2274/2274/2274
f 2278/2278/2278 2279/2279/2279 2275/2275/2275
f 2277/2277/2277 2280/2280/2280 2276/2276/2276
f 2278/2278/2278 2276/2276/2276 2280/2280/2280
f 2280/2280/2280 2277/2277/2277 2281/2281/2281
f 2279/2279/2279 2278/2278/2278 2282/2282/2282
f 2280/2280/2280 2282/2282/2282 2278/2278/2278
f 2282/2282/2282 2283/2283/2283 2279/2279/2279
f 2281/2281/2281 2284/2284/2284 2280/2280/2280
f 2282/2282/2282 2280/2280/2280 2284/2284/2284
f 2284/2284/2284 2281/2281/2281 2285/2285/2285
f 2283/2283/2283 2282/2282/2282 2286/2286/2286
f 2284/2284/2284 2286/2286/2286 2282/2282/2282
f 2286/2286/2286 2287/2287/2287 2283/2283/2283
f 2285/2285/2285 2288/2288/2288 2284/2284/2284
f 2286/2286/2286 2284/2284/2284 2288/2288/2288
f 2288/2288/2288 2285/2285/2285 2289/2289/2289
f 2287/2287/2287 2286/2286/2286 2290/2290/2290
f 2288/2288/2288 2290/2290/2290 2286/2286/2286
f 2290/2290/2290 2291/2291/2291 2287/2287/2287
f 2289/2289/2289 2292/2292/2292 2288/2288/2288
f 2290/2290/2290 2288/2288/2288 2292/2292/2292
f 2292/2292/2292 2289/2289/2289 2293/2293/2293
f 2293/2293/2293 2294/2294/2294 2292/2292/2292
f 2291/2291/2291 2290/2290/2290 2295/2295/2295
f 2292/2292/2292 2295/2295/2295 2290/2290/2290
f 2295/2295/2295 2292/2292/2292 2294/2294/2294
f 2295/2295/2295 2296/2296/2296 2291/2291/2291
f 2294/2294/2294 2297/2297/2297 2295/2295/2295
f 2296/2296/2296 2295/2295/2295 2297/2297/2297
f 2297/2297/2297 2298/2298/2298 2296/2296/2296
f 2301/2301/2301 2300/2300/2300 2299/2299/2299
f 2299/2299/2299 2302/2302/2302 2301/2301/2301
f 2303/2303/2303 2301/2301/2301 2302/2302/2302
f 2302/2302/2302 2299/2299/2299 2304/2304/2304
f 2302/2302/2302 2305/2305/2305 2303/2303/2303
f 2306/2306/2306 2303/2303/2303 2305/2305/2305
f 2305/2305/2305 2307/2307/2307 2306/2306/2306
f 2304/2304/2304 2308/2308/2308 2302/2302/2302
f 2305/2305/2305 2302/2302/2302 2308/2308/2308
f 2308/2308/2308 2304/2304/2304 2309/2309/2309
f 2307/2307/2307 2305/2305/2305 2310/2310/2310
f 2308/2308/2308 2310/2310/2310 2305/2305/2305
f 2310/2310/2310 2311/2311/2311 2307/2307/2307
f 2310/2310/2310 2312/2312/2312 2311/2311/2311
f 2309/2309/2309 2313/2313/2313 2308/2308/2308
f 2310/2310/2310 2308/2308/2308 2313/2313/2313
f 2313/2313/2313 2309/2309/2309 2314/2314/2314
f 2312/2312/2312 2310/2310/2310 2315/2315/2315
f 2313/2313/2313 2315/2315/2315 2310/2310/2310
f 2315/2315/2315 2316/2316/2316 2312/2312/2312
f 2314/2314/2314 2317/2317/2317 2313/2313/2313
f 2315/2315/2315 2313/2313/2313 2317/2317/2317
f 2317/2317/2317 2314/2314/2314 2318/2318/2318
f 2315/2315/2315 2319/2319/2319 2316/2316/2316
f 2318/2318/2318 2320/2320/2320 2317/2317/2317
f 2315/2315/2315 2317/2317/2317 2320/2320/2320
f 2320/2320/2320 2318/2318/2318 2321/2321/2321
f 2319/2319/2319 2315/2315/2315 2322/2322/2322
f 2320/2320/2320 2322/2322/2322 2315/2315/2315
f 2322/2322/2322 2323/2323/2323 2319/2319/2319
f 2321/2321/2321 2324/2324/2324 2320/2320/2320
f 2322/2322/2322 2320/2320/2320 2324/2324/2324
f 2324/2324/2324 2321/2321/2321 2325/2325/2325
f 2323/2323/2323 2322/2322/2322 2326/2326/2326
f 2324/2324/2324 2326/2326/2326 2322/2322/2322
f 2326/2326/2326 2327/2327/2327 2323/2323/2323
f 2325/2325/2325 2328/2328/2328 2324/2324/2324
f 2326/2326/2326 2324/2324/2324 2328/2328/2328
f 2328/2328/2328 2325/2325/2325 2329/2329/2329
f 2327/2327/2327 2326/2326/2326 2330/2330/2330
f 2328/2328/2328 2330/2330/2330 2326/2326/2326
f 2330/2330/2330 2331/2331/2331 2327/2327/2327
f 2329/2329/2329 2332/2332/2332 2328/2328/2328
f 2330/2330/2330 2328/2328/2328 2332/2332/2332
f 2332/2332/2332 2329/2329/2329 2333/2333/2333
f 2331/2331/2331 2330/2330/2330 2334/2334/2334
f 2332/2332/2332 2334/2334/2334 2330/2330/2330
f 2334/2334/2334 2335/2335/2335 2331/2331/2331
f 2333/2333/2333 2336/2336/2336 2332/2332/2332
f 2334/2334/2334 2332/2332/2332 2336/2336/2336
f 2336/2336/2336 2333/2333/2333 2337/2337/2337
f 2335/2335/2335 2334/2334/2334 2338/2338/2338
f 2336/2336/2336 2338/2338/2338 2334/2334/2334
f 2338/2338/2338 2339/2339/2339 2335/2335/2335
f 2337/2337/2337 2340/2340/2340 2336/2336/2336
f 2338/2338/2338 2336/2336/2336 2340/2340/2340
f 2340/2340/2340 2337/2337/2337 2341/2341/2341
f 2339/2339/2339 2338/2338/2338 2342/2342/2342
f 2340/2340/2340 2342/2342/2342 2338/2338/2338
f 2342/2342/2342 2343/2343/2343 2339/2339/2339
f 2341/2341/2341 2344/2344/2344 2340/2340/2340
f 2342/2342/2342 2340/2340/2340 2344/2344/2344
f 2344/2344/2344 2341/2341/2341 2345/2345/2345
f 2343/2343/2343 2342/2342/2342 2346/2346/2346
f 2344/2344/2344 2346/2346/2346 2342/2342/2342
f 2346/2346/2346 2347/2347/2347 2343/2343/2343
f 2345/2345/2345 2348/2348/2348 2344/2344/2344
f 2346/2346/2346 2344/2344/2344 2348/2348/2348
f 2348/2348/2348 2345/2345/2345 2349/2349/2349
f 2347/2347/2347 2346/2346/2346 2350/2350/2350
f 2348/2348/2348 2350/2350/2350 2346/2346/2346
f 2350/2350/2350 2351/2351/2351 2347/2347/2347
f 2349/2349/2349 2352/2352/2352 2348/2348/2348
f 2350/2350/2350 2348/2348/2348 2352/2352/2352
f 2352/2352/2352 2349/2349/2349 2353/2353/2353
f 2351/2351/2351 2350/2350/2350 2354/2354/2354
f 2352/2352/2352 2354/2354/2354 2350/2350/2350
f 2354/2354/2354 2355/2355/2355 2351/2351/2351
f 2353/2353/2353 2356/2356/2356 2352/2352/2352
f 2354/2354/2354 2352/2352/2352 2356/2356/2356
f 2356/2356/2356 2353/2353/2353 2357/2357/2357
f 2355/2355/2355 2354/2354/2354 2358/2358/2358
f 2356/2356/2356 2358/2358/2358 2354/2354/2354
f 2358/2358/2358 2359/2359/2359 2355/2355/2355
f 2357/2357/2357 2360/2360/2360 2356/2356/2356
f 2358/2358/2358 2356/2356/2356 2360/2360/2360
f 2360/2360/2360 2357/2357/2357 2361/2361/2361
f 2359/2359/2359 2358/2358/2358 2362/2362/2362
f 2360/2360/2360 2362/2362/2362 2358/2358/2358
f 2362/2362/2362 2363/2363/2363 2359/2359/2359
f 2361/2361/2361 2364/2364/2364 2360/2360/2360
f 2362/2362/2362 2360/2360/2360 2364/2364/2364
f 2364/2364/2364 2361/2361/2361 2365/2365/2365
f 2363/2363/2363 2362/2362/2362 2366/2366/2366
f 2364/2364/2364 2366/2366/2366 2362/2362/2362
f 2366/2366/2366 2367/2367/2367 2363/2363/2363
f 2365/2365/2365 2368/2368/2368 2364/2364/2364
f 2366/2366/2366 2364/2364/2364 2368/2368/2368
f 2368/2368/2368 2365/2365/2365 2369/2369/2369
f 2369/2369/2369 2370/2370/2370 2368/2368/2368
f 2367/2367/2367 2366/2366/2366 2371/2371/2371
f 2368/2368/2368 2371/2371/2371 2366/2366/2366
f 2371/2371/2371 2368/2368/2368 2370/2370/2370
f 2371/2371/2371 2372/2372/2372 2367/2367/2367
f 2370/2370/2370 2373/2373/2373 2371/2371/2371
f 2372/2372/2372 2371/2371/2371 2373/2373/2373
f 2373/2373/2373 2374/2374/2374 2372/2372/2372
f 2377/2377/2377 2376/2376/2376 2375/2375/2375
f 2375/2375/2375 2378/2378/2378 2377/2377/2377
f 2379/2379/2379 2377/2377/2377 2378/2378/2378
f 2378/2378/2378 2375/2375/2375 2380/2380/2380
f 2378/2378/2378 2381/2381/2381 2379/2379/2379
f 2382/2382/2382 2379/2379/2379 2381/2381/2381
f 2381/2381/2381 2383/2383/2383 2382/2382/2382
f 2380/2380/2380 2384/2384/2384 2378/2378/2378
f 2381/2381/2381 2378/2378/2378 2384/2384/2384
f 2384/2384/2384 2380/2380/2380 2385/2385/2385
f 2383/2383/2383 2381/2381/2381 2386/2386/2386
f 2384/2384/2384 2386/2386/2386 2381/2381/2381
f 2386/2386/2386 2387/2387/2387 2383/2383/2383
f 2385/2385/2385 2388/2388/2388 2384/2384/2384
f 2386/2386/2386 2384/2384/2384 2388/2388/2388
f 2388/2388/2388 2385/2385/2385 2389/2389/2389
f 2387/2387/2387 2386/2386/2386 2390/2390/2390
f 2388/2388/2388 2390/2390/2390 2386/2386/2386
f 2390/2390/2390 2391/2391/2391 2387/2387/2387
f 2389/2389/2389 2392/2392/2392 2388/2388/2388
f 2390/2390/2390 2388/2388/2388 2392/2392/2392
f 2392/2392/2392 2389/2389/2389 2393/2393/2393
f 2391/2391/2391 2390/2390/2390 2394/2394/2394
f 2392/2392/2392 2394/2394/2394 2390/2390/2390
f 2394/2394/2394 2395/2395/2395 2391/2391/2391
f 2393/2393/2393 2396/2396/2396 2392/2392/2392
f 2394/2394/2394 2392/2392/2392 2396/2396/2396
f 2396/2396/2396 2393/2393/2393 2397/2397/2397
f 2395/2395/2395 2394/2394/2394 2398/2398/2398
f 2396/2396/2396 2398/2398/2398 2394/2394/2394
f 2398/2398/2398 2399/2399/2399 2395/2395/2395
f 2397/2397/2397 2400/2400/2400 2396/2396/2396
f 2398/2398/2398 2396/2396/2396 2400/2400/2400
f 2400/2400/2400 2397/2397/2397 2401/2401/2401
f 2399/2399/2399 2398/2398/2398 2402/2402/2402
f 2400/2400/2400 2402/2402/2402 2398/2398/2398
f 2402/2402/2402 2403/2403/2403 2399/2399/2399
f 2401/2401/2401 2404/2404/2404 2400/2400/2400
f 2402/2402/2402 2400/2400/2400 2404/2404/2404
f 2404/2404/2404 2401/2401/2401 2405/2405/2405
f 2403/2403/2403 2402/2402/2402 2406/2406/2406
f 2404/2404/2404 2406/2406/2406 2402/2402/2402
f 2406/2406/2406 2407/2407/2407 2403/2403/2403
f 2405/2405/2405 2408/2408/2408 2404/2404/2404
f 2406/2406/2406 2404/2404/2404 2408/2408/2408
f 2408/2408/2408 2405/2405/2405 2409/2409/2409
f 2407/2407/2407 2406/2406/2406 2410/2410/2410
f 2408/2408/2408 2410/2410/2410 2406/2406/2406
f 2410/2410/2410 2411/2411/2411 2407/2407/2407
f 2409/2409/2409 2412/2412/2412 2408/2408/2408
f 2410/2410/2410 2408/2408/2408 2412/2412/2412
f 2412/2412/2412 2409/2409/2409 2413/2413/2413
f 2411/2411/2411 2410/2410/2410 2414/2414/2414
f 2412/2412/2412 2414/2414/2414 2410/2410/2410
f 2414/2414/2414 2415/2415/2415 2411/2411/2411
f 2413/2413/2413 2416/2416/2416 2412/2412/2412
f 2414/2414/2414 2412/2412/2412 2416/2416/2416
f 2416/2416/2416 2413/2413/2413 2417/2417/2417
f 2415/2415/2415 2414/2414/2414 2418/2418/2418
f 2416/2416/2416 2418/2418/2418 2414/2414/2414
f 2418/2418/2418 2419/2419/2419 2415/2415/2415
f 2417/2417/2417 2420/2420/2420 2416/2416/2416
f 2418/2418/2418 2416/2416/2416 2420/2420/2420
f 2420/2420/2420 2417/2417/2417 2421/2421/2421
f 2419/2419/2419 2418/2418/2418 2422/2422/2422
f 2420/2420/2420 2422/2422/2422 2418/2418/2418
f 2422/2422/2422 2423/2423/2423 2419/2419/2419
f 2421/2421/2421 2424/2424/2424 2420/2420/2420
f 2422/2422/2422 2420/2420/2420 2424/2424/2424
f 2424/2424/2424 2421/2421/2421 2425/2425/2425
f 2423/2423/2423 2422/2422/2422 2426/2426/2426
f 2424/2424/2424 2426/2426/2426 2422/2422/2422
f 2426/2426/2426 2427/2427/2427 2423/2423/2423
f 2425/2425/2425 2428/2428/2428 2424/2424/2424
f 2426/2426/2426 2424/2424/2424 2428/2428/2428
f 2428/2428/2428 2425/2425/2425 2429/2429/2429
f 2427/2427/2427 2426/2426/2426 2430/2430/2430
f 2428/2428/2428 2430/2430/2430 2426/2426/2426
f 2430/2430/2430 2431/2431/2431 2427/2427/2427
f 2429/2429/2429 2432/2432/2432 2428/2428/2428
f 2430/2430/2430 2428/2428/2428 2432/2432/2432
f 2432/2432/2432 2429/2429/2429 2433/2433/2433
f 2431/2431/2431 2430/2430/2430 2434/2434/2434
f 2432/2432/2432 2434/2434/2434 2430/2430/2430
f 2434/2434/2434 2435/2435/2435 2431/2431/2431
f 2433/2433/2433 2436/2436/2436 2432/2432/2432
f 2434/2434/2434 2432/2432/2432 2436/2436/2436
f 2436/2436/2436 2433/2433/2433 2437/2437/2437
f 2435/2435/2435 2434/2434/2434 2438/2438/2438
f 2436/2436/2436 2438/2438/2438 2434/2434/2434
f 2438/2438/2438 2439/2439/2439 2435/2435/2435
f 2437/2437/2437 2440/2440/2440 2436/2436/2436
f 2438/2438/2438 2436/2436/2436 2440/2440/2440
f 2440/2440/2440 2437/2437/2437 2441/2441/2441
f 2441/2441/2441 2442/2442/2442 2440/2440/2440
f 2443/2443/2443 2440/2440/2440 2442/2442/2442
f 2440/2440/2440 2443/2443/2443 2438/2438/2438
f 2439/2439/2439 2438/2438/2438 2443/2443/2443
f 2443/2443/2443 2444/2444/2444 2439/2439/2439
f 2443/2443/2443 2445/2445/2445 2444/2444/2444
f 2448/2448/2448 2447/2447/2447 2446/2446/2446
f 2446/2446/2446 2449/2449/2449 2448/2448/2448
f 2450/2450/2450 2448/2448/2448 2449/2449/2449
f 2449/2449/2449 2446/2446/2446 2451/2451/2451
f 2449/2449/2449 2452/2452/2452 2450/2450/2450
f 2453/2453/2453 2450/2450/2450 2452/2452/2452
f 2452/2452/2452 2454/2454/2454 2453/2453/2453
f 2451/2451/2451 2455/2455/2455 2449/2449/2449
f 2452/2452/2452 2449/2449/2449 2455/2455/2455
f 2455/2455/2455 2451/2451/2451 2456/2456/2456
f 2454/2454/2454 2452/2452/2452 2457/2457/2457
f 2455/2455/2455 2457/2457/2457 2452/2452/2452
f 2457/2457/2457 2458/2458/2458 2454/2454/2454
f 2456/2456/2456 2459/2459/2459 2455/2455/2455
f 2457/2457/2457 2455/2455/2455 2459/2459/2459
f 2459/2459/2459 2456/2456/2456 2460/2460/2460
f 2458/2458/2458 2457/2457/2457 2461/2461/2461
f 2459/2459/2459 2461/2461/2461 2457/2457/2457
f 2461/2461/2461 2462/2462/2462 2458/2458/2458
f 2460/2460/2460 2463/2463/2463 2459/2459/2459
f 2461/2461/2461 2459/2459/2459 2463/2463/2463
f 2463/2463/2463 2460/2460/2460 2464/2464/2464
f 2462/2462/2462 2461/2461/2461 2465/2465/2465
f 2463/2463/2463 2465/2465/2465 2461/2461/2461
f 2465/2465/2465 2466/2466/2466 2462/2462/2462
f 2464/2464/2464 2467/2467/2467 2463/2463/2463
f 2465/2465/2465 2463/2463/2463 2467/2467/2467
f 2467/2467/2467 2464/2464/2464 2468/2468/2468
f 2466/2466/2466 2465/2465/2465 2469/2469/2469
f 2467/2467/2467 2469/2469/2469 2465/2465/2465
f 2469/2469/2469 2470/2470/2470 2466/2466/2466
f 2468/2468/2468 2471/2471/2471 2467/2467/2467
f 2469/2469/2469 2467/2467/2467 2471/2471/2471
f 2471/2471/2471 2468/2468/2468 2472/2472/2472
f 2470/2470/2470 2469/2469/2469 2473/2473/2473
f 2471/2471/2471 2473/2473/2473 2469/2469/2469
f 2473/2473/2473 2474/2474/2474 2470/2470/2470
f 2472/2472/2472 2475/2475/2475 2471/2471/2471
f 2473/2473/2473 2471/2471/2471 2475/2475/2475
f 2475/2475/2475 2472/2472/2472 2476/2476/2476
f 2474/2474/2474 2473/2473/2473 2477/2477/2477
f 2475/2475/2475 2477/2477/2477 2473/2473/2473
f 2477/2477/2477 2478/2478/2478 2474/2474/2474
f 2476/2476/2476 2479/2479/2479 2475/2475/2475
f 2477/2477/2477 2475/2475/2475 2479/2479/2479
f 2479/2479/2479 2476/2476/2476 2480/2480/2480
f 2478/2478/2478 2477/2477/2477 2481/2481/2481
f 2479/2479/2479 2481/2481/2481 2477/2477/2477
f 2481/2481/2481 2482/2482/2482 2478/2478/2478
f 2480/2480/2480 2483/2483/2483 2479/2479/2479
f 2481/2481/2481 2479/2479/2479 2483/2483/2483
f 2483/2483/2483 2480/2480/2480 2484/2484/2484
f 2482/2482/2482 2481/2481/2481 2485/2485/2485
f 2483/2483/2483 2485/2485/2485 2481/2481/2481
f 2485/2485/2485 2486/2486/2486 2482/2482/2482
f 2484/2484/2484 2487/2487/2487 2483/2483/2483
f 2485/2485/2485 2483/2483/2483 2487/2487/2487
f 2487/2487/2487 2484/2484/2484 2488/2488/2488
f 2486/2486/2486 2485/2485/2485 2489/2489/2489
f 2487/2487/2487 2489/2489/2489 2485/2485/2485
f 2489/2489/2489 2490/2490/2490 2486/2486/2486
f 2488/2488/2488 2491/2491/2491 2487/2487/2487
f 2489/2489/2489 2487/2487/2487 2491/2491/2491
f 2491/2491/2491 2488/2488/2488 2492/2492/2492
f 2490/2490/2490 2489/2489/2489 2493/2493/2493
f 2491/2491/2491 2493/2493/2493 2489/2489/2489
f 2493/2493/2493 2494/2494/2494 2490/2490/2490
f 2492/2492/2492 2495/2495/2495 2491/2491/2491
f 2493/2493/2493 2491/2491/2491 2495/2495/2495
f 2495/2495/2495 2492/2492/2492 2496/2496/2496
f 2494/2494/2494 2493/2493/2493 2497/2497/2497
f 2495/2495/2495 2497/2497/2497 2493/2493/2493
f 2497/2497/2497 2498/2498/2498 2494/2494/2494
f 2496/2496/2496 2499/2499/2499 2495/2495/2495
f 2497/2497/2497 2495/2495/2495 2499/2499/2499
f 2499/2499/2499 2496/2496/2496 2500/2500/2500
f 2498/2498/2498 2497/2497/2497 2501/2501/2501
f 2499/2499/2499 2501/2501/2501 2497/2497/2497
f 2501/2501/2501 2502/2502/2502 2498/2498/2498
f 2500/2500/2500 2503/2503/2503 2499/2499/2499
f 2501/2501/2501 2499/2499/2499 2503/2503/2503
f 2503/2503/2503 2500/2500/2500 2504/2504/2504
f 2502/2502/2502 2501/2501/2501 2505/2505/2505
f 2503/2503/2503 2505/2505/2505 2501/2501/2501
f 2505/2505/2505 2506/2506/2506 2502/2502/2502
f 2504/2504/2504 2507/2507/2507 2503/2503/2503
f 2505/2505/2505 2503/2503/2503 2507/2507/2507
f 2507/2507/2507 2504/2504/2504 2508/2508/2508
f 2506/2506/2506 2505/2505/2505 2509/2509/2509
f 2507/2507/2507 2509/2509/2509 2505/2505/2505
f 2509/2509/2509 2510/2510/2510 2506/2506/2506
f 2508/2508/2508 2511/2511/2511 2507/2507/2507
f 2509/2509/2509 2507/2507/2507 2511/2511/2511
f 2511/2511/2511 2508/2508/2508 2512/2512/2512
f 2512/2512/2512 2513/2513/2513 2511/2511/2511
f 2514/2514/2514 2511/2511/2511 2513/2513/2513
f 2511/2511/2511 2514/2514/2514 2509/2509/2509
f 2510/2510/2510 2509/2509/2509 2514/2514/2514
f 2514/2514/2514 2515/2515/2515 2510/2510/2510
f 2514/2514/2514 2516/2516/2516 2515/2515/2515
f 2519/2519/2519 2518/2518/2518 2517/2517/2517
f 2517/2517/2517 2520/2520/2520 2519/2519/2519
f 2521/2521/2521 2519/2519/2519 2520/2520/2520
f 2520/2520/2520 2517/2517/2517 2522/2522/2522
f 2520/2520/2520 2523/2523/2523 2521/2521/2521
f 2524/2524/2524 2521/2521/2521 2523/2523/2523
f 2523/2523/2523 2525/2525/2525 2524/2524/2524
f 2523/2523/2523 2526/2526/2526 2525/2525/2525
f 2522/2522/2522 2527/2527/2527 2520/2520/2520
f 2523/2523/2523 2520/2520/2520 2527/2527/2527
f 2527/2527/2527 2522/2522/2522 2528/2528/2528
f 2526/2526/2526 2523/2523/2523 2529/2529/2529
f 2527/2527/2527 2529/2529/2529 2523/2523/2523
f 2529/2529/2529 2530/2530/2530 2526/2526/2526
f 2528/2528/2528 2531/2531/2531 2527/2527/2527
f 2529/2529/2529 2527/2527/2527 2531/2531/2531
f 2531/2531/2531 2528/2528/2528 2532/2532/2532
f 2530/2530/2530 2529/2529/2529 2533/2533/2533
f 2531/2531/2531 2533/2533/2533 2529/2529/2529
f 2533/2533/2533 2534/2534/2534 2530/2530/2530
f 2532/2532/2532 2535/2535/2535 2531/2531/2531
f 2533/2533/2533 2531/2531/2531 2535/2535/2535
f 2535/2535/2535 2532/2532/2532 2536/2536/2536
f 2534/2534/2534 2533/2533/2533 2537/2537/2537
f 2535/2535/2535 2537/2537/2537 2533/2533/2533
f 2537/2537/2537 2538/2538/2538 2534/2534/2534
f 2536/2536/2536 2539/2539/2539 2535/2535/2535
f 2537/2537/2537 2535/2535/2535 2539/2539/2539
f 2539/2539/2539 2536/2536/2536 2540/2540/2540
f 2538/2538/2538 2537/2537/2537 2541/2541/2541
f 2539/2539/2539 2541/2541/2541 2537/2537/2537
f 2541/2541/2541 2542/2542/2542 2538/2538/2538
f 2540/2540/2540 2543/2543/2543 2539/2539/2539
f 2541/2541/2541 2539/2539/2539 2543/2543/2543
f 2543/2543/2543 2540/2540/2540 2544/2544/2544
f 2542/2542/2542 2541/2541/2541 2545/2545/2545
f 2543/2543/2543 2545/2545/2545 2541/2541/2541
f 2545/2545/2545 2546/2546/2546 2542/2542/2542
f 2544/2544/2544 2547/2547/2547 2543/2543/2543
f 2545/2545/2545 2543/2543/2543 2547/2547/2547
f 2547/2547/2547 2544/2544/2544 2548/2548/2548
f 2547/2547/2547 2548/2548/2548 2549/2549/2549
f 2546/2546/2546 2545/2545/2545 2550/2550/2550
f 2547/2547/2547 2550/2550/2550 2545/2545/2545
f 2550/2550/2550 2551/2551/2551 2546/2546/2546
f 2549/2549/2549 2552/2552/2552 2547/2547/2547
f 2550/2550/2550 2547/2547/2547 2552/2552/2552
f 2552/2552/2552 2549/2549/2549 2553/2553/2553
f 2551/2551/2551 2550/2550/2550 2554/2554/2554
f 2552/2552/2552 2554/2554/2554 2550/2550/2550
f 2554/2554/2554 2555/2555/2555 2551/2551/2551
f 2553/2553/2553 2556/2556/2556 2552/2552/2552
f 2554/2554/2554 2552/2552/2552 2556/2556/2556
f 2556/2556/2556 2553/2553/2553 2557/2557/2557
f 2555/2555/2555 2554/2554/2554 2558/2558/2558
f 2556/2556/2556 2558/2558/2558 2554/2554/2554
f 2558/2558/2558 2559/2559/2559 2555/2555/2555
f 2557/2557/2557 2560/2560/2560 2556/2556/2556
f 2558/2558/2558 2556/2556/2556 2560/2560/2560
f 2560/2560/2560 2557/2557/2557 2561/2561/2561
f 2559/2559/2559 2558/2558/2558 2562/2562/2562
f 2560/2560/2560 2562/2562/2562 2558/2558/2558
f 2562/2562/2562 2563/2563/2563 2559/2559/2559
f 2561/2561/2561 2564/2564/2564 2560/2560/2560
f 2562/2562/2562 2560/2560/2560 2564/2564/2564
f 2564/2564/2564 2561/2561/2561 2565/2565/2565
f 2563/2563/2563 2562/2562/2562 2566/2566/2566
f 2564/2564/2564 2566/2566/2566 2562/2562/2562
f 2566/2566/2566 2567/2567/2567 2563/2563/2563
f 2565/2565/2565 2568/2568/2568 2564/2564/2564
f 2566/2566/2566 2564/2564/2564 2568/2568/2568
f 2568/2568/2568 2565/2565/2565 2569/2569/2569
f 2567/2567/2567 2566/2566/2566 2570/2570/2570
f 2568/2568/2568 2570/2570/2570 2566/2566/2566
f 2570/2570/2570 2571/2571/2571 2567/2567/2567
f 2569/2569/2569 2572/2572/2572 2568/2568/2568
f 2570/2570/2570 2568/2568/2568 2572/2572/2572
f 2572/2572/2572 2569/2569/2569 2573/2573/2573
f 2571/2571/2571 2570/2570/2570 2574/2574/2574
f 2572/2572/2572 2574/2574/2574 2570/2570/2570
f 2574/2574/2574 2575/2575/2575 2571/2571/2571
f 2573/2573/2573 2576/2576/2576 2572/2572/2572
f 2574/2574/2574 2572/2572/2572 2576/2576/2576
f 2576/2576/2576 2573/2573/2573 2577/2577/2577
f 2577/2577/2577 2578/2578/2578 2576/2576/2576
f 2575/2575/2575 2574/2574/2574 2579/2579/2579
f 2576/2576/2576 2579/2579/2579 2574/2574/2574
f 2579/2579/2579 2576/2576/2576 2578/2578/2578
f 2579/2579/2579 2580/2580/2580 2575/2575/2575
f 2578/2578/2578 2581/2581/2581 2579/2579/2579
f 2580/2580/2580 2579/2579/2579 2581/2581/2581
f 2581/2581/2581 2582/2582/2582 2580/2580/2580
f 2585/2585/2585 2584/2584/2584 2583/2583/2583
f 2583/2583/2583 2586/2586/2586 2585/2585/2585
f 2587/2587/2587 2585/2585/2585 2586/2586/2586
f 2586/2586/2586 2583/2583/2583 2588/2588/2588
f 2586/2586/2586 2589/2589/2589 2587/2587/2587
f 2590/2590/2590 2587/2587/2587 2589/2589/2589
f 2589/2589/2589 2591/2591/2591 2590/2590/2590
f 2588/2588/2588 2592/2592/2592 2586/2586/2586
f 2589/2589/2589 2586/2586/2586 2592/2592/2592
f 2592/2592/2592 2588/2588/2588 2593/2593/2593
f 2591/2591/2591 2589/2589/2589 2594/2594/2594
f 2592/2592/2592 2594/2594/2594 2589/2589/2589
f 2594/2594/2594 2595/2595/2595 2591/2591/2591
f 2593/2593/2593 2596/2596/2596 2592/2592/2592
f 2594/2594/2594 2592/2592/2592 2596/2596/2596
f 2596/2596/2596 2593/2593/2593 2597/2597/2597
f 2595/2595/2595 2594/2594/2594 2598/2598/2598
f 2596/2596/2596 2598/2598/2598 2594/2594/2594
f 2598/2598/2598 2599/2599/2599 2595/2595/2595
f 2597/2597/2597 2600/2600/2600 2596/2596/2596
f 2598/2598/2598 2596/2596/2596 2600/2600/2600
f 2600/2600/2600 2597/2597/2597 2601/2601/2601
f 2599/2599/2599 2598/2598/2598 2602/2602/2602
f 2600/2600/2600 2602/2602/2602 2598/2598/2598
f 2602/2602/2602 2603/2603/2603 2599/2599/2599
f 2601/2601/2601 2604/2604/2604 2600/2600/2600
f 2602/2602/2602 2600/2600/2600 2604/2604/2604
f 2604/2604/2604 2601/2601/2601 2605/2605/2605
f 2603/2603/2603 2602/2602/2602 2606/2606/2606
f 2604/2604/2604 2606/2606/2606 2602/2602/2602
f 2606/2606/2606 2607/2607/2607 2603/2603/2603
f 2605/2605/2605 2608/2608/2608 2604/2604/2604
f 2606/2606/2606 2604/2604/2604 2608/2608/2608
f 2608/2608/2608 2605/2605/2605 2609/2609/2609
f 2607/2607/2607 2606/2606/2606 2610/2610/2610
f 2608/2608/2608 2610/2610/2610 2606/2606/2606
f 2610/2610/2610 2611/2611/2611 2607/2607/2607
f 2609/2609/2609 2612/2612/2612 2608/2608/2608
f 2610/2610/2610 2608/2608/2608 2612/2612/2612
f 2612/2612/2612 2609/2609/2609 2613/2613/2613
f 2611/2611/2611 2610/2610/2610 2614/2614/2614
f 2612/2612/2612 2614/2614/2614 2610/2610/2610
f 2614/2614/2614 2615/2615/2615 2611/2611/2611
f 2613/2613/2613 2616/2616/2616 2612/2612/2612
f 2614/2614/2614 2612/2612/2612 2616/2616/2616
f 2616/2616/2616 2613/2613/2613 2617/2617/2617
f 2616/2616/2616 2617/2617/2617 2618/2618/2618
f 2615/2615/2615 2614/2614/2614 2619/2619/2619
f 2616/2616/2616 2619/2619/2619 2614/2614/2614
f 2619/2619/2619 2620/2620/2620 2615/2615/2615
f 2618/2618/2618 2621/2621/2621 2616/2616/2616
f 2619/2619/2619 2616/2616/2616 2621/2621/2621
f 2621/2621/2621 2618/2618/2618 2622/2622/2622
f 2620/2620/2620 2619/2619/2619 2623/2623/2623
f 2621/2621/2621 2623/2623/2623 2619/2619/2619
f 2623/2623/2623 2624/2624/2624 2620/2620/2620
f 2622/2622/2622 2625/2625/2625 2621/2621/2621
f 2623/2623/2623 2621/2621/2621 2625/2625/2625
f 2625/2625/2625 2622/2622/2622 2626/2626/2626
f 2624/2624/2624 2623/2623/2623 2627/2627/2627
f 2625/2625/2625 2627/2627/2627 2623/2623/2623
f 2627/2627/2627 2628/2628/2628 2624/2624/2624
f 2626/2626/2626 2629/2629/2629 2625/2625/2625
f 2627/2627/2627 2625/2625/2625 2629/2629/2629
f 2629/2629/2629 2626/2626/2626 2630/2630/2630
f 2628/2628/2628 2627/2627/2627 2631/2631/2631
f 2629/2629/2629 2631/2631/2631 2627/2627/2627
f 2631/2631/2631 2632/2632/2632 2628/2628/2628
f 2631/2631/2631 2633/2633/2633 2632/2632/2632
f 2630/2630/2630 2634/2634/2634 2629/2629/2629
f 2631/2631/2631 2629/2629/2629 2634/2634/2634
f 2633/2633/2633 2631/2631/2631 2635/2635/2635
f 2634/2634/2634 2635/2635/2635 2631/2631/2631
f 2635/2635/2635 2636/2636/2636 2633/2633/2633
f 2630/2630/2630 2637/2637/2637 2634/2634/2634
f 2635/2635/2635 2634/2634/2634 2637/2637/2637
f 2637/2637/2637 2630/2630/2630 2638/2638/2638
f 2636/2636/2636 2635/2635/2635 2639/2639/2639
f 2637/2637/2637 2639/2639/2639 2635/2635/2635
f 2639/2639/2639 2640/2640/2640 2636/2636/2636
f 2638/2638/2638 2641/2641/2641 2637/2637/2637
f 2639/2639/2639 2637/2637/2637 2641/2641/2641
f 2641/2641/2641 2638/2638/2638 2642/2642/2642
f 2641/2641/2641 2642/2642/2642 2643/2643/2643
f 2643/2643/2643 2644/2644/2644 2641/2641/2641
f 2645/2645/2645 2641/2641/2641 2644/2644/2644
f 2641/2641/2641 2646/2646/2646 2639/2639/2639
f 2641/2641/2641 2645/2645/2645 2646/2646/2646
f 2640/2640/2640 2639/2639/2639 2646/2646/2646
f 2646/2646/2646 2647/2647/2647 2640/2640/2640
f 2647/2647/2647 2646/2646/2646 2645/2645/2645
f 2645/2645/2645 2648/2648/2648 2647/2647/2647
f 2651/2651/2651 2650/2650/2650 2649/2649/2649
f 2649/2649/2649 2652/2652/2652 2651/2651/2651
f 2653/2653/2653 2651/2651/2651 2652/2652/2652
f 2652/2652/2652 2649/2649/2649 2654/2654/2654
f 2652/2652/2652 2655/2655/2655 2653/2653/2653
f 2656/2656/2656 2653/2653/2653 2655/2655/2655
f 2655/2655/2655 2657/2657/2657 2656/2656/2656
f 2655/2655/2655 2658/2658/2658 2657/2657/2657
f 2654/2654/2654 2659/2659/2659 2652/2652/2652
f 2655/2655/2655 2652/2652/2652 2659/2659/2659
f 2659/2659/2659 2654/2654/2654 2660/2660/2660
f 2658/2658/2658 2655/2655/2655 2661/2661/2661
f 2659/2659/2659 2661/2661/2661 2655/2655/2655
f 2660/2660/2660 2662/2662/2662 2659/2659/2659
f 2661/2661/2661 2659/2659/2659 2662/2662/2662
f 2662/2662/2662 2660/2660/2660 2663/2663/2663
f 2658/2658/2658 2661/2661/2661 2664/2664/2664
f 2662/2662/2662 2664/2664/2664 2661/2661/2661
f 2664/2664/2664 2665/2665/2665 2658/2658/2658
f 2663/2663/2663 2666/2666/2666 2662/2662/2662
f 2664/2664/2664 2662/2662/2662 2666/2666/2666
f 2666/2666/2666 2663/2663/2663 2667/2667/2667
f 2665/2665/2665 2664/2664/2664 2668/2668/2668
f 2666/2666/2666 2668/2668/2668 2664/2664/2664
f 2668/2668/2668 2669/2669/2669 2665/2665/2665
f 2667/2667/2667 2670/2670/2670 2666/2666/2666
f 2668/2668/2668 2666/2666/2666 2670/2670/2670
f 2670/2670/2670 2667/2667/2667 2671/2671/2671
f 2669/2669/2669 2668/2668/2668 2672/2672/2672
f 2670/2670/2670 2672/2672/2672 2668/2668/2668
f 2672/2672/2672 2673/2673/2673 2669/2669/2669
f 2671/2671/2671 2674/2674/2674 2670/2670/2670
f 2672/2672/2672 2670/2670/2670 2674/2674/2674
f 2674/2674/2674 2671/2671/2671 2675/2675/2675
f 2673/2673/2673 2672/2672/2672 2676/2676/2676
f 2674/2674/2674 2676/2676/2676 2672/2672/2672
f 2676/2676/2676 2677/2677/2677 2673/2673/2673
f 2675/2675/2675 2678/2678/2678 2674/2674/2674
f 2676/2676/2676 2674/2674/2674 2678/2678/2678
f 2678/2678/2678 2675/2675/2675 2679/2679/2679
f 2677/2677/2677 2676/2676/2676 2680/2680/2680
f 2678/2678/2678 2680/2680/2680 2676/2676/2676
f 2680/2680/2680 2681/2681/2681 2677/2677/2677
f 2679/2679/2679 2682/2682/2682 2678/2678/2678
f 2680/2680/2680 2678/2678/2678 2682/2682/2682
f 2682/2682/2682 2679/2679/2679 2683/2683/2683
f 2681/2681/2681 2680/2680/2680 2684/2684/2684
f 2682/2682/2682 2684/2684/2684 2680/2680/2680
f 2684/2684/2684 2685/2685/2685 2681/2681/2681
f 2683/2683/2683 2686/2686/2686 2682/2682/2682
f 2684/2684/2684 2682/2682/2682 2686/2686/2686
f 2686/2686/2686 2683/2683/2683 2687/2687/2687
f 2685/2685/2685 2684/2684/2684 2688/2688/2688
f 2686/2686/2686 2688/2688/2688 2684/2684/2684
f 2688/2688/2688 2689/2689/2689 2685/2685/2685
f 2687/2687/2687 2690/2690/2690 2686/2686/2686
f 2688/2688/2688 2686/2686/2686 2690/2690/2690
f 2690/2690/2690 2687/2687/2687 2691/2691/2691
f 2689/2689/2689 2688/2688/2688 2692/2692/2692
f 2690/2690/2690 2692/2692/2692 2688/2688/2688
f 2692/2692/2692 2693/2693/2693 2689/2689/2689
f 2692/2692/2692 2694/2694/2694 2693/2693/2693
f 2691/2691/2691 2695/2695/2695 2690/2690/2690
f 2692/2692/2692 2690/2690/2690 2695/2695/2695
f 2695/2695/2695 2691/2691/2691 2696/2696/2696
f 2696/2696/2696 2697/2697/2697 2695/2695/2695
f 2694/2694/2694 2692/2692/2692 2698/2698/2698
f 2695/2695/2695 2698/2698/2698 2692/2692/2692
f 2698/2698/2698 2695/2695/2695 2697/2697/2697
f 2698/2698/2698 2699/2699/2699 2694/2694/2694
f 2699/2699/2699 2698/2698/2698 2697/2697/2697
f 2702/2702/2702 2701/2701/2701 2700/2700/2700
f 2700/2700/2700 2703/2703/2703 2702/2702/2702
f 2704/2704/2704 2702/2702/2702 2703/2703/2703
f 2703/2703/2703 2700/2700/2700 2705/2705/2705
f 2703/2703/2703 2706/2706/2706 2704/2704/2704
f 2707/2707/2707 2704/2704/2704 2706/2706/2706
f 2706/2706/2706 2708/2708/2708 2707/2707/2707
f 2705/2705/2705 2709/2709/2709 2703/2703/2703
f 2706/2706/2706 2703/2703/2703 2709/2709/2709
f 2709/2709/2709 2705/2705/2705 2710/2710/2710
f 2708/2708/2708 2706/2706/2706 2711/2711/2711
f 2709/2709/2709 2711/2711/2711 2706/2706/2706
f 2711/2711/2711 2712/2712/2712 2708/2708/2708
f 2710/2710/2710 2713/2713/2713 2709/2709/2709
f 2711/2711/2711 2709/2709/2709 2713/2713/2713
f 2713/2713/2713 2710/2710/2710 2714/2714/2714
f 2712/2712/2712 2711/2711/2711 2715/2715/2715
f 2713/2713/2713 2715/2715/2715 2711/2711/2711
f 2715/2715/2715 2716/2716/2716 2712/2712/2712
f 2714/2714/2714 2717/2717/2717 2713/2713/2713
f 2715/2715/2715 2713/2713/2713 2717/2717/2717
f 2717/2717/2717 2714/2714/2714 2718/2718/2718
f 2716/2716/2716 2715/2715/2715 2719/2719/2719
f 2717/2717/2717 2719/2719/2719 2715/2715/2715
f 2719/2719/2719 2720/2720/2720 2716/2716/2716
f 2718/2718/2718 2721/2721/2721 2717/2717/2717
f 2719/2719/2719 2717/2717/2717 2721/2721/2721
f 2721/2721/2721 2718/2718/2718 2722/2722/2722
f 2720/2720/2720 2719/2719/2719 2723/2723/2723
f 2721/2721/2721 2723/2723/2723 2719/2719/2719
f 2723/2723/2723 2724/2724/2724 2720/2720/2720
f 2722/2722/2722 2725/2725/2725 2721/2721/2721
f 2723/2723/2723 2721/2721/2721 2725/2725/2725
f 2725/2725/2725 2722/2722/2722 2726/2726/2726
f 2724/2724/2724 2723/2723/2723 2727/2727/2727
f 2725/2725/2725 2727/2727/2727 2723/2723/2723
f 2727/2727/2727 2728/2728/2728 2724/2724/2724
f 2726/2726/2726 2729/2729/2729 2725/2725/2725
f 2727/2727/2727 2725/2725/2725 2729/2729/2729
f 2729/2729/2729 2726/2726/2726 2730/2730/2730
f 2728/2728/2728 2727/2727/2727 2731/2731/2731
f 2729/2729/2729 2731/2731/2731 2727/2727/2727
f 2731/2731/2731 2732/2732/2732 2728/2728/2728
f 2730/2730/2730 2733/2733/2733 2729/2729/2729
f 2731/2731/2731 2729/2729/2729 2733/2733/2733
f 2733/2733/2733 2730/2730/2730 2734/2734/2734
f 2732/2732/2732 2731/2731/2731 2735/2735/2735
f 2733/2733/2733 2735/2735/2735 2731/2731/2731
f 2735/2735/2735 2736/2736/2736 2732/2732/2732
f 2734/2734/2734 2737/2737/2737 2733/2733/2733
f 2735/2735/2735 2733/2733/2733 2737/2737/2737
f 2736/2736/2736 2735/2735/2735 2738/2738/2738
f 2737/2737/2737 2738/2738/2738 2735/2735/2735
f 2738/2738/2738 2739/2739/2739 2736/2736/2736
f 2738/2738/2738 2740/2740/2740 2739/2739/2739
f 2734/2734/2734 2741/2741/2741 2737/2737/2737
f 2738/2738/2738 2737/2737/2737 2741/2741/2741
f 2741/2741/2741 2734/2734/2734 2742/2742/2742
f 2741/2741/2741 2742/2742/2742 2743/2743/2743
f 2740/2740/2740 2738/2738/2738 2744/2744/2744
f 2741/2741/2741 2744/2744/2744 2738/2738/2738
f 2744/2744/2744 2745/2745/2745 2740/2740/2740
f 2743/2743/2743 2746/2746/2746 2741/2741/2741
f 2744/2744/2744 2741/2741/2741 2746/2746/2746
f 2746/2746/2746 2743/2743/2743 2747/2747/2747
f 2747/2747/2747 2748/2748/2748 2746/2746/2746
f 2745/2745/2745 2744/2744/2744 2749/2749/2749
f 2746/2746/2746 2749/2749/2749 2744/2744/2744
f 2749/2749/2749 2746/2746/2746 2748/2748/2748
f 2749/2749/2749 2750/2750/2750 2745/2745/2745
f 2750/2750/2750 2749/2749/2749 2748/2748/2748
f 2753/2753/2753 2752/2752/2752 2751/2751/2751
f 2753/2753/2753 2751/2751/2751 2754/2754/2754
f 2753/2753/2753 2755/2755/2755 2752/2752/2752
f 2753/2753/2753 2754/2754/2754 2756/2756/2756
f 2753/2753/2753 2757/2757/2757 2755/2755/2755
f 2753/2753/2753 2756/2756/2756 2757/2757/2757
