mtllib SM_Mustard_01_LOD1.mtl
g SM_Mustard_01_LOD1
#Vertices 556
#Indices 1959
#Section 0 Offset 0 NumIndices 1959 MaterialIndex 0 MI_Small_Props_01
v -0.006978 0.185291 -0.019562
v -0.007692 0.194572 -0.020257
v -0.007961 0.184839 -0.020802
v -0.002924 0.185291 -0.020561
v -0.002629 0.184839 -0.022116
v -0.002615 0.194572 -0.021508
v -0.015280 0.185291 -0.014076
v -0.016236 0.194572 -0.014359
v -0.016728 0.184839 -0.014717
v -0.012155 0.185291 -0.016844
v -0.012617 0.184839 -0.018358
v -0.012322 0.194572 -0.017827
v -0.019206 0.194572 -0.010056
v -0.018602 0.185291 -0.009263
v -0.019715 0.184839 -0.010389
v -0.020083 0.185291 -0.005359
v -0.021662 0.184839 -0.005254
v -0.021061 0.194572 -0.005167
v -0.021691 0.194572 0.000024
v -0.020788 0.185291 0.000445
v -0.022296 0.184839 -0.000034
v -0.020284 0.185291 0.004590
v -0.021634 0.184839 0.005417
v -0.021061 0.194572 0.005215
v -0.019206 0.194572 0.010105
v -0.018211 0.185291 0.010058
v -0.019770 0.184839 0.010334
v -0.015839 0.185291 0.013494
v -0.016650 0.184839 0.014853
v -0.016236 0.194572 0.014408
v -0.012322 0.194572 0.017876
v -0.011462 0.185291 0.017371
v -0.012714 0.184839 0.018340
v -0.007765 0.185291 0.019312
v -0.007851 0.184839 0.020892
v -0.007692 0.194572 0.020306
v 0.002088 0.185291 0.020711
v 0.002543 0.194370 0.021597
v 0.002746 0.184839 0.022151
v -0.002088 0.185291 0.020711
v -0.002746 0.184839 0.022151
v -0.002615 0.194572 0.021557
v 0.007692 0.194572 0.020306
v 0.007765 0.185291 0.019312
v 0.007851 0.184839 0.020892
v 0.011462 0.185291 0.017371
v 0.012714 0.184839 0.018340
v 0.012322 0.194572 0.017876
v 0.016236 0.194572 0.014408
v 0.015839 0.185291 0.013494
v 0.016650 0.184839 0.014853
v 0.018211 0.185291 0.010058
v 0.019770 0.184839 0.010334
v 0.019206 0.194572 0.010105
v 0.020788 0.185291 0.000445
v 0.021691 0.194572 0.000024
v 0.022296 0.184839 -0.000034
v 0.020284 0.185291 0.004590
v 0.021634 0.184839 0.005417
v 0.021061 0.194572 0.005215
v 0.021061 0.194572 -0.005167
v 0.020083 0.185291 -0.005359
v 0.021662 0.184839 -0.005254
v 0.018602 0.185291 -0.009263
v 0.019715 0.184839 -0.010389
v 0.019206 0.194572 -0.010056
v 0.012155 0.185291 -0.016844
v 0.012356 0.194687 -0.017817
v 0.012617 0.184839 -0.018358
v 0.015280 0.185291 -0.014076
v 0.016728 0.184839 -0.014717
v 0.016236 0.194572 -0.014359
v 0.007614 0.194311 -0.020405
v 0.006978 0.185291 -0.019562
v 0.007961 0.184839 -0.020802
v 0.002924 0.185291 -0.020561
v 0.002629 0.184839 -0.022116
v 0.002615 0.194572 -0.021508
v 0.000000 0.205961 0.001363
v 0.000000 0.197726 0.004729
v -0.000622 0.205961 0.001210
v -0.002186 0.197726 0.004190
v -0.001102 0.205961 0.000785
v -0.003872 0.197726 0.002697
v -0.004670 0.197726 0.000591
v -0.001322 0.205926 -0.000342
v -0.004399 0.197726 -0.001644
v -0.000888 0.205961 -0.000978
v -0.003120 0.197726 -0.003497
v -0.001126 0.197726 -0.004544
v 0.000203 0.205927 -0.001332
v 0.001126 0.197726 -0.004544
v 0.000888 0.205961 -0.000978
v 0.003120 0.197726 -0.003497
v 0.004399 0.197726 -0.001644
v 0.001321 0.205924 -0.000347
v 0.004670 0.197726 0.000591
v 0.001102 0.205961 0.000785
v 0.003872 0.197726 0.002697
v 0.002186 0.197726 0.004190
v 0.000622 0.205961 0.001210
v 0.000000 0.197726 0.004729
v 0.000000 0.205961 0.001363
v -0.018550 0.182186 -0.009711
v -0.021763 0.182554 -0.005340
v -0.020340 0.182186 -0.004989
v -0.019846 0.182554 -0.010392
v -0.015681 0.182186 -0.013868
v -0.016777 0.182554 -0.014839
v -0.009806 0.182185 -0.018657
v -0.012733 0.182554 -0.018422
v -0.007948 0.182554 -0.020933
v -0.002525 0.182186 -0.020772
v -0.002702 0.182554 -0.022226
v 0.002702 0.182554 -0.022226
v 0.005048 0.182200 -0.020458
v 0.007948 0.182554 -0.020933
v 0.011901 0.182186 -0.017217
v 0.012733 0.182554 -0.018422
v 0.016777 0.182554 -0.014839
v 0.015681 0.182186 -0.013868
v 0.018550 0.182186 -0.009711
v 0.019847 0.182554 -0.010392
v 0.021763 0.182554 -0.005340
v 0.020941 0.182200 -0.002519
v 0.022414 0.182554 0.000024
v 0.020341 0.182186 0.005038
v 0.021763 0.182554 0.005388
v 0.019847 0.182554 0.010441
v 0.017361 0.182200 0.012008
v 0.016777 0.182554 0.014888
v 0.011901 0.182186 0.017265
v 0.012733 0.182554 0.018471
v 0.007429 0.182186 0.019612
v 0.007948 0.182554 0.020982
v 0.000001 0.182185 0.021123
v 0.002702 0.182554 0.022275
v -0.002702 0.182554 0.022275
v -0.007429 0.182186 0.019612
v -0.007948 0.182554 0.020982
v -0.012733 0.182554 0.018471
v -0.013989 0.182200 0.015814
v -0.016777 0.182554 0.014887
v -0.018550 0.182186 0.009760
v -0.019846 0.182554 0.010441
v -0.021763 0.182554 0.005388
v -0.020945 0.182185 0.002566
v -0.022414 0.182554 0.000024
v -0.021763 0.182554 -0.005340
v -0.020340 0.182186 -0.004989
v -0.000409 0.202201 -0.000754
v -0.000583 0.202201 0.000683
v -0.000873 0.202201 -0.000082
v 0.000210 0.202201 0.000878
v 0.000627 0.201993 -0.000652
v 0.000822 0.202201 0.000336
v -0.001036 0.205829 -0.000120
v -0.000229 0.205961 -0.000906
v -0.000409 0.202201 -0.000754
v -0.000873 0.202201 -0.000082
v -0.000583 0.202201 0.000683
v -0.000327 0.205866 0.000968
v 0.000210 0.202201 0.000878
v 0.000621 0.205918 0.000760
v 0.000822 0.202201 0.000336
v 0.000986 0.205919 -0.000070
v 0.000627 0.201993 -0.000652
v 0.000540 0.205899 -0.000794
v -0.000229 0.205961 -0.000906
v -0.000409 0.202201 -0.000754
v 0.012617 0.184839 -0.018358
v 0.007948 0.182554 -0.020933
v 0.012733 0.182554 -0.018422
v 0.007961 0.184839 -0.020802
v 0.012356 0.194687 -0.017817
v 0.002702 0.182554 -0.022226
v 0.007614 0.194311 -0.020405
v 0.002629 0.184839 -0.022116
v 0.012047 0.196111 -0.017426
v 0.007520 0.196111 -0.019801
v 0.002557 0.196111 -0.021025
v -0.002629 0.184839 -0.022116
v -0.002702 0.182554 -0.022226
v 0.002615 0.194572 -0.021508
v -0.007961 0.184839 -0.020802
v -0.007948 0.182554 -0.020933
v -0.002615 0.194572 -0.021508
v -0.012617 0.184839 -0.018358
v -0.012733 0.182554 -0.018422
v -0.012322 0.194572 -0.017827
v -0.016728 0.184839 -0.014717
v -0.016777 0.182554 -0.014839
v -0.019846 0.182554 -0.010392
v -0.007692 0.194572 -0.020257
v -0.019715 0.184839 -0.010389
v -0.021763 0.182554 -0.005340
v -0.016236 0.194572 -0.014359
v -0.021662 0.184839 -0.005254
v -0.022414 0.182554 0.000024
v -0.019206 0.194572 -0.010056
v -0.022296 0.184839 -0.000034
v -0.021061 0.194572 -0.005167
v -0.021634 0.184839 0.005417
v -0.021763 0.182554 0.005388
v -0.021691 0.194572 0.000024
v -0.019770 0.184839 0.010334
v -0.019846 0.182554 0.010441
v -0.019206 0.194572 0.010105
v -0.016650 0.184839 0.014853
v -0.016777 0.182554 0.014887
v -0.012733 0.182554 0.018471
v -0.021061 0.194572 0.005215
v -0.012714 0.184839 0.018340
v -0.007948 0.182554 0.020982
v -0.016236 0.194572 0.014408
v -0.007851 0.184839 0.020892
v -0.002702 0.182554 0.022275
v -0.012322 0.194572 0.017876
v -0.002746 0.184839 0.022151
v -0.007692 0.194572 0.020306
v 0.002746 0.184839 0.022151
v 0.002702 0.182554 0.022275
v -0.002615 0.194572 0.021557
v 0.007851 0.184839 0.020892
v 0.007948 0.182554 0.020982
v 0.007692 0.194572 0.020306
v 0.012714 0.184839 0.018340
v 0.012733 0.182554 0.018471
v 0.002543 0.194370 0.021597
v 0.016650 0.184839 0.014853
v 0.016777 0.182554 0.014888
v 0.019847 0.182554 0.010441
v 0.016236 0.194572 0.014408
v 0.019770 0.184839 0.010334
v 0.012322 0.194572 0.017876
v 0.021763 0.182554 0.005388
v 0.021634 0.184839 0.005417
v 0.022414 0.182554 0.000024
v 0.019206 0.194572 0.010105
v 0.022296 0.184839 -0.000034
v 0.021061 0.194572 0.005215
v 0.021662 0.184839 -0.005254
v 0.021763 0.182554 -0.005340
v 0.021061 0.194572 -0.005167
v 0.019715 0.184839 -0.010389
v 0.021691 0.194572 0.000024
v 0.019847 0.182554 -0.010392
v 0.020284 0.185291 0.004590
v 0.020788 0.185291 0.000445
v 0.016728 0.184839 -0.014717
v 0.016777 0.182554 -0.014839
v 0.012733 0.182554 -0.018422
v 0.012617 0.184839 -0.018358
v 0.016236 0.194572 -0.014359
v 0.019206 0.194572 -0.010056
v 0.018602 0.185291 -0.009263
v 0.020083 0.185291 -0.005359
v 0.018528 0.195980 -0.010571
v 0.012356 0.194687 -0.017817
v 0.015280 0.185291 -0.014076
v 0.012155 0.185291 -0.016844
v 0.015873 0.196111 -0.014036
v 0.012047 0.196111 -0.017426
v 0.022203 0.195223 0.000748
v 0.020588 0.196111 -0.005049
v 0.021204 0.196111 0.000026
v 0.020588 0.196111 0.005100
v 0.018775 0.196111 0.009880
v 0.017949 0.195105 0.012418
v 0.015871 0.196111 0.014086
v 0.015839 0.185291 0.013494
v 0.018211 0.185291 0.010058
v 0.010614 0.195109 0.019139
v 0.012044 0.196111 0.017476
v 0.007518 0.196111 0.019851
v 0.011462 0.185291 0.017371
v 0.007765 0.185291 0.019312
v 0.000223 0.196038 0.021419
v -0.008398 0.196229 0.019861
v -0.002088 0.185291 0.020711
v 0.002088 0.185291 0.020711
v -0.011462 0.185291 0.017371
v -0.007765 0.185291 0.019312
v -0.017955 0.195105 0.012409
v -0.014642 0.196024 0.015415
v -0.018776 0.196111 0.009877
v -0.015839 0.185291 0.013494
v -0.018211 0.185291 0.010058
v -0.021866 0.195090 0.002017
v -0.020588 0.196111 0.005097
v -0.021204 0.196111 0.000023
v -0.020588 0.196111 -0.005052
v -0.020284 0.185291 0.004590
v -0.020788 0.185291 0.000445
v -0.020178 0.195121 -0.008311
v -0.018775 0.196111 -0.009831
v -0.015871 0.196111 -0.014038
v -0.018602 0.185291 -0.009263
v -0.020083 0.185291 -0.005359
v -0.014458 0.195106 -0.016308
v -0.012044 0.196111 -0.017427
v -0.015280 0.185291 -0.014076
v -0.012155 0.185291 -0.016844
v -0.004639 0.195089 -0.021435
v -0.007518 0.196111 -0.019803
v -0.002554 0.196111 -0.021026
v -0.006978 0.185291 -0.019562
v -0.002924 0.185291 -0.020561
v 0.006978 0.185291 -0.019562
v 0.002924 0.185291 -0.020561
v -0.034721 0.175359 0.024157
v -0.031807 0.180453 0.026250
v -0.032831 0.175413 0.027276
v -0.032831 0.006638 0.027276
v -0.033041 0.180610 0.023559
v -0.034717 0.006690 0.024165
v -0.031852 0.001818 0.026297
v -0.033111 0.001659 0.023584
v -0.034898 0.178444 0.019745
v -0.033599 0.180610 0.019652
v -0.033599 0.180610 -0.020101
v -0.035331 0.175413 0.019776
v -0.034898 0.178444 -0.020194
v -0.033041 0.180610 -0.024008
v -0.035331 0.006638 0.019776
v -0.034719 0.175364 -0.024613
v -0.035331 0.175413 -0.020224
v -0.031569 0.180610 -0.026462
v -0.035331 0.006638 -0.020224
v -0.034916 0.003734 0.019746
v -0.033672 0.001659 0.019658
v -0.034916 0.003734 -0.020195
v -0.033672 0.001659 -0.020106
v -0.033111 0.001659 -0.024033
v -0.034720 0.006684 -0.024606
v -0.031622 0.001659 -0.026515
v -0.032835 0.175374 -0.027737
v -0.032843 0.006676 -0.027728
v -0.029713 0.175365 -0.029615
v -0.029115 0.180610 -0.027934
v -0.029719 0.006685 -0.029611
v -0.029140 0.001659 -0.028004
v -0.025300 0.178444 -0.029791
v -0.025208 0.180610 -0.028492
v 0.024546 0.180610 -0.028492
v -0.025331 0.175413 -0.030224
v 0.024638 0.178444 -0.029791
v 0.028452 0.180610 -0.027934
v -0.025331 0.006638 -0.030224
v 0.029057 0.175364 -0.029612
v 0.024669 0.175413 -0.030224
v 0.030906 0.180610 -0.026462
v 0.024669 0.006638 -0.030224
v -0.025302 0.003734 -0.029810
v -0.025213 0.001659 -0.028565
v 0.024639 0.003734 -0.029810
v 0.024551 0.001659 -0.028565
v 0.028477 0.001659 -0.028004
v 0.029050 0.006684 -0.029613
v 0.030959 0.001659 -0.026515
v 0.032182 0.175374 -0.027729
v 0.032172 0.006676 -0.027737
v 0.034059 0.175365 -0.024606
v 0.032378 0.180610 -0.024008
v 0.034055 0.006685 -0.024612
v 0.032448 0.001659 -0.024033
v 0.034236 0.178444 -0.020194
v 0.032937 0.180610 -0.020101
v 0.032937 0.180610 0.019652
v 0.034669 0.175413 -0.020224
v 0.034236 0.178444 0.019745
v 0.032378 0.180610 0.023559
v 0.034669 0.006638 -0.020224
v 0.034056 0.175364 0.024164
v 0.034669 0.175413 0.019776
v 0.030906 0.180610 0.026013
v 0.034669 0.006638 0.019776
v 0.034254 0.003734 -0.020195
v 0.033009 0.001659 -0.020106
v 0.034254 0.003734 0.019746
v 0.033009 0.001659 0.019658
v 0.032448 0.001659 0.023584
v 0.034058 0.006684 0.024157
v 0.030959 0.001659 0.026066
v 0.032173 0.175374 0.027288
v 0.032181 0.006676 0.027279
v 0.029051 0.175365 0.029166
v 0.028452 0.180610 0.027485
v 0.029056 0.006685 0.029162
v 0.028477 0.001659 0.027555
v 0.024638 0.178444 0.029342
v 0.024546 0.180610 0.028043
v -0.025208 0.180610 0.028043
v 0.024669 0.175413 0.029776
v -0.025300 0.178444 0.029342
v -0.029115 0.180610 0.027485
v 0.024669 0.006638 0.029776
v -0.029721 0.175359 0.029162
v -0.031807 0.180453 0.026250
v -0.032831 0.175413 0.027276
v -0.025331 0.175413 0.029776
v -0.025331 0.006638 0.029776
v -0.029712 0.006690 0.029164
v -0.032831 0.006638 0.027276
v -0.031852 0.001818 0.026297
v -0.029140 0.001659 0.027555
v -0.025302 0.003734 0.029361
v -0.025213 0.001659 0.028116
v 0.024551 0.001659 0.028116
v 0.024639 0.003734 0.029361
v 0.000622 0.205961 0.001210
v 0.000621 0.205918 0.000760
v 0.001102 0.205961 0.000785
v 0.000000 0.205961 0.001363
v 0.000986 0.205919 -0.000070
v -0.000327 0.205866 0.000968
v 0.001321 0.205924 -0.000347
v -0.000622 0.205961 0.001210
v 0.000888 0.205961 -0.000978
v -0.001102 0.205961 0.000785
v 0.000540 0.205899 -0.000794
v -0.001036 0.205829 -0.000120
v 0.000203 0.205927 -0.001332
v -0.001322 0.205926 -0.000342
v -0.000229 0.205961 -0.000906
v -0.000888 0.205961 -0.000978
v -0.033111 0.001659 -0.024033
v -0.031327 0.000317 -0.021847
v -0.031622 0.001659 -0.026515
v -0.033672 0.001659 -0.020106
v -0.029140 0.001659 -0.028004
v -0.031195 0.000254 0.021275
v -0.033672 0.001659 0.019658
v -0.033111 0.001659 0.023584
v -0.026836 0.000388 -0.026445
v -0.025213 0.001659 -0.028565
v 0.024551 0.001659 -0.028565
v -0.028597 -0.000006 0.021435
v 0.026269 0.000323 -0.026236
v 0.028477 0.001659 -0.028004
v 0.030959 0.001659 -0.026515
v 0.032448 0.001659 -0.024033
v -0.028618 -0.000004 -0.021882
v -0.024860 -0.000000 -0.023587
v 0.030875 0.000382 -0.021761
v 0.033009 0.001659 -0.020106
v 0.033009 0.001659 0.019658
v 0.026331 -0.000008 -0.023469
v -0.024860 0.000000 0.023138
v 0.028031 -0.000000 -0.019753
v 0.024197 0.000000 0.023138
v -0.027037 0.000388 0.026052
v -0.031852 0.001818 0.026297
v -0.029140 0.001659 0.027555
v -0.025213 0.001659 0.028116
v 0.026173 0.000380 0.025976
v 0.024551 0.001659 0.028116
v 0.028477 0.001659 0.027555
v 0.027889 -0.000009 0.021464
v 0.030634 0.000306 0.021401
v 0.030959 0.001659 0.026066
v 0.032448 0.001659 0.023584
v 0.016082 0.196441 0.012493
v 0.018775 0.196111 0.009880
v 0.015871 0.196111 0.014086
v 0.020588 0.196111 0.005100
v 0.012044 0.196111 0.017476
v 0.019995 0.196439 0.002049
v 0.021204 0.196111 0.000026
v 0.020588 0.196111 -0.005049
v 0.005782 0.196440 0.019324
v 0.007518 0.196111 0.019851
v 0.000223 0.196038 0.021419
v 0.018792 0.196439 -0.007367
v 0.018528 0.195980 -0.010571
v 0.015873 0.196111 -0.014036
v 0.008447 0.196446 -0.001824
v 0.012401 0.196439 -0.015823
v 0.012047 0.196111 -0.017426
v 0.007520 0.196111 -0.019801
v 0.005619 0.196439 -0.006318
v 0.003775 0.196439 -0.019717
v 0.002557 0.196111 -0.021025
v -0.002554 0.196111 -0.021026
v 0.000873 0.196443 -0.008561
v -0.005791 0.196439 -0.019283
v -0.007518 0.196111 -0.019803
v -0.012044 0.196111 -0.017427
v 0.001126 0.197726 -0.004544
v 0.003120 0.197726 -0.003497
v -0.001126 0.197726 -0.004544
v 0.004399 0.197726 -0.001644
v 0.004670 0.197726 0.000591
v -0.005619 0.196439 -0.006318
v -0.003120 0.197726 -0.003497
v 0.006490 0.196445 0.005732
v 0.003872 0.197726 0.002697
v 0.002186 0.197726 0.004190
v 0.000000 0.196439 0.008498
v 0.000000 0.197726 0.004729
v -0.002186 0.197726 0.004190
v -0.003778 0.196439 0.019753
v -0.008398 0.196229 0.019861
v -0.003938 0.196439 0.007528
v -0.003872 0.197726 0.002697
v -0.014125 0.196441 0.014653
v -0.014642 0.196024 0.015415
v -0.018776 0.196111 0.009877
v -0.008331 0.196442 0.002287
v -0.004670 0.197726 0.000591
v -0.019794 0.196439 0.003620
v -0.020588 0.196111 0.005097
v -0.021204 0.196111 0.000023
v -0.019181 0.196439 -0.006174
v -0.020588 0.196111 -0.005052
v -0.018775 0.196111 -0.009831
v -0.007923 0.196439 -0.002981
v -0.004399 0.197726 -0.001644
v -0.014102 0.196439 -0.014297
v -0.015871 0.196111 -0.014038
v -0.029115 0.180610 -0.027934
v -0.026931 0.181935 -0.026339
v -0.031569 0.180610 -0.026462
v -0.025208 0.180610 -0.028492
v -0.033041 0.180610 -0.024008
v 0.026103 0.182058 -0.025957
v 0.024546 0.180610 -0.028492
v 0.028452 0.180610 -0.027934
v -0.031002 0.182081 -0.021688
v -0.033599 0.180610 -0.020101
v -0.033599 0.180610 0.019652
v 0.030785 0.181940 -0.021855
v 0.030906 0.180610 -0.026462
v 0.032378 0.180610 -0.024008
v 0.032937 0.180610 -0.020101
v -0.031448 0.181940 0.021406
v -0.033041 0.180610 0.023559
v -0.031807 0.180453 0.026250
v -0.029115 0.180610 0.027485
v -0.028304 0.182349 -0.021724
v -0.026766 0.182058 0.025508
v -0.025208 0.180610 0.028043
v 0.024546 0.180610 0.028043
v -0.028402 0.182342 0.019283
v 0.026269 0.181935 0.025890
v 0.028452 0.180610 0.027485
v -0.026811 0.182348 0.022766
v 0.030906 0.180610 0.026013
v 0.032378 0.180610 0.023559
v 0.024176 0.182342 0.022847
v -0.024839 0.182342 -0.023295
v 0.027642 0.182349 0.021275
v 0.026149 0.182348 -0.023215
v 0.027740 0.182342 -0.019732
v 0.030340 0.182081 0.021239
v 0.032937 0.180610 0.019652
vt 0.778809 0.457031
vt 0.775391 0.452637
vt 0.779297 0.456543
vt 0.778809 0.459473
vt 0.779297 0.459961
vt 0.775391 0.463867
vt 0.729980 0.907654
vt 0.734375 0.904541
vt 0.729980 0.908569
vt 0.727051 0.907654
vt 0.727051 0.908569
vt 0.722656 0.904541
vt 0.499023 0.518311
vt 0.503418 0.521484
vt 0.502930 0.522217
vt 0.505859 0.521240
vt 0.506348 0.522217
vt 0.510254 0.518311
vt 0.485840 0.658691
vt 0.490234 0.661865
vt 0.489990 0.662842
vt 0.492676 0.661865
vt 0.493164 0.662842
vt 0.497314 0.658691
vt 0.244385 0.123047
vt 0.248901 0.126465
vt 0.248535 0.126953
vt 0.251221 0.126465
vt 0.251709 0.126953
vt 0.255859 0.123047
vt 0.783691 0.676270
vt 0.780762 0.680908
vt 0.779785 0.680420
vt 0.780762 0.683350
vt 0.779785 0.683594
vt 0.783691 0.687744
vt 0.543457 0.722900
vt 0.546875 0.727295
vt 0.542969 0.723145
vt 0.543457 0.720215
vt 0.542969 0.719971
vt 0.546875 0.715820
vt 0.546875 0.685059
vt 0.543457 0.689697
vt 0.542969 0.689209
vt 0.543457 0.692139
vt 0.542969 0.692383
vt 0.546875 0.696533
vt 0.751953 0.816406
vt 0.747070 0.813232
vt 0.747559 0.812378
vt 0.744629 0.813232
vt 0.744629 0.812378
vt 0.740234 0.816406
vt 0.573730 0.865967
vt 0.568848 0.869019
vt 0.573242 0.864990
vt 0.576172 0.865967
vt 0.576660 0.864990
vt 0.580566 0.869019
vt 0.326172 0.307129
vt 0.321533 0.304199
vt 0.322021 0.303223
vt 0.319092 0.304199
vt 0.318604 0.303223
vt 0.314453 0.307129
vt 0.936523 0.259277
vt 0.933594 0.254883
vt 0.937500 0.259277
vt 0.936523 0.261719
vt 0.937500 0.262207
vt 0.933594 0.266602
vt 0.718750 0.257812
vt 0.721680 0.252930
vt 0.722168 0.253418
vt 0.721680 0.250488
vt 0.722168 0.250488
vt 0.718262 0.246094
vt 0.744141 0.704346
vt 0.740234 0.700928
vt 0.744629 0.704102
vt 0.741211 0.700195
vt 0.745117 0.703857
vt 0.742188 0.699463
vt 0.743652 0.698975
vt 0.746094 0.703613
vt 0.744629 0.698486
vt 0.746582 0.703613
vt 0.745605 0.698242
vt 0.747070 0.698242
vt 0.747559 0.703369
vt 0.748047 0.698242
vt 0.748047 0.703613
vt 0.749023 0.698242
vt 0.750000 0.698486
vt 0.749023 0.703613
vt 0.751465 0.698975
vt 0.750000 0.703857
vt 0.752441 0.699463
vt 0.753418 0.700195
vt 0.750000 0.704102
vt 0.754395 0.700928
vt 0.750488 0.704346
vt 0.260742 0.843506
vt 0.257568 0.843872
vt 0.257812 0.843140
vt 0.260498 0.844482
vt 0.263672 0.843628
vt 0.263672 0.844482
vt 0.268311 0.843506
vt 0.266846 0.844482
vt 0.269775 0.844360
vt 0.272949 0.843506
vt 0.272949 0.844360
vt 0.276123 0.844360
vt 0.277588 0.843506
vt 0.279053 0.844360
vt 0.282227 0.843506
vt 0.282227 0.844360
vt 0.285400 0.844360
vt 0.285400 0.843506
vt 0.288574 0.843506
vt 0.288574 0.844360
vt 0.291748 0.844360
vt 0.293213 0.843506
vt 0.294678 0.844360
vt 0.297852 0.843506
vt 0.297852 0.844360
vt 0.301025 0.844360
vt 0.302490 0.843506
vt 0.304199 0.844360
vt 0.307373 0.843506
vt 0.307373 0.844360
vt 0.310547 0.843506
vt 0.310547 0.844360
vt 0.315186 0.843506
vt 0.313477 0.844360
vt 0.316650 0.844360
vt 0.319824 0.843506
vt 0.319824 0.844360
vt 0.322998 0.844360
vt 0.324463 0.843506
vt 0.325928 0.844360
vt 0.329102 0.843628
vt 0.329102 0.844482
vt 0.332275 0.844482
vt 0.333740 0.843628
vt 0.335205 0.844482
vt 0.338379 0.843872
vt 0.338135 0.843140
vt 0.029510 0.825562
vt 0.029419 0.826416
vt 0.029236 0.825928
vt 0.029877 0.826538
vt 0.030121 0.825562
vt 0.030243 0.826172
vt 0.468994 0.156250
vt 0.468262 0.156250
vt 0.468262 0.153809
vt 0.468994 0.153809
vt 0.469482 0.153809
vt 0.469482 0.156250
vt 0.469971 0.153809
vt 0.470215 0.156250
vt 0.470459 0.153809
vt 0.470703 0.156250
vt 0.470947 0.153809
vt 0.471191 0.156250
vt 0.471680 0.156250
vt 0.471680 0.153809
vt 0.360107 0.832397
vt 0.356934 0.830688
vt 0.360107 0.831055
vt 0.356934 0.832153
vt 0.359375 0.838257
vt 0.353760 0.830566
vt 0.356201 0.837769
vt 0.353760 0.831909
vt 0.359131 0.839233
vt 0.356201 0.838867
vt 0.353027 0.838745
vt 0.350586 0.831665
vt 0.350586 0.830322
vt 0.353027 0.837769
vt 0.347412 0.831543
vt 0.347412 0.830078
vt 0.350098 0.837402
vt 0.344238 0.831299
vt 0.344238 0.829956
vt 0.343994 0.837158
vt 0.341064 0.831299
vt 0.341064 0.829956
vt 0.337891 0.829956
vt 0.346924 0.837402
vt 0.337891 0.831299
vt 0.334717 0.829956
vt 0.340820 0.837158
vt 0.334717 0.831299
vt 0.331787 0.829956
vt 0.337891 0.837158
vt 0.331787 0.831299
vt 0.334717 0.837158
vt 0.328613 0.831299
vt 0.328613 0.829956
vt 0.331787 0.837158
vt 0.325684 0.831299
vt 0.325684 0.829956
vt 0.325684 0.837158
vt 0.322510 0.831299
vt 0.322510 0.829956
vt 0.319580 0.829956
vt 0.328613 0.837158
vt 0.319580 0.831299
vt 0.316650 0.829956
vt 0.322510 0.837158
vt 0.316650 0.831299
vt 0.313477 0.829956
vt 0.319580 0.837158
vt 0.313477 0.831299
vt 0.316650 0.837158
vt 0.310547 0.831299
vt 0.310547 0.829956
vt 0.313477 0.837158
vt 0.307373 0.831421
vt 0.307373 0.829956
vt 0.307373 0.837158
vt 0.304443 0.831421
vt 0.304443 0.829956
vt 0.310547 0.837036
vt 0.301270 0.831421
vt 0.301270 0.830078
vt 0.298340 0.830078
vt 0.301270 0.837280
vt 0.298340 0.831421
vt 0.304443 0.837158
vt 0.295166 0.830078
vt 0.295166 0.831421
vt 0.291992 0.830078
vt 0.298340 0.837280
vt 0.291992 0.831421
vt 0.295166 0.837280
vt 0.289062 0.831421
vt 0.289062 0.830078
vt 0.289062 0.837280
vt 0.285889 0.831421
vt 0.292236 0.837280
vt 0.285889 0.830078
vt 0.294922 0.831665
vt 0.292480 0.831665
vt 0.282715 0.831421
vt 0.282715 0.830078
vt 0.279541 0.829956
vt 0.279297 0.831421
vt 0.282715 0.837280
vt 0.285889 0.837280
vt 0.286133 0.831665
vt 0.288818 0.831665
vt 0.285400 0.838013
vt 0.279785 0.837524
vt 0.282227 0.831665
vt 0.279541 0.831787
vt 0.282715 0.838257
vt 0.279785 0.838379
vt 0.292480 0.837646
vt 0.289062 0.838257
vt 0.292236 0.838257
vt 0.295166 0.838257
vt 0.298340 0.838257
vt 0.299805 0.837524
vt 0.301270 0.838257
vt 0.301025 0.831665
vt 0.298584 0.831665
vt 0.305664 0.837524
vt 0.304443 0.838135
vt 0.307373 0.838135
vt 0.304688 0.831665
vt 0.307129 0.831665
vt 0.312012 0.838135
vt 0.317139 0.838013
vt 0.313232 0.831543
vt 0.310791 0.831665
vt 0.319336 0.831543
vt 0.316895 0.831543
vt 0.324219 0.837402
vt 0.321533 0.838135
vt 0.325684 0.838135
vt 0.322998 0.831543
vt 0.325439 0.831543
vt 0.330566 0.837402
vt 0.328613 0.838135
vt 0.331787 0.838135
vt 0.334717 0.838135
vt 0.328857 0.831543
vt 0.331543 0.831543
vt 0.336670 0.837402
vt 0.337891 0.838135
vt 0.340820 0.838135
vt 0.337646 0.831543
vt 0.334961 0.831543
vt 0.342285 0.837402
vt 0.343994 0.838135
vt 0.341064 0.831543
vt 0.343750 0.831543
vt 0.348877 0.837769
vt 0.346924 0.838379
vt 0.350098 0.838379
vt 0.347412 0.831787
vt 0.349854 0.831909
vt 0.356201 0.832275
vt 0.353760 0.832153
vt 0.500977 0.221680
vt 0.499512 0.225098
vt 0.499023 0.221680
vt 0.499023 0.122070
vt 0.500977 0.225098
vt 0.500977 0.122070
vt 0.499512 0.119141
vt 0.500977 0.119141
vt 0.503418 0.223633
vt 0.503418 0.225098
vt 0.527344 0.225098
vt 0.503418 0.221680
vt 0.527344 0.223633
vt 0.529785 0.225098
vt 0.503418 0.122070
vt 0.529785 0.221680
vt 0.526855 0.221680
vt 0.531738 0.225098
vt 0.526855 0.122070
vt 0.503418 0.120117
vt 0.503418 0.119141
vt 0.526855 0.120117
vt 0.527344 0.119141
vt 0.529785 0.119141
vt 0.529785 0.122070
vt 0.531738 0.119141
vt 0.531738 0.221680
vt 0.531738 0.122070
vt 0.533691 0.221680
vt 0.533691 0.225098
vt 0.533691 0.122070
vt 0.533691 0.119141
vt 0.536133 0.223633
vt 0.536133 0.225098
vt 0.565430 0.225098
vt 0.536133 0.221680
vt 0.565430 0.223633
vt 0.567871 0.225098
vt 0.536133 0.122070
vt 0.567871 0.221680
vt 0.565430 0.221680
vt 0.569824 0.225098
vt 0.565430 0.122070
vt 0.536133 0.120117
vt 0.536133 0.118652
vt 0.565430 0.120117
vt 0.565430 0.118652
vt 0.567871 0.119141
vt 0.567871 0.122070
vt 0.569824 0.119141
vt 0.569824 0.221680
vt 0.569824 0.122070
vt 0.572266 0.221680
vt 0.571777 0.225098
vt 0.572266 0.122070
vt 0.571777 0.119141
vt 0.574707 0.223633
vt 0.574707 0.225098
vt 0.598145 0.225098
vt 0.574707 0.221680
vt 0.598145 0.223633
vt 0.600586 0.225098
vt 0.574707 0.122070
vt 0.600586 0.221680
vt 0.598145 0.221680
vt 0.602539 0.225098
vt 0.598145 0.122070
vt 0.574707 0.120117
vt 0.574707 0.119141
vt 0.598145 0.120117
vt 0.598145 0.119141
vt 0.600586 0.119141
vt 0.600586 0.122070
vt 0.602539 0.119141
vt 0.602539 0.221680
vt 0.602539 0.122070
vt 0.604492 0.221680
vt 0.604492 0.225098
vt 0.604492 0.122070
vt 0.604492 0.119141
vt 0.606934 0.223633
vt 0.606934 0.225098
vt 0.636230 0.225098
vt 0.606934 0.221680
vt 0.636719 0.223633
vt 0.638672 0.225098
vt 0.606934 0.122070
vt 0.639160 0.221680
vt 0.640625 0.225098
vt 0.641113 0.221680
vt 0.636719 0.221680
vt 0.636719 0.122070
vt 0.639160 0.122070
vt 0.641113 0.122070
vt 0.640625 0.119141
vt 0.639160 0.119141
vt 0.636719 0.120117
vt 0.636719 0.119141
vt 0.606934 0.118652
vt 0.606934 0.120117
vt 0.477051 0.361328
vt 0.477295 0.361328
vt 0.477295 0.361816
vt 0.477051 0.360840
vt 0.477783 0.361816
vt 0.477295 0.360840
vt 0.478027 0.361816
vt 0.477051 0.360840
vt 0.478271 0.361816
vt 0.477295 0.360352
vt 0.478271 0.361328
vt 0.477783 0.360352
vt 0.478516 0.361328
vt 0.478027 0.360352
vt 0.478271 0.360840
vt 0.478271 0.360352
vt 0.718262 0.652832
vt 0.716797 0.654053
vt 0.717285 0.651367
vt 0.718750 0.655029
vt 0.715820 0.650391
vt 0.716797 0.679443
vt 0.718750 0.678711
vt 0.718262 0.680908
vt 0.714355 0.651367
vt 0.713379 0.649902
vt 0.684082 0.649902
vt 0.715332 0.679688
vt 0.683105 0.651611
vt 0.681641 0.650391
vt 0.680176 0.651367
vt 0.679199 0.652832
vt 0.715332 0.654053
vt 0.713379 0.653076
vt 0.680176 0.654053
vt 0.678711 0.655029
vt 0.678711 0.678711
vt 0.683105 0.653076
vt 0.713379 0.680664
vt 0.682129 0.655273
vt 0.684082 0.680664
vt 0.714355 0.682373
vt 0.717285 0.682617
vt 0.715820 0.683350
vt 0.713379 0.683838
vt 0.683105 0.682373
vt 0.684082 0.683838
vt 0.681641 0.683350
vt 0.682129 0.679688
vt 0.680664 0.679688
vt 0.680176 0.682373
vt 0.679199 0.680908
vt 0.687500 0.202637
vt 0.685059 0.202148
vt 0.687988 0.202148
vt 0.682129 0.203125
vt 0.690918 0.202637
vt 0.681152 0.204590
vt 0.679688 0.204590
vt 0.677246 0.206543
vt 0.694336 0.205078
vt 0.693848 0.204102
vt 0.697266 0.207031
vt 0.676758 0.208496
vt 0.675293 0.209473
vt 0.674805 0.212402
vt 0.683105 0.211426
vt 0.675293 0.214355
vt 0.674316 0.215332
vt 0.674805 0.218262
vt 0.682129 0.214355
vt 0.676270 0.220215
vt 0.676270 0.221191
vt 0.677734 0.223633
vt 0.682617 0.217285
vt 0.680176 0.224609
vt 0.680176 0.225586
vt 0.683105 0.226562
vt 0.684570 0.215820
vt 0.684082 0.214355
vt 0.685547 0.216797
vt 0.684570 0.213379
vt 0.685547 0.212402
vt 0.686035 0.219727
vt 0.686523 0.217285
vt 0.687500 0.209473
vt 0.687012 0.211914
vt 0.688477 0.212402
vt 0.690918 0.211914
vt 0.689453 0.212891
vt 0.689941 0.214355
vt 0.697754 0.209473
vt 0.699707 0.211914
vt 0.691895 0.213867
vt 0.689453 0.215820
vt 0.699219 0.216309
vt 0.699707 0.216309
vt 0.698242 0.220215
vt 0.690918 0.217773
vt 0.688965 0.216797
vt 0.695801 0.222656
vt 0.696777 0.222656
vt 0.694824 0.225098
vt 0.690918 0.226074
vt 0.691895 0.226562
vt 0.688965 0.227051
vt 0.688477 0.219727
vt 0.687988 0.217285
vt 0.685059 0.226562
vt 0.686035 0.227539
vt 0.681641 0.602051
vt 0.683105 0.603027
vt 0.680176 0.603027
vt 0.684082 0.601562
vt 0.679199 0.604492
vt 0.714355 0.603271
vt 0.713379 0.601562
vt 0.715820 0.602051
vt 0.680664 0.605957
vt 0.678711 0.606689
vt 0.678711 0.630371
vt 0.716797 0.605713
vt 0.717285 0.603027
vt 0.718262 0.604492
vt 0.718262 0.606689
vt 0.680176 0.631348
vt 0.679199 0.632568
vt 0.680176 0.634277
vt 0.681641 0.635010
vt 0.682129 0.605957
vt 0.683105 0.633789
vt 0.684082 0.635498
vt 0.713379 0.635498
vt 0.682129 0.630127
vt 0.714355 0.634033
vt 0.715820 0.635010
vt 0.683105 0.632080
vt 0.717285 0.634033
vt 0.718262 0.632568
vt 0.712891 0.632080
vt 0.684082 0.604980
vt 0.715332 0.631104
vt 0.714355 0.604980
vt 0.715332 0.606934
vt 0.716797 0.631104
vt 0.718262 0.630371
vt1 0.848145 0.471191
vt1 0.831055 0.482910
vt1 0.846680 0.467773
vt1 0.857422 0.471191
vt1 0.858887 0.467773
vt1 0.874512 0.482910
vt1 0.756348 0.476074
vt1 0.773438 0.464355
vt1 0.758301 0.479492
vt1 0.747559 0.476074
vt1 0.746094 0.479492
vt1 0.730469 0.464355
vt1 0.871582 0.327148
vt1 0.859863 0.344238
vt1 0.856445 0.342773
vt1 0.859863 0.353516
vt1 0.856445 0.354980
vt1 0.871582 0.370605
vt1 0.607910 0.789062
vt1 0.590820 0.777222
vt1 0.592285 0.773926
vt1 0.581543 0.777222
vt1 0.580078 0.773926
vt1 0.564453 0.789062
vt1 0.651367 0.510986
vt1 0.640137 0.528076
vt1 0.636719 0.526611
vt1 0.640137 0.537354
vt1 0.636719 0.538818
vt1 0.651367 0.554443
vt1 0.759277 0.773926
vt1 0.776367 0.785767
vt1 0.774902 0.789062
vt1 0.785645 0.785767
vt1 0.787109 0.789062
vt1 0.802246 0.773926
vt1 0.863281 0.767700
vt1 0.875000 0.784302
vt1 0.859863 0.769165
vt1 0.863281 0.758423
vt1 0.859863 0.756958
vt1 0.875000 0.741455
vt1 0.875000 0.590088
vt1 0.863281 0.607178
vt1 0.859863 0.605713
vt1 0.863281 0.616455
vt1 0.859863 0.617920
vt1 0.875000 0.633301
vt1 0.802246 0.558594
vt1 0.785645 0.546631
vt1 0.787109 0.543457
vt1 0.776367 0.546631
vt1 0.774902 0.543457
vt1 0.759277 0.558594
vt1 0.776367 0.654785
vt1 0.759277 0.666504
vt1 0.774902 0.651367
vt1 0.785645 0.654785
vt1 0.787109 0.651367
vt1 0.802246 0.666504
vt1 0.636719 0.695068
vt1 0.648438 0.677979
vt1 0.651367 0.679443
vt1 0.648438 0.668701
vt1 0.651367 0.667236
vt1 0.636719 0.651367
vt1 0.572754 0.668701
vt1 0.561035 0.651367
vt1 0.575684 0.667236
vt1 0.572754 0.677979
vt1 0.575684 0.679443
vt1 0.561035 0.695068
vt1 0.575195 0.511230
vt1 0.564453 0.528076
vt1 0.561035 0.526611
vt1 0.564453 0.537354
vt1 0.561035 0.538818
vt1 0.575684 0.554443
vt1 0.759766 0.357422
vt1 0.744629 0.344727
vt1 0.761230 0.356445
vt1 0.748047 0.341309
vt1 0.762207 0.355957
vt1 0.752441 0.338867
vt1 0.756348 0.336914
vt1 0.765625 0.354492
vt1 0.760742 0.335449
vt1 0.768066 0.354492
vt1 0.765137 0.334961
vt1 0.769043 0.334473
vt1 0.771973 0.354004
vt1 0.773438 0.334473
vt1 0.774414 0.354492
vt1 0.777832 0.334961
vt1 0.782227 0.335449
vt1 0.776855 0.354492
vt1 0.786133 0.336914
vt1 0.780273 0.355957
vt1 0.790527 0.338867
vt1 0.794434 0.341309
vt1 0.781738 0.356445
vt1 0.797852 0.344727
vt1 0.782715 0.357422
vt1 0.566406 0.112305
vt1 0.562012 0.100098
vt1 0.571777 0.101074
vt1 0.556152 0.111816
vt1 0.565430 0.123535
vt1 0.555664 0.123535
vt1 0.566406 0.141113
vt1 0.556152 0.135254
vt1 0.556641 0.146973
vt1 0.566895 0.158203
vt1 0.556641 0.158203
vt1 0.556641 0.169922
vt1 0.566406 0.176270
vt1 0.556641 0.181641
vt1 0.566895 0.193359
vt1 0.556641 0.193359
vt1 0.556641 0.205078
vt1 0.566895 0.205078
vt1 0.566895 0.217285
vt1 0.556641 0.217285
vt1 0.556641 0.229004
vt1 0.566406 0.234375
vt1 0.556641 0.240723
vt1 0.566895 0.252441
vt1 0.556641 0.252441
vt1 0.556641 0.264160
vt1 0.566406 0.270020
vt1 0.556641 0.275879
vt1 0.566895 0.287598
vt1 0.556641 0.287598
vt1 0.566895 0.299316
vt1 0.556641 0.299316
vt1 0.566895 0.316895
vt1 0.556641 0.311035
vt1 0.556641 0.322754
vt1 0.566895 0.334473
vt1 0.556641 0.334473
vt1 0.556641 0.346191
vt1 0.566406 0.352051
vt1 0.556641 0.357910
vt1 0.566406 0.369629
vt1 0.556152 0.369629
vt1 0.555664 0.381348
vt1 0.564941 0.386719
vt1 0.556152 0.392578
vt1 0.562012 0.404297
vt1 0.571777 0.403320
vt1 0.899902 0.844849
vt1 0.897949 0.842407
vt1 0.899414 0.843140
vt1 0.895996 0.843384
vt1 0.897949 0.846313
vt1 0.895996 0.845093
vt1 0.667969 0.796387
vt1 0.665527 0.796631
vt1 0.666016 0.788330
vt1 0.667969 0.788330
vt1 0.669922 0.788330
vt1 0.670898 0.796509
vt1 0.671875 0.788330
vt1 0.672852 0.796631
vt1 0.673828 0.788330
vt1 0.674805 0.796631
vt1 0.676270 0.787842
vt1 0.676758 0.796509
vt1 0.678223 0.796631
vt1 0.678223 0.788330
vt1 0.651367 0.403320
vt1 0.657715 0.391602
vt1 0.656250 0.403809
vt1 0.652832 0.391602
vt1 0.629395 0.400879
vt1 0.658691 0.379883
vt1 0.631348 0.388672
vt1 0.653320 0.379395
vt1 0.625977 0.399902
vt1 0.626953 0.388672
vt1 0.627930 0.376953
vt1 0.654297 0.367676
vt1 0.659668 0.367676
vt1 0.631348 0.377441
vt1 0.654785 0.355469
vt1 0.660156 0.355957
vt1 0.632324 0.365723
vt1 0.655273 0.343750
vt1 0.660645 0.343750
vt1 0.633789 0.342773
vt1 0.655762 0.331543
vt1 0.660645 0.332031
vt1 0.660645 0.320312
vt1 0.632812 0.354004
vt1 0.655762 0.320312
vt1 0.660645 0.308594
vt1 0.633789 0.331055
vt1 0.655762 0.308594
vt1 0.660645 0.296875
vt1 0.633789 0.319824
vt1 0.655762 0.296875
vt1 0.633789 0.308105
vt1 0.655762 0.285645
vt1 0.660645 0.285645
vt1 0.633789 0.296875
vt1 0.655762 0.273926
vt1 0.660645 0.273926
vt1 0.633789 0.273926
vt1 0.655762 0.262695
vt1 0.660645 0.262695
vt1 0.660645 0.251465
vt1 0.633789 0.285645
vt1 0.655762 0.251465
vt1 0.660645 0.239746
vt1 0.633789 0.262695
vt1 0.655762 0.239746
vt1 0.660645 0.228516
vt1 0.633789 0.251465
vt1 0.655273 0.228516
vt1 0.633789 0.239746
vt1 0.655273 0.217285
vt1 0.660645 0.217285
vt1 0.633789 0.228516
vt1 0.655273 0.205566
vt1 0.660645 0.205566
vt1 0.633301 0.205566
vt1 0.655273 0.194336
vt1 0.660645 0.194336
vt1 0.633789 0.217285
vt1 0.655273 0.182617
vt1 0.660645 0.182617
vt1 0.660645 0.171387
vt1 0.633301 0.182617
vt1 0.655273 0.171387
vt1 0.633301 0.194336
vt1 0.660645 0.159668
vt1 0.655273 0.159668
vt1 0.660645 0.147949
vt1 0.633301 0.171387
vt1 0.655273 0.147949
vt1 0.633301 0.159668
vt1 0.655273 0.136230
vt1 0.660645 0.136230
vt1 0.633301 0.136230
vt1 0.655273 0.124512
vt1 0.633301 0.147949
vt1 0.660645 0.124512
vt1 0.654297 0.158691
vt1 0.654297 0.148926
vt1 0.655273 0.112793
vt1 0.660645 0.112305
vt1 0.660645 0.100586
vt1 0.655273 0.100098
vt1 0.633301 0.112793
vt1 0.633301 0.124512
vt1 0.654297 0.125977
vt1 0.654297 0.135254
vt1 0.630371 0.123047
vt1 0.632324 0.101074
vt1 0.654297 0.110352
vt1 0.653809 0.101074
vt1 0.629395 0.113281
vt1 0.628906 0.101562
vt1 0.631836 0.149414
vt1 0.629395 0.136230
vt1 0.629395 0.147949
vt1 0.629395 0.159668
vt1 0.629395 0.171387
vt1 0.632324 0.177246
vt1 0.629883 0.182617
vt1 0.654297 0.181641
vt1 0.654297 0.172363
vt1 0.632324 0.198730
vt1 0.629883 0.194336
vt1 0.629883 0.205566
vt1 0.654297 0.195312
vt1 0.654297 0.204590
vt1 0.629883 0.222168
vt1 0.630371 0.241699
vt1 0.654297 0.227539
vt1 0.654297 0.218262
vt1 0.654785 0.250000
vt1 0.654785 0.240723
vt1 0.632324 0.268555
vt1 0.629883 0.258789
vt1 0.629883 0.273926
vt1 0.654785 0.263672
vt1 0.654785 0.272949
vt1 0.632812 0.292480
vt1 0.629883 0.285645
vt1 0.629883 0.296875
vt1 0.629883 0.308105
vt1 0.654785 0.286621
vt1 0.654785 0.295898
vt1 0.632324 0.315430
vt1 0.629883 0.319824
vt1 0.629883 0.331055
vt1 0.654785 0.318848
vt1 0.654785 0.309082
vt1 0.632324 0.336914
vt1 0.629883 0.342773
vt1 0.654785 0.332031
vt1 0.654785 0.341797
vt1 0.631348 0.361328
vt1 0.629395 0.354004
vt1 0.628906 0.365723
vt1 0.653809 0.355957
vt1 0.653320 0.365234
vt1 0.651855 0.388672
vt1 0.652344 0.379395
vt1 0.113037 0.108398
vt1 0.100586 0.102051
vt1 0.112671 0.100098
vt1 0.488037 0.100098
vt1 0.100647 0.108887
vt1 0.487549 0.108398
vt1 0.499512 0.102051
vt1 0.499512 0.108887
vt1 0.106201 0.118164
vt1 0.100586 0.118164
vt1 0.100586 0.206543
vt1 0.112915 0.118164
vt1 0.106140 0.206543
vt1 0.100586 0.216309
vt1 0.487793 0.118164
vt1 0.112976 0.216309
vt1 0.112915 0.206543
vt1 0.100586 0.223633
vt1 0.487793 0.206543
vt1 0.494141 0.118164
vt1 0.499512 0.118164
vt1 0.494141 0.206543
vt1 0.499512 0.206543
vt1 0.499512 0.216309
vt1 0.487549 0.215820
vt1 0.499512 0.223633
vt1 0.112976 0.223633
vt1 0.487549 0.223633
vt1 0.112976 0.231445
vt1 0.100525 0.230957
vt1 0.487549 0.231445
vt1 0.499512 0.230957
vt1 0.105896 0.240723
vt1 0.100281 0.240234
vt1 0.100281 0.351562
vt1 0.112793 0.240723
vt1 0.105896 0.351562
vt1 0.100525 0.360840
vt1 0.487793 0.240723
vt1 0.112976 0.360840
vt1 0.112793 0.351074
vt1 0.100586 0.368164
vt1 0.487793 0.351074
vt1 0.494385 0.240723
vt1 0.499756 0.240234
vt1 0.494385 0.351562
vt1 0.499756 0.351562
vt1 0.499512 0.360840
vt1 0.487549 0.360840
vt1 0.499512 0.368164
vt1 0.112976 0.368164
vt1 0.487549 0.368164
vt1 0.112976 0.375977
vt1 0.100525 0.375488
vt1 0.487549 0.375977
vt1 0.499512 0.375488
vt1 0.106140 0.385254
vt1 0.100525 0.385254
vt1 0.100525 0.474121
vt1 0.112854 0.385254
vt1 0.106140 0.473633
vt1 0.100586 0.483398
vt1 0.487793 0.385254
vt1 0.112976 0.483398
vt1 0.112854 0.473633
vt1 0.100586 0.490723
vt1 0.487793 0.473633
vt1 0.494141 0.385254
vt1 0.499512 0.385254
vt1 0.494141 0.473633
vt1 0.499512 0.474121
vt1 0.499512 0.483398
vt1 0.487549 0.483398
vt1 0.499512 0.490723
vt1 0.112976 0.490723
vt1 0.487549 0.490723
vt1 0.112976 0.498535
vt1 0.100525 0.498047
vt1 0.487549 0.498535
vt1 0.499512 0.498047
vt1 0.105896 0.507568
vt1 0.100281 0.507324
vt1 0.100586 0.618408
vt1 0.112793 0.507812
vt1 0.106201 0.618408
vt1 0.100708 0.627441
vt1 0.487793 0.507812
vt1 0.113037 0.628174
vt1 0.100586 0.634277
vt1 0.112671 0.636230
vt1 0.112915 0.618408
vt1 0.487793 0.618652
vt1 0.487549 0.628174
vt1 0.487793 0.636230
vt1 0.499512 0.634521
vt1 0.499268 0.627686
vt1 0.494141 0.618408
vt1 0.499512 0.618408
vt1 0.499756 0.507568
vt1 0.494385 0.507568
vt1 0.491211 0.852539
vt1 0.490479 0.852051
vt1 0.490967 0.851196
vt1 0.490967 0.853882
vt1 0.489014 0.850464
vt1 0.489746 0.854126
vt1 0.488770 0.849609
vt1 0.489990 0.854980
vt1 0.487305 0.849731
vt1 0.488281 0.855469
vt1 0.487305 0.850586
vt1 0.487061 0.854370
vt1 0.485840 0.850708
vt1 0.486328 0.854736
vt1 0.486328 0.852051
vt1 0.485352 0.853271
vt1 0.867676 0.110840
vt1 0.862793 0.115723
vt1 0.864258 0.104980
vt1 0.869141 0.119629
vt1 0.858398 0.101562
vt1 0.862793 0.211914
vt1 0.868652 0.208008
vt1 0.867676 0.216797
vt1 0.853027 0.105957
vt1 0.849609 0.100098
vt1 0.738770 0.100098
vt1 0.856934 0.211914
vt1 0.735352 0.106445
vt1 0.729980 0.101562
vt1 0.724121 0.104980
vt1 0.720703 0.110840
vt1 0.856934 0.115723
vt1 0.848633 0.112305
vt1 0.725098 0.116211
vt1 0.719727 0.119629
vt1 0.719727 0.208008
vt1 0.734863 0.112305
vt1 0.848633 0.215820
vt1 0.731445 0.120605
vt1 0.739746 0.215820
vt1 0.853516 0.222168
vt1 0.864746 0.223145
vt1 0.858398 0.226074
vt1 0.849609 0.227539
vt1 0.735352 0.222168
vt1 0.738770 0.227539
vt1 0.729980 0.226074
vt1 0.731934 0.211914
vt1 0.725586 0.211914
vt1 0.724121 0.222656
vt1 0.720703 0.217285
vt1 0.422119 0.785034
vt1 0.429688 0.788696
vt1 0.418701 0.786011
vt1 0.441162 0.788696
vt1 0.408691 0.780640
vt1 0.447021 0.785034
vt1 0.452393 0.786011
vt1 0.462402 0.780640
vt1 0.399902 0.768921
vt1 0.400146 0.773071
vt1 0.390869 0.759033
vt1 0.465820 0.775024
vt1 0.472412 0.772095
vt1 0.477539 0.763672
vt1 0.446289 0.758057
vt1 0.478271 0.755005
vt1 0.481445 0.753052
vt1 0.482910 0.741699
vt1 0.453369 0.748535
vt1 0.479736 0.733887
vt1 0.481445 0.730469
vt1 0.477539 0.719727
vt1 0.454346 0.736572
vt1 0.471191 0.714355
vt1 0.470947 0.710205
vt1 0.462402 0.702637
vt1 0.445801 0.740479
vt1 0.445312 0.745361
vt1 0.444092 0.735840
vt1 0.442383 0.749512
vt1 0.437988 0.751709
vt1 0.444336 0.724854
vt1 0.440430 0.732422
vt1 0.428711 0.760010
vt1 0.433105 0.751709
vt1 0.428711 0.749512
vt1 0.417480 0.748535
vt1 0.425781 0.745361
vt1 0.425293 0.740479
vt1 0.391357 0.749512
vt1 0.387451 0.739990
vt1 0.416504 0.739502
vt1 0.427002 0.735840
vt1 0.393799 0.723877
vt1 0.391846 0.723389
vt1 0.400146 0.710205
vt1 0.424072 0.725830
vt1 0.430664 0.732422
vt1 0.412354 0.703369
vt1 0.408691 0.702637
vt1 0.418701 0.697510
vt1 0.433350 0.696777
vt1 0.429932 0.694580
vt1 0.441162 0.694580
vt1 0.435547 0.722656
vt1 0.435547 0.731445
vt1 0.454346 0.700928
vt1 0.452393 0.697510
vt1 0.279541 0.705078
vt1 0.275391 0.710205
vt1 0.276123 0.699463
vt1 0.281006 0.713867
vt1 0.270508 0.696045
vt1 0.274658 0.827881
vt1 0.281006 0.824585
vt1 0.279541 0.833496
vt1 0.265137 0.701416
vt1 0.261719 0.694580
vt1 0.173340 0.694580
vt1 0.265625 0.838257
vt1 0.276123 0.839111
vt1 0.270508 0.842529
vt1 0.261719 0.843872
vt1 0.169556 0.700195
vt1 0.164551 0.696045
vt1 0.158325 0.698975
vt1 0.155396 0.705078
vt1 0.265137 0.707275
vt1 0.160522 0.710693
vt1 0.154053 0.713867
vt1 0.153931 0.824585
vt1 0.174194 0.707031
vt1 0.159546 0.828369
vt1 0.155396 0.833496
vt1 0.166626 0.710449
vt1 0.158936 0.839111
vt1 0.164551 0.842529
vt1 0.166382 0.823608
vt1 0.268799 0.714844
vt1 0.169800 0.831299
vt1 0.268555 0.828003
vt1 0.260742 0.831543
vt1 0.169922 0.837280
vt1 0.173340 0.843872
vn 0.433071 0.677165 -0.590551
vn 0.779528 0.015748 -0.622047
vn 0.488189 0.622047 -0.614173
vn -0.661417 0.677165 -0.322835
vn -0.716535 0.622047 -0.314961
vn -0.984252 0.015748 -0.188976
vn 0.110236 0.677165 -0.724409
vn 0.401575 0.015748 -0.913386
vn 0.149606 0.622047 -0.771653
vn -0.732283 0.677165 0.023622
vn -0.779528 0.622047 0.055118
vn -0.960630 0.015748 0.291339
vn -0.716535 0.015748 0.700787
vn -0.637795 0.677165 0.362205
vn -0.669291 0.622047 0.409449
vn -0.244094 0.677165 -0.692913
vn -0.228346 0.622047 -0.748031
vn -0.070866 0.015748 -1.000000
vn -0.307087 0.015748 0.952756
vn -0.401575 0.677165 0.614173
vn -0.401575 0.622047 0.669291
vn -0.535433 0.677165 -0.503937
vn -0.551181 0.622047 -0.559055
vn -0.527559 0.015748 -0.850394
vn 0.173228 0.015748 0.984252
vn -0.070866 0.677165 0.732283
vn -0.039370 0.622047 0.779527
vn -0.708661 0.677165 -0.196850
vn -0.748031 0.622047 -0.236221
vn -0.858268 0.015748 -0.511811
vn 0.606299 0.015748 0.795275
vn 0.275591 0.677165 0.677165
vn 0.322835 0.622047 0.708661
vn -0.716535 0.677165 0.157480
vn -0.771654 0.622047 0.133858
vn -1.000000 0.015748 -0.047244
vn -0.559055 0.677165 0.472441
vn -0.905512 0.023622 0.425197
vn -0.622047 0.622047 0.480315
vn 0.559055 0.677165 0.472441
vn 0.622047 0.622047 0.480315
vn 0.905512 0.015748 0.417323
vn 1.000000 0.015748 -0.047244
vn 0.716535 0.677165 0.157480
vn 0.771654 0.622047 0.133858
vn -0.275591 0.677165 0.677165
vn -0.322835 0.622047 0.708661
vn -0.606299 0.015748 0.795275
vn 0.858268 0.015748 -0.511811
vn 0.708661 0.677165 -0.196850
vn 0.748031 0.622047 -0.236221
vn 0.070866 0.677165 0.732283
vn 0.039370 0.622047 0.779527
vn -0.173228 0.015748 0.984252
vn 0.401575 0.677165 0.614173
vn 0.307087 0.015748 0.952756
vn 0.401575 0.622047 0.669291
vn 0.535433 0.677165 -0.503937
vn 0.551181 0.622047 -0.559055
vn 0.527559 0.015748 -0.850394
vn 0.070866 0.015748 -1.000000
vn 0.244094 0.677165 -0.692913
vn 0.228346 0.622047 -0.748031
vn 0.637795 0.677165 0.362205
vn 0.669291 0.622047 0.409449
vn 0.716535 0.015748 0.700787
vn 0.732283 0.677165 0.023622
vn 0.960630 0.007874 0.291339
vn 0.779528 0.622047 0.055118
vn -0.110236 0.677165 -0.724409
vn -0.149606 0.622047 -0.771653
vn -0.401575 0.015748 -0.913386
vn -0.779528 0.023622 -0.629921
vn -0.433071 0.677165 -0.590551
vn -0.488189 0.622047 -0.614173
vn 0.661417 0.677165 -0.322835
vn 0.716535 0.622047 -0.314961
vn 0.984252 0.015748 -0.188976
vn 0.000000 0.377953 0.929134
vn 0.000000 0.377953 0.929134
vn -0.433071 0.377953 0.818897
vn -0.433071 0.377953 0.818897
vn -0.763780 0.377953 0.527559
vn -0.763780 0.377953 0.527559
vn -0.921260 0.377953 0.110236
vn -0.889764 0.370079 -0.267717
vn -0.866142 0.377953 -0.330709
vn -0.614173 0.377953 -0.692913
vn -0.614173 0.377953 -0.692913
vn -0.220472 0.377953 -0.897638
vn 0.157480 0.370079 -0.913386
vn 0.220472 0.377953 -0.897638
vn 0.614173 0.377953 -0.692913
vn 0.614173 0.377953 -0.692913
vn 0.866142 0.377953 -0.330709
vn 0.889764 0.370079 -0.267717
vn 0.921260 0.377953 0.110236
vn 0.763780 0.377953 0.527559
vn 0.763780 0.377953 0.527559
vn 0.433071 0.377953 0.818897
vn 0.433071 0.377953 0.818897
vn 0.000000 0.377953 0.929134
vn 0.000000 0.377953 0.929134
vn -0.212598 -0.968504 -0.110236
vn -0.236220 -0.968504 -0.055118
vn -0.236220 -0.968504 -0.055118
vn -0.212598 -0.968504 -0.110236
vn -0.181102 -0.968504 -0.157480
vn -0.181102 -0.968504 -0.157480
vn -0.110236 -0.968504 -0.220472
vn -0.141732 -0.968504 -0.196850
vn -0.086614 -0.968504 -0.228346
vn -0.031496 -0.968504 -0.244094
vn -0.031496 -0.968504 -0.244094
vn 0.031496 -0.968504 -0.244094
vn 0.055118 -0.968504 -0.236220
vn 0.086614 -0.968504 -0.228346
vn 0.141732 -0.968504 -0.196850
vn 0.141732 -0.968504 -0.196850
vn 0.181102 -0.968504 -0.157480
vn 0.181102 -0.968504 -0.157480
vn 0.212598 -0.968504 -0.110236
vn 0.212598 -0.968504 -0.110236
vn 0.236220 -0.968504 -0.055118
vn 0.244094 -0.968504 -0.031496
vn 0.244094 -0.968504 0.000000
vn 0.236220 -0.968504 0.055118
vn 0.236220 -0.968504 0.055118
vn 0.212598 -0.968504 0.110236
vn 0.204724 -0.968504 0.141732
vn 0.181102 -0.968504 0.157480
vn 0.141732 -0.968504 0.196850
vn 0.141732 -0.968504 0.196850
vn 0.086614 -0.968504 0.228347
vn 0.086614 -0.968504 0.228347
vn 0.000000 -0.968504 0.244095
vn 0.031496 -0.968504 0.244095
vn -0.031496 -0.968504 0.244095
vn -0.086614 -0.968504 0.228347
vn -0.086614 -0.968504 0.228347
vn -0.141732 -0.968504 0.196850
vn -0.165354 -0.968504 0.181102
vn -0.181102 -0.968504 0.157480
vn -0.212598 -0.968504 0.110236
vn -0.212598 -0.968504 0.110236
vn -0.236220 -0.968504 0.055118
vn -0.244094 -0.968504 0.031496
vn -0.244094 -0.968504 0.000000
vn -0.236220 -0.968504 -0.055118
vn -0.236220 -0.968504 -0.055118
vn 0.000000 1.000000 -0.000000
vn 0.000000 1.000000 -0.000000
vn 0.000000 1.000000 -0.000000
vn 0.000000 1.000000 -0.000000
vn 0.000000 1.000000 -0.000000
vn 0.000000 1.000000 -0.000000
vn 0.992126 0.023622 0.133858
vn 0.228346 0.031496 0.976378
vn 0.464567 0.047244 0.881890
vn 0.992126 0.047244 0.118110
vn 0.661417 0.047244 -0.748031
vn 0.346457 0.031496 -0.937008
vn -0.236220 0.047244 -0.968504
vn -0.653543 0.031496 -0.755905
vn -0.921260 0.031496 -0.393701
vn -1.000000 0.023622 0.070866
vn -0.653543 0.031496 0.755905
vn -0.511811 0.023622 0.858268
vn 0.228346 0.031496 0.976378
vn 0.464567 0.047244 0.881890
vn 0.535433 0.055118 -0.842520
vn 0.354331 0.055118 -0.937008
vn 0.566929 0.055118 -0.818897
vn 0.393701 0.055118 -0.921260
vn 0.566929 0.031496 -0.818897
vn 0.125984 0.055118 -0.992126
vn 0.346457 0.023622 -0.937008
vn 0.078740 0.055118 -0.992126
vn 0.511811 0.425197 -0.748031
vn 0.322835 0.425197 -0.850394
vn 0.110236 0.425197 -0.897638
vn -0.078740 0.055118 -0.992126
vn -0.125984 0.055118 -0.992126
vn 0.118110 0.015748 -0.992126
vn -0.393701 0.055118 -0.921260
vn -0.354331 0.055118 -0.937008
vn -0.118110 0.015748 -0.992126
vn -0.535433 0.055118 -0.842520
vn -0.566929 0.055118 -0.818897
vn -0.566929 0.015748 -0.826772
vn -0.771654 0.055118 -0.629921
vn -0.748031 0.055118 -0.661417
vn -0.881890 0.055118 -0.464567
vn -0.354331 0.015748 -0.937008
vn -0.866142 0.055118 -0.503937
vn -0.968504 0.055118 -0.244094
vn -0.748031 0.015748 -0.661417
vn -0.976378 0.055118 -0.196850
vn -1.000000 0.055118 -0.000000
vn -0.881890 0.015748 -0.464567
vn -1.000000 0.055118 -0.039370
vn -0.968504 0.015748 -0.236220
vn -0.960630 0.055118 0.275591
vn -0.968504 0.055118 0.236220
vn -1.000000 0.015748 -0.000000
vn -0.905512 0.055118 0.425197
vn -0.881890 0.055118 0.464567
vn -0.881890 0.015748 0.464567
vn -0.716535 0.055118 0.692913
vn -0.748031 0.055118 0.661417
vn -0.566929 0.055118 0.826772
vn -0.968504 0.015748 0.244094
vn -0.598425 0.055118 0.795275
vn -0.354331 0.055118 0.937008
vn -0.748031 0.015748 0.661417
vn -0.314961 0.055118 0.944882
vn -0.118110 0.055118 0.992126
vn -0.566929 0.015748 0.818897
vn -0.165354 0.055118 0.984252
vn -0.354331 0.015748 0.937008
vn 0.165354 0.055118 0.984252
vn 0.118110 0.055118 0.992126
vn -0.118110 0.015748 0.992126
vn 0.314961 0.055118 0.944882
vn 0.354331 0.055118 0.937008
vn 0.354331 0.015748 0.937008
vn 0.598425 0.055118 0.795275
vn 0.566929 0.055118 0.826772
vn 0.118110 0.023622 0.992126
vn 0.716535 0.055118 0.692913
vn 0.748031 0.055118 0.661417
vn 0.881890 0.055118 0.464567
vn 0.748031 0.015748 0.661417
vn 0.905512 0.055118 0.425197
vn 0.566929 0.015748 0.818897
vn 0.968504 0.055118 0.236220
vn 0.960630 0.055118 0.275591
vn 1.000000 0.055118 -0.000000
vn 0.889764 0.015748 0.464567
vn 1.000000 0.055118 -0.039370
vn 0.968504 0.015748 0.236220
vn 0.976378 0.055118 -0.196850
vn 0.968504 0.055118 -0.244094
vn 0.968504 0.015748 -0.236220
vn 0.866142 0.055118 -0.503937
vn 1.000000 0.015748 -0.000000
vn 0.881890 0.055118 -0.464567
vn 0.992126 -0.094488 0.118110
vn 0.992126 -0.094488 0.118110
vn 0.771654 0.055118 -0.629921
vn 0.748031 0.055118 -0.661417
vn 0.566929 0.055118 -0.818897
vn 0.535433 0.055118 -0.842520
vn 0.748031 0.015748 -0.661417
vn 0.881890 0.015748 -0.464567
vn 0.929134 -0.094488 -0.354331
vn 0.929134 -0.094488 -0.354331
vn 0.787402 0.409449 -0.456693
vn 0.566929 0.039370 -0.818897
vn 0.661417 -0.094488 -0.748031
vn 0.661417 -0.094488 -0.748031
vn 0.677165 0.425197 -0.598425
vn 0.511811 0.425197 -0.748031
vn 0.968504 0.244094 0.031496
vn 0.881890 0.425197 -0.220472
vn 0.905512 0.425197 -0.000000
vn 0.881890 0.425197 0.220472
vn 0.803150 0.425197 0.425197
vn 0.803150 0.228346 0.551181
vn 0.677165 0.425197 0.598425
vn 0.818898 -0.094488 0.566929
vn 0.818898 -0.094488 0.566929
vn 0.472441 0.228347 0.850394
vn 0.511811 0.425197 0.748031
vn 0.322835 0.425197 0.850394
vn 0.464567 -0.094488 0.881890
vn 0.464567 -0.094488 0.881890
vn 0.007874 0.393701 0.921260
vn -0.354331 0.433071 0.826771
vn 0.000000 -0.094488 0.992126
vn 0.000000 -0.094488 0.992126
vn -0.464567 -0.094488 0.881890
vn -0.464567 -0.094488 0.881890
vn -0.803150 0.228346 0.551181
vn -0.629921 0.417323 0.653543
vn -0.803150 0.425197 0.425197
vn -0.818898 -0.094488 0.566929
vn -0.818898 -0.094488 0.566929
vn -0.968504 0.228346 0.086614
vn -0.881890 0.425197 0.220472
vn -0.905512 0.425197 -0.000000
vn -0.881890 0.425197 -0.220472
vn -0.992126 -0.094488 0.118110
vn -0.992126 -0.094488 0.118110
vn -0.897638 0.236220 -0.370079
vn -0.803150 0.425197 -0.425197
vn -0.677165 0.425197 -0.598425
vn -0.929134 -0.094488 -0.354331
vn -0.929134 -0.094488 -0.354331
vn -0.645669 0.228346 -0.732283
vn -0.511811 0.425197 -0.748031
vn -0.661417 -0.094488 -0.748031
vn -0.661417 -0.094488 -0.748031
vn -0.204724 0.228346 -0.952756
vn -0.322835 0.425197 -0.850394
vn -0.110236 0.425197 -0.897638
vn -0.236220 -0.094488 -0.968504
vn -0.236220 -0.094488 -0.968504
vn 0.236220 -0.094488 -0.968504
vn 0.236220 -0.094488 -0.968504
vn -0.937008 0.070866 0.330709
vn -0.606299 0.503937 0.614173
vn -0.708661 0.070866 0.708661
vn -0.708661 -0.070866 0.708661
vn -0.803150 0.519685 0.283464
vn -0.937008 -0.070866 0.330709
vn -0.606299 -0.503937 0.614173
vn -0.803150 -0.519685 0.283465
vn -0.937008 0.330709 0.062992
vn -0.858268 0.511811 0.062992
vn -0.858268 0.511811 -0.062992
vn -0.992126 0.070866 0.070866
vn -0.937008 0.330709 -0.062992
vn -0.803150 0.519685 -0.283465
vn -0.992126 -0.070866 0.070866
vn -0.937008 0.070866 -0.330709
vn -0.992126 0.070866 -0.070866
vn -0.598425 0.527559 -0.598425
vn -0.992126 -0.070866 -0.070866
vn -0.937008 -0.330709 0.062992
vn -0.858268 -0.511811 0.062992
vn -0.937008 -0.330709 -0.062992
vn -0.858268 -0.511811 -0.062992
vn -0.803150 -0.519685 -0.283464
vn -0.937008 -0.070866 -0.330709
vn -0.598425 -0.527559 -0.598425
vn -0.700787 0.070866 -0.708661
vn -0.708661 -0.070866 -0.700787
vn -0.330709 0.070866 -0.937008
vn -0.283465 0.519685 -0.803150
vn -0.330709 -0.070866 -0.937008
vn -0.283465 -0.519685 -0.803149
vn -0.062992 0.330709 -0.937008
vn -0.062992 0.511811 -0.858268
vn 0.062992 0.511811 -0.858268
vn -0.070866 0.070866 -0.992126
vn 0.062992 0.330709 -0.937008
vn 0.283465 0.519685 -0.803150
vn -0.070866 -0.070866 -0.992126
vn 0.330709 0.070866 -0.937008
vn 0.070866 0.070866 -0.992126
vn 0.598425 0.527559 -0.598425
vn 0.070866 -0.070866 -0.992126
vn -0.062992 -0.330709 -0.937008
vn -0.062992 -0.511811 -0.858268
vn 0.062992 -0.330709 -0.937008
vn 0.062992 -0.511811 -0.858268
vn 0.283465 -0.519685 -0.803149
vn 0.330709 -0.070866 -0.937008
vn 0.598425 -0.527559 -0.598425
vn 0.708661 0.070866 -0.700787
vn 0.700787 -0.070866 -0.708661
vn 0.937008 0.070866 -0.330709
vn 0.803150 0.519685 -0.283465
vn 0.937008 -0.070866 -0.330709
vn 0.803150 -0.519685 -0.283464
vn 0.937008 0.330709 -0.062992
vn 0.858268 0.511811 -0.062992
vn 0.858268 0.511811 0.062992
vn 0.992126 0.070866 -0.070866
vn 0.937008 0.330709 0.062992
vn 0.803150 0.519685 0.283464
vn 0.992126 -0.070866 -0.070866
vn 0.937008 0.070866 0.330709
vn 0.992126 0.070866 0.070866
vn 0.598425 0.527559 0.598425
vn 0.992126 -0.070866 0.070866
vn 0.937008 -0.330709 -0.062992
vn 0.858268 -0.511811 -0.062992
vn 0.937008 -0.330709 0.062992
vn 0.858268 -0.511811 0.062992
vn 0.803150 -0.519685 0.283465
vn 0.937008 -0.070866 0.330709
vn 0.598425 -0.527559 0.598425
vn 0.700787 0.070866 0.708661
vn 0.708661 -0.070866 0.700787
vn 0.330709 0.070866 0.937008
vn 0.283465 0.519685 0.803149
vn 0.330709 -0.070866 0.937008
vn 0.283465 -0.519685 0.803150
vn 0.062992 0.330709 0.937008
vn 0.062992 0.511811 0.858268
vn -0.062992 0.511811 0.858268
vn 0.070866 0.070866 0.992126
vn -0.062992 0.330709 0.937008
vn -0.283465 0.519685 0.803149
vn 0.070866 -0.070866 0.992126
vn -0.330709 0.070866 0.937008
vn -0.614173 0.503937 0.606299
vn -0.708661 0.070866 0.708661
vn -0.070866 0.070866 0.992126
vn -0.070866 -0.070866 0.992126
vn -0.330709 -0.070866 0.937008
vn -0.708661 -0.070866 0.708661
vn -0.614173 -0.503937 0.606299
vn -0.283465 -0.519685 0.803150
vn -0.062992 -0.330709 0.937008
vn -0.062992 -0.511811 0.858268
vn 0.062992 -0.511811 0.858268
vn 0.062992 -0.330709 0.937008
vn 0.000000 1.000000 -0.000000
vn 0.000000 1.000000 -0.000000
vn 0.000000 1.000000 -0.000000
vn 0.000000 1.000000 -0.000000
vn 0.000000 1.000000 -0.000000
vn 0.000000 1.000000 -0.000000
vn 0.000000 1.000000 -0.000000
vn 0.000000 1.000000 -0.000000
vn 0.000000 1.000000 -0.000000
vn 0.000000 1.000000 -0.000000
vn 0.000000 1.000000 -0.000000
vn 0.000000 1.000000 -0.000000
vn 0.000000 1.000000 -0.000000
vn 0.000000 1.000000 -0.000000
vn 0.000000 1.000000 -0.000000
vn 0.000000 1.000000 -0.000000
vn -0.480315 -0.858268 -0.173228
vn -0.322835 -0.944882 -0.031496
vn -0.354331 -0.866142 -0.354331
vn -0.511811 -0.858268 -0.039370
vn -0.173228 -0.858268 -0.480315
vn -0.307087 -0.952756 0.031496
vn -0.511811 -0.858268 0.039370
vn -0.480315 -0.858268 0.173228
vn -0.031496 -0.944882 -0.338583
vn -0.039370 -0.858268 -0.511811
vn 0.039370 -0.858268 -0.511811
vn -0.070866 -1.000000 0.015748
vn 0.031496 -0.944882 -0.322834
vn 0.173228 -0.858268 -0.480315
vn 0.354331 -0.866142 -0.354331
vn 0.480315 -0.858268 -0.173228
vn -0.070866 -1.000000 -0.015748
vn -0.007874 -1.000000 -0.070866
vn 0.338583 -0.944882 -0.031496
vn 0.511811 -0.858268 -0.039370
vn 0.511811 -0.858268 0.039370
vn 0.015748 -1.000000 -0.070866
vn -0.007874 -1.000000 0.070866
vn 0.070866 -1.000000 -0.007874
vn 0.007874 -1.000000 0.070866
vn -0.031496 -0.937008 0.338583
vn -0.370079 -0.850394 0.370079
vn -0.173228 -0.858268 0.480315
vn -0.039370 -0.858268 0.511811
vn 0.031496 -0.944882 0.338583
vn 0.039370 -0.858268 0.511811
vn 0.173228 -0.858268 0.480315
vn 0.070866 -1.000000 0.015748
vn 0.314961 -0.944882 0.031496
vn 0.354331 -0.866142 0.354331
vn 0.480315 -0.858268 0.173228
vn 0.110236 0.992126 0.086614
vn 0.228346 0.968504 0.118110
vn 0.188976 0.968504 0.173228
vn 0.251969 0.968504 0.062992
vn 0.141732 0.968504 0.212598
vn 0.141732 0.992126 0.015748
vn 0.259843 0.968504 -0.000000
vn 0.251969 0.968504 -0.062992
vn 0.039370 0.992126 0.133858
vn 0.094488 0.968504 0.236220
vn 0.007874 0.960630 0.267716
vn 0.133858 0.992126 -0.055118
vn 0.236220 0.960630 -0.133858
vn 0.188976 0.968504 -0.173228
vn 0.141732 0.992126 -0.015748
vn 0.086614 0.992126 -0.110236
vn 0.141732 0.968504 -0.212599
vn 0.094488 0.968504 -0.236221
vn 0.094488 0.992126 -0.102362
vn 0.031496 0.992126 -0.141732
vn 0.031496 0.968504 -0.251969
vn -0.031496 0.968504 -0.251969
vn 0.007874 0.992126 -0.141732
vn -0.039370 0.992126 -0.133858
vn -0.094488 0.968504 -0.236221
vn -0.141732 0.968504 -0.212599
vn 0.078740 0.944882 -0.314961
vn 0.212598 0.944882 -0.244095
vn -0.078740 0.944882 -0.314961
vn 0.299213 0.944882 -0.118110
vn 0.322835 0.944882 0.039370
vn -0.094488 0.992126 -0.102362
vn -0.212598 0.944882 -0.244095
vn 0.094488 0.992126 0.102362
vn 0.267717 0.944882 0.181102
vn 0.149606 0.944882 0.283464
vn 0.000000 0.992126 0.141732
vn 0.000000 0.944882 0.322834
vn -0.149606 0.944882 0.283464
vn -0.031496 0.992126 0.133858
vn -0.110236 0.960630 0.259842
vn -0.062992 0.992126 0.125984
vn -0.267717 0.944882 0.181102
vn -0.102362 0.992126 0.102362
vn -0.173228 0.968504 0.181102
vn -0.228346 0.968504 0.118110
vn -0.133858 0.992126 0.039370
vn -0.322835 0.944882 0.039370
vn -0.141732 0.992126 0.023622
vn -0.251969 0.968504 0.062992
vn -0.259843 0.968504 -0.000000
vn -0.133858 0.992126 -0.047244
vn -0.251969 0.968504 -0.062992
vn -0.228346 0.968504 -0.118110
vn -0.133858 0.992126 -0.047244
vn -0.299213 0.944882 -0.118110
vn -0.094488 0.992126 -0.102362
vn -0.188976 0.968504 -0.173228
vn -0.173228 0.858268 -0.480315
vn -0.031496 0.937008 -0.346457
vn -0.354331 0.866142 -0.354331
vn -0.039370 0.858268 -0.511811
vn -0.480315 0.858268 -0.173228
vn 0.031496 0.952756 -0.314961
vn 0.039370 0.858268 -0.511811
vn 0.173228 0.858268 -0.480315
vn -0.307087 0.952756 -0.031496
vn -0.511811 0.858268 -0.039370
vn -0.511811 0.858268 0.039370
vn 0.346457 0.937008 -0.031496
vn 0.354331 0.866142 -0.354331
vn 0.480315 0.858268 -0.173228
vn 0.511811 0.858268 -0.039370
vn -0.346457 0.937008 0.031496
vn -0.480315 0.858268 0.173228
vn -0.370079 0.850394 0.370079
vn -0.173228 0.858268 0.480315
vn -0.070866 1.000000 -0.015748
vn -0.031496 0.952756 0.314960
vn -0.039370 0.858268 0.511811
vn 0.039370 0.858268 0.511811
vn -0.070866 1.000000 0.007874
vn 0.031496 0.937008 0.346457
vn 0.173228 0.858268 0.480315
vn -0.007874 1.000000 0.070866
vn 0.354331 0.866142 0.354331
vn 0.480315 0.858268 0.173228
vn 0.007874 1.000000 0.070866
vn -0.007874 1.000000 -0.070866
vn 0.070866 1.000000 0.015748
vn 0.007874 1.000000 -0.070866
vn 0.070866 1.000000 -0.007874
vn 0.307087 0.952756 0.031496
vn 0.511811 0.858268 0.039370
tan -0.786348 0.606981 0.119350 1.000000
tan -0.531651 0.521359 -0.653047 1.000000
tan -0.770166 0.642693 0.038750 1.000000
tan -0.746854 -0.614917 0.240313 1.000000
tan -0.692045 -0.655837 0.279125 1.000000
tan -0.138260 -0.737739 0.658627 1.000000
tan 0.300577 0.672825 0.674685 1.000000
tan 0.761610 0.522413 0.343853 1.000000
tan 0.329841 0.706553 0.633517 1.000000
tan 0.641019 0.681133 0.345775 1.000000
tan 0.597061 0.716039 0.363135 1.000000
tan 0.241242 0.587017 0.763717 1.000000
tan 0.650195 0.396367 0.655899 1.000000
tan 0.750698 0.616219 0.169818 1.000000
tan 0.731043 0.639159 0.223944 1.000000
tan 0.554529 0.677289 0.466551 1.000000
tan 0.537479 0.707049 0.423895 1.000000
tan 0.763780 0.645669 -0.043958 1.000000
tan 0.765577 0.569905 0.237336 1.000000
tan 0.723665 0.645421 -0.238452 1.000000
tan 0.708041 0.669291 -0.197222 1.000000
tan 0.783805 0.607849 -0.015996 1.000000
tan 0.775002 0.627255 -0.066154 1.000000
tan 0.751689 0.453221 -0.457933 1.000000
tan 0.767252 0.620001 -0.144956 1.000000
tan 0.399963 0.688387 -0.597867 1.000000
tan 0.409697 0.713931 -0.549011 1.000000
tan 0.699423 0.653481 -0.269949 1.000000
tan 0.664703 0.684171 -0.303243 1.000000
tan 0.454771 0.453841 -0.748652 1.000000
tan -0.673631 0.526691 0.503131 1.000000
tan -0.645173 0.652117 -0.389547 1.000000
tan -0.637113 0.681629 -0.308079 1.000000
tan -0.686961 -0.652241 -0.321037 1.000000
tan -0.624341 -0.701159 -0.340815 1.000000
tan 0.018476 -0.763779 -0.645669 1.000000
tan -0.796578 -0.582677 -0.107446 1.000000
tan -0.355633 -0.548577 -0.726889 1.000000
tan -0.758820 -0.622667 -0.176328 1.000000
tan -0.796578 0.582677 0.107446 1.000000
tan -0.758820 0.622667 0.176328 1.000000
tan -0.322587 0.625209 0.676359 1.000000
tan 0.018476 0.763779 0.645669 1.000000
tan -0.686961 0.652241 0.321037 1.000000
tan -0.624341 0.701159 0.340815 1.000000
tan -0.645173 -0.652117 0.389547 1.000000
tan -0.642011 -0.678591 0.303181 1.000000
tan -0.673631 -0.526691 -0.503131 1.000000
tan 0.454895 -0.460599 0.748652 1.000000
tan 0.703205 -0.660611 0.259037 1.000000
tan 0.664703 -0.684171 0.303243 1.000000
tan 0.399963 -0.688387 0.597867 1.000000
tan 0.409697 -0.720069 0.553909 1.000000
tan 0.759502 -0.627751 0.143716 1.000000
tan 0.723665 -0.645421 0.238452 1.000000
tan 0.765577 -0.569905 -0.237336 1.000000
tan 0.708041 -0.669291 0.197222 1.000000
tan 0.783805 -0.607849 0.015996 1.000000
tan 0.775002 -0.627255 0.066154 1.000000
tan 0.751689 -0.453221 0.457933 1.000000
tan 0.771654 -0.637795 0.044640 1.000000
tan 0.559861 -0.679211 -0.466551 1.000000
tan 0.548267 -0.702957 -0.417199 1.000000
tan 0.753550 -0.613367 -0.180172 1.000000
tan 0.731043 -0.635935 -0.228842 1.000000
tan 0.650071 -0.385207 -0.656023 1.000000
tan -0.611073 0.674995 -0.406597 1.000000
tan 0.205592 0.665633 -0.695889 1.000000
tan -0.542873 0.717589 -0.420733 1.000000
tan -0.468845 -0.676173 -0.560729 1.000000
tan -0.480129 -0.716845 -0.484779 1.000000
tan -0.669725 -0.640647 0.283403 1.000000
tan -0.598053 -0.327237 0.727819 1.000000
tan -0.776366 -0.608221 -0.128092 1.000000
tan -0.770166 -0.642693 -0.038750 1.000000
tan -0.744312 0.617459 -0.229773 1.000000
tan -0.692045 0.658317 -0.274227 1.000000
tan -0.136772 0.737739 -0.650877 1.000000
tan -0.668981 -0.665757 0.270817 1.000000
tan -0.661665 -0.673073 0.273793 1.000000
tan -0.691425 -0.628371 -0.075640 1.000000
tan -0.678529 -0.647715 -0.059892 1.000000
tan -0.602641 -0.708971 -0.364561 1.000000
tan -0.590799 -0.739475 -0.325563 1.000000
tan -0.393453 -0.884990 -0.253890 1.000000
tan -0.293075 -0.868064 -0.225928 1.000000
tan -0.295741 -0.883130 -0.234732 1.000000
tan -0.055056 -0.896274 -0.440077 1.000000
tan -0.093744 -0.905946 -0.411061 1.000000
tan 0.010416 -0.908054 -0.384897 1.000000
tan -0.033046 -0.914626 -0.376279 1.000000
tan -0.010416 -0.908054 -0.384897 1.000000
tan 0.055056 -0.896274 -0.440077 1.000000
tan 0.093744 -0.905946 -0.411061 1.000000
tan 0.295741 -0.883130 -0.234732 1.000000
tan 0.293075 -0.868064 -0.225928 1.000000
tan 0.393453 -0.884990 -0.253890 1.000000
tan 0.602641 -0.708971 -0.364561 1.000000
tan 0.590799 -0.739475 -0.325563 1.000000
tan 0.678529 -0.647715 -0.059892 1.000000
tan 0.691425 -0.628371 -0.075640 1.000000
tan 0.661665 -0.673073 0.273793 1.000000
tan 0.668981 -0.665757 0.270817 1.000000
tan 0.823610 -0.238948 0.510943 1.000000
tan 0.853680 -0.234360 0.459421 1.000000
tan 0.853680 -0.234360 0.459421 1.000000
tan 0.823610 -0.238948 0.510943 1.000000
tan 0.724471 -0.239630 0.640585 1.000000
tan 0.724471 -0.239630 0.640585 1.000000
tan 0.442309 -0.246512 0.861740 1.000000
tan 0.556699 -0.242668 0.793105 1.000000
tan 0.335545 -0.243970 0.907496 1.000000
tan 0.114390 -0.245892 0.960878 1.000000
tan 0.114390 -0.245892 0.960878 1.000000
tan -0.106764 -0.245644 0.960878 1.000000
tan -0.213528 -0.242792 0.945626 1.000000
tan -0.327919 -0.243288 0.907496 1.000000
tan -0.541447 -0.241986 0.800732 1.000000
tan -0.541447 -0.241986 0.800732 1.000000
tan -0.724471 -0.239630 0.640585 1.000000
tan -0.724471 -0.239630 0.640585 1.000000
tan -0.861740 -0.238638 0.434683 1.000000
tan -0.861740 -0.238638 0.434683 1.000000
tan -0.945626 -0.243226 0.221154 1.000000
tan -0.960878 -0.245644 0.106764 1.000000
tan -0.968504 -0.244094 0.000000 1.000000
tan -0.945626 -0.243226 -0.221154 1.000000
tan -0.945626 -0.243226 -0.221154 1.000000
tan -0.861740 -0.238638 -0.434683 1.000000
tan -0.808358 -0.248993 -0.533821 1.000000
tan -0.724471 -0.239631 -0.640585 1.000000
tan -0.541447 -0.241987 -0.800732 1.000000
tan -0.541447 -0.241987 -0.800732 1.000000
tan -0.327919 -0.243289 -0.907496 1.000000
tan -0.327919 -0.243289 -0.907496 1.000000
tan 0.000000 -0.244095 -0.968504 1.000000
tan -0.106764 -0.245645 -0.960878 1.000000
tan 0.106764 -0.245645 -0.960878 1.000000
tan 0.327919 -0.243289 -0.907496 1.000000
tan 0.327919 -0.243289 -0.907496 1.000000
tan 0.541447 -0.241987 -0.800732 1.000000
tan 0.640585 -0.244839 -0.724471 1.000000
tan 0.732097 -0.239817 -0.632959 1.000000
tan 0.869366 -0.239444 -0.427057 1.000000
tan 0.869366 -0.239444 -0.427057 1.000000
tan 0.945626 -0.243226 -0.221154 1.000000
tan 0.960878 -0.246140 -0.122016 1.000000
tan 0.968504 -0.244094 -0.083886 1.000000
tan 0.968938 -0.234484 -0.032364 1.000000
tan 0.968938 -0.234484 -0.032364 1.000000
tan 0.000000 -0.000000 -1.000000 1.000000
tan 0.000000 -0.000000 -1.000000 1.000000
tan 0.000000 -0.000000 -1.000000 1.000000
tan 0.000000 -0.000000 -1.000000 1.000000
tan 0.000000 -0.000000 -1.000000 1.000000
tan 0.000000 -0.000000 -1.000000 1.000000
tan 0.023622 -0.992126 0.000000 1.000000
tan 0.015872 -0.979974 0.027900 1.000000
tan 0.034472 -0.940790 0.032240 1.000000
tan 0.047244 -0.992126 0.000000 1.000000
tan 0.027156 -0.992746 -0.038688 1.000000
tan 0.000992 -0.947920 -0.031496 1.000000
tan -0.000744 -0.972224 -0.047244 1.000000
tan -0.014136 -0.965900 -0.028024 1.000000
tan -0.031496 -0.952260 -0.002480 1.000000
tan -0.023622 -1.000000 0.000000 1.000000
tan -0.019840 -0.966706 0.023126 1.000000
tan -0.008990 -0.899870 0.019406 1.000000
tan -0.022568 -0.979974 0.036890 1.000000
tan -0.034968 -0.940790 0.068820 1.000000
tan -0.132928 -0.929196 -0.145266 1.000000
tan -0.092876 -0.949160 -0.090954 1.000000
tan -0.137826 -0.934962 -0.158348 1.000000
tan -0.104470 -0.945006 -0.101184 1.000000
tan -0.233864 -0.858578 -0.194928 1.000000
tan -0.070308 -0.992126 -0.064046 1.000000
tan -0.110484 -0.932358 -0.064356 1.000000
tan -0.070308 -0.992126 -0.060698 1.000000
tan 0.005146 -0.864282 -0.487755 1.000000
tan -0.016740 -0.876744 -0.444727 1.000000
tan -0.042780 -0.899374 -0.431273 1.000000
tan -0.062496 -0.992126 -0.050158 1.000000
tan -0.062496 -0.992126 -0.047182 1.000000
tan -0.070308 -0.992126 -0.024118 1.000000
tan -0.062372 -0.945006 -0.029884 1.000000
tan -0.054684 -0.956538 -0.035588 1.000000
tan -0.062496 -0.992126 -0.008308 1.000000
tan -0.066526 -0.946680 -0.019654 1.000000
tan -0.062496 -0.952322 -0.020832 1.000000
tan -0.050406 -0.955298 0.016368 1.000000
tan -0.058528 -0.978114 -0.013888 1.000000
tan -0.060760 -0.992746 -0.014012 1.000000
tan -0.058342 -0.940790 -0.000868 1.000000
tan -0.052514 -0.956538 0.003782 1.000000
tan -0.058218 -0.947734 -0.003596 1.000000
tan -0.055118 -0.972348 -0.000868 1.000000
tan -0.023436 -0.993428 0.002852 1.000000
tan -0.055118 -0.977928 -0.000434 1.000000
tan -0.055118 -1.000000 0.000000 1.000000
tan -0.015624 -0.940790 -0.002232 1.000000
tan -0.055118 -1.000000 0.000000 1.000000
tan -0.015748 -0.972224 -0.000248 1.000000
tan -0.055118 -0.967140 0.001302 1.000000
tan -0.055118 -0.972224 0.000868 1.000000
tan -0.015748 -1.000000 0.000000 1.000000
tan -0.054684 -0.945254 0.006076 1.000000
tan -0.054684 -0.944448 0.008246 1.000000
tan -0.015624 -0.940790 0.002232 1.000000
tan -0.041230 -0.999752 0.036890 1.000000
tan -0.045570 -0.993428 0.031248 1.000000
tan -0.023436 -0.961808 0.048050 1.000000
tan -0.015748 -0.972348 0.000248 1.000000
tan -0.027962 -0.968256 0.046066 1.000000
tan -0.010416 -0.956538 0.052328 1.000000
tan -0.012896 -0.992746 0.009052 1.000000
tan -0.009610 -0.957282 0.052638 1.000000
tan -0.007812 -0.992126 0.054188 1.000000
tan -0.011408 -0.958770 0.010540 1.000000
tan -0.008184 -0.985554 0.053816 1.000000
tan -0.008246 -0.956538 0.012958 1.000000
tan -0.007316 -0.985554 0.056420 1.000000
tan -0.007812 -0.992126 0.056048 1.000000
tan -0.007812 -0.992126 0.014818 1.000000
tan 0.002170 -0.957282 0.055118 1.000000
tan 0.003038 -0.956538 0.055118 1.000000
tan 0.000868 -0.956538 0.015748 1.000000
tan 0.015438 -0.968256 0.055490 1.000000
tan 0.010416 -0.961808 0.056978 1.000000
tan -0.007812 -0.992126 0.024552 1.000000
tan 0.035774 -0.999752 0.042532 1.000000
tan 0.045570 -0.993428 0.031248 1.000000
tan 0.054684 -0.944448 0.008246 1.000000
tan 0.007688 -0.992746 0.014942 1.000000
tan 0.054684 -0.945254 0.006076 1.000000
tan -0.001488 -0.958770 0.019468 1.000000
tan 0.055118 -0.972224 0.000868 1.000000
tan 0.055118 -0.967140 0.001302 1.000000
tan 0.055118 -1.000000 0.000000 1.000000
tan 0.015624 -0.948602 0.002232 1.000000
tan 0.055118 -1.000000 0.000000 1.000000
tan 0.015748 -0.972224 0.000248 1.000000
tan 0.055118 -0.977928 -0.000434 1.000000
tan 0.055118 -0.972348 -0.000868 1.000000
tan 0.015748 -0.972224 -0.000248 1.000000
tan 0.054250 -0.947734 -0.010416 1.000000
tan 0.015748 -1.000000 0.000000 1.000000
tan 0.054684 -0.940790 -0.007812 1.000000
tan -0.094488 -0.992126 0.000000 1.000000
tan -0.094488 -0.992126 0.000000 1.000000
tan 0.043648 -0.978114 -0.032116 1.000000
tan 0.039928 -0.992746 -0.037572 1.000000
tan 0.017360 -0.952322 -0.052080 1.000000
tan 0.013454 -0.946680 -0.053382 1.000000
tan 0.054560 -0.987538 0.038192 1.000000
tan 0.015624 -0.940790 -0.002232 1.000000
tan -0.094488 -0.948664 0.005208 1.000000
tan -0.094488 -0.948664 0.005208 1.000000
tan 0.413045 -0.823362 -0.026040 1.000000
tan 0.148056 -0.882386 0.060078 1.000000
tan 0.028892 -0.987538 0.150288 1.000000
tan 0.028892 -0.987538 0.150288 1.000000
tan 0.368405 -0.902598 -0.224440 1.000000
tan 0.277575 -0.885052 -0.313162 1.000000
tan 0.244094 -0.968504 0.000000 1.000000
tan 0.425197 -0.894042 -0.023436 1.000000
tan 0.425197 -0.905512 0.000000 1.000000
tan 0.425197 -0.894042 0.023436 1.000000
tan 0.415153 -0.877922 0.093744 1.000000
tan 0.220410 -0.890322 0.047678 1.000000
tan 0.341497 -0.901978 0.254449 1.000000
tan -0.089280 -0.952322 -0.029760 1.000000
tan -0.089280 -0.952322 -0.029760 1.000000
tan 0.014384 -0.880154 0.228347 1.000000
tan 0.164052 -0.886602 0.391717 1.000000
tan 0.050220 -0.881828 0.421849 1.000000
tan -0.007192 -0.944448 -0.097402 1.000000
tan -0.007192 -0.944448 -0.097402 1.000000
tan 0.000000 -0.921260 0.393701 1.000000
tan -0.020150 -0.837932 0.430281 1.000000
tan -0.007812 -0.992126 -0.094488 1.000000
tan -0.007812 -0.992126 -0.094488 1.000000
tan 0.000248 -0.944448 -0.101060 1.000000
tan 0.000248 -0.944448 -0.101060 1.000000
tan -0.224750 -0.890322 0.041354 1.000000
tan -0.276025 -0.905512 0.312171 1.000000
tan -0.415153 -0.877922 0.093744 1.000000
tan 0.089280 -0.952322 -0.029760 1.000000
tan 0.089280 -0.952322 -0.029760 1.000000
tan -0.228346 -0.968504 0.000000 1.000000
tan -0.425197 -0.894042 0.023436 1.000000
tan -0.425197 -0.905512 0.000000 1.000000
tan -0.425197 -0.894042 -0.023436 1.000000
tan 0.094488 -0.992126 0.000000 1.000000
tan 0.094488 -0.992126 0.000000 1.000000
tan -0.236220 -0.903466 -0.003720 1.000000
tan -0.415153 -0.877922 -0.093744 1.000000
tan -0.346209 -0.901978 -0.249116 1.000000
tan 0.094488 -0.948664 0.005208 1.000000
tan 0.094488 -0.948664 0.005208 1.000000
tan -0.161200 -0.959638 -0.157108 1.000000
tan -0.196850 -0.890632 -0.371567 1.000000
tan 0.048422 -0.992746 0.082584 1.000000
tan 0.054312 -0.992746 0.077376 1.000000
tan -0.045012 -0.952756 -0.218674 1.000000
tan -0.087048 -0.884370 -0.409139 1.000000
tan -0.055800 -0.901110 -0.419989 1.000000
tan -0.029016 -0.972224 0.101928 1.000000
tan -0.021390 -0.972224 0.100068 1.000000
tan -0.047244 -0.972224 0.083328 1.000000
tan -0.047244 -0.972224 0.083328 1.000000
tan -0.081282 -0.939612 -0.028954 1.000000
tan -0.547089 -0.821130 0.133672 1.000000
tan -0.117180 -0.998822 -0.017298 1.000000
tan 0.117180 -0.998822 0.017298 1.000000
tan -0.526753 -0.832538 0.033852 1.000000
tan 0.081282 -0.939612 0.028954 1.000000
tan 0.547089 -0.821130 -0.133672 1.000000
tan 0.524521 -0.832538 -0.040176 1.000000
tan -0.330709 -0.937504 0.002604 1.000000
tan -0.511811 -0.859756 0.012090 1.000000
tan -0.511811 -0.859260 -0.008060 1.000000
tan -0.070866 -0.992126 0.000000 1.000000
tan -0.330709 -0.937504 -0.002604 1.000000
tan -0.515593 -0.834770 -0.069564 1.000000
tan 0.070866 -0.992126 0.000000 1.000000
tan -0.070866 -0.939612 -0.000558 1.000000
tan -0.070866 -0.992126 0.000000 1.000000
tan -0.373861 -0.848162 -0.373861 1.000000
tan 0.070866 -0.992126 0.000000 1.000000
tan 0.330709 -0.937504 -0.002604 1.000000
tan 0.511811 -0.859756 -0.012090 1.000000
tan 0.330709 -0.937504 0.002604 1.000000
tan 0.511811 -0.859260 0.008060 1.000000
tan 0.515593 -0.834770 0.069564 1.000000
tan 0.070866 -0.939612 0.000558 1.000000
tan 0.373861 -0.848162 0.373861 1.000000
tan -0.050220 -0.998822 -0.050220 1.000000
tan 0.050220 -0.998822 0.050220 1.000000
tan -0.007936 -0.939612 -0.068262 1.000000
tan -0.086304 -0.837002 -0.511129 1.000000
tan 0.007936 -0.939612 0.068262 1.000000
tan 0.079980 -0.837002 0.513361 1.000000
tan -0.009982 -0.937504 -0.330213 1.000000
tan -0.018848 -0.859756 -0.511315 1.000000
tan 0.018848 -0.859756 -0.511315 1.000000
tan -0.007812 -0.992126 -0.070308 1.000000
tan 0.009982 -0.937504 -0.330213 1.000000
tan 0.079980 -0.837002 -0.513361 1.000000
tan 0.007812 -0.992126 0.070308 1.000000
tan 0.007936 -0.939612 -0.068262 1.000000
tan 0.007812 -0.992126 -0.070308 1.000000
tan 0.373861 -0.848162 -0.373861 1.000000
tan -0.007812 -0.992126 0.070308 1.000000
tan 0.009982 -0.937504 0.330213 1.000000
tan 0.018848 -0.859756 0.511315 1.000000
tan -0.009982 -0.937504 0.330213 1.000000
tan -0.018848 -0.859756 0.511315 1.000000
tan -0.079980 -0.837002 0.513361 1.000000
tan -0.007936 -0.939612 0.068262 1.000000
tan -0.373861 -0.848162 0.373861 1.000000
tan 0.050220 -0.998822 -0.050220 1.000000
tan -0.050220 -0.998822 0.050220 1.000000
tan 0.070866 -0.939612 -0.000558 1.000000
tan 0.515593 -0.834770 -0.069564 1.000000
tan -0.070866 -0.939612 0.000558 1.000000
tan -0.515593 -0.834770 0.069564 1.000000
tan 0.330709 -0.937504 -0.002604 1.000000
tan 0.511811 -0.859260 -0.008060 1.000000
tan 0.511811 -0.859260 0.008060 1.000000
tan 0.070866 -0.992126 0.000000 1.000000
tan 0.330709 -0.937504 0.002604 1.000000
tan 0.515593 -0.834770 0.069564 1.000000
tan -0.070866 -0.992126 0.000000 1.000000
tan 0.070866 -0.939612 0.000558 1.000000
tan 0.070866 -0.992126 0.000000 1.000000
tan 0.373861 -0.848162 0.373861 1.000000
tan -0.070866 -0.992126 0.000000 1.000000
tan -0.330709 -0.937504 0.002604 1.000000
tan -0.511811 -0.859260 0.008060 1.000000
tan -0.330709 -0.937504 -0.002604 1.000000
tan -0.511811 -0.859260 -0.008060 1.000000
tan -0.515593 -0.834770 -0.069564 1.000000
tan -0.070866 -0.939612 -0.000558 1.000000
tan -0.373861 -0.848162 -0.373861 1.000000
tan 0.050220 -0.998822 0.050220 1.000000
tan -0.050220 -0.998822 -0.050220 1.000000
tan 0.007936 -0.939612 0.068262 1.000000
tan 0.086304 -0.837002 0.511129 1.000000
tan -0.007936 -0.939612 -0.068262 1.000000
tan -0.079980 -0.837002 -0.513361 1.000000
tan 0.009982 -0.937504 0.330213 1.000000
tan 0.018848 -0.859756 0.511315 1.000000
tan -0.018848 -0.859756 0.511315 1.000000
tan 0.007812 -0.992126 0.070308 1.000000
tan -0.009982 -0.937504 0.330213 1.000000
tan -0.033852 -0.832537 0.526753 1.000000
tan -0.007812 -0.992126 -0.070308 1.000000
tan 0.028954 -0.939612 0.081282 1.000000
tan -0.133672 -0.821130 0.547089 1.000000
tan 0.017298 -0.998822 0.117180 1.000000
tan 0.000000 -0.992126 0.070866 1.000000
tan 0.000000 -0.992126 -0.070866 1.000000
tan -0.028954 -0.939612 -0.081282 1.000000
tan -0.017298 -0.998822 -0.117180 1.000000
tan 0.133672 -0.821130 -0.547089 1.000000
tan 0.040176 -0.832538 -0.524521 1.000000
tan 0.009982 -0.937504 -0.330213 1.000000
tan 0.018848 -0.859756 -0.511315 1.000000
tan -0.018848 -0.859756 -0.511315 1.000000
tan -0.009982 -0.937504 -0.330213 1.000000
tan -1.000000 -0.000000 -0.007874 1.000000
tan -1.000000 -0.000000 -0.007874 1.000000
tan -1.000000 -0.000000 -0.007874 1.000000
tan -1.000000 -0.000000 -0.007874 1.000000
tan -1.000000 -0.000000 -0.007874 1.000000
tan -1.000000 -0.000000 -0.007874 1.000000
tan -1.000000 -0.000000 -0.007874 1.000000
tan -1.000000 -0.000000 -0.007874 1.000000
tan -1.000000 -0.000000 -0.007874 1.000000
tan -1.000000 -0.000000 -0.007874 1.000000
tan -1.000000 -0.000000 -0.007874 1.000000
tan -1.000000 -0.000000 -0.007874 1.000000
tan -1.000000 -0.000000 -0.007874 1.000000
tan -1.000000 -0.000000 -0.007874 1.000000
tan -1.000000 -0.000000 -0.007874 1.000000
tan -1.000000 -0.000000 -0.007874 1.000000
tan -0.029450 0.204538 -0.931738 1.000000
tan -0.014632 0.036580 -0.947424 1.000000
tan -0.001860 0.368281 -0.898382 1.000000
tan -0.018972 0.054560 -0.942774 1.000000
tan 0.009176 0.483043 -0.866452 1.000000
tan 0.007502 -0.033914 -0.952756 1.000000
tan 0.005456 -0.046500 -0.942774 1.000000
tan 0.015934 -0.196974 -0.931738 1.000000
tan 0.000000 0.338583 -0.944882 1.000000
tan 0.004030 0.511811 -0.858578 1.000000
tan -0.004030 0.511811 -0.858578 1.000000
tan 0.000000 -0.015748 -1.000000 1.000000
tan 0.000000 0.322834 -0.944882 1.000000
tan -0.009176 0.483043 -0.866452 1.000000
tan 0.001860 0.368281 -0.898382 1.000000
tan 0.015934 0.196974 -0.931738 1.000000
tan 0.000000 0.015748 -1.000000 1.000000
tan 0.000000 0.070866 -1.000000 1.000000
tan 0.007192 0.034162 -0.947548 1.000000
tan 0.005456 0.046500 -0.942774 1.000000
tan -0.025730 -0.058590 -0.942774 1.000000
tan 0.000000 0.070866 -1.000000 1.000000
tan 0.000000 -0.070866 -1.000000 1.000000
tan 0.000000 0.007874 -1.000000 1.000000
tan 0.000000 -0.070866 -1.000000 1.000000
tan 0.000000 -0.338583 -0.937008 1.000000
tan 0.025606 -0.387563 -0.864964 1.000000
tan -0.009176 -0.483043 -0.866452 1.000000
tan -0.004030 -0.511811 -0.858578 1.000000
tan 0.000000 -0.338583 -0.944882 1.000000
tan 0.004030 -0.511811 -0.858578 1.000000
tan 0.009176 -0.483043 -0.866452 1.000000
tan 0.000000 -0.015748 -1.000000 1.000000
tan -0.014880 -0.036456 -0.944882 1.000000
tan -0.001860 -0.368281 -0.898382 1.000000
tan -0.029450 -0.204538 -0.931738 1.000000
tan 0.796826 -0.140368 0.593713 1.000000
tan 0.785480 -0.254014 0.564325 1.000000
tan 0.777854 -0.255440 0.579577 1.000000
tan 0.800236 -0.244032 0.551057 1.000000
tan 0.764275 -0.242172 0.593713 1.000000
tan 0.804638 -0.124124 0.578089 1.000000
tan 0.800732 -0.214830 0.543493 1.000000
tan 0.801724 -0.172608 0.553041 1.000000
tan 0.781202 -0.113212 0.609337 1.000000
tan 0.756836 -0.222456 0.609337 1.000000
tan 0.718581 -0.182962 0.635377 1.000000
tan 0.804638 -0.076446 0.578089 1.000000
tan 0.794222 -0.120466 0.537045 1.000000
tan 0.780582 -0.049476 0.574927 1.000000
tan 0.804638 -0.105772 0.578089 1.000000
tan 0.789014 -0.002914 0.593713 1.000000
tan 0.773576 0.016182 0.589435 1.000000
tan 0.758695 0.073284 0.603943 1.000000
tan 0.789014 -0.013888 0.593713 1.000000
tan 0.781202 0.062248 0.609337 1.000000
tan 0.751318 0.134416 0.610577 1.000000
tan 0.751318 0.183024 0.609585 1.000000
tan 0.781202 0.080848 0.609337 1.000000
tan 0.781202 0.113212 0.609337 1.000000
tan 0.756836 0.222456 0.609337 1.000000
tan 0.764275 0.242173 0.593713 1.000000
tan 0.731601 0.143220 0.612561 1.000000
tan 0.768492 -0.024676 0.573811 1.000000
tan 0.729122 0.265981 0.615661 1.000000
tan 0.792362 -0.185566 0.522785 1.000000
tan 0.795462 -0.293384 0.518445 1.000000
tan 0.796826 0.137144 0.593713 1.000000
tan 0.745924 0.317317 0.578647 1.000000
tan 0.796826 -0.137144 0.593713 1.000000
tan 0.766322 -0.322649 0.550561 1.000000
tan 0.733585 -0.294004 0.592845 1.000000
tan 0.789014 -0.085932 0.601525 1.000000
tan 0.716969 -0.213528 0.624961 1.000000
tan 0.740281 -0.063116 0.601091 1.000000
tan 0.781202 -0.057412 0.609337 1.000000
tan 0.733709 -0.083576 0.620249 1.000000
tan 0.796826 -0.024800 0.593713 1.000000
tan 0.779465 0.115134 0.551553 1.000000
tan 0.796826 0.020956 0.593713 1.000000
tan 0.777854 0.032178 0.571951 1.000000
tan 0.794966 0.119102 0.560295 1.000000
tan 0.804638 0.085622 0.578089 1.000000
tan 0.797012 0.250915 0.513547 1.000000
tan 0.804638 0.101184 0.578089 1.000000
tan 0.801724 0.172608 0.553041 1.000000
tan 0.800732 0.214830 0.543493 1.000000
tan 0.804638 0.136090 0.578089 1.000000
tan 0.800236 0.244033 0.551057 1.000000
tan 0.785480 0.254015 0.564325 1.000000
tan 0.796826 0.135408 0.585901 1.000000
tan 0.787712 0.314837 0.523157 1.000000
tan 0.796826 0.137144 0.593713 1.000000
tan 0.777854 0.255441 0.579577 1.000000
tan 0.009176 -0.483043 -0.866452 1.000000
tan 0.000000 -0.346457 -0.937008 1.000000
tan -0.001860 -0.368281 -0.898382 1.000000
tan 0.004030 -0.511811 -0.858578 1.000000
tan -0.029450 -0.204538 -0.931738 1.000000
tan 0.000000 -0.314961 -0.952756 1.000000
tan -0.004030 -0.511811 -0.858578 1.000000
tan -0.009176 -0.483043 -0.866452 1.000000
tan -0.015004 -0.036332 -0.952756 1.000000
tan -0.025730 -0.058590 -0.942774 1.000000
tan 0.025730 0.058590 -0.942774 1.000000
tan 0.021886 -0.039680 -0.939736 1.000000
tan 0.008680 -0.371071 -0.898382 1.000000
tan 0.037572 -0.208320 -0.927956 1.000000
tan 0.025730 -0.058590 -0.942774 1.000000
tan 0.021886 0.039680 -0.939736 1.000000
tan 0.037572 0.208320 -0.927956 1.000000
tan 0.032302 0.390477 -0.864964 1.000000
tan -0.009176 0.483043 -0.866452 1.000000
tan 0.000000 -0.015748 -1.000000 1.000000
tan 0.000000 0.314960 -0.952756 1.000000
tan -0.004030 0.511811 -0.858578 1.000000
tan 0.004030 0.511811 -0.858578 1.000000
tan 0.000000 0.007874 -1.000000 1.000000
tan 0.000000 0.346457 -0.937008 1.000000
tan 0.009176 0.483043 -0.866452 1.000000
tan 0.000000 0.070866 -1.000000 1.000000
tan -0.001860 0.368281 -0.898382 1.000000
tan -0.029450 0.204538 -0.931738 1.000000
tan 0.000000 0.070866 -1.000000 1.000000
tan 0.000000 -0.070866 -1.000000 1.000000
tan 0.000000 0.015748 -1.000000 1.000000
tan 0.000000 -0.070866 -1.000000 1.000000
tan 0.000000 -0.007874 -1.000000 1.000000
tan -0.015004 0.036332 -0.952756 1.000000
tan -0.025730 0.058590 -0.942774 1.000000
f 3/3/3 2/2/2 1/1/1
f 3/3/3 1/1/1 4/4/4
f 5/5/5 3/3/3 4/4/4
f 5/5/5 4/4/4 6/6/6
f 9/9/9 8/8/8 7/7/7
f 7/7/7 10/10/10 9/9/9
f 10/10/10 11/11/11 9/9/9
f 11/11/11 10/10/10 12/12/12
f 15/15/15 14/14/14 13/13/13
f 14/14/14 15/15/15 16/16/16
f 17/17/17 16/16/16 15/15/15
f 17/17/17 18/18/18 16/16/16
f 21/21/21 20/20/20 19/19/19
f 20/20/20 21/21/21 22/22/22
f 23/23/23 22/22/22 21/21/21
f 23/23/23 24/24/24 22/22/22
f 27/27/27 26/26/26 25/25/25
f 26/26/26 27/27/27 28/28/28
f 29/29/29 28/28/28 27/27/27
f 29/29/29 30/30/30 28/28/28
f 33/33/33 32/32/32 31/31/31
f 32/32/32 33/33/33 34/34/34
f 35/35/35 34/34/34 33/33/33
f 35/35/35 36/36/36 34/34/34
f 39/39/39 38/38/38 37/37/37
f 37/37/37 40/40/40 39/39/39
f 40/40/40 41/41/41 39/39/39
f 41/41/41 40/40/40 42/42/42
f 45/45/45 44/44/44 43/43/43
f 44/44/44 45/45/45 46/46/46
f 47/47/47 46/46/46 45/45/45
f 47/47/47 48/48/48 46/46/46
f 51/51/51 50/50/50 49/49/49
f 50/50/50 51/51/51 52/52/52
f 53/53/53 52/52/52 51/51/51
f 53/53/53 54/54/54 52/52/52
f 57/57/57 56/56/56 55/55/55
f 57/57/57 55/55/55 58/58/58
f 58/58/58 59/59/59 57/57/57
f 59/59/59 58/58/58 60/60/60
f 63/63/63 62/62/62 61/61/61
f 62/62/62 63/63/63 64/64/64
f 65/65/65 64/64/64 63/63/63
f 65/65/65 66/66/66 64/64/64
f 69/69/69 68/68/68 67/67/67
f 67/67/67 70/70/70 69/69/69
f 70/70/70 71/71/71 69/69/69
f 71/71/71 70/70/70 72/72/72
f 75/75/75 74/74/74 73/73/73
f 74/74/74 75/75/75 76/76/76
f 77/77/77 76/76/76 75/75/75
f 77/77/77 78/78/78 76/76/76
f 81/81/81 80/80/80 79/79/79
f 81/81/81 82/82/82 80/80/80
f 83/83/83 82/82/82 81/81/81
f 82/82/82 83/83/83 84/84/84
f 84/84/84 83/83/83 85/85/85
f 86/86/86 85/85/85 83/83/83
f 86/86/86 87/87/87 85/85/85
f 88/88/88 87/87/87 86/86/86
f 87/87/87 88/88/88 89/89/89
f 89/89/89 88/88/88 90/90/90
f 91/91/91 90/90/90 88/88/88
f 91/91/91 92/92/92 90/90/90
f 93/93/93 92/92/92 91/91/91
f 92/92/92 93/93/93 94/94/94
f 94/94/94 93/93/93 95/95/95
f 96/96/96 95/95/95 93/93/93
f 95/95/95 96/96/96 97/97/97
f 98/98/98 97/97/97 96/96/96
f 97/97/97 98/98/98 99/99/99
f 99/99/99 98/98/98 100/100/100
f 101/101/101 100/100/100 98/98/98
f 100/100/100 101/101/101 102/102/102
f 103/103/103 102/102/102 101/101/101
f 106/106/106 105/105/105 104/104/104
f 107/107/107 104/104/104 105/105/105
f 104/104/104 107/107/107 108/108/108
f 109/109/109 108/108/108 107/107/107
f 108/108/108 109/109/109 110/110/110
f 111/111/111 110/110/110 109/109/109
f 112/112/112 110/110/110 111/111/111
f 110/110/110 112/112/112 113/113/113
f 114/114/114 113/113/113 112/112/112
f 113/113/113 114/114/114 115/115/115
f 116/116/116 113/113/113 115/115/115
f 117/117/117 116/116/116 115/115/115
f 116/116/116 117/117/117 118/118/118
f 119/119/119 118/118/118 117/117/117
f 119/119/119 120/120/120 118/118/118
f 121/121/121 118/118/118 120/120/120
f 121/121/121 120/120/120 122/122/122
f 123/123/123 122/122/122 120/120/120
f 123/123/123 124/124/124 122/122/122
f 124/124/124 125/125/125 122/122/122
f 125/125/125 124/124/124 126/126/126
f 125/125/125 126/126/126 127/127/127
f 128/128/128 127/127/127 126/126/126
f 127/127/127 128/128/128 129/129/129
f 130/130/130 127/127/127 129/129/129
f 130/130/130 129/129/129 131/131/131
f 130/130/130 131/131/131 132/132/132
f 133/133/133 132/132/132 131/131/131
f 132/132/132 133/133/133 134/134/134
f 135/135/135 134/134/134 133/133/133
f 134/134/134 135/135/135 136/136/136
f 137/137/137 136/136/136 135/135/135
f 138/138/138 136/136/136 137/137/137
f 136/136/136 138/138/138 139/139/139
f 140/140/140 139/139/139 138/138/138
f 139/139/139 140/140/140 141/141/141
f 141/141/141 142/142/142 139/139/139
f 143/143/143 142/142/142 141/141/141
f 142/142/142 143/143/143 144/144/144
f 145/145/145 144/144/144 143/143/143
f 144/144/144 145/145/145 146/146/146
f 147/147/147 144/144/144 146/146/146
f 148/148/148 147/147/147 146/146/146
f 148/148/148 149/149/149 147/147/147
f 150/150/150 147/147/147 149/149/149
f 153/153/153 152/152/152 151/151/151
f 154/154/154 151/151/151 152/152/152
f 151/151/151 154/154/154 155/155/155
f 156/156/156 155/155/155 154/154/154
f 159/159/159 158/158/158 157/157/157
f 160/160/160 159/159/159 157/157/157
f 160/160/160 157/157/157 161/161/161
f 162/162/162 161/161/161 157/157/157
f 163/163/163 161/161/161 162/162/162
f 163/163/163 162/162/162 164/164/164
f 163/163/163 164/164/164 165/165/165
f 165/165/165 164/164/164 166/166/166
f 165/165/165 166/166/166 167/167/167
f 168/168/168 167/167/167 166/166/166
f 169/169/169 167/167/167 168/168/168
f 170/170/170 167/167/167 169/169/169
f 173/173/173 172/172/172 171/171/171
f 174/174/174 171/171/171 172/172/172
f 171/171/171 174/174/174 175/175/175
f 172/172/172 176/176/176 174/174/174
f 175/175/175 174/174/174 177/177/177
f 178/178/178 174/174/174 176/176/176
f 179/179/179 175/175/175 177/177/177
f 177/177/177 180/180/180 179/179/179
f 177/177/177 181/181/181 180/180/180
f 178/178/178 176/176/176 182/182/182
f 183/183/183 182/182/182 176/176/176
f 178/178/178 182/182/182 184/184/184
f 182/182/182 183/183/183 185/185/185
f 186/186/186 185/185/185 183/183/183
f 184/184/184 182/182/182 187/187/187
f 185/185/185 186/186/186 188/188/188
f 189/189/189 188/188/188 186/186/186
f 188/188/188 190/190/190 185/185/185
f 188/188/188 189/189/189 191/191/191
f 192/192/192 191/191/191 189/189/189
f 192/192/192 193/193/193 191/191/191
f 194/194/194 185/185/185 190/190/190
f 195/195/195 191/191/191 193/193/193
f 193/193/193 196/196/196 195/195/195
f 191/191/191 195/195/195 197/197/197
f 198/198/198 195/195/195 196/196/196
f 196/196/196 199/199/199 198/198/198
f 197/197/197 195/195/195 200/200/200
f 201/201/201 198/198/198 199/199/199
f 198/198/198 201/201/201 202/202/202
f 201/201/201 199/199/199 203/203/203
f 204/204/204 203/203/203 199/199/199
f 202/202/202 201/201/201 205/205/205
f 203/203/203 204/204/204 206/206/206
f 207/207/207 206/206/206 204/204/204
f 206/206/206 208/208/208 203/203/203
f 206/206/206 207/207/207 209/209/209
f 210/210/210 209/209/209 207/207/207
f 210/210/210 211/211/211 209/209/209
f 212/212/212 203/203/203 208/208/208
f 213/213/213 209/209/209 211/211/211
f 211/211/211 214/214/214 213/213/213
f 209/209/209 213/213/213 215/215/215
f 216/216/216 213/213/213 214/214/214
f 214/214/214 217/217/217 216/216/216
f 215/215/215 213/213/213 218/218/218
f 219/219/219 216/216/216 217/217/217
f 216/216/216 219/219/219 220/220/220
f 219/219/219 217/217/217 221/221/221
f 222/222/222 221/221/221 217/217/217
f 220/220/220 219/219/219 223/223/223
f 221/221/221 222/222/222 224/224/224
f 225/225/225 224/224/224 222/222/222
f 224/224/224 226/226/226 221/221/221
f 224/224/224 225/225/225 227/227/227
f 228/228/228 227/227/227 225/225/225
f 229/229/229 221/221/221 226/226/226
f 227/227/227 228/228/228 230/230/230
f 231/231/231 230/230/230 228/228/228
f 231/231/231 232/232/232 230/230/230
f 230/230/230 233/233/233 227/227/227
f 234/234/234 230/230/230 232/232/232
f 235/235/235 227/227/227 233/233/233
f 232/232/232 236/236/236 234/234/234
f 237/237/237 234/234/234 236/236/236
f 236/236/236 238/238/238 237/237/237
f 234/234/234 237/237/237 239/239/239
f 240/240/240 237/237/237 238/238/238
f 239/239/239 237/237/237 241/241/241
f 240/240/240 238/238/238 242/242/242
f 243/243/243 242/242/242 238/238/238
f 242/242/242 244/244/244 240/240/240
f 242/242/242 243/243/243 245/245/245
f 246/246/246 240/240/240 244/244/244
f 247/247/247 245/245/245 243/243/243
f 249/249/249 246/246/246 248/248/248
f 241/241/241 248/248/248 246/246/246
f 245/245/245 247/247/247 250/250/250
f 251/251/251 250/250/250 247/247/247
f 251/251/251 252/252/252 250/250/250
f 253/253/253 250/250/250 252/252/252
f 250/250/250 254/254/254 245/245/245
f 255/255/255 245/245/245 254/254/254
f 257/257/257 256/256/256 244/244/244
f 244/244/244 256/256/256 255/255/255
f 254/254/254 258/258/258 255/255/255
f 255/255/255 258/258/258 244/244/244
f 254/254/254 259/259/259 258/258/258
f 254/254/254 260/260/260 259/259/259
f 261/261/261 259/259/259 260/260/260
f 262/262/262 258/258/258 259/259/259
f 259/259/259 263/263/263 262/262/262
f 264/264/264 244/244/244 258/258/258
f 244/244/244 264/264/264 246/246/246
f 265/265/265 264/264/264 258/258/258
f 246/246/246 264/264/264 241/241/241
f 266/266/266 264/264/264 265/265/265
f 264/264/264 266/266/266 267/267/267
f 264/264/264 267/267/267 268/268/268
f 241/241/241 264/264/264 269/269/269
f 269/269/269 264/264/264 268/268/268
f 239/239/239 241/241/241 269/269/269
f 269/269/269 268/268/268 270/270/270
f 272/272/272 239/239/239 271/271/271
f 233/233/233 271/271/271 239/239/239
f 233/233/233 239/239/239 269/269/269
f 233/233/233 269/269/269 235/235/235
f 269/269/269 270/270/270 273/273/273
f 273/273/273 235/235/235 269/269/269
f 274/274/274 273/273/273 270/270/270
f 275/275/275 273/273/273 274/274/274
f 235/235/235 273/273/273 226/226/226
f 226/226/226 276/276/276 235/235/235
f 277/277/277 276/276/276 226/226/226
f 226/226/226 273/273/273 229/229/229
f 273/273/273 275/275/275 229/229/229
f 278/278/278 229/229/229 275/275/275
f 279/279/279 229/229/229 278/278/278
f 281/281/281 229/229/229 280/280/280
f 223/223/223 280/280/280 229/229/229
f 279/279/279 223/223/223 229/229/229
f 220/220/220 223/223/223 279/279/279
f 283/283/283 220/220/220 282/282/282
f 218/218/218 282/282/282 220/220/220
f 218/218/218 220/220/220 279/279/279
f 218/218/218 279/279/279 284/284/284
f 285/285/285 284/284/284 279/279/279
f 215/215/215 218/218/218 284/284/284
f 286/286/286 284/284/284 285/285/285
f 215/215/215 284/284/284 208/208/208
f 208/208/208 287/287/287 215/215/215
f 288/288/288 287/287/287 208/208/208
f 208/208/208 284/284/284 212/212/212
f 284/284/284 286/286/286 289/289/289
f 289/289/289 212/212/212 284/284/284
f 290/290/290 289/289/289 286/286/286
f 291/291/291 289/289/289 290/290/290
f 289/289/289 291/291/291 292/292/292
f 212/212/212 289/289/289 205/205/205
f 205/205/205 293/293/293 212/212/212
f 294/294/294 293/293/293 205/205/205
f 205/205/205 289/289/289 202/202/202
f 295/295/295 289/289/289 292/292/292
f 295/295/295 202/202/202 289/289/289
f 295/295/295 292/292/292 296/296/296
f 295/295/295 296/296/296 297/297/297
f 299/299/299 202/202/202 298/298/298
f 200/200/200 298/298/298 202/202/202
f 200/200/200 202/202/202 295/295/295
f 297/297/297 300/300/300 295/295/295
f 200/200/200 295/295/295 300/300/300
f 301/301/301 300/300/300 297/297/297
f 197/197/197 200/200/200 300/300/300
f 197/197/197 300/300/300 190/190/190
f 190/190/190 302/302/302 197/197/197
f 303/303/303 302/302/302 190/190/190
f 190/190/190 300/300/300 194/194/194
f 300/300/300 301/301/301 304/304/304
f 304/304/304 194/194/194 300/300/300
f 305/305/305 304/304/304 301/301/301
f 306/306/306 304/304/304 305/305/305
f 304/304/304 306/306/306 181/181/181
f 177/177/177 304/304/304 181/181/181
f 194/194/194 304/304/304 187/187/187
f 194/194/194 187/187/187 307/307/307
f 308/308/308 307/307/307 187/187/187
f 187/187/187 304/304/304 184/184/184
f 177/177/177 184/184/184 304/304/304
f 177/177/177 309/309/309 184/184/184
f 310/310/310 184/184/184 309/309/309
f 313/313/313 312/312/312 311/311/311
f 311/311/311 314/314/314 313/313/313
f 315/315/315 311/311/311 312/312/312
f 316/316/316 314/314/314 311/311/311
f 316/316/316 317/317/317 314/314/314
f 318/318/318 317/317/317 316/316/316
f 311/311/311 315/315/315 319/319/319
f 320/320/320 319/319/319 315/315/315
f 319/319/319 320/320/320 321/321/321
f 319/319/319 322/322/322 311/311/311
f 322/322/322 316/316/316 311/311/311
f 323/323/323 319/319/319 321/321/321
f 322/322/322 319/319/319 323/323/323
f 323/323/323 321/321/321 324/324/324
f 325/325/325 316/316/316 322/322/322
f 324/324/324 326/326/326 323/323/323
f 327/327/327 322/322/322 323/323/323
f 327/327/327 323/323/323 326/326/326
f 326/326/326 324/324/324 328/328/328
f 327/327/327 329/329/329 322/322/322
f 325/325/325 322/322/322 329/329/329
f 326/326/326 329/329/329 327/327/327
f 330/330/330 316/316/316 325/325/325
f 330/330/330 325/325/325 329/329/329
f 318/318/318 316/316/316 330/330/330
f 331/331/331 318/318/318 330/330/330
f 330/330/330 332/332/332 331/331/331
f 332/332/332 330/330/330 329/329/329
f 333/333/333 331/331/331 332/332/332
f 333/333/333 332/332/332 334/334/334
f 332/332/332 329/329/329 335/335/335
f 335/335/335 334/334/334 332/332/332
f 335/335/335 329/329/329 326/326/326
f 334/334/334 335/335/335 336/336/336
f 337/337/337 335/335/335 326/326/326
f 328/328/328 337/337/337 326/326/326
f 338/338/338 336/336/336 335/335/335
f 338/338/338 335/335/335 337/337/337
f 337/337/337 328/328/328 339/339/339
f 339/339/339 338/338/338 337/337/337
f 340/340/340 339/339/339 328/328/328
f 341/341/341 336/336/336 338/338/338
f 341/341/341 338/338/338 339/339/339
f 342/342/342 336/336/336 341/341/341
f 339/339/339 340/340/340 343/343/343
f 344/344/344 343/343/343 340/340/340
f 343/343/343 344/344/344 345/345/345
f 343/343/343 346/346/346 339/339/339
f 346/346/346 341/341/341 339/339/339
f 347/347/347 343/343/343 345/345/345
f 346/346/346 343/343/343 347/347/347
f 347/347/347 345/345/345 348/348/348
f 349/349/349 341/341/341 346/346/346
f 348/348/348 350/350/350 347/347/347
f 351/351/351 346/346/346 347/347/347
f 351/351/351 347/347/347 350/350/350
f 350/350/350 348/348/348 352/352/352
f 351/351/351 353/353/353 346/346/346
f 349/349/349 346/346/346 353/353/353
f 350/350/350 353/353/353 351/351/351
f 354/354/354 341/341/341 349/349/349
f 354/354/354 349/349/349 353/353/353
f 342/342/342 341/341/341 354/354/354
f 355/355/355 342/342/342 354/354/354
f 354/354/354 356/356/356 355/355/355
f 356/356/356 354/354/354 353/353/353
f 357/357/357 355/355/355 356/356/356
f 357/357/357 356/356/356 358/358/358
f 356/356/356 353/353/353 359/359/359
f 359/359/359 358/358/358 356/356/356
f 359/359/359 353/353/353 350/350/350
f 358/358/358 359/359/359 360/360/360
f 361/361/361 359/359/359 350/350/350
f 352/352/352 361/361/361 350/350/350
f 362/362/362 360/360/360 359/359/359
f 362/362/362 359/359/359 361/361/361
f 361/361/361 352/352/352 363/363/363
f 363/363/363 362/362/362 361/361/361
f 364/364/364 363/363/363 352/352/352
f 365/365/365 360/360/360 362/362/362
f 365/365/365 362/362/362 363/363/363
f 366/366/366 360/360/360 365/365/365
f 363/363/363 364/364/364 367/367/367
f 368/368/368 367/367/367 364/364/364
f 367/367/367 368/368/368 369/369/369
f 367/367/367 370/370/370 363/363/363
f 370/370/370 365/365/365 363/363/363
f 371/371/371 367/367/367 369/369/369
f 370/370/370 367/367/367 371/371/371
f 371/371/371 369/369/369 372/372/372
f 373/373/373 365/365/365 370/370/370
f 372/372/372 374/374/374 371/371/371
f 375/375/375 370/370/370 371/371/371
f 375/375/375 371/371/371 374/374/374
f 374/374/374 372/372/372 376/376/376
f 375/375/375 377/377/377 370/370/370
f 373/373/373 370/370/370 377/377/377
f 374/374/374 377/377/377 375/375/375
f 378/378/378 365/365/365 373/373/373
f 378/378/378 373/373/373 377/377/377
f 366/366/366 365/365/365 378/378/378
f 379/379/379 366/366/366 378/378/378
f 378/378/378 380/380/380 379/379/379
f 380/380/380 378/378/378 377/377/377
f 381/381/381 379/379/379 380/380/380
f 381/381/381 380/380/380 382/382/382
f 380/380/380 377/377/377 383/383/383
f 383/383/383 382/382/382 380/380/380
f 383/383/383 377/377/377 374/374/374
f 382/382/382 383/383/383 384/384/384
f 385/385/385 383/383/383 374/374/374
f 376/376/376 385/385/385 374/374/374
f 386/386/386 384/384/384 383/383/383
f 386/386/386 383/383/383 385/385/385
f 385/385/385 376/376/376 387/387/387
f 387/387/387 386/386/386 385/385/385
f 388/388/388 387/387/387 376/376/376
f 389/389/389 384/384/384 386/386/386
f 389/389/389 386/386/386 387/387/387
f 390/390/390 384/384/384 389/389/389
f 387/387/387 388/388/388 391/391/391
f 392/392/392 391/391/391 388/388/388
f 391/391/391 392/392/392 393/393/393
f 391/391/391 394/394/394 387/387/387
f 394/394/394 389/389/389 387/387/387
f 395/395/395 391/391/391 393/393/393
f 394/394/394 391/391/391 395/395/395
f 395/395/395 393/393/393 396/396/396
f 397/397/397 389/389/389 394/394/394
f 396/396/396 398/398/398 395/395/395
f 398/398/398 396/396/396 399/399/399
f 400/400/400 398/398/398 399/399/399
f 401/401/401 394/394/394 395/395/395
f 401/401/401 395/395/395 398/398/398
f 401/401/401 402/402/402 394/394/394
f 398/398/398 402/402/402 401/401/401
f 397/397/397 394/394/394 402/402/402
f 400/400/400 403/403/403 398/398/398
f 403/403/403 402/402/402 398/398/398
f 404/404/404 403/403/403 400/400/400
f 404/404/404 405/405/405 403/403/403
f 406/406/406 403/403/403 405/405/405
f 403/403/403 406/406/406 407/407/407
f 407/407/407 402/402/402 403/403/403
f 408/408/408 407/407/407 406/406/406
f 408/408/408 409/409/409 407/407/407
f 407/407/407 410/410/410 402/402/402
f 410/410/410 407/407/407 409/409/409
f 410/410/410 397/397/397 402/402/402
f 409/409/409 390/390/390 410/410/410
f 410/410/410 389/389/389 397/397/397
f 390/390/390 389/389/389 410/410/410
f 413/413/413 412/412/412 411/411/411
f 411/411/411 412/412/412 414/414/414
f 412/412/412 413/413/413 415/415/415
f 416/416/416 414/414/414 412/412/412
f 417/417/417 415/415/415 413/413/413
f 414/414/414 416/416/416 418/418/418
f 419/419/419 415/415/415 417/417/417
f 418/418/418 416/416/416 420/420/420
f 421/421/421 415/415/415 419/419/419
f 420/420/420 416/416/416 422/422/422
f 421/421/421 419/419/419 423/423/423
f 422/422/422 424/424/424 420/420/420
f 421/421/421 423/423/423 425/425/425
f 424/424/424 422/422/422 426/426/426
f 423/423/423 426/426/426 425/425/425
f 422/422/422 425/425/425 426/426/426
f 429/429/429 428/428/428 427/427/427
f 427/427/427 428/428/428 430/430/430
f 431/431/431 428/428/428 429/429/429
f 428/428/428 432/432/432 430/430/430
f 433/433/433 430/430/430 432/432/432
f 434/434/434 433/433/433 432/432/432
f 431/431/431 435/435/435 428/428/428
f 435/435/435 431/431/431 436/436/436
f 435/435/435 436/436/436 437/437/437
f 432/432/432 428/428/428 438/438/438
f 439/439/439 435/435/435 437/437/437
f 440/440/440 439/439/439 437/437/437
f 441/441/441 439/439/439 440/440/440
f 441/441/441 442/442/442 439/439/439
f 428/428/428 435/435/435 443/443/443
f 443/443/443 438/438/438 428/428/428
f 444/444/444 435/435/435 439/439/439
f 443/443/443 435/435/435 444/444/444
f 439/439/439 442/442/442 445/445/445
f 442/442/442 446/446/446 445/445/445
f 445/445/445 446/446/446 447/447/447
f 448/448/448 444/444/444 439/439/439
f 439/439/439 445/445/445 448/448/448
f 443/443/443 444/444/444 449/449/449
f 438/438/438 443/443/443 449/449/449
f 448/448/448 450/450/450 444/444/444
f 448/448/448 445/445/445 450/450/450
f 449/449/449 444/444/444 451/451/451
f 450/450/450 451/451/451 444/444/444
f 449/449/449 452/452/452 438/438/438
f 452/452/452 449/449/449 451/451/451
f 452/452/452 432/432/432 438/438/438
f 432/432/432 452/452/452 434/434/434
f 452/452/452 453/453/453 434/434/434
f 453/453/453 452/452/452 454/454/454
f 454/454/454 452/452/452 455/455/455
f 455/455/455 452/452/452 456/456/456
f 456/456/456 452/452/452 451/451/451
f 457/457/457 455/455/455 456/456/456
f 458/458/458 457/457/457 456/456/456
f 459/459/459 456/456/456 451/451/451
f 459/459/459 451/451/451 450/450/450
f 456/456/456 460/460/460 458/458/458
f 460/460/460 456/456/456 459/459/459
f 460/460/460 459/459/459 450/450/450
f 450/450/450 445/445/445 460/460/460
f 447/447/447 460/460/460 445/445/445
f 461/461/461 458/458/458 460/460/460
f 462/462/462 460/460/460 447/447/447
f 461/461/461 460/460/460 462/462/462
f 465/465/465 464/464/464 463/463/463
f 464/464/464 466/466/466 463/463/463
f 467/467/467 465/465/465 463/463/463
f 466/466/466 468/468/468 463/463/463
f 468/468/468 466/466/466 469/469/469
f 468/468/468 469/469/469 470/470/470
f 463/463/463 471/471/471 467/467/467
f 472/472/472 467/467/467 471/471/471
f 471/471/471 473/473/473 472/472/472
f 470/470/470 474/474/474 468/468/468
f 474/474/474 470/470/470 475/475/475
f 474/474/474 475/475/475 476/476/476
f 468/468/468 477/477/477 463/463/463
f 468/468/468 474/474/474 477/477/477
f 478/478/478 474/474/474 476/476/476
f 478/478/478 476/476/476 479/479/479
f 479/479/479 480/480/480 478/478/478
f 478/478/478 481/481/481 474/474/474
f 477/477/477 474/474/474 481/481/481
f 482/482/482 478/478/478 480/480/480
f 480/480/480 483/483/483 482/482/482
f 483/483/483 484/484/484 482/482/482
f 482/482/482 485/485/485 478/478/478
f 481/481/481 478/478/478 485/485/485
f 484/484/484 486/486/486 482/482/482
f 486/486/486 485/485/485 482/482/482
f 484/484/484 487/487/487 486/486/486
f 486/486/486 487/487/487 488/488/488
f 485/485/485 489/489/489 481/481/481
f 490/490/490 481/481/481 489/489/489
f 481/481/481 490/490/490 477/477/477
f 489/489/489 485/485/485 491/491/491
f 492/492/492 477/477/477 490/490/490
f 492/492/492 493/493/493 477/477/477
f 485/485/485 494/494/494 491/491/491
f 485/485/485 486/486/486 494/494/494
f 495/495/495 491/491/491 494/494/494
f 477/477/477 493/493/493 496/496/496
f 496/496/496 463/463/463 477/477/477
f 497/497/497 496/496/496 493/493/493
f 496/496/496 471/471/471 463/463/463
f 498/498/498 496/496/496 497/497/497
f 496/496/496 498/498/498 499/499/499
f 496/496/496 499/499/499 471/471/471
f 500/500/500 499/499/499 498/498/498
f 500/500/500 501/501/501 499/499/499
f 499/499/499 502/502/502 471/471/471
f 471/471/471 502/502/502 473/473/473
f 502/502/502 503/503/503 473/473/473
f 504/504/504 499/499/499 501/501/501
f 499/499/499 504/504/504 502/502/502
f 501/501/501 505/505/505 504/504/504
f 503/503/503 502/502/502 506/506/506
f 504/504/504 506/506/506 502/502/502
f 506/506/506 507/507/507 503/503/503
f 508/508/508 507/507/507 506/506/506
f 509/509/509 504/504/504 505/505/505
f 504/504/504 509/509/509 506/506/506
f 510/510/510 509/509/509 505/505/505
f 506/506/506 511/511/511 508/508/508
f 506/506/506 509/509/509 511/511/511
f 512/512/512 508/508/508 511/511/511
f 513/513/513 512/512/512 511/511/511
f 511/511/511 514/514/514 513/513/513
f 511/511/511 509/509/509 514/514/514
f 515/515/515 513/513/513 514/514/514
f 514/514/514 516/516/516 515/515/515
f 509/509/509 510/510/510 517/517/517
f 517/517/517 514/514/514 509/509/509
f 518/518/518 517/517/517 510/510/510
f 518/518/518 495/495/495 517/517/517
f 494/494/494 517/517/517 495/495/495
f 514/514/514 519/519/519 516/516/516
f 514/514/514 517/517/517 519/519/519
f 494/494/494 519/519/519 517/517/517
f 519/519/519 520/520/520 516/516/516
f 519/519/519 494/494/494 486/486/486
f 519/519/519 488/488/488 520/520/520
f 488/488/488 519/519/519 486/486/486
f 523/523/523 522/522/522 521/521/521
f 521/521/521 522/522/522 524/524/524
f 522/522/522 523/523/523 525/525/525
f 522/522/522 526/526/526 524/524/524
f 527/527/527 524/524/524 526/526/526
f 528/528/528 527/527/527 526/526/526
f 529/529/529 522/522/522 525/525/525
f 525/525/525 530/530/530 529/529/529
f 530/530/530 531/531/531 529/529/529
f 526/526/526 532/532/532 528/528/528
f 533/533/533 528/528/528 532/532/532
f 533/533/533 532/532/532 534/534/534
f 534/534/534 532/532/532 535/535/535
f 536/536/536 529/529/529 531/531/531
f 537/537/537 536/536/536 531/531/531
f 538/538/538 536/536/536 537/537/537
f 539/539/539 536/536/536 538/538/538
f 529/529/529 536/536/536 540/540/540
f 522/522/522 529/529/529 540/540/540
f 539/539/539 541/541/541 536/536/536
f 541/541/541 539/539/539 542/542/542
f 541/541/541 542/542/542 543/543/543
f 544/544/544 540/540/540 536/536/536
f 545/545/545 541/541/541 543/543/543
f 546/546/546 545/545/545 543/543/543
f 536/536/536 541/541/541 547/547/547
f 547/547/547 544/544/544 536/536/536
f 547/547/547 541/541/541 545/545/545
f 548/548/548 545/545/545 546/546/546
f 548/548/548 549/549/549 545/545/545
f 547/547/547 550/550/550 544/544/544
f 550/550/550 547/547/547 545/545/545
f 540/540/540 544/544/544 551/551/551
f 544/544/544 550/550/550 551/551/551
f 551/551/551 522/522/522 540/540/540
f 552/552/552 550/550/550 545/545/545
f 522/522/522 551/551/551 553/553/553
f 526/526/526 522/522/522 553/553/553
f 532/532/532 526/526/526 553/553/553
f 554/554/554 551/551/551 550/550/550
f 553/553/553 551/551/551 554/554/554
f 552/552/552 554/554/554 550/550/550
f 532/532/532 553/553/553 554/554/554
f 532/532/532 554/554/554 552/552/552
f 545/545/545 555/555/555 552/552/552
f 552/552/552 555/555/555 532/532/532
f 545/545/545 549/549/549 555/555/555
f 535/535/535 532/532/532 555/555/555
f 549/549/549 556/556/556 555/555/555
f 555/555/555 556/556/556 535/535/535
