mtllib SM_Soda_Can_01_LOD1.mtl
g SM_Soda_Can_01_LOD1
#Vertices 535
#Indices 2346
#Section 0 Offset 0 NumIndices 2346 MaterialIndex 0 MI_Small_Props_01
v -0.022810 0.128992 0.008307
v -0.024274 0.128992 -0.000000
v -0.022810 0.128992 -0.008307
v -0.018592 0.128992 0.015612
v -0.018592 0.128992 -0.015612
v -0.011685 0.128992 -0.012671
v -0.012130 0.128992 0.021034
v -0.011685 0.128992 -0.019148
v -0.006999 0.128993 -0.007382
v -0.012130 0.128992 -0.021034
v -0.004204 0.128992 0.023919
v -0.004049 0.128992 -0.021927
v 0.004077 0.128992 -0.006867
v -0.004204 0.128992 -0.023919
v 0.004232 0.128992 0.023919
v 0.004077 0.128992 -0.021927
v 0.012158 0.128992 0.021034
v 0.004232 0.128992 -0.023919
v 0.008325 0.128992 -0.008400
v 0.012158 0.128992 -0.021034
v 0.011713 0.128992 -0.012671
v 0.011713 0.128992 -0.019148
v 0.018620 0.128992 0.015612
v 0.018620 0.128992 -0.015612
v 0.022838 0.128992 0.008307
v 0.022838 0.128992 -0.008307
v 0.024302 0.128992 -0.000000
v 0.011713 0.128992 -0.019148
v 0.011713 0.128992 -0.012671
v 0.011713 0.127832 -0.019148
v 0.011713 0.127832 -0.012671
v 0.008325 0.128992 -0.008400
v 0.007023 0.127834 -0.007379
v 0.004077 0.128992 -0.006867
v -0.004049 0.127832 -0.006867
v -0.006999 0.128993 -0.007382
v -0.008297 0.127832 -0.008400
v -0.011685 0.128992 -0.012671
v -0.011685 0.127832 -0.012671
v -0.011685 0.127832 -0.019148
v -0.011685 0.128992 -0.019148
v -0.011685 0.128992 -0.019148
v -0.004049 0.127832 -0.021927
v -0.011685 0.127832 -0.019148
v -0.004049 0.128992 -0.021927
v 0.004077 0.127832 -0.021927
v 0.004077 0.128992 -0.021927
v 0.011713 0.127832 -0.019148
v 0.011713 0.128992 -0.019148
v -0.008297 0.127832 -0.008400
v -0.011685 0.127832 -0.012671
v -0.011685 0.127832 -0.019148
v -0.004049 0.127832 -0.021927
v -0.004049 0.127832 -0.006867
v 0.007023 0.127834 -0.007379
v 0.004077 0.127832 -0.021927
v 0.011713 0.127832 -0.019148
v 0.011713 0.127832 -0.012671
v 0.012742 0.129193 0.022046
v 0.004621 0.124845 0.026127
v 0.004434 0.129193 0.025070
v 0.014794 0.121167 0.024864
v 0.005164 0.121150 0.029207
v 0.019515 0.129193 0.016363
v 0.022681 0.117498 0.025164
v 0.005795 0.117552 0.032785
v 0.006048 0.115430 0.034221
v 0.025172 0.121044 0.016078
v 0.024944 0.124845 0.009074
v 0.023936 0.129193 0.008707
v 0.017712 0.112931 0.030489
v 0.006132 0.112913 0.034700
v 0.026290 0.125153 -0.004578
v 0.025471 0.129193 -0.000000
v 0.023936 0.129193 -0.008707
v 0.019515 0.129193 -0.016363
v 0.029671 0.121150 -0.000000
v 0.025146 0.121019 -0.015956
v 0.033077 0.117575 0.005897
v 0.031295 0.117550 -0.011386
v 0.009676 0.123919 -0.025822
v 0.012742 0.129193 -0.022046
v 0.004434 0.129193 -0.025070
v -0.004406 0.129193 -0.025070
v 0.010806 0.121270 -0.028114
v -0.005603 0.120907 -0.028737
v -0.012714 0.129193 -0.022046
v 0.022528 0.117455 -0.025768
v -0.015192 0.120971 -0.024665
v -0.019487 0.129193 -0.016363
v 0.005441 0.117578 -0.033098
v -0.011879 0.117628 -0.031631
v -0.025410 0.121084 -0.015630
v -0.024916 0.124845 -0.009074
v -0.023907 0.129193 -0.008707
v -0.026262 0.125138 0.004589
v -0.025443 0.129193 -0.000000
v -0.023907 0.129193 0.008707
v -0.019487 0.129193 0.016363
v -0.029643 0.121150 -0.000000
v -0.025140 0.121034 0.016042
v -0.014985 0.120989 0.024760
v -0.012714 0.129193 0.022046
v -0.031366 0.117615 0.011792
v -0.005587 0.120908 0.028759
v -0.004406 0.129193 0.025070
v -0.020820 0.117535 0.026483
v 0.004434 0.129193 0.025070
v 0.004621 0.124845 0.026127
v 0.005164 0.121150 0.029207
v 0.005795 0.117552 0.032785
v -0.005767 0.117552 0.032785
v 0.006048 0.115430 0.034221
v -0.006384 0.112938 0.034688
v 0.006132 0.112913 0.034700
v 0.006132 0.009314 0.034700
v -0.017878 0.112935 0.030400
v -0.006104 0.009314 0.034700
v 0.006060 0.007078 0.034287
v -0.026987 0.112914 0.022656
v 0.005842 0.005170 0.033050
v -0.006533 0.005199 0.033206
v -0.017603 0.009314 0.030514
v -0.022774 0.007297 0.027159
v -0.016766 0.005170 0.029064
v -0.025695 0.005170 0.021572
v -0.026978 0.009314 0.022649
v -0.033100 0.009460 0.012078
v -0.031522 0.005170 0.011478
v -0.033096 0.112913 0.012051
v -0.035363 0.009483 0.000953
v -0.033546 0.005170 0.000000
v -0.031522 0.005170 -0.011478
v -0.035221 0.087013 -0.000000
v -0.030659 0.007292 -0.017775
v -0.025695 0.005170 -0.021572
v -0.035248 0.035214 -0.000000
v -0.016704 0.009503 -0.031193
v -0.016766 0.005170 -0.029064
v -0.033096 0.009314 -0.012051
v -0.026978 0.009314 -0.022649
v -0.032508 0.035214 -0.011837
v -0.025886 0.035214 -0.021733
v -0.031092 0.061113 -0.011322
v -0.024555 0.061113 -0.020616
v -0.033004 0.087013 -0.012018
v -0.035221 0.112913 -0.000000
v -0.033426 0.117553 -0.005131
v -0.033135 0.112940 -0.012206
v -0.025488 0.117552 -0.021399
v -0.026759 0.087013 -0.022465
v -0.027065 0.112942 -0.022655
v -0.017992 0.112929 -0.030367
v -0.016798 0.083543 -0.029158
v -0.006104 0.112913 -0.034700
v -0.016737 0.035214 -0.029013
v 0.006132 0.112913 -0.034700
v -0.006051 0.083258 -0.033610
v -0.005866 0.035214 -0.033350
v -0.006104 0.009314 -0.034700
v -0.000004 0.006830 -0.035223
v -0.005814 0.005170 -0.033050
v 0.005842 0.005170 -0.033050
v 0.016794 0.005170 -0.029064
v 0.006132 0.009314 -0.034700
v 0.017486 0.009504 -0.030657
v 0.025723 0.005170 -0.021572
v 0.006028 0.035214 -0.034105
v 0.030696 0.007304 -0.017769
v 0.031550 0.005170 -0.011478
v 0.006141 0.084420 -0.034326
v 0.017533 0.061113 -0.030343
v 0.017362 0.087013 -0.030047
v 0.017631 0.112913 -0.030514
v 0.026975 0.112910 -0.022623
v 0.024965 0.087013 -0.020936
v 0.026955 0.061113 -0.022606
v 0.032927 0.112893 -0.011979
v 0.027006 0.009314 -0.022649
v 0.033124 0.009314 -0.012051
v 0.032910 0.061113 -0.011973
v 0.035326 0.009509 0.000539
v 0.033574 0.005170 -0.000000
v 0.031550 0.005170 0.011478
v 0.029451 0.087013 -0.010714
v 0.035220 0.061113 -0.000000
v 0.033059 0.009445 0.012362
v 0.025723 0.005170 0.021572
v 0.032808 0.087013 -0.000000
v 0.022804 0.007298 0.027158
v 0.016794 0.005170 0.029064
v 0.006060 0.007078 0.034287
v 0.005842 0.005170 0.033050
v 0.006132 0.009314 0.034700
v 0.017631 0.009314 0.030514
v 0.027006 0.009314 0.022649
v 0.026979 0.112932 0.022713
v 0.033124 0.061113 0.012051
v 0.032770 0.087013 0.011922
v 0.032667 0.115430 0.011885
v 0.033124 0.112913 0.012051
v 0.035210 0.112910 -0.000000
v 0.034265 0.115440 -0.007993
v 0.018620 0.128992 0.015612
v 0.012280 0.131321 0.021246
v 0.012158 0.128992 0.021034
v 0.018807 0.131321 0.015769
v 0.012918 0.131377 0.022350
v 0.023067 0.131321 0.008391
v 0.022838 0.128992 0.008307
v 0.019784 0.131377 0.016589
v 0.013031 0.129265 0.022547
v 0.024266 0.131377 0.008827
v 0.024547 0.131321 -0.000000
v 0.024302 0.128992 -0.000000
v 0.022838 0.128992 -0.008307
v 0.025822 0.131377 -0.000000
v 0.023067 0.131321 -0.008391
v 0.018620 0.128992 -0.015612
v 0.026049 0.129265 -0.000000
v 0.024266 0.131377 -0.008827
v 0.018807 0.131321 -0.015769
v 0.012280 0.131321 -0.021246
v 0.012158 0.128992 -0.021034
v 0.019784 0.131377 -0.016589
v 0.004274 0.131321 -0.024160
v 0.004232 0.128992 -0.023919
v 0.012918 0.131377 -0.022350
v 0.004496 0.131377 -0.025416
v -0.004246 0.131321 -0.024160
v -0.004204 0.128992 -0.023919
v -0.012130 0.128992 -0.021034
v -0.012252 0.131321 -0.021246
v -0.018592 0.128992 -0.015612
v -0.004468 0.131377 -0.025416
v -0.018779 0.131321 -0.015769
v -0.012890 0.131377 -0.022350
v -0.004507 0.129265 -0.025640
v -0.023039 0.131321 -0.008391
v -0.022810 0.128992 -0.008307
v -0.019756 0.131377 -0.016589
v -0.024519 0.131321 -0.000000
v -0.024274 0.128992 -0.000000
v -0.022810 0.128992 0.008307
v -0.024238 0.131377 -0.008827
v -0.025794 0.131377 -0.000000
v -0.023039 0.131321 0.008391
v -0.018592 0.128992 0.015612
v -0.026021 0.129265 -0.000000
v -0.024238 0.131377 0.008827
v -0.018779 0.131321 0.015769
v -0.012252 0.131321 0.021246
v -0.012130 0.128992 0.021034
v -0.019756 0.131377 0.016589
v -0.004246 0.131321 0.024160
v -0.004204 0.128992 0.023919
v -0.012890 0.131377 0.022350
v -0.004468 0.131377 0.025416
v 0.004274 0.131321 0.024160
v 0.004232 0.128992 0.023919
v 0.012158 0.128992 0.021034
v 0.012280 0.131321 0.021246
v 0.004496 0.131377 0.025416
v 0.012918 0.131377 0.022350
v 0.004535 0.129265 0.025640
v 0.013031 0.129265 0.022547
v 0.012742 0.129193 0.022046
v 0.004434 0.129193 0.025070
v -0.004507 0.129265 0.025640
v -0.004406 0.129193 0.025070
v -0.012714 0.129193 0.022046
v -0.013003 0.129265 0.022547
v -0.019930 0.129265 0.016735
v -0.019487 0.129193 0.016363
v -0.023907 0.129193 0.008707
v -0.024451 0.129265 0.008905
v -0.025443 0.129193 -0.000000
v -0.023907 0.129193 -0.008707
v -0.024451 0.129265 -0.008905
v -0.019930 0.129265 -0.016735
v -0.019487 0.129193 -0.016363
v -0.012714 0.129193 -0.022046
v -0.013003 0.129265 -0.022547
v -0.004406 0.129193 -0.025070
v 0.004434 0.129193 -0.025070
v 0.004535 0.129265 -0.025640
v 0.012742 0.129193 -0.022046
v 0.013031 0.129265 -0.022547
v 0.019958 0.129265 -0.016735
v 0.019515 0.129193 -0.016363
v 0.024479 0.129265 -0.008905
v 0.023936 0.129193 -0.008707
v 0.025471 0.129193 -0.000000
v 0.023936 0.129193 0.008707
v 0.024479 0.129265 0.008905
v 0.019515 0.129193 0.016363
v 0.019958 0.129265 0.016735
v 0.012742 0.129193 0.022046
v -0.013696 -0.000000 -0.023747
v -0.020399 0.003016 -0.017128
v -0.013309 0.003016 -0.023077
v -0.020991 -0.000000 -0.017625
v -0.014284 -0.000000 -0.024764
v -0.025753 -0.000000 -0.009378
v -0.025026 0.003016 -0.009114
v -0.021891 -0.000000 -0.018381
v -0.014462 0.001293 -0.025072
v -0.027406 0.000000 0.000000
v -0.026633 0.003016 0.000000
v -0.025026 0.003016 0.009114
v -0.026857 -0.000000 -0.009780
v -0.022164 0.001293 -0.018609
v -0.025753 0.000000 0.009378
v -0.020399 0.003016 0.017128
v -0.027191 0.001293 -0.009902
v -0.023442 0.003091 -0.019682
v -0.015296 0.003091 -0.026517
v -0.016766 0.005170 -0.029064
v -0.025695 0.005170 -0.021572
v -0.031522 0.005170 -0.011478
v -0.028759 0.003091 -0.010473
v -0.033546 0.005170 0.000000
v -0.030606 0.003091 0.000000
v -0.028937 0.001293 0.000000
v -0.028581 0.000000 0.000000
v -0.028759 0.003091 0.010473
v -0.031522 0.005170 0.011478
v -0.026857 0.000000 0.009780
v -0.027191 0.001293 0.009902
v -0.021891 0.000000 0.018381
v -0.023442 0.003091 0.019682
v -0.025695 0.005170 0.021572
v -0.016766 0.005170 0.029064
v -0.022164 0.001293 0.018609
v -0.015296 0.003091 0.026517
v -0.006533 0.005199 0.033206
v -0.014462 0.001293 0.025072
v -0.005303 0.003091 0.030155
v 0.005331 0.003091 0.030155
v 0.005842 0.005170 0.033050
v -0.005013 0.001293 0.028511
v -0.014284 0.000000 0.024764
v -0.020991 0.000000 0.017625
v -0.013696 0.000000 0.023747
v -0.013309 0.003016 0.023077
v -0.004952 0.000000 0.028161
v -0.004748 0.000000 0.027004
v -0.004613 0.003016 0.026242
v 0.005041 0.001293 0.028511
v 0.004980 0.000000 0.028161
v 0.004776 0.000000 0.027004
v 0.004641 0.003016 0.026242
v 0.013337 0.003016 0.023077
v 0.013724 0.000000 0.023747
v 0.020427 0.003016 0.017128
v 0.014312 0.000000 0.024764
v 0.021019 0.000000 0.017625
v 0.025781 0.000000 0.009378
v 0.025054 0.003016 0.009114
v 0.021919 0.000000 0.018381
v 0.014490 0.001293 0.025072
v 0.027434 0.000000 -0.000000
v 0.026661 0.003016 -0.000000
v 0.025054 0.003016 -0.009114
v 0.015324 0.003091 0.026517
v 0.016794 0.005170 0.029064
v 0.023470 0.003091 0.019682
v 0.025723 0.005170 0.021572
v 0.031550 0.005170 0.011478
v 0.022192 0.001293 0.018609
v 0.028787 0.003091 0.010473
v 0.033574 0.005170 -0.000000
v 0.027219 0.001293 0.009902
v 0.030634 0.003091 -0.000000
v 0.028787 0.003091 -0.010473
v 0.031550 0.005170 -0.011478
v 0.026885 0.000000 0.009780
v 0.028965 0.001293 -0.000000
v 0.028609 0.000000 -0.000000
v 0.026885 -0.000000 -0.009780
v 0.027219 0.001293 -0.009902
v 0.025781 -0.000000 -0.009378
v 0.020427 0.003016 -0.017128
v 0.021919 -0.000000 -0.018381
v 0.021019 -0.000000 -0.017625
v 0.013724 -0.000000 -0.023747
v 0.013337 0.003016 -0.023077
v 0.014312 -0.000000 -0.024764
v 0.022192 0.001293 -0.018609
v 0.004776 -0.000000 -0.027004
v 0.004641 0.003016 -0.026242
v 0.014490 0.001293 -0.025072
v 0.023470 0.003091 -0.019682
v 0.025723 0.005170 -0.021572
v 0.016794 0.005170 -0.029064
v 0.015324 0.003091 -0.026517
v 0.005842 0.005170 -0.033050
v 0.005331 0.003091 -0.030155
v -0.005814 0.005170 -0.033050
v -0.016766 0.005170 -0.029064
v -0.015296 0.003091 -0.026517
v -0.005303 0.003091 -0.030155
v -0.014462 0.001293 -0.025072
v 0.005041 0.001293 -0.028511
v -0.005013 0.001293 -0.028511
v -0.014284 -0.000000 -0.024764
v 0.004980 -0.000000 -0.028161
v -0.004952 -0.000000 -0.028161
v -0.013696 -0.000000 -0.023747
v -0.004748 -0.000000 -0.027004
v -0.013309 0.003016 -0.023077
v -0.004613 0.003016 -0.026242
v -0.004194 0.137428 0.008411
v -0.006872 0.138013 0.009116
v -0.005389 0.138715 0.009767
v -0.007095 0.134371 0.005684
v -0.000040 0.140379 0.010779
v -0.005819 0.133892 0.005102
v -0.000107 0.138618 0.009419
v -0.007864 0.131847 0.001797
v 0.004086 0.137416 0.008425
v -0.004739 0.133332 0.003947
v 0.005247 0.138715 0.009767
v 0.006756 0.137994 0.009080
v 0.006949 0.134419 0.005661
v 0.005683 0.133769 0.004807
v 0.007719 0.131938 0.001762
v 0.004462 0.133448 0.003633
v -0.004651 0.131478 0.000716
v -0.005499 0.130949 -0.000136
v 0.004085 0.131469 0.001140
v -0.004684 0.129663 -0.004559
v 0.005329 0.131172 0.000126
v -0.006765 0.129118 -0.005251
v 0.004541 0.129643 -0.004591
v -0.006154 0.128925 -0.007488
v 0.006624 0.129118 -0.005251
v -0.003948 0.128928 -0.006144
v 0.006012 0.128925 -0.007489
v -0.000102 0.128610 -0.009664
v 0.003807 0.128928 -0.006144
v -0.000021 0.129004 -0.007269
v 0.025054 0.003016 0.009114
v 0.026661 0.003016 -0.000000
v 0.020498 0.006371 0.003504
v 0.020427 0.003016 0.017128
v 0.025054 0.003016 -0.009114
v 0.006738 0.006297 0.019103
v 0.013337 0.003016 0.023077
v 0.004641 0.003016 0.026242
v -0.004613 0.003016 0.026242
v 0.012994 0.006300 -0.015564
v 0.020427 0.003016 -0.017128
v 0.013337 0.003016 -0.023077
v 0.004641 0.003016 -0.026242
v 0.012440 0.008880 0.000520
v -0.012833 0.006384 0.016244
v -0.013309 0.003016 0.023077
v -0.020399 0.003016 0.017128
v -0.025026 0.003016 0.009114
v 0.000014 0.008022 0.013841
v -0.012771 0.008734 0.000078
v -0.019935 0.006264 -0.002935
v -0.026633 0.003016 0.000000
v -0.025026 0.003016 -0.009114
v -0.000936 0.008399 -0.013308
v -0.008642 0.006442 -0.019133
v -0.020399 0.003016 -0.017128
v -0.004613 0.003016 -0.026242
v -0.013309 0.003016 -0.023077
v -0.000148 0.129860 -0.007859
v 0.003807 0.128928 -0.006144
v -0.000021 0.129004 -0.007269
v -0.003948 0.128928 -0.006144
v 0.003807 0.130062 -0.006435
v 0.004541 0.129643 -0.004591
v -0.003948 0.130062 -0.006435
v -0.004684 0.129663 -0.004559
v -0.000061 0.129718 -0.009484
v 0.005134 0.130274 -0.005304
v -0.005320 0.130325 -0.005249
v 0.005247 0.129851 -0.007656
v -0.005389 0.129851 -0.007656
v -0.005934 0.131916 -0.000527
v -0.005499 0.130949 -0.000136
v -0.004651 0.131478 0.000716
v -0.006717 0.130188 -0.005973
v -0.004232 0.132310 0.000273
v -0.006154 0.128925 -0.007488
v -0.000102 0.128610 -0.009664
v -0.006765 0.129118 -0.005251
v 0.006012 0.128925 -0.007489
v -0.007090 0.131376 -0.001836
v -0.007864 0.131847 0.001797
v 0.006575 0.130186 -0.005977
v 0.006624 0.129118 -0.005251
v 0.006953 0.131428 -0.001840
v 0.007719 0.131938 0.001762
v 0.005789 0.132146 -0.000234
v 0.005329 0.131172 0.000126
v 0.004085 0.131469 0.001140
v 0.007283 0.133134 0.001630
v 0.003732 0.132433 0.000618
v -0.000067 0.133094 0.001668
v -0.007416 0.133034 0.001659
v 0.004100 0.133810 0.002762
v -0.007090 0.135220 0.004775
v -0.007095 0.134371 0.005684
v -0.003855 0.133789 0.002901
v -0.005935 0.134471 0.003753
v -0.006715 0.138151 0.007689
v -0.006872 0.138013 0.009116
v -0.004739 0.133332 0.003947
v 0.004462 0.133448 0.003633
v -0.005819 0.133892 0.005102
v 0.005822 0.134357 0.003444
v 0.005683 0.133769 0.004807
v -0.005256 0.137568 0.007158
v -0.004194 0.137428 0.008411
v -0.005389 0.139338 0.008644
v -0.005389 0.138715 0.009767
v -0.003948 0.138435 0.007950
v -0.000078 0.140709 0.009569
v -0.000040 0.140379 0.010779
v 0.005247 0.138715 0.009767
v 0.000005 0.139417 0.008749
v -0.000107 0.138618 0.009419
v 0.004086 0.137416 0.008425
v 0.005247 0.139338 0.008644
v 0.006756 0.137994 0.009080
v 0.003807 0.138435 0.007950
v 0.005117 0.137573 0.007176
v 0.006573 0.138151 0.007692
v 0.006949 0.134419 0.005661
v 0.006953 0.135268 0.004752
vt 0.679688 0.132812
vt 0.678711 0.127930
vt 0.679688 0.123535
vt 0.682129 0.136719
vt 0.682129 0.119141
vt 0.686035 0.121094
vt 0.686035 0.140137
vt 0.686035 0.117188
vt 0.688965 0.124023
vt 0.686035 0.116211
vt 0.690430 0.141602
vt 0.690430 0.115723
vt 0.695312 0.124023
vt 0.690430 0.114258
vt 0.695312 0.141602
vt 0.695312 0.115723
vt 0.699707 0.140137
vt 0.695312 0.114258
vt 0.697754 0.123535
vt 0.699707 0.116211
vt 0.699707 0.121094
vt 0.699707 0.117188
vt 0.703613 0.136719
vt 0.703613 0.119141
vt 0.706055 0.132812
vt 0.706055 0.123535
vt 0.707031 0.127930
vt 0.699707 0.117188
vt 0.699707 0.121094
vt 0.699219 0.117188
vt 0.699219 0.120605
vt 0.697754 0.123535
vt 0.696777 0.123535
vt 0.695312 0.124023
vt 0.690430 0.123535
vt 0.688965 0.124023
vt 0.688477 0.123047
vt 0.686035 0.121094
vt 0.686523 0.120605
vt 0.686523 0.117188
vt 0.686035 0.117188
vt 0.686035 0.117188
vt 0.690430 0.116211
vt 0.686523 0.117188
vt 0.690430 0.115723
vt 0.695312 0.116211
vt 0.695312 0.115723
vt 0.699219 0.117188
vt 0.699707 0.117188
vt 0.957520 0.863892
vt 0.955566 0.861450
vt 0.955566 0.857788
vt 0.959961 0.856201
vt 0.959961 0.864746
vt 0.965820 0.864502
vt 0.964355 0.856201
vt 0.968750 0.857788
vt 0.968750 0.861450
vt 0.135132 0.964600
vt 0.140991 0.962280
vt 0.140625 0.964935
vt 0.135498 0.959137
vt 0.141846 0.959351
vt 0.129272 0.964600
vt 0.132202 0.955444
vt 0.142944 0.956055
vt 0.143433 0.954010
vt 0.127197 0.958923
vt 0.123169 0.961914
vt 0.123108 0.964630
vt 0.136597 0.951935
vt 0.143677 0.952026
vt 0.113586 0.962158
vt 0.116821 0.964661
vt 0.110352 0.964661
vt 0.103882 0.964661
vt 0.116821 0.958893
vt 0.106323 0.958984
vt 0.120056 0.955627
vt 0.110413 0.955627
vt 0.094238 0.961334
vt 0.097351 0.964661
vt 0.090759 0.964661
vt 0.084167 0.964661
vt 0.094421 0.958984
vt 0.083862 0.959015
vt 0.077576 0.964661
vt 0.100952 0.955353
vt 0.077148 0.959137
vt 0.071045 0.964661
vt 0.090576 0.955536
vt 0.080688 0.955627
vt 0.068237 0.959045
vt 0.064453 0.961945
vt 0.064453 0.964661
vt 0.054657 0.962128
vt 0.057953 0.964661
vt 0.051483 0.964661
vt 0.045074 0.964630
vt 0.057922 0.958893
vt 0.047394 0.958954
vt 0.038971 0.959045
vt 0.038879 0.964600
vt 0.051208 0.955505
vt 0.032715 0.958893
vt 0.032959 0.964600
vt 0.041138 0.955536
vt 0.027512 0.964935
vt 0.027130 0.962280
vt 0.026230 0.959351
vt 0.025192 0.956024
vt 0.031891 0.955505
vt 0.024658 0.954010
vt 0.031647 0.951904
vt 0.024429 0.952026
vt 0.024353 0.890320
vt 0.038391 0.951904
vt 0.031433 0.890320
vt 0.024475 0.888794
vt 0.044769 0.951904
vt 0.024658 0.887390
vt 0.031921 0.887512
vt 0.038177 0.890320
vt 0.041534 0.888977
vt 0.038208 0.887451
vt 0.044800 0.887390
vt 0.044739 0.890320
vt 0.051086 0.890320
vt 0.051331 0.887390
vt 0.051117 0.951874
vt 0.057251 0.890259
vt 0.057861 0.887390
vt 0.064392 0.887390
vt 0.057739 0.936462
vt 0.067749 0.888855
vt 0.071045 0.887329
vt 0.057678 0.905579
vt 0.078247 0.890198
vt 0.077637 0.887329
vt 0.064392 0.890137
vt 0.071045 0.890076
vt 0.064392 0.905518
vt 0.071045 0.905518
vt 0.064514 0.920959
vt 0.071045 0.920959
vt 0.064392 0.936462
vt 0.057770 0.951965
vt 0.060699 0.955536
vt 0.064453 0.952026
vt 0.071045 0.955627
vt 0.070984 0.936462
vt 0.070984 0.952026
vt 0.077393 0.952057
vt 0.077515 0.934387
vt 0.084229 0.952026
vt 0.077576 0.905518
vt 0.090820 0.952026
vt 0.083923 0.934204
vt 0.084106 0.905518
vt 0.084229 0.890076
vt 0.087524 0.888550
vt 0.084229 0.887329
vt 0.090820 0.887390
vt 0.097412 0.887451
vt 0.090881 0.890137
vt 0.097534 0.890320
vt 0.103943 0.887451
vt 0.090820 0.905579
vt 0.107178 0.888977
vt 0.110474 0.887451
vt 0.090698 0.934937
vt 0.097107 0.921021
vt 0.097473 0.936462
vt 0.097412 0.952026
vt 0.103943 0.952057
vt 0.104126 0.936462
vt 0.103821 0.920959
vt 0.110413 0.952087
vt 0.104004 0.890198
vt 0.110474 0.890198
vt 0.110413 0.920959
vt 0.117249 0.890320
vt 0.116943 0.887451
vt 0.123474 0.887451
vt 0.110413 0.936462
vt 0.116943 0.920959
vt 0.123779 0.890320
vt 0.130005 0.887512
vt 0.116760 0.936462
vt 0.133423 0.889038
vt 0.136719 0.887451
vt 0.143799 0.888794
vt 0.143555 0.887390
vt 0.143921 0.890320
vt 0.136841 0.890320
vt 0.130371 0.890320
vt 0.130005 0.951935
vt 0.123535 0.921021
vt 0.123352 0.936462
vt 0.123352 0.953796
vt 0.123413 0.951996
vt 0.116882 0.952057
vt 0.112610 0.953827
vt 0.952148 0.956360
vt 0.957031 0.955139
vt 0.957031 0.956482
vt 0.952148 0.955017
vt 0.957520 0.954437
vt 0.947266 0.955048
vt 0.947266 0.956360
vt 0.952637 0.954315
vt 0.957520 0.953217
vt 0.947266 0.954346
vt 0.942383 0.955048
vt 0.942383 0.956360
vt 0.937500 0.956360
vt 0.942383 0.954346
vt 0.937500 0.955048
vt 0.932617 0.956360
vt 0.942383 0.953156
vt 0.937500 0.954346
vt 0.932617 0.955048
vt 0.927246 0.955048
vt 0.927246 0.956360
vt 0.932617 0.954346
vt 0.922363 0.955048
vt 0.922363 0.956360
vt 0.927246 0.954346
vt 0.922363 0.954346
vt 0.917480 0.955048
vt 0.917480 0.956360
vt 0.912598 0.956360
vt 0.912598 0.955048
vt 0.907715 0.956360
vt 0.917480 0.954346
vt 0.907715 0.955048
vt 0.912598 0.954346
vt 0.917480 0.953156
vt 0.902832 0.955048
vt 0.902832 0.956360
vt 0.907715 0.954346
vt 0.897461 0.955048
vt 0.897461 0.956360
vt 0.892578 0.956360
vt 0.902832 0.954346
vt 0.897461 0.954346
vt 0.892578 0.955048
vt 0.887695 0.956360
vt 0.897461 0.953156
vt 0.892578 0.954346
vt 0.887695 0.955048
vt 0.882812 0.955048
vt 0.882812 0.956360
vt 0.887695 0.954346
vt 0.877930 0.955017
vt 0.877930 0.956360
vt 0.882812 0.954346
vt 0.877930 0.954315
vt 0.873047 0.955017
vt 0.873047 0.956360
vt 0.868164 0.956482
vt 0.868164 0.955139
vt 0.872559 0.954315
vt 0.867676 0.954437
vt 0.872559 0.953125
vt 0.867676 0.953217
vt 0.867676 0.952881
vt 0.872559 0.952820
vt 0.877930 0.953125
vt 0.877930 0.952820
vt 0.882812 0.952820
vt 0.882812 0.953156
vt 0.887695 0.953156
vt 0.887695 0.952820
vt 0.892578 0.952820
vt 0.892578 0.953156
vt 0.897461 0.952820
vt 0.902832 0.952820
vt 0.902832 0.953156
vt 0.907715 0.953156
vt 0.907715 0.952820
vt 0.912598 0.952820
vt 0.912598 0.953156
vt 0.917480 0.952820
vt 0.922363 0.952820
vt 0.922363 0.953156
vt 0.927246 0.952820
vt 0.927246 0.953156
vt 0.932617 0.953156
vt 0.932617 0.952820
vt 0.937500 0.953156
vt 0.937500 0.952820
vt 0.942383 0.952820
vt 0.947266 0.952820
vt 0.947266 0.953125
vt 0.952637 0.952820
vt 0.952637 0.953125
vt 0.957520 0.952881
vt 0.151733 0.065918
vt 0.157593 0.067383
vt 0.151978 0.067871
vt 0.157471 0.065918
vt 0.151489 0.064941
vt 0.163330 0.065918
vt 0.163330 0.067383
vt 0.157349 0.064941
vt 0.151245 0.064453
vt 0.169312 0.065918
vt 0.169312 0.067383
vt 0.175171 0.067383
vt 0.163330 0.064941
vt 0.157227 0.063965
vt 0.175171 0.065918
vt 0.181152 0.067383
vt 0.163208 0.063965
vt 0.156982 0.062500
vt 0.150757 0.062988
vt 0.150269 0.061035
vt 0.156860 0.060547
vt 0.163086 0.060547
vt 0.163086 0.062988
vt 0.169189 0.060547
vt 0.169189 0.062988
vt 0.169189 0.064453
vt 0.169189 0.064941
vt 0.175171 0.062988
vt 0.175171 0.060547
vt 0.175171 0.064941
vt 0.175171 0.064453
vt 0.181152 0.064941
vt 0.181152 0.062988
vt 0.181152 0.060547
vt 0.187134 0.060547
vt 0.181152 0.064453
vt 0.187134 0.062988
vt 0.192749 0.060547
vt 0.187134 0.064453
vt 0.193115 0.062988
vt 0.199097 0.062988
vt 0.199097 0.060547
vt 0.193115 0.064453
vt 0.187134 0.064941
vt 0.181152 0.065918
vt 0.187134 0.065918
vt 0.187134 0.067383
vt 0.193115 0.064941
vt 0.193115 0.065918
vt 0.193115 0.067383
vt 0.199097 0.064453
vt 0.199097 0.064941
vt 0.199097 0.065918
vt 0.199097 0.067383
vt 0.205078 0.067383
vt 0.205078 0.065918
vt 0.211060 0.067383
vt 0.205078 0.064941
vt 0.211060 0.065918
vt 0.217041 0.065918
vt 0.217041 0.067383
vt 0.211060 0.064941
vt 0.205078 0.064453
vt 0.223022 0.065918
vt 0.223022 0.067383
vt 0.229004 0.067383
vt 0.205078 0.062988
vt 0.205078 0.060547
vt 0.211060 0.062988
vt 0.211060 0.060547
vt 0.217041 0.060547
vt 0.211060 0.064453
vt 0.217041 0.062988
vt 0.223022 0.060547
vt 0.217041 0.064453
vt 0.223022 0.062988
vt 0.229004 0.062988
vt 0.229004 0.060547
vt 0.217041 0.064941
vt 0.223022 0.064453
vt 0.223022 0.064941
vt 0.229004 0.064941
vt 0.229004 0.064453
vt 0.229004 0.065918
vt 0.234985 0.067383
vt 0.234985 0.064941
vt 0.234985 0.065918
vt 0.240967 0.065918
vt 0.240967 0.067383
vt 0.240967 0.064941
vt 0.234985 0.064453
vt 0.246826 0.065918
vt 0.246826 0.067383
vt 0.240967 0.064453
vt 0.234985 0.062988
vt 0.234985 0.060547
vt 0.240967 0.060547
vt 0.240967 0.062988
vt 0.247070 0.060547
vt 0.247070 0.062988
vt 0.253174 0.060547
vt 0.259766 0.061035
vt 0.259277 0.062988
vt 0.253174 0.062500
vt 0.258789 0.064453
vt 0.246948 0.063965
vt 0.252930 0.063965
vt 0.258545 0.064941
vt 0.246948 0.064941
vt 0.252686 0.064941
vt 0.258301 0.065918
vt 0.252686 0.065918
vt 0.258057 0.067871
vt 0.252686 0.067383
vt 0.755371 0.757568
vt 0.756836 0.758057
vt 0.756348 0.758667
vt 0.757324 0.755371
vt 0.753418 0.759644
vt 0.756348 0.754883
vt 0.753418 0.758423
vt 0.757324 0.752808
vt 0.750977 0.757568
vt 0.755859 0.754150
vt 0.750000 0.758667
vt 0.749512 0.758057
vt 0.749023 0.755371
vt 0.750000 0.754761
vt 0.749023 0.752808
vt 0.750488 0.754028
vt 0.755859 0.752075
vt 0.756348 0.751587
vt 0.750977 0.752319
vt 0.755859 0.749023
vt 0.750000 0.751709
vt 0.756836 0.748535
vt 0.750488 0.749023
vt 0.756348 0.747314
vt 0.749512 0.748535
vt 0.755371 0.748047
vt 0.750000 0.747314
vt 0.753418 0.746338
vt 0.750977 0.748047
vt 0.752930 0.747559
vt 0.635742 0.262695
vt 0.640625 0.260742
vt 0.639160 0.265137
vt 0.631348 0.266113
vt 0.645996 0.260742
vt 0.631836 0.274414
vt 0.628906 0.270996
vt 0.627930 0.275879
vt 0.628906 0.281250
vt 0.650391 0.267578
vt 0.650879 0.262695
vt 0.654785 0.266113
vt 0.657715 0.270996
vt 0.641602 0.269531
vt 0.635254 0.284668
vt 0.631348 0.286133
vt 0.635742 0.289551
vt 0.640625 0.291016
vt 0.635742 0.277344
vt 0.644531 0.283203
vt 0.646973 0.286621
vt 0.645996 0.291016
vt 0.650879 0.289551
vt 0.650391 0.275391
vt 0.654785 0.278809
vt 0.654785 0.286133
vt 0.658691 0.275879
vt 0.657715 0.281250
vt 0.696777 0.036621
vt 0.698730 0.038086
vt 0.696777 0.037109
vt 0.694824 0.038086
vt 0.699219 0.037598
vt 0.699219 0.038574
vt 0.694824 0.037598
vt 0.694336 0.038574
vt 0.696777 0.035645
vt 0.699707 0.038086
vt 0.693848 0.038086
vt 0.699707 0.036621
vt 0.693848 0.037109
vt 0.693359 0.041016
vt 0.693848 0.041016
vt 0.694336 0.041504
vt 0.692871 0.037598
vt 0.694336 0.041992
vt 0.693359 0.036621
vt 0.696777 0.035156
vt 0.692383 0.038086
vt 0.700195 0.036621
vt 0.692871 0.040527
vt 0.691895 0.042480
vt 0.700684 0.037598
vt 0.701172 0.037598
vt 0.701172 0.040039
vt 0.701660 0.042480
vt 0.700195 0.041504
vt 0.699707 0.041016
vt 0.699219 0.041504
vt 0.701172 0.042480
vt 0.699219 0.041992
vt 0.696777 0.042480
vt 0.692871 0.042480
vt 0.699219 0.043457
vt 0.692871 0.044922
vt 0.691895 0.044922
vt 0.694824 0.043457
vt 0.693359 0.043945
vt 0.693359 0.047363
vt 0.692871 0.047852
vt 0.694336 0.043945
vt 0.699219 0.043945
vt 0.694336 0.044434
vt 0.700195 0.043945
vt 0.699707 0.044434
vt 0.693848 0.046875
vt 0.694824 0.046875
vt 0.693848 0.047852
vt 0.693848 0.048828
vt 0.694824 0.047363
vt 0.696777 0.048828
vt 0.696777 0.049805
vt 0.700195 0.048828
vt 0.696777 0.048340
vt 0.696777 0.047852
vt 0.699219 0.046875
vt 0.699707 0.047852
vt 0.701172 0.047852
vt 0.699219 0.047363
vt 0.699707 0.046875
vt 0.700684 0.047363
vt 0.701660 0.044922
vt 0.701172 0.044922
vt1 0.816406 0.247559
vt1 0.794922 0.235840
vt1 0.779297 0.216797
vt1 0.840332 0.251953
vt1 0.770996 0.193848
vt1 0.791016 0.184082
vt1 0.864746 0.247559
vt1 0.775879 0.171875
vt1 0.812012 0.183594
vt1 0.771484 0.168945
vt1 0.886230 0.235352
vt1 0.784180 0.148926
vt1 0.833984 0.159180
vt1 0.779785 0.145508
vt1 0.902344 0.216309
vt1 0.799805 0.130859
vt1 0.910645 0.192871
vt1 0.795410 0.126465
vt1 0.838867 0.146973
vt1 0.817383 0.114258
vt1 0.835449 0.130859
vt1 0.820801 0.118652
vt1 0.910645 0.167969
vt1 0.841797 0.109863
vt1 0.902344 0.145020
vt1 0.865723 0.114258
vt1 0.886719 0.126465
vt1 0.820801 0.118652
vt1 0.835449 0.130859
vt1 0.820312 0.121094
vt1 0.832520 0.132812
vt1 0.838867 0.146973
vt1 0.834961 0.150879
vt1 0.833984 0.159180
vt1 0.816406 0.175293
vt1 0.811523 0.183594
vt1 0.806152 0.181641
vt1 0.791016 0.184082
vt1 0.791992 0.181152
vt1 0.778809 0.170898
vt1 0.775879 0.171875
vt1 0.775879 0.171875
vt1 0.787109 0.150391
vt1 0.778809 0.170898
vt1 0.784180 0.148926
vt1 0.801758 0.133301
vt1 0.799805 0.130859
vt1 0.820312 0.121094
vt1 0.820801 0.118652
vt1 0.844238 0.601562
vt1 0.854004 0.614014
vt1 0.854004 0.632568
vt1 0.832031 0.640625
vt1 0.832031 0.597168
vt1 0.800293 0.598633
vt1 0.808594 0.640625
vt1 0.786621 0.632568
vt1 0.786621 0.614014
vt1 0.639160 0.476562
vt1 0.667969 0.465332
vt1 0.666016 0.478027
vt1 0.641113 0.449707
vt1 0.672363 0.450684
vt1 0.610840 0.476562
vt1 0.625000 0.431641
vt1 0.677246 0.434570
vt1 0.679688 0.424805
vt1 0.600098 0.448730
vt1 0.580566 0.463379
vt1 0.580566 0.476562
vt1 0.646484 0.414551
vt1 0.681152 0.415039
vt1 0.534180 0.464355
vt1 0.549805 0.476562
vt1 0.518555 0.476562
vt1 0.487061 0.476562
vt1 0.549805 0.448730
vt1 0.499023 0.449219
vt1 0.565918 0.432617
vt1 0.518555 0.432617
vt1 0.440186 0.460449
vt1 0.455322 0.476562
vt1 0.423340 0.476562
vt1 0.391113 0.476562
vt1 0.440918 0.449219
vt1 0.389648 0.449219
vt1 0.359131 0.476562
vt1 0.472900 0.431152
vt1 0.357178 0.449707
vt1 0.327148 0.476562
vt1 0.422119 0.432129
vt1 0.374268 0.432617
vt1 0.313721 0.449219
vt1 0.295166 0.463379
vt1 0.295166 0.476562
vt1 0.247437 0.464355
vt1 0.263428 0.476562
vt1 0.231934 0.476562
vt1 0.200806 0.476562
vt1 0.263428 0.448730
vt1 0.212158 0.448730
vt1 0.171021 0.449219
vt1 0.170532 0.476562
vt1 0.230713 0.432129
vt1 0.140625 0.448730
vt1 0.141846 0.476562
vt1 0.181641 0.432129
vt1 0.115356 0.478027
vt1 0.113403 0.465332
vt1 0.109070 0.450684
vt1 0.104004 0.434570
vt1 0.136597 0.432129
vt1 0.101440 0.424805
vt1 0.135376 0.414551
vt1 0.100342 0.415039
vt1 0.099976 0.114746
vt1 0.168213 0.414551
vt1 0.134399 0.114746
vt1 0.100525 0.107422
vt1 0.199219 0.414551
vt1 0.101379 0.100586
vt1 0.136719 0.101074
vt1 0.167236 0.114746
vt1 0.183472 0.108398
vt1 0.167358 0.100586
vt1 0.199341 0.100586
vt1 0.199097 0.114746
vt1 0.230103 0.114746
vt1 0.231201 0.100586
vt1 0.230225 0.414551
vt1 0.260010 0.114258
vt1 0.262939 0.100586
vt1 0.294922 0.100586
vt1 0.262451 0.339355
vt1 0.311279 0.107910
vt1 0.327148 0.100098
vt1 0.262207 0.188965
vt1 0.362305 0.114258
vt1 0.359131 0.100098
vt1 0.294922 0.113770
vt1 0.327148 0.113770
vt1 0.294922 0.188477
vt1 0.327148 0.188477
vt1 0.295410 0.263672
vt1 0.327148 0.263672
vt1 0.294922 0.339355
vt1 0.262451 0.415039
vt1 0.276855 0.432129
vt1 0.295166 0.415039
vt1 0.327148 0.432617
vt1 0.327148 0.339355
vt1 0.326904 0.415039
vt1 0.358154 0.415039
vt1 0.358643 0.329102
vt1 0.391357 0.415039
vt1 0.359131 0.188477
vt1 0.423340 0.415039
vt1 0.390137 0.328613
vt1 0.390869 0.188965
vt1 0.391602 0.113770
vt1 0.407471 0.105957
vt1 0.391357 0.100098
vt1 0.423584 0.100586
vt1 0.455566 0.100586
vt1 0.423828 0.113770
vt1 0.456055 0.114746
vt1 0.487305 0.100586
vt1 0.423340 0.188965
vt1 0.502930 0.108398
vt1 0.519043 0.100586
vt1 0.422852 0.332031
vt1 0.454102 0.264160
vt1 0.456055 0.339355
vt1 0.455566 0.415039
vt1 0.487305 0.415527
vt1 0.488037 0.339355
vt1 0.486816 0.263672
vt1 0.518555 0.415527
vt1 0.487549 0.114258
vt1 0.519043 0.114258
vt1 0.519043 0.263672
vt1 0.552246 0.114746
vt1 0.550781 0.100586
vt1 0.582031 0.101074
vt1 0.518555 0.339355
vt1 0.550293 0.264160
vt1 0.583496 0.114746
vt1 0.614258 0.101074
vt1 0.549805 0.339355
vt1 0.630859 0.108398
vt1 0.646973 0.100586
vt1 0.681152 0.107422
vt1 0.680176 0.100586
vt1 0.681641 0.114746
vt1 0.647461 0.114746
vt1 0.616211 0.114746
vt1 0.614258 0.414551
vt1 0.582520 0.264160
vt1 0.582031 0.339355
vt1 0.581543 0.423828
vt1 0.582031 0.415039
vt1 0.550293 0.415039
vt1 0.529297 0.423828
vt1 0.182617 0.751831
vt1 0.157471 0.757935
vt1 0.158081 0.751221
vt1 0.182373 0.758545
vt1 0.156250 0.761475
vt1 0.207520 0.758423
vt1 0.207642 0.751709
vt1 0.181885 0.762085
vt1 0.155762 0.767700
vt1 0.207397 0.762085
vt1 0.232910 0.758423
vt1 0.232910 0.751709
vt1 0.258301 0.751709
vt1 0.232788 0.762085
vt1 0.258301 0.758423
vt1 0.283691 0.751709
vt1 0.232788 0.768066
vt1 0.258057 0.761963
vt1 0.283691 0.758423
vt1 0.309082 0.758423
vt1 0.309082 0.751709
vt1 0.283691 0.761963
vt1 0.334473 0.758423
vt1 0.334473 0.751709
vt1 0.309082 0.761963
vt1 0.334473 0.761963
vt1 0.359619 0.758423
vt1 0.359619 0.751709
vt1 0.384766 0.751709
vt1 0.384766 0.758423
vt1 0.410400 0.751709
vt1 0.359619 0.761963
vt1 0.410400 0.758423
vt1 0.384766 0.761963
vt1 0.359619 0.768066
vt1 0.435791 0.758423
vt1 0.435791 0.751709
vt1 0.410400 0.761963
vt1 0.461182 0.758423
vt1 0.461182 0.751709
vt1 0.486572 0.751709
vt1 0.435791 0.761963
vt1 0.461182 0.761963
vt1 0.486572 0.758423
vt1 0.511719 0.751709
vt1 0.461182 0.768066
vt1 0.486572 0.761963
vt1 0.511719 0.758423
vt1 0.537109 0.758423
vt1 0.537109 0.751709
vt1 0.511719 0.761963
vt1 0.562012 0.758545
vt1 0.562012 0.751709
vt1 0.537109 0.762085
vt1 0.562500 0.762085
vt1 0.587402 0.758545
vt1 0.586914 0.751831
vt1 0.611816 0.751221
vt1 0.612305 0.757935
vt1 0.587891 0.762085
vt1 0.613281 0.761475
vt1 0.587891 0.768188
vt1 0.613770 0.767700
vt1 0.613770 0.769409
vt1 0.587891 0.769775
vt1 0.562500 0.768188
vt1 0.562500 0.769775
vt1 0.537109 0.769775
vt1 0.537109 0.768066
vt1 0.511719 0.768066
vt1 0.511719 0.769775
vt1 0.486572 0.769775
vt1 0.486572 0.768066
vt1 0.461182 0.769775
vt1 0.435791 0.769775
vt1 0.435791 0.768066
vt1 0.410400 0.768066
vt1 0.410400 0.769775
vt1 0.384766 0.769775
vt1 0.384766 0.768066
vt1 0.359619 0.769775
vt1 0.334473 0.769775
vt1 0.334473 0.768066
vt1 0.309082 0.769775
vt1 0.309082 0.768066
vt1 0.283691 0.768066
vt1 0.283691 0.769775
vt1 0.258057 0.768066
vt1 0.258057 0.769775
vt1 0.232788 0.769775
vt1 0.207153 0.769775
vt1 0.207275 0.768188
vt1 0.181519 0.769775
vt1 0.181641 0.768188
vt1 0.156006 0.769409
vt1 0.093323 0.653320
vt1 0.121460 0.661621
vt1 0.094238 0.662354
vt1 0.121155 0.652588
vt1 0.091919 0.649902
vt1 0.149658 0.652832
vt1 0.149658 0.661865
vt1 0.120544 0.649170
vt1 0.090698 0.646240
vt1 0.178467 0.652832
vt1 0.178467 0.661865
vt1 0.207520 0.661865
vt1 0.149292 0.649414
vt1 0.119751 0.645264
vt1 0.207520 0.652832
vt1 0.236572 0.661865
vt1 0.148926 0.645264
vt1 0.118774 0.638184
vt1 0.088501 0.639648
vt1 0.085938 0.629395
vt1 0.118103 0.627930
vt1 0.148438 0.628174
vt1 0.148560 0.638428
vt1 0.178101 0.628174
vt1 0.178101 0.638428
vt1 0.178223 0.645508
vt1 0.178345 0.649414
vt1 0.207397 0.638428
vt1 0.207397 0.628174
vt1 0.207397 0.649414
vt1 0.207397 0.645508
vt1 0.236572 0.649414
vt1 0.236572 0.638428
vt1 0.236572 0.628174
vt1 0.265625 0.628174
vt1 0.236572 0.645508
vt1 0.265625 0.638428
vt1 0.293213 0.627686
vt1 0.265625 0.645508
vt1 0.294922 0.638428
vt1 0.323975 0.638428
vt1 0.323975 0.628174
vt1 0.294922 0.645508
vt1 0.265625 0.649414
vt1 0.236572 0.652832
vt1 0.265625 0.652832
vt1 0.265625 0.661865
vt1 0.294922 0.649414
vt1 0.294922 0.652832
vt1 0.294922 0.661865
vt1 0.323975 0.645508
vt1 0.323975 0.649414
vt1 0.323975 0.652832
vt1 0.323975 0.661865
vt1 0.353271 0.661865
vt1 0.353271 0.652832
vt1 0.382568 0.661865
vt1 0.353271 0.649414
vt1 0.382568 0.652832
vt1 0.411621 0.652832
vt1 0.411621 0.661865
vt1 0.382568 0.649414
vt1 0.353271 0.645508
vt1 0.440674 0.652832
vt1 0.440674 0.661865
vt1 0.469727 0.661865
vt1 0.353271 0.638428
vt1 0.353271 0.628174
vt1 0.382568 0.638428
vt1 0.382568 0.628174
vt1 0.411621 0.628174
vt1 0.382568 0.645508
vt1 0.411621 0.638428
vt1 0.440674 0.628174
vt1 0.411621 0.645508
vt1 0.440674 0.638428
vt1 0.469971 0.638428
vt1 0.469971 0.628174
vt1 0.411621 0.649414
vt1 0.440674 0.645508
vt1 0.440674 0.649414
vt1 0.469971 0.649414
vt1 0.469971 0.645508
vt1 0.469727 0.652832
vt1 0.498779 0.661865
vt1 0.499023 0.649414
vt1 0.499023 0.652832
vt1 0.527832 0.652832
vt1 0.527832 0.661865
vt1 0.527832 0.649414
vt1 0.499023 0.645508
vt1 0.556641 0.652832
vt1 0.556641 0.661865
vt1 0.527832 0.645508
vt1 0.499023 0.638428
vt1 0.499023 0.628174
vt1 0.528320 0.628174
vt1 0.528320 0.638428
vt1 0.557617 0.628174
vt1 0.557617 0.638428
vt1 0.588379 0.627930
vt1 0.620605 0.629395
vt1 0.617676 0.639648
vt1 0.587402 0.638184
vt1 0.615723 0.646240
vt1 0.557129 0.645264
vt1 0.586426 0.645264
vt1 0.614258 0.649902
vt1 0.557129 0.649414
vt1 0.585938 0.649170
vt1 0.612793 0.653320
vt1 0.584961 0.652588
vt1 0.612305 0.662354
vt1 0.584961 0.661621
vt1 0.139404 0.923523
vt1 0.146973 0.926270
vt1 0.142700 0.928955
vt1 0.147827 0.911865
vt1 0.127197 0.934143
vt1 0.144043 0.909729
vt1 0.127319 0.927795
vt1 0.149780 0.898438
vt1 0.115051 0.923462
vt1 0.140747 0.905945
vt1 0.111877 0.928894
vt1 0.107483 0.926086
vt1 0.106750 0.911804
vt1 0.110474 0.908752
vt1 0.104797 0.898376
vt1 0.114136 0.905212
vt1 0.140503 0.895203
vt1 0.142944 0.892334
vt1 0.115295 0.896179
vt1 0.140625 0.879028
vt1 0.111694 0.893188
vt1 0.146606 0.876648
vt1 0.113953 0.878906
vt1 0.144775 0.870239
vt1 0.108032 0.876587
vt1 0.138550 0.874146
vt1 0.109741 0.870239
vt1 0.127319 0.864258
vt1 0.116028 0.874146
vt1 0.127075 0.871216
vt1 0.819824 0.916626
vt1 0.793945 0.907227
vt1 0.812988 0.895081
vt1 0.847656 0.916565
vt1 0.772949 0.889587
vt1 0.872070 0.883240
vt1 0.873535 0.907166
vt1 0.894531 0.889587
vt1 0.908203 0.865845
vt1 0.775879 0.848755
vt1 0.759277 0.865845
vt1 0.754395 0.838745
vt1 0.759277 0.811646
vt1 0.817383 0.870117
vt1 0.893066 0.829956
vt1 0.913086 0.838745
vt1 0.908203 0.811646
vt1 0.894531 0.787842
vt1 0.868164 0.858643
vt1 0.852051 0.807251
vt1 0.855469 0.784302
vt1 0.873535 0.770142
vt1 0.847656 0.760864
vt1 0.801758 0.817261
vt1 0.798340 0.789307
vt1 0.819824 0.760864
vt1 0.772949 0.787842
vt1 0.793945 0.770142
vt1 0.821777 0.423340
vt1 0.811523 0.416016
vt1 0.821289 0.420410
vt1 0.831543 0.416016
vt1 0.810059 0.418945
vt1 0.807617 0.413086
vt1 0.833008 0.418945
vt1 0.834961 0.413086
vt1 0.821777 0.427734
vt1 0.805664 0.415527
vt1 0.837402 0.415039
vt1 0.806152 0.422363
vt1 0.836914 0.422363
vt1 0.838867 0.399902
vt1 0.835938 0.400879
vt1 0.833984 0.398926
vt1 0.841309 0.417480
vt1 0.833496 0.396973
vt1 0.840332 0.423828
vt1 0.821777 0.430664
vt1 0.844727 0.416992
vt1 0.802734 0.423828
vt1 0.842773 0.404297
vt1 0.846191 0.394043
vt1 0.801758 0.417480
vt1 0.798340 0.416992
vt1 0.799805 0.404785
vt1 0.796387 0.394043
vt1 0.803711 0.398926
vt1 0.806641 0.400391
vt1 0.810059 0.399414
vt1 0.799805 0.393066
vt1 0.810059 0.395996
vt1 0.821289 0.393066
vt1 0.842773 0.392578
vt1 0.809082 0.389160
vt1 0.842773 0.380859
vt1 0.846191 0.379883
vt1 0.832031 0.388672
vt1 0.838867 0.384766
vt1 0.840820 0.368652
vt1 0.842773 0.364746
vt1 0.833984 0.385742
vt1 0.808594 0.386719
vt1 0.835449 0.382324
vt1 0.803223 0.386230
vt1 0.806641 0.383301
vt1 0.836914 0.371094
vt1 0.832520 0.369629
vt1 0.836426 0.363770
vt1 0.837891 0.360840
vt1 0.832520 0.367188
vt1 0.820801 0.358887
vt1 0.820801 0.355957
vt1 0.804199 0.360840
vt1 0.820801 0.363281
vt1 0.821289 0.366211
vt1 0.809570 0.370117
vt1 0.805664 0.364258
vt1 0.799316 0.365234
vt1 0.809570 0.367188
vt1 0.805176 0.371094
vt1 0.801758 0.368652
vt1 0.796387 0.380371
vt1 0.799805 0.380859
vn 0.000000 1.000000 -0.000000
vn 0.000000 1.000000 -0.000000
vn 0.000000 1.000000 -0.000000
vn 0.000000 1.000000 -0.000000
vn 0.000000 1.000000 -0.000000
vn 0.000000 1.000000 -0.000000
vn 0.000000 1.000000 -0.000000
vn 0.000000 1.000000 -0.000000
vn 0.000000 1.000000 -0.000000
vn 0.000000 1.000000 -0.000000
vn 0.000000 1.000000 -0.000000
vn 0.000000 1.000000 -0.000000
vn 0.000000 1.000000 -0.000000
vn 0.000000 1.000000 -0.000000
vn 0.000000 1.000000 -0.000000
vn 0.000000 1.000000 -0.000000
vn 0.000000 1.000000 -0.000000
vn 0.000000 1.000000 -0.000000
vn 0.000000 1.000000 -0.000000
vn 0.000000 1.000000 -0.000000
vn 0.000000 1.000000 -0.000000
vn 0.000000 1.000000 -0.000000
vn 0.000000 1.000000 -0.000000
vn 0.000000 1.000000 -0.000000
vn 0.000000 1.000000 -0.000000
vn 0.000000 1.000000 -0.000000
vn 0.000000 1.000000 -0.000000
vn -1.000000 0.000000 0.000000
vn -0.944882 -0.000000 -0.330709
vn -1.000000 0.000000 0.000000
vn -0.944882 -0.000000 -0.330709
vn -0.582677 -0.000000 -0.811023
vn -0.401575 -0.000000 -0.913386
vn -0.173228 -0.000000 -0.984252
vn 0.173228 -0.000000 -0.984252
vn 0.401575 -0.000000 -0.913386
vn 0.582677 -0.000000 -0.811023
vn 0.944882 -0.000000 -0.330709
vn 0.944882 -0.000000 -0.330709
vn 1.000000 0.000000 0.000000
vn 1.000000 0.000000 0.000000
vn 0.338583 0.000000 0.937008
vn 0.173228 0.000000 0.984252
vn 0.338583 0.000000 0.937008
vn 0.173228 0.000000 0.984252
vn -0.173228 0.000000 0.984252
vn -0.173228 0.000000 0.984252
vn -0.338583 0.000000 0.937008
vn -0.338583 0.000000 0.937008
vn 0.000000 1.000000 -0.000000
vn 0.000000 1.000000 -0.000000
vn 0.000000 1.000000 -0.000000
vn 0.000000 1.000000 -0.000000
vn 0.000000 1.000000 -0.000000
vn 0.000000 1.000000 -0.000000
vn 0.000000 1.000000 -0.000000
vn 0.000000 1.000000 -0.000000
vn 0.000000 1.000000 -0.000000
vn 0.488189 0.236221 0.842520
vn 0.157480 0.464567 0.874016
vn 0.165354 0.236221 0.952756
vn 0.377953 0.661417 0.645669
vn 0.125984 0.685039 0.724409
vn 0.740157 0.236221 0.622047
vn 0.519685 0.629921 0.574803
vn 0.133858 0.637795 0.755905
vn 0.157480 0.377953 0.913386
vn 0.622047 0.669291 0.401575
vn 0.834646 0.464567 0.299213
vn 0.913386 0.236220 0.330709
vn 0.496063 0.094488 0.858268
vn 0.173228 0.094488 0.984252
vn 0.881890 0.448819 -0.157480
vn 0.968504 0.236220 -0.000000
vn 0.913386 0.236220 -0.330709
vn 0.740157 0.236220 -0.622047
vn 0.732283 0.685039 -0.000000
vn 0.629921 0.669291 -0.393701
vn 0.763780 0.629921 0.133858
vn 0.724409 0.629921 -0.267717
vn 0.307087 0.503937 -0.811024
vn 0.488189 0.236220 -0.842520
vn 0.165354 0.236220 -0.952756
vn -0.165354 0.236220 -0.952756
vn 0.267717 0.677165 -0.685039
vn -0.141732 0.677165 -0.724409
vn -0.488189 0.236220 -0.842520
vn 0.519685 0.614173 -0.598425
vn -0.377953 0.669291 -0.637795
vn -0.740157 0.236220 -0.622047
vn 0.125984 0.622047 -0.771653
vn -0.275591 0.629921 -0.732283
vn -0.629921 0.677165 -0.385827
vn -0.834646 0.464567 -0.299213
vn -0.913386 0.236220 -0.330709
vn -0.881890 0.448819 0.165354
vn -0.968504 0.236220 -0.000000
vn -0.913386 0.236220 0.330709
vn -0.740157 0.236221 0.622047
vn -0.732283 0.685039 -0.000000
vn -0.622047 0.669291 0.393701
vn -0.370079 0.669291 0.645669
vn -0.488189 0.236221 0.842520
vn -0.732283 0.622047 0.275590
vn -0.141732 0.677165 0.724409
vn -0.165354 0.236221 0.952756
vn -0.480315 0.629921 0.606299
vn 0.165354 0.236221 0.952756
vn 0.157480 0.464567 0.874016
vn 0.125984 0.685039 0.724409
vn 0.133858 0.637795 0.755905
vn -0.133858 0.637795 0.755905
vn 0.157480 0.377953 0.913386
vn -0.181102 0.094488 0.976378
vn 0.173228 0.094488 0.984252
vn 0.173228 -0.094488 0.984252
vn -0.503937 0.094488 0.858268
vn -0.173228 -0.094488 0.984252
vn 0.165354 -0.370079 0.913386
vn -0.763780 0.094488 0.637795
vn 0.141732 -0.551181 0.818898
vn -0.165354 -0.551181 0.818898
vn -0.496063 -0.094488 0.866142
vn -0.606299 -0.338583 0.724409
vn -0.417323 -0.551181 0.724409
vn -0.637795 -0.551181 0.535433
vn -0.763780 -0.094488 0.637795
vn -0.937008 -0.094488 0.338583
vn -0.787402 -0.551181 0.283465
vn -0.937008 0.094488 0.338583
vn -0.992126 -0.094488 0.023622
vn -0.834646 -0.551181 0.000000
vn -0.787402 -0.551181 -0.283464
vn -1.000000 -0.007874 -0.031496
vn -0.811024 -0.338583 -0.472441
vn -0.637795 -0.551181 -0.535433
vn -1.000000 0.007874 -0.023622
vn -0.472441 -0.062992 -0.881890
vn -0.417323 -0.551181 -0.724409
vn -0.929134 -0.078740 -0.354331
vn -0.755906 -0.062992 -0.653543
vn -0.921260 0.039370 -0.385827
vn -0.740157 0.055118 -0.669291
vn -0.905512 -0.015748 -0.425197
vn -0.740157 -0.023622 -0.669291
vn -0.921260 -0.031496 -0.385827
vn -0.992126 0.094488 -0.000000
vn -0.771654 0.622047 -0.118110
vn -0.929134 0.094488 -0.346457
vn -0.590551 0.637795 -0.496063
vn -0.755906 -0.055118 -0.653543
vn -0.763780 0.094488 -0.637795
vn -0.511811 0.094488 -0.858268
vn -0.511811 -0.062992 -0.858268
vn -0.173228 0.086614 -0.976378
vn -0.511811 0.055118 -0.858268
vn 0.173228 0.086614 -0.976378
vn -0.220472 -0.047244 -0.976378
vn -0.220472 0.039370 -0.976378
vn -0.181102 -0.070866 -0.984252
vn 0.000000 -0.393701 -0.921260
vn -0.141732 -0.551181 -0.818897
vn 0.141732 -0.551181 -0.818897
vn 0.417323 -0.551181 -0.724409
vn 0.165354 -0.078740 -0.984252
vn 0.488189 -0.086614 -0.866142
vn 0.637795 -0.551181 -0.535433
vn 0.125984 0.023622 -0.992126
vn 0.818898 -0.338583 -0.472441
vn 0.787402 -0.551181 -0.283464
vn 0.149606 -0.023622 -0.984252
vn 0.503937 0.015748 -0.866142
vn 0.535433 -0.007874 -0.842520
vn 0.519685 0.070866 -0.850394
vn 0.787402 0.039370 -0.614173
vn 0.811024 -0.000000 -0.582677
vn 0.787402 0.047244 -0.614173
vn 0.937008 0.015748 -0.346457
vn 0.763780 -0.086614 -0.637795
vn 0.937008 -0.086614 -0.338583
vn 0.937008 0.062992 -0.346457
vn 0.992126 -0.094488 0.015748
vn 0.834646 -0.551181 0.000000
vn 0.787402 -0.551181 0.283465
vn 0.937008 -0.000000 -0.346457
vn 1.000000 0.039370 -0.039370
vn 0.929134 -0.094488 0.346457
vn 0.637795 -0.551181 0.535433
vn 1.000000 -0.000000 -0.078740
vn 0.606299 -0.338583 0.724409
vn 0.417323 -0.551181 0.724409
vn 0.165354 -0.370079 0.913386
vn 0.141732 -0.551181 0.818898
vn 0.173228 -0.094488 0.984252
vn 0.496063 -0.094488 0.866142
vn 0.763780 -0.094488 0.637795
vn 0.763780 0.094488 0.637795
vn 0.944882 0.015748 0.314961
vn 0.952756 0.000000 0.299213
vn 0.874016 0.377953 0.314961
vn 0.944882 0.078740 0.322835
vn 1.000000 0.039370 -0.039370
vn 0.913386 0.354331 -0.212598
vn -0.763780 0.102362 -0.637795
vn -0.322835 0.763779 -0.559055
vn -0.496063 0.102362 -0.858268
vn -0.496063 0.763779 -0.409449
vn 0.346457 0.724409 0.598425
vn -0.606299 0.763779 -0.220472
vn -0.937008 0.102362 -0.338583
vn 0.527559 0.724409 0.440945
vn 0.401575 -0.582677 0.700787
vn 0.653543 0.724409 0.236220
vn -0.645669 0.763779 -0.000000
vn -0.992126 0.102362 -0.000000
vn -0.937008 0.102362 0.338583
vn 0.692913 0.724409 -0.000000
vn -0.606299 0.763779 0.220472
vn -0.763780 0.102362 0.637795
vn 0.811024 -0.582677 0.000000
vn 0.653543 0.724409 -0.236221
vn -0.496063 0.763779 0.409449
vn -0.322835 0.763779 0.559055
vn -0.496063 0.102362 0.858268
vn 0.527559 0.724409 -0.440945
vn -0.110236 0.763779 0.629921
vn -0.173228 0.102362 0.976378
vn 0.346457 0.724409 -0.598425
vn 0.118110 0.724409 -0.677165
vn 0.110236 0.763779 0.629921
vn 0.173228 0.102362 0.976378
vn 0.496063 0.102362 0.858268
vn 0.322835 0.763779 0.559055
vn 0.763780 0.102362 0.637795
vn -0.118110 0.724409 -0.677165
vn 0.496063 0.763779 0.409449
vn -0.346457 0.724409 -0.598425
vn -0.141732 -0.582677 -0.795275
vn 0.606299 0.763779 0.220472
vn 0.937008 0.102362 0.338583
vn -0.527559 0.724409 -0.440945
vn 0.645669 0.763779 -0.000000
vn 0.992126 0.102362 -0.000000
vn 0.937008 0.102362 -0.338583
vn -0.653543 0.724409 -0.236221
vn -0.692913 0.724409 -0.000000
vn 0.606299 0.763779 -0.220472
vn 0.763780 0.102362 -0.637795
vn -0.811024 -0.582677 0.000000
vn -0.653543 0.724409 0.236220
vn 0.496063 0.763779 -0.409449
vn 0.322835 0.763779 -0.559055
vn 0.496063 0.102362 -0.858268
vn -0.527559 0.724409 0.440945
vn 0.110236 0.763779 -0.629921
vn 0.173228 0.102362 -0.976378
vn -0.346457 0.724409 0.598425
vn -0.118110 0.724409 0.677165
vn -0.110236 0.763779 -0.629921
vn -0.173228 0.102362 -0.976378
vn -0.496063 0.102362 -0.858268
vn -0.322835 0.763779 -0.559055
vn 0.118110 0.724409 0.677165
vn 0.346457 0.724409 0.598425
vn 0.141732 -0.582677 0.795276
vn 0.401575 -0.582677 0.700787
vn 0.062992 -0.992126 0.110236
vn 0.023622 -0.992126 0.125984
vn -0.141732 -0.582677 0.795276
vn -0.023622 -0.992126 0.125984
vn -0.062992 -0.992126 0.110236
vn -0.401575 -0.582677 0.700787
vn -0.622047 -0.582677 0.519685
vn -0.094488 -0.992126 0.078740
vn -0.118110 -0.992126 0.039370
vn -0.763780 -0.582677 0.275591
vn -0.125984 -0.992126 0.000000
vn -0.118110 -0.992126 -0.039370
vn -0.763780 -0.582677 -0.275590
vn -0.622047 -0.582677 -0.519685
vn -0.094488 -0.992126 -0.078740
vn -0.062992 -0.992126 -0.110236
vn -0.401575 -0.582677 -0.700787
vn -0.023622 -0.992126 -0.125984
vn 0.023622 -0.992126 -0.125984
vn 0.141732 -0.582677 -0.795275
vn 0.062992 -0.992126 -0.110236
vn 0.401575 -0.582677 -0.700787
vn 0.622047 -0.582677 -0.519685
vn 0.094488 -0.992126 -0.078740
vn 0.763780 -0.582677 -0.275590
vn 0.118110 -0.992126 -0.039370
vn 0.125984 -0.992126 0.000000
vn 0.118110 -0.992126 0.039370
vn 0.763780 -0.582677 0.275591
vn 0.094488 -0.992126 0.078740
vn 0.622047 -0.582677 0.519685
vn 0.062992 -0.992126 0.110236
vn 0.283465 -0.826771 0.488189
vn 0.740157 -0.251968 0.622047
vn 0.488189 -0.251968 0.842520
vn 0.433071 -0.826771 0.362205
vn -0.322835 -0.763779 -0.559055
vn 0.535433 -0.826772 0.196850
vn 0.913386 -0.251968 0.330709
vn -0.496063 -0.763779 -0.417323
vn -0.433071 -0.496063 -0.748031
vn 0.566929 -0.826772 0.000000
vn 0.968504 -0.251968 0.000000
vn 0.913386 -0.251969 -0.330709
vn -0.606299 -0.763779 -0.220472
vn -0.661417 -0.496063 -0.559055
vn 0.535433 -0.826772 -0.196850
vn 0.740157 -0.251969 -0.622047
vn -0.811024 -0.496063 -0.299213
vn -0.496063 -0.755905 -0.417323
vn -0.322835 -0.755905 -0.566929
vn -0.291339 -0.818898 -0.496063
vn -0.440945 -0.818898 -0.370079
vn -0.543307 -0.818897 -0.196850
vn -0.614173 -0.755905 -0.220472
vn -0.574803 -0.818897 0.000000
vn -0.653543 -0.755905 0.000000
vn -0.866142 -0.496063 0.000000
vn -0.645669 -0.763779 0.000000
vn -0.614173 -0.755905 0.220472
vn -0.543307 -0.818897 0.196850
vn -0.606299 -0.763779 0.220472
vn -0.811024 -0.496063 0.299213
vn -0.496063 -0.763779 0.417323
vn -0.496063 -0.755905 0.417323
vn -0.440945 -0.818897 0.370079
vn -0.291339 -0.818897 0.496063
vn -0.661417 -0.496063 0.559055
vn -0.322835 -0.755905 0.566929
vn -0.110236 -0.818897 0.559055
vn -0.433071 -0.496063 0.748031
vn -0.110236 -0.755905 0.645669
vn 0.110236 -0.755905 0.645669
vn 0.102362 -0.818897 0.566929
vn -0.149606 -0.496063 0.850394
vn -0.322835 -0.763779 0.559055
vn 0.433071 -0.826772 -0.362205
vn 0.283465 -0.826772 -0.488189
vn 0.488189 -0.251969 -0.842520
vn -0.110236 -0.763779 0.637795
vn 0.102362 -0.826772 -0.559055
vn 0.165354 -0.251969 -0.952756
vn 0.149606 -0.496063 0.850394
vn 0.110236 -0.763779 0.637795
vn -0.102362 -0.826772 -0.559055
vn -0.165354 -0.251969 -0.952756
vn -0.488189 -0.251969 -0.842520
vn -0.283465 -0.826772 -0.488189
vn -0.740157 -0.251969 -0.622047
vn 0.322835 -0.763779 0.559055
vn -0.433071 -0.826772 -0.362205
vn -0.535433 -0.826772 -0.196850
vn -0.913386 -0.251969 -0.330709
vn 0.496063 -0.763779 0.417323
vn 0.433071 -0.496063 0.748031
vn -0.566929 -0.826772 0.000000
vn -0.968504 -0.251968 0.000000
vn -0.913386 -0.251968 0.330709
vn 0.322835 -0.755905 0.566929
vn 0.291339 -0.818897 0.496063
vn 0.496063 -0.755905 0.417323
vn 0.440945 -0.818897 0.370079
vn 0.543307 -0.818897 0.196850
vn 0.661417 -0.496063 0.559055
vn 0.614173 -0.755905 0.220472
vn 0.574803 -0.818897 0.000000
vn 0.811024 -0.496063 0.299213
vn 0.653543 -0.755905 0.000000
vn 0.614173 -0.755905 -0.220472
vn 0.543307 -0.818897 -0.196850
vn 0.606299 -0.763779 0.220472
vn 0.866142 -0.496063 0.000000
vn 0.645669 -0.763779 0.000000
vn 0.606299 -0.763779 -0.220472
vn 0.811024 -0.496063 -0.299213
vn -0.535433 -0.826772 0.196850
vn -0.740157 -0.251968 0.622047
vn 0.496063 -0.763779 -0.417323
vn -0.433071 -0.826771 0.362205
vn -0.283465 -0.826771 0.488189
vn -0.488189 -0.251968 0.842520
vn 0.322835 -0.763779 -0.559055
vn 0.661417 -0.496063 -0.559055
vn -0.102362 -0.826771 0.559055
vn -0.165354 -0.251968 0.952756
vn 0.433071 -0.496063 -0.748031
vn 0.496063 -0.755905 -0.417323
vn 0.440945 -0.818898 -0.370079
vn 0.291339 -0.818898 -0.496063
vn 0.322835 -0.755905 -0.566929
vn 0.102362 -0.818898 -0.566929
vn 0.110236 -0.755905 -0.645669
vn -0.102362 -0.818898 -0.566929
vn -0.291339 -0.818898 -0.496063
vn -0.322835 -0.755905 -0.566929
vn -0.110236 -0.755905 -0.645669
vn -0.433071 -0.496063 -0.748031
vn 0.149606 -0.496063 -0.850394
vn -0.149606 -0.496063 -0.850394
vn -0.322835 -0.763779 -0.559055
vn 0.110236 -0.763779 -0.637795
vn -0.110236 -0.763779 -0.637795
vn 0.283465 -0.826771 0.488189
vn 0.102362 -0.826771 0.559055
vn 0.488189 -0.251968 0.842520
vn 0.165354 -0.251968 0.952756
vn -0.007874 -0.622047 0.779527
vn 0.000000 -0.645669 0.763779
vn 0.000000 -0.614173 0.787401
vn -0.039370 -0.779527 0.629921
vn 0.000000 -0.582677 0.811024
vn -0.031496 -0.803149 0.590551
vn 0.000000 -0.582677 0.811024
vn -0.023622 -0.866142 0.496063
vn 0.015748 -0.629921 0.779527
vn 0.007874 -0.834646 0.551181
vn 0.000000 -0.614173 0.787401
vn 0.000000 -0.653543 0.755905
vn 0.031496 -0.787401 0.622047
vn 0.031496 -0.811023 0.582677
vn 0.023622 -0.866142 0.496063
vn 0.007874 -0.834646 0.551181
vn 0.000000 -0.874016 0.480315
vn -0.031496 -0.905512 0.425197
vn 0.007874 -0.874016 0.488189
vn -0.015748 -0.976378 0.228347
vn 0.031496 -0.897638 0.433071
vn -0.007874 -0.968504 0.244095
vn 0.023622 -0.968504 0.236221
vn 0.000000 -0.984252 0.181102
vn 0.015748 -0.968504 0.244095
vn 0.007874 -0.984252 0.157480
vn 0.000000 -0.984252 0.181102
vn 0.000000 -0.992126 0.133858
vn -0.007874 -0.984252 0.157480
vn 0.000000 -0.992126 0.133858
vn -0.401575 -0.905512 -0.149606
vn -0.433071 -0.905512 0.000000
vn -0.370079 -0.929134 -0.062992
vn -0.330709 -0.905512 -0.275590
vn -0.401575 -0.905512 0.149606
vn -0.118110 -0.929134 -0.346457
vn -0.212598 -0.905512 -0.370079
vn -0.078740 -0.905512 -0.425197
vn 0.078740 -0.905512 -0.425197
vn -0.236220 -0.929134 0.283465
vn -0.330709 -0.905512 0.275591
vn -0.212598 -0.905512 0.370079
vn -0.078740 -0.905512 0.425197
vn -0.181102 -0.984252 -0.007874
vn 0.228346 -0.929134 -0.291338
vn 0.212598 -0.905512 -0.370079
vn 0.330709 -0.905512 -0.275590
vn 0.401575 -0.905512 -0.149606
vn 0.000000 -0.976378 -0.212598
vn 0.181102 -0.984252 0.000000
vn 0.362205 -0.929134 0.055118
vn 0.433071 -0.905512 0.000000
vn 0.401575 -0.905512 0.149606
vn 0.015748 -0.984252 0.196850
vn 0.157480 -0.929134 0.338583
vn 0.330709 -0.905512 0.275591
vn 0.078740 -0.905512 0.425197
vn 0.212598 -0.905512 0.370079
vn 0.031496 0.858268 0.511811
vn -0.519685 0.212599 0.826772
vn 0.007874 0.338583 0.937008
vn 0.519685 0.212599 0.826772
vn -0.330709 0.842520 0.425197
vn -0.905512 0.322835 0.267716
vn 0.330709 0.842520 0.425197
vn 0.905512 0.314961 0.283464
vn 0.007874 0.590551 -0.803150
vn -0.598425 0.803149 0.047244
vn 0.590551 0.803149 0.047244
vn 0.362205 0.543307 -0.755905
vn -0.362205 0.543307 -0.755905
vn 0.614173 0.645669 -0.456693
vn 0.944882 -0.039370 -0.322835
vn 0.244094 -0.322835 -0.913386
vn -0.716535 0.629921 -0.307087
vn 0.157480 0.283464 -0.944882
vn -0.598425 -0.031496 -0.795275
vn 0.000000 -0.070866 -1.000000
vn -0.984252 -0.047244 -0.157480
vn 0.598425 -0.031496 -0.803149
vn -0.716535 0.629921 -0.314961
vn -0.992126 0.086614 -0.070866
vn 0.716535 0.629921 -0.314961
vn 0.984252 -0.047244 -0.157480
vn 0.716535 0.622047 -0.322835
vn 0.992126 0.078740 -0.062992
vn -0.598425 0.645669 -0.472441
vn -0.944882 -0.023622 -0.330709
vn -0.157480 -0.535433 -0.826771
vn 0.732283 0.582677 -0.346457
vn -0.110236 0.220472 -0.968504
vn -0.007874 0.858268 -0.519685
vn -0.732283 0.582677 -0.346457
vn -0.110236 0.984252 0.110236
vn -0.708661 0.582677 -0.393701
vn -1.000000 0.062992 0.055118
vn 0.133858 0.976378 0.157480
vn 0.574803 0.740157 -0.346457
vn -0.708661 0.574803 -0.417323
vn -0.913386 0.370079 0.149606
vn 0.330709 0.661417 0.677165
vn -0.267717 0.748031 0.606299
vn 1.000000 0.039370 0.055118
vn -0.559055 0.755905 -0.338583
vn -1.000000 0.055118 0.055118
vn 0.629921 0.299212 -0.716535
vn 0.692913 -0.488189 -0.535433
vn -0.314961 0.929134 -0.196850
vn -0.448819 0.779527 0.433071
vn 0.346457 -0.062992 -0.937008
vn 0.000000 0.976378 -0.212599
vn 0.000000 0.905512 0.417323
vn 0.448819 0.779527 0.433071
vn -0.023622 -0.149606 -0.984252
vn -0.007874 -0.763779 -0.645669
vn -0.700787 -0.488189 -0.519685
vn 0.314961 0.929134 -0.196850
vn 0.921260 0.370079 0.141732
vn -0.346457 -0.062992 -0.937008
vn -0.637795 0.307086 -0.708661
vn 0.708661 0.574803 -0.409449
vn 1.000000 0.062992 0.062992
vn 0.708661 0.590551 -0.385827
tan 0.000000 -0.000000 -1.000000 1.000000
tan 0.000000 -0.000000 -1.000000 1.000000
tan 0.000000 -0.000000 -1.000000 1.000000
tan -0.007874 -0.000000 -1.000000 1.000000
tan 0.000000 -0.000000 -1.000000 1.000000
tan -0.007874 -0.000000 -1.000000 1.000000
tan -0.015748 -0.000000 -1.000000 1.000000
tan 0.015748 -0.000000 -1.000000 1.000000
tan -0.007874 -0.000000 -1.000000 1.000000
tan 0.023622 -0.000000 -1.000000 1.000000
tan -0.007874 -0.000000 -1.000000 1.000000
tan 0.007874 -0.000000 -1.000000 1.000000
tan 0.000000 -0.000000 -1.000000 1.000000
tan 0.007874 -0.000000 -1.000000 1.000000
tan 0.007874 -0.000000 -1.000000 1.000000
tan -0.007874 -0.000000 -1.000000 1.000000
tan 0.015748 -0.000000 -1.000000 1.000000
tan -0.007874 -0.000000 -1.000000 1.000000
tan 0.023622 -0.000000 -1.000000 1.000000
tan -0.023622 -0.000000 -1.000000 1.000000
tan 0.007874 -0.000000 -1.000000 1.000000
tan -0.015748 -0.000000 -1.000000 1.000000
tan 0.007874 -0.000000 -1.000000 1.000000
tan 0.000000 -0.000000 -1.000000 1.000000
tan 0.000000 -0.000000 -1.000000 1.000000
tan 0.000000 -0.000000 -1.000000 1.000000
tan 0.000000 -0.000000 -1.000000 1.000000
tan 0.000000 0.393701 -0.921260 1.000000
tan 0.317689 -0.255565 -0.907682 1.000000
tan 0.000000 0.322834 -0.944882 1.000000
tan 0.312481 -0.310249 -0.892802 1.000000
tan 0.638601 -0.590055 -0.458801 1.000000
tan 0.539401 -0.750263 -0.237150 1.000000
tan 0.162750 -0.970116 -0.028644 1.000000
tan -0.178250 -0.970116 -0.031372 1.000000
tan -0.553785 -0.735879 -0.243474 1.000000
tan -0.638601 -0.590055 -0.458801 1.000000
tan -0.315085 -0.287929 -0.900242 1.000000
tan -0.312481 -0.302809 -0.892802 1.000000
tan 0.000000 0.322834 -0.944882 1.000000
tan 0.000000 0.393701 -0.921260 1.000000
tan 0.553351 0.765887 -0.199950 1.000000
tan 0.193750 0.962366 -0.034100 1.000000
tan 0.568107 0.758509 -0.205282 1.000000
tan 0.186000 0.970116 -0.032736 1.000000
tan -0.147250 0.977866 -0.025916 1.000000
tan -0.170500 0.970116 -0.030008 1.000000
tan -0.627131 0.714241 -0.226610 1.000000
tan -0.649265 0.689441 -0.234609 1.000000
tan 0.000000 -0.000000 -1.000000 1.000000
tan 0.000000 -0.000000 -1.000000 1.000000
tan 0.000000 -0.000000 -1.000000 1.000000
tan 0.000000 -0.000000 -1.000000 1.000000
tan 0.000000 -0.000000 -1.000000 1.000000
tan 0.000000 -0.000000 -1.000000 1.000000
tan 0.000000 -0.000000 -1.000000 1.000000
tan 0.000000 -0.000000 -1.000000 1.000000
tan 0.000000 -0.000000 -1.000000 1.000000
tan 0.091884 -0.930250 0.207576 1.000000
tan 0.125612 -0.877054 0.443549 1.000000
tan 0.101246 -0.947858 0.217435 1.000000
tan 0.182032 -0.723541 0.634633 1.000000
tan 0.159526 -0.731849 0.664331 1.000000
tan 0.195982 -0.957592 0.130448 1.000000
tan 0.367475 -0.773079 0.514973 1.000000
tan 0.145824 -0.766817 0.621179 1.000000
tan 0.101184 -0.912394 0.360097 1.000000
tan 0.639779 -0.714551 0.199888 1.000000
tan 0.460909 -0.865770 0.058528 1.000000
tan 0.233616 -0.936822 0.023932 1.000000
tan 0.013454 -0.893422 0.090582 1.000000
tan 0.039494 -0.985616 0.087668 1.000000
tan 0.448819 -0.883130 -0.003534 1.000000
tan 0.236220 -0.968504 0.000000 1.000000
tan 0.236220 -0.936822 -0.016740 1.000000
tan 0.200880 -0.952694 -0.122760 1.000000
tan 0.685039 -0.732283 0.000000 1.000000
tan 0.642941 -0.716721 -0.189720 1.000000
tan 0.629921 -0.767995 0.019840 1.000000
tan 0.620001 -0.761485 -0.114080 1.000000
tan 0.015872 -0.820696 -0.503937 1.000000
tan 0.050220 -0.926406 -0.230640 1.000000
tan 0.003720 -0.955360 -0.236220 1.000000
tan -0.003720 -0.955360 -0.236220 1.000000
tan 0.074648 -0.709157 -0.671833 1.000000
tan -0.031992 -0.731105 -0.677165 1.000000
tan -0.050220 -0.926406 -0.230640 1.000000
tan 0.333685 -0.786534 -0.517453 1.000000
tan -0.179180 -0.713869 -0.642941 1.000000
tan -0.200880 -0.952694 -0.122760 1.000000
tan 0.014694 -0.774629 -0.622047 1.000000
tan -0.044640 -0.751813 -0.629921 1.000000
tan -0.650505 -0.708413 -0.181288 1.000000
tan -0.460909 -0.865770 -0.058528 1.000000
tan -0.236220 -0.936822 -0.016740 1.000000
tan -0.448819 -0.883192 0.003534 1.000000
tan -0.236220 -0.968504 0.000000 1.000000
tan -0.236220 -0.936822 0.016740 1.000000
tan -0.195982 -0.957592 0.130448 1.000000
tan -0.685039 -0.732283 0.000000 1.000000
tan -0.642941 -0.712257 0.194990 1.000000
tan -0.173910 -0.721495 0.648211 1.000000
tan -0.043586 -0.926406 0.234485 1.000000
tan -0.617149 -0.752557 0.058776 1.000000
tan -0.037696 -0.731105 0.676049 1.000000
tan -0.033728 -0.955360 0.231013 1.000000
tan -0.277761 -0.756029 0.565441 1.000000
tan -0.093806 -0.947858 0.251287 1.000000
tan -0.085374 -0.870854 0.478269 1.000000
tan -0.046252 -0.726393 0.694959 1.000000
tan -0.050406 -0.759067 0.649389 1.000000
tan -0.062124 -0.766445 0.635687 1.000000
tan -0.070184 -0.909914 0.388617 1.000000
tan -0.007688 -0.976378 0.093062 1.000000
tan -0.038006 -0.985616 0.101308 1.000000
tan 0.014756 -0.985616 -0.097216 1.000000
tan -0.006696 -0.893980 0.094488 1.000000
tan 0.000744 -0.985616 -0.094488 1.000000
tan 0.041602 -0.917292 -0.379193 1.000000
tan -0.092070 -0.949718 0.030442 1.000000
tan 0.029884 -0.824478 -0.560109 1.000000
tan 0.008680 -0.821502 -0.551181 1.000000
tan 0.011036 -0.946246 -0.096906 1.000000
tan 0.146258 -0.916672 -0.306032 1.000000
tan 0.173600 -0.821626 -0.525141 1.000000
tan 0.451361 -0.830058 -0.316821 1.000000
tan 0.076074 -0.981958 -0.054374 1.000000
tan 0.091822 -0.939674 -0.008122 1.000000
tan 0.546841 -0.823610 -0.082460 1.000000
tan -0.091822 -0.955670 0.012586 1.000000
tan 0.094302 -0.992126 -0.007812 1.000000
tan 0.551181 -0.834646 0.000000 1.000000
tan 0.546841 -0.823610 0.082460 1.000000
tan 0.007874 -1.000000 0.000000 1.000000
tan 0.339637 -0.860438 0.033604 1.000000
tan 0.451361 -0.825841 0.312481 1.000000
tan -0.007688 -1.000000 -0.007874 1.000000
tan 0.002480 -0.900490 0.062992 1.000000
tan 0.173600 -0.815921 0.520801 1.000000
tan 0.081530 -0.948664 -0.002976 1.000000
tan 0.058218 -0.986794 0.027776 1.000000
tan -0.036332 -0.948602 -0.010044 1.000000
tan -0.044702 -0.990266 -0.032116 1.000000
tan 0.018972 -0.941906 -0.005518 1.000000
tan 0.019158 -0.995536 0.013950 1.000000
tan 0.031496 -0.948602 0.002232 1.000000
tan -0.094488 -0.992126 0.007812 1.000000
tan -0.622047 -0.773513 -0.009796 1.000000
tan -0.094488 -0.931862 -0.000744 1.000000
tan -0.517267 -0.767995 -0.371629 1.000000
tan 0.040858 -0.985988 0.035898 1.000000
tan -0.092070 -0.954740 -0.031186 1.000000
tan -0.007440 -0.898568 -0.094488 1.000000
tan 0.004960 -0.898568 0.062992 1.000000
tan -0.000682 -0.977742 -0.086614 1.000000
tan -0.011284 -0.942774 -0.053816 1.000000
tan 0.000682 -0.977742 -0.086614 1.000000
tan 0.000000 -0.976378 0.047244 1.000000
tan -0.007998 -0.978114 -0.037634 1.000000
tan -0.007192 -0.985678 0.072292 1.000000
tan -0.007254 -0.921260 0.393701 1.000000
tan 0.030380 -0.826709 0.551181 1.000000
tan -0.041168 -0.827825 0.550065 1.000000
tan -0.173600 -0.815921 0.520801 1.000000
tan -0.008370 -0.985554 0.077438 1.000000
tan -0.011594 -0.893050 0.082770 1.000000
tan -0.451361 -0.830057 0.316821 1.000000
tan -0.007812 -0.992126 -0.024614 1.000000
tan -0.335917 -0.868250 0.039990 1.000000
tan -0.546841 -0.823610 0.082460 1.000000
tan 0.000000 -0.984252 0.023622 1.000000
tan 0.002976 -0.947734 -0.015500 1.000000
tan -0.001984 -0.950896 0.007626 1.000000
tan 0.009486 -0.948974 -0.073284 1.000000
tan 0.030814 -0.969310 -0.022630 1.000000
tan 0.000000 -0.966396 0.000000 1.000000
tan 0.047616 -0.978982 -0.014260 1.000000
tan 0.015748 -0.953376 -0.000744 1.000000
tan -0.074338 -0.981958 0.044330 1.000000
tan -0.086614 -0.955670 0.004774 1.000000
tan 0.062992 -0.953376 -0.002976 1.000000
tan -0.094488 -0.992126 0.000000 1.000000
tan -0.551181 -0.834646 0.000000 1.000000
tan -0.546841 -0.823610 -0.082460 1.000000
tan 0.000000 -0.953376 0.000000 1.000000
tan 0.039370 -1.000000 0.000000 1.000000
tan -0.091760 -0.931862 -0.008060 1.000000
tan -0.451361 -0.830058 -0.316821 1.000000
tan 0.000000 -1.000000 0.000000 1.000000
tan -0.146258 -0.916672 -0.306032 1.000000
tan -0.179304 -0.815922 -0.517515 1.000000
tan -0.069192 -0.918594 -0.359663 1.000000
tan -0.094984 -0.823610 -0.537913 1.000000
tan -0.023994 -0.985616 -0.090396 1.000000
tan -0.018600 -0.950152 -0.093000 1.000000
tan -0.071052 -0.981958 -0.060388 1.000000
tan 0.077004 -0.954740 0.049228 1.000000
tan 0.018228 -0.957282 -0.006820 1.000000
tan 0.000000 -0.962180 0.000000 1.000000
tan 0.372497 -0.896894 0.042594 1.000000
tan 0.076198 -0.957592 0.010540 1.000000
tan 0.039680 -1.000000 0.007874 1.000000
tan 0.354331 -0.915060 -0.002790 1.000000
tan 0.102920 0.981958 0.034348 1.000000
tan 0.405295 0.644367 0.646289 1.000000
tan 0.074214 0.935644 0.068696 1.000000
tan 0.607415 0.642755 0.463079 1.000000
tan 0.374233 -0.688697 0.617025 1.000000
tan 0.739724 0.639283 0.180420 1.000000
tan 0.102362 0.955670 0.005642 1.000000
tan 0.581809 -0.687581 0.433505 1.000000
tan -0.255193 -0.796578 -0.516089 1.000000
tan 0.707297 -0.690185 0.159712 1.000000
tan 0.763780 0.645669 -0.000000 1.000000
tan 0.102362 0.992126 -0.000000 1.000000
tan 0.102362 0.955670 -0.005642 1.000000
tan 0.724409 -0.692913 0.000000 1.000000
tan 0.739724 0.639283 -0.180420 1.000000
tan 0.087854 0.981958 -0.052390 1.000000
tan -0.582677 -0.811023 0.000000 1.000000
tan 0.707297 -0.690185 -0.159712 1.000000
tan 0.607415 0.642755 -0.463079 1.000000
tan 0.312729 0.642817 -0.697625 1.000000
tan 0.020150 0.942402 -0.100750 1.000000
tan 0.576105 -0.683427 -0.433505 1.000000
tan 0.084196 0.637113 -0.757765 1.000000
tan 0.000806 0.977742 -0.102362 1.000000
tan 0.279497 -0.684977 -0.667369 1.000000
tan 0.068448 -0.682993 -0.718705 1.000000
tan -0.084196 0.637113 -0.757765 1.000000
tan -0.000806 0.977742 -0.102362 1.000000
tan -0.020150 0.942402 -0.100750 1.000000
tan -0.312729 0.642817 -0.697625 1.000000
tan -0.087854 0.981958 -0.052390 1.000000
tan -0.068448 -0.682993 -0.718705 1.000000
tan -0.607415 0.642755 -0.463079 1.000000
tan -0.279497 -0.684977 -0.667369 1.000000
tan 0.036704 -0.804203 0.582677 1.000000
tan -0.739724 0.639283 -0.180420 1.000000
tan -0.102362 0.955670 -0.005642 1.000000
tan -0.576105 -0.683427 -0.433505 1.000000
tan -0.763780 0.645669 -0.000000 1.000000
tan -0.102362 0.992126 -0.000000 1.000000
tan -0.102362 0.955670 0.005642 1.000000
tan -0.707297 -0.690185 -0.159712 1.000000
tan -0.724409 -0.692913 0.000000 1.000000
tan -0.739724 0.639283 0.180420 1.000000
tan -0.087854 0.981958 0.052390 1.000000
tan 0.582677 -0.811023 0.000000 1.000000
tan -0.707297 -0.690185 0.159712 1.000000
tan -0.607415 0.642755 0.463079 1.000000
tan -0.306715 0.640275 0.697625 1.000000
tan -0.020150 0.942402 0.100750 1.000000
tan -0.576105 -0.683427 0.433505 1.000000
tan -0.078182 0.636245 0.757765 1.000000
tan -0.000806 0.977742 0.102362 1.000000
tan -0.279497 -0.684977 0.667369 1.000000
tan -0.068448 -0.682993 0.718705 1.000000
tan 0.078182 0.636245 0.757765 1.000000
tan -0.014570 0.977742 0.105090 1.000000
tan -0.034720 0.931738 0.131192 1.000000
tan 0.214148 0.629921 0.736933 1.000000
tan 0.068448 -0.682993 0.718705 1.000000
tan 0.189472 -0.676545 0.709281 1.000000
tan -0.036704 -0.804204 -0.582677 1.000000
tan -0.125612 -0.784674 -0.580445 1.000000
tan -0.359353 -0.126108 -0.929630 1.000000
tan -0.179676 -0.128278 -0.976502 1.000000
tan 0.036704 -0.804204 -0.582677 1.000000
tan 0.171864 -0.128092 -0.976502 1.000000
tan 0.492157 -0.126728 -0.859322 1.000000
tan 0.192696 -0.794966 -0.550561 1.000000
tan 0.477153 -0.808110 -0.334925 1.000000
tan 0.757766 -0.122388 -0.632773 1.000000
tan 0.937442 -0.124930 -0.335917 1.000000
tan 0.573501 -0.797321 -0.096348 1.000000
tan 0.992126 -0.125984 0.000000 1.000000
tan 0.937442 -0.124930 0.335917 1.000000
tan 0.573501 -0.797321 0.096348 1.000000
tan 0.477153 -0.808109 0.334925 1.000000
tan 0.757766 -0.123008 0.640585 1.000000
tan 0.492157 -0.126728 0.859322 1.000000
tan 0.192696 -0.794965 0.550561 1.000000
tan 0.171864 -0.128092 0.976502 1.000000
tan -0.171864 -0.128092 0.976502 1.000000
tan -0.036704 -0.804203 0.582677 1.000000
tan -0.492157 -0.126728 0.859322 1.000000
tan -0.192696 -0.794965 0.550561 1.000000
tan -0.477153 -0.808109 0.334925 1.000000
tan -0.757766 -0.123008 0.640585 1.000000
tan -0.573501 -0.797321 0.096348 1.000000
tan -0.929630 -0.124000 0.335917 1.000000
tan -0.992126 -0.125984 0.000000 1.000000
tan -0.937442 -0.124930 -0.335917 1.000000
tan -0.573501 -0.797321 -0.096348 1.000000
tan -0.757766 -0.123008 -0.640585 1.000000
tan -0.468473 -0.807303 -0.344411 1.000000
tan -0.617149 -0.125116 -0.773389 1.000000
tan -0.458057 -0.563085 -0.687643 1.000000
tan -0.224068 -0.952694 -0.119288 1.000000
tan -0.130510 -0.927460 -0.201748 1.000000
tan -0.651001 -0.563457 -0.507781 1.000000
tan -0.405295 0.644367 -0.646289 1.000000
tan -0.800732 -0.569719 -0.214830 1.000000
tan -0.251969 -0.936822 -0.017856 1.000000
tan -0.607415 0.644243 -0.457065 1.000000
tan -0.246512 0.844132 -0.417075 1.000000
tan -0.826772 -0.566929 0.000000 1.000000
tan -0.251969 -0.968504 0.000000 1.000000
tan -0.251969 -0.936822 0.017856 1.000000
tan -0.739724 0.639283 -0.180420 1.000000
tan -0.418935 0.859384 -0.266911 1.000000
tan -0.800732 -0.569719 0.214830 1.000000
tan -0.214272 -0.957592 0.132928 1.000000
tan -0.492157 0.844690 -0.066402 1.000000
tan -0.610391 0.648149 -0.448447 1.000000
tan -0.422593 0.651807 -0.628433 1.000000
tan -0.470891 0.574617 -0.672019 1.000000
tan -0.654163 0.575051 -0.493025 1.000000
tan -0.793106 0.577345 -0.212784 1.000000
tan -0.732097 0.646909 -0.178560 1.000000
tan -0.818898 0.574803 -0.000000 1.000000
tan -0.755906 0.653543 -0.000000 1.000000
tan -0.496063 0.866142 -0.000000 1.000000
tan -0.763780 0.645669 -0.000000 1.000000
tan -0.738050 0.651745 0.178560 1.000000
tan -0.793106 0.577345 0.212784 1.000000
tan -0.739724 0.639283 0.180420 1.000000
tan -0.492157 0.844690 0.066402 1.000000
tan -0.607415 0.647529 0.463079 1.000000
tan -0.601153 0.647529 0.458305 1.000000
tan -0.644801 0.574493 0.502945 1.000000
tan -0.348193 0.573067 0.741521 1.000000
tan -0.410131 0.859384 0.277326 1.000000
tan -0.303553 0.647467 0.690433 1.000000
tan -0.077376 0.565069 0.812449 1.000000
tan -0.148428 0.842272 0.472627 1.000000
tan -0.077376 0.651869 0.749953 1.000000
tan 0.077376 0.651869 0.749953 1.000000
tan 0.096720 0.574555 0.812449 1.000000
tan -0.023436 0.857462 0.496063 1.000000
tan -0.306715 0.640275 0.697625 1.000000
tan -0.651001 -0.563457 0.507781 1.000000
tan -0.358051 -0.564821 0.748652 1.000000
tan -0.055552 -0.930250 0.246017 1.000000
tan -0.078182 0.644057 0.757765 1.000000
tan -0.097650 -0.566743 0.820262 1.000000
tan -0.003968 -0.955360 0.251969 1.000000
tan 0.023436 0.857462 0.496063 1.000000
tan 0.078182 0.644057 0.757765 1.000000
tan 0.097650 -0.566743 0.820262 1.000000
tan 0.003968 -0.955360 0.251969 1.000000
tan 0.055552 -0.930250 0.246017 1.000000
tan 0.358051 -0.564821 0.748652 1.000000
tan 0.214272 -0.957592 0.132928 1.000000
tan 0.306715 0.640275 0.697625 1.000000
tan 0.651001 -0.563457 0.507781 1.000000
tan 0.800732 -0.569719 0.214830 1.000000
tan 0.251969 -0.936822 0.017856 1.000000
tan 0.607415 0.647529 0.463079 1.000000
tan 0.148428 0.842272 0.472627 1.000000
tan 0.826772 -0.566929 0.000000 1.000000
tan 0.251969 -0.968504 0.000000 1.000000
tan 0.251969 -0.936822 -0.017856 1.000000
tan 0.303553 0.647467 0.690433 1.000000
tan 0.348193 0.573067 0.741521 1.000000
tan 0.601153 0.647529 0.458305 1.000000
tan 0.644801 0.574493 0.502945 1.000000
tan 0.793106 0.577345 0.212784 1.000000
tan 0.410131 0.859384 0.277326 1.000000
tan 0.738050 0.651745 0.178560 1.000000
tan 0.818898 0.574803 -0.000000 1.000000
tan 0.492157 0.844690 0.066402 1.000000
tan 0.755906 0.653543 -0.000000 1.000000
tan 0.738050 0.651745 -0.178560 1.000000
tan 0.793106 0.577345 -0.212784 1.000000
tan 0.739724 0.639283 0.180420 1.000000
tan 0.496063 0.866142 -0.000000 1.000000
tan 0.763780 0.645669 -0.000000 1.000000
tan 0.739724 0.639283 -0.180420 1.000000
tan 0.492157 0.844690 -0.066402 1.000000
tan 0.800732 -0.569719 -0.214830 1.000000
tan 0.214272 -0.957592 -0.132928 1.000000
tan 0.607415 0.647529 -0.463079 1.000000
tan 0.651001 -0.563457 -0.507781 1.000000
tan 0.358051 -0.564821 -0.748651 1.000000
tan 0.055552 -0.930250 -0.246016 1.000000
tan 0.306715 0.640275 -0.697625 1.000000
tan 0.410131 0.859384 -0.277327 1.000000
tan 0.097650 -0.566743 -0.820261 1.000000
tan 0.003968 -0.955360 -0.251968 1.000000
tan 0.148428 0.842272 -0.472627 1.000000
tan 0.601153 0.647529 -0.458305 1.000000
tan 0.644801 0.574493 -0.502945 1.000000
tan 0.348193 0.573067 -0.741521 1.000000
tan 0.303553 0.647467 -0.690433 1.000000
tan 0.096720 0.574555 -0.812450 1.000000
tan 0.077376 0.651869 -0.749954 1.000000
tan -0.085808 0.573749 -0.813255 1.000000
tan -0.225494 0.559799 -0.791680 1.000000
tan -0.194928 0.636741 -0.737987 1.000000
tan -0.066340 0.651001 -0.750821 1.000000
tan -0.042532 0.827702 -0.524273 1.000000
tan 0.023436 0.857462 -0.496063 1.000000
tan -0.016740 0.857462 -0.497241 1.000000
tan -0.208134 0.631781 -0.742948 1.000000
tan 0.078182 0.644057 -0.757765 1.000000
tan -0.078182 0.644057 -0.757765 1.000000
tan -0.251534 -0.552793 -0.790129 1.000000
tan -0.097650 -0.566743 -0.820261 1.000000
tan 0.019406 -0.926406 -0.288300 1.000000
tan 0.003534 -0.955360 -0.253270 1.000000
tan 0.006138 -0.779527 -0.621985 1.000000
tan 0.011098 -0.763779 -0.645669 1.000000
tan 0.017236 -0.787401 -0.614173 1.000000
tan -0.003782 -0.630231 -0.780147 1.000000
tan 0.000000 -0.811024 -0.582677 1.000000
tan -0.002976 -0.590799 -0.803645 1.000000
tan 0.000000 -0.811024 -0.582677 1.000000
tan 0.000000 -0.496063 -0.866142 1.000000
tan -0.006138 -0.779527 -0.629797 1.000000
tan 0.000000 -0.551181 -0.834646 1.000000
tan -0.011036 -0.787401 -0.614173 1.000000
tan 0.000000 -0.755905 -0.653543 1.000000
tan -0.001302 -0.622295 -0.787649 1.000000
tan -0.001798 -0.582925 -0.811271 1.000000
tan 0.000000 -0.496063 -0.866142 1.000000
tan 0.000000 -0.551181 -0.834646 1.000000
tan 0.000000 -0.480315 -0.874016 1.000000
tan 0.007130 -0.425445 -0.905512 1.000000
tan 0.000000 -0.488189 -0.874016 1.000000
tan -0.007688 -0.228223 -0.976378 1.000000
tan -0.007068 -0.433319 -0.897638 1.000000
tan -0.007626 -0.244033 -0.968504 1.000000
tan 0.007626 -0.236035 -0.968504 1.000000
tan -0.007750 -0.181102 -0.984252 1.000000
tan 0.007626 -0.243971 -0.968504 1.000000
tan -0.015500 -0.157604 -0.984252 1.000000
tan 0.007750 -0.181102 -0.984252 1.000000
tan 0.000000 -0.133858 -0.992126 1.000000
tan 0.023250 -0.157666 -0.984252 1.000000
tan 0.000000 -0.133858 -0.992126 1.000000
tan 0.904272 -0.379565 -0.129890 1.000000
tan 0.898382 -0.429661 -0.128030 1.000000
tan 0.921818 -0.360717 -0.095108 1.000000
tan 0.910782 -0.288611 -0.144646 1.000000
tan 0.893608 -0.418811 -0.136276 1.000000
tan 0.909914 -0.044392 -0.191146 1.000000
tan 0.926220 -0.148056 -0.169818 1.000000
tan 0.930994 0.006820 -0.186930 1.000000
tan 0.920516 0.176700 -0.205840 1.000000
tan 0.909418 -0.290905 -0.195672 1.000000
tan 0.897142 -0.377147 -0.162626 1.000000
tan 0.906132 -0.290409 -0.190030 1.000000
tan 0.920516 -0.180048 -0.212970 1.000000
tan 0.968752 -0.177010 -0.155000 1.000000
tan 0.907186 0.289479 -0.212164 1.000000
tan 0.906132 0.290409 -0.190030 1.000000
tan 0.897142 0.377147 -0.162626 1.000000
tan 0.893608 0.418811 -0.136276 1.000000
tan 0.962676 0.038502 -0.176824 1.000000
tan 0.968752 0.178250 -0.155000 1.000000
tan 0.921818 0.352843 -0.109740 1.000000
tan 0.898382 0.429661 -0.128030 1.000000
tan 0.904272 0.379565 -0.129890 1.000000
tan 0.968752 -0.021700 -0.186000 1.000000
tan 0.907186 0.084444 -0.190216 1.000000
tan 0.917912 0.291215 -0.144646 1.000000
tan 0.923864 -0.010788 -0.194060 1.000000
tan 0.926220 0.148056 -0.169818 1.000000
tan 0.000000 0.511811 -0.858268 1.000000
tan -0.523219 0.679087 -0.503503 1.000000
tan 0.022134 0.937008 -0.338769 1.000000
tan 0.531403 0.668485 -0.505921 1.000000
tan 0.062620 0.460165 -0.863104 1.000000
tan -0.202492 0.177444 -0.898878 1.000000
tan -0.055986 0.457561 -0.863104 1.000000
tan 0.244032 0.113646 -0.905822 1.000000
tan 0.000000 -0.803150 -0.590551 1.000000
tan 0.326989 0.294624 -0.866762 1.000000
tan -0.149544 0.164796 -0.932234 1.000000
tan -0.110112 -0.771777 -0.607477 1.000000
tan 0.116064 -0.771777 -0.610329 1.000000
tan 0.194928 -0.680265 -0.699609 1.000000
tan -0.220038 -0.776489 -0.549321 1.000000
tan -0.069812 -0.917230 0.305537 1.000000
tan -0.306777 -0.656891 -0.631657 1.000000
tan -0.047616 -0.947362 -0.292144 1.000000
tan 0.692541 -0.452663 -0.503193 1.000000
tan -0.007874 -1.000000 0.070866 1.000000
tan 0.161200 -0.465001 -0.868002 1.000000
tan -0.693037 -0.469093 -0.497985 1.000000
tan -0.101680 -0.533325 -0.835328 1.000000
tan 0.018414 -0.492157 -0.859322 1.000000
tan 0.317441 -0.668795 -0.615413 1.000000
tan -0.160704 -0.480501 -0.860252 1.000000
tan 0.114824 -0.555397 -0.815301 1.000000
tan -0.013144 -0.515593 -0.851510 1.000000
tan -0.187488 -0.685225 -0.698989 1.000000
tan 0.214458 -0.776738 -0.557257 1.000000
tan 0.094240 -0.832662 0.521297 1.000000
tan 0.084692 -0.572447 -0.783743 1.000000
tan 0.045756 -0.968504 -0.225680 1.000000
tan 0.000000 -0.519685 -0.858268 1.000000
tan -0.058156 -0.549383 -0.801041 1.000000
tan -0.007750 0.109368 -0.984252 1.000000
tan -0.044020 -0.589001 -0.792485 1.000000
tan -0.081282 -0.566929 -0.826771 1.000000
tan 0.000000 0.157480 -0.976378 1.000000
tan 0.211048 -0.541757 -0.807241 1.000000
tan -0.083576 -0.625829 -0.720069 1.000000
tan -0.332321 -0.515469 -0.753797 1.000000
tan 0.133424 0.663773 -0.713497 1.000000
tan -0.065720 0.603633 -0.773762 1.000000
tan 0.067084 -0.480315 -0.874016 1.000000
tan -0.168578 -0.497613 -0.832599 1.000000
tan -0.073780 -0.440945 -0.897638 1.000000
tan -0.371133 -0.676979 -0.608965 1.000000
tan -0.437473 -0.856346 0.214645 1.000000
tan -0.151652 -0.248311 -0.929382 1.000000
tan -0.354641 0.268460 -0.850766 1.000000
tan -0.017732 -0.953376 0.057536 1.000000
tan 0.000000 -0.212599 -0.976378 1.000000
tan 0.000000 0.417323 -0.905512 1.000000
tan 0.376465 0.254448 -0.848162 1.000000
tan 0.000000 -0.984252 0.149606 1.000000
tan 0.012028 -0.645793 0.763779 1.000000
tan 0.457933 -0.850208 0.181164 1.000000
tan 0.166284 -0.253271 -0.929382 1.000000
tan 0.330585 -0.534565 -0.752991 1.000000
tan 0.032488 -0.953376 0.052080 1.000000
tan 0.381115 -0.643375 -0.621799 1.000000
tan 0.111910 -0.635749 -0.698803 1.000000
tan 0.087792 -0.566929 -0.826771 1.000000
tan 0.077810 -0.600719 -0.776551 1.000000
f 3/3/3 2/2/2 1/1/1
f 1/1/1 4/4/4 3/3/3
f 5/5/5 3/3/3 4/4/4
f 4/4/4 6/6/6 5/5/5
f 7/7/7 6/6/6 4/4/4
f 8/8/8 5/5/5 6/6/6
f 9/9/9 6/6/6 7/7/7
f 10/10/10 5/5/5 8/8/8
f 7/7/7 11/11/11 9/9/9
f 10/10/10 8/8/8 12/12/12
f 9/9/9 11/11/11 13/13/13
f 12/12/12 14/14/14 10/10/10
f 15/15/15 13/13/13 11/11/11
f 14/14/14 12/12/12 16/16/16
f 17/17/17 13/13/13 15/15/15
f 18/18/18 14/14/14 16/16/16
f 13/13/13 17/17/17 19/19/19
f 16/16/16 20/20/20 18/18/18
f 21/21/21 19/19/19 17/17/17
f 22/22/22 20/20/20 16/16/16
f 21/21/21 17/17/17 23/23/23
f 20/20/20 22/22/22 24/24/24
f 21/21/21 24/24/24 22/22/22
f 23/23/23 24/24/24 21/21/21
f 23/23/23 25/25/25 24/24/24
f 26/26/26 24/24/24 25/25/25
f 25/25/25 27/27/27 26/26/26
f 30/30/30 29/29/29 28/28/28
f 29/29/29 30/30/30 31/31/31
f 29/29/29 31/31/31 32/32/32
f 33/33/33 32/32/32 31/31/31
f 32/32/32 33/33/33 34/34/34
f 33/33/33 35/35/35 34/34/34
f 35/35/35 36/36/36 34/34/34
f 37/37/37 36/36/36 35/35/35
f 36/36/36 37/37/37 38/38/38
f 39/39/39 38/38/38 37/37/37
f 39/39/39 40/40/40 38/38/38
f 40/40/40 41/41/41 38/38/38
f 44/44/44 43/43/43 42/42/42
f 43/43/43 45/45/45 42/42/42
f 43/43/43 46/46/46 45/45/45
f 46/46/46 47/47/47 45/45/45
f 46/46/46 48/48/48 47/47/47
f 48/48/48 49/49/49 47/47/47
f 52/52/52 51/51/51 50/50/50
f 52/52/52 50/50/50 53/53/53
f 54/54/54 53/53/53 50/50/50
f 55/55/55 53/53/53 54/54/54
f 56/56/56 53/53/53 55/55/55
f 57/57/57 56/56/56 55/55/55
f 57/57/57 55/55/55 58/58/58
f 61/61/61 60/60/60 59/59/59
f 62/62/62 59/59/59 60/60/60
f 60/60/60 63/63/63 62/62/62
f 59/59/59 62/62/62 64/64/64
f 65/65/65 62/62/62 63/63/63
f 63/63/63 66/66/66 65/65/65
f 66/66/66 67/67/67 65/65/65
f 68/68/68 64/64/64 62/62/62
f 62/62/62 65/65/65 68/68/68
f 68/68/68 69/69/69 64/64/64
f 69/69/69 70/70/70 64/64/64
f 71/71/71 65/65/65 67/67/67
f 67/67/67 72/72/72 71/71/71
f 69/69/69 73/73/73 70/70/70
f 73/73/73 74/74/74 70/70/70
f 74/74/74 73/73/73 75/75/75
f 75/75/75 73/73/73 76/76/76
f 77/77/77 73/73/73 69/69/69
f 69/69/69 68/68/68 77/77/77
f 78/78/78 76/76/76 73/73/73
f 78/78/78 73/73/73 77/77/77
f 68/68/68 79/79/79 77/77/77
f 79/79/79 68/68/68 65/65/65
f 78/78/78 77/77/77 80/80/80
f 79/79/79 80/80/80 77/77/77
f 78/78/78 81/81/81 76/76/76
f 81/81/81 82/82/82 76/76/76
f 81/81/81 83/83/83 82/82/82
f 83/83/83 81/81/81 84/84/84
f 85/85/85 81/81/81 78/78/78
f 86/86/86 84/84/84 81/81/81
f 85/85/85 86/86/86 81/81/81
f 84/84/84 86/86/86 87/87/87
f 78/78/78 88/88/88 85/85/85
f 88/88/88 78/78/78 80/80/80
f 89/89/89 87/87/87 86/86/86
f 87/87/87 89/89/89 90/90/90
f 85/85/85 91/91/91 86/86/86
f 91/91/91 85/85/85 88/88/88
f 86/86/86 92/92/92 89/89/89
f 92/92/92 86/86/86 91/91/91
f 93/93/93 90/90/90 89/89/89
f 89/89/89 92/92/92 93/93/93
f 93/93/93 94/94/94 90/90/90
f 94/94/94 95/95/95 90/90/90
f 94/94/94 96/96/96 95/95/95
f 96/96/96 97/97/97 95/95/95
f 97/97/97 96/96/96 98/98/98
f 98/98/98 96/96/96 99/99/99
f 100/100/100 96/96/96 94/94/94
f 94/94/94 93/93/93 100/100/100
f 101/101/101 99/99/99 96/96/96
f 101/101/101 96/96/96 100/100/100
f 101/101/101 102/102/102 99/99/99
f 102/102/102 103/103/103 99/99/99
f 104/104/104 101/101/101 100/100/100
f 102/102/102 105/105/105 103/103/103
f 105/105/105 106/106/106 103/103/103
f 102/102/102 101/101/101 107/107/107
f 102/102/102 107/107/107 105/105/105
f 104/104/104 107/107/107 101/101/101
f 109/109/109 108/108/108 106/106/106
f 105/105/105 109/109/109 106/106/106
f 110/110/110 109/109/109 105/105/105
f 111/111/111 110/110/110 105/105/105
f 112/112/112 111/111/111 105/105/105
f 112/112/112 105/105/105 107/107/107
f 113/113/113 111/111/111 112/112/112
f 114/114/114 113/113/113 112/112/112
f 114/114/114 112/112/112 107/107/107
f 113/113/113 114/114/114 115/115/115
f 114/114/114 116/116/116 115/115/115
f 107/107/107 117/117/117 114/114/114
f 118/118/118 116/116/116 114/114/114
f 117/117/117 118/118/118 114/114/114
f 119/119/119 116/116/116 118/118/118
f 107/107/107 120/120/120 117/117/117
f 120/120/120 107/107/107 104/104/104
f 119/119/119 122/122/122 121/121/121
f 122/122/122 119/119/119 118/118/118
f 123/123/123 118/118/118 117/117/117
f 120/120/120 123/123/123 117/117/117
f 122/122/122 118/118/118 124/124/124
f 123/123/123 124/124/124 118/118/118
f 124/124/124 125/125/125 122/122/122
f 125/125/125 124/124/124 126/126/126
f 127/127/127 124/124/124 123/123/123
f 127/127/127 123/123/123 120/120/120
f 126/126/126 124/124/124 128/128/128
f 124/124/124 127/127/127 128/128/128
f 128/128/128 127/127/127 120/120/120
f 129/129/129 126/126/126 128/128/128
f 120/120/120 130/130/130 128/128/128
f 104/104/104 130/130/130 120/120/120
f 129/129/129 128/128/128 131/131/131
f 132/132/132 129/129/129 131/131/131
f 132/132/132 131/131/131 133/133/133
f 130/130/130 134/134/134 128/128/128
f 135/135/135 133/133/133 131/131/131
f 133/133/133 135/135/135 136/136/136
f 128/128/128 137/137/137 131/131/131
f 137/137/137 128/128/128 134/134/134
f 136/136/136 135/135/135 138/138/138
f 139/139/139 136/136/136 138/138/138
f 140/140/140 135/135/135 131/131/131
f 135/135/135 141/141/141 138/138/138
f 141/141/141 135/135/135 140/140/140
f 140/140/140 131/131/131 142/142/142
f 142/142/142 131/131/131 137/137/137
f 141/141/141 140/140/140 143/143/143
f 143/143/143 140/140/140 142/142/142
f 141/141/141 143/143/143 138/138/138
f 137/137/137 144/144/144 142/142/142
f 137/137/137 134/134/134 144/144/144
f 143/143/143 142/142/142 145/145/145
f 145/145/145 142/142/142 144/144/144
f 146/146/146 144/144/144 134/134/134
f 144/144/144 146/146/146 145/145/145
f 130/130/130 147/147/147 134/134/134
f 134/134/134 147/147/147 146/146/146
f 130/130/130 104/104/104 147/147/147
f 148/148/148 147/147/147 104/104/104
f 100/100/100 148/148/148 104/104/104
f 93/93/93 148/148/148 100/100/100
f 149/149/149 146/146/146 147/147/147
f 147/147/147 148/148/148 149/149/149
f 148/148/148 93/93/93 150/150/150
f 149/149/149 148/148/148 150/150/150
f 150/150/150 93/93/93 92/92/92
f 146/146/146 149/149/149 151/151/151
f 151/151/151 145/145/145 146/146/146
f 150/150/150 152/152/152 149/149/149
f 152/152/152 151/151/151 149/149/149
f 152/152/152 150/150/150 153/153/153
f 153/153/153 151/151/151 152/152/152
f 92/92/92 153/153/153 150/150/150
f 154/154/154 145/145/145 151/151/151
f 154/154/154 151/151/151 153/153/153
f 92/92/92 155/155/155 153/153/153
f 155/155/155 154/154/154 153/153/153
f 92/92/92 91/91/91 155/155/155
f 154/154/154 156/156/156 145/145/145
f 143/143/143 145/145/145 156/156/156
f 156/156/156 138/138/138 143/143/143
f 157/157/157 155/155/155 91/91/91
f 157/157/157 91/91/91 88/88/88
f 158/158/158 154/154/154 155/155/155
f 157/157/157 158/158/158 155/155/155
f 156/156/156 154/154/154 159/159/159
f 158/158/158 159/159/159 154/154/154
f 138/138/138 156/156/156 160/160/160
f 159/159/159 160/160/160 156/156/156
f 161/161/161 138/138/138 160/160/160
f 139/139/139 138/138/138 161/161/161
f 162/162/162 139/139/139 161/161/161
f 163/163/163 162/162/162 161/161/161
f 163/163/163 161/161/161 164/164/164
f 160/160/160 159/159/159 165/165/165
f 161/161/161 160/160/160 165/165/165
f 166/166/166 164/164/164 161/161/161
f 161/161/161 165/165/165 166/166/166
f 164/164/164 166/166/166 167/167/167
f 168/168/168 165/165/165 159/159/159
f 165/165/165 168/168/168 166/166/166
f 159/159/159 158/158/158 168/168/168
f 169/169/169 167/167/167 166/166/166
f 170/170/170 167/167/167 169/169/169
f 171/171/171 168/168/168 158/158/158
f 171/171/171 158/158/158 157/157/157
f 172/172/172 168/168/168 171/171/171
f 168/168/168 172/172/172 166/166/166
f 171/171/171 157/157/157 173/173/173
f 173/173/173 172/172/172 171/171/171
f 174/174/174 173/173/173 157/157/157
f 174/174/174 157/157/157 88/88/88
f 175/175/175 173/173/173 174/174/174
f 175/175/175 174/174/174 88/88/88
f 176/176/176 172/172/172 173/173/173
f 176/176/176 173/173/173 175/175/175
f 177/177/177 166/166/166 172/172/172
f 176/176/176 177/177/177 172/172/172
f 175/175/175 88/88/88 178/178/178
f 178/178/178 176/176/176 175/175/175
f 179/179/179 166/166/166 177/177/177
f 179/179/179 169/169/169 166/166/166
f 179/179/179 177/177/177 180/180/180
f 169/169/169 179/179/179 180/180/180
f 177/177/177 176/176/176 181/181/181
f 181/181/181 180/180/180 177/177/177
f 169/169/169 180/180/180 182/182/182
f 180/180/180 181/181/181 182/182/182
f 170/170/170 169/169/169 182/182/182
f 183/183/183 170/170/170 182/182/182
f 183/183/183 182/182/182 184/184/184
f 185/185/185 181/181/181 176/176/176
f 185/185/185 176/176/176 178/178/178
f 186/186/186 182/182/182 181/181/181
f 181/181/181 185/185/185 186/186/186
f 187/187/187 184/184/184 182/182/182
f 182/182/182 186/186/186 187/187/187
f 184/184/184 187/187/187 188/188/188
f 189/189/189 186/186/186 185/185/185
f 190/190/190 188/188/188 187/187/187
f 191/191/191 188/188/188 190/190/190
f 193/193/193 191/191/191 192/192/192
f 191/191/191 190/190/190 192/192/192
f 192/192/192 190/190/190 194/194/194
f 190/190/190 195/195/195 194/194/194
f 194/194/194 195/195/195 72/72/72
f 72/72/72 195/195/195 71/71/71
f 190/190/190 196/196/196 195/195/195
f 195/195/195 196/196/196 71/71/71
f 196/196/196 190/190/190 187/187/187
f 71/71/71 196/196/196 197/197/197
f 187/187/187 198/198/198 196/196/196
f 198/198/198 197/197/197 196/196/196
f 198/198/198 187/187/187 186/186/186
f 197/197/197 65/65/65 71/71/71
f 198/198/198 186/186/186 199/199/199
f 199/199/199 197/197/197 198/198/198
f 199/199/199 186/186/186 189/189/189
f 65/65/65 197/197/197 200/200/200
f 200/200/200 79/79/79 65/65/65
f 199/199/199 201/201/201 197/197/197
f 201/201/201 200/200/200 197/197/197
f 189/189/189 202/202/202 199/199/199
f 201/201/201 199/199/199 202/202/202
f 201/201/201 202/202/202 200/200/200
f 189/189/189 185/185/185 202/202/202
f 202/202/202 185/185/185 178/178/178
f 202/202/202 203/203/203 200/200/200
f 178/178/178 203/203/203 202/202/202
f 200/200/200 203/203/203 79/79/79
f 203/203/203 178/178/178 88/88/88
f 79/79/79 203/203/203 80/80/80
f 80/80/80 203/203/203 88/88/88
f 206/206/206 205/205/205 204/204/204
f 207/207/207 204/204/204 205/205/205
f 205/205/205 208/208/208 207/207/207
f 204/204/204 207/207/207 209/209/209
f 210/210/210 204/204/204 209/209/209
f 211/211/211 207/207/207 208/208/208
f 208/208/208 212/212/212 211/211/211
f 213/213/213 209/209/209 207/207/207
f 211/211/211 213/213/213 207/207/207
f 210/210/210 209/209/209 214/214/214
f 215/215/215 210/210/210 214/214/214
f 215/215/215 214/214/214 216/216/216
f 217/217/217 214/214/214 209/209/209
f 209/209/209 213/213/213 217/217/217
f 218/218/218 216/216/216 214/214/214
f 214/214/214 217/217/217 218/218/218
f 216/216/216 218/218/218 219/219/219
f 220/220/220 217/217/217 213/213/213
f 221/221/221 218/218/218 217/217/217
f 217/217/217 220/220/220 221/221/221
f 222/222/222 219/219/219 218/218/218
f 218/218/218 221/221/221 222/222/222
f 219/219/219 222/222/222 223/223/223
f 224/224/224 219/219/219 223/223/223
f 225/225/225 222/222/222 221/221/221
f 224/224/224 223/223/223 226/226/226
f 227/227/227 224/224/224 226/226/226
f 223/223/223 222/222/222 228/228/228
f 222/222/222 225/225/225 228/228/228
f 226/226/226 223/223/223 229/229/229
f 228/228/228 229/229/229 223/223/223
f 227/227/227 226/226/226 230/230/230
f 226/226/226 229/229/229 230/230/230
f 231/231/231 227/227/227 230/230/230
f 231/231/231 230/230/230 232/232/232
f 233/233/233 232/232/232 230/230/230
f 232/232/232 233/233/233 234/234/234
f 235/235/235 230/230/230 229/229/229
f 230/230/230 235/235/235 233/233/233
f 236/236/236 234/234/234 233/233/233
f 237/237/237 233/233/233 235/235/235
f 233/233/233 237/237/237 236/236/236
f 238/238/238 235/235/235 229/229/229
f 235/235/235 238/238/238 237/237/237
f 234/234/234 236/236/236 239/239/239
f 240/240/240 234/234/234 239/239/239
f 241/241/241 236/236/236 237/237/237
f 240/240/240 239/239/239 242/242/242
f 243/243/243 240/240/240 242/242/242
f 243/243/243 242/242/242 244/244/244
f 239/239/239 236/236/236 245/245/245
f 236/236/236 241/241/241 245/245/245
f 242/242/242 239/239/239 246/246/246
f 239/239/239 245/245/245 246/246/246
f 247/247/247 244/244/244 242/242/242
f 242/242/242 246/246/246 247/247/247
f 244/244/244 247/247/247 248/248/248
f 249/249/249 246/246/246 245/245/245
f 250/250/250 247/247/247 246/246/246
f 246/246/246 249/249/249 250/250/250
f 251/251/251 248/248/248 247/247/247
f 247/247/247 250/250/250 251/251/251
f 248/248/248 251/251/251 252/252/252
f 253/253/253 248/248/248 252/252/252
f 254/254/254 251/251/251 250/250/250
f 253/253/253 252/252/252 255/255/255
f 256/256/256 253/253/253 255/255/255
f 257/257/257 252/252/252 251/251/251
f 251/251/251 254/254/254 257/257/257
f 255/255/255 252/252/252 258/258/258
f 252/252/252 257/257/257 258/258/258
f 256/256/256 255/255/255 259/259/259
f 255/255/255 258/258/258 259/259/259
f 260/260/260 256/256/256 259/259/259
f 260/260/260 259/259/259 261/261/261
f 262/262/262 261/261/261 259/259/259
f 259/259/259 263/263/263 262/262/262
f 263/263/263 259/259/259 258/258/258
f 264/264/264 262/262/262 263/263/263
f 263/263/263 265/265/265 264/264/264
f 265/265/265 263/263/263 258/258/258
f 266/266/266 264/264/264 265/265/265
f 267/267/267 266/266/266 265/265/265
f 265/265/265 268/268/268 267/267/267
f 269/269/269 265/265/265 258/258/258
f 265/265/265 269/269/269 268/268/268
f 269/269/269 258/258/258 257/257/257
f 269/269/269 270/270/270 268/268/268
f 270/270/270 269/269/269 271/271/271
f 272/272/272 269/269/269 257/257/257
f 272/272/272 271/271/271 269/269/269
f 272/272/272 257/257/257 254/254/254
f 272/272/272 273/273/273 271/271/271
f 273/273/273 272/272/272 254/254/254
f 274/274/274 271/271/271 273/273/273
f 274/274/274 273/273/273 275/275/275
f 273/273/273 254/254/254 276/276/276
f 276/276/276 275/275/275 273/273/273
f 250/250/250 276/276/276 254/254/254
f 276/276/276 250/250/250 249/249/249
f 275/275/275 276/276/276 249/249/249
f 249/249/249 277/277/277 275/275/275
f 277/277/277 249/249/249 278/278/278
f 279/279/279 278/278/278 249/249/249
f 279/279/279 249/249/249 245/245/245
f 279/279/279 245/245/245 241/241/241
f 279/279/279 280/280/280 278/278/278
f 280/280/280 279/279/279 241/241/241
f 280/280/280 281/281/281 278/278/278
f 281/281/281 280/280/280 282/282/282
f 280/280/280 241/241/241 283/283/283
f 283/283/283 282/282/282 280/280/280
f 237/237/237 283/283/283 241/241/241
f 283/283/283 237/237/237 238/238/238
f 283/283/283 238/238/238 282/282/282
f 284/284/284 282/282/282 238/238/238
f 284/284/284 238/238/238 285/285/285
f 286/286/286 285/285/285 238/238/238
f 286/286/286 238/238/238 229/229/229
f 285/285/285 286/286/286 287/287/287
f 286/286/286 229/229/229 228/228/228
f 288/288/288 286/286/286 228/228/228
f 288/288/288 287/287/287 286/286/286
f 288/288/288 228/228/228 225/225/225
f 287/287/287 288/288/288 289/289/289
f 289/289/289 288/288/288 225/225/225
f 289/289/289 290/290/290 287/287/287
f 289/289/289 225/225/225 291/291/291
f 289/289/289 291/291/291 290/290/290
f 221/221/221 291/291/291 225/225/225
f 291/291/291 292/292/292 290/290/290
f 291/291/291 221/221/221 220/220/220
f 291/291/291 220/220/220 292/292/292
f 293/293/293 292/292/292 220/220/220
f 293/293/293 220/220/220 294/294/294
f 295/295/295 294/294/294 220/220/220
f 295/295/295 220/220/220 213/213/213
f 294/294/294 295/295/295 296/296/296
f 295/295/295 213/213/213 211/211/211
f 297/297/297 296/296/296 295/295/295
f 297/297/297 295/295/295 211/211/211
f 296/296/296 297/297/297 298/298/298
f 297/297/297 211/211/211 212/212/212
f 212/212/212 298/298/298 297/297/297
f 301/301/301 300/300/300 299/299/299
f 302/302/302 299/299/299 300/300/300
f 303/303/303 299/299/299 302/302/302
f 300/300/300 304/304/304 302/302/302
f 304/304/304 300/300/300 305/305/305
f 302/302/302 306/306/306 303/303/303
f 302/302/302 304/304/304 306/306/306
f 303/303/303 306/306/306 307/307/307
f 305/305/305 308/308/308 304/304/304
f 308/308/308 305/305/305 309/309/309
f 309/309/309 310/310/310 308/308/308
f 311/311/311 306/306/306 304/304/304
f 304/304/304 308/308/308 311/311/311
f 312/312/312 307/307/307 306/306/306
f 313/313/313 308/308/308 310/310/310
f 310/310/310 314/314/314 313/313/313
f 306/306/306 315/315/315 312/312/312
f 315/315/315 306/306/306 311/311/311
f 312/312/312 316/316/316 307/307/307
f 312/312/312 315/315/315 316/316/316
f 317/317/317 307/307/307 316/316/316
f 318/318/318 317/317/317 316/316/316
f 316/316/316 319/319/319 318/318/318
f 319/319/319 316/316/316 320/320/320
f 321/321/321 320/320/320 316/316/316
f 321/321/321 316/316/316 315/315/315
f 320/320/320 321/321/321 322/322/322
f 321/321/321 315/315/315 323/323/323
f 323/323/323 322/322/322 321/321/321
f 311/311/311 324/324/324 315/315/315
f 324/324/324 323/323/323 315/315/315
f 324/324/324 311/311/311 325/325/325
f 325/325/325 311/311/311 308/308/308
f 323/323/323 326/326/326 322/322/322
f 326/326/326 327/327/327 322/322/322
f 325/325/325 308/308/308 328/328/328
f 325/325/325 328/328/328 324/324/324
f 313/313/313 328/328/328 308/308/308
f 324/324/324 329/329/329 323/323/323
f 329/329/329 324/324/324 328/328/328
f 329/329/329 326/326/326 323/323/323
f 328/328/328 313/313/313 330/330/330
f 328/328/328 330/330/330 329/329/329
f 326/326/326 331/331/331 327/327/327
f 326/326/326 329/329/329 331/331/331
f 331/331/331 332/332/332 327/327/327
f 332/332/332 331/331/331 333/333/333
f 334/334/334 331/331/331 329/329/329
f 334/334/334 329/329/329 330/330/330
f 335/335/335 333/333/333 331/331/331
f 333/333/333 335/335/335 336/336/336
f 334/334/334 337/337/337 331/331/331
f 337/337/337 335/335/335 331/331/331
f 330/330/330 337/337/337 334/334/334
f 338/338/338 336/336/336 335/335/335
f 335/335/335 337/337/337 338/338/338
f 336/336/336 338/338/338 339/339/339
f 340/340/340 336/336/336 339/339/339
f 341/341/341 338/338/338 337/337/337
f 338/338/338 341/341/341 339/339/339
f 337/337/337 330/330/330 342/342/342
f 342/342/342 341/341/341 337/337/337
f 343/343/343 330/330/330 313/313/313
f 330/330/330 343/343/343 342/342/342
f 343/343/343 313/313/313 314/314/314
f 314/314/314 344/344/344 343/343/343
f 344/344/344 342/342/342 343/343/343
f 344/344/344 314/314/314 345/345/345
f 341/341/341 342/342/342 346/346/346
f 342/342/342 344/344/344 346/346/346
f 345/345/345 347/347/347 344/344/344
f 347/347/347 346/346/346 344/344/344
f 347/347/347 345/345/345 348/348/348
f 346/346/346 349/349/349 341/341/341
f 349/349/349 339/339/339 341/341/341
f 346/346/346 347/347/347 350/350/350
f 349/349/349 346/346/346 350/350/350
f 348/348/348 351/351/351 347/347/347
f 351/351/351 350/350/350 347/347/347
f 351/351/351 348/348/348 352/352/352
f 352/352/352 353/353/353 351/351/351
f 354/354/354 351/351/351 353/353/353
f 351/351/351 354/354/354 350/350/350
f 353/353/353 355/355/355 354/354/354
f 356/356/356 350/350/350 354/354/354
f 350/350/350 356/356/356 349/349/349
f 357/357/357 354/354/354 355/355/355
f 354/354/354 357/357/357 356/356/356
f 355/355/355 358/358/358 357/357/357
f 358/358/358 355/355/355 359/359/359
f 357/357/357 360/360/360 356/356/356
f 357/357/357 358/358/358 360/360/360
f 361/361/361 349/349/349 356/356/356
f 356/356/356 360/360/360 361/361/361
f 349/349/349 361/361/361 339/339/339
f 359/359/359 362/362/362 358/358/358
f 362/362/362 359/359/359 363/363/363
f 363/363/363 364/364/364 362/362/362
f 361/361/361 365/365/365 339/339/339
f 339/339/339 365/365/365 340/340/340
f 366/366/366 340/340/340 365/365/365
f 365/365/365 367/367/367 366/366/366
f 365/365/365 361/361/361 367/367/367
f 367/367/367 368/368/368 366/366/366
f 368/368/368 367/367/367 369/369/369
f 370/370/370 367/367/367 361/361/361
f 370/370/370 361/361/361 360/360/360
f 371/371/371 369/369/369 367/367/367
f 369/369/369 371/371/371 372/372/372
f 370/370/370 373/373/373 367/367/367
f 373/373/373 371/371/371 367/367/367
f 360/360/360 373/373/373 370/370/370
f 374/374/374 372/372/372 371/371/371
f 371/371/371 373/373/373 374/374/374
f 372/372/372 374/374/374 375/375/375
f 375/375/375 376/376/376 372/372/372
f 373/373/373 360/360/360 377/377/377
f 358/358/358 377/377/377 360/360/360
f 358/358/358 362/362/362 377/377/377
f 378/378/378 374/374/374 373/373/373
f 377/377/377 378/378/378 373/373/373
f 362/362/362 379/379/379 377/377/377
f 378/378/378 377/377/377 379/379/379
f 379/379/379 362/362/362 380/380/380
f 379/379/379 380/380/380 378/378/378
f 378/378/378 381/381/381 374/374/374
f 381/381/381 378/378/378 380/380/380
f 381/381/381 375/375/375 374/374/374
f 382/382/382 380/380/380 362/362/362
f 382/382/382 362/362/362 364/364/364
f 364/364/364 383/383/383 382/382/382
f 380/380/380 382/382/382 384/384/384
f 380/380/380 384/384/384 381/381/381
f 385/385/385 382/382/382 383/383/383
f 385/385/385 384/384/384 382/382/382
f 383/383/383 386/386/386 385/385/385
f 386/386/386 383/383/383 387/387/387
f 384/384/384 385/385/385 388/388/388
f 386/386/386 388/388/388 385/385/385
f 389/389/389 381/381/381 384/384/384
f 387/387/387 390/390/390 386/386/386
f 390/390/390 387/387/387 391/391/391
f 384/384/384 392/392/392 389/389/389
f 392/392/392 384/384/384 388/388/388
f 389/389/389 393/393/393 381/381/381
f 389/389/389 392/392/392 393/393/393
f 375/375/375 381/381/381 393/393/393
f 376/376/376 375/375/375 393/393/393
f 394/394/394 376/376/376 393/393/393
f 394/394/394 393/393/393 395/395/395
f 396/396/396 395/395/395 393/393/393
f 396/396/396 393/393/393 392/392/392
f 395/395/395 396/396/396 397/397/397
f 398/398/398 397/397/397 396/396/396
f 396/396/396 392/392/392 398/398/398
f 397/397/397 398/398/398 399/399/399
f 401/401/401 400/400/400 399/399/399
f 402/402/402 401/401/401 399/399/399
f 402/402/402 399/399/399 398/398/398
f 403/403/403 401/401/401 402/402/402
f 404/404/404 398/398/398 392/392/392
f 388/388/388 404/404/404 392/392/392
f 405/405/405 402/402/402 398/398/398
f 405/405/405 403/403/403 402/402/402
f 404/404/404 405/405/405 398/398/398
f 403/403/403 405/405/405 406/406/406
f 404/404/404 388/388/388 407/407/407
f 388/388/388 386/386/386 407/407/407
f 390/390/390 407/407/407 386/386/386
f 405/405/405 404/404/404 408/408/408
f 407/407/407 408/408/408 404/404/404
f 408/408/408 406/406/406 405/405/405
f 407/407/407 390/390/390 408/408/408
f 409/409/409 406/406/406 408/408/408
f 410/410/410 408/408/408 390/390/390
f 410/410/410 409/409/409 408/408/408
f 391/391/391 410/410/410 390/390/390
f 409/409/409 410/410/410 411/411/411
f 410/410/410 391/391/391 412/412/412
f 412/412/412 411/411/411 410/410/410
f 415/415/415 414/414/414 413/413/413
f 413/413/413 414/414/414 416/416/416
f 413/413/413 417/417/417 415/415/415
f 418/418/418 413/413/413 416/416/416
f 413/413/413 419/419/419 417/417/417
f 416/416/416 420/420/420 418/418/418
f 419/419/419 421/421/421 417/417/417
f 420/420/420 422/422/422 418/418/418
f 421/421/421 423/423/423 417/417/417
f 424/424/424 423/423/423 421/421/421
f 425/425/425 424/424/424 421/421/421
f 425/425/425 421/421/421 426/426/426
f 426/426/426 427/427/427 425/425/425
f 426/426/426 428/428/428 427/427/427
f 427/427/427 428/428/428 422/422/422
f 420/420/420 427/427/427 422/422/422
f 427/427/427 420/420/420 429/429/429
f 420/420/420 430/430/430 429/429/429
f 429/429/429 431/431/431 427/427/427
f 432/432/432 430/430/430 420/420/420
f 431/431/431 433/433/433 427/427/427
f 432/432/432 420/420/420 434/434/434
f 427/427/427 433/433/433 435/435/435
f 436/436/436 432/432/432 434/434/434
f 435/435/435 437/437/437 427/427/427
f 438/438/438 432/432/432 436/436/436
f 439/439/439 437/437/437 435/435/435
f 438/438/438 436/436/436 440/440/440
f 441/441/441 439/439/439 435/435/435
f 441/441/441 440/440/440 439/439/439
f 442/442/442 438/438/438 440/440/440
f 441/441/441 442/442/442 440/440/440
f 445/445/445 444/444/444 443/443/443
f 446/446/446 445/445/445 443/443/443
f 444/444/444 445/445/445 447/447/447
f 445/445/445 446/446/446 448/448/448
f 449/449/449 448/448/448 446/446/446
f 449/449/449 450/450/450 448/448/448
f 450/450/450 451/451/451 448/448/448
f 452/452/452 447/447/447 445/445/445
f 453/453/453 447/447/447 452/452/452
f 454/454/454 453/453/453 452/452/452
f 454/454/454 452/452/452 455/455/455
f 456/456/456 445/445/445 448/448/448
f 456/456/456 452/452/452 445/445/445
f 448/448/448 451/451/451 457/457/457
f 458/458/458 457/457/457 451/451/451
f 457/457/457 458/458/458 459/459/459
f 457/457/457 459/459/459 460/460/460
f 461/461/461 456/456/456 448/448/448
f 461/461/461 448/448/448 457/457/457
f 462/462/462 456/456/456 461/461/461
f 461/461/461 457/457/457 462/462/462
f 457/457/457 460/460/460 463/463/463
f 462/462/462 457/457/457 463/463/463
f 464/464/464 463/463/463 460/460/460
f 464/464/464 465/465/465 463/463/463
f 466/466/466 456/456/456 462/462/462
f 466/466/466 452/452/452 456/456/456
f 462/462/462 463/463/463 467/467/467
f 467/467/467 466/466/466 462/462/462
f 463/463/463 465/465/465 467/467/467
f 466/466/466 467/467/467 452/452/452
f 467/467/467 455/455/455 452/452/452
f 468/468/468 467/467/467 465/465/465
f 455/455/455 467/467/467 469/469/469
f 470/470/470 467/467/467 468/468/468
f 467/467/467 470/470/470 469/469/469
f 473/473/473 472/472/472 471/471/471
f 473/473/473 471/471/471 474/474/474
f 475/475/475 471/471/471 472/472/472
f 472/472/472 476/476/476 475/475/475
f 477/477/477 474/474/474 471/471/471
f 478/478/478 474/474/474 477/477/477
f 471/471/471 475/475/475 479/479/479
f 471/471/471 479/479/479 477/477/477
f 480/480/480 475/475/475 476/476/476
f 478/478/478 477/477/477 481/481/481
f 475/475/475 480/480/480 482/482/482
f 482/482/482 479/479/479 475/475/475
f 481/481/481 477/477/477 483/483/483
f 483/483/483 477/477/477 479/479/479
f 478/478/478 481/481/481 484/484/484
f 484/484/484 485/485/485 478/478/478
f 485/485/485 484/484/484 486/486/486
f 487/487/487 481/481/481 483/483/483
f 488/488/488 486/486/486 484/484/484
f 487/487/487 483/483/483 489/489/489
f 483/483/483 479/479/479 489/489/489
f 490/490/490 489/489/489 479/479/479
f 489/489/489 491/491/491 487/487/487
f 490/490/490 479/479/479 492/492/492
f 482/482/482 492/492/492 479/479/479
f 487/487/487 491/491/491 493/493/493
f 481/481/481 487/487/487 493/493/493
f 493/493/493 484/484/484 481/481/481
f 494/494/494 493/493/493 491/491/491
f 492/492/492 482/482/482 495/495/495
f 495/495/495 482/482/482 480/480/480
f 496/496/496 492/492/492 495/495/495
f 495/495/495 497/497/497 496/496/496
f 480/480/480 497/497/497 495/495/495
f 498/498/498 496/496/496 497/497/497
f 497/497/497 480/480/480 499/499/499
f 480/480/480 476/476/476 499/499/499
f 500/500/500 499/499/499 476/476/476
f 500/500/500 501/501/501 499/499/499
f 497/497/497 502/502/502 498/498/498
f 499/499/499 502/502/502 497/497/497
f 503/503/503 499/499/499 501/501/501
f 502/502/502 499/499/499 503/503/503
f 486/486/486 503/503/503 501/501/501
f 503/503/503 486/486/486 488/488/488
f 503/503/503 488/488/488 504/504/504
f 503/503/503 504/504/504 502/502/502
f 505/505/505 504/504/504 488/488/488
f 488/488/488 484/484/484 505/505/505
f 484/484/484 493/493/493 505/505/505
f 493/493/493 494/494/494 505/505/505
f 502/502/502 504/504/504 506/506/506
f 494/494/494 507/507/507 505/505/505
f 508/508/508 507/507/507 494/494/494
f 509/509/509 504/504/504 505/505/505
f 509/509/509 506/506/506 504/504/504
f 507/507/507 510/510/510 505/505/505
f 505/505/505 510/510/510 509/509/509
f 508/508/508 511/511/511 507/507/507
f 511/511/511 508/508/508 512/512/512
f 513/513/513 509/509/509 510/510/510
f 513/513/513 514/514/514 509/509/509
f 506/506/506 509/509/509 514/514/514
f 515/515/515 513/513/513 510/510/510
f 516/516/516 506/506/506 514/514/514
f 506/506/506 516/516/516 502/502/502
f 517/517/517 516/516/516 514/514/514
f 510/510/510 518/518/518 515/515/515
f 510/510/510 507/507/507 518/518/518
f 518/518/518 507/507/507 511/511/511
f 519/519/519 515/515/515 518/518/518
f 520/520/520 511/511/511 512/512/512
f 511/511/511 520/520/520 518/518/518
f 521/521/521 520/520/520 512/512/512
f 518/518/518 522/522/522 519/519/519
f 522/522/522 518/518/518 520/520/520
f 521/521/521 523/523/523 520/520/520
f 522/522/522 520/520/520 523/523/523
f 523/523/523 521/521/521 524/524/524
f 523/523/523 524/524/524 525/525/525
f 519/519/519 522/522/522 526/526/526
f 526/526/526 522/522/522 523/523/523
f 527/527/527 519/519/519 526/526/526
f 527/527/527 526/526/526 528/528/528
f 529/529/529 523/523/523 525/525/525
f 525/525/525 530/530/530 529/529/529
f 531/531/531 526/526/526 523/523/523
f 531/531/531 528/528/528 526/526/526
f 531/531/531 523/523/523 529/529/529
f 528/528/528 531/531/531 532/532/532
f 531/531/531 529/529/529 532/532/532
f 528/528/528 532/532/532 517/517/517
f 517/517/517 532/532/532 516/516/516
f 533/533/533 529/529/529 530/530/530
f 529/529/529 533/533/533 532/532/532
f 530/530/530 534/534/534 533/533/533
f 516/516/516 532/532/532 535/535/535
f 535/535/535 532/532/532 533/533/533
f 535/535/535 533/533/533 534/534/534
f 516/516/516 535/535/535 502/502/502
f 534/534/534 498/498/498 535/535/535
f 502/502/502 535/535/535 498/498/498
