mtllib SM_Wall_Flat_Bottom_Sec1_LOD2@000001EE10BDE400.mtl
g SM_Wall_Flat_Bottom_Sec1_LOD2@000001EE10BDE400
#Vertices 711
#Indices 3132
#Section 0 Offset 0 NumIndices 1908 MaterialIndex 0 MI_Walls_Plastic_07
#Section 1 Offset 1908 NumIndices 1224 MaterialIndex 1 MI_Plastic_Dirty_06
v 4.637839 0.000000 0.172705 1.000000 1.000000 1.000000 1.000000
v 4.638955 0.000018 0.026699 1.000000 1.000000 1.000000 1.000000
v 3.341031 0.000000 0.172705 1.000000 1.000000 1.000000 1.000000
v 2.250000 0.000000 0.027295 1.000000 1.000000 1.000000 1.000000
v 2.250000 0.000000 0.172705 1.000000 1.000000 1.000000 1.000000
v 0.061054 0.000018 0.026695 1.000000 1.000000 1.000000 1.000000
v 0.061546 0.000013 0.173299 1.000000 1.000000 1.000000 1.000000
v 4.638785 1.099987 0.173302 0.925490 1.000000 1.000000 1.000000
v 3.341031 1.100000 0.027295 0.337255 1.000000 1.000000 1.000000
v 4.637839 1.100000 0.027295 0.215686 1.000000 1.000000 1.000000
v 2.250000 1.100000 0.027295 0.325490 1.000000 1.000000 1.000000
v 2.250000 1.100000 0.172705 0.721569 1.000000 1.000000 1.000000
v 0.061607 1.099990 0.026697 0.537255 1.000000 1.000000 1.000000
v 0.061233 1.099979 0.173288 0.709804 1.000000 1.000000 1.000000
v 0.043672 0.018360 0.155091 1.000000 1.000000 1.000000 1.000000
v 0.061054 0.000018 0.026695 1.000000 1.000000 1.000000 1.000000
v 0.040161 0.014114 0.044640 1.000000 1.000000 1.000000 1.000000
v 0.061546 0.000013 0.173299 1.000000 1.000000 1.000000 1.000000
v 0.007371 0.054410 0.172705 0.054902 1.000000 1.000000 1.000000
v 0.007371 0.054410 0.155091 1.000000 1.000000 1.000000 1.000000
v 0.007302 0.113633 0.174181 0.066667 1.000000 1.000000 1.000000
v 0.022914 0.132362 0.155366 0.000000 1.000000 1.000000 1.000000
v 0.010475 0.055527 0.180154 0.054902 1.000000 1.000000 1.000000
v 0.032442 0.126602 0.177880 0.000000 1.000000 1.000000 1.000000
v 0.037387 0.133017 0.155091 1.000000 1.000000 1.000000 1.000000
v 0.010168 0.109850 0.180537 0.066667 1.000000 1.000000 1.000000
v 0.063021 0.003057 0.180285 0.000000 1.000000 1.000000 1.000000
v 2.250000 0.000000 0.172705 1.000000 1.000000 1.000000 1.000000
v 3.341031 0.000000 0.172705 1.000000 1.000000 1.000000 1.000000
v 0.027938 0.061814 0.197005 0.000000 1.000000 1.000000 1.000000
v 4.636979 0.003057 0.180285 0.164706 1.000000 1.000000 1.000000
v 4.637839 0.000000 0.172705 1.000000 1.000000 1.000000 1.000000
v 0.067584 0.019284 0.196875 0.000000 1.000000 1.000000 1.000000
v 4.632415 0.019284 0.196875 0.000000 1.000000 1.000000 1.000000
v 0.030568 0.107401 0.199043 0.000000 1.000000 1.000000 1.000000
v 0.035496 0.062932 0.200000 0.000000 1.000000 1.000000 1.000000
v 0.070397 0.026796 0.200000 0.000000 1.000000 1.000000 1.000000
v 0.038577 0.104535 0.200097 0.000000 1.000000 1.000000 1.000000
v 2.175806 0.026796 0.200000 0.000000 1.000000 1.000000 1.000000
v 0.069573 0.127789 0.180642 0.000000 1.000000 1.000000 1.000000
v 0.101218 0.111676 0.200027 0.000000 1.000000 1.000000 1.000000
v 0.041842 0.133575 0.177160 0.000000 1.000000 1.000000 1.000000
v 0.037387 0.133017 0.172705 0.000000 1.000000 1.000000 1.000000
v 0.037602 0.273922 0.155091 1.000000 1.000000 1.000000 1.000000
v 0.067031 0.134314 0.177160 0.000000 1.000000 1.000000 1.000000
v 0.037387 0.272831 0.172705 1.000000 1.000000 1.000000 1.000000
v 0.041842 0.272272 0.177160 1.000000 1.000000 1.000000 1.000000
v 0.034352 0.280547 0.172705 1.000000 1.000000 1.000000 1.000000
v 0.010407 0.306271 0.155091 1.000000 1.000000 1.000000 1.000000
v 0.074826 0.135454 0.180109 0.000000 1.000000 1.000000 1.000000
v 0.067031 0.271972 0.177160 1.000000 1.000000 1.000000 1.000000
v 0.094008 0.123684 0.197050 0.000000 1.000000 1.000000 1.000000
v 0.074826 0.271476 0.180109 1.000000 1.000000 1.000000 1.000000
v 0.101625 0.275792 0.200000 1.000000 1.000000 1.000000 1.000000
v 0.094008 0.269440 0.197050 1.000000 1.000000 1.000000 1.000000
v 0.076260 0.280985 0.184533 0.921569 1.000000 1.000000 1.000000
v 0.038990 0.280462 0.180107 1.000000 1.000000 1.000000 1.000000
v 0.039453 0.305861 0.197183 1.000000 1.000000 1.000000 1.000000
v 0.015333 0.306004 0.178636 1.000000 1.000000 1.000000 1.000000
v 0.007283 0.313097 0.172668 1.000000 1.000000 1.000000 1.000000
v 0.007371 0.313987 0.155091 1.000000 1.000000 1.000000 1.000000
v 0.007371 0.786013 0.155091 1.000000 1.000000 1.000000 1.000000
v 0.007371 0.786013 0.172705 1.000000 1.000000 1.000000 1.000000
v 0.010407 0.793729 0.155091 1.000000 1.000000 1.000000 1.000000
v 0.010869 0.313987 0.179919 1.000000 1.000000 1.000000 1.000000
v 0.032827 0.313987 0.197240 1.000000 1.000000 1.000000 1.000000
v 0.040780 0.313717 0.200000 1.000000 1.000000 1.000000 1.000000
v 0.010869 0.786013 0.179919 1.000000 1.000000 1.000000 1.000000
v 0.101625 0.824206 0.200000 1.000000 1.000000 1.000000 1.000000
v 0.032827 0.786013 0.197240 1.000000 1.000000 1.000000 1.000000
v 0.012316 0.793646 0.176783 1.000000 1.000000 1.000000 1.000000
v 0.040780 0.786283 0.200000 1.000000 1.000000 1.000000 1.000000
v 0.039453 0.794139 0.197183 1.000000 1.000000 1.000000 1.000000
v 0.034352 0.819453 0.172705 1.000000 1.000000 1.000000 1.000000
v 0.037602 0.826079 0.155091 1.000000 1.000000 1.000000 1.000000
v 0.038990 0.819538 0.180107 1.000000 1.000000 1.000000 1.000000
v 0.076258 0.819016 0.184532 1.000000 1.000000 1.000000 1.000000
v 0.041842 0.827728 0.177160 1.000000 1.000000 1.000000 1.000000
v 0.037387 0.827169 0.172705 1.000000 1.000000 1.000000 1.000000
v 0.037387 0.966983 0.172705 1.000000 1.000000 1.000000 1.000000
v 0.037387 0.966983 0.155091 1.000000 1.000000 1.000000 1.000000
v 0.041842 0.966425 0.177160 0.870588 1.000000 1.000000 1.000000
v 0.032442 0.973398 0.177880 1.000000 1.000000 1.000000 1.000000
v 0.022914 0.967638 0.155366 0.929412 1.000000 1.000000 1.000000
v 0.067032 0.965686 0.177160 0.788235 1.000000 1.000000 1.000000
v 0.007302 0.986367 0.174181 1.000000 1.000000 1.000000 1.000000
v 0.007371 1.045590 0.155091 1.000000 1.000000 1.000000 1.000000
v 0.067032 0.828028 0.177160 1.000000 1.000000 1.000000 1.000000
v 0.007371 1.045590 0.172705 1.000000 1.000000 1.000000 1.000000
v 0.048513 1.086446 0.155091 1.000000 1.000000 1.000000 1.000000
v 0.074825 0.828524 0.180109 1.000000 1.000000 1.000000 1.000000
v 0.061233 1.099979 0.173288 0.709804 1.000000 1.000000 1.000000
v 0.045830 1.090457 0.044546 1.000000 1.000000 1.000000 1.000000
v 0.061607 1.099990 0.026697 0.537255 1.000000 1.000000 1.000000
v 0.094008 0.830560 0.197050 1.000000 1.000000 1.000000 1.000000
v 0.074825 0.964546 0.180109 0.788235 1.000000 1.000000 1.000000
v 0.094008 0.976316 0.197050 0.686275 1.000000 1.000000 1.000000
v 0.101219 0.988316 0.200027 0.686275 1.000000 1.000000 1.000000
v 0.069576 0.972212 0.180643 0.788235 1.000000 1.000000 1.000000
v 0.038584 0.995449 0.200097 0.886275 1.000000 1.000000 1.000000
v 0.030568 0.992598 0.199042 0.886275 1.000000 1.000000 1.000000
v 0.010168 0.990150 0.180537 1.000000 1.000000 1.000000 1.000000
v 0.035496 1.037068 0.200000 0.858824 1.000000 1.000000 1.000000
v 0.010475 1.044473 0.180154 0.886275 1.000000 1.000000 1.000000
v 0.027938 1.038186 0.197005 0.858824 1.000000 1.000000 1.000000
v 0.063021 1.096943 0.180285 0.709804 1.000000 1.000000 1.000000
v 2.250000 1.100000 0.172705 0.721569 1.000000 1.000000 1.000000
v 0.067584 1.080716 0.196875 0.756863 1.000000 1.000000 1.000000
v 4.636979 1.096943 0.180285 0.925490 1.000000 1.000000 1.000000
v 4.638785 1.099987 0.173302 0.925490 1.000000 1.000000 1.000000
v 4.637839 1.100000 0.027295 0.215686 1.000000 1.000000 1.000000
v 4.654143 1.090468 0.044543 1.000000 1.000000 1.000000 1.000000
v 4.651486 1.086446 0.155091 1.000000 1.000000 1.000000 1.000000
v 4.632415 1.080716 0.196875 1.000000 1.000000 1.000000 1.000000
v 4.689525 1.044473 0.180154 1.000000 1.000000 1.000000 1.000000
v 4.692629 1.045590 0.172705 1.000000 1.000000 1.000000 1.000000
v 4.692629 1.045590 0.155091 1.000000 1.000000 1.000000 1.000000
v 4.692698 0.986367 0.174181 1.000000 1.000000 1.000000 1.000000
v 4.677085 0.967638 0.155366 0.835294 1.000000 1.000000 1.000000
v 4.689831 0.990149 0.180537 0.905882 1.000000 1.000000 1.000000
v 4.667558 0.973398 0.177880 0.858824 1.000000 1.000000 1.000000
v 4.662612 0.966983 0.155091 1.000000 1.000000 1.000000 1.000000
v 4.672062 1.038186 0.197005 1.000000 1.000000 1.000000 1.000000
v 4.669429 0.992601 0.199044 0.929412 1.000000 1.000000 1.000000
v 4.664504 1.037068 0.200000 1.000000 1.000000 1.000000 1.000000
v 4.629603 1.073205 0.200000 1.000000 1.000000 1.000000 1.000000
v 4.661413 0.995459 0.200084 0.929412 1.000000 1.000000 1.000000
v 2.177682 1.073205 0.200000 0.756863 1.000000 1.000000 1.000000
v 4.630424 0.972212 0.180643 0.858824 1.000000 1.000000 1.000000
v 0.070397 1.073205 0.200000 0.756863 1.000000 1.000000 1.000000
v 4.598779 0.988318 0.200023 0.952941 1.000000 1.000000 1.000000
v 4.598375 0.824205 0.200000 0.000000 1.000000 1.000000 1.000000
v 4.625174 0.964546 0.180109 0.858824 1.000000 1.000000 1.000000
v 4.605992 0.976316 0.197050 0.929412 1.000000 1.000000 1.000000
v 4.605992 0.830560 0.197050 0.000000 1.000000 1.000000 1.000000
v 4.632968 0.965686 0.177160 0.858824 1.000000 1.000000 1.000000
v 4.625174 0.828524 0.180109 0.000000 1.000000 1.000000 1.000000
v 4.658157 0.966425 0.177160 0.835294 1.000000 1.000000 1.000000
v 4.632968 0.828028 0.177160 0.000000 1.000000 1.000000 1.000000
v 4.623743 0.819016 0.184531 0.027451 1.000000 1.000000 1.000000
v 4.658157 0.827728 0.177160 0.062745 1.000000 1.000000 1.000000
v 4.662612 0.966983 0.172705 0.835294 1.000000 1.000000 1.000000
v 4.662397 0.826078 0.155091 1.000000 1.000000 1.000000 1.000000
v 4.662612 0.827169 0.172705 1.000000 1.000000 1.000000 1.000000
v 4.665648 0.819453 0.172705 1.000000 1.000000 1.000000 1.000000
v 4.689593 0.793729 0.155091 1.000000 1.000000 1.000000 1.000000
v 4.661010 0.819538 0.180107 0.000000 1.000000 1.000000 1.000000
v 4.687684 0.793646 0.176783 0.000000 1.000000 1.000000 1.000000
v 4.660546 0.794139 0.197183 0.000000 1.000000 1.000000 1.000000
v 4.692629 0.786013 0.172705 1.000000 1.000000 1.000000 1.000000
v 4.692629 0.786013 0.155091 1.000000 1.000000 1.000000 1.000000
v 4.667172 0.786013 0.197240 0.000000 1.000000 1.000000 1.000000
v 4.689130 0.786013 0.179919 0.000000 1.000000 1.000000 1.000000
v 4.692717 0.313097 0.172668 1.000000 1.000000 1.000000 1.000000
v 4.692629 0.313987 0.155091 1.000000 1.000000 1.000000 1.000000
v 4.689593 0.306271 0.155091 1.000000 1.000000 1.000000 1.000000
v 4.689130 0.313987 0.179919 0.878431 1.000000 1.000000 1.000000
v 4.665648 0.280547 0.172705 1.000000 1.000000 1.000000 1.000000
v 4.662397 0.273922 0.155091 1.000000 1.000000 1.000000 1.000000
v 4.684666 0.306004 0.178636 0.807843 1.000000 1.000000 1.000000
v 4.667172 0.313987 0.197240 0.686275 1.000000 1.000000 1.000000
v 4.659220 0.786283 0.200000 0.000000 1.000000 1.000000 1.000000
v 4.659220 0.313717 0.200000 0.650980 1.000000 1.000000 1.000000
v 4.598375 0.275793 0.200000 0.262745 1.000000 1.000000 1.000000
v 4.660546 0.305861 0.197183 0.737255 1.000000 1.000000 1.000000
v 4.661010 0.280462 0.180107 0.760784 1.000000 1.000000 1.000000
v 4.623741 0.280984 0.184532 0.545098 1.000000 1.000000 1.000000
v 4.658157 0.272272 0.177160 0.725490 1.000000 1.000000 1.000000
v 4.662612 0.272831 0.172705 1.000000 1.000000 1.000000 1.000000
v 4.662612 0.133017 0.172705 1.000000 1.000000 1.000000 1.000000
v 4.662612 0.133017 0.155091 1.000000 1.000000 1.000000 1.000000
v 4.667558 0.126602 0.177880 0.168627 1.000000 1.000000 1.000000
v 4.677085 0.132362 0.155366 1.000000 1.000000 1.000000 1.000000
v 4.658157 0.133575 0.177160 0.078431 1.000000 1.000000 1.000000
v 4.632968 0.134314 0.177160 0.000000 1.000000 1.000000 1.000000
v 4.692698 0.113633 0.174181 1.000000 1.000000 1.000000 1.000000
v 4.692629 0.054410 0.155091 1.000000 1.000000 1.000000 1.000000
v 4.632968 0.271972 0.177160 0.545098 1.000000 1.000000 1.000000
v 4.630427 0.127789 0.180643 0.000000 1.000000 1.000000 1.000000
v 4.625174 0.135454 0.180109 0.000000 1.000000 1.000000 1.000000
v 4.625174 0.271476 0.180109 0.470588 1.000000 1.000000 1.000000
v 4.605992 0.269440 0.197050 0.305882 1.000000 1.000000 1.000000
v 4.605992 0.123684 0.197050 0.000000 1.000000 1.000000 1.000000
v 4.598779 0.111673 0.200023 0.000000 1.000000 1.000000 1.000000
v 4.661419 0.104526 0.200084 0.019608 1.000000 1.000000 1.000000
v 4.669429 0.107398 0.199045 0.090196 1.000000 1.000000 1.000000
v 4.664504 0.062932 0.200000 0.070588 1.000000 1.000000 1.000000
v 4.629603 0.026796 0.200000 0.000000 1.000000 1.000000 1.000000
v 4.689831 0.109851 0.180537 0.247059 1.000000 1.000000 1.000000
v 4.672062 0.061814 0.197005 0.117647 1.000000 1.000000 1.000000
v 4.689525 0.055527 0.180154 0.290196 1.000000 1.000000 1.000000
v 4.692629 0.054410 0.172705 1.000000 1.000000 1.000000 1.000000
v 4.656616 0.018647 0.155091 1.000000 1.000000 1.000000 1.000000
v 4.638955 0.000018 0.026699 1.000000 1.000000 1.000000 1.000000
v 4.660081 0.014450 0.044641 1.000000 1.000000 1.000000 1.000000
v 0.007385 0.987613 0.044861 1.000000 1.000000 1.000000 1.000000
v 0.007371 1.045590 0.027295 0.674510 1.000000 1.000000 1.000000
v 0.045830 1.090457 0.044546 1.000000 1.000000 1.000000 1.000000
v 0.061607 1.099990 0.026697 0.537255 1.000000 1.000000 1.000000
v 0.007463 0.986093 0.025423 1.000000 1.000000 1.000000 1.000000
v 0.023045 0.976810 0.044661 1.000000 1.000000 1.000000 1.000000
v 0.010475 1.044473 0.019845 0.674510 1.000000 1.000000 1.000000
v 0.032442 0.973398 0.022119 1.000000 1.000000 1.000000 1.000000
v 0.037387 0.966983 0.044908 1.000000 1.000000 1.000000 1.000000
v 0.010168 0.990150 0.019463 0.662745 1.000000 1.000000 1.000000
v 0.063021 1.096943 0.019715 0.537255 1.000000 1.000000 1.000000
v 2.250000 1.100000 0.027295 0.325490 1.000000 1.000000 1.000000
v 3.341031 1.100000 0.027295 0.337255 1.000000 1.000000 1.000000
v 0.027938 1.038186 0.002995 0.631373 1.000000 1.000000 1.000000
v 4.636979 1.096943 0.019715 0.215686 1.000000 1.000000 1.000000
v 4.637839 1.100000 0.027295 0.215686 1.000000 1.000000 1.000000
v 0.067584 1.080716 0.003125 0.729412 1.000000 1.000000 1.000000
v 4.632415 1.080716 0.003125 0.215686 1.000000 1.000000 1.000000
v 4.689525 1.044473 0.019845 0.572549 1.000000 1.000000 1.000000
v 4.692629 1.045590 0.027295 0.572549 1.000000 1.000000 1.000000
v 4.654143 1.090468 0.044543 1.000000 1.000000 1.000000 1.000000
v 4.692616 0.987613 0.044861 1.000000 1.000000 1.000000 1.000000
v 4.692539 0.986098 0.025438 1.000000 1.000000 1.000000 1.000000
v 4.688492 0.981784 0.044908 1.000000 1.000000 1.000000 1.000000
v 4.689831 0.990149 0.019463 0.639216 1.000000 1.000000 1.000000
v 4.667702 0.973475 0.022035 1.000000 1.000000 1.000000 1.000000
v 4.662323 0.968841 0.044924 1.000000 1.000000 1.000000 1.000000
v 4.672062 1.038186 0.002995 0.466667 1.000000 1.000000 1.000000
v 4.669451 0.992613 0.000967 0.541176 1.000000 1.000000 1.000000
v 4.664504 1.037068 -0.000000 0.427451 1.000000 1.000000 1.000000
v 4.629603 1.073205 -0.000000 0.215686 1.000000 1.000000 1.000000
v 4.661413 0.995459 -0.000085 0.513726 1.000000 1.000000 1.000000
v 2.177318 1.073205 -0.000000 0.168627 1.000000 1.000000 1.000000
v 4.630424 0.972212 0.019356 0.474510 1.000000 1.000000 1.000000
v 4.598779 0.988318 -0.000024 0.254902 1.000000 1.000000 1.000000
v 4.662612 0.966983 0.027295 0.572549 1.000000 1.000000 1.000000
v 4.662397 0.826078 0.044908 1.000000 1.000000 1.000000 1.000000
v 4.658157 0.966425 0.022840 0.572549 1.000000 1.000000 1.000000
v 4.662612 0.827169 0.027295 1.000000 1.000000 1.000000 1.000000
v 4.665648 0.819453 0.027295 1.000000 1.000000 1.000000 1.000000
v 4.689593 0.793729 0.044908 1.000000 1.000000 1.000000 1.000000
v 4.658157 0.827728 0.022840 1.000000 1.000000 1.000000 1.000000
v 4.632968 0.965686 0.022840 0.474510 1.000000 1.000000 1.000000
v 4.625174 0.964546 0.019891 0.400000 1.000000 1.000000 1.000000
v 4.632968 0.828028 0.022840 1.000000 1.000000 1.000000 1.000000
v 4.605992 0.976316 0.002949 0.360784 1.000000 1.000000 1.000000
v 4.625174 0.828524 0.019891 1.000000 1.000000 1.000000 1.000000
v 4.598375 0.824207 -0.000000 1.000000 1.000000 1.000000 1.000000
v 4.605992 0.830560 0.002949 1.000000 1.000000 1.000000 1.000000
v 4.623741 0.819015 0.015468 1.000000 1.000000 1.000000 1.000000
v 4.661010 0.819538 0.019892 1.000000 1.000000 1.000000 1.000000
v 4.660546 0.794139 0.002817 1.000000 1.000000 1.000000 1.000000
v 4.684666 0.793996 0.021363 1.000000 1.000000 1.000000 1.000000
v 4.692718 0.786906 0.027345 1.000000 1.000000 1.000000 1.000000
v 4.692629 0.786013 0.044908 1.000000 1.000000 1.000000 1.000000
v 4.692629 0.313987 0.044908 1.000000 1.000000 1.000000 1.000000
v 4.689130 0.786013 0.020081 1.000000 1.000000 1.000000 1.000000
v 4.692718 0.312973 0.027224 0.301961 1.000000 1.000000 1.000000
v 4.689593 0.306271 0.044908 1.000000 1.000000 1.000000 1.000000
v 4.667172 0.786013 0.002759 1.000000 1.000000 1.000000 1.000000
v 4.689130 0.313987 0.020081 0.301961 1.000000 1.000000 1.000000
v 4.665648 0.280547 0.027295 0.282353 1.000000 1.000000 1.000000
v 4.662397 0.273922 0.044908 1.000000 1.000000 1.000000 1.000000
v 4.684666 0.306004 0.021363 0.301961 1.000000 1.000000 1.000000
v 4.667172 0.313987 0.002759 0.301961 1.000000 1.000000 1.000000
v 4.659220 0.786283 -0.000000 1.000000 1.000000 1.000000 1.000000
v 4.660546 0.305861 0.002817 0.274510 1.000000 1.000000 1.000000
v 4.659220 0.313717 -0.000000 0.301961 1.000000 1.000000 1.000000
v 0.040780 0.786275 -0.000000 0.384314 1.000000 1.000000 1.000000
v 4.661010 0.280462 0.019892 0.282353 1.000000 1.000000 1.000000
v 4.598375 0.275793 -0.000000 0.305882 1.000000 1.000000 1.000000
v 4.623741 0.280985 0.015468 0.266667 1.000000 1.000000 1.000000
v 4.658157 0.272272 0.022840 0.290196 1.000000 1.000000 1.000000
v 4.662612 0.272831 0.027295 0.290196 1.000000 1.000000 1.000000
v 4.662612 0.133017 0.027295 0.560784 1.000000 1.000000 1.000000
v 4.662323 0.131159 0.044924 0.560784 1.000000 1.000000 1.000000
v 4.658157 0.133575 0.022840 0.533333 1.000000 1.000000 1.000000
v 4.667702 0.126525 0.022035 0.580392 1.000000 1.000000 1.000000
v 4.688492 0.118216 0.044908 0.701961 1.000000 1.000000 1.000000
v 4.632968 0.134314 0.022840 0.278431 1.000000 1.000000 1.000000
v 4.692495 0.114138 0.025533 0.737255 1.000000 1.000000 1.000000
v 4.692640 0.111749 0.044908 0.737255 1.000000 1.000000 1.000000
v 4.632968 0.271972 0.022840 0.286275 1.000000 1.000000 1.000000
v 4.630424 0.127788 0.019356 0.278431 1.000000 1.000000 1.000000
v 4.625174 0.135454 0.019891 0.298039 1.000000 1.000000 1.000000
v 4.625174 0.271476 0.019891 0.301961 1.000000 1.000000 1.000000
v 4.605992 0.269440 0.002949 0.321569 1.000000 1.000000 1.000000
v 4.605992 0.123684 0.002949 0.364706 1.000000 1.000000 1.000000
v 4.598779 0.111682 -0.000023 0.364706 1.000000 1.000000 1.000000
v 2.161217 0.026795 0.000000 0.505882 1.000000 1.000000 1.000000
v 4.661413 0.104540 -0.000084 0.517647 1.000000 1.000000 1.000000
v 4.669451 0.107386 0.000967 0.545098 1.000000 1.000000 1.000000
v 4.689831 0.109851 0.019463 0.756863 1.000000 1.000000 1.000000
v 4.664504 0.062932 -0.000000 0.486275 1.000000 1.000000 1.000000
v 4.672062 0.061814 0.002995 0.509804 1.000000 1.000000 1.000000
v 4.689525 0.055527 0.019845 0.678431 1.000000 1.000000 1.000000
v 4.692629 0.054410 0.027295 0.686275 1.000000 1.000000 1.000000
v 4.660081 0.014450 0.044641 1.000000 1.000000 1.000000 1.000000
v 4.638955 0.000018 0.026699 1.000000 1.000000 1.000000 1.000000
v 4.636979 0.003057 0.019715 1.000000 1.000000 1.000000 1.000000
v 2.250000 0.000000 0.027295 1.000000 1.000000 1.000000 1.000000
v 4.632415 0.019284 0.003125 0.388235 1.000000 1.000000 1.000000
v 0.063021 0.003057 0.019715 1.000000 1.000000 1.000000 1.000000
v 0.061054 0.000018 0.026695 1.000000 1.000000 1.000000 1.000000
v 4.629603 0.026795 0.000000 0.321569 1.000000 1.000000 1.000000
v 0.067584 0.019284 0.003125 0.866667 1.000000 1.000000 1.000000
v 0.010475 0.055527 0.019845 0.490196 1.000000 1.000000 1.000000
v 0.007371 0.054410 0.027295 1.000000 1.000000 1.000000 1.000000
v 0.040161 0.014114 0.044640 1.000000 1.000000 1.000000 1.000000
v 0.007360 0.111749 0.044908 1.000000 1.000000 1.000000 1.000000
v 0.007505 0.114138 0.025533 0.270588 1.000000 1.000000 1.000000
v 0.011508 0.118216 0.044908 0.125490 1.000000 1.000000 1.000000
v 0.010168 0.109850 0.019463 0.278431 1.000000 1.000000 1.000000
v 0.032298 0.126525 0.022035 0.258824 1.000000 1.000000 1.000000
v 0.037677 0.131159 0.044924 1.000000 1.000000 1.000000 1.000000
v 0.027938 0.061814 0.002995 0.584314 1.000000 1.000000 1.000000
v 0.030546 0.107390 0.000969 0.376471 1.000000 1.000000 1.000000
v 0.035496 0.062932 -0.000000 0.584314 1.000000 1.000000 1.000000
v 0.070397 0.026795 0.000000 0.921569 1.000000 1.000000 1.000000
v 0.038584 0.104551 -0.000098 0.462745 1.000000 1.000000 1.000000
v 0.069576 0.127788 0.019356 0.423529 1.000000 1.000000 1.000000
v 0.101219 0.111684 -0.000028 0.611765 1.000000 1.000000 1.000000
v 0.101625 0.275792 -0.000000 0.894118 1.000000 1.000000 1.000000
v 0.074826 0.135454 0.019891 0.466667 1.000000 1.000000 1.000000
v 0.094008 0.123684 0.002949 0.525490 1.000000 1.000000 1.000000
v 0.094008 0.269440 0.002949 0.666667 1.000000 1.000000 1.000000
v 0.041842 0.133575 0.022840 0.360784 1.000000 1.000000 1.000000
v 0.074826 0.271476 0.019891 0.670588 1.000000 1.000000 1.000000
v 0.067031 0.134314 0.022840 0.423529 1.000000 1.000000 1.000000
v 0.067031 0.271972 0.022840 0.650980 1.000000 1.000000 1.000000
v 0.076260 0.280985 0.015467 0.631373 1.000000 1.000000 1.000000
v 0.041842 0.272272 0.022840 0.631373 1.000000 1.000000 1.000000
v 0.037387 0.133017 0.027295 0.317647 1.000000 1.000000 1.000000
v 0.037602 0.273921 0.044908 1.000000 1.000000 1.000000 1.000000
v 0.037387 0.272831 0.027295 0.611765 1.000000 1.000000 1.000000
v 0.034352 0.280547 0.027295 1.000000 1.000000 1.000000 1.000000
v 0.010407 0.306271 0.044908 1.000000 1.000000 1.000000 1.000000
v 0.038990 0.280462 0.019892 0.678431 1.000000 1.000000 1.000000
v 0.039454 0.305861 0.002816 0.921569 1.000000 1.000000 1.000000
v 0.015333 0.306004 0.021363 0.913726 1.000000 1.000000 1.000000
v 0.007282 0.312973 0.027224 1.000000 1.000000 1.000000 1.000000
v 0.007371 0.313987 0.044908 1.000000 1.000000 1.000000 1.000000
v 0.040780 0.313717 -0.000000 0.960784 1.000000 1.000000 1.000000
v 0.032827 0.313987 0.002759 0.941177 1.000000 1.000000 1.000000
v 0.010869 0.313987 0.020081 0.941177 1.000000 1.000000 1.000000
v 0.032827 0.786013 0.002759 0.400000 1.000000 1.000000 1.000000
v 0.010869 0.786013 0.020081 0.611765 1.000000 1.000000 1.000000
v 0.007282 0.786906 0.027345 0.635294 1.000000 1.000000 1.000000
v 0.007371 0.786013 0.044908 1.000000 1.000000 1.000000 1.000000
v 0.010407 0.793729 0.044908 1.000000 1.000000 1.000000 1.000000
v 0.015334 0.793996 0.021363 0.549020 1.000000 1.000000 1.000000
v 0.034352 0.819453 0.027295 0.247059 1.000000 1.000000 1.000000
v 0.037602 0.826079 0.044908 1.000000 1.000000 1.000000 1.000000
v 0.039452 0.794137 0.002816 0.325490 1.000000 1.000000 1.000000
v 0.038990 0.819538 0.019892 0.219608 1.000000 1.000000 1.000000
v 0.037387 0.827169 0.027295 0.184314 1.000000 1.000000 1.000000
v 0.041842 0.827728 0.022840 0.184314 1.000000 1.000000 1.000000
v 0.037387 0.966983 0.027295 0.388235 1.000000 1.000000 1.000000
v 0.041842 0.966425 0.022840 0.345098 1.000000 1.000000 1.000000
v 0.076259 0.819015 0.015467 0.133333 1.000000 1.000000 1.000000
v 0.067032 0.965686 0.022840 0.231373 1.000000 1.000000 1.000000
v 0.101625 0.824208 -0.000000 0.133333 1.000000 1.000000 1.000000
v 0.067032 0.828028 0.022840 0.133333 1.000000 1.000000 1.000000
v 0.074825 0.828524 0.019891 0.105882 1.000000 1.000000 1.000000
v 0.074825 0.964546 0.019891 0.223529 1.000000 1.000000 1.000000
v 0.094008 0.830560 0.002949 0.105882 1.000000 1.000000 1.000000
v 0.094008 0.976316 0.002949 0.309804 1.000000 1.000000 1.000000
v 0.101219 0.988316 -0.000027 0.392157 1.000000 1.000000 1.000000
v 0.069576 0.972212 0.019356 0.231373 1.000000 1.000000 1.000000
v 0.038584 0.995449 -0.000097 0.411765 1.000000 1.000000 1.000000
v 0.030568 0.992598 0.000958 0.509804 1.000000 1.000000 1.000000
v 0.035496 1.037068 -0.000000 0.623529 1.000000 1.000000 1.000000
v 0.070397 1.073205 -0.000000 0.729412 1.000000 1.000000 1.000000
v 0.018992 0.947105 0.094986 1.000000 1.000000 1.000000 1.000000
v 0.019168 0.828579 0.095084 1.000000 1.000000 1.000000 1.000000
v -0.015489 0.849641 0.095068 1.000000 1.000000 1.000000 1.000000
v -0.015489 0.943843 0.095071 1.000000 1.000000 1.000000 1.000000
v -0.018827 0.848196 0.093023 1.000000 1.000000 1.000000 1.000000
v -0.018953 0.946011 0.092943 1.000000 1.000000 1.000000 1.000000
v -0.019078 0.946377 0.068179 0.937255 1.000000 1.000000 1.000000
v -0.018596 0.847966 0.068071 0.752941 1.000000 1.000000 1.000000
v -0.015489 0.943843 0.065929 0.886275 1.000000 1.000000 1.000000
v -0.015489 0.849641 0.065926 0.725490 1.000000 1.000000 1.000000
v 0.018980 0.946742 0.065996 0.627451 1.000000 1.000000 1.000000
v 0.019121 0.828218 0.065930 0.447059 1.000000 1.000000 1.000000
v 0.019169 0.275246 0.095084 1.000000 1.000000 1.000000 1.000000
v 0.018992 0.156737 0.094986 0.623529 1.000000 1.000000 1.000000
v -0.015469 0.254183 0.095068 1.000000 1.000000 1.000000 1.000000
v -0.015469 0.160013 0.095071 0.776471 1.000000 1.000000 1.000000
v -0.018823 0.255640 0.093011 1.000000 1.000000 1.000000 1.000000
v -0.018949 0.157830 0.092932 0.815686 1.000000 1.000000 1.000000
v -0.019076 0.157460 0.068193 0.262745 1.000000 1.000000 1.000000
v -0.018590 0.255872 0.068084 0.674510 1.000000 1.000000 1.000000
v -0.015469 0.160013 0.065929 0.258824 1.000000 1.000000 1.000000
v -0.015469 0.254183 0.065926 0.674510 1.000000 1.000000 1.000000
v 0.018980 0.157103 0.065996 0.215686 1.000000 1.000000 1.000000
v 0.019121 0.275609 0.065930 0.749020 1.000000 1.000000 1.000000
v 0.004917 0.018553 0.157150 0.188235 1.000000 1.000000 1.000000
v 0.051313 0.018553 0.157147 0.000000 1.000000 1.000000 1.000000
v 0.004917 0.013636 0.152234 0.266667 1.000000 1.000000 1.000000
v 0.056205 0.013636 0.152231 0.000000 1.000000 1.000000 1.000000
v 0.004917 0.013636 0.047766 1.000000 1.000000 1.000000 1.000000
v 0.056205 0.013636 0.047769 1.000000 1.000000 1.000000 1.000000
v 0.051313 0.018553 0.042852 1.000000 1.000000 1.000000 1.000000
v 0.004917 0.018553 0.042850 1.000000 1.000000 1.000000 1.000000
v -0.015489 0.849641 0.095068 1.000000 1.000000 1.000000 1.000000
v 0.019168 0.828579 0.095084 1.000000 1.000000 1.000000 1.000000
v -0.018827 0.848196 0.093023 1.000000 1.000000 1.000000 1.000000
v 0.019121 0.828218 0.065930 0.447059 1.000000 1.000000 1.000000
v -0.018596 0.847966 0.068071 0.752941 1.000000 1.000000 1.000000
v -0.015489 0.849641 0.065926 0.725490 1.000000 1.000000 1.000000
v -0.015489 0.943843 0.065929 0.886275 1.000000 1.000000 1.000000
v 0.018980 0.946742 0.065996 0.627451 1.000000 1.000000 1.000000
v -0.019078 0.946377 0.068179 0.937255 1.000000 1.000000 1.000000
v 0.018992 0.947105 0.094986 1.000000 1.000000 1.000000 1.000000
v -0.018953 0.946011 0.092943 1.000000 1.000000 1.000000 1.000000
v -0.015489 0.943843 0.095071 1.000000 1.000000 1.000000 1.000000
v 4.681008 0.947105 0.105014 1.000000 1.000000 1.000000 1.000000
v 4.680831 0.828579 0.104916 1.000000 1.000000 1.000000 1.000000
v 4.715489 0.849641 0.104931 1.000000 1.000000 1.000000 1.000000
v 4.715489 0.943843 0.104929 1.000000 1.000000 1.000000 1.000000
v 4.718827 0.848196 0.106976 1.000000 1.000000 1.000000 1.000000
v 4.718953 0.946011 0.107057 1.000000 1.000000 1.000000 1.000000
v 4.719078 0.946377 0.131820 1.000000 1.000000 1.000000 1.000000
v 4.718596 0.847966 0.131929 1.000000 1.000000 1.000000 1.000000
v 4.715489 0.943843 0.134071 0.788235 1.000000 1.000000 1.000000
v 4.715489 0.849641 0.134074 0.588235 1.000000 1.000000 1.000000
v 4.681019 0.946742 0.134003 0.811765 1.000000 1.000000 1.000000
v 4.680879 0.828218 0.134069 0.227451 1.000000 1.000000 1.000000
v 4.680831 0.275246 0.104916 0.321569 1.000000 1.000000 1.000000
v 4.681007 0.156737 0.105013 0.682353 1.000000 1.000000 1.000000
v 4.715468 0.254183 0.104931 0.505882 1.000000 1.000000 1.000000
v 4.715468 0.160013 0.104929 0.749020 1.000000 1.000000 1.000000
v 4.718823 0.255640 0.106989 0.549020 1.000000 1.000000 1.000000
v 4.718949 0.157830 0.107068 0.760784 1.000000 1.000000 1.000000
v 4.719076 0.157460 0.131807 1.000000 1.000000 1.000000 1.000000
v 4.718590 0.255872 0.131916 0.705882 1.000000 1.000000 1.000000
v 4.715468 0.160013 0.134071 0.709804 1.000000 1.000000 1.000000
v 4.715468 0.254183 0.134074 0.956863 1.000000 1.000000 1.000000
v 4.681019 0.157103 0.134003 0.486275 1.000000 1.000000 1.000000
v 4.680879 0.275609 0.134070 0.823529 1.000000 1.000000 1.000000
v 4.695083 0.018553 0.042849 1.000000 1.000000 1.000000 1.000000
v 4.648687 0.018553 0.042852 1.000000 1.000000 1.000000 1.000000
v 4.695083 0.013636 0.047766 1.000000 1.000000 1.000000 1.000000
v 4.643795 0.013636 0.047769 1.000000 1.000000 1.000000 1.000000
v 4.695083 0.013636 0.152234 0.513726 1.000000 1.000000 1.000000
v 4.643795 0.013636 0.152231 0.098039 1.000000 1.000000 1.000000
v 4.648687 0.018553 0.157147 0.094118 1.000000 1.000000 1.000000
v 4.695083 0.018553 0.157150 0.478431 1.000000 1.000000 1.000000
v 4.715489 0.849641 0.104931 1.000000 1.000000 1.000000 1.000000
v 4.680831 0.828579 0.104916 1.000000 1.000000 1.000000 1.000000
v 4.718827 0.848196 0.106976 1.000000 1.000000 1.000000 1.000000
v 4.680879 0.828218 0.134069 0.227451 1.000000 1.000000 1.000000
v 4.718596 0.847966 0.131929 1.000000 1.000000 1.000000 1.000000
v 4.715489 0.849641 0.134074 0.588235 1.000000 1.000000 1.000000
v 4.715489 0.943843 0.134071 0.788235 1.000000 1.000000 1.000000
v 4.681019 0.946742 0.134003 0.811765 1.000000 1.000000 1.000000
v 4.719078 0.946377 0.131820 1.000000 1.000000 1.000000 1.000000
v 4.681008 0.947105 0.105014 1.000000 1.000000 1.000000 1.000000
v 4.718953 0.946011 0.107057 1.000000 1.000000 1.000000 1.000000
v 4.715489 0.943843 0.104929 1.000000 1.000000 1.000000 1.000000
v 4.681019 0.157103 0.134003 0.486275 1.000000 1.000000 1.000000
v 4.715468 0.160013 0.134071 0.709804 1.000000 1.000000 1.000000
v 4.719076 0.157460 0.131807 1.000000 1.000000 1.000000 1.000000
v 4.681007 0.156737 0.105013 0.682353 1.000000 1.000000 1.000000
v 4.718949 0.157830 0.107068 0.760784 1.000000 1.000000 1.000000
v 4.715468 0.160013 0.104929 0.749020 1.000000 1.000000 1.000000
v 0.004917 1.090199 0.152234 0.886275 1.000000 1.000000 1.000000
v 0.051313 1.085283 0.157147 0.709804 1.000000 1.000000 1.000000
v 0.006174 1.085283 0.157150 0.886275 1.000000 1.000000 1.000000
v 0.056205 1.090199 0.152231 0.619608 1.000000 1.000000 1.000000
v 0.004917 1.090199 0.047766 0.678431 1.000000 1.000000 1.000000
v 0.056205 1.090199 0.047769 0.431373 1.000000 1.000000 1.000000
v 0.051313 1.085283 0.042852 0.600000 1.000000 1.000000 1.000000
v 0.006174 1.085283 0.042850 0.690196 1.000000 1.000000 1.000000
v -0.018823 0.255640 0.093011 1.000000 1.000000 1.000000 1.000000
v 0.019169 0.275246 0.095084 1.000000 1.000000 1.000000 1.000000
v -0.015469 0.254183 0.095068 1.000000 1.000000 1.000000 1.000000
v 0.019121 0.275609 0.065930 0.749020 1.000000 1.000000 1.000000
v -0.018590 0.255872 0.068084 0.674510 1.000000 1.000000 1.000000
v -0.015469 0.254183 0.065926 0.674510 1.000000 1.000000 1.000000
v -0.015469 0.160013 0.095071 0.776471 1.000000 1.000000 1.000000
v 0.018992 0.156737 0.094986 0.623529 1.000000 1.000000 1.000000
v -0.018949 0.157830 0.092932 0.815686 1.000000 1.000000 1.000000
v -0.019076 0.157460 0.068193 0.262745 1.000000 1.000000 1.000000
v 0.018980 0.157103 0.065996 0.215686 1.000000 1.000000 1.000000
v -0.015469 0.160013 0.065929 0.258824 1.000000 1.000000 1.000000
v 4.695083 1.090199 0.047766 0.572549 1.000000 1.000000 1.000000
v 4.648687 1.085283 0.042852 0.254902 1.000000 1.000000 1.000000
v 4.693826 1.085283 0.042850 0.572549 1.000000 1.000000 1.000000
v 4.643795 1.090199 0.047769 0.215686 1.000000 1.000000 1.000000
v 4.695083 1.090199 0.152234 0.925490 1.000000 1.000000 1.000000
v 4.643795 1.090199 0.152230 0.858824 1.000000 1.000000 1.000000
v 4.648687 1.085283 0.157147 1.000000 1.000000 1.000000 1.000000
v 4.693826 1.085283 0.157150 1.000000 1.000000 1.000000 1.000000
v 4.718823 0.255640 0.106989 0.549020 1.000000 1.000000 1.000000
v 4.680831 0.275246 0.104916 0.321569 1.000000 1.000000 1.000000
v 4.715468 0.254183 0.104931 0.505882 1.000000 1.000000 1.000000
v 4.680879 0.275609 0.134070 0.823529 1.000000 1.000000 1.000000
v 4.718590 0.255872 0.131916 0.705882 1.000000 1.000000 1.000000
v 4.715468 0.254183 0.134074 0.956863 1.000000 1.000000 1.000000
v 4.658533 0.965833 0.179460 0.835294 1.000000 1.000000 1.000000
v 4.641084 0.957239 0.184431 0.827451 1.000000 1.000000 1.000000
v 4.631376 0.957607 0.178330 0.827451 1.000000 1.000000 1.000000
v 4.658644 0.828561 0.181520 0.062745 1.000000 1.000000 1.000000
v 4.630798 0.837317 0.179961 0.050980 1.000000 1.000000 1.000000
v 4.631376 0.957607 0.178330 0.827451 1.000000 1.000000 1.000000
v 0.014639 1.048424 0.042853 0.615686 1.000000 1.000000 1.000000
v 0.051313 1.085283 0.042852 0.600000 1.000000 1.000000 1.000000
v 0.006174 1.085283 0.042850 0.690196 1.000000 1.000000 1.000000
v 0.005055 0.967284 0.042865 0.764706 1.000000 1.000000 1.000000
v 0.014857 0.985268 0.042857 0.643137 1.000000 1.000000 1.000000
v 0.000000 1.085283 0.047766 0.796079 1.000000 1.000000 1.000000
v 0.004917 1.090199 0.047766 0.678431 1.000000 1.000000 1.000000
v 0.004917 1.090199 0.152234 0.886275 1.000000 1.000000 1.000000
v 0.000000 1.085283 0.152234 0.886275 1.000000 1.000000 1.000000
v 0.006174 1.085283 0.157150 0.886275 1.000000 1.000000 1.000000
v 0.051313 1.085283 0.157147 0.709804 1.000000 1.000000 1.000000
v 0.012573 1.035454 0.157146 0.847059 1.000000 1.000000 1.000000
v 0.000000 0.967165 0.047774 0.800000 1.000000 1.000000 1.000000
v 0.005046 0.967276 0.157130 0.952941 1.000000 1.000000 1.000000
v 0.012666 0.992824 0.157143 0.874510 1.000000 1.000000 1.000000
v 0.000000 0.967165 0.152225 1.000000 1.000000 1.000000 1.000000
v 0.004917 0.962248 0.047775 0.800000 1.000000 1.000000 1.000000
v 0.004917 0.962248 0.152225 1.000000 1.000000 1.000000 1.000000
v 0.023029 0.965966 0.157036 0.929412 1.000000 1.000000 1.000000
v 0.038989 0.970460 0.157140 0.815686 1.000000 1.000000 1.000000
v 0.013944 0.962248 0.152224 0.929412 1.000000 1.000000 1.000000
v 0.013944 0.962248 0.047776 0.674510 1.000000 1.000000 1.000000
v 0.023024 0.965960 0.042973 0.576471 1.000000 1.000000 1.000000
v 0.038989 0.970460 0.042860 0.431373 1.000000 1.000000 1.000000
v 0.018861 0.957332 0.047776 0.643137 1.000000 1.000000 1.000000
v 0.018861 0.957332 0.152223 1.000000 1.000000 1.000000 1.000000
v 0.018861 0.849209 0.047784 0.396078 1.000000 1.000000 1.000000
v 0.018861 0.849209 0.152216 1.000000 1.000000 1.000000 1.000000
v 0.023749 0.843724 0.042871 0.333333 1.000000 1.000000 1.000000
v 0.040321 0.824953 0.042873 0.247059 1.000000 1.000000 1.000000
v 0.015867 0.840393 0.047784 0.443137 1.000000 1.000000 1.000000
v 0.023749 0.843724 0.157129 1.000000 1.000000 1.000000 1.000000
v 0.040321 0.824953 0.157127 1.000000 1.000000 1.000000 1.000000
v 0.015867 0.840393 0.152216 1.000000 1.000000 1.000000 1.000000
v 0.002993 0.823619 0.047785 0.521569 1.000000 1.000000 1.000000
v 0.004985 0.818131 0.042871 0.521569 1.000000 1.000000 1.000000
v 0.014747 0.789620 0.042874 0.611765 1.000000 1.000000 1.000000
v 0.014747 0.314215 0.042874 0.933333 1.000000 1.000000 1.000000
v 0.002993 0.823619 0.152214 1.000000 1.000000 1.000000 1.000000
v 0.000000 0.814802 0.047786 0.584314 1.000000 1.000000 1.000000
v 0.004948 0.285754 0.042871 0.796079 1.000000 1.000000 1.000000
v 0.040322 0.278883 0.042873 0.721569 1.000000 1.000000 1.000000
v 0.004985 0.818131 0.157129 1.000000 1.000000 1.000000 1.000000
v 0.014747 0.789620 0.157126 1.000000 1.000000 1.000000 1.000000
v 0.014747 0.314215 0.157126 1.000000 1.000000 1.000000 1.000000
v 0.000000 0.814802 0.152214 1.000000 1.000000 1.000000 1.000000
v 0.004948 0.285754 0.157128 1.000000 1.000000 1.000000 1.000000
v 0.040322 0.278883 0.157127 1.000000 1.000000 1.000000 1.000000
v 0.000000 0.289034 0.152214 1.000000 1.000000 1.000000 1.000000
v 0.000000 0.289033 0.047786 0.843137 1.000000 1.000000 1.000000
v 0.002993 0.280216 0.047785 1.000000 1.000000 1.000000 1.000000
v 0.002993 0.280217 0.152214 1.000000 1.000000 1.000000 1.000000
v 0.023749 0.260112 0.157129 1.000000 1.000000 1.000000 1.000000
v 0.038989 0.131147 0.157140 0.000000 1.000000 1.000000 1.000000
v 0.015867 0.263443 0.047784 0.627451 1.000000 1.000000 1.000000
v 0.023749 0.260112 0.042871 0.580392 1.000000 1.000000 1.000000
v 0.038989 0.131147 0.042860 0.333333 1.000000 1.000000 1.000000
v 0.015867 0.263443 0.152216 1.000000 1.000000 1.000000 1.000000
v 0.018861 0.254626 0.047784 0.537255 1.000000 1.000000 1.000000
v 0.023029 0.137862 0.042963 0.250980 1.000000 1.000000 1.000000
v 0.012666 0.111011 0.042857 0.290196 1.000000 1.000000 1.000000
v 0.018861 0.254626 0.152216 1.000000 1.000000 1.000000 1.000000
v 0.018861 0.146504 0.047776 0.211765 1.000000 1.000000 1.000000
v 0.005281 0.136651 0.042879 0.176471 1.000000 1.000000 1.000000
v 0.010541 0.059531 0.042853 0.490196 1.000000 1.000000 1.000000
v 0.013944 0.141587 0.047776 0.062745 1.000000 1.000000 1.000000
v 0.004917 0.018553 0.042850 1.000000 1.000000 1.000000 1.000000
v 0.051313 0.018553 0.042852 1.000000 1.000000 1.000000 1.000000
v 0.018861 0.146504 0.152223 0.000000 1.000000 1.000000 1.000000
v 0.023029 0.137862 0.157037 0.066667 1.000000 1.000000 1.000000
v 0.012666 0.111012 0.157143 0.066667 1.000000 1.000000 1.000000
v 0.009456 0.141628 0.151580 0.000000 1.000000 1.000000 1.000000
v 0.005281 0.136651 0.157121 0.282353 1.000000 1.000000 1.000000
v 0.010541 0.059531 0.157147 0.054902 1.000000 1.000000 1.000000
v 0.004917 0.141587 0.047775 0.062745 1.000000 1.000000 1.000000
v 0.051313 0.018553 0.157147 0.000000 1.000000 1.000000 1.000000
v 0.004917 0.018553 0.157150 0.188235 1.000000 1.000000 1.000000
v 0.000000 0.136670 0.152225 0.000000 1.000000 1.000000 1.000000
v 0.000000 0.018553 0.152234 0.266667 1.000000 1.000000 1.000000
v 0.004917 0.013636 0.152234 0.266667 1.000000 1.000000 1.000000
v 0.004917 0.013636 0.047766 1.000000 1.000000 1.000000 1.000000
v 0.000000 0.136670 0.047774 0.176471 1.000000 1.000000 1.000000
v 0.000000 0.018553 0.047766 0.631373 1.000000 1.000000 1.000000
v 4.685360 1.048424 0.157147 1.000000 1.000000 1.000000 1.000000
v 4.648687 1.085283 0.157147 1.000000 1.000000 1.000000 1.000000
v 4.693826 1.085283 0.157150 1.000000 1.000000 1.000000 1.000000
v 4.694945 0.967284 0.157134 0.835294 1.000000 1.000000 1.000000
v 4.685143 0.985268 0.157142 0.905882 1.000000 1.000000 1.000000
v 4.700000 1.085283 0.152234 1.000000 1.000000 1.000000 1.000000
v 4.695083 1.090199 0.152234 0.925490 1.000000 1.000000 1.000000
v 4.695083 1.090199 0.047766 0.572549 1.000000 1.000000 1.000000
v 4.676976 0.965960 0.157027 0.835294 1.000000 1.000000 1.000000
v 4.661011 0.970460 0.157140 0.858824 1.000000 1.000000 1.000000
v 4.700000 1.085283 0.047766 0.690196 1.000000 1.000000 1.000000
v 4.693826 1.085283 0.042850 0.572549 1.000000 1.000000 1.000000
v 4.648687 1.085283 0.042852 0.254902 1.000000 1.000000 1.000000
v 4.687427 1.035454 0.042854 0.541176 1.000000 1.000000 1.000000
v 4.694954 0.967276 0.042870 0.776471 1.000000 1.000000 1.000000
v 4.687335 0.992824 0.042857 0.572549 1.000000 1.000000 1.000000
v 4.700000 0.967165 0.047774 0.827451 1.000000 1.000000 1.000000
v 4.700000 0.967165 0.152225 0.850980 1.000000 1.000000 1.000000
v 4.695083 0.962248 0.152224 0.835294 1.000000 1.000000 1.000000
v 4.695083 0.962248 0.047775 0.705882 1.000000 1.000000 1.000000
v 4.686056 0.962248 0.152224 0.835294 1.000000 1.000000 1.000000
v 4.686056 0.962248 0.047775 0.674510 1.000000 1.000000 1.000000
v 4.681139 0.957332 0.152223 0.811765 1.000000 1.000000 1.000000
v 4.676971 0.965966 0.042964 0.745098 1.000000 1.000000 1.000000
v 4.661011 0.970460 0.042860 0.505882 1.000000 1.000000 1.000000
v 4.681139 0.957332 0.047776 0.745098 1.000000 1.000000 1.000000
v 4.681139 0.849209 0.152216 0.364706 1.000000 1.000000 1.000000
v 4.681139 0.849209 0.047783 1.000000 1.000000 1.000000 1.000000
v 4.676251 0.843723 0.042870 1.000000 1.000000 1.000000 1.000000
v 4.659678 0.824953 0.042873 1.000000 1.000000 1.000000 1.000000
v 4.684133 0.840393 0.047784 1.000000 1.000000 1.000000 1.000000
v 4.676251 0.843723 0.157129 0.250980 1.000000 1.000000 1.000000
v 4.659678 0.824953 0.157126 0.058824 1.000000 1.000000 1.000000
v 4.684133 0.840393 0.152215 0.266667 1.000000 1.000000 1.000000
v 4.697006 0.823619 0.152214 0.258824 1.000000 1.000000 1.000000
v 4.695051 0.818082 0.157128 0.250980 1.000000 1.000000 1.000000
v 4.685253 0.789620 0.157126 0.000000 1.000000 1.000000 1.000000
v 4.685253 0.314215 0.157126 0.843137 1.000000 1.000000 1.000000
v 4.697006 0.823619 0.047785 1.000000 1.000000 1.000000 1.000000
v 4.700000 0.814802 0.152214 0.282353 1.000000 1.000000 1.000000
v 4.695016 0.285705 0.157128 0.894118 1.000000 1.000000 1.000000
v 4.659678 0.278883 0.157126 0.725490 1.000000 1.000000 1.000000
v 4.700000 0.289034 0.152214 0.921569 1.000000 1.000000 1.000000
v 4.700000 0.814802 0.047786 1.000000 1.000000 1.000000 1.000000
v 4.695051 0.818082 0.042871 1.000000 1.000000 1.000000 1.000000
v 4.685253 0.789620 0.042874 1.000000 1.000000 1.000000 1.000000
v 4.685253 0.314215 0.042874 0.301961 1.000000 1.000000 1.000000
v 4.700000 0.289033 0.047786 0.321569 1.000000 1.000000 1.000000
v 4.695016 0.285705 0.042871 0.321569 1.000000 1.000000 1.000000
v 4.659678 0.278883 0.042873 0.282353 1.000000 1.000000 1.000000
v 4.697006 0.280216 0.047785 0.321569 1.000000 1.000000 1.000000
v 4.676251 0.260111 0.042870 0.364706 1.000000 1.000000 1.000000
v 4.661011 0.131147 0.042860 0.533333 1.000000 1.000000 1.000000
v 4.697006 0.280217 0.152214 0.956863 1.000000 1.000000 1.000000
v 4.684133 0.263443 0.047784 0.356863 1.000000 1.000000 1.000000
v 4.676971 0.137862 0.042963 0.666667 1.000000 1.000000 1.000000
v 4.687335 0.111011 0.042857 0.709804 1.000000 1.000000 1.000000
v 4.681139 0.254626 0.047783 0.388235 1.000000 1.000000 1.000000
v 4.684133 0.263443 0.152215 0.878431 1.000000 1.000000 1.000000
v 4.676251 0.260111 0.157129 0.850980 1.000000 1.000000 1.000000
v 4.661011 0.131147 0.157140 0.145098 1.000000 1.000000 1.000000
v 4.681139 0.254626 0.152216 0.858824 1.000000 1.000000 1.000000
v 4.676971 0.137862 0.157037 0.239216 1.000000 1.000000 1.000000
v 4.687335 0.111012 0.157143 0.247059 1.000000 1.000000 1.000000
v 4.681139 0.146504 0.152223 0.286275 1.000000 1.000000 1.000000
v 4.681139 0.146504 0.047776 0.650980 1.000000 1.000000 1.000000
v 4.686056 0.141587 0.047776 0.584314 1.000000 1.000000 1.000000
v 4.690544 0.141628 0.151580 0.321569 1.000000 1.000000 1.000000
v 4.694719 0.136651 0.157120 0.435294 1.000000 1.000000 1.000000
v 4.689459 0.059531 0.157147 0.258824 1.000000 1.000000 1.000000
v 4.695083 0.018553 0.157150 0.478431 1.000000 1.000000 1.000000
v 4.648687 0.018553 0.157147 0.094118 1.000000 1.000000 1.000000
v 4.700000 0.018553 0.152234 1.000000 1.000000 1.000000 1.000000
v 4.695083 0.013636 0.152234 0.513726 1.000000 1.000000 1.000000
v 4.695083 0.013636 0.047766 1.000000 1.000000 1.000000 1.000000
v 4.700000 0.136670 0.152225 0.482353 1.000000 1.000000 1.000000
v 4.695083 0.141587 0.047775 0.647059 1.000000 1.000000 1.000000
v 4.700000 0.136670 0.047774 0.741176 1.000000 1.000000 1.000000
v 4.700000 0.018553 0.047766 0.780392 1.000000 1.000000 1.000000
v 4.695083 0.018553 0.042849 1.000000 1.000000 1.000000 1.000000
v 4.694719 0.136651 0.042879 0.713726 1.000000 1.000000 1.000000
v 4.689459 0.059531 0.042853 0.678431 1.000000 1.000000 1.000000
v 4.648687 0.018553 0.042852 1.000000 1.000000 1.000000 1.000000
v 0.046794 0.144246 0.016311 0.341176 1.000000 1.000000 1.000000
v 0.042062 0.145603 0.023222 1.000000 1.000000 1.000000 1.000000
v 0.070821 0.143369 0.020095 0.431373 1.000000 1.000000 1.000000
v 0.068774 0.275932 0.017675 0.631373 1.000000 1.000000 1.000000
v 0.041852 0.266100 0.020784 0.572549 1.000000 1.000000 1.000000
v 0.068774 0.275932 0.182324 0.921569 1.000000 1.000000 1.000000
v 0.046794 0.144246 0.183689 0.000000 1.000000 1.000000 1.000000
v 0.041852 0.266101 0.179216 1.000000 1.000000 1.000000 1.000000
v 0.070821 0.143369 0.179905 0.000000 1.000000 1.000000 1.000000
v 0.042062 0.145604 0.176778 0.000000 1.000000 1.000000 1.000000
v 0.068351 0.836547 0.176780 1.000000 1.000000 1.000000 1.000000
v 0.040556 0.832796 0.179233 1.000000 1.000000 1.000000 1.000000
v 0.064889 0.826971 0.183743 1.000000 1.000000 1.000000 1.000000
v 0.068349 0.958232 0.176778 0.870588 1.000000 1.000000 1.000000
v 0.040881 0.957437 0.181692 0.964706 1.000000 1.000000 1.000000
v 0.063870 0.959168 0.182795 0.929412 1.000000 1.000000 1.000000
v 0.068351 0.958235 0.023220 0.188235 1.000000 1.000000 1.000000
v 0.040556 0.961987 0.020767 0.313726 1.000000 1.000000 1.000000
v 0.064889 0.967812 0.016256 0.254902 1.000000 1.000000 1.000000
v 0.068349 0.836551 0.023222 0.105882 1.000000 1.000000 1.000000
v 0.040881 0.837346 0.018308 0.156863 1.000000 1.000000 1.000000
v 0.063870 0.835615 0.017205 0.105882 1.000000 1.000000 1.000000
v 4.659432 0.271039 0.179233 0.725490 1.000000 1.000000 1.000000
v 4.635118 0.276931 0.183760 0.545098 1.000000 1.000000 1.000000
v 4.631649 0.267288 0.176780 0.505882 1.000000 1.000000 1.000000
v 4.631651 0.145604 0.176778 0.000000 1.000000 1.000000 1.000000
v 4.651554 0.144475 0.183600 0.039216 1.000000 1.000000 1.000000
v 4.657900 0.138507 0.177744 1.000000 1.000000 1.000000 1.000000
v 4.636138 0.145114 0.182808 0.000000 1.000000 1.000000 1.000000
v 4.659432 0.832797 0.020767 1.000000 1.000000 1.000000 1.000000
v 4.635118 0.826903 0.016239 1.000000 1.000000 1.000000 1.000000
v 4.631649 0.836547 0.023220 0.858824 1.000000 1.000000 1.000000
v 4.631651 0.958232 0.023222 0.474510 1.000000 1.000000 1.000000
v 4.651554 0.959360 0.016399 0.572549 1.000000 1.000000 1.000000
v 4.657900 0.965328 0.022255 0.572549 1.000000 1.000000 1.000000
v 4.636138 0.958722 0.017192 0.505882 1.000000 1.000000 1.000000
v 4.631649 0.267288 0.023220 0.317647 1.000000 1.000000 1.000000
v 4.635118 0.276931 0.016239 0.266667 1.000000 1.000000 1.000000
v 4.659432 0.271039 0.020767 0.290196 1.000000 1.000000 1.000000
v 4.631651 0.145604 0.023222 0.274510 1.000000 1.000000 1.000000
v 4.651554 0.144475 0.016400 0.537255 1.000000 1.000000 1.000000
v 4.657900 0.138507 0.022255 1.000000 1.000000 1.000000 1.000000
v 4.636138 0.145114 0.017192 0.454902 1.000000 1.000000 1.000000
vt 1.669922 -0.080078
vt 1.670898 -0.007812
vt 1.022461 -0.080078
vt 0.478027 -0.007812
vt 0.478027 -0.080078
vt -0.614746 -0.007812
vt -0.614258 -0.081055
vt 1.670898 0.631836
vt 1.022461 0.559082
vt 1.670898 0.558594
vt 0.478271 0.559082
vt 0.478271 0.631592
vt -0.614746 0.558594
vt -0.614258 0.631836
vt -0.629883 1.193604
vt -0.661621 1.251221
vt -0.665039 1.236450
vt -0.613770 1.196289
vt -0.641602 1.169556
vt -0.648926 1.172974
vt -0.644043 1.140259
vt -0.647461 1.128296
vt -0.639160 1.168213
vt -0.632324 1.130615
vt -0.641113 1.123779
vt -0.640625 1.142090
vt -0.611816 1.192871
vt 0.478027 1.196899
vt 1.022461 1.197021
vt -0.628418 1.163330
vt 1.667969 1.193481
vt 1.669922 1.196533
vt -0.608887 1.182251
vt 1.665039 1.181396
vt -0.627441 1.142578
vt -0.625000 1.162476
vt -0.607422 1.179565
vt -0.624023 1.142090
vt 0.440918 1.175293
vt -0.613281 1.126099
vt -0.593262 1.135742
vt -0.628418 1.125244
vt -0.632324 1.125244
vt -0.640625 1.055542
vt -0.615723 1.123840
vt -0.631836 1.054993
vt -0.628418 1.055237
vt -0.633301 1.050507
vt -0.649902 1.037506
vt -0.610840 1.123230
vt -0.615723 1.056244
vt -0.598145 1.129517
vt -0.610840 1.056427
vt -0.593262 1.053101
vt -0.597656 1.056519
vt -0.609863 1.052368
vt -0.628906 1.049957
vt -0.623047 1.034851
vt -0.638184 1.035309
vt -0.643066 1.031677
vt -0.651367 1.032135
vt -0.651367 0.795410
vt -0.643066 0.796265
vt -0.649902 0.790039
vt -0.639160 1.031158
vt -0.625977 1.031097
vt -0.622559 1.031647
vt -0.639160 0.796387
vt -0.593262 0.776123
vt -0.625977 0.796387
vt -0.639648 0.792603
vt -0.622559 0.795898
vt -0.623047 0.792603
vt -0.633301 0.776978
vt -0.640625 0.771973
vt -0.628906 0.777588
vt -0.609863 0.774902
vt -0.628418 0.772339
vt -0.631836 0.772583
vt -0.632324 0.702393
vt -0.641113 0.703857
vt -0.628418 0.702393
vt -0.632324 0.697021
vt -0.647461 0.699219
vt -0.615723 0.703613
vt -0.644043 0.687256
vt -0.648926 0.654541
vt -0.615723 0.771240
vt -0.641602 0.658203
vt -0.627441 0.631348
vt -0.610840 0.771118
vt -0.614258 0.631836
vt -0.657227 0.584229
vt -0.654785 0.572021
vt -0.597656 0.770996
vt -0.610840 0.704346
vt -0.598145 0.697998
vt -0.593262 0.691650
vt -0.613281 0.701416
vt -0.624023 0.685547
vt -0.627441 0.685059
vt -0.640625 0.685547
vt -0.625000 0.665283
vt -0.639160 0.659424
vt -0.628418 0.664307
vt -0.611816 0.635254
vt 0.478271 0.631592
vt -0.608887 0.645996
vt 1.667969 0.635010
vt 1.670898 0.631836
vt 1.710938 0.572266
vt 1.713867 0.584473
vt 1.683594 0.631348
vt 1.665039 0.646484
vt 1.695312 0.659668
vt 1.698242 0.658203
vt 1.705078 0.654785
vt 1.700195 0.687500
vt 1.704102 0.699463
vt 1.696289 0.685791
vt 1.688477 0.697266
vt 1.697266 0.704102
vt 1.684570 0.664551
vt 1.683594 0.685303
vt 1.681641 0.665283
vt 1.663086 0.648438
vt 1.679688 0.685791
vt 0.442139 0.653076
vt 1.668945 0.701660
vt -0.607422 0.648438
vt 1.649414 0.691895
vt 1.649414 0.776367
vt 1.666992 0.704590
vt 1.654297 0.698242
vt 1.654297 0.771118
vt 1.671875 0.703857
vt 1.666992 0.771240
vt 1.684570 0.702637
vt 1.671875 0.771484
vt 1.666016 0.775024
vt 1.684570 0.772461
vt 1.688477 0.702393
vt 1.697266 0.772217
vt 1.688477 0.772705
vt 1.689453 0.777222
vt 1.706055 0.790283
vt 1.684570 0.777832
vt 1.695312 0.792847
vt 1.679688 0.792847
vt 1.699219 0.796509
vt 1.707031 0.795654
vt 1.681641 0.796753
vt 1.695312 0.796631
vt 1.699219 1.031982
vt 1.707031 1.032440
vt 1.706055 1.037781
vt 1.695312 1.031433
vt 1.689453 1.050812
vt 1.697266 1.055847
vt 1.694336 1.035614
vt 1.681641 1.031372
vt 1.678711 0.796143
vt 1.678711 1.031952
vt 1.649414 1.053467
vt 1.679688 1.035156
vt 1.684570 1.050262
vt 1.666016 1.052704
vt 1.684570 1.055542
vt 1.688477 1.055298
vt 1.688477 1.125610
vt 1.697266 1.124084
vt 1.688477 1.130859
vt 1.704102 1.128662
vt 1.684570 1.125488
vt 1.671875 1.124207
vt 1.700195 1.140503
vt 1.705078 1.173218
vt 1.671875 1.056580
vt 1.668945 1.126465
vt 1.666992 1.123535
vt 1.666992 1.056732
vt 1.654297 1.056854
vt 1.654297 1.129883
vt 1.649414 1.136108
vt 1.679688 1.142334
vt 1.683594 1.142822
vt 1.680664 1.162720
vt 1.663086 1.179688
vt 1.696289 1.142334
vt 1.684570 1.163574
vt 1.695312 1.168457
vt 1.697266 1.169800
vt 1.686523 1.193604
vt 1.717773 1.251221
vt 1.721680 1.236328
vt -0.653809 0.502930
vt -0.642578 0.531738
vt -0.632324 0.558350
vt -0.614746 0.558594
vt -0.644043 0.502686
vt -0.645508 0.491699
vt -0.640137 0.530518
vt -0.632812 0.493164
vt -0.641113 0.486328
vt -0.641113 0.504395
vt -0.612793 0.554932
vt 0.478271 0.559082
vt 1.022461 0.559082
vt -0.629395 0.525879
vt 1.668945 0.555664
vt 1.670898 0.558594
vt -0.609863 0.544434
vt 1.666016 0.543213
vt 1.696289 0.530273
vt 1.698242 0.531494
vt 1.688477 0.558105
vt 1.709961 0.502686
vt 1.700195 0.502441
vt 1.706055 0.496582
vt 1.697266 0.504150
vt 1.688477 0.493164
vt 1.697266 0.486328
vt 1.685547 0.525635
vt 1.684570 0.504883
vt 1.681641 0.524658
vt 1.664062 0.541748
vt 1.680664 0.504395
vt 0.441895 0.536621
vt 1.669922 0.488770
vt 1.650391 0.498047
vt 1.688477 0.487793
vt 1.697266 0.417480
vt 1.684570 0.487793
vt 1.688477 0.416992
vt 1.689453 0.412598
vt 1.706055 0.399414
vt 1.684570 0.417480
vt 1.671875 0.486328
vt 1.666992 0.485840
vt 1.671875 0.418457
vt 1.654297 0.492188
vt 1.667969 0.418945
vt 1.650391 0.415527
vt 1.654297 0.418945
vt 1.666016 0.414551
vt 1.685547 0.412109
vt 1.679688 0.396973
vt 1.694336 0.397461
vt 1.699219 0.393555
vt 1.708008 0.394043
vt 1.708008 0.156738
vt 1.695312 0.393066
vt 1.699219 0.157227
vt 1.706055 0.151367
vt 1.682617 0.393066
vt 1.695312 0.157715
vt 1.689453 0.138184
vt 1.697266 0.133301
vt 1.694336 0.153809
vt 1.682617 0.157715
vt 1.678711 0.393555
vt 1.679688 0.154297
vt 1.678711 0.157227
vt -0.623535 0.394043
vt 1.685547 0.138672
vt 1.649414 0.135742
vt 1.666016 0.136230
vt 1.684570 0.133301
vt 1.688477 0.133789
vt 1.688477 0.063477
vt 1.697266 0.064453
vt 1.684570 0.063477
vt 1.688477 0.058105
vt 1.706055 0.054199
vt 1.671875 0.064941
vt 1.700195 0.048340
vt 1.709961 0.047852
vt 1.671875 0.132324
vt 1.669922 0.062500
vt 1.666992 0.065430
vt 1.666992 0.132324
vt 1.654297 0.132324
vt 1.654297 0.059082
vt 1.650391 0.052734
vt 0.433838 0.014160
vt 1.680664 0.046387
vt 1.683594 0.045898
vt 1.697266 0.046875
vt 1.681641 0.025879
vt 1.685547 0.025391
vt 1.696289 0.020508
vt 1.698242 0.019531
vt 1.690430 -0.003906
vt 1.670898 -0.007812
vt 1.668945 -0.004883
vt 0.478027 -0.007812
vt 1.666016 0.006836
vt -0.612793 -0.003906
vt -0.614746 -0.007812
vt 1.664062 0.009277
vt -0.609863 0.007324
vt -0.639648 0.020508
vt -0.642578 0.019531
vt -0.634766 -0.003906
vt -0.653809 0.048340
vt -0.644043 0.048828
vt -0.650391 0.054688
vt -0.641113 0.046875
vt -0.632812 0.058105
vt -0.641113 0.064941
vt -0.629395 0.025391
vt -0.627930 0.046387
vt -0.625977 0.026367
vt -0.608398 0.009277
vt -0.624512 0.046875
vt -0.613770 0.062500
vt -0.594238 0.053223
vt -0.593750 0.135742
vt -0.611328 0.065918
vt -0.598633 0.059570
vt -0.598145 0.132324
vt -0.628906 0.063965
vt -0.611328 0.132812
vt -0.616211 0.064941
vt -0.616211 0.132812
vt -0.610352 0.136719
vt -0.628906 0.133789
vt -0.632812 0.063965
vt -0.641113 0.133789
vt -0.632324 0.134277
vt -0.633789 0.138672
vt -0.650391 0.151855
vt -0.629395 0.139160
vt -0.623535 0.154297
vt -0.638184 0.153809
vt -0.643066 0.157715
vt -0.651855 0.157227
vt -0.623047 0.157715
vt -0.626465 0.158203
vt -0.639648 0.158203
vt -0.626465 0.393555
vt -0.639648 0.393555
vt -0.643066 0.394043
vt -0.651855 0.394531
vt -0.650391 0.399902
vt -0.638184 0.397461
vt -0.633789 0.413086
vt -0.641113 0.417969
vt -0.623535 0.396973
vt -0.629395 0.412598
vt -0.632324 0.417480
vt -0.628906 0.417480
vt -0.632812 0.487793
vt -0.628906 0.487793
vt -0.610352 0.415039
vt -0.616211 0.486328
vt -0.593750 0.415527
vt -0.616211 0.418945
vt -0.611328 0.418945
vt -0.611328 0.485840
vt -0.598145 0.418945
vt -0.598633 0.492188
vt -0.594238 0.498535
vt -0.613770 0.488770
vt -0.624512 0.504639
vt -0.627930 0.505127
vt -0.625977 0.524902
vt -0.608398 0.541748
vt 1.080078 0.814087
vt 1.080078 0.754883
vt 1.097656 0.765259
vt 1.097656 0.812622
vt 1.098633 0.764771
vt 1.098633 0.813354
vt 1.111328 0.813599
vt 1.111328 0.764648
vt 1.112305 0.812622
vt 1.112305 0.765259
vt 1.129883 0.813965
vt 1.129883 0.754761
vt 0.987305 0.805298
vt 0.987305 0.746094
vt 1.003906 0.794922
vt 1.003906 0.747803
vt 1.005859 0.795410
vt 1.005859 0.746826
vt 1.017578 0.746582
vt 1.017578 0.795532
vt 1.019531 0.747803
vt 1.019531 0.794922
vt 1.037109 0.746338
vt 1.037109 0.805420
vt 0.860840 0.605225
vt 0.860840 0.582031
vt 0.864258 0.605225
vt 0.864258 0.579590
vt 0.916016 0.605225
vt 0.916016 0.579590
vt 0.919922 0.582031
vt 0.919922 0.605225
vt 0.817871 0.569336
vt 0.818848 0.549316
vt 0.819824 0.570557
vt 0.833496 0.549316
vt 0.832031 0.570557
vt 0.833984 0.569580
vt 0.831055 0.656982
vt 0.830078 0.674072
vt 0.829102 0.655273
vt 0.815918 0.674072
vt 0.816406 0.655273
vt 0.814941 0.656982
vt 0.728027 0.814087
vt 0.728027 0.754883
vt 0.745605 0.765259
vt 0.745605 0.812622
vt 0.747070 0.764771
vt 0.747070 0.813354
vt 0.759277 0.813599
vt 0.759277 0.764648
vt 0.760742 0.812622
vt 0.760742 0.765259
vt 0.778320 0.813965
vt 0.778320 0.754639
vt 0.635254 0.805298
vt 0.635254 0.746094
vt 0.652344 0.794922
vt 0.652344 0.747803
vt 0.653809 0.795410
vt 0.654297 0.746826
vt 0.666016 0.746582
vt 0.666016 0.795532
vt 0.667969 0.747803
vt 0.667969 0.794922
vt 0.685059 0.746338
vt 0.685059 0.805542
vt 0.508789 0.605225
vt 0.508789 0.582031
vt 0.512207 0.605225
vt 0.512207 0.579590
vt 0.563965 0.605225
vt 0.563965 0.579590
vt 0.567871 0.582031
vt 0.567871 0.605225
vt 0.466064 0.569336
vt 0.467041 0.549316
vt 0.467773 0.570557
vt 0.481445 0.549316
vt 0.480225 0.570557
vt 0.482178 0.569580
vt 0.479004 0.656982
vt 0.478027 0.674072
vt 0.477051 0.655273
vt 0.463867 0.674072
vt 0.464600 0.655273
vt 0.462891 0.656982
vt 0.533203 0.614746
vt 0.533691 0.631836
vt 0.532227 0.633545
vt 0.518555 0.614502
vt 0.519531 0.633545
vt 0.518066 0.631836
vt 0.853027 0.700928
vt 0.849609 0.723877
vt 0.849609 0.701416
vt 0.853027 0.726318
vt 0.905273 0.700928
vt 0.905273 0.726562
vt 0.908691 0.724121
vt 0.908691 0.701660
vt 0.834473 0.694092
vt 0.833496 0.715332
vt 0.833008 0.695068
vt 0.848145 0.715332
vt 0.847168 0.694092
vt 0.848633 0.695068
vt 0.870117 0.631836
vt 0.870605 0.614502
vt 0.871582 0.633545
vt 0.884277 0.633545
vt 0.885254 0.614746
vt 0.885742 0.631836
vt 0.500977 0.700928
vt 0.497559 0.723877
vt 0.497559 0.701416
vt 0.500977 0.726318
vt 0.553223 0.700928
vt 0.553223 0.726562
vt 0.556641 0.724121
vt 0.556641 0.701660
vt 0.482666 0.694092
vt 0.481689 0.715332
vt 0.480957 0.695068
vt 0.496094 0.715332
vt 0.495117 0.694092
vt 0.496826 0.695068
vt 0.762695 0.657227
vt 0.770996 0.652588
vt 0.776855 0.653320
vt 0.763184 0.588379
vt 0.776367 0.592529
vt 0.776855 0.653076
vt 0.080872 0.965759
vt 0.103088 0.988075
vt 0.075745 0.988251
vt 0.074219 0.916992
vt 0.080383 0.926392
vt 0.071350 0.988449
vt 0.072510 0.991928
vt 0.007797 0.991920
vt 0.008911 0.988441
vt 0.004547 0.988258
vt -0.022781 0.988297
vt 0.000465 0.957977
vt 0.070923 0.917603
vt 0.005882 0.916992
vt 0.000010 0.930969
vt 0.009323 0.917664
vt 0.071106 0.914673
vt 0.009354 0.914673
vt 0.001769 0.911133
vt -0.009438 0.912598
vt 0.008156 0.910461
vt 0.072388 0.910461
vt 0.078735 0.911194
vt 0.090027 0.912720
vt 0.072815 0.906067
vt 0.007725 0.906006
vt 0.072449 0.839966
vt 0.008080 0.839966
vt 0.077820 0.836792
vt 0.090088 0.826538
vt 0.072144 0.833862
vt 0.002760 0.836792
vt -0.009491 0.826538
vt 0.008423 0.833862
vt 0.071350 0.821045
vt 0.075500 0.818237
vt 0.082214 0.801880
vt 0.082214 0.512695
vt 0.009247 0.821045
vt 0.071411 0.816040
vt 0.075439 0.496582
vt 0.090088 0.488281
vt 0.005112 0.818237
vt -0.001613 0.801880
vt -0.001626 0.512695
vt 0.009140 0.816040
vt 0.005131 0.496582
vt -0.009514 0.488281
vt 0.009132 0.499023
vt 0.071411 0.499023
vt 0.071289 0.493652
vt 0.009239 0.493652
vt 0.002737 0.478027
vt -0.009712 0.400879
vt 0.072144 0.480957
vt 0.077820 0.478027
vt 0.090271 0.400879
vt 0.008415 0.480957
vt 0.072449 0.474609
vt 0.078796 0.403809
vt 0.080383 0.383789
vt 0.008072 0.474609
vt 0.072815 0.408691
vt 0.074768 0.397949
vt 0.078979 0.351562
vt 0.072388 0.404297
vt 0.075623 0.326172
vt 0.103699 0.326660
vt 0.007710 0.408691
vt 0.001749 0.403809
vt 0.000132 0.383789
vt 0.008980 0.402344
vt 0.005745 0.397949
vt 0.001581 0.351562
vt 0.071106 0.399902
vt -0.023178 0.326660
vt 0.004925 0.326172
vt 0.009453 0.396973
vt 0.008896 0.326172
vt 0.008224 0.322754
vt 0.072327 0.322754
vt 0.071106 0.396973
vt 0.071655 0.326172
vt 0.345215 0.910950
vt 0.367432 0.933289
vt 0.340088 0.933472
vt 0.338623 0.862183
vt 0.344727 0.871582
vt 0.335693 0.933655
vt 0.336914 0.937134
vt 0.271973 0.937134
vt 0.343018 0.856323
vt 0.354248 0.857910
vt 0.273193 0.933655
vt 0.268799 0.933472
vt 0.241455 0.933533
vt 0.264648 0.903137
vt 0.270020 0.862183
vt 0.264160 0.876160
vt 0.273682 0.862793
vt 0.335205 0.862793
vt 0.335449 0.859863
vt 0.273682 0.859863
vt 0.336670 0.855591
vt 0.272461 0.855591
vt 0.337158 0.851196
vt 0.266113 0.856323
vt 0.254883 0.857788
vt 0.271973 0.851196
vt 0.336670 0.785034
vt 0.272217 0.785034
vt 0.267090 0.781860
vt 0.254639 0.771606
vt 0.272705 0.778931
vt 0.342041 0.781860
vt 0.354492 0.771606
vt 0.336426 0.778931
vt 0.335693 0.766113
vt 0.339844 0.763306
vt 0.346436 0.747070
vt 0.346436 0.458008
vt 0.273438 0.766113
vt 0.335693 0.761108
vt 0.339600 0.441406
vt 0.354492 0.433105
vt 0.335693 0.443848
vt 0.273438 0.761108
vt 0.269287 0.763306
vt 0.262695 0.747070
vt 0.262695 0.458008
vt 0.273438 0.443848
vt 0.269531 0.441406
vt 0.254639 0.433105
vt 0.273438 0.438477
vt 0.267090 0.422852
vt 0.254639 0.345703
vt 0.335693 0.438477
vt 0.272705 0.425781
vt 0.265869 0.348633
vt 0.264404 0.328613
vt 0.272217 0.419922
vt 0.336426 0.425781
vt 0.342041 0.422852
vt 0.354492 0.345703
vt 0.336914 0.419922
vt 0.343018 0.348633
vt 0.344727 0.328613
vt 0.337158 0.353516
vt 0.271973 0.353516
vt 0.272461 0.349121
vt 0.335449 0.347168
vt 0.339111 0.342773
vt 0.343262 0.296387
vt 0.339844 0.270996
vt 0.368164 0.271484
vt 0.335938 0.270996
vt 0.336670 0.267090
vt 0.272461 0.267090
vt 0.335449 0.341797
vt 0.273682 0.344727
vt 0.273682 0.341797
vt 0.273193 0.270996
vt 0.269287 0.270996
vt 0.270020 0.342773
vt 0.265869 0.296387
vt 0.241089 0.271484
vt 1.029297 0.596924
vt 1.025391 0.597168
vt 1.040039 0.596191
vt 1.039062 0.662598
vt 1.026367 0.657959
vt 1.136719 0.658936
vt 1.147461 0.593262
vt 1.150391 0.654053
vt 1.135742 0.592529
vt 1.151367 0.593262
vt 1.068359 0.596191
vt 1.083984 0.594482
vt 1.072266 0.592041
vt 1.068359 0.657715
vt 1.083008 0.656982
vt 1.072266 0.657715
vt 1.128906 0.653564
vt 1.114258 0.655273
vt 1.125977 0.657715
vt 1.128906 0.592041
vt 1.114258 0.592773
vt 1.125977 0.591797
vt 0.673828 0.660400
vt 0.685547 0.662842
vt 0.688965 0.658691
vt 0.688965 0.597168
vt 0.677734 0.596924
vt 0.674316 0.593506
vt 0.685547 0.597168
vt 0.731934 0.594482
vt 0.720215 0.591797
vt 0.716797 0.596191
vt 0.716309 0.657715
vt 0.727539 0.657715
vt 0.731445 0.661377
vt 0.720215 0.657715
vt 0.783691 0.655029
vt 0.787109 0.659180
vt 0.798828 0.656738
vt 0.783691 0.593262
vt 0.794922 0.593262
vt 0.798340 0.589600
vt 0.787109 0.593506
vt1 0.035919 0.713867
vt1 0.035675 0.685059
vt1 0.293701 0.713867
vt1 0.510742 0.685059
vt1 0.510742 0.713867
vt1 0.945801 0.685059
vt1 0.945801 0.714111
vt1 0.035736 0.629150
vt1 0.293701 0.658203
vt1 0.035919 0.658203
vt1 0.510742 0.658203
vt1 0.510742 0.629395
vt1 0.945801 0.658447
vt1 0.945801 0.629150
vt1 0.959473 0.042969
vt1 0.972656 0.020508
vt1 0.974121 0.026367
vt1 0.953125 0.041504
vt1 0.963867 0.052734
vt1 0.966797 0.051270
vt1 0.965332 0.063965
vt1 0.966797 0.068848
vt1 0.962891 0.053223
vt1 0.960938 0.067871
vt1 0.964355 0.070801
vt1 0.963867 0.063477
vt1 0.952148 0.042969
vt1 0.516602 0.041504
vt1 0.299561 0.041016
vt1 0.958984 0.055176
vt1 0.041779 0.042969
vt1 0.040955 0.041504
vt1 0.951172 0.047363
vt1 0.042847 0.047363
vt1 0.958496 0.063477
vt1 0.957520 0.055664
vt1 0.950684 0.048828
vt1 0.957031 0.063965
vt1 0.531738 0.049316
vt1 0.953125 0.069824
vt1 0.945312 0.066406
vt1 0.959473 0.070312
vt1 0.960938 0.070312
vt1 0.963867 0.097656
vt1 0.954102 0.070801
vt1 0.960449 0.098145
vt1 0.959473 0.098145
vt1 0.961426 0.100098
vt1 0.967773 0.104980
vt1 0.952148 0.071289
vt1 0.954102 0.097656
vt1 0.946777 0.068848
vt1 0.952148 0.097656
vt1 0.944824 0.099121
vt1 0.946777 0.097656
vt1 0.951660 0.099121
vt1 0.959473 0.100098
vt1 0.957031 0.105957
vt1 0.963379 0.105957
vt1 0.965332 0.106934
vt1 0.968262 0.106934
vt1 0.968262 0.201660
vt1 0.965332 0.201172
vt1 0.967773 0.203613
vt1 0.963867 0.107422
vt1 0.958496 0.107422
vt1 0.957031 0.107422
vt1 0.963867 0.201172
vt1 0.944824 0.208984
vt1 0.958496 0.201172
vt1 0.963867 0.202637
vt1 0.957031 0.201172
vt1 0.957031 0.202148
vt1 0.960938 0.208496
vt1 0.963867 0.210449
vt1 0.959473 0.208496
vt1 0.951660 0.208984
vt1 0.958984 0.210449
vt1 0.960449 0.210449
vt1 0.960449 0.238281
vt1 0.964355 0.237793
vt1 0.958984 0.238281
vt1 0.960449 0.240234
vt1 0.966797 0.239746
vt1 0.954102 0.237305
vt1 0.965332 0.244141
vt1 0.966797 0.257324
vt1 0.954102 0.210449
vt1 0.963867 0.255859
vt1 0.958496 0.266602
vt1 0.952148 0.210449
vt1 0.953125 0.266602
vt1 0.970703 0.285156
vt1 0.969727 0.290039
vt1 0.946777 0.210449
vt1 0.952148 0.237305
vt1 0.946777 0.239746
vt1 0.944824 0.242188
vt1 0.953125 0.238281
vt1 0.957031 0.244141
vt1 0.958496 0.244629
vt1 0.963867 0.245117
vt1 0.957520 0.252441
vt1 0.962891 0.255371
vt1 0.958984 0.252930
vt1 0.952148 0.265625
vt1 0.516602 0.267090
vt1 0.951172 0.260742
vt1 0.041687 0.265137
vt1 0.040894 0.266602
vt1 0.024216 0.290039
vt1 0.023209 0.285156
vt1 0.035553 0.266602
vt1 0.042908 0.260742
vt1 0.031021 0.255371
vt1 0.029968 0.255859
vt1 0.027176 0.257324
vt1 0.028702 0.244141
vt1 0.027145 0.239258
vt1 0.030121 0.244629
vt1 0.033295 0.240234
vt1 0.029755 0.237793
vt1 0.035156 0.252930
vt1 0.035370 0.244629
vt1 0.036469 0.252441
vt1 0.043518 0.259277
vt1 0.036835 0.244141
vt1 0.531250 0.258789
vt1 0.040894 0.238281
vt1 0.950684 0.259277
vt1 0.048950 0.242188
vt1 0.048981 0.208984
vt1 0.041840 0.237305
vt1 0.047089 0.239746
vt1 0.047150 0.210449
vt1 0.039978 0.237305
vt1 0.041840 0.210449
vt1 0.034790 0.238281
vt1 0.040009 0.210449
vt1 0.042389 0.208984
vt1 0.034851 0.209961
vt1 0.033264 0.238281
vt1 0.029999 0.210449
vt1 0.033478 0.209961
vt1 0.032867 0.208496
vt1 0.026138 0.203613
vt1 0.034729 0.208008
vt1 0.030182 0.202148
vt1 0.036774 0.202148
vt1 0.028915 0.201172
vt1 0.025528 0.201172
vt1 0.035706 0.200684
vt1 0.030319 0.201172
vt1 0.028885 0.106934
vt1 0.025513 0.106934
vt1 0.026123 0.104980
vt1 0.030319 0.107422
vt1 0.032837 0.099609
vt1 0.029968 0.097656
vt1 0.030853 0.105469
vt1 0.035706 0.107422
vt1 0.037231 0.201172
vt1 0.037201 0.107422
vt1 0.048981 0.099121
vt1 0.036774 0.105957
vt1 0.034698 0.100098
vt1 0.042358 0.099121
vt1 0.034821 0.098145
vt1 0.033447 0.098145
vt1 0.033234 0.069824
vt1 0.029724 0.070801
vt1 0.033234 0.067871
vt1 0.027115 0.068848
vt1 0.034729 0.070312
vt1 0.039948 0.070801
vt1 0.028671 0.063965
vt1 0.027161 0.051270
vt1 0.039978 0.097656
vt1 0.040863 0.069824
vt1 0.041809 0.071289
vt1 0.041809 0.097656
vt1 0.047119 0.097656
vt1 0.047089 0.068848
vt1 0.048950 0.066406
vt1 0.036804 0.063965
vt1 0.035370 0.063477
vt1 0.036469 0.055664
vt1 0.043518 0.048828
vt1 0.030090 0.063477
vt1 0.035156 0.055176
vt1 0.031036 0.053223
vt1 0.029968 0.052246
vt1 0.034515 0.042969
vt1 0.021378 0.020508
vt1 0.020035 0.026367
vt1 0.979980 0.759399
vt1 0.975098 0.748047
vt1 0.970703 0.737549
vt1 0.963867 0.737305
vt1 0.976074 0.759521
vt1 0.977051 0.763916
vt1 0.973633 0.748779
vt1 0.971680 0.763550
vt1 0.975098 0.766113
vt1 0.974609 0.759033
vt1 0.962891 0.738525
vt1 0.527832 0.736816
vt1 0.310303 0.736816
vt1 0.969727 0.750732
vt1 0.052551 0.738525
vt1 0.051758 0.737305
vt1 0.961914 0.742920
vt1 0.053619 0.743164
vt1 0.041809 0.748779
vt1 0.040741 0.748291
vt1 0.044861 0.737549
vt1 0.035675 0.759399
vt1 0.039581 0.759644
vt1 0.037048 0.761841
vt1 0.040802 0.759033
vt1 0.043945 0.763550
vt1 0.040466 0.766113
vt1 0.045929 0.750854
vt1 0.046112 0.759155
vt1 0.047241 0.751465
vt1 0.054291 0.744629
vt1 0.047546 0.759521
vt1 0.541992 0.744873
vt1 0.051575 0.765625
vt1 0.059662 0.761841
vt1 0.043945 0.765747
vt1 0.040649 0.793457
vt1 0.045441 0.765747
vt1 0.044128 0.793701
vt1 0.043549 0.795410
vt1 0.036774 0.800293
vt1 0.045502 0.793701
vt1 0.050659 0.766479
vt1 0.052521 0.766724
vt1 0.050659 0.793335
vt1 0.057800 0.764282
vt1 0.052521 0.793335
vt1 0.059723 0.794800
vt1 0.057831 0.793335
vt1 0.053040 0.794800
vt1 0.045380 0.795654
vt1 0.047455 0.801636
vt1 0.041504 0.801270
vt1 0.039520 0.802612
vt1 0.036163 0.802490
vt1 0.036163 0.896912
vt1 0.040985 0.802856
vt1 0.039551 0.896729
vt1 0.036774 0.898987
vt1 0.046387 0.802979
vt1 0.040955 0.896484
vt1 0.043518 0.903931
vt1 0.040619 0.905945
vt1 0.041504 0.898071
vt1 0.046387 0.896423
vt1 0.047913 0.802734
vt1 0.047455 0.897766
vt1 0.047913 0.896545
vt1 0.967773 0.802368
vt1 0.045349 0.903687
vt1 0.059692 0.904602
vt1 0.053040 0.904541
vt1 0.045471 0.905701
vt1 0.044098 0.905640
vt1 0.043915 0.933655
vt1 0.040405 0.933289
vt1 0.045410 0.933594
vt1 0.043915 0.935791
vt1 0.037018 0.937500
vt1 0.050629 0.932922
vt1 0.039551 0.939667
vt1 0.035675 0.940002
vt1 0.050659 0.906006
vt1 0.051544 0.933716
vt1 0.052490 0.932617
vt1 0.052490 0.906067
vt1 0.057831 0.906006
vt1 0.057770 0.935120
vt1 0.059662 0.937531
vt1 0.545410 0.954529
vt1 0.047546 0.939758
vt1 0.046082 0.940155
vt1 0.040802 0.940277
vt1 0.047241 0.947906
vt1 0.045929 0.948486
vt1 0.041809 0.950623
vt1 0.040741 0.951172
vt1 0.043915 0.960724
vt1 0.051697 0.962097
vt1 0.052551 0.960846
vt1 0.527832 0.962433
vt1 0.053650 0.956299
vt1 0.962891 0.960785
vt1 0.963867 0.962067
vt1 0.054291 0.954773
vt1 0.961914 0.956238
vt1 0.973633 0.950592
vt1 0.975098 0.951111
vt1 0.971680 0.960724
vt1 0.979980 0.939941
vt1 0.976074 0.939606
vt1 0.978516 0.937439
vt1 0.975098 0.940216
vt1 0.971680 0.935730
vt1 0.975098 0.933228
vt1 0.969727 0.948456
vt1 0.969727 0.940094
vt1 0.968262 0.947876
vt1 0.961426 0.954742
vt1 0.968262 0.939728
vt1 0.964355 0.933655
vt1 0.956055 0.937500
vt1 0.956055 0.904602
vt1 0.963379 0.932556
vt1 0.958008 0.935059
vt1 0.958008 0.906006
vt1 0.970215 0.933533
vt1 0.963379 0.906006
vt1 0.964844 0.932861
vt1 0.964844 0.906006
vt1 0.962402 0.904480
vt1 0.970215 0.905640
vt1 0.971680 0.933594
vt1 0.975098 0.905884
vt1 0.971680 0.905579
vt1 0.972168 0.903870
vt1 0.979004 0.898926
vt1 0.970215 0.903625
vt1 0.968262 0.897705
vt1 0.974121 0.897949
vt1 0.976074 0.896667
vt1 0.979492 0.896851
vt1 0.967773 0.896484
vt1 0.969238 0.896362
vt1 0.974609 0.896423
vt1 0.969238 0.802856
vt1 0.974609 0.802734
vt1 0.976074 0.802612
vt1 0.979492 0.802368
vt1 0.979004 0.800293
vt1 0.974121 0.801270
vt1 0.972168 0.795288
vt1 0.975098 0.793335
vt1 0.968262 0.801514
vt1 0.970215 0.795532
vt1 0.971680 0.793579
vt1 0.970215 0.793579
vt1 0.971680 0.765625
vt1 0.970215 0.765625
vt1 0.962402 0.794800
vt1 0.964844 0.766357
vt1 0.956055 0.794678
vt1 0.964844 0.793213
vt1 0.962891 0.793213
vt1 0.963379 0.766724
vt1 0.958008 0.793213
vt1 0.958008 0.764160
vt1 0.956055 0.761719
vt1 0.963867 0.765625
vt1 0.968262 0.759521
vt1 0.969727 0.759155
vt1 0.968262 0.751343
vt1 0.961426 0.744629
vt1 0.095642 0.544922
vt1 0.095642 0.521240
vt1 0.102539 0.525391
vt1 0.102539 0.544189
vt1 0.103149 0.525146
vt1 0.103210 0.544434
vt1 0.107971 0.544678
vt1 0.108032 0.525146
vt1 0.108704 0.544189
vt1 0.108704 0.525391
vt1 0.115540 0.544678
vt1 0.115601 0.521240
vt1 0.199097 0.545654
vt1 0.199097 0.521973
vt1 0.206055 0.541504
vt1 0.206055 0.522705
vt1 0.206665 0.541748
vt1 0.206665 0.522217
vt1 0.211426 0.522217
vt1 0.211548 0.541748
vt1 0.212158 0.522705
vt1 0.212158 0.541504
vt1 0.218994 0.521973
vt1 0.219116 0.545654
vt1 0.537598 0.599609
vt1 0.537598 0.590576
vt1 0.538574 0.599609
vt1 0.538574 0.589600
vt1 0.559570 0.599609
vt1 0.559570 0.589600
vt1 0.561035 0.590576
vt1 0.561035 0.599609
vt1 0.103760 0.416992
vt1 0.095703 0.416504
vt1 0.104187 0.416016
vt1 0.095703 0.410645
vt1 0.104187 0.411133
vt1 0.103760 0.410645
vt1 0.147339 0.490234
vt1 0.154175 0.490234
vt1 0.146606 0.490723
vt1 0.154175 0.496094
vt1 0.146606 0.495605
vt1 0.147339 0.496582
vt1 0.147339 0.544922
vt1 0.147339 0.521240
vt1 0.154297 0.525391
vt1 0.154297 0.544189
vt1 0.154907 0.525146
vt1 0.154907 0.544434
vt1 0.159790 0.544678
vt1 0.159790 0.525146
vt1 0.160400 0.544189
vt1 0.160400 0.525391
vt1 0.167236 0.544678
vt1 0.167358 0.521240
vt1 0.115601 0.473633
vt1 0.115540 0.497070
vt1 0.108704 0.477539
vt1 0.108704 0.496582
vt1 0.108032 0.477539
vt1 0.108032 0.497070
vt1 0.103210 0.497070
vt1 0.103210 0.477539
vt1 0.102539 0.496582
vt1 0.102539 0.477539
vt1 0.095642 0.497070
vt1 0.095642 0.473633
vt1 0.593262 0.599609
vt1 0.593262 0.590576
vt1 0.594727 0.599609
vt1 0.594727 0.589600
vt1 0.615234 0.599609
vt1 0.615234 0.589600
vt1 0.616699 0.590576
vt1 0.616699 0.599609
vt1 0.103760 0.448730
vt1 0.095703 0.448242
vt1 0.104187 0.448242
vt1 0.095703 0.442383
vt1 0.104187 0.442871
vt1 0.103760 0.442383
vt1 0.095642 0.314941
vt1 0.102478 0.315430
vt1 0.094910 0.315430
vt1 0.102478 0.320801
vt1 0.094910 0.320801
vt1 0.095642 0.321289
vt1 0.256836 0.537842
vt1 0.257080 0.544678
vt1 0.256348 0.545410
vt1 0.251221 0.537842
vt1 0.251465 0.545410
vt1 0.250732 0.544678
vt1 0.726562 0.599854
vt1 0.728027 0.590576
vt1 0.728027 0.599609
vt1 0.726562 0.589600
vt1 0.706055 0.599609
vt1 0.706055 0.589600
vt1 0.704590 0.590576
vt1 0.704590 0.599365
vt1 0.104187 0.347656
vt1 0.095703 0.347168
vt1 0.103760 0.346680
vt1 0.095703 0.353027
vt1 0.104126 0.352539
vt1 0.103760 0.353027
vt1 0.760254 0.593506
vt1 0.767090 0.593750
vt1 0.759766 0.594238
vt1 0.759766 0.599121
vt1 0.767090 0.599609
vt1 0.760254 0.599854
vt1 0.670898 0.599854
vt1 0.672363 0.590576
vt1 0.672363 0.599609
vt1 0.670898 0.589600
vt1 0.650391 0.599609
vt1 0.650391 0.589600
vt1 0.648926 0.590576
vt1 0.648926 0.599365
vt1 0.104187 0.379395
vt1 0.095703 0.378906
vt1 0.103760 0.378418
vt1 0.095703 0.384766
vt1 0.104126 0.384277
vt1 0.103760 0.384766
vt1 0.064148 0.479980
vt1 0.062347 0.476562
vt1 0.062622 0.474609
vt1 0.036774 0.479980
vt1 0.038452 0.474609
vt1 0.062500 0.474609
vt1 0.498291 0.572998
vt1 0.505371 0.565918
vt1 0.505371 0.574707
vt1 0.482178 0.575195
vt1 0.485352 0.573242
vt1 0.505859 0.576172
vt1 0.506836 0.575928
vt1 0.506836 0.597168
vt1 0.505859 0.596680
vt1 0.505371 0.598145
vt1 0.505371 0.607178
vt1 0.495605 0.599609
vt1 0.482422 0.576416
vt1 0.482178 0.597900
vt1 0.486816 0.599609
vt1 0.482422 0.596680
vt1 0.481445 0.576416
vt1 0.481445 0.596680
vt1 0.480225 0.599121
vt1 0.480713 0.602783
vt1 0.479980 0.597168
vt1 0.479980 0.575928
vt1 0.480225 0.573730
vt1 0.480713 0.570068
vt1 0.478760 0.575684
vt1 0.478760 0.597168
vt1 0.456787 0.575928
vt1 0.456787 0.597168
vt1 0.455811 0.574219
vt1 0.452393 0.570068
vt1 0.454834 0.575928
vt1 0.455811 0.598877
vt1 0.452393 0.602783
vt1 0.454834 0.596924
vt1 0.450684 0.576172
vt1 0.449707 0.574951
vt1 0.444336 0.572754
vt1 0.349365 0.572754
vt1 0.450684 0.596680
vt1 0.448975 0.576172
vt1 0.343994 0.574951
vt1 0.341064 0.570068
vt1 0.449707 0.598145
vt1 0.444336 0.600342
vt1 0.349365 0.600342
vt1 0.448975 0.596680
vt1 0.343994 0.598145
vt1 0.341064 0.602783
vt1 0.344727 0.596680
vt1 0.344727 0.576172
vt1 0.343018 0.576172
vt1 0.343018 0.596680
vt1 0.337891 0.598877
vt1 0.312500 0.603027
vt1 0.338867 0.575928
vt1 0.337891 0.574219
vt1 0.312500 0.570068
vt1 0.338867 0.596924
vt1 0.336670 0.575928
vt1 0.313232 0.573730
vt1 0.306885 0.573242
vt1 0.336670 0.597168
vt1 0.314941 0.575684
vt1 0.311523 0.575195
vt1 0.296143 0.573730
vt1 0.313477 0.575928
vt1 0.287842 0.574951
vt1 0.288086 0.565674
vt1 0.314941 0.597168
vt1 0.313232 0.599121
vt1 0.306885 0.599609
vt1 0.312744 0.596680
vt1 0.311523 0.597900
vt1 0.296143 0.599121
vt1 0.312256 0.576416
vt1 0.288086 0.607422
vt1 0.287842 0.598145
vt1 0.311279 0.596680
vt1 0.287842 0.596924
vt1 0.286621 0.596924
vt1 0.286621 0.575928
vt1 0.311279 0.576416
vt1 0.287842 0.576172
vt1 0.247559 0.573242
vt1 0.254883 0.565918
vt1 0.254883 0.574707
vt1 0.231445 0.575195
vt1 0.234619 0.573242
vt1 0.254883 0.576172
vt1 0.256104 0.575928
vt1 0.256104 0.597168
vt1 0.229492 0.573730
vt1 0.230103 0.570068
vt1 0.254883 0.596680
vt1 0.254883 0.598145
vt1 0.254883 0.607178
vt1 0.244995 0.599609
vt1 0.231445 0.597900
vt1 0.236084 0.599854
vt1 0.231689 0.596680
vt1 0.231689 0.576416
vt1 0.230713 0.576416
vt1 0.230713 0.596680
vt1 0.229370 0.575928
vt1 0.229370 0.597168
vt1 0.227905 0.575684
vt1 0.229492 0.599121
vt1 0.229980 0.602783
vt1 0.227905 0.597168
vt1 0.206177 0.575928
vt1 0.206177 0.597168
vt1 0.205078 0.598877
vt1 0.201660 0.602783
vt1 0.204102 0.596924
vt1 0.205078 0.574219
vt1 0.201782 0.570068
vt1 0.204102 0.575928
vt1 0.199951 0.576172
vt1 0.198975 0.574951
vt1 0.193604 0.572754
vt1 0.098511 0.572754
vt1 0.199951 0.596680
vt1 0.198242 0.576172
vt1 0.093140 0.574951
vt1 0.090393 0.570068
vt1 0.093872 0.576172
vt1 0.198242 0.596680
vt1 0.198975 0.598145
vt1 0.193604 0.600342
vt1 0.098511 0.600342
vt1 0.093872 0.596680
vt1 0.093140 0.597900
vt1 0.090393 0.602783
vt1 0.092224 0.596680
vt1 0.087036 0.598877
vt1 0.061676 0.603027
vt1 0.092224 0.576172
vt1 0.088013 0.596924
vt1 0.062561 0.599121
vt1 0.056061 0.599609
vt1 0.085999 0.597168
vt1 0.088013 0.575928
vt1 0.087036 0.574219
vt1 0.061676 0.570068
vt1 0.085999 0.575928
vt1 0.062561 0.573730
vt1 0.056061 0.573242
vt1 0.064270 0.575684
vt1 0.064270 0.597168
vt1 0.062805 0.597168
vt1 0.062103 0.576416
vt1 0.060699 0.575195
vt1 0.045441 0.573730
vt1 0.037201 0.574951
vt1 0.037292 0.565674
vt1 0.037170 0.576172
vt1 0.035919 0.575928
vt1 0.035919 0.596924
vt1 0.060455 0.576416
vt1 0.061432 0.596680
vt1 0.060455 0.596680
vt1 0.037170 0.596924
vt1 0.037201 0.598145
vt1 0.060699 0.597900
vt1 0.045441 0.599121
vt1 0.037292 0.607422
vt1 0.038116 0.351562
vt1 0.038208 0.353027
vt1 0.037842 0.346680
vt1 0.064270 0.347168
vt1 0.062408 0.352539
vt1 0.064270 0.511475
vt1 0.038116 0.507568
vt1 0.062408 0.506348
vt1 0.037842 0.511963
vt1 0.038208 0.505859
vt1 0.062744 0.314941
vt1 0.063416 0.320801
vt1 0.064392 0.316406
vt1 0.038208 0.314941
vt1 0.038483 0.320801
vt1 0.038177 0.316406
vt1 0.062744 0.537842
vt1 0.063416 0.543701
vt1 0.064392 0.539062
vt1 0.038208 0.537842
vt1 0.038483 0.543701
vt1 0.038177 0.539307
vt1 0.063416 0.384766
vt1 0.064392 0.379883
vt1 0.062744 0.378418
vt1 0.038208 0.378418
vt1 0.038177 0.382812
vt1 0.036743 0.384766
vt1 0.038269 0.379883
vt1 0.037506 0.410645
vt1 0.036499 0.415527
vt1 0.038177 0.416992
vt1 0.062744 0.416992
vt1 0.062744 0.412109
vt1 0.064148 0.410645
vt1 0.062683 0.415527
vt1 0.038177 0.442383
vt1 0.036499 0.443848
vt1 0.037506 0.448242
vt1 0.062744 0.442383
vt1 0.062744 0.446777
vt1 0.064148 0.448242
vt1 0.062683 0.443848
vn 0.000000 -1.000000 0.000000
vn 0.000000 -1.000000 0.000000
vn 0.000000 -1.000000 0.000000
vn 0.000000 -1.000000 0.000000
vn 0.000000 -1.000000 0.000000
vn 0.000000 -1.000000 0.000000
vn 0.000000 -1.000000 0.000000
vn 0.000000 1.000000 -0.000000
vn 0.000000 1.000000 -0.000000
vn 0.000000 1.000000 -0.000000
vn 0.000000 1.000000 -0.000000
vn 0.000000 1.000000 -0.000000
vn 0.000000 1.000000 -0.000000
vn 0.000000 1.000000 -0.000000
vn -0.700787 -0.708661 0.000000
vn -0.023622 -1.000000 0.000000
vn -0.692913 -0.716535 0.000000
vn 0.000000 -1.000000 0.039370
vn -0.700787 -0.708661 0.000000
vn -0.700787 -0.708661 0.000000
vn -0.952756 0.299213 0.039370
vn -0.535433 0.842520 0.023622
vn -0.519685 -0.503937 0.685039
vn -0.259843 0.913386 0.322834
vn -1.000000 0.000000 0.000000
vn -0.661417 0.133858 0.740157
vn 0.000000 -0.716535 0.700787
vn 0.000000 -1.000000 0.000000
vn 0.000000 -1.000000 0.000000
vn -0.519685 -0.503937 0.685039
vn 0.000000 -0.716535 0.700787
vn 0.000000 -1.000000 0.000000
vn 0.000000 -0.716535 0.700787
vn 0.000000 -0.716535 0.700787
vn -0.551181 0.354331 0.755905
vn 0.000000 0.000000 1.000000
vn 0.000000 0.000000 1.000000
vn 0.000000 0.000000 1.000000
vn 0.000000 0.000000 1.000000
vn -0.015748 0.881890 0.472441
vn 0.000000 0.000000 1.000000
vn 0.000000 0.000000 1.000000
vn -1.000000 0.000000 0.000000
vn -1.000000 -0.078740 0.000000
vn 0.000000 0.000000 1.000000
vn -1.000000 0.000000 0.000000
vn 0.000000 0.000000 1.000000
vn -0.732283 -0.685039 0.000000
vn -0.732283 -0.685039 0.000000
vn -0.661417 0.000000 0.748031
vn 0.000000 0.000000 1.000000
vn -0.661417 0.000000 0.748031
vn -0.661417 0.000000 0.748031
vn 0.000000 0.000000 1.000000
vn -0.661417 0.000000 0.748031
vn -0.401575 -0.763779 0.503937
vn -0.283465 -0.559055 0.779527
vn -0.267717 -0.511811 0.811024
vn -0.283465 -0.559055 0.779527
vn -1.000000 -0.031496 0.000000
vn -1.000000 0.000000 0.000000
vn -1.000000 0.000000 0.000000
vn -1.000000 0.000000 0.000000
vn -0.732283 0.685039 -0.000000
vn -0.622047 0.000000 0.787401
vn -0.622047 0.000000 0.787401
vn 0.000000 0.000000 1.000000
vn -0.622047 0.000000 0.787401
vn 0.000000 0.000000 1.000000
vn -0.622047 0.000000 0.787401
vn -0.496063 0.661417 0.559055
vn 0.000000 0.000000 1.000000
vn -0.267717 0.511811 0.811023
vn -0.732283 0.685039 -0.000000
vn -1.000000 0.078740 -0.000000
vn -0.283465 0.559055 0.779527
vn -0.401575 0.763779 0.503937
vn 0.000000 0.000000 1.000000
vn -1.000000 0.000000 0.000000
vn -1.000000 0.000000 0.000000
vn -1.000000 0.000000 0.000000
vn 0.000000 0.000000 1.000000
vn -0.259843 -0.913386 0.322835
vn -0.535433 -0.842520 0.023622
vn 0.000000 0.000000 1.000000
vn -0.952756 -0.299213 0.039370
vn -0.700787 0.708661 -0.000000
vn 0.000000 0.000000 1.000000
vn -0.700787 0.708661 -0.000000
vn -0.700787 0.708661 -0.000000
vn -0.661417 0.000000 0.748031
vn 0.000000 1.000000 0.039370
vn -0.677165 0.732283 -0.000000
vn -0.015748 1.000000 -0.000000
vn -0.661417 0.000000 0.748031
vn -0.661417 0.000000 0.748031
vn -0.661417 0.000000 0.748031
vn 0.000000 0.000000 1.000000
vn -0.015748 -0.881890 0.472441
vn 0.000000 0.000000 1.000000
vn -0.551181 -0.354331 0.755905
vn -0.661417 -0.133858 0.740157
vn 0.000000 0.000000 1.000000
vn -0.519685 0.503937 0.685039
vn -0.519685 0.503937 0.685039
vn 0.000000 0.716535 0.700787
vn 0.000000 1.000000 -0.000000
vn 0.000000 0.716535 0.700787
vn 0.000000 0.716535 0.700787
vn 0.000000 1.000000 0.039370
vn 0.000000 1.000000 -0.000000
vn 0.677165 0.732283 -0.000000
vn 0.700787 0.708661 -0.000000
vn 0.000000 0.716535 0.700787
vn 0.519685 0.503937 0.685039
vn 0.700787 0.708661 -0.000000
vn 0.700787 0.708661 -0.000000
vn 0.952756 -0.299213 0.039370
vn 0.535433 -0.842520 0.023622
vn 0.661417 -0.133858 0.740157
vn 0.259843 -0.913386 0.322835
vn 1.000000 0.000000 0.000000
vn 0.519685 0.503937 0.685039
vn 0.551181 -0.354331 0.755905
vn 0.000000 0.000000 1.000000
vn 0.000000 0.000000 1.000000
vn 0.000000 0.000000 1.000000
vn 0.000000 0.000000 1.000000
vn 0.015748 -0.881890 0.472441
vn 0.000000 0.000000 1.000000
vn 0.000000 0.000000 1.000000
vn 0.000000 0.000000 1.000000
vn 0.661417 0.000000 0.748031
vn 0.661417 0.000000 0.748031
vn 0.661417 0.000000 0.748031
vn 0.000000 0.000000 1.000000
vn 0.661417 0.000000 0.748031
vn 0.000000 0.000000 1.000000
vn 0.000000 0.000000 1.000000
vn 0.401575 0.763779 0.503937
vn 0.000000 0.000000 1.000000
vn 1.000000 0.000000 0.000000
vn 1.000000 0.078740 -0.000000
vn 1.000000 0.000000 0.000000
vn 0.732283 0.685039 -0.000000
vn 0.732283 0.685039 -0.000000
vn 0.283465 0.559055 0.779527
vn 0.496063 0.661417 0.559055
vn 0.267717 0.511811 0.811023
vn 1.000000 0.000000 0.000000
vn 1.000000 0.000000 0.000000
vn 0.622047 0.000000 0.787401
vn 0.622047 0.000000 0.787401
vn 1.000000 -0.031496 0.000000
vn 1.000000 0.000000 0.000000
vn 0.732283 -0.685039 0.000000
vn 0.622047 0.000000 0.787401
vn 0.732283 -0.685039 0.000000
vn 1.000000 -0.078740 0.000000
vn 0.283465 -0.559055 0.779527
vn 0.622047 0.000000 0.787401
vn 0.000000 0.000000 1.000000
vn 0.000000 0.000000 1.000000
vn 0.000000 0.000000 1.000000
vn 0.267717 -0.511811 0.811024
vn 0.283465 -0.559055 0.779527
vn 0.401575 -0.763779 0.503937
vn 0.000000 0.000000 1.000000
vn 1.000000 0.000000 0.000000
vn 1.000000 0.000000 0.000000
vn 1.000000 0.000000 0.000000
vn 0.259843 0.913386 0.322834
vn 0.535433 0.842520 0.023622
vn 0.000000 0.000000 1.000000
vn 0.000000 0.000000 1.000000
vn 0.952756 0.299213 0.039370
vn 0.700787 -0.708661 0.000000
vn 0.000000 0.000000 1.000000
vn 0.015748 0.881890 0.472441
vn 0.661417 0.000000 0.748031
vn 0.661417 0.000000 0.748031
vn 0.661417 0.000000 0.748031
vn 0.661417 0.000000 0.748031
vn 0.000000 0.000000 1.000000
vn 0.000000 0.000000 1.000000
vn 0.551181 0.354331 0.755905
vn 0.000000 0.000000 1.000000
vn 0.000000 0.000000 1.000000
vn 0.661417 0.133858 0.740157
vn 0.519685 -0.503937 0.685039
vn 0.519685 -0.503937 0.685039
vn 0.700787 -0.708661 0.000000
vn 0.700787 -0.708661 0.000000
vn 0.023622 -1.000000 0.000000
vn 0.692913 -0.716535 0.000000
vn -0.992126 -0.133858 0.000000
vn -0.700787 0.708661 -0.000000
vn -0.598425 0.803149 -0.000000
vn 0.000000 1.000000 -0.047244
vn -0.937008 -0.346457 -0.062992
vn -0.118110 -0.992126 -0.031496
vn -0.519685 0.503937 -0.685039
vn -0.259843 -0.913386 -0.322834
vn -1.000000 0.000000 0.000000
vn -0.661417 -0.133858 -0.740157
vn 0.000000 0.716535 -0.700787
vn 0.000000 1.000000 -0.000000
vn 0.000000 1.000000 -0.000000
vn -0.519685 0.503937 -0.685039
vn 0.000000 0.716535 -0.700787
vn 0.000000 1.000000 -0.000000
vn 0.000000 0.716535 -0.700787
vn 0.000000 0.716535 -0.700787
vn 0.519685 0.503937 -0.685039
vn 0.700787 0.708661 -0.000000
vn 0.598425 0.803149 -0.000000
vn 0.992126 -0.133858 0.000000
vn 0.937008 -0.346457 -0.062992
vn 0.370079 -0.929134 0.000000
vn 0.661417 -0.133858 -0.740157
vn 0.251969 -0.905512 -0.330709
vn 0.984252 -0.188976 0.007874
vn 0.519685 0.503937 -0.685039
vn 0.551181 -0.354331 -0.755905
vn 0.000000 -0.000000 -1.000000
vn 0.000000 -0.000000 -1.000000
vn 0.000000 -0.000000 -1.000000
vn 0.000000 -0.000000 -1.000000
vn 0.015748 -0.881890 -0.472441
vn 0.000000 -0.000000 -1.000000
vn 1.000000 0.000000 0.000000
vn 1.000000 0.078740 -0.000000
vn 0.000000 -0.000000 -1.000000
vn 1.000000 0.000000 0.000000
vn 0.732283 0.685039 -0.000000
vn 0.732283 0.685039 -0.000000
vn 0.000000 -0.000000 -1.000000
vn 0.000000 -0.000000 -1.000000
vn 0.661417 -0.000000 -0.748031
vn 0.000000 -0.000000 -1.000000
vn 0.661417 -0.000000 -0.748031
vn 0.661417 -0.000000 -0.748031
vn 0.000000 -0.000000 -1.000000
vn 0.661417 -0.000000 -0.748031
vn 0.401575 0.763779 -0.503937
vn 0.283465 0.559055 -0.779527
vn 0.267717 0.511811 -0.811024
vn 0.283465 0.559055 -0.779527
vn 1.000000 0.031496 -0.000000
vn 1.000000 0.000000 0.000000
vn 1.000000 0.000000 0.000000
vn 0.622047 -0.000000 -0.787401
vn 1.000000 -0.039370 0.000000
vn 0.732283 -0.685039 0.000000
vn 0.622047 -0.000000 -0.787401
vn 0.622047 -0.000000 -0.787401
vn 0.732283 -0.685039 0.000000
vn 1.000000 -0.078740 0.000000
vn 0.283465 -0.559055 -0.779527
vn 0.622047 -0.000000 -0.787401
vn 0.000000 -0.000000 -1.000000
vn 0.267717 -0.511811 -0.811023
vn 0.000000 -0.000000 -1.000000
vn 0.000000 -0.000000 -1.000000
vn 0.283465 -0.559055 -0.779527
vn 0.000000 -0.000000 -1.000000
vn 0.401575 -0.763779 -0.503937
vn 0.000000 -0.000000 -1.000000
vn 1.000000 0.000000 0.000000
vn 1.000000 0.000000 0.000000
vn 0.984252 0.188976 0.007874
vn 0.000000 -0.000000 -1.000000
vn 0.251969 0.905512 -0.330709
vn 0.370079 0.929134 -0.000000
vn 0.000000 -0.000000 -1.000000
vn 0.937008 0.354331 -0.062992
vn 0.992126 0.118110 -0.000000
vn 0.000000 -0.000000 -1.000000
vn 0.015748 0.881890 -0.472441
vn 0.661417 -0.000000 -0.748031
vn 0.661417 -0.000000 -0.748031
vn 0.661417 -0.000000 -0.748031
vn 0.661417 -0.000000 -0.748031
vn 0.000000 -0.000000 -1.000000
vn 0.000000 -0.000000 -1.000000
vn 0.000000 -0.000000 -1.000000
vn 0.551181 0.354331 -0.755905
vn 0.661417 0.133858 -0.740157
vn 0.000000 -0.000000 -1.000000
vn 0.519685 -0.503937 -0.685039
vn 0.519685 -0.503937 -0.685039
vn 0.700787 -0.708661 0.000000
vn 0.606299 -0.795275 0.000000
vn 0.000000 -1.000000 -0.047244
vn 0.000000 -0.716535 -0.700787
vn 0.000000 -1.000000 0.000000
vn 0.000000 -0.716535 -0.700787
vn 0.000000 -0.716535 -0.700787
vn 0.000000 -1.000000 -0.047244
vn 0.000000 -0.000000 -1.000000
vn 0.000000 -0.716535 -0.700787
vn -0.519685 -0.503937 -0.685039
vn -0.700787 -0.708661 0.000000
vn -0.606299 -0.795275 0.000000
vn -0.992126 0.118110 -0.000000
vn -0.937008 0.354331 -0.062992
vn -0.370079 0.929134 -0.000000
vn -0.661417 0.133858 -0.740157
vn -0.251969 0.905512 -0.330709
vn -0.984252 0.188976 0.007874
vn -0.519685 -0.503937 -0.685039
vn -0.551181 0.354331 -0.755905
vn 0.000000 -0.000000 -1.000000
vn 0.000000 -0.000000 -1.000000
vn 0.000000 -0.000000 -1.000000
vn -0.015748 0.881890 -0.472441
vn 0.000000 -0.000000 -1.000000
vn 0.000000 -0.000000 -1.000000
vn -0.661417 -0.000000 -0.748031
vn -0.661417 -0.000000 -0.748031
vn -0.661417 -0.000000 -0.748031
vn 0.000000 -0.000000 -1.000000
vn -0.661417 -0.000000 -0.748031
vn 0.000000 -0.000000 -1.000000
vn 0.000000 -0.000000 -1.000000
vn -0.401575 -0.763779 -0.503937
vn 0.000000 -0.000000 -1.000000
vn -1.000000 0.000000 0.000000
vn -1.000000 -0.078740 0.000000
vn -1.000000 0.000000 0.000000
vn -0.732283 -0.685039 0.000000
vn -0.732283 -0.685039 0.000000
vn -0.283465 -0.559055 -0.779527
vn -0.267717 -0.511811 -0.811023
vn -0.283465 -0.559055 -0.779527
vn -1.000000 -0.039370 0.000000
vn -1.000000 0.000000 0.000000
vn 0.000000 -0.000000 -1.000000
vn -0.622047 -0.000000 -0.787401
vn -0.622047 -0.000000 -0.787401
vn -0.622047 -0.000000 -0.787401
vn -0.622047 -0.000000 -0.787401
vn -1.000000 0.031496 -0.000000
vn -1.000000 0.000000 0.000000
vn -0.732283 0.685039 -0.000000
vn -0.283465 0.559055 -0.779527
vn -0.732283 0.685039 -0.000000
vn -1.000000 0.078740 -0.000000
vn -0.267717 0.511811 -0.811024
vn -0.283465 0.559055 -0.779527
vn -1.000000 0.000000 0.000000
vn 0.000000 -0.000000 -1.000000
vn -1.000000 0.000000 0.000000
vn 0.000000 -0.000000 -1.000000
vn -0.401575 0.763779 -0.503937
vn 0.000000 -0.000000 -1.000000
vn 0.000000 -0.000000 -1.000000
vn 0.000000 -0.000000 -1.000000
vn -0.661417 -0.000000 -0.748031
vn -0.661417 -0.000000 -0.748031
vn -0.661417 -0.000000 -0.748031
vn -0.661417 -0.000000 -0.748031
vn 0.000000 -0.000000 -1.000000
vn -0.015748 -0.881890 -0.472441
vn 0.000000 -0.000000 -1.000000
vn -0.551181 -0.354331 -0.755905
vn 0.000000 -0.000000 -1.000000
vn 0.000000 -0.000000 -1.000000
vn 0.000000 0.000000 1.000000
vn 0.000000 0.000000 1.000000
vn 0.000000 0.000000 1.000000
vn 0.000000 0.000000 1.000000
vn -1.000000 -0.031496 0.039370
vn -1.000000 0.039370 0.031496
vn -1.000000 0.023622 -0.015748
vn -1.000000 -0.047244 -0.070866
vn 0.000000 -0.000000 -1.000000
vn 0.000000 -0.000000 -1.000000
vn 0.000000 -0.000000 -1.000000
vn 0.000000 -0.000000 -1.000000
vn 0.000000 0.000000 1.000000
vn 0.000000 0.000000 1.000000
vn 0.000000 0.000000 1.000000
vn 0.000000 0.000000 1.000000
vn -1.000000 0.031496 0.039370
vn -1.000000 -0.039370 0.031496
vn -1.000000 -0.023622 -0.015748
vn -1.000000 0.047244 -0.070866
vn 0.000000 -0.000000 -1.000000
vn 0.000000 -0.000000 -1.000000
vn 0.000000 -0.000000 -1.000000
vn 0.000000 -0.000000 -1.000000
vn 0.000000 0.000000 1.000000
vn 0.000000 0.000000 1.000000
vn 0.000000 -1.000000 0.000000
vn 0.000000 -1.000000 0.000000
vn 0.000000 -1.000000 0.000000
vn 0.000000 -1.000000 0.000000
vn 0.000000 -0.000000 -1.000000
vn 0.000000 -0.000000 -1.000000
vn 0.000000 0.000000 1.000000
vn -0.448819 -0.858268 0.251969
vn -0.464567 -0.881890 0.055118
vn -0.456693 -0.874016 -0.141732
vn -0.464567 -0.881890 -0.086614
vn 0.000000 -0.000000 -1.000000
vn 0.000000 -0.000000 -1.000000
vn 0.000000 0.960630 -0.275591
vn 0.000000 1.000000 -0.031496
vn 0.000000 0.992126 0.149606
vn 0.000000 1.000000 0.070866
vn 0.000000 0.000000 1.000000
vn 0.000000 -0.000000 -1.000000
vn 0.000000 -0.000000 -1.000000
vn 0.000000 -0.000000 -1.000000
vn 0.000000 -0.000000 -1.000000
vn 1.000000 -0.031496 -0.039370
vn 1.000000 0.039370 -0.031496
vn 1.000000 0.023622 0.015748
vn 1.000000 -0.047244 0.070866
vn 0.000000 0.000000 1.000000
vn 0.000000 0.000000 1.000000
vn 0.000000 0.000000 1.000000
vn 0.000000 0.000000 1.000000
vn 0.000000 -0.000000 -1.000000
vn 0.000000 -0.000000 -1.000000
vn 0.000000 -0.000000 -1.000000
vn 0.000000 -0.000000 -1.000000
vn 1.000000 0.031496 -0.039370
vn 1.000000 -0.039370 -0.031496
vn 1.000000 -0.023622 0.015748
vn 1.000000 0.047244 0.070866
vn 0.000000 0.000000 1.000000
vn 0.000000 0.000000 1.000000
vn 0.000000 0.000000 1.000000
vn 0.000000 0.000000 1.000000
vn 0.000000 -0.000000 -1.000000
vn 0.000000 -0.000000 -1.000000
vn 0.000000 -1.000000 0.000000
vn 0.000000 -1.000000 0.000000
vn 0.000000 -1.000000 0.000000
vn 0.000000 -1.000000 0.000000
vn 0.000000 0.000000 1.000000
vn 0.000000 0.000000 1.000000
vn 0.000000 -0.000000 -1.000000
vn 0.448819 -0.858268 -0.251968
vn 0.464567 -0.881890 -0.055118
vn 0.456693 -0.874016 0.141732
vn 0.464567 -0.881890 0.086614
vn 0.000000 0.000000 1.000000
vn 0.000000 0.000000 1.000000
vn 0.000000 0.960630 0.275590
vn 0.000000 1.000000 0.031496
vn 0.000000 0.992126 -0.149606
vn 0.000000 1.000000 -0.070866
vn 0.000000 -0.000000 -1.000000
vn 0.000000 -0.960630 0.275591
vn 0.000000 0.000000 1.000000
vn 0.000000 -1.000000 0.031496
vn 0.000000 -0.992126 -0.149606
vn 0.000000 -1.000000 -0.070866
vn 0.000000 -0.000000 -1.000000
vn 0.000000 1.000000 -0.000000
vn 0.000000 0.000000 1.000000
vn 0.000000 0.000000 1.000000
vn 0.000000 1.000000 -0.000000
vn 0.000000 1.000000 -0.000000
vn 0.000000 1.000000 -0.000000
vn 0.000000 -0.000000 -1.000000
vn 0.000000 -0.000000 -1.000000
vn -0.464567 0.881890 0.055118
vn -0.448819 0.858268 0.251968
vn 0.000000 0.000000 1.000000
vn -0.456693 0.874016 -0.141732
vn -0.464567 0.881890 -0.086614
vn 0.000000 -0.000000 -1.000000
vn 0.000000 0.000000 1.000000
vn 0.000000 -0.992126 0.149606
vn 0.000000 -1.000000 0.070866
vn 0.000000 -1.000000 -0.031496
vn 0.000000 -0.960630 -0.275590
vn 0.000000 -0.000000 -1.000000
vn 0.000000 1.000000 -0.000000
vn 0.000000 -0.000000 -1.000000
vn 0.000000 -0.000000 -1.000000
vn 0.000000 1.000000 -0.000000
vn 0.000000 1.000000 -0.000000
vn 0.000000 1.000000 -0.000000
vn 0.000000 0.000000 1.000000
vn 0.000000 0.000000 1.000000
vn 0.464567 0.881890 -0.055118
vn 0.448819 0.858268 -0.251969
vn 0.000000 -0.000000 -1.000000
vn 0.456693 0.874016 0.141732
vn 0.464567 0.881890 0.086614
vn 0.000000 0.000000 1.000000
vn 0.637795 0.078740 0.771653
vn -0.181102 0.000000 0.984252
vn -0.779528 0.094488 0.622047
vn 0.472441 -0.047244 0.881890
vn -0.559055 0.000000 0.834646
vn -0.724409 0.000000 0.685039
vn 0.000000 -0.000000 -1.000000
vn 0.000000 -0.000000 -1.000000
vn 0.000000 -0.000000 -1.000000
vn -0.007874 -0.000000 -1.000000
vn 0.000000 -0.000000 -1.000000
vn -1.000000 0.000000 0.000000
vn 0.000000 1.000000 -0.000000
vn 0.000000 1.000000 -0.000000
vn -1.000000 0.000000 0.000000
vn 0.000000 0.000000 1.000000
vn 0.000000 0.000000 1.000000
vn 0.000000 0.000000 1.000000
vn -1.000000 0.000000 0.000000
vn -0.007874 0.000000 1.000000
vn 0.000000 0.000000 1.000000
vn -1.000000 0.000000 0.000000
vn 0.000000 -1.000000 0.000000
vn 0.000000 -1.000000 0.000000
vn -0.023622 0.007874 1.000000
vn 0.000000 0.000000 1.000000
vn 0.000000 -1.000000 0.000000
vn 0.000000 -1.000000 0.000000
vn -0.031496 0.007874 -1.000000
vn 0.000000 -0.000000 -1.000000
vn -1.000000 0.000000 0.000000
vn -1.000000 0.000000 0.000000
vn -1.000000 0.000000 0.000000
vn -1.000000 0.000000 0.000000
vn 0.000000 -0.000000 -1.000000
vn 0.000000 -0.000000 -1.000000
vn -0.795276 0.606299 -0.000000
vn 0.000000 0.000000 1.000000
vn 0.000000 0.000000 1.000000
vn -0.795276 0.606299 -0.000000
vn -0.795276 0.606299 -0.000000
vn 0.000000 -0.000000 -1.000000
vn 0.000000 -0.000000 -1.000000
vn 0.000000 -0.000000 -1.000000
vn -0.795276 0.606299 -0.000000
vn -1.000000 0.000000 0.000000
vn 0.000000 -0.000000 -1.000000
vn 0.000000 -0.000000 -1.000000
vn 0.000000 0.000000 1.000000
vn 0.000000 0.000000 1.000000
vn 0.000000 0.000000 1.000000
vn -1.000000 0.000000 0.000000
vn 0.000000 0.000000 1.000000
vn 0.000000 0.000000 1.000000
vn -1.000000 0.000000 0.000000
vn -1.000000 0.000000 0.000000
vn -0.795276 -0.606299 0.000000
vn -0.795276 -0.606299 0.000000
vn 0.000000 0.000000 1.000000
vn 0.000000 0.000000 1.000000
vn -0.795276 -0.606299 0.000000
vn 0.000000 -0.000000 -1.000000
vn 0.000000 -0.000000 -1.000000
vn -0.795276 -0.606299 0.000000
vn -1.000000 0.000000 0.000000
vn -0.023622 -0.007874 -1.000000
vn 0.000000 -0.000000 -1.000000
vn -1.000000 0.000000 0.000000
vn -1.000000 0.000000 0.000000
vn -0.007874 -0.000000 -1.000000
vn 0.000000 -0.000000 -1.000000
vn 0.000000 1.000000 -0.000000
vn 0.000000 -0.000000 -1.000000
vn 0.000000 -0.000000 -1.000000
vn -1.000000 0.000000 0.000000
vn -0.023622 -0.007874 1.000000
vn 0.000000 0.000000 1.000000
vn 0.133858 0.992126 -0.007874
vn -0.007874 0.000000 1.000000
vn 0.000000 0.000000 1.000000
vn 0.000000 1.000000 -0.000000
vn 0.000000 0.000000 1.000000
vn 0.000000 0.000000 1.000000
vn -1.000000 0.000000 0.000000
vn -1.000000 0.000000 0.000000
vn 0.000000 -1.000000 0.000000
vn 0.000000 -1.000000 0.000000
vn -1.000000 0.000000 0.000000
vn -1.000000 0.000000 0.000000
vn 0.000000 0.000000 1.000000
vn 0.000000 0.000000 1.000000
vn 0.000000 0.000000 1.000000
vn 0.007874 0.000000 1.000000
vn 0.000000 0.000000 1.000000
vn 1.000000 0.000000 0.000000
vn 0.000000 1.000000 -0.000000
vn 0.000000 1.000000 -0.000000
vn 0.031496 0.007874 1.000000
vn 0.000000 0.000000 1.000000
vn 1.000000 0.000000 0.000000
vn 0.000000 -0.000000 -1.000000
vn 0.000000 -0.000000 -1.000000
vn 0.000000 -0.000000 -1.000000
vn 0.007874 -0.000000 -1.000000
vn 0.000000 -0.000000 -1.000000
vn 1.000000 0.000000 0.000000
vn 1.000000 0.000000 0.000000
vn 0.000000 -1.000000 0.000000
vn 0.000000 -1.000000 0.000000
vn 0.000000 -1.000000 0.000000
vn 0.000000 -1.000000 0.000000
vn 1.000000 0.000000 0.000000
vn 0.023622 0.007874 -1.000000
vn 0.000000 -0.000000 -1.000000
vn 1.000000 0.000000 0.000000
vn 1.000000 0.000000 0.000000
vn 1.000000 0.000000 0.000000
vn 0.000000 -0.000000 -1.000000
vn 0.000000 -0.000000 -1.000000
vn 0.795276 0.606299 -0.000000
vn 0.000000 0.000000 1.000000
vn 0.000000 0.000000 1.000000
vn 0.795276 0.606299 -0.000000
vn 0.795276 0.606299 -0.000000
vn 0.000000 0.000000 1.000000
vn 0.000000 0.000000 1.000000
vn 0.000000 0.000000 1.000000
vn 0.795276 0.606299 -0.000000
vn 1.000000 0.000000 0.000000
vn 0.000000 0.000000 1.000000
vn 0.000000 0.000000 1.000000
vn 1.000000 0.000000 0.000000
vn 1.000000 0.000000 0.000000
vn 0.000000 -0.000000 -1.000000
vn 0.000000 -0.000000 -1.000000
vn 0.000000 -0.000000 -1.000000
vn 1.000000 0.000000 0.000000
vn 0.000000 -0.000000 -1.000000
vn 0.000000 -0.000000 -1.000000
vn 0.795276 -0.606299 0.000000
vn 0.000000 -0.000000 -1.000000
vn 0.000000 -0.000000 -1.000000
vn 0.795276 -0.606299 0.000000
vn 0.795276 -0.606299 0.000000
vn 0.023622 -0.007874 -1.000000
vn 0.000000 -0.000000 -1.000000
vn 1.000000 0.000000 0.000000
vn 0.795276 -0.606299 0.000000
vn 0.000000 0.000000 1.000000
vn 0.000000 0.000000 1.000000
vn 1.000000 0.000000 0.000000
vn 0.023622 -0.007874 1.000000
vn 0.000000 0.000000 1.000000
vn 1.000000 0.000000 0.000000
vn 1.000000 0.000000 0.000000
vn 0.000000 1.000000 -0.000000
vn -0.133858 0.992126 -0.007874
vn 0.007874 0.000000 1.000000
vn 0.000000 0.000000 1.000000
vn 0.000000 0.000000 1.000000
vn 0.000000 0.000000 1.000000
vn 1.000000 0.000000 0.000000
vn 0.000000 -1.000000 0.000000
vn 0.000000 -1.000000 0.000000
vn 1.000000 0.000000 0.000000
vn 0.000000 1.000000 -0.000000
vn 1.000000 0.000000 0.000000
vn 1.000000 0.000000 0.000000
vn 0.000000 -0.000000 -1.000000
vn 0.007874 -0.000000 -1.000000
vn 0.000000 -0.000000 -1.000000
vn 0.000000 -0.000000 -1.000000
vn -0.283465 -0.007874 -0.960630
vn -0.905512 -0.007874 -0.417323
vn 0.629921 -0.031496 -0.779527
vn 0.448819 0.039370 -0.889764
vn -0.614173 -0.000000 -0.787401
vn 0.448819 0.039370 0.889764
vn -0.283465 -0.007874 0.960630
vn -0.614173 0.000000 0.787401
vn 0.629921 -0.031496 0.779527
vn -0.905512 -0.007874 0.417323
vn 0.905512 -0.007874 0.417323
vn -0.685039 -0.055118 0.724409
vn 0.322835 0.000000 0.944882
vn 0.905512 0.007874 0.417323
vn -0.480315 0.031496 0.874016
vn 0.220472 0.007874 0.976378
vn 0.905512 0.007874 -0.417323
vn -0.685039 0.055118 -0.724409
vn 0.322835 -0.000000 -0.944882
vn 0.905512 -0.007874 -0.417323
vn -0.480315 -0.031496 -0.874016
vn 0.220472 -0.007874 -0.976378
vn 0.685039 0.055118 0.724409
vn -0.322835 0.000000 0.944882
vn -0.905512 0.007874 0.417323
vn -0.905512 -0.007874 0.417323
vn 0.110236 -0.007874 0.992126
vn 0.811024 -0.181102 0.551181
vn -0.220472 0.000000 0.976378
vn 0.685039 -0.055118 -0.724409
vn -0.322835 -0.000000 -0.944882
vn -0.905512 -0.007874 -0.417323
vn -0.905512 0.007874 -0.417323
vn 0.110236 0.007874 -0.992126
vn 0.811024 0.181102 -0.551181
vn -0.220472 -0.000000 -0.976378
vn -0.905512 0.007874 -0.417323
vn -0.322835 -0.000000 -0.944882
vn 0.685039 0.055118 -0.724409
vn -0.905512 -0.007874 -0.417323
vn 0.110236 -0.007874 -0.992126
vn 0.811024 -0.181102 -0.551181
vn -0.220472 -0.000000 -0.976378
tan 0.000000 0.000000 1.000000 1.000000
tan -0.196850 0.000000 0.984252 1.000000
tan 0.000000 0.000000 1.000000 1.000000
tan 0.000000 0.000000 1.000000 1.000000
tan 0.000000 0.000000 1.000000 1.000000
tan 0.165354 0.000000 0.984252 1.000000
tan 0.094488 0.000000 0.992126 1.000000
tan -0.275591 -0.000000 -0.960630 1.000000
tan 0.000000 -0.000000 -1.000000 1.000000
tan 0.385827 -0.000000 -0.921260 1.000000
tan 0.000000 -0.000000 -1.000000 1.000000
tan 0.000000 -0.000000 -1.000000 1.000000
tan -0.236220 -0.000000 -0.968504 1.000000
tan 0.291339 -0.000000 -0.960630 1.000000
tan -0.636121 0.629053 0.438403 1.000000
tan -0.779528 0.018414 0.622047 1.000000
tan -0.688325 0.665633 0.288920 1.000000
tan -0.409449 0.035960 0.913386 1.000000
tan -0.691921 0.684233 0.227540 1.000000
tan -0.697501 0.689751 0.166470 1.000000
tan 0.300143 0.953066 0.020150 1.000000
tan 0.822432 0.528179 -0.196602 1.000000
tan -0.231260 0.848348 0.448633 1.000000
tan 0.532209 0.413231 -0.740777 1.000000
tan 0.000000 0.929134 -0.362205 1.000000
tan 0.383781 0.883626 0.183148 1.000000
tan -0.011160 0.700787 0.716535 1.000000
tan 0.000000 0.000000 1.000000 1.000000
tan 0.000000 0.000000 1.000000 1.000000
tan -0.107818 0.831794 0.530101 1.000000
tan 0.027962 0.700787 0.716535 1.000000
tan 0.566929 0.000000 0.818897 1.000000
tan -0.022320 0.700787 0.716535 1.000000
tan 0.011160 0.700787 0.716535 1.000000
tan 0.313969 0.864034 -0.176080 1.000000
tan 0.062992 1.000000 -0.000000 1.000000
tan -0.015748 1.000000 -0.000000 1.000000
tan 0.149606 0.992126 -0.000000 1.000000
tan 0.000000 1.000000 -0.000000 1.000000
tan 0.114824 0.470705 -0.874822 1.000000
tan 0.023622 1.000000 -0.000000 1.000000
tan 0.023622 1.000000 -0.000000 1.000000
tan 0.000000 0.992126 -0.125984 1.000000
tan -0.078120 0.992126 0.110236 1.000000
tan 0.062992 1.000000 -0.000000 1.000000
tan 0.000000 0.992126 0.094488 1.000000
tan -0.047244 1.000000 -0.000000 1.000000
tan -0.668857 0.714985 0.212784 1.000000
tan -0.679645 0.726517 0.134292 1.000000
tan -0.035340 0.987538 -0.031248 1.000000
tan -0.023622 1.000000 -0.000000 1.000000
tan 0.023560 0.993428 0.020832 1.000000
tan 0.106020 0.982330 0.093744 1.000000
tan 0.015748 1.000000 -0.000000 1.000000
tan 0.094240 0.987538 0.083328 1.000000
tan -0.256681 0.611321 0.721991 1.000000
tan -0.167028 0.814682 0.523529 1.000000
tan -0.062496 0.823672 0.499163 1.000000
tan -0.291649 0.809660 0.474611 1.000000
tan -0.031496 1.000000 0.055118 1.000000
tan 0.000000 0.992126 0.141732 1.000000
tan 0.000000 1.000000 -0.086614 1.000000
tan 0.000000 1.000000 -0.086614 1.000000
tan 0.679645 0.726517 -0.111972 1.000000
tan 0.024800 0.981090 0.019592 1.000000
tan -0.055800 0.981090 -0.044082 1.000000
tan -0.102362 0.992126 -0.000000 1.000000
tan -0.024800 0.981090 -0.019592 1.000000
tan -0.007874 1.000000 -0.000000 1.000000
tan 0.062000 0.981090 0.048980 1.000000
tan 0.429413 0.742451 -0.497365 1.000000
tan 0.102362 0.992126 -0.000000 1.000000
tan 0.062496 0.823671 -0.499163 1.000000
tan 0.668857 0.714985 -0.212784 1.000000
tan 0.078120 0.992126 -0.110236 1.000000
tan 0.167028 0.814681 -0.523529 1.000000
tan 0.256681 0.611321 -0.721991 1.000000
tan 0.047244 1.000000 -0.000000 1.000000
tan 0.000000 0.992126 -0.094488 1.000000
tan 0.000000 0.992126 0.125984 1.000000
tan 0.000000 0.929134 0.362205 1.000000
tan -0.023622 1.000000 -0.000000 1.000000
tan -0.532209 0.413231 0.740777 1.000000
tan -0.822432 0.528179 0.196602 1.000000
tan -0.062992 1.000000 -0.000000 1.000000
tan -0.300453 0.953066 -0.027652 1.000000
tan 0.697501 0.689751 -0.166470 1.000000
tan 0.023622 1.000000 -0.000000 1.000000
tan 0.686341 0.678715 -0.233059 1.000000
tan 0.624961 0.618017 -0.471697 1.000000
tan -0.106020 0.982330 -0.093744 1.000000
tan 0.307087 0.037510 -0.952756 1.000000
tan 0.686155 0.634509 -0.345775 1.000000
tan 0.700787 0.011036 -0.716535 1.000000
tan -0.088350 0.987538 -0.078120 1.000000
tan 0.035340 0.987538 0.031248 1.000000
tan -0.017670 0.993428 -0.015624 1.000000
tan -0.023622 1.000000 -0.000000 1.000000
tan -0.114824 0.470705 0.874822 1.000000
tan -0.149606 0.992126 -0.000000 1.000000
tan -0.319921 0.858082 0.168950 1.000000
tan -0.388555 0.872590 -0.189410 1.000000
tan -0.062992 1.000000 -0.000000 1.000000
tan 0.221898 0.849649 -0.456693 1.000000
tan 0.102424 0.831793 -0.534193 1.000000
tan 0.011160 0.700787 -0.716535 1.000000
tan 0.000000 -0.000000 -1.000000 1.000000
tan 0.022320 0.700787 -0.716535 1.000000
tan -0.022320 0.700787 -0.716535 1.000000
tan -0.314961 0.037510 -0.952756 1.000000
tan -0.700787 -0.000000 -0.716535 1.000000
tan -0.686155 0.634509 -0.345775 1.000000
tan -0.624961 0.618017 -0.471697 1.000000
tan -0.016802 0.700787 -0.716535 1.000000
tan -0.225866 0.853742 -0.456693 1.000000
tan -0.686341 0.678715 -0.233059 1.000000
tan -0.697501 0.689751 -0.166470 1.000000
tan 0.300143 0.953066 -0.020150 1.000000
tan 0.822432 0.528179 0.196602 1.000000
tan 0.388555 0.872590 -0.189410 1.000000
tan 0.532209 0.415773 0.747969 1.000000
tan 0.000000 0.929134 0.362205 1.000000
tan -0.102424 0.831793 -0.534193 1.000000
tan 0.313969 0.864034 0.176080 1.000000
tan 0.062992 1.000000 -0.000000 1.000000
tan -0.015748 1.000000 -0.000000 1.000000
tan 0.141732 0.992126 -0.000000 1.000000
tan 0.000000 1.000000 -0.000000 1.000000
tan 0.114824 0.470705 0.874822 1.000000
tan 0.015748 1.000000 -0.000000 1.000000
tan 0.015748 1.000000 -0.000000 1.000000
tan 0.007874 1.000000 -0.000000 1.000000
tan -0.041230 0.987538 0.036456 1.000000
tan 0.011780 0.993428 -0.010416 1.000000
tan 0.082460 0.987538 -0.072912 1.000000
tan 0.062992 1.000000 -0.000000 1.000000
tan 0.100130 0.982330 -0.088536 1.000000
tan 0.023622 1.000000 -0.000000 1.000000
tan -0.023622 1.000000 -0.000000 1.000000
tan -0.256681 0.611321 -0.721991 1.000000
tan -0.047244 1.000000 -0.000000 1.000000
tan 0.000000 0.992126 0.125984 1.000000
tan -0.078120 0.992126 -0.110236 1.000000
tan 0.000000 0.992126 -0.086614 1.000000
tan -0.668857 0.714985 -0.212784 1.000000
tan -0.679645 0.726517 -0.111972 1.000000
tan -0.167028 0.814681 -0.523529 1.000000
tan -0.429413 0.742451 -0.497365 1.000000
tan -0.068882 0.823671 -0.497055 1.000000
tan 0.000000 1.000000 -0.086614 1.000000
tan 0.000000 1.000000 -0.086614 1.000000
tan -0.062000 0.981090 0.048980 1.000000
tan 0.018600 0.981090 -0.014694 1.000000
tan 0.031496 1.000000 0.055118 1.000000
tan 0.000000 0.992126 0.141732 1.000000
tan 0.679645 0.726517 0.134292 1.000000
tan -0.024800 0.981090 0.019592 1.000000
tan 0.668857 0.714985 0.212784 1.000000
tan 0.078120 0.992126 0.110236 1.000000
tan 0.291649 0.809660 0.474611 1.000000
tan 0.055800 0.981090 -0.044082 1.000000
tan -0.102362 0.992126 -0.000000 1.000000
tan 0.102362 0.992126 -0.000000 1.000000
tan -0.015748 1.000000 -0.000000 1.000000
tan 0.062496 0.823672 0.499163 1.000000
tan 0.167028 0.814682 0.523529 1.000000
tan 0.256681 0.611321 0.721991 1.000000
tan 0.047244 1.000000 -0.000000 1.000000
tan 0.000000 0.992126 0.094488 1.000000
tan 0.000000 0.992126 -0.125984 1.000000
tan 0.000000 0.929134 -0.362205 1.000000
tan -0.532209 0.415773 -0.747969 1.000000
tan -0.822432 0.528179 -0.196602 1.000000
tan -0.023622 1.000000 -0.000000 1.000000
tan -0.062992 1.000000 -0.000000 1.000000
tan -0.300143 0.953066 0.020150 1.000000
tan 0.697501 0.689751 0.166470 1.000000
tan 0.023622 1.000000 -0.000000 1.000000
tan -0.114824 0.470705 -0.874822 1.000000
tan 0.035340 0.987538 -0.031248 1.000000
tan -0.100130 0.982330 0.088536 1.000000
tan -0.088350 0.987538 0.078120 1.000000
tan -0.017670 0.993428 0.015624 1.000000
tan -0.023622 1.000000 -0.000000 1.000000
tan -0.149606 0.992126 -0.000000 1.000000
tan -0.313969 0.864034 -0.176080 1.000000
tan -0.062992 1.000000 -0.000000 1.000000
tan 0.015748 1.000000 -0.000000 1.000000
tan -0.383781 0.883626 0.183148 1.000000
tan 0.102424 0.831794 0.534193 1.000000
tan 0.231260 0.848348 0.448633 1.000000
tan 0.691921 0.684233 0.227540 1.000000
tan 0.636121 0.629053 0.438403 1.000000
tan 0.779528 0.018414 0.629921 1.000000
tan 0.688325 0.665633 0.288920 1.000000
tan 0.133858 -0.992126 0.007812 1.000000
tan -0.691921 -0.684233 -0.205344 1.000000
tan -0.784178 -0.584289 -0.201996 1.000000
tan -0.251969 -0.045756 -0.968504 1.000000
tan 0.346457 -0.938000 0.005456 1.000000
tan 0.828074 -0.115692 0.539029 1.000000
tan -0.246016 -0.852440 -0.440449 1.000000
tan 0.525017 -0.413727 0.747969 1.000000
tan 0.000000 -0.929134 0.370079 1.000000
tan 0.361523 -0.894662 -0.161262 1.000000
tan -0.011160 -0.700787 -0.716535 1.000000
tan 0.000000 -0.000000 -1.000000 1.000000
tan 0.000000 -0.000000 -1.000000 1.000000
tan -0.107818 -0.831794 -0.530101 1.000000
tan 0.022320 -0.700787 -0.716535 1.000000
tan 0.385827 -0.000000 -0.921260 1.000000
tan -0.022320 -0.700787 -0.716535 1.000000
tan 0.011160 -0.700787 -0.716535 1.000000
tan 0.251410 -0.852440 -0.436357 1.000000
tan 0.691921 -0.684233 -0.205344 1.000000
tan 0.784178 -0.584289 -0.201996 1.000000
tan -0.133858 -0.992126 0.007812 1.000000
tan -0.346457 -0.938000 0.005456 1.000000
tan -0.885238 -0.352595 0.283837 1.000000
tan -0.355695 -0.900490 -0.155000 1.000000
tan -0.491971 -0.415525 0.762911 1.000000
tan -0.186124 -0.961002 0.201500 1.000000
tan 0.107818 -0.831794 -0.530101 1.000000
tan -0.296113 -0.864034 0.189100 1.000000
tan -0.055118 -1.000000 0.000000 1.000000
tan 0.015748 -1.000000 0.000000 1.000000
tan -0.133858 -0.992126 0.000000 1.000000
tan 0.000000 -1.000000 0.000000 1.000000
tan -0.114824 -0.470705 0.874822 1.000000
tan -0.015748 -1.000000 0.000000 1.000000
tan 0.000000 -0.984252 0.188976 1.000000
tan 0.078120 -0.992126 -0.110236 1.000000
tan -0.015748 -1.000000 0.000000 1.000000
tan 0.000000 -1.000000 -0.086614 1.000000
tan 0.668857 -0.714985 -0.212784 1.000000
tan 0.679645 -0.726517 -0.128898 1.000000
tan 0.055118 -1.000000 0.000000 1.000000
tan -0.055118 -1.000000 0.000000 1.000000
tan 0.041230 -0.987538 0.036456 1.000000
tan 0.031496 -1.000000 0.000000 1.000000
tan -0.017670 -0.993428 -0.015624 1.000000
tan -0.094240 -0.982330 -0.083328 1.000000
tan -0.015748 -1.000000 0.000000 1.000000
tan -0.082460 -0.987538 -0.072912 1.000000
tan 0.262695 -0.614483 -0.721991 1.000000
tan 0.173166 -0.814682 -0.521297 1.000000
tan 0.068882 -0.823672 -0.497055 1.000000
tan 0.297787 -0.809660 -0.472379 1.000000
tan 0.031496 -1.000000 -0.047244 1.000000
tan 0.000000 -0.992126 -0.133858 1.000000
tan 0.000000 -0.992126 0.133858 1.000000
tan -0.018600 -0.981090 -0.014694 1.000000
tan -0.039370 -1.000000 0.055118 1.000000
tan -0.679645 -0.726517 0.134292 1.000000
tan 0.068200 -0.981090 0.053878 1.000000
tan 0.024800 -0.981090 0.019592 1.000000
tan -0.668857 -0.714985 0.212784 1.000000
tan -0.078120 -0.992126 0.110236 1.000000
tan -0.291649 -0.809659 0.474611 1.000000
tan -0.062000 -0.981090 -0.048980 1.000000
tan 0.102362 -0.992126 0.000000 1.000000
tan -0.062496 -0.823671 0.499163 1.000000
tan -0.102362 -0.992126 0.000000 1.000000
tan -0.015748 -1.000000 0.000000 1.000000
tan -0.167028 -0.814681 0.523529 1.000000
tan 0.015748 -1.000000 0.000000 1.000000
tan -0.256681 -0.611321 0.721991 1.000000
tan -0.055118 -1.000000 0.000000 1.000000
tan 0.000000 -1.000000 0.086614 1.000000
tan 0.000000 -0.984252 -0.181102 1.000000
tan 0.186124 -0.961002 -0.201500 1.000000
tan 0.015748 -1.000000 0.000000 1.000000
tan 0.491971 -0.415525 -0.762911 1.000000
tan 0.892554 -0.355509 -0.261888 1.000000
tan 0.055118 -1.000000 0.000000 1.000000
tan 0.354331 -0.938000 -0.005580 1.000000
tan 0.118110 -0.992126 0.007812 1.000000
tan -0.023622 -1.000000 0.000000 1.000000
tan 0.114824 -0.470705 -0.874822 1.000000
tan -0.041230 -0.987538 -0.036456 1.000000
tan 0.100130 -0.982330 0.088536 1.000000
tan 0.088350 -0.987538 0.078120 1.000000
tan 0.023560 -0.993428 0.020832 1.000000
tan 0.023622 -1.000000 0.000000 1.000000
tan 0.000000 -1.000000 0.000000 1.000000
tan 0.133858 -0.992126 0.000000 1.000000
tan 0.296113 -0.864034 -0.189100 1.000000
tan 0.355695 -0.900490 0.155000 1.000000
tan 0.055118 -1.000000 0.000000 1.000000
tan -0.107818 -0.831793 0.530101 1.000000
tan -0.251410 -0.852439 0.436357 1.000000
tan -0.691921 -0.684233 0.205344 1.000000
tan -0.782752 -0.596751 0.188790 1.000000
tan -0.251969 -0.045756 0.968504 1.000000
tan -0.022320 -0.700787 0.716535 1.000000
tan 0.000000 0.000000 1.000000 1.000000
tan -0.011160 -0.700787 0.716535 1.000000
tan 0.011160 -0.700787 0.716535 1.000000
tan 0.244094 -0.045756 0.968504 1.000000
tan -0.015748 -1.000000 0.000000 1.000000
tan 0.016802 -0.700787 0.716535 1.000000
tan 0.251410 -0.852439 0.436357 1.000000
tan 0.691921 -0.684233 0.199764 1.000000
tan 0.782752 -0.596751 0.188790 1.000000
tan -0.118110 -0.992126 0.007812 1.000000
tan -0.354331 -0.938000 -0.005580 1.000000
tan -0.892554 -0.355509 -0.254572 1.000000
tan -0.361523 -0.894662 0.161262 1.000000
tan -0.491971 -0.415525 -0.762911 1.000000
tan -0.186062 -0.961002 -0.193750 1.000000
tan 0.113212 -0.831793 0.526009 1.000000
tan -0.302065 -0.864034 -0.184760 1.000000
tan -0.055118 -1.000000 0.000000 1.000000
tan 0.015748 -1.000000 0.000000 1.000000
tan -0.141732 -0.992126 0.000000 1.000000
tan -0.114824 -0.470705 -0.874822 1.000000
tan -0.023622 -1.000000 0.000000 1.000000
tan -0.015748 -1.000000 0.000000 1.000000
tan 0.035340 -0.987538 -0.031248 1.000000
tan -0.023560 -0.993428 0.020832 1.000000
tan -0.094240 -0.982330 0.083328 1.000000
tan -0.015748 -1.000000 0.000000 1.000000
tan -0.100130 -0.982330 0.088536 1.000000
tan -0.055118 -1.000000 0.000000 1.000000
tan 0.023622 -1.000000 0.000000 1.000000
tan 0.256681 -0.611321 0.721991 1.000000
tan 0.055118 -1.000000 0.000000 1.000000
tan 0.000000 -0.984252 -0.181102 1.000000
tan 0.078120 -0.992126 0.110236 1.000000
tan 0.000000 -1.000000 0.086614 1.000000
tan 0.668857 -0.714985 0.212784 1.000000
tan 0.679645 -0.726517 0.134292 1.000000
tan 0.167028 -0.814681 0.523529 1.000000
tan 0.062496 -0.823671 0.499163 1.000000
tan 0.291649 -0.809659 0.474611 1.000000
tan 0.039370 -1.000000 0.055118 1.000000
tan 0.000000 -0.992126 0.133858 1.000000
tan 0.102362 -0.992126 0.000000 1.000000
tan 0.062000 -0.981090 -0.048980 1.000000
tan -0.018600 -0.981090 0.014694 1.000000
tan -0.062000 -0.981090 0.048980 1.000000
tan 0.018600 -0.981090 -0.014694 1.000000
tan -0.031496 -1.000000 -0.055118 1.000000
tan 0.000000 -0.992126 -0.133858 1.000000
tan -0.679645 -0.726517 -0.134292 1.000000
tan -0.291649 -0.809660 -0.474611 1.000000
tan -0.668857 -0.714985 -0.212784 1.000000
tan -0.078120 -0.992126 -0.110236 1.000000
tan -0.062496 -0.823672 -0.499163 1.000000
tan -0.167028 -0.814682 -0.523529 1.000000
tan 0.000000 -1.000000 -0.086614 1.000000
tan -0.055118 -1.000000 0.000000 1.000000
tan 0.000000 -0.992126 0.133858 1.000000
tan 0.015748 -1.000000 0.000000 1.000000
tan -0.256681 -0.611321 -0.721991 1.000000
tan 0.055118 -1.000000 0.000000 1.000000
tan 0.015748 -1.000000 0.000000 1.000000
tan -0.023622 -1.000000 0.000000 1.000000
tan 0.100130 -0.982330 -0.088536 1.000000
tan -0.041230 -0.987538 0.036456 1.000000
tan 0.088350 -0.987538 -0.078120 1.000000
tan 0.023560 -0.993428 -0.020832 1.000000
tan 0.023622 -1.000000 0.000000 1.000000
tan 0.114824 -0.470705 0.874822 1.000000
tan 0.133858 -0.992126 0.000000 1.000000
tan 0.296113 -0.864034 0.189100 1.000000
tan 0.055118 -1.000000 0.000000 1.000000
tan -0.015748 -1.000000 0.000000 1.000000
tan 0.000000 -1.000000 0.000000 1.000000
tan -0.007874 -1.000000 0.000000 1.000000
tan 0.031496 -1.000000 0.000000 1.000000
tan -0.078740 -1.000000 0.000000 1.000000
tan 0.032426 -1.000000 0.023622 1.000000
tan -0.041602 -1.000000 -0.070866 1.000000
tan -0.024614 -1.000000 0.062992 1.000000
tan 0.049476 -1.000000 -0.031496 1.000000
tan -0.086614 -1.000000 0.000000 1.000000
tan 0.031496 -1.000000 0.000000 1.000000
tan 0.000000 -1.000000 0.000000 1.000000
tan -0.007874 -1.000000 0.000000 1.000000
tan 0.007874 -1.000000 0.000000 1.000000
tan 0.000000 -1.000000 0.000000 1.000000
tan -0.031496 -1.000000 0.000000 1.000000
tan 0.078740 -1.000000 0.000000 1.000000
tan -0.032426 -1.000000 -0.023622 1.000000
tan 0.041602 -1.000000 0.070866 1.000000
tan 0.024614 -1.000000 -0.062992 1.000000
tan -0.049476 -1.000000 0.031496 1.000000
tan 0.078740 -1.000000 0.000000 1.000000
tan -0.031496 -1.000000 0.000000 1.000000
tan 0.000000 -1.000000 0.000000 1.000000
tan 0.007874 -1.000000 0.000000 1.000000
tan 1.000000 0.000000 0.000000 1.000000
tan 1.000000 0.000000 0.000000 1.000000
tan 1.000000 0.000000 0.000000 1.000000
tan 1.000000 0.000000 0.000000 1.000000
tan 1.000000 0.000000 0.000000 1.000000
tan 1.000000 0.000000 0.000000 1.000000
tan 1.000000 0.000000 0.000000 1.000000
tan 1.000000 0.000000 0.000000 1.000000
tan 0.889764 -0.456693 0.000000 1.000000
tan 0.867382 -0.469093 -0.052824 1.000000
tan 0.882324 -0.465435 -0.010230 1.000000
tan 0.877364 -0.464505 0.037386 1.000000
tan 0.883254 -0.467295 0.020460 1.000000
tan 0.881890 -0.472441 0.000000 1.000000
tan -1.000000 0.000000 0.000000 1.000000
tan -0.967140 0.002170 0.007564 1.000000
tan -1.000000 0.000000 0.000000 1.000000
tan -0.992126 0.000000 0.000000 1.000000
tan -1.000000 0.000000 0.000000 1.000000
tan -1.000000 0.000000 0.000000 1.000000
tan 0.000000 -1.000000 0.000000 1.000000
tan 0.007874 -1.000000 0.000000 1.000000
tan -0.031496 -1.000000 0.000000 1.000000
tan 0.078740 -1.000000 0.000000 1.000000
tan -0.032426 -1.000000 -0.023622 1.000000
tan 0.041602 -1.000000 0.070866 1.000000
tan 0.024614 -1.000000 -0.062992 1.000000
tan -0.049476 -1.000000 0.031496 1.000000
tan 0.078740 -1.000000 0.000000 1.000000
tan -0.031496 -1.000000 0.000000 1.000000
tan 0.000000 -1.000000 0.000000 1.000000
tan 0.007874 -1.000000 0.000000 1.000000
tan -0.007874 -1.000000 0.000000 1.000000
tan 0.000000 -1.000000 0.000000 1.000000
tan 0.031496 -1.000000 0.000000 1.000000
tan -0.078740 -1.000000 0.000000 1.000000
tan 0.032426 -1.000000 0.023622 1.000000
tan -0.041602 -1.000000 -0.070866 1.000000
tan -0.024614 -1.000000 0.062992 1.000000
tan 0.049476 -1.000000 -0.031496 1.000000
tan -0.078740 -1.000000 0.000000 1.000000
tan 0.031496 -1.000000 0.000000 1.000000
tan 0.000000 -1.000000 0.000000 1.000000
tan -0.007874 -1.000000 0.000000 1.000000
tan -1.000000 0.000000 0.000000 1.000000
tan -1.000000 0.000000 0.000000 1.000000
tan -1.000000 0.000000 0.000000 1.000000
tan -1.000000 0.000000 0.000000 1.000000
tan -1.000000 0.000000 0.000000 1.000000
tan -1.000000 0.000000 0.000000 1.000000
tan -1.000000 0.000000 0.000000 1.000000
tan -1.000000 0.000000 0.000000 1.000000
tan -0.889764 -0.456693 0.000000 1.000000
tan -0.867382 -0.469093 0.052824 1.000000
tan -0.882324 -0.465435 0.010230 1.000000
tan -0.877364 -0.464505 -0.037386 1.000000
tan -0.883254 -0.467977 -0.027404 1.000000
tan -0.881890 -0.472441 0.000000 1.000000
tan 1.000000 0.000000 0.000000 1.000000
tan 0.967140 0.002170 -0.007564 1.000000
tan 1.000000 0.000000 0.000000 1.000000
tan 0.992126 0.000000 0.000000 1.000000
tan 1.000000 0.000000 0.000000 1.000000
tan 1.000000 0.000000 0.000000 1.000000
tan -0.967140 0.000000 0.000000 1.000000
tan -1.000000 0.000000 0.000000 1.000000
tan -1.000000 0.000000 0.000000 1.000000
tan -0.992126 0.000000 0.000000 1.000000
tan -1.000000 0.000000 0.000000 1.000000
tan -1.000000 0.000000 0.000000 1.000000
tan -1.000000 0.000000 0.000000 1.000000
tan -1.000000 0.000000 0.000000 1.000000
tan -1.000000 0.000000 0.000000 1.000000
tan -1.000000 0.000000 0.000000 1.000000
tan -1.000000 0.000000 0.000000 1.000000
tan -1.000000 0.000000 0.000000 1.000000
tan -1.000000 0.000000 0.000000 1.000000
tan -1.000000 0.000000 0.000000 1.000000
tan -0.882324 -0.465869 0.017174 1.000000
tan -0.867382 -0.471077 0.059582 1.000000
tan -0.889764 -0.464567 0.000000 1.000000
tan -0.877364 -0.464505 -0.037386 1.000000
tan -0.883254 -0.467295 -0.020460 1.000000
tan -0.889764 -0.464567 0.000000 1.000000
tan 1.000000 0.000000 0.000000 1.000000
tan 0.992126 0.000000 0.000000 1.000000
tan 1.000000 0.000000 0.000000 1.000000
tan 1.000000 0.000000 0.000000 1.000000
tan 0.967140 0.000000 0.000000 1.000000
tan 1.000000 0.000000 0.000000 1.000000
tan 1.000000 0.000000 0.000000 1.000000
tan 1.000000 0.000000 0.000000 1.000000
tan 1.000000 0.000000 0.000000 1.000000
tan 1.000000 0.000000 0.000000 1.000000
tan 1.000000 0.000000 0.000000 1.000000
tan 1.000000 0.000000 0.000000 1.000000
tan 1.000000 0.000000 0.000000 1.000000
tan 1.000000 0.000000 0.000000 1.000000
tan 0.882324 -0.465869 -0.017174 1.000000
tan 0.867382 -0.471077 -0.059582 1.000000
tan 0.889764 -0.464567 0.000000 1.000000
tan 0.877364 -0.463389 0.030504 1.000000
tan 0.883254 -0.467295 0.020460 1.000000
tan 0.889764 -0.464567 0.000000 1.000000
tan -0.423213 -0.735259 0.424825 1.000000
tan 0.015500 -0.984252 0.002852 1.000000
tan 0.265361 -0.837745 0.459793 1.000000
tan 0.147560 -0.913138 -0.127968 1.000000
tan -0.216876 -0.907496 -0.145266 1.000000
tan 0.248124 -0.925600 0.262385 1.000000
tan 0.039370 -1.000000 0.000000 1.000000
tan 0.007874 -1.000000 0.000000 1.000000
tan 0.031496 -1.000000 0.000000 1.000000
tan 0.267717 -0.960630 -0.002108 1.000000
tan 0.244094 -0.968504 0.000000 1.000000
tan 0.000000 -1.000000 -0.031496 1.000000
tan -0.881890 -0.000000 -0.472441 1.000000
tan -0.881890 0.000000 0.472441 1.000000
tan 0.000000 -1.000000 0.031496 1.000000
tan 0.031496 -1.000000 0.000000 1.000000
tan 0.000000 -1.000000 0.000000 1.000000
tan 0.031496 -1.000000 0.000000 1.000000
tan 0.000000 -0.992126 -0.141732 1.000000
tan 0.299213 -0.952756 0.002356 1.000000
tan 0.283465 -0.960630 0.000000 1.000000
tan 0.000000 -0.992126 0.141732 1.000000
tan 0.897638 0.000000 0.440945 1.000000
tan 0.897638 -0.000000 -0.433071 1.000000
tan 0.181102 -0.984252 0.012028 1.000000
tan 0.149606 -0.992126 0.000000 1.000000
tan 0.866142 -0.000000 -0.503937 1.000000
tan 0.866142 0.000000 0.503937 1.000000
tan 0.173228 -0.984252 -0.013206 1.000000
tan 0.141732 -0.992126 0.000000 1.000000
tan 0.000000 -1.000000 -0.062992 1.000000
tan 0.000000 -1.000000 0.070866 1.000000
tan 0.000000 -1.000000 0.039370 1.000000
tan 0.000000 -1.000000 -0.031496 1.000000
tan -0.118110 -0.992126 0.000000 1.000000
tan -0.165354 -0.984252 0.000000 1.000000
tan -0.601525 -0.789013 -0.133610 1.000000
tan -0.110236 -0.992126 0.000000 1.000000
tan -0.165354 -0.984252 0.000000 1.000000
tan -0.601525 -0.789013 0.133610 1.000000
tan -0.601525 -0.789013 -0.116312 1.000000
tan -0.118110 -0.992126 0.000000 1.000000
tan -0.165354 -0.984252 0.000000 1.000000
tan 0.157480 -0.984252 0.000000 1.000000
tan -0.601525 -0.789013 0.116312 1.000000
tan 0.000000 -1.000000 0.023622 1.000000
tan 0.110236 -0.992126 0.000000 1.000000
tan 0.165354 -0.984252 0.000000 1.000000
tan -0.118110 -0.992126 0.000000 1.000000
tan -0.157480 -0.984252 0.000000 1.000000
tan 0.157480 -0.984252 0.000000 1.000000
tan 0.000000 -1.000000 -0.015748 1.000000
tan 0.110236 -0.992126 0.000000 1.000000
tan 0.165354 -0.984252 0.000000 1.000000
tan 0.000000 -1.000000 0.023622 1.000000
tan 0.000000 -1.000000 -0.015748 1.000000
tan 0.601525 -0.789013 0.116312 1.000000
tan 0.601525 -0.789013 -0.116312 1.000000
tan 0.110236 -0.992126 0.000000 1.000000
tan -0.157480 -0.984252 0.000000 1.000000
tan 0.601525 -0.789013 0.133610 1.000000
tan 0.110236 -0.992126 0.000000 1.000000
tan -0.157480 -0.984252 0.000000 1.000000
tan 0.601525 -0.789013 -0.133610 1.000000
tan 0.000000 -1.000000 -0.031496 1.000000
tan -0.181102 -0.984252 0.012028 1.000000
tan -0.283465 -0.960630 0.000000 1.000000
tan 0.000000 -1.000000 0.031496 1.000000
tan 0.000000 -1.000000 0.062992 1.000000
tan -0.322835 -0.944882 0.002542 1.000000
tan -0.070866 -1.000000 0.000000 1.000000
tan -0.866142 -0.000000 -0.503937 1.000000
tan -0.015748 -1.000000 0.000000 1.000000
tan -0.007874 -1.000000 0.000000 1.000000
tan 0.000000 -1.000000 -0.062992 1.000000
tan -0.181102 -0.984252 -0.012028 1.000000
tan -0.283465 -0.960630 0.000000 1.000000
tan -0.843698 0.117986 0.523405 1.000000
tan -0.322835 -0.944882 -0.002542 1.000000
tan -0.070866 -1.000000 0.000000 1.000000
tan -0.897638 -0.000000 -0.433071 1.000000
tan -0.007874 -1.000000 0.000000 1.000000
tan -0.015748 -1.000000 0.000000 1.000000
tan 0.000000 -0.992126 -0.149606 1.000000
tan 0.000000 -1.000000 -0.007874 1.000000
tan 0.921260 -0.000000 -0.385827 1.000000
tan 0.921260 0.000000 0.385827 1.000000
tan 0.000000 -0.992126 0.149606 1.000000
tan 0.000000 -1.000000 0.007874 1.000000
tan -0.039370 -1.000000 0.000000 1.000000
tan -0.007874 -1.000000 0.000000 1.000000
tan -0.031496 -1.000000 0.000000 1.000000
tan -0.267717 -0.960630 0.002108 1.000000
tan -0.244094 -0.968504 0.000000 1.000000
tan 0.000000 -1.000000 0.031496 1.000000
tan 0.881890 0.000000 0.472441 1.000000
tan 0.881890 -0.000000 -0.472441 1.000000
tan -0.173228 -0.984252 0.013206 1.000000
tan -0.141732 -0.992126 0.000000 1.000000
tan 0.000000 -1.000000 -0.031496 1.000000
tan -0.031496 -1.000000 0.000000 1.000000
tan 0.000000 -1.000000 0.000000 1.000000
tan -0.031496 -1.000000 0.000000 1.000000
tan -0.299213 -0.952756 -0.002356 1.000000
tan -0.283465 -0.960630 0.000000 1.000000
tan 0.000000 -0.992126 -0.141732 1.000000
tan 0.000000 -0.992126 0.141732 1.000000
tan -0.897638 -0.000000 -0.440945 1.000000
tan -0.897638 0.000000 0.433071 1.000000
tan -0.866142 -0.000000 -0.503937 1.000000
tan -0.866142 0.000000 0.503937 1.000000
tan 0.000000 -1.000000 0.062992 1.000000
tan -0.181102 -0.984252 -0.012028 1.000000
tan -0.149606 -0.992126 0.000000 1.000000
tan 0.000000 -1.000000 -0.070866 1.000000
tan 0.000000 -1.000000 -0.039370 1.000000
tan 0.000000 -1.000000 0.031496 1.000000
tan 0.110236 -0.992126 0.000000 1.000000
tan 0.165354 -0.984252 0.000000 1.000000
tan 0.601525 -0.789013 -0.133610 1.000000
tan 0.118110 -0.992126 0.000000 1.000000
tan 0.165354 -0.984252 0.000000 1.000000
tan 0.601525 -0.789013 0.133610 1.000000
tan 0.601525 -0.789013 0.116312 1.000000
tan 0.118110 -0.992126 0.000000 1.000000
tan 0.165354 -0.984252 0.000000 1.000000
tan -0.157480 -0.984252 0.000000 1.000000
tan 0.601525 -0.789013 -0.116312 1.000000
tan 0.000000 -1.000000 -0.023622 1.000000
tan -0.118110 -0.992126 0.000000 1.000000
tan -0.165354 -0.984252 0.000000 1.000000
tan 0.000000 -1.000000 0.015748 1.000000
tan 0.000000 -1.000000 0.015748 1.000000
tan 0.110236 -0.992126 0.000000 1.000000
tan 0.157480 -0.984252 0.000000 1.000000
tan -0.157480 -0.984252 0.000000 1.000000
tan 0.000000 -1.000000 -0.015748 1.000000
tan -0.118110 -0.992126 0.000000 1.000000
tan -0.165354 -0.984252 0.000000 1.000000
tan -0.601525 -0.789013 0.116312 1.000000
tan -0.110236 -0.992126 0.000000 1.000000
tan 0.157480 -0.984252 0.000000 1.000000
tan -0.601525 -0.789013 -0.116312 1.000000
tan -0.601525 -0.789013 0.133610 1.000000
tan 0.181102 -0.984252 0.012028 1.000000
tan 0.283465 -0.960630 0.000000 1.000000
tan 0.000000 -1.000000 -0.031496 1.000000
tan -0.601525 -0.789013 -0.133610 1.000000
tan -0.110236 -0.992126 0.000000 1.000000
tan 0.157480 -0.984252 0.000000 1.000000
tan 0.000000 -1.000000 0.031496 1.000000
tan 0.181102 -0.984252 -0.012028 1.000000
tan 0.283465 -0.960630 0.000000 1.000000
tan 0.000000 -1.000000 -0.062992 1.000000
tan 0.000000 -1.000000 0.062992 1.000000
tan 0.866142 -0.000000 -0.503937 1.000000
tan 0.859322 0.119908 0.499969 1.000000
tan 0.322835 -0.944882 -0.002542 1.000000
tan 0.070866 -1.000000 0.000000 1.000000
tan 0.015748 -1.000000 0.000000 1.000000
tan 0.007874 -1.000000 0.000000 1.000000
tan 0.000000 -1.000000 -0.007874 1.000000
tan -0.921260 -0.000000 -0.385827 1.000000
tan -0.921260 0.000000 0.385827 1.000000
tan 0.000000 -0.992126 -0.149606 1.000000
tan 0.897638 -0.000000 -0.433071 1.000000
tan 0.000000 -0.992126 0.149606 1.000000
tan 0.000000 -1.000000 0.007874 1.000000
tan 0.015748 -1.000000 0.000000 1.000000
tan 0.322835 -0.944882 0.002542 1.000000
tan 0.070866 -1.000000 0.000000 1.000000
tan 0.007874 -1.000000 0.000000 1.000000
tan -0.045384 -0.960630 0.021266 1.000000
tan -0.100812 -0.886850 0.235477 1.000000
tan 0.278381 -0.797507 0.257177 1.000000
tan -0.333809 -0.847976 -0.205902 1.000000
tan 0.291401 -0.908674 -0.227292 1.000000
tan -0.333809 -0.847976 0.205902 1.000000
tan -0.045384 -0.960630 -0.021266 1.000000
tan 0.291401 -0.908674 0.227293 1.000000
tan 0.278381 -0.797507 -0.257176 1.000000
tan -0.100812 -0.886850 -0.235476 1.000000
tan 0.104160 -0.876434 -0.242544 1.000000
tan -0.448199 -0.733275 -0.479633 1.000000
tan 0.141360 -0.937442 -0.048298 1.000000
tan -0.100812 -0.886850 0.235477 1.000000
tan 0.051584 -0.920082 0.061504 1.000000
tan -0.123008 -0.968690 0.035588 1.000000
tan -0.104160 -0.876434 -0.242544 1.000000
tan 0.448199 -0.733275 -0.479633 1.000000
tan -0.141360 -0.937442 -0.048298 1.000000
tan 0.100812 -0.886850 0.235477 1.000000
tan -0.051584 -0.920082 0.061504 1.000000
tan 0.123008 -0.968690 0.035588 1.000000
tan -0.448199 -0.733275 0.479633 1.000000
tan 0.141360 -0.937442 0.048298 1.000000
tan 0.104160 -0.876434 0.242545 1.000000
tan -0.100812 -0.886850 -0.235476 1.000000
tan 0.039060 -0.992126 -0.012214 1.000000
tan 0.054436 -0.823486 -0.350673 1.000000
tan -0.123008 -0.968690 -0.027776 1.000000
tan 0.448199 -0.733275 0.479633 1.000000
tan -0.141360 -0.937442 0.048298 1.000000
tan -0.104160 -0.876434 0.242545 1.000000
tan 0.100812 -0.886850 -0.235476 1.000000
tan -0.039060 -0.992126 -0.012214 1.000000
tan -0.054436 -0.823486 -0.350673 1.000000
tan 0.123008 -0.968690 -0.027776 1.000000
tan 0.104160 -0.876434 -0.242544 1.000000
tan 0.141360 -0.937442 -0.048298 1.000000
tan -0.448199 -0.733275 -0.479633 1.000000
tan -0.100812 -0.886850 0.235477 1.000000
tan 0.039060 -0.992126 0.012214 1.000000
tan 0.054436 -0.823485 0.350673 1.000000
tan -0.123008 -0.968690 0.027776 1.000000
f 3/3/3 2/2/2 1/1/1
f 2/2/2 3/3/3 4/4/4
f 5/5/5 4/4/4 3/3/3
f 4/4/4 5/5/5 6/6/6
f 7/7/7 6/6/6 5/5/5
f 10/10/10 9/9/9 8/8/8
f 9/9/9 11/11/11 8/8/8
f 12/12/12 8/8/8 11/11/11
f 11/11/11 13/13/13 12/12/12
f 14/14/14 12/12/12 13/13/13
f 17/17/17 16/16/16 15/15/15
f 18/18/18 15/15/15 16/16/16
f 18/18/18 19/19/19 15/15/15
f 19/19/19 20/20/20 15/15/15
f 19/19/19 21/21/21 20/20/20
f 22/22/22 20/20/20 21/21/21
f 23/23/23 19/19/19 18/18/18
f 19/19/19 23/23/23 21/21/21
f 22/22/22 21/21/21 24/24/24
f 22/22/22 24/24/24 25/25/25
f 21/21/21 23/23/23 26/26/26
f 21/21/21 26/26/26 24/24/24
f 27/27/27 23/23/23 18/18/18
f 27/27/27 18/18/18 28/28/28
f 28/28/28 29/29/29 27/27/27
f 30/30/30 26/26/26 23/23/23
f 31/31/31 27/27/27 29/29/29
f 32/32/32 31/31/31 29/29/29
f 33/33/33 23/23/23 27/27/27
f 30/30/30 23/23/23 33/33/33
f 27/27/27 31/31/31 34/34/34
f 34/34/34 33/33/33 27/27/27
f 35/35/35 26/26/26 30/30/30
f 24/24/24 26/26/26 35/35/35
f 36/36/36 30/30/30 33/33/33
f 30/30/30 36/36/36 35/35/35
f 33/33/33 37/37/37 36/36/36
f 35/35/35 36/36/36 38/38/38
f 33/33/33 39/39/39 37/37/37
f 36/36/36 37/37/37 39/39/39
f 38/38/38 36/36/36 39/39/39
f 33/33/33 34/34/34 39/39/39
f 38/38/38 40/40/40 35/35/35
f 40/40/40 24/24/24 35/35/35
f 38/38/38 41/41/41 40/40/40
f 41/41/41 38/38/38 39/39/39
f 24/24/24 40/40/40 42/42/42
f 43/43/43 24/24/24 42/42/42
f 24/24/24 43/43/43 25/25/25
f 25/25/25 43/43/43 44/44/44
f 40/40/40 45/45/45 42/42/42
f 46/46/46 44/44/44 43/43/43
f 42/42/42 47/47/47 43/43/43
f 46/46/46 43/43/43 47/47/47
f 42/42/42 45/45/45 47/47/47
f 46/46/46 48/48/48 44/44/44
f 46/46/46 47/47/47 48/48/48
f 44/44/44 48/48/48 49/49/49
f 40/40/40 50/50/50 45/45/45
f 40/40/40 41/41/41 50/50/50
f 51/51/51 47/47/47 45/45/45
f 45/45/45 50/50/50 51/51/51
f 52/52/52 50/50/50 41/41/41
f 51/51/51 50/50/50 53/53/53
f 52/52/52 41/41/41 54/54/54
f 50/50/50 52/52/52 55/55/55
f 55/55/55 53/53/53 50/50/50
f 55/55/55 52/52/52 54/54/54
f 41/41/41 39/39/39 54/54/54
f 55/55/55 56/56/56 53/53/53
f 51/51/51 53/53/53 56/56/56
f 55/55/55 54/54/54 56/56/56
f 56/56/56 47/47/47 51/51/51
f 47/47/47 56/56/56 57/57/57
f 57/57/57 48/48/48 47/47/47
f 56/56/56 58/58/58 57/57/57
f 56/56/56 54/54/54 58/58/58
f 48/48/48 57/57/57 59/59/59
f 58/58/58 59/59/59 57/57/57
f 60/60/60 49/49/49 48/48/48
f 59/59/59 60/60/60 48/48/48
f 49/49/49 60/60/60 61/61/61
f 61/61/61 60/60/60 62/62/62
f 62/62/62 60/60/60 63/63/63
f 62/62/62 63/63/63 64/64/64
f 65/65/65 60/60/60 59/59/59
f 60/60/60 65/65/65 63/63/63
f 66/66/66 59/59/59 58/58/58
f 59/59/59 66/66/66 65/65/65
f 66/66/66 58/58/58 67/67/67
f 58/58/58 54/54/54 67/67/67
f 68/68/68 63/63/63 65/65/65
f 67/67/67 54/54/54 69/69/69
f 70/70/70 68/68/68 65/65/65
f 65/65/65 66/66/66 70/70/70
f 68/68/68 71/71/71 63/63/63
f 71/71/71 68/68/68 70/70/70
f 71/71/71 64/64/64 63/63/63
f 72/72/72 70/70/70 66/66/66
f 66/66/66 67/67/67 72/72/72
f 67/67/67 69/69/69 72/72/72
f 70/70/70 72/72/72 73/73/73
f 70/70/70 73/73/73 71/71/71
f 73/73/73 72/72/72 69/69/69
f 71/71/71 74/74/74 64/64/64
f 75/75/75 64/64/64 74/74/74
f 71/71/71 73/73/73 76/76/76
f 74/74/74 71/71/71 76/76/76
f 76/76/76 73/73/73 77/77/77
f 77/77/77 73/73/73 69/69/69
f 76/76/76 78/78/78 74/74/74
f 78/78/78 76/76/76 77/77/77
f 74/74/74 79/79/79 75/75/75
f 79/79/79 74/74/74 78/78/78
f 79/79/79 80/80/80 75/75/75
f 79/79/79 78/78/78 80/80/80
f 81/81/81 75/75/75 80/80/80
f 80/80/80 78/78/78 82/82/82
f 83/83/83 81/81/81 80/80/80
f 80/80/80 82/82/82 83/83/83
f 81/81/81 83/83/83 84/84/84
f 82/82/82 78/78/78 85/85/85
f 86/86/86 84/84/84 83/83/83
f 84/84/84 86/86/86 87/87/87
f 88/88/88 85/85/85 78/78/78
f 77/77/77 88/88/88 78/78/78
f 87/87/87 86/86/86 89/89/89
f 87/87/87 89/89/89 90/90/90
f 77/77/77 91/91/91 88/88/88
f 90/90/90 89/89/89 92/92/92
f 90/90/90 92/92/92 93/93/93
f 94/94/94 93/93/93 92/92/92
f 77/77/77 95/95/95 91/91/91
f 77/77/77 69/69/69 95/95/95
f 91/91/91 96/96/96 88/88/88
f 91/91/91 95/95/95 96/96/96
f 85/85/85 88/88/88 96/96/96
f 95/95/95 69/69/69 97/97/97
f 96/96/96 95/95/95 97/97/97
f 97/97/97 69/69/69 98/98/98
f 98/98/98 96/96/96 97/97/97
f 85/85/85 96/96/96 99/99/99
f 99/99/99 96/96/96 98/98/98
f 85/85/85 99/99/99 82/82/82
f 82/82/82 99/99/99 83/83/83
f 98/98/98 100/100/100 99/99/99
f 101/101/101 83/83/83 99/99/99
f 101/101/101 99/99/99 100/100/100
f 83/83/83 101/101/101 102/102/102
f 83/83/83 102/102/102 86/86/86
f 101/101/101 100/100/100 103/103/103
f 102/102/102 104/104/104 86/86/86
f 89/89/89 86/86/86 104/104/104
f 104/104/104 92/92/92 89/89/89
f 101/101/101 105/105/105 102/102/102
f 104/104/104 102/102/102 105/105/105
f 103/103/103 105/105/105 101/101/101
f 92/92/92 104/104/104 106/106/106
f 107/107/107 92/92/92 106/106/106
f 105/105/105 108/108/108 104/104/104
f 106/106/106 104/104/104 108/108/108
f 103/103/103 108/108/108 105/105/105
f 107/107/107 106/106/106 109/109/109
f 110/110/110 107/107/107 109/109/109
f 112/112/112 111/111/111 110/110/110
f 113/113/113 112/112/112 110/110/110
f 109/109/109 106/106/106 114/114/114
f 106/106/106 108/108/108 114/114/114
f 110/110/110 109/109/109 115/115/115
f 114/114/114 115/115/115 109/109/109
f 113/113/113 110/110/110 116/116/116
f 115/115/115 116/116/116 110/110/110
f 117/117/117 113/113/113 116/116/116
f 117/117/117 116/116/116 118/118/118
f 115/115/115 118/118/118 116/116/116
f 118/118/118 119/119/119 117/117/117
f 120/120/120 118/118/118 115/115/115
f 118/118/118 121/121/121 119/119/119
f 120/120/120 121/121/121 118/118/118
f 122/122/122 119/119/119 121/121/121
f 123/123/123 120/120/120 115/115/115
f 115/115/115 114/114/114 123/123/123
f 124/124/124 120/120/120 123/123/123
f 121/121/121 120/120/120 124/124/124
f 125/125/125 123/123/123 114/114/114
f 125/125/125 124/124/124 123/123/123
f 126/126/126 125/125/125 114/114/114
f 127/127/127 124/124/124 125/125/125
f 128/128/128 126/126/126 114/114/114
f 125/125/125 126/126/126 128/128/128
f 127/127/127 125/125/125 128/128/128
f 114/114/114 108/108/108 128/128/128
f 127/127/127 129/129/129 124/124/124
f 121/121/121 124/124/124 129/129/129
f 128/128/128 108/108/108 130/130/130
f 130/130/130 108/108/108 103/103/103
f 130/130/130 103/103/103 128/128/128
f 103/103/103 100/100/100 128/128/128
f 98/98/98 128/128/128 100/100/100
f 98/98/98 69/69/69 128/128/128
f 69/69/69 54/54/54 39/39/39
f 39/39/39 128/128/128 69/69/69
f 131/131/131 127/127/127 128/128/128
f 127/127/127 131/131/131 129/129/129
f 131/131/131 128/128/128 132/132/132
f 39/39/39 132/132/132 128/128/128
f 133/133/133 129/129/129 131/131/131
f 134/134/134 131/131/131 132/132/132
f 131/131/131 134/134/134 133/133/133
f 132/132/132 135/135/135 134/134/134
f 134/134/134 135/135/135 133/133/133
f 133/133/133 136/136/136 129/129/129
f 137/137/137 133/133/133 135/135/135
f 129/129/129 136/136/136 138/138/138
f 138/138/138 121/121/121 129/129/129
f 133/133/133 139/139/139 136/136/136
f 137/137/137 139/139/139 133/133/133
f 140/140/140 137/137/137 135/135/135
f 137/137/137 140/140/140 139/139/139
f 132/132/132 140/140/140 135/135/135
f 139/139/139 141/141/141 136/136/136
f 140/140/140 141/141/141 139/139/139
f 138/138/138 136/136/136 141/141/141
f 142/142/142 121/121/121 138/138/138
f 142/142/142 122/122/122 121/121/121
f 122/122/122 142/142/142 143/143/143
f 142/142/142 138/138/138 144/144/144
f 144/144/144 143/143/143 142/142/142
f 141/141/141 144/144/144 138/138/138
f 145/145/145 143/143/143 144/144/144
f 144/144/144 141/141/141 145/145/145
f 143/143/143 145/145/145 146/146/146
f 147/147/147 145/145/145 141/141/141
f 147/147/147 141/141/141 140/140/140
f 148/148/148 146/146/146 145/145/145
f 147/147/147 148/148/148 145/145/145
f 147/147/147 140/140/140 149/149/149
f 149/149/149 148/148/148 147/147/147
f 140/140/140 132/132/132 149/149/149
f 148/148/148 150/150/150 146/146/146
f 151/151/151 146/146/146 150/150/150
f 149/149/149 152/152/152 148/148/148
f 153/153/153 150/150/150 148/148/148
f 153/153/153 148/148/148 152/152/152
f 150/150/150 154/154/154 151/151/151
f 155/155/155 151/151/151 154/154/154
f 156/156/156 155/155/155 154/154/154
f 153/153/153 157/157/157 150/150/150
f 154/154/154 150/150/150 157/157/157
f 153/153/153 152/152/152 157/157/157
f 154/154/154 158/158/158 156/156/156
f 159/159/159 156/156/156 158/158/158
f 157/157/157 160/160/160 154/154/154
f 160/160/160 158/158/158 154/154/154
f 161/161/161 157/157/157 152/152/152
f 160/160/160 157/157/157 161/161/161
f 162/162/162 152/152/152 149/149/149
f 149/149/149 132/132/132 162/162/162
f 152/152/152 162/162/162 163/163/163
f 162/162/162 132/132/132 163/163/163
f 163/163/163 161/161/161 152/152/152
f 164/164/164 163/163/163 132/132/132
f 165/165/165 161/161/161 163/163/163
f 165/165/165 160/160/160 161/161/161
f 165/165/165 163/163/163 164/164/164
f 132/132/132 39/39/39 164/164/164
f 165/165/165 166/166/166 160/160/160
f 166/166/166 158/158/158 160/160/160
f 166/166/166 165/165/165 167/167/167
f 167/167/167 165/165/165 164/164/164
f 166/166/166 168/168/168 158/158/158
f 168/168/168 166/166/166 167/167/167
f 169/169/169 158/158/158 168/168/168
f 169/169/169 159/159/159 158/158/158
f 169/169/169 170/170/170 159/159/159
f 168/168/168 170/170/170 169/169/169
f 171/171/171 159/159/159 170/170/170
f 170/170/170 172/172/172 171/171/171
f 173/173/173 171/171/171 172/172/172
f 174/174/174 170/170/170 168/168/168
f 170/170/170 174/174/174 172/172/172
f 174/174/174 168/168/168 175/175/175
f 173/173/173 172/172/172 176/176/176
f 176/176/176 177/177/177 173/173/173
f 178/178/178 175/175/175 168/168/168
f 178/178/178 168/168/168 167/167/167
f 179/179/179 174/174/174 175/175/175
f 174/174/174 179/179/179 172/172/172
f 180/180/180 175/175/175 178/178/178
f 180/180/180 179/179/179 175/175/175
f 181/181/181 178/178/178 167/167/167
f 178/178/178 181/181/181 180/180/180
f 167/167/167 182/182/182 181/181/181
f 182/182/182 180/180/180 181/181/181
f 182/182/182 167/167/167 164/164/164
f 180/180/180 182/182/182 183/183/183
f 164/164/164 183/183/183 182/182/182
f 184/184/184 180/180/180 183/183/183
f 184/184/184 183/183/183 164/164/164
f 179/179/179 180/180/180 184/184/184
f 184/184/184 164/164/164 39/39/39
f 184/184/184 185/185/185 179/179/179
f 184/184/184 39/39/39 185/185/185
f 185/185/185 186/186/186 179/179/179
f 172/172/172 179/179/179 186/186/186
f 187/187/187 185/185/185 39/39/39
f 185/185/185 187/187/187 186/186/186
f 188/188/188 187/187/187 39/39/39
f 39/39/39 34/34/34 188/188/188
f 188/188/188 34/34/34 187/187/187
f 172/172/172 186/186/186 189/189/189
f 189/189/189 176/176/176 172/172/172
f 190/190/190 186/186/186 187/187/187
f 189/189/189 186/186/186 190/190/190
f 187/187/187 34/34/34 190/190/190
f 190/190/190 191/191/191 189/189/189
f 190/190/190 34/34/34 191/191/191
f 176/176/176 189/189/189 191/191/191
f 34/34/34 31/31/31 191/191/191
f 31/31/31 32/32/32 191/191/191
f 191/191/191 192/192/192 176/176/176
f 191/191/191 32/32/32 192/192/192
f 192/192/192 177/177/177 176/176/176
f 192/192/192 193/193/193 177/177/177
f 193/193/193 192/192/192 32/32/32
f 193/193/193 32/32/32 194/194/194
f 195/195/195 193/193/193 194/194/194
f 198/198/198 197/197/197 196/196/196
f 199/199/199 197/197/197 198/198/198
f 200/200/200 196/196/196 197/197/197
f 201/201/201 196/196/196 200/200/200
f 202/202/202 197/197/197 199/199/199
f 202/202/202 200/200/200 197/197/197
f 201/201/201 200/200/200 203/203/203
f 204/204/204 201/201/201 203/203/203
f 205/205/205 200/200/200 202/202/202
f 200/200/200 205/205/205 203/203/203
f 206/206/206 202/202/202 199/199/199
f 206/206/206 199/199/199 207/207/207
f 206/206/206 207/207/207 208/208/208
f 209/209/209 205/205/205 202/202/202
f 210/210/210 206/206/206 208/208/208
f 211/211/211 210/210/210 208/208/208
f 212/212/212 202/202/202 206/206/206
f 202/202/202 212/212/212 209/209/209
f 206/206/206 210/210/210 213/213/213
f 213/213/213 212/212/212 206/206/206
f 210/210/210 211/211/211 214/214/214
f 210/210/210 214/214/214 213/213/213
f 214/214/214 211/211/211 215/215/215
f 216/216/216 215/215/215 211/211/211
f 216/216/216 217/217/217 215/215/215
f 218/218/218 215/215/215 217/217/217
f 215/215/215 218/218/218 214/214/214
f 219/219/219 218/218/218 217/217/217
f 220/220/220 214/214/214 218/218/218
f 219/219/219 221/221/221 218/218/218
f 220/220/220 218/218/218 221/221/221
f 219/219/219 222/222/222 221/221/221
f 214/214/214 220/220/220 223/223/223
f 223/223/223 213/213/213 214/214/214
f 224/224/224 223/223/223 220/220/220
f 221/221/221 224/224/224 220/220/220
f 225/225/225 213/213/213 223/223/223
f 225/225/225 223/223/223 224/224/224
f 226/226/226 213/213/213 225/225/225
f 224/224/224 227/227/227 225/225/225
f 228/228/228 213/213/213 226/226/226
f 226/226/226 225/225/225 228/228/228
f 225/225/225 227/227/227 228/228/228
f 212/212/212 213/213/213 228/228/228
f 227/227/227 224/224/224 229/229/229
f 221/221/221 229/229/229 224/224/224
f 230/230/230 227/227/227 229/229/229
f 230/230/230 228/228/228 227/227/227
f 221/221/221 222/222/222 231/231/231
f 222/222/222 232/232/232 231/231/231
f 231/231/231 233/233/233 221/221/221
f 233/233/233 229/229/229 221/221/221
f 234/234/234 231/231/231 232/232/232
f 231/231/231 234/234/234 233/233/233
f 235/235/235 234/234/234 232/232/232
f 232/232/232 236/236/236 235/235/235
f 237/237/237 233/233/233 234/234/234
f 234/234/234 235/235/235 237/237/237
f 238/238/238 229/229/229 233/233/233
f 233/233/233 237/237/237 238/238/238
f 238/238/238 239/239/239 229/229/229
f 229/229/229 239/239/239 230/230/230
f 240/240/240 238/238/238 237/237/237
f 238/238/238 240/240/240 239/239/239
f 230/230/230 239/239/239 241/241/241
f 242/242/242 239/239/239 240/240/240
f 241/241/241 243/243/243 230/230/230
f 239/239/239 244/244/244 241/241/241
f 242/242/242 244/244/244 239/239/239
f 244/244/244 243/243/243 241/241/241
f 230/230/230 243/243/243 228/228/228
f 245/245/245 244/244/244 242/242/242
f 245/245/245 242/242/242 240/240/240
f 245/245/245 243/243/243 244/244/244
f 245/245/245 240/240/240 237/237/237
f 237/237/237 246/246/246 245/245/245
f 246/246/246 237/237/237 235/235/235
f 246/246/246 247/247/247 245/245/245
f 245/245/245 247/247/247 243/243/243
f 235/235/235 248/248/248 246/246/246
f 248/248/248 247/247/247 246/246/246
f 249/249/249 248/248/248 235/235/235
f 249/249/249 235/235/235 236/236/236
f 250/250/250 249/249/249 236/236/236
f 249/249/249 250/250/250 251/251/251
f 252/252/252 248/248/248 249/249/249
f 251/251/251 253/253/253 249/249/249
f 252/252/252 249/249/249 253/253/253
f 254/254/254 253/253/253 251/251/251
f 248/248/248 252/252/252 255/255/255
f 255/255/255 247/247/247 248/248/248
f 253/253/253 256/256/256 252/252/252
f 252/252/252 256/256/256 255/255/255
f 253/253/253 254/254/254 257/257/257
f 258/258/258 257/257/257 254/254/254
f 256/256/256 253/253/253 259/259/259
f 259/259/259 253/253/253 257/257/257
f 260/260/260 255/255/255 256/256/256
f 259/259/259 260/260/260 256/256/256
f 255/255/255 261/261/261 247/247/247
f 255/255/255 260/260/260 261/261/261
f 247/247/247 261/261/261 243/243/243
f 260/260/260 259/259/259 262/262/262
f 263/263/263 261/261/261 260/260/260
f 260/260/260 262/262/262 263/263/263
f 243/243/243 261/261/261 264/264/264
f 263/263/263 264/264/264 261/261/261
f 264/264/264 228/228/228 243/243/243
f 262/262/262 259/259/259 265/265/265
f 257/257/257 265/265/265 259/259/259
f 262/262/262 266/266/266 263/263/263
f 263/263/263 266/266/266 264/264/264
f 267/267/267 262/262/262 265/265/265
f 267/267/267 266/266/266 262/262/262
f 265/265/265 257/257/257 268/268/268
f 268/268/268 267/267/267 265/265/265
f 269/269/269 268/268/268 257/257/257
f 269/269/269 257/257/257 258/258/258
f 269/269/269 258/258/258 270/270/270
f 271/271/271 270/270/270 258/258/258
f 270/270/270 272/272/272 269/269/269
f 268/268/268 269/269/269 272/272/272
f 273/273/273 270/270/270 271/271/271
f 270/270/270 273/273/273 272/272/272
f 271/271/271 274/274/274 273/273/273
f 272/272/272 275/275/275 268/268/268
f 276/276/276 273/273/273 274/274/274
f 277/277/277 276/276/276 274/274/274
f 278/278/278 268/268/268 275/275/275
f 267/267/267 268/268/268 278/278/278
f 279/279/279 275/275/275 272/272/272
f 273/273/273 279/279/279 272/272/272
f 275/275/275 280/280/280 278/278/278
f 279/279/279 280/280/280 275/275/275
f 278/278/278 281/281/281 267/267/267
f 278/278/278 280/280/280 281/281/281
f 282/282/282 267/267/267 281/281/281
f 282/282/282 281/281/281 280/280/280
f 282/282/282 266/266/266 267/267/267
f 280/280/280 283/283/283 282/282/282
f 282/282/282 283/283/283 266/266/266
f 283/283/283 280/280/280 284/284/284
f 283/283/283 284/284/284 266/266/266
f 279/279/279 284/284/284 280/280/280
f 284/284/284 285/285/285 266/266/266
f 286/286/286 284/284/284 279/279/279
f 284/284/284 286/286/286 285/285/285
f 286/286/286 279/279/279 287/287/287
f 273/273/273 287/287/287 279/279/279
f 285/285/285 264/264/264 266/266/266
f 273/273/273 288/288/288 287/287/287
f 288/288/288 273/273/273 276/276/276
f 287/287/287 289/289/289 286/286/286
f 286/286/286 289/289/289 285/285/285
f 287/287/287 288/288/288 290/290/290
f 290/290/290 289/289/289 287/287/287
f 288/288/288 276/276/276 291/291/291
f 290/290/290 288/288/288 291/291/291
f 292/292/292 291/291/291 276/276/276
f 276/276/276 277/277/277 292/292/292
f 293/293/293 292/292/292 277/277/277
f 293/293/293 294/294/294 292/292/292
f 291/291/291 292/292/292 294/294/294
f 294/294/294 295/295/295 291/291/291
f 294/294/294 296/296/296 295/295/295
f 290/290/290 291/291/291 297/297/297
f 297/297/297 291/291/291 295/295/295
f 289/289/289 290/290/290 297/297/297
f 296/296/296 298/298/298 295/295/295
f 295/295/295 298/298/298 297/297/297
f 296/296/296 299/299/299 298/298/298
f 297/297/297 300/300/300 289/289/289
f 289/289/289 300/300/300 285/285/285
f 297/297/297 285/285/285 300/300/300
f 301/301/301 297/297/297 298/298/298
f 297/297/297 301/301/301 285/285/285
f 299/299/299 302/302/302 298/298/298
f 301/301/301 298/298/298 302/302/302
f 302/302/302 299/299/299 303/303/303
f 304/304/304 303/303/303 299/299/299
f 304/304/304 305/305/305 303/303/303
f 306/306/306 303/303/303 305/305/305
f 302/302/302 303/303/303 306/306/306
f 307/307/307 306/306/306 305/305/305
f 306/306/306 308/308/308 302/302/302
f 306/306/306 307/307/307 309/309/309
f 309/309/309 308/308/308 306/306/306
f 310/310/310 309/309/309 307/307/307
f 311/311/311 302/302/302 308/308/308
f 311/311/311 301/301/301 302/302/302
f 308/308/308 312/312/312 311/311/311
f 309/309/309 312/312/312 308/308/308
f 313/313/313 301/301/301 311/311/311
f 311/311/311 312/312/312 313/313/313
f 314/314/314 301/301/301 313/313/313
f 285/285/285 301/301/301 314/314/314
f 314/314/314 313/313/313 285/285/285
f 315/315/315 313/313/313 312/312/312
f 313/313/313 315/315/315 285/285/285
f 312/312/312 316/316/316 315/315/315
f 312/312/312 309/309/309 316/316/316
f 317/317/317 285/285/285 315/315/315
f 317/317/317 315/315/315 316/316/316
f 318/318/318 285/285/285 317/317/317
f 285/285/285 318/318/318 264/264/264
f 316/316/316 319/319/319 317/317/317
f 317/317/317 320/320/320 318/318/318
f 317/317/317 319/319/319 320/320/320
f 318/318/318 320/320/320 321/321/321
f 319/319/319 321/321/321 320/320/320
f 322/322/322 316/316/316 309/309/309
f 321/321/321 319/319/319 323/323/323
f 319/319/319 316/316/316 324/324/324
f 316/316/316 322/322/322 324/324/324
f 325/325/325 323/323/323 319/319/319
f 319/319/319 324/324/324 325/325/325
f 326/326/326 321/321/321 323/323/323
f 323/323/323 325/325/325 326/326/326
f 321/321/321 326/326/326 318/318/318
f 325/325/325 324/324/324 327/327/327
f 325/325/325 327/327/327 326/326/326
f 322/322/322 327/327/327 324/324/324
f 328/328/328 322/322/322 309/309/309
f 322/322/322 328/328/328 327/327/327
f 309/309/309 310/310/310 328/328/328
f 310/310/310 329/329/329 328/328/328
f 327/327/327 328/328/328 330/330/330
f 330/330/330 328/328/328 329/329/329
f 330/330/330 329/329/329 331/331/331
f 330/330/330 331/331/331 327/327/327
f 329/329/329 332/332/332 331/331/331
f 327/327/327 333/333/333 326/326/326
f 333/333/333 327/327/327 331/331/331
f 333/333/333 334/334/334 326/326/326
f 326/326/326 334/334/334 318/318/318
f 333/333/333 331/331/331 335/335/335
f 334/334/334 333/333/333 335/335/335
f 336/336/336 331/331/331 332/332/332
f 335/335/335 331/331/331 336/336/336
f 332/332/332 337/337/337 336/336/336
f 334/334/334 338/338/338 318/318/318
f 318/318/318 338/338/338 264/264/264
f 334/334/334 339/339/339 338/338/338
f 338/338/338 339/339/339 264/264/264
f 334/334/334 335/335/335 339/339/339
f 335/335/335 340/340/340 339/339/339
f 340/340/340 335/335/335 336/336/336
f 339/339/339 340/340/340 341/341/341
f 341/341/341 264/264/264 339/339/339
f 340/340/340 336/336/336 342/342/342
f 342/342/342 341/341/341 340/340/340
f 336/336/336 337/337/337 343/343/343
f 343/343/343 342/342/342 336/336/336
f 344/344/344 343/343/343 337/337/337
f 344/344/344 345/345/345 343/343/343
f 342/342/342 346/346/346 341/341/341
f 342/342/342 343/343/343 346/346/346
f 343/343/343 345/345/345 347/347/347
f 343/343/343 347/347/347 346/346/346
f 348/348/348 347/347/347 345/345/345
f 349/349/349 341/341/341 346/346/346
f 264/264/264 341/341/341 349/349/349
f 350/350/350 346/346/346 347/347/347
f 349/349/349 346/346/346 350/350/350
f 347/347/347 348/348/348 351/351/351
f 350/350/350 347/347/347 352/352/352
f 351/351/351 352/352/352 347/347/347
f 351/351/351 348/348/348 353/353/353
f 352/352/352 351/351/351 353/353/353
f 204/204/204 353/353/353 348/348/348
f 353/353/353 204/204/204 203/203/203
f 353/353/353 354/354/354 352/352/352
f 353/353/353 203/203/203 354/354/354
f 350/350/350 352/352/352 355/355/355
f 350/350/350 355/355/355 349/349/349
f 354/354/354 356/356/356 352/352/352
f 349/349/349 357/357/357 264/264/264
f 355/355/355 357/357/357 349/349/349
f 264/264/264 357/357/357 228/228/228
f 355/355/355 352/352/352 358/358/358
f 358/358/358 352/352/352 356/356/356
f 359/359/359 355/355/355 358/358/358
f 360/360/360 358/358/358 356/356/356
f 359/359/359 358/358/358 360/360/360
f 355/355/355 359/359/359 361/361/361
f 359/359/359 360/360/360 361/361/361
f 357/357/357 355/355/355 361/361/361
f 362/362/362 361/361/361 360/360/360
f 357/357/357 361/361/361 362/362/362
f 362/362/362 363/363/363 357/357/357
f 363/363/363 362/362/362 360/360/360
f 357/357/357 363/363/363 228/228/228
f 360/360/360 356/356/356 364/364/364
f 360/360/360 364/364/364 363/363/363
f 364/364/364 356/356/356 354/354/354
f 354/354/354 203/203/203 364/364/364
f 365/365/365 363/363/363 364/364/364
f 363/363/363 365/365/365 228/228/228
f 364/364/364 203/203/203 366/366/366
f 365/365/365 364/364/364 366/366/366
f 203/203/203 205/205/205 366/366/366
f 366/366/366 205/205/205 209/209/209
f 365/365/365 366/366/366 367/367/367
f 367/367/367 366/366/366 209/209/209
f 365/365/365 367/367/367 228/228/228
f 367/367/367 209/209/209 212/212/212
f 228/228/228 368/368/368 212/212/212
f 368/368/368 367/367/367 212/212/212
f 367/367/367 368/368/368 228/228/228
f 371/371/371 370/370/370 369/369/369
f 372/372/372 371/371/371 369/369/369
f 373/373/373 371/371/371 372/372/372
f 372/372/372 374/374/374 373/373/373
f 374/374/374 375/375/375 373/373/373
f 376/376/376 373/373/373 375/375/375
f 377/377/377 376/376/376 375/375/375
f 376/376/376 377/377/377 378/378/378
f 379/379/379 378/378/378 377/377/377
f 380/380/380 378/378/378 379/379/379
f 383/383/383 382/382/382 381/381/381
f 384/384/384 382/382/382 383/383/383
f 385/385/385 384/384/384 383/383/383
f 386/386/386 384/384/384 385/385/385
f 387/387/387 386/386/386 385/385/385
f 385/385/385 388/388/388 387/387/387
f 387/387/387 388/388/388 389/389/389
f 390/390/390 389/389/389 388/388/388
f 391/391/391 389/389/389 390/390/390
f 390/390/390 392/392/392 391/391/391
f 395/395/395 394/394/394 393/393/393
f 394/394/394 395/395/395 396/396/396
f 396/396/396 395/395/395 397/397/397
f 397/397/397 398/398/398 396/396/396
f 398/398/398 397/397/397 399/399/399
f 397/397/397 400/400/400 399/399/399
f 403/403/403 402/402/402 401/401/401
f 402/402/402 403/403/403 404/404/404
f 405/405/405 404/404/404 403/403/403
f 405/405/405 406/406/406 404/404/404
f 409/409/409 408/408/408 407/407/407
f 408/408/408 409/409/409 410/410/410
f 411/411/411 410/410/410 409/409/409
f 411/411/411 412/412/412 410/410/410
f 415/415/415 414/414/414 413/413/413
f 416/416/416 415/415/415 413/413/413
f 417/417/417 415/415/415 416/416/416
f 416/416/416 418/418/418 417/417/417
f 418/418/418 419/419/419 417/417/417
f 420/420/420 417/417/417 419/419/419
f 421/421/421 420/420/420 419/419/419
f 420/420/420 421/421/421 422/422/422
f 423/423/423 422/422/422 421/421/421
f 424/424/424 422/422/422 423/423/423
f 427/427/427 426/426/426 425/425/425
f 428/428/428 426/426/426 427/427/427
f 429/429/429 428/428/428 427/427/427
f 430/430/430 428/428/428 429/429/429
f 431/431/431 430/430/430 429/429/429
f 429/429/429 432/432/432 431/431/431
f 431/431/431 432/432/432 433/433/433
f 434/434/434 433/433/433 432/432/432
f 435/435/435 433/433/433 434/434/434
f 434/434/434 436/436/436 435/435/435
f 439/439/439 438/438/438 437/437/437
f 438/438/438 439/439/439 440/440/440
f 439/439/439 441/441/441 440/440/440
f 442/442/442 440/440/440 441/441/441
f 442/442/442 441/441/441 443/443/443
f 441/441/441 444/444/444 443/443/443
f 447/447/447 446/446/446 445/445/445
f 446/446/446 447/447/447 448/448/448
f 449/449/449 448/448/448 447/447/447
f 449/449/449 450/450/450 448/448/448
f 453/453/453 452/452/452 451/451/451
f 452/452/452 453/453/453 454/454/454
f 455/455/455 454/454/454 453/453/453
f 456/456/456 454/454/454 455/455/455
f 459/459/459 458/458/458 457/457/457
f 457/457/457 460/460/460 459/459/459
f 461/461/461 459/459/459 460/460/460
f 461/461/461 460/460/460 462/462/462
f 465/465/465 464/464/464 463/463/463
f 464/464/464 466/466/466 463/463/463
f 463/463/463 466/466/466 467/467/467
f 468/468/468 467/467/467 466/466/466
f 469/469/469 467/467/467 468/468/468
f 470/470/470 467/467/467 469/469/469
f 473/473/473 472/472/472 471/471/471
f 472/472/472 474/474/474 471/471/471
f 475/475/475 471/471/471 474/474/474
f 475/475/475 474/474/474 476/476/476
f 479/479/479 478/478/478 477/477/477
f 479/479/479 480/480/480 478/478/478
f 481/481/481 478/478/478 480/480/480
f 482/482/482 481/481/481 480/480/480
f 485/485/485 484/484/484 483/483/483
f 484/484/484 486/486/486 483/483/483
f 483/483/483 486/486/486 487/487/487
f 488/488/488 487/487/487 486/486/486
f 489/489/489 487/487/487 488/488/488
f 490/490/490 487/487/487 489/489/489
f 493/493/493 492/492/492 491/491/491
f 492/492/492 494/494/494 491/491/491
f 495/495/495 491/491/491 494/494/494
f 495/495/495 494/494/494 496/496/496
f 499/499/499 498/498/498 497/497/497
f 498/498/498 500/500/500 497/497/497
f 500/500/500 498/498/498 501/501/501
f 502/502/502 501/501/501 498/498/498
f 505/505/505 504/504/504 503/503/503
f 505/505/505 503/503/503 506/506/506
f 507/507/507 506/506/506 503/503/503
f 508/508/508 505/505/505 506/506/506
f 508/508/508 509/509/509 505/505/505
f 509/509/509 508/508/508 510/510/510
f 510/510/510 508/508/508 511/511/511
f 510/510/510 511/511/511 512/512/512
f 514/514/514 513/513/513 512/512/512
f 508/508/508 515/515/515 511/511/511
f 508/508/508 506/506/506 515/515/515
f 514/514/514 512/512/512 516/516/516
f 512/512/512 511/511/511 516/516/516
f 517/517/517 514/514/514 516/516/516
f 518/518/518 511/511/511 515/515/515
f 511/511/511 518/518/518 516/516/516
f 519/519/519 518/518/518 515/515/515
f 519/519/519 515/515/515 506/506/506
f 518/518/518 520/520/520 516/516/516
f 520/520/520 518/518/518 519/519/519
f 516/516/516 521/521/521 517/517/517
f 521/521/521 522/522/522 517/517/517
f 516/516/516 520/520/520 523/523/523
f 520/520/520 519/519/519 523/523/523
f 523/523/523 521/521/521 516/516/516
f 524/524/524 519/519/519 506/506/506
f 524/524/524 523/523/523 519/519/519
f 524/524/524 506/506/506 525/525/525
f 525/525/525 506/506/506 507/507/507
f 507/507/507 526/526/526 525/525/525
f 527/527/527 523/523/523 524/524/524
f 524/524/524 525/525/525 527/527/527
f 523/523/523 527/527/527 528/528/528
f 523/523/523 528/528/528 521/521/521
f 527/527/527 525/525/525 529/529/529
f 530/530/530 528/528/528 527/527/527
f 521/521/521 528/528/528 530/530/530
f 529/529/529 530/530/530 527/527/527
f 526/526/526 531/531/531 525/525/525
f 529/529/529 525/525/525 531/531/531
f 531/531/531 526/526/526 532/532/532
f 533/533/533 530/530/530 529/529/529
f 531/531/531 533/533/533 529/529/529
f 530/530/530 534/534/534 521/521/521
f 522/522/522 521/521/521 534/534/534
f 534/534/534 535/535/535 522/522/522
f 530/530/530 533/533/533 536/536/536
f 530/530/530 536/536/536 534/534/534
f 531/531/531 537/537/537 533/533/533
f 537/537/537 536/536/536 533/533/533
f 531/531/531 532/532/532 538/538/538
f 537/537/537 531/531/531 538/538/538
f 538/538/538 532/532/532 539/539/539
f 539/539/539 540/540/540 538/538/538
f 536/536/536 537/537/537 541/541/541
f 536/536/536 541/541/541 534/534/534
f 537/537/537 538/538/538 542/542/542
f 537/537/537 542/542/542 541/541/541
f 540/540/540 543/543/543 538/538/538
f 538/538/538 543/543/543 542/542/542
f 543/543/543 540/540/540 544/544/544
f 545/545/545 534/534/534 541/541/541
f 534/534/534 545/545/545 535/535/535
f 546/546/546 535/535/535 545/545/545
f 546/546/546 545/545/545 547/547/547
f 541/541/541 548/548/548 545/545/545
f 548/548/548 541/541/541 542/542/542
f 549/549/549 547/547/547 545/545/545
f 545/545/545 548/548/548 549/549/549
f 550/550/550 547/547/547 549/549/549
f 548/548/548 542/542/542 551/551/551
f 551/551/551 549/549/549 548/548/548
f 552/552/552 551/551/551 542/542/542
f 552/552/552 542/542/542 543/543/543
f 553/553/553 551/551/551 552/552/552
f 543/543/543 553/553/553 552/552/552
f 549/549/549 551/551/551 554/554/554
f 551/551/551 553/553/553 554/554/554
f 550/550/550 549/549/549 555/555/555
f 549/549/549 554/554/554 555/555/555
f 555/555/555 556/556/556 550/550/550
f 553/553/553 557/557/557 554/554/554
f 553/553/553 543/543/543 558/558/558
f 558/558/558 557/557/557 553/553/553
f 544/544/544 558/558/558 543/543/543
f 558/558/558 544/544/544 559/559/559
f 560/560/560 554/554/554 557/557/557
f 560/560/560 555/555/555 554/554/554
f 558/558/558 561/561/561 557/557/557
f 557/557/557 561/561/561 560/560/560
f 562/562/562 558/558/558 559/559/559
f 558/558/558 562/562/562 561/561/561
f 562/562/562 559/559/559 563/563/563
f 564/564/564 560/560/560 561/561/561
f 555/555/555 560/560/560 564/564/564
f 565/565/565 561/561/561 562/562/562
f 561/561/561 565/565/565 564/564/564
f 562/562/562 563/563/563 566/566/566
f 566/566/566 563/563/563 567/567/567
f 568/568/568 565/565/565 562/562/562
f 568/568/568 562/562/562 566/566/566
f 567/567/567 570/570/570 569/569/569
f 567/567/567 569/569/569 566/566/566
f 571/571/571 564/564/564 565/565/565
f 565/565/565 568/568/568 571/571/571
f 564/564/564 572/572/572 555/555/555
f 571/571/571 572/572/572 564/564/564
f 572/572/572 556/556/556 555/555/555
f 572/572/572 573/573/573 556/556/556
f 571/571/571 568/568/568 574/574/574
f 574/574/574 572/572/572 571/571/571
f 575/575/575 573/573/573 572/572/572
f 574/574/574 575/575/575 572/572/572
f 575/575/575 576/576/576 573/573/573
f 568/568/568 577/577/577 574/574/574
f 566/566/566 577/577/577 568/568/568
f 579/579/579 578/578/578 576/576/576
f 576/576/576 575/575/575 579/579/579
f 574/574/574 577/577/577 580/580/580
f 574/574/574 580/580/580 575/575/575
f 581/581/581 579/579/579 575/575/575
f 575/575/575 580/580/580 581/581/581
f 582/582/582 579/579/579 581/581/581
f 581/581/581 583/583/583 582/582/582
f 584/584/584 580/580/580 577/577/577
f 581/581/581 580/580/580 584/584/584
f 577/577/577 566/566/566 584/584/584
f 583/583/583 581/581/581 585/585/585
f 585/585/585 581/581/581 584/584/584
f 566/566/566 585/585/585 584/584/584
f 585/585/585 569/569/569 583/583/583
f 569/569/569 585/585/585 566/566/566
f 588/588/588 587/587/587 586/586/586
f 588/588/588 586/586/586 589/589/589
f 590/590/590 589/589/589 586/586/586
f 588/588/588 589/589/589 591/591/591
f 591/591/591 592/592/592 588/588/588
f 591/591/591 593/593/593 592/592/592
f 594/594/594 589/589/589 590/590/590
f 590/590/590 595/595/595 594/594/594
f 596/596/596 593/593/593 591/591/591
f 593/593/593 596/596/596 597/597/597
f 599/599/599 598/598/598 597/597/597
f 599/599/599 597/597/597 600/600/600
f 597/597/597 596/596/596 600/600/600
f 601/601/601 599/599/599 600/600/600
f 596/596/596 591/591/591 602/602/602
f 596/596/596 602/602/602 600/600/600
f 603/603/603 602/602/602 591/591/591
f 591/591/591 589/589/589 603/603/603
f 603/603/603 604/604/604 602/602/602
f 604/604/604 603/603/603 589/589/589
f 602/602/602 605/605/605 600/600/600
f 605/605/605 602/602/602 604/604/604
f 589/589/589 606/606/606 604/604/604
f 594/594/594 606/606/606 589/589/589
f 607/607/607 605/605/605 604/604/604
f 604/604/604 606/606/606 607/607/607
f 605/605/605 607/607/607 600/600/600
f 606/606/606 594/594/594 608/608/608
f 608/608/608 607/607/607 606/606/606
f 600/600/600 609/609/609 601/601/601
f 600/600/600 607/607/607 609/609/609
f 609/609/609 610/610/610 601/601/601
f 607/607/607 608/608/608 611/611/611
f 607/607/607 611/611/611 609/609/609
f 608/608/608 594/594/594 612/612/612
f 608/608/608 612/612/612 611/611/611
f 609/609/609 611/611/611 613/613/613
f 613/613/613 611/611/611 612/612/612
f 610/610/610 609/609/609 614/614/614
f 613/613/613 614/614/614 609/609/609
f 614/614/614 615/615/615 610/610/610
f 613/613/613 612/612/612 616/616/616
f 613/613/613 616/616/616 614/614/614
f 612/612/612 594/594/594 617/617/617
f 595/595/595 617/617/617 594/594/594
f 617/617/617 595/595/595 618/618/618
f 619/619/619 616/616/616 612/612/612
f 617/617/617 619/619/619 612/612/612
f 620/620/620 616/616/616 619/619/619
f 617/617/617 620/620/620 619/619/619
f 617/617/617 618/618/618 621/621/621
f 620/620/620 617/617/617 621/621/621
f 621/621/621 618/618/618 622/622/622
f 622/622/622 623/623/623 621/621/621
f 616/616/616 620/620/620 624/624/624
f 616/616/616 624/624/624 614/614/614
f 620/620/620 621/621/621 625/625/625
f 620/620/620 625/625/625 624/624/624
f 623/623/623 626/626/626 621/621/621
f 626/626/626 623/623/623 627/627/627
f 625/625/625 621/621/621 628/628/628
f 626/626/626 628/628/628 621/621/621
f 629/629/629 624/624/624 625/625/625
f 625/625/625 628/628/628 629/629/629
f 630/630/630 614/614/614 624/624/624
f 624/624/624 629/629/629 630/630/630
f 614/614/614 630/630/630 615/615/615
f 631/631/631 615/615/615 630/630/630
f 631/631/631 630/630/630 632/632/632
f 629/629/629 633/633/633 630/630/630
f 633/633/633 629/629/629 628/628/628
f 634/634/634 632/632/632 630/630/630
f 634/634/634 630/630/630 633/633/633
f 635/635/635 632/632/632 634/634/634
f 633/633/633 628/628/628 636/636/636
f 634/634/634 633/633/633 636/636/636
f 635/635/635 634/634/634 637/637/637
f 634/634/634 636/636/636 637/637/637
f 637/637/637 638/638/638 635/635/635
f 639/639/639 636/636/636 628/628/628
f 626/626/626 639/639/639 628/628/628
f 640/640/640 637/637/637 636/636/636
f 640/640/640 636/636/636 639/639/639
f 641/641/641 638/638/638 637/637/637
f 641/641/641 642/642/642 638/638/638
f 637/637/637 640/640/640 643/643/643
f 643/643/643 641/641/641 637/637/637
f 644/644/644 640/640/640 639/639/639
f 639/639/639 626/626/626 645/645/645
f 645/645/645 644/644/644 639/639/639
f 627/627/627 645/645/645 626/626/626
f 645/645/645 627/627/627 646/646/646
f 644/644/644 647/647/647 640/640/640
f 645/645/645 647/647/647 644/644/644
f 643/643/643 640/640/640 647/647/647
f 648/648/648 645/645/645 646/646/646
f 645/645/645 648/648/648 647/647/647
f 648/648/648 646/646/646 649/649/649
f 647/647/647 650/650/650 643/643/643
f 650/650/650 647/647/647 648/648/648
f 651/651/651 643/643/643 650/650/650
f 651/651/651 641/641/641 643/643/643
f 651/651/651 650/650/650 652/652/652
f 652/652/652 641/641/641 651/651/651
f 653/653/653 650/650/650 648/648/648
f 653/653/653 652/652/652 650/650/650
f 648/648/648 649/649/649 654/654/654
f 654/654/654 653/653/653 648/648/648
f 654/654/654 649/649/649 655/655/655
f 655/655/655 657/657/657 656/656/656
f 655/655/655 656/656/656 654/654/654
f 656/656/656 658/658/658 654/654/654
f 658/658/658 656/656/656 659/659/659
f 659/659/659 660/660/660 658/658/658
f 653/653/653 654/654/654 661/661/661
f 654/654/654 658/658/658 661/661/661
f 653/653/653 661/661/661 662/662/662
f 662/662/662 652/652/652 653/653/653
f 661/661/661 658/658/658 663/663/663
f 663/663/663 662/662/662 661/661/661
f 664/664/664 658/658/658 660/660/660
f 664/664/664 663/663/663 658/658/658
f 660/660/660 665/665/665 664/664/664
f 662/662/662 663/663/663 666/666/666
f 666/666/666 663/663/663 664/664/664
f 666/666/666 652/652/652 662/662/662
f 664/664/664 665/665/665 666/666/666
f 641/641/641 652/652/652 666/666/666
f 666/666/666 642/642/642 641/641/641
f 666/666/666 667/667/667 642/642/642
f 667/667/667 666/666/666 665/665/665
f 665/665/665 668/668/668 667/667/667
f 671/671/671 670/670/670 669/669/669
f 669/669/669 672/672/672 671/671/671
f 669/669/669 670/670/670 673/673/673
f 672/672/672 669/669/669 673/673/673
f 676/676/676 675/675/675 674/674/674
f 675/675/675 677/677/677 674/674/674
f 675/675/675 676/676/676 678/678/678
f 675/675/675 678/678/678 677/677/677
f 681/681/681 680/680/680 679/679/679
f 681/681/681 679/679/679 682/682/682
f 680/680/680 681/681/681 683/683/683
f 682/682/682 683/683/683 684/684/684
f 684/684/684 683/683/683 681/681/681
f 682/682/682 684/684/684 681/681/681
f 687/687/687 686/686/686 685/685/685
f 685/685/685 688/688/688 687/687/687
f 687/687/687 689/689/689 686/686/686
f 688/688/688 689/689/689 690/690/690
f 689/689/689 687/687/687 690/690/690
f 690/690/690 687/687/687 688/688/688
f 693/693/693 692/692/692 691/691/691
f 693/693/693 694/694/694 692/692/692
f 692/692/692 695/695/695 691/691/691
f 695/695/695 696/696/696 691/691/691
f 697/697/697 692/692/692 694/694/694
f 697/697/697 694/694/694 696/696/696
f 695/695/695 692/692/692 697/697/697
f 696/696/696 695/695/695 697/697/697
f 700/700/700 699/699/699 698/698/698
f 699/699/699 700/700/700 701/701/701
f 698/698/698 699/699/699 702/702/702
f 702/702/702 703/703/703 698/698/698
f 701/701/701 704/704/704 699/699/699
f 704/704/704 701/701/701 703/703/703
f 704/704/704 702/702/702 699/699/699
f 704/704/704 703/703/703 702/702/702
f 707/707/707 706/706/706 705/705/705
f 706/706/706 708/708/708 705/705/705
f 707/707/707 709/709/709 706/706/706
f 709/709/709 707/707/707 710/710/710
f 711/711/711 708/708/708 706/706/706
f 708/708/708 711/711/711 710/710/710
f 709/709/709 711/711/711 706/706/706
f 710/710/710 711/711/711 709/709/709
