mtllib SM_Wall_Window_Left_Sec1@000001EE10BCE400.mtl
g SM_Wall_Window_Left_Sec1@000001EE10BCE400
#Vertices 2148
#Indices 10254
#Section 0 Offset 0 NumIndices 4416 MaterialIndex 0 MI_Walls_Plastic
#Section 1 Offset 4416 NumIndices 5826 MaterialIndex 1 MI_Plastic_Dirty_06
#Section 2 Offset 10242 NumIndices 12 MaterialIndex 2 MI_Windows_Glass_Set_01_Var_06
v 0.062161 -0.000000 0.172705 1.000000 1.000000 1.000000 1.000000
v 0.048513 0.013553 0.044908 1.000000 1.000000 1.000000 1.000000
v 0.048513 0.013553 0.155091 1.000000 1.000000 1.000000 1.000000
v 0.062161 0.000000 0.027295 1.000000 1.000000 1.000000 1.000000
v 0.007371 0.054410 0.027295 1.000000 1.000000 1.000000 1.000000
v 0.007371 0.054410 0.044908 1.000000 1.000000 1.000000 1.000000
v 0.007371 0.099140 0.027295 1.000000 1.000000 1.000000 1.000000
v 0.007371 0.099140 0.044908 1.000000 1.000000 1.000000 1.000000
v 0.007371 0.112108 0.044908 1.000000 1.000000 1.000000 1.000000
v 0.010475 0.055527 0.019845 0.580392 1.000000 1.000000 1.000000
v 0.007371 0.112108 0.027295 0.454902 1.000000 1.000000 1.000000
v 0.010577 0.099140 0.019746 0.454902 1.000000 1.000000 1.000000
v 0.011508 0.118216 0.027295 0.407843 1.000000 1.000000 1.000000
v 0.011508 0.118216 0.044908 0.454902 1.000000 1.000000 1.000000
v 0.010286 0.112409 0.019403 0.407843 1.000000 1.000000 1.000000
v 0.033251 0.126908 0.027295 0.356863 1.000000 1.000000 1.000000
v 0.033251 0.126908 0.044908 0.239216 1.000000 1.000000 1.000000
v 0.020346 0.118022 0.019945 0.407843 1.000000 1.000000 1.000000
v 0.027834 0.099140 0.003094 0.407843 1.000000 1.000000 1.000000
v 0.037387 0.133017 0.027295 0.329412 1.000000 1.000000 1.000000
v 0.037387 0.133017 0.044908 0.749020 1.000000 1.000000 1.000000
v 0.037387 0.272831 0.044908 1.000000 1.000000 1.000000 1.000000
v 0.027938 0.061814 0.002995 0.478431 1.000000 1.000000 1.000000
v 0.037387 0.272831 0.027295 0.313726 1.000000 1.000000 1.000000
v 0.067584 0.019284 0.003125 0.596078 1.000000 1.000000 1.000000
v 0.041842 0.133575 0.022840 0.329412 1.000000 1.000000 1.000000
v 0.034352 0.280547 0.027295 0.368627 1.000000 1.000000 1.000000
v 0.034352 0.280547 0.044908 1.000000 1.000000 1.000000 1.000000
v 0.010407 0.306271 0.044908 1.000000 1.000000 1.000000 1.000000
v 0.037953 0.126340 0.019009 0.329412 1.000000 1.000000 1.000000
v 0.010407 0.306271 0.027295 0.721569 1.000000 1.000000 1.000000
v 0.007371 0.313987 0.044908 1.000000 1.000000 1.000000 1.000000
v 0.044726 0.119237 0.004748 0.329412 1.000000 1.000000 1.000000
v 0.007371 0.313987 0.027295 0.780392 1.000000 1.000000 1.000000
v 0.007371 1.102105 0.044908 1.000000 1.000000 1.000000 1.000000
v 0.037429 0.112210 0.003782 0.356863 1.000000 1.000000 1.000000
v 0.061309 0.126778 0.019747 0.298039 1.000000 1.000000 1.000000
v 0.046477 0.112209 0.000000 0.329412 1.000000 1.000000 1.000000
v 0.055930 0.119147 0.003652 0.329412 1.000000 1.000000 1.000000
v 0.035495 0.099140 0.000000 0.380392 1.000000 1.000000 1.000000
v 0.071499 0.127478 0.017465 0.258824 1.000000 1.000000 1.000000
v 0.087139 0.119249 0.003652 0.258824 1.000000 1.000000 1.000000
v 0.097354 0.112210 0.000000 0.258824 1.000000 1.000000 1.000000
v 0.067032 0.134314 0.022840 0.223529 1.000000 1.000000 1.000000
v 0.074825 0.135454 0.019891 0.215686 1.000000 1.000000 1.000000
v 0.094008 0.123684 0.002949 0.223529 1.000000 1.000000 1.000000
v 0.041842 0.272272 0.022840 0.333333 1.000000 1.000000 1.000000
v 0.067032 0.271972 0.022840 0.172549 1.000000 1.000000 1.000000
v 0.038990 0.280462 0.019892 0.313726 1.000000 1.000000 1.000000
v 0.062873 0.280550 0.022271 0.250980 1.000000 1.000000 1.000000
v 0.074825 0.271476 0.019891 0.207843 1.000000 1.000000 1.000000
v 0.015334 0.306004 0.021363 0.666667 1.000000 1.000000 1.000000
v 0.072011 0.279840 0.017955 0.223529 1.000000 1.000000 1.000000
v 0.094008 0.269440 0.002949 0.431373 1.000000 1.000000 1.000000
v 0.087975 0.277689 0.003856 0.423529 1.000000 1.000000 1.000000
v 0.050307 0.300850 0.003856 0.411765 1.000000 1.000000 1.000000
v 0.034999 0.305375 0.003465 0.478431 1.000000 1.000000 1.000000
v 0.098571 0.277704 0.000000 0.439216 1.000000 1.000000 1.000000
v 0.040780 0.313717 0.000000 0.529412 1.000000 1.000000 1.000000
v 0.032827 0.313987 0.002759 0.576471 1.000000 1.000000 1.000000
v 0.010869 0.313987 0.020081 0.721569 1.000000 1.000000 1.000000
v 0.032827 1.102105 0.002759 1.000000 1.000000 1.000000 1.000000
v 0.010869 1.102105 0.020081 1.000000 1.000000 1.000000 1.000000
v 0.007371 1.102105 0.027295 1.000000 1.000000 1.000000 1.000000
v 0.007371 1.894059 0.044908 1.000000 1.000000 1.000000 1.000000
v 0.007371 1.894059 0.027295 1.000000 1.000000 1.000000 1.000000
v 0.007371 2.686013 0.044908 1.000000 1.000000 1.000000 1.000000
v 0.010869 1.894059 0.020081 1.000000 1.000000 1.000000 1.000000
v 0.032827 1.894059 0.002759 1.000000 1.000000 1.000000 1.000000
v 0.010869 2.686013 0.020081 0.886275 1.000000 1.000000 1.000000
v 0.032827 2.686013 0.002759 0.745098 1.000000 1.000000 1.000000
v 0.040780 1.894149 0.000000 1.000000 1.000000 1.000000 1.000000
v 0.007371 2.686013 0.027295 0.886275 1.000000 1.000000 1.000000
v 0.015334 2.693996 0.021363 0.835294 1.000000 1.000000 1.000000
v 0.010407 2.693729 0.027295 0.858824 1.000000 1.000000 1.000000
v 0.010407 2.693729 0.044908 1.000000 1.000000 1.000000 1.000000
v 0.034352 2.719453 0.027295 0.584314 1.000000 1.000000 1.000000
v 0.034352 2.719453 0.044908 1.000000 1.000000 1.000000 1.000000
v 0.037387 2.727169 0.044908 1.000000 1.000000 1.000000 1.000000
v 0.034999 2.694625 0.003465 0.694118 1.000000 1.000000 1.000000
v 0.038990 2.719537 0.019893 0.584314 1.000000 1.000000 1.000000
v 0.037387 2.727169 0.027295 0.560784 1.000000 1.000000 1.000000
v 0.041842 2.727728 0.022840 0.533333 1.000000 1.000000 1.000000
v 0.037387 2.866983 0.027295 0.000000 1.000000 1.000000 1.000000
v 0.037387 2.866983 0.044908 0.000000 1.000000 1.000000 1.000000
v 0.033251 2.873092 0.044908 0.000000 1.000000 1.000000 1.000000
v 0.062873 2.719450 0.022271 0.411765 1.000000 1.000000 1.000000
v 0.033251 2.873092 0.027295 0.000000 1.000000 1.000000 1.000000
v 0.011508 2.881783 0.044908 0.000000 1.000000 1.000000 1.000000
v 0.041842 2.866424 0.022840 0.000000 1.000000 1.000000 1.000000
v 0.011508 2.881783 0.027295 0.000000 1.000000 1.000000 1.000000
v 0.007371 2.887892 0.044908 0.000000 1.000000 1.000000 1.000000
v 0.037953 2.873660 0.019009 0.000000 1.000000 1.000000 1.000000
v 0.020346 2.881978 0.019945 0.000000 1.000000 1.000000 1.000000
v 0.007371 2.887892 0.027295 0.019608 1.000000 1.000000 1.000000
v 0.061309 2.873221 0.019748 0.000000 1.000000 1.000000 1.000000
v 0.007371 2.900860 0.027295 0.274510 1.000000 1.000000 1.000000
v 0.007371 2.900860 0.044908 1.000000 1.000000 1.000000 1.000000
v 0.010286 2.887591 0.019404 0.047059 1.000000 1.000000 1.000000
v 0.010577 2.900860 0.019747 0.274510 1.000000 1.000000 1.000000
v 0.007371 2.945590 0.027295 0.447059 1.000000 1.000000 1.000000
v 0.007371 2.945590 0.044908 1.000000 1.000000 1.000000 1.000000
v 0.048513 2.986446 0.044908 1.000000 1.000000 1.000000 1.000000
v 0.010475 2.944472 0.019846 0.419608 1.000000 1.000000 1.000000
v 0.062161 3.000000 0.027295 0.333333 1.000000 1.000000 1.000000
v 0.048513 2.986446 0.155092 1.000000 1.000000 1.000000 1.000000
v 0.062161 3.000000 0.172705 1.000000 1.000000 1.000000 1.000000
v 0.027938 2.938185 0.002995 0.223529 1.000000 1.000000 1.000000
v 0.063021 2.996943 0.019715 0.333333 1.000000 1.000000 1.000000
v 0.027834 2.900860 0.003094 0.066667 1.000000 1.000000 1.000000
v 0.067584 2.980716 0.003125 0.298039 1.000000 1.000000 1.000000
v 0.035496 2.937068 0.000000 0.223529 1.000000 1.000000 1.000000
v 0.037429 2.887790 0.003782 0.000000 1.000000 1.000000 1.000000
v 0.035495 2.900860 0.000000 0.000000 1.000000 1.000000 1.000000
v 0.044726 2.880762 0.004748 0.000000 1.000000 1.000000 1.000000
v 0.046477 2.887790 0.000000 0.000000 1.000000 1.000000 1.000000
v 0.055930 2.880853 0.003653 0.000000 1.000000 1.000000 1.000000
v 0.071499 2.872522 0.017465 0.000000 1.000000 1.000000 1.000000
v 0.087139 2.880750 0.003653 0.000000 1.000000 1.000000 1.000000
v 0.097354 2.887790 0.000000 0.000000 1.000000 1.000000 1.000000
v 0.067032 2.865686 0.022840 0.000000 1.000000 1.000000 1.000000
v 0.074825 2.864546 0.019891 0.000000 1.000000 1.000000 1.000000
v 0.067032 2.728027 0.022840 0.403922 1.000000 1.000000 1.000000
v 0.094008 2.876316 0.002949 0.000000 1.000000 1.000000 1.000000
v 0.074825 2.728524 0.019891 0.403922 1.000000 1.000000 1.000000
v 0.072011 2.720160 0.017955 0.411765 1.000000 1.000000 1.000000
v 0.050307 2.699150 0.003856 0.658824 1.000000 1.000000 1.000000
v 0.087975 2.722311 0.003856 0.403922 1.000000 1.000000 1.000000
v 0.094008 2.730560 0.002949 0.278431 1.000000 1.000000 1.000000
v 0.098571 2.722296 0.000000 0.380392 1.000000 1.000000 1.000000
v 0.040780 2.686283 0.000000 0.717647 1.000000 1.000000 1.000000
v 0.101802 2.731206 0.000000 0.278431 1.000000 1.000000 1.000000
v 0.101802 2.878813 0.000000 0.000000 1.000000 1.000000 1.000000
v 0.130644 2.722296 0.000000 0.372549 1.000000 1.000000 1.000000
v 0.140182 2.731206 0.000000 0.231373 1.000000 1.000000 1.000000
v 0.750000 2.973204 0.000000 1.000000 1.000000 1.000000 1.000000
v 0.225353 2.731206 0.000000 0.011765 1.000000 1.000000 1.000000
v 0.070397 2.973204 0.000000 0.215686 1.000000 1.000000 1.000000
v 0.750000 2.980716 0.003125 1.000000 1.000000 1.000000 1.000000
v 0.750000 2.996943 0.019715 1.000000 1.000000 1.000000 1.000000
v 1.429603 2.973204 0.000000 0.000000 1.000000 1.000000 1.000000
v 0.750000 3.000000 0.027295 1.000000 1.000000 1.000000 1.000000
v 0.062161 3.000000 0.172705 1.000000 1.000000 1.000000 1.000000
v 0.750000 3.000000 0.172705 1.000000 1.000000 1.000000 1.000000
v 1.437839 3.000000 0.172705 1.000000 1.000000 1.000000 1.000000
v 0.750000 3.000000 0.172705 1.000000 1.000000 1.000000 1.000000
v 1.437839 3.000000 0.027295 0.000000 1.000000 1.000000 1.000000
v 1.451487 2.986446 0.155092 1.000000 1.000000 1.000000 1.000000
v 1.437839 3.000000 0.172705 1.000000 1.000000 1.000000 1.000000
v 1.451487 2.986446 0.044908 1.000000 1.000000 1.000000 1.000000
v 1.436979 2.996943 0.019715 0.000000 1.000000 1.000000 1.000000
v 1.432416 2.980716 0.003125 0.000000 1.000000 1.000000 1.000000
v 1.489525 2.944472 0.019846 0.203922 1.000000 1.000000 1.000000
v 1.492629 2.945590 0.027295 0.203922 1.000000 1.000000 1.000000
v 1.492629 2.945590 0.044908 0.184314 1.000000 1.000000 1.000000
v 1.492629 2.900860 0.044908 0.396078 1.000000 1.000000 1.000000
v 1.492629 2.900860 0.027295 0.415686 1.000000 1.000000 1.000000
v 1.492629 2.887892 0.044908 0.431373 1.000000 1.000000 1.000000
v 1.472062 2.938185 0.002995 0.000000 1.000000 1.000000 1.000000
v 1.492629 2.887892 0.027295 0.450980 1.000000 1.000000 1.000000
v 1.489423 2.900860 0.019747 0.403922 1.000000 1.000000 1.000000
v 1.488492 2.881783 0.027295 0.000000 1.000000 1.000000 1.000000
v 1.488492 2.881783 0.044908 0.007843 1.000000 1.000000 1.000000
v 1.489714 2.887591 0.019404 0.192157 1.000000 1.000000 1.000000
v 1.472165 2.900860 0.003094 0.000000 1.000000 1.000000 1.000000
v 1.464504 2.937068 0.000000 0.000000 1.000000 1.000000 1.000000
v 1.464505 2.900860 0.000000 0.000000 1.000000 1.000000 1.000000
v 1.462571 2.887790 0.003782 0.000000 1.000000 1.000000 1.000000
v 1.479654 2.881978 0.019945 0.000000 1.000000 1.000000 1.000000
v 1.466749 2.873092 0.027295 0.000000 1.000000 1.000000 1.000000
v 1.466749 2.873092 0.044908 0.000000 1.000000 1.000000 1.000000
v 1.455274 2.880762 0.004748 0.000000 1.000000 1.000000 1.000000
v 1.462613 2.866983 0.027295 0.000000 1.000000 1.000000 1.000000
v 1.462613 2.866983 0.044908 0.341176 1.000000 1.000000 1.000000
v 1.462613 2.727169 0.044908 1.000000 1.000000 1.000000 1.000000
v 1.462047 2.873660 0.019009 0.000000 1.000000 1.000000 1.000000
v 1.458158 2.866424 0.022840 0.000000 1.000000 1.000000 1.000000
v 1.462613 2.727169 0.027295 1.000000 1.000000 1.000000 1.000000
v 1.438691 2.873221 0.019748 0.000000 1.000000 1.000000 1.000000
v 1.458158 2.727728 0.022840 1.000000 1.000000 1.000000 1.000000
v 1.465648 2.719453 0.027295 1.000000 1.000000 1.000000 1.000000
v 1.465648 2.719453 0.044908 1.000000 1.000000 1.000000 1.000000
v 1.489593 2.693729 0.044908 1.000000 1.000000 1.000000 1.000000
v 1.432968 2.865686 0.022840 0.000000 1.000000 1.000000 1.000000
v 1.489593 2.693729 0.027295 1.000000 1.000000 1.000000 1.000000
v 1.492629 2.686013 0.044908 1.000000 1.000000 1.000000 1.000000
v 1.461010 2.719537 0.019893 1.000000 1.000000 1.000000 1.000000
v 1.492629 2.686013 0.027295 1.000000 1.000000 1.000000 1.000000
v 1.484666 2.693996 0.021363 1.000000 1.000000 1.000000 1.000000
v 1.492629 1.894059 0.027295 1.000000 1.000000 1.000000 1.000000
v 1.492629 1.894059 0.044908 1.000000 1.000000 1.000000 1.000000
v 1.489131 2.686013 0.020081 1.000000 1.000000 1.000000 1.000000
v 1.492629 1.102105 0.027295 1.000000 1.000000 1.000000 1.000000
v 1.492629 1.102105 0.044908 1.000000 1.000000 1.000000 1.000000
v 1.489131 1.894059 0.020081 1.000000 1.000000 1.000000 1.000000
v 1.467173 2.686013 0.002759 1.000000 1.000000 1.000000 1.000000
v 1.492629 0.313987 0.027295 1.000000 1.000000 1.000000 1.000000
v 1.492629 0.313987 0.044908 1.000000 1.000000 1.000000 1.000000
v 1.489131 1.102105 0.020081 1.000000 1.000000 1.000000 1.000000
v 1.467173 1.894059 0.002759 1.000000 1.000000 1.000000 1.000000
v 1.489593 0.306271 0.027295 1.000000 1.000000 1.000000 1.000000
v 1.489593 0.306271 0.044908 1.000000 1.000000 1.000000 1.000000
v 1.489131 0.313987 0.020081 0.435294 1.000000 1.000000 1.000000
v 1.465648 0.280547 0.027295 0.490196 1.000000 1.000000 1.000000
v 1.465648 0.280547 0.044908 1.000000 1.000000 1.000000 1.000000
v 1.484666 0.306004 0.021363 0.474510 1.000000 1.000000 1.000000
v 1.462613 0.272831 0.044908 1.000000 1.000000 1.000000 1.000000
v 1.467173 1.102105 0.002759 1.000000 1.000000 1.000000 1.000000
v 1.467173 0.313987 0.002759 0.156863 1.000000 1.000000 1.000000
v 1.459220 1.894149 0.000000 1.000000 1.000000 1.000000 1.000000
v 1.459220 1.102015 0.000000 1.000000 1.000000 1.000000 1.000000
v 1.465001 0.305375 0.003465 0.282353 1.000000 1.000000 1.000000
v 1.459220 0.313717 0.000000 0.145098 1.000000 1.000000 1.000000
v 1.461010 0.280462 0.019892 0.458824 1.000000 1.000000 1.000000
v 1.437127 0.280550 0.022271 0.109804 1.000000 1.000000 1.000000
v 1.458158 0.272272 0.022840 0.329412 1.000000 1.000000 1.000000
v 1.462613 0.272831 0.027295 0.400000 1.000000 1.000000 1.000000
v 1.449693 0.300850 0.003856 0.247059 1.000000 1.000000 1.000000
v 1.462613 0.133017 0.027295 0.000000 1.000000 1.000000 1.000000
v 1.462613 0.133017 0.044908 1.000000 1.000000 1.000000 1.000000
v 1.466749 0.126908 0.044908 0.000000 1.000000 1.000000 1.000000
v 1.458158 0.133575 0.022840 0.000000 1.000000 1.000000 1.000000
v 1.466749 0.126908 0.027295 0.000000 1.000000 1.000000 1.000000
v 1.488492 0.118216 0.044908 0.137255 1.000000 1.000000 1.000000
v 1.432968 0.134314 0.022840 0.000000 1.000000 1.000000 1.000000
v 1.488492 0.118216 0.027295 0.137255 1.000000 1.000000 1.000000
v 1.492629 0.112108 0.044908 1.000000 1.000000 1.000000 1.000000
v 1.462047 0.126340 0.019009 0.000000 1.000000 1.000000 1.000000
v 1.492629 0.112108 0.027295 0.219608 1.000000 1.000000 1.000000
v 1.479654 0.118022 0.019945 0.000000 1.000000 1.000000 1.000000
v 1.489714 0.112409 0.019403 0.200000 1.000000 1.000000 1.000000
v 1.492629 0.099140 0.027295 1.000000 1.000000 1.000000 1.000000
v 1.492629 0.099140 0.044908 1.000000 1.000000 1.000000 1.000000
v 1.492629 0.054410 0.044908 1.000000 1.000000 1.000000 1.000000
v 1.489423 0.099140 0.019746 0.211765 1.000000 1.000000 1.000000
v 1.492629 0.054410 0.027295 1.000000 1.000000 1.000000 1.000000
v 1.451487 0.013553 0.044908 1.000000 1.000000 1.000000 1.000000
v 1.437839 -0.000000 0.172705 1.000000 1.000000 1.000000 1.000000
v 1.451487 0.013553 0.155091 1.000000 1.000000 1.000000 1.000000
v 1.437839 0.000000 0.027295 1.000000 1.000000 1.000000 1.000000
v 1.489525 0.055527 0.019845 0.364706 1.000000 1.000000 1.000000
v 1.436979 0.003057 0.019715 0.388235 1.000000 1.000000 1.000000
v 1.472062 0.061814 0.002995 0.129412 1.000000 1.000000 1.000000
v 0.750000 0.000000 0.027295 1.000000 1.000000 1.000000 1.000000
v 1.437839 -0.000000 0.172705 1.000000 1.000000 1.000000 1.000000
v 0.750000 -0.000000 0.172705 1.000000 1.000000 1.000000 1.000000
v 0.062161 -0.000000 0.172705 1.000000 1.000000 1.000000 1.000000
v 0.063021 0.003057 0.019715 0.674510 1.000000 1.000000 1.000000
v 0.750000 0.003057 0.019715 0.815686 1.000000 1.000000 1.000000
v 1.432416 0.019284 0.003125 0.219608 1.000000 1.000000 1.000000
v 0.750000 0.019284 0.003125 0.749020 1.000000 1.000000 1.000000
v 0.070397 0.026795 0.000000 0.552941 1.000000 1.000000 1.000000
v 1.429603 0.026795 0.000000 0.121569 1.000000 1.000000 1.000000
v 0.035496 0.062932 0.000000 0.478431 1.000000 1.000000 1.000000
v 0.750000 0.026795 0.000000 0.705882 1.000000 1.000000 1.000000
v 1.464504 0.062932 0.000000 0.062745 1.000000 1.000000 1.000000
v 0.101802 0.121187 0.000000 0.223529 1.000000 1.000000 1.000000
v 1.472165 0.099140 0.003094 0.000000 1.000000 1.000000 1.000000
v 0.101802 0.268794 0.000000 0.439216 1.000000 1.000000 1.000000
v 0.750000 0.277704 0.000000 0.992157 1.000000 1.000000 1.000000
v 1.462571 0.112210 0.003782 0.000000 1.000000 1.000000 1.000000
v 1.464505 0.099140 0.000000 0.000000 1.000000 1.000000 1.000000
v 1.455274 0.119237 0.004748 0.000000 1.000000 1.000000 1.000000
v 1.453523 0.112209 0.000000 0.000000 1.000000 1.000000 1.000000
v 1.402646 0.112210 0.000000 0.000000 1.000000 1.000000 1.000000
v 1.438691 0.126778 0.019747 0.000000 1.000000 1.000000 1.000000
v 1.444070 0.119147 0.003652 0.000000 1.000000 1.000000 1.000000
v 1.412861 0.119249 0.003652 0.000000 1.000000 1.000000 1.000000
v 1.428501 0.127478 0.017465 0.000000 1.000000 1.000000 1.000000
v 1.425174 0.135454 0.019891 0.000000 1.000000 1.000000 1.000000
v 1.405992 0.123684 0.002949 0.000000 1.000000 1.000000 1.000000
v 1.398198 0.121187 0.000000 0.000000 1.000000 1.000000 1.000000
v 1.398198 0.268794 0.000000 0.000000 1.000000 1.000000 1.000000
v 1.405992 0.269440 0.002949 0.000000 1.000000 1.000000 1.000000
v 1.401428 0.277704 0.000000 0.109804 1.000000 1.000000 1.000000
v 1.432968 0.271972 0.022840 0.109804 1.000000 1.000000 1.000000
v 1.425174 0.271476 0.019891 0.054902 1.000000 1.000000 1.000000
v 1.427989 0.279840 0.017955 0.000000 1.000000 1.000000 1.000000
v 1.412025 0.277689 0.003856 0.000000 1.000000 1.000000 1.000000
v 1.082458 0.348871 0.000000 0.000000 1.000000 1.000000 1.000000
v 1.087317 0.360603 0.000000 0.047059 1.000000 1.000000 1.000000
v 1.044168 0.310581 0.000000 0.000000 1.000000 1.000000 1.000000
v 1.087317 1.102015 0.000000 1.000000 1.000000 1.000000 1.000000
v 1.032436 0.305722 0.000000 0.000000 1.000000 1.000000 1.000000
v 1.041216 0.317037 0.006652 0.000000 1.000000 1.000000 1.000000
v 1.076002 0.351823 0.006652 0.000000 1.000000 1.000000 1.000000
v 1.080665 0.363081 0.006652 0.039216 1.000000 1.000000 1.000000
v 1.087317 1.894149 0.000000 0.298039 1.000000 1.000000 1.000000
v 1.080665 1.102015 0.006652 1.000000 1.000000 1.000000 1.000000
v 1.080665 0.363081 0.031511 0.066667 1.000000 1.000000 1.000000
v 1.076002 0.351823 0.031511 0.000000 1.000000 1.000000 1.000000
v 1.080665 1.102015 0.031511 1.000000 1.000000 1.000000 1.000000
v 1.041216 0.317037 0.031511 0.000000 1.000000 1.000000 1.000000
v 1.080665 1.894149 0.006652 0.341176 1.000000 1.000000 1.000000
v 1.080665 1.894149 0.031511 0.341176 1.000000 1.000000 1.000000
v 1.029958 0.312374 0.006652 0.000000 1.000000 1.000000 1.000000
v 1.029958 0.312374 0.031511 0.000000 1.000000 1.000000 1.000000
v 1.080665 2.647851 0.006652 1.000000 1.000000 1.000000 1.000000
v 1.080665 2.647851 0.031511 1.000000 1.000000 1.000000 1.000000
v 1.079119 2.658850 0.031511 1.000000 1.000000 1.000000 1.000000
v 1.087317 2.648931 0.000000 1.000000 1.000000 1.000000 1.000000
v 1.079119 2.658850 0.006652 1.000000 1.000000 1.000000 1.000000
v 1.074154 2.667385 0.006652 1.000000 1.000000 1.000000 1.000000
v 1.074154 2.667385 0.031511 1.000000 1.000000 1.000000 1.000000
v 1.065553 2.672198 0.031511 1.000000 1.000000 1.000000 1.000000
v 1.085440 2.662283 0.000000 1.000000 1.000000 1.000000 1.000000
v 1.459220 2.686283 0.000000 1.000000 1.000000 1.000000 1.000000
v 1.079413 2.672644 0.000000 1.000000 1.000000 1.000000 1.000000
v 1.065283 2.672198 0.006639 1.000000 1.000000 1.000000 1.000000
v 1.054621 2.673896 0.031511 1.000000 1.000000 1.000000 1.000000
v 1.068847 2.678608 0.000000 1.000000 1.000000 1.000000 1.000000
v 1.401428 2.722296 0.000000 0.913726 1.000000 1.000000 1.000000
v 1.465001 2.694625 0.003465 1.000000 1.000000 1.000000 1.000000
v 1.449693 2.699150 0.003856 1.000000 1.000000 1.000000 1.000000
v 1.437127 2.719450 0.022271 0.968628 1.000000 1.000000 1.000000
v 1.427989 2.720160 0.017955 0.952941 1.000000 1.000000 1.000000
v 1.432968 2.728027 0.022840 0.933333 1.000000 1.000000 1.000000
v 1.412025 2.722311 0.003856 0.933333 1.000000 1.000000 1.000000
v 1.425174 2.728524 0.019891 0.933333 1.000000 1.000000 1.000000
v 1.425174 2.864546 0.019891 0.000000 1.000000 1.000000 1.000000
v 1.405992 2.730560 0.002949 0.905882 1.000000 1.000000 1.000000
v 1.428501 2.872522 0.017465 0.000000 1.000000 1.000000 1.000000
v 1.405992 2.876316 0.002949 0.000000 1.000000 1.000000 1.000000
v 1.444070 2.880853 0.003653 0.000000 1.000000 1.000000 1.000000
v 1.412861 2.880750 0.003653 0.000000 1.000000 1.000000 1.000000
v 1.453523 2.887790 0.000000 0.000000 1.000000 1.000000 1.000000
v 1.402646 2.887790 0.000000 0.000000 1.000000 1.000000 1.000000
v 1.398198 2.878813 0.000000 0.000000 1.000000 1.000000 1.000000
v 1.398198 2.731206 0.000000 0.854902 1.000000 1.000000 1.000000
v 1.014089 2.731206 0.000000 1.000000 1.000000 1.000000 1.000000
v 1.023628 2.722296 0.000000 1.000000 1.000000 1.000000 1.000000
v 1.055700 2.680548 0.000000 1.000000 1.000000 1.000000 1.000000
v 1.054621 2.673896 0.006652 1.000000 1.000000 1.000000 1.000000
v 1.023628 2.685393 0.000000 1.000000 1.000000 1.000000 1.000000
v 1.026772 2.680548 0.000000 1.000000 1.000000 1.000000 1.000000
v 1.021413 2.673896 0.006888 1.000000 1.000000 1.000000 1.000000
v 1.016673 2.679197 0.002490 1.000000 1.000000 1.000000 1.000000
v 1.016885 2.716368 0.001814 1.000000 1.000000 1.000000 1.000000
v 1.012824 2.673896 0.028993 1.000000 1.000000 1.000000 1.000000
v 1.009393 2.679104 0.022362 1.000000 1.000000 1.000000 1.000000
v 0.930184 2.673896 0.028993 1.000000 1.000000 1.000000 1.000000
v 0.750000 2.673896 0.031511 1.000000 1.000000 1.000000 1.000000
v 1.009393 2.713624 0.013977 1.000000 1.000000 1.000000 1.000000
v 0.933614 2.679104 0.022362 1.000000 1.000000 1.000000 1.000000
v 1.008355 2.724921 0.001549 1.000000 1.000000 1.000000 1.000000
v 0.933614 2.713624 0.013977 1.000000 1.000000 1.000000 1.000000
v 1.003041 2.721126 0.010456 1.000000 1.000000 1.000000 1.000000
v 0.940515 2.721126 0.010456 1.000000 1.000000 1.000000 1.000000
v 0.934707 2.724921 0.001549 1.000000 1.000000 1.000000 1.000000
v 0.928918 2.731206 0.000000 1.000000 1.000000 1.000000 1.000000
v 0.926122 2.716368 0.001814 1.000000 1.000000 1.000000 1.000000
v 0.750000 2.731206 0.000000 1.000000 1.000000 1.000000 1.000000
v 0.919380 2.722296 0.000000 1.000000 1.000000 1.000000 1.000000
v 0.926334 2.679197 0.002490 1.000000 1.000000 1.000000 1.000000
v 0.919380 2.685749 0.000000 1.000000 1.000000 1.000000 1.000000
v 0.750000 2.687878 0.000000 1.000000 1.000000 1.000000 1.000000
v 0.921880 2.673896 0.006416 1.000000 1.000000 1.000000 1.000000
v 0.915617 2.680548 0.000000 1.000000 1.000000 1.000000 1.000000
v 0.750000 2.673896 0.006652 1.000000 1.000000 1.000000 1.000000
v 0.750000 2.680548 0.000000 1.000000 1.000000 1.000000 1.000000
v 0.237773 2.680548 0.000000 0.247059 1.000000 1.000000 1.000000
v 0.234892 2.722296 0.000000 0.015686 1.000000 1.000000 1.000000
v 0.234892 2.685749 0.000000 0.215686 1.000000 1.000000 1.000000
v 0.232391 2.673896 0.006416 0.329412 1.000000 1.000000 1.000000
v 0.227937 2.679197 0.002490 0.298039 1.000000 1.000000 1.000000
v 0.228149 2.716368 0.001814 0.035294 1.000000 1.000000 1.000000
v 0.220657 2.679104 0.022362 0.262745 1.000000 1.000000 1.000000
v 0.219564 2.724921 0.001549 0.003922 1.000000 1.000000 1.000000
v 0.220657 2.713624 0.013977 0.070588 1.000000 1.000000 1.000000
v 0.224088 2.673896 0.028993 0.294118 1.000000 1.000000 1.000000
v 0.099651 2.673896 0.031511 0.501961 1.000000 1.000000 1.000000
v 0.144878 2.679104 0.022362 0.501961 1.000000 1.000000 1.000000
v 0.141448 2.673896 0.028993 0.501961 1.000000 1.000000 1.000000
v 0.132858 2.673896 0.006888 0.501961 1.000000 1.000000 1.000000
v 0.099651 2.673896 0.006652 0.501961 1.000000 1.000000 1.000000
v 0.144878 2.713624 0.013977 0.298039 1.000000 1.000000 1.000000
v 0.088988 2.672198 0.006639 0.584314 1.000000 1.000000 1.000000
v 0.088718 2.672198 0.031511 0.517647 1.000000 1.000000 1.000000
v 0.137598 2.679197 0.002490 0.501961 1.000000 1.000000 1.000000
v 0.126904 2.680548 0.000000 0.501961 1.000000 1.000000 1.000000
v 0.098571 2.680548 0.000000 0.560784 1.000000 1.000000 1.000000
v 0.130644 2.685749 0.000000 0.478431 1.000000 1.000000 1.000000
v 0.137386 2.716368 0.001814 0.333333 1.000000 1.000000 1.000000
v 0.085424 2.677718 0.000000 0.568627 1.000000 1.000000 1.000000
v 0.145917 2.724921 0.001549 0.274510 1.000000 1.000000 1.000000
v 0.151231 2.721126 0.010456 0.247059 1.000000 1.000000 1.000000
v 0.213757 2.721126 0.010456 0.070588 1.000000 1.000000 1.000000
v 0.074859 2.672644 0.000000 0.607843 1.000000 1.000000 1.000000
v 0.080117 2.667385 0.006652 0.607843 1.000000 1.000000 1.000000
v 0.080117 2.667385 0.031511 0.572549 1.000000 1.000000 1.000000
v 0.075153 2.658850 0.031511 0.666667 1.000000 1.000000 1.000000
v 0.068832 2.662283 0.000000 0.694118 1.000000 1.000000 1.000000
v 0.075153 2.658850 0.006652 0.678431 1.000000 1.000000 1.000000
v 0.066954 2.648931 0.000000 0.709804 1.000000 1.000000 1.000000
v 0.073606 2.647851 0.006652 0.701961 1.000000 1.000000 1.000000
v 0.073606 2.647851 0.031511 0.701961 1.000000 1.000000 1.000000
v 0.073606 1.894149 0.031511 1.000000 1.000000 1.000000 1.000000
v 0.066954 1.894149 0.000000 1.000000 1.000000 1.000000 1.000000
v 0.073606 1.894149 0.006652 1.000000 1.000000 1.000000 1.000000
v 0.073606 1.102015 0.031511 1.000000 1.000000 1.000000 1.000000
v 0.073606 1.102015 0.006652 1.000000 1.000000 1.000000 1.000000
v 0.073606 0.363081 0.031511 0.701961 1.000000 1.000000 1.000000
v 0.040780 1.102015 0.000000 1.000000 1.000000 1.000000 1.000000
v 0.066954 1.102015 0.000000 1.000000 1.000000 1.000000 1.000000
v 0.073606 0.363081 0.006652 0.725490 1.000000 1.000000 1.000000
v 0.078270 0.351823 0.031511 0.631373 1.000000 1.000000 1.000000
v 0.066954 0.360603 0.000000 0.619608 1.000000 1.000000 1.000000
v 0.078270 0.351823 0.006652 0.709804 1.000000 1.000000 1.000000
v 0.113055 0.317037 0.031511 0.780392 1.000000 1.000000 1.000000
v 0.071814 0.348871 0.000000 0.643137 1.000000 1.000000 1.000000
v 0.110104 0.310581 0.000000 0.752941 1.000000 1.000000 1.000000
v 0.113055 0.317037 0.006652 0.835294 1.000000 1.000000 1.000000
v 0.121835 0.305722 0.000000 0.807843 1.000000 1.000000 1.000000
v 0.124314 0.312374 0.006652 0.901961 1.000000 1.000000 1.000000
v 0.124314 0.312374 0.031511 0.847059 1.000000 1.000000 1.000000
v 0.750000 0.305722 0.000000 0.972549 1.000000 1.000000 1.000000
v 0.750000 0.312374 0.006652 0.972549 1.000000 1.000000 1.000000
v 0.750000 0.312374 0.031511 0.972549 1.000000 1.000000 1.000000
v 0.007371 2.945590 0.155092 1.000000 1.000000 1.000000 1.000000
v 0.048513 2.986446 0.155092 1.000000 1.000000 1.000000 1.000000
v 0.007371 2.945590 0.172705 0.317647 1.000000 1.000000 1.000000
v 0.062161 3.000000 0.172705 1.000000 1.000000 1.000000 1.000000
v 0.007371 2.900860 0.172705 0.000000 1.000000 1.000000 1.000000
v 0.007371 2.900860 0.155092 1.000000 1.000000 1.000000 1.000000
v 0.007371 2.887892 0.155092 0.000000 1.000000 1.000000 1.000000
v 0.010475 2.944472 0.180154 0.313726 1.000000 1.000000 1.000000
v 0.063021 2.996943 0.180285 0.658824 1.000000 1.000000 1.000000
v 0.750000 3.000000 0.172705 1.000000 1.000000 1.000000 1.000000
v 0.007371 2.887892 0.172705 0.000000 1.000000 1.000000 1.000000
v 0.750000 2.996943 0.180285 0.254902 1.000000 1.000000 1.000000
v 0.011508 2.881783 0.172705 0.000000 1.000000 1.000000 1.000000
v 0.011508 2.881783 0.155092 0.000000 1.000000 1.000000 1.000000
v 0.010577 2.900860 0.180253 0.000000 1.000000 1.000000 1.000000
v 0.010286 2.887591 0.180596 0.000000 1.000000 1.000000 1.000000
v 0.033251 2.873092 0.172705 0.000000 1.000000 1.000000 1.000000
v 0.033251 2.873092 0.155092 0.000000 1.000000 1.000000 1.000000
v 0.020346 2.881978 0.180055 0.000000 1.000000 1.000000 1.000000
v 0.027834 2.900860 0.196906 0.000000 1.000000 1.000000 1.000000
v 0.037387 2.866983 0.172705 0.000000 1.000000 1.000000 1.000000
v 0.037387 2.866983 0.155092 0.000000 1.000000 1.000000 1.000000
v 0.037387 2.727169 0.155092 1.000000 1.000000 1.000000 1.000000
v 0.027938 2.938185 0.197005 0.219608 1.000000 1.000000 1.000000
v 0.037387 2.727169 0.172705 0.000000 1.000000 1.000000 1.000000
v 0.034352 2.719453 0.155092 1.000000 1.000000 1.000000 1.000000
v 0.067584 2.980716 0.196875 0.474510 1.000000 1.000000 1.000000
v 0.034352 2.719453 0.172705 0.000000 1.000000 1.000000 1.000000
v 0.010407 2.693729 0.155092 1.000000 1.000000 1.000000 1.000000
v 0.041842 2.727728 0.177160 0.000000 1.000000 1.000000 1.000000
v 0.010407 2.693729 0.172705 0.129412 1.000000 1.000000 1.000000
v 0.041842 2.866424 0.177160 0.000000 1.000000 1.000000 1.000000
v 0.007371 2.686013 0.172705 0.156863 1.000000 1.000000 1.000000
v 0.007371 2.686013 0.155092 1.000000 1.000000 1.000000 1.000000
v 0.037953 2.873660 0.180991 0.000000 1.000000 1.000000 1.000000
v 0.061309 2.873221 0.180252 0.000000 1.000000 1.000000 1.000000
v 0.044726 2.880762 0.195251 0.000000 1.000000 1.000000 1.000000
v 0.037429 2.887790 0.196218 0.000000 1.000000 1.000000 1.000000
v 0.067032 2.865686 0.177160 0.000000 1.000000 1.000000 1.000000
v 0.035495 2.900860 0.200000 0.000000 1.000000 1.000000 1.000000
v 0.071499 2.872522 0.182535 0.000000 1.000000 1.000000 1.000000
v 0.046477 2.887790 0.200000 0.000000 1.000000 1.000000 1.000000
v 0.055930 2.880853 0.196347 0.000000 1.000000 1.000000 1.000000
v 0.087139 2.880750 0.196347 0.000000 1.000000 1.000000 1.000000
v 0.097354 2.887790 0.200000 0.000000 1.000000 1.000000 1.000000
v 0.035496 2.937068 0.200000 0.200000 1.000000 1.000000 1.000000
v 0.074825 2.864546 0.180109 0.000000 1.000000 1.000000 1.000000
v 0.070397 2.973204 0.200000 0.458824 1.000000 1.000000 1.000000
v 0.067032 2.728027 0.177160 0.000000 1.000000 1.000000 1.000000
v 0.750000 2.980716 0.196875 0.192157 1.000000 1.000000 1.000000
v 0.750000 2.973204 0.200000 0.164706 1.000000 1.000000 1.000000
v 1.432416 2.980716 0.196875 0.454902 1.000000 1.000000 1.000000
v 0.094008 2.876316 0.197051 0.000000 1.000000 1.000000 1.000000
v 1.429603 2.973204 0.200000 0.380392 1.000000 1.000000 1.000000
v 1.436979 2.996943 0.180285 0.521569 1.000000 1.000000 1.000000
v 1.437839 3.000000 0.172705 1.000000 1.000000 1.000000 1.000000
v 1.464504 2.937068 0.200000 0.219608 1.000000 1.000000 1.000000
v 1.489525 2.944472 0.180154 0.243137 1.000000 1.000000 1.000000
v 1.472062 2.938185 0.197005 0.243137 1.000000 1.000000 1.000000
v 1.492629 2.945590 0.172705 1.000000 1.000000 1.000000 1.000000
v 1.451487 2.986446 0.155092 1.000000 1.000000 1.000000 1.000000
v 1.492629 2.945590 0.155092 0.952941 1.000000 1.000000 1.000000
v 1.492629 2.900860 0.172705 1.000000 1.000000 1.000000 1.000000
v 1.492629 2.900860 0.155092 1.000000 1.000000 1.000000 1.000000
v 1.492629 2.887892 0.155092 1.000000 1.000000 1.000000 1.000000
v 1.489423 2.900860 0.180253 0.066667 1.000000 1.000000 1.000000
v 1.492629 2.887892 0.172705 0.058824 1.000000 1.000000 1.000000
v 1.488492 2.881783 0.172705 0.027451 1.000000 1.000000 1.000000
v 1.488492 2.881783 0.155092 0.027451 1.000000 1.000000 1.000000
v 1.489714 2.887591 0.180596 0.058824 1.000000 1.000000 1.000000
v 1.472165 2.900860 0.196906 0.031373 1.000000 1.000000 1.000000
v 1.466749 2.873092 0.172705 0.000000 1.000000 1.000000 1.000000
v 1.466749 2.873092 0.155092 0.000000 1.000000 1.000000 1.000000
v 1.479654 2.881978 0.180055 0.027451 1.000000 1.000000 1.000000
v 1.462571 2.887790 0.196218 0.000000 1.000000 1.000000 1.000000
v 1.464505 2.900860 0.200000 0.086275 1.000000 1.000000 1.000000
v 1.455274 2.880762 0.195251 0.000000 1.000000 1.000000 1.000000
v 1.453523 2.887790 0.200000 0.000000 1.000000 1.000000 1.000000
v 1.462047 2.873660 0.180991 0.000000 1.000000 1.000000 1.000000
v 1.402646 2.887790 0.200000 0.196078 1.000000 1.000000 1.000000
v 1.444070 2.880853 0.196347 0.000000 1.000000 1.000000 1.000000
v 1.438691 2.873221 0.180252 0.000000 1.000000 1.000000 1.000000
v 1.458158 2.866424 0.177160 0.000000 1.000000 1.000000 1.000000
v 1.412861 2.880750 0.196347 0.031373 1.000000 1.000000 1.000000
v 1.428501 2.872522 0.182535 0.000000 1.000000 1.000000 1.000000
v 1.432968 2.865686 0.177160 0.000000 1.000000 1.000000 1.000000
v 1.425174 2.864546 0.180109 0.000000 1.000000 1.000000 1.000000
v 1.405992 2.876316 0.197051 0.086275 1.000000 1.000000 1.000000
v 1.398198 2.878813 0.200000 0.149020 1.000000 1.000000 1.000000
v 1.405992 2.730560 0.197051 0.000000 1.000000 1.000000 1.000000
v 1.398198 2.731206 0.200000 0.000000 1.000000 1.000000 1.000000
v 1.014089 2.731206 0.200000 1.000000 1.000000 1.000000 1.000000
v 1.425174 2.728524 0.180109 0.000000 1.000000 1.000000 1.000000
v 1.432968 2.728027 0.177160 0.000000 1.000000 1.000000 1.000000
v 1.412025 2.722311 0.196144 0.000000 1.000000 1.000000 1.000000
v 1.427989 2.720160 0.182045 0.000000 1.000000 1.000000 1.000000
v 1.458158 2.727728 0.177160 0.000000 1.000000 1.000000 1.000000
v 1.437127 2.719450 0.177729 0.000000 1.000000 1.000000 1.000000
v 1.449693 2.699150 0.196144 0.000000 1.000000 1.000000 1.000000
v 1.401428 2.722296 0.200000 0.000000 1.000000 1.000000 1.000000
v 1.465001 2.694625 0.196535 0.000000 1.000000 1.000000 1.000000
v 1.023628 2.722296 0.200000 1.000000 1.000000 1.000000 1.000000
v 1.461010 2.719537 0.180107 0.000000 1.000000 1.000000 1.000000
v 1.459220 2.686283 0.200000 0.000000 1.000000 1.000000 1.000000
v 1.484666 2.693996 0.178637 0.000000 1.000000 1.000000 1.000000
v 1.079413 2.672644 0.200000 1.000000 1.000000 1.000000 1.000000
v 1.467173 2.686013 0.197241 0.000000 1.000000 1.000000 1.000000
v 1.068847 2.678963 0.200000 1.000000 1.000000 1.000000 1.000000
v 1.085440 2.662283 0.200000 1.000000 1.000000 1.000000 1.000000
v 1.074154 2.667385 0.193348 1.000000 1.000000 1.000000 1.000000
v 1.055700 2.680548 0.200000 1.000000 1.000000 1.000000 1.000000
v 1.065283 2.672198 0.193361 1.000000 1.000000 1.000000 1.000000
v 1.065553 2.672198 0.168489 1.000000 1.000000 1.000000 1.000000
v 1.074154 2.667385 0.168489 1.000000 1.000000 1.000000 1.000000
v 1.054621 2.673896 0.168489 1.000000 1.000000 1.000000 1.000000
v 1.079119 2.658850 0.193348 1.000000 1.000000 1.000000 1.000000
v 1.079119 2.658850 0.168489 1.000000 1.000000 1.000000 1.000000
v 1.087317 2.648931 0.200000 1.000000 1.000000 1.000000 1.000000
v 1.080665 2.647851 0.193348 1.000000 1.000000 1.000000 1.000000
v 1.080665 2.647851 0.168489 1.000000 1.000000 1.000000 1.000000
v 1.459220 1.894149 0.200000 0.321569 1.000000 1.000000 1.000000
v 1.087317 1.894149 0.200000 1.000000 1.000000 1.000000 1.000000
v 1.080665 1.894149 0.193348 1.000000 1.000000 1.000000 1.000000
v 1.080665 1.894149 0.168489 1.000000 1.000000 1.000000 1.000000
v 1.080665 1.102015 0.193348 1.000000 1.000000 1.000000 1.000000
v 1.080665 1.102015 0.168489 1.000000 1.000000 1.000000 1.000000
v 1.087317 1.102015 0.200000 1.000000 1.000000 1.000000 1.000000
v 1.080665 0.363081 0.193348 1.000000 1.000000 1.000000 1.000000
v 1.080665 0.363081 0.168489 0.976471 1.000000 1.000000 1.000000
v 1.076002 0.351823 0.168489 0.976471 1.000000 1.000000 1.000000
v 1.459220 1.102015 0.200000 0.011765 1.000000 1.000000 1.000000
v 1.087317 0.360603 0.200000 1.000000 1.000000 1.000000 1.000000
v 1.076002 0.351823 0.193348 1.000000 1.000000 1.000000 1.000000
v 1.041216 0.317037 0.193348 1.000000 1.000000 1.000000 1.000000
v 1.041216 0.317037 0.168489 0.556863 1.000000 1.000000 1.000000
v 1.082458 0.348871 0.200000 1.000000 1.000000 1.000000 1.000000
v 1.459220 0.313717 0.200000 0.972549 1.000000 1.000000 1.000000
v 1.029958 0.312374 0.193348 1.000000 1.000000 1.000000 1.000000
v 1.029958 0.312374 0.168489 0.490196 1.000000 1.000000 1.000000
v 1.044168 0.310581 0.200000 1.000000 1.000000 1.000000 1.000000
v 0.750000 0.312374 0.193348 1.000000 1.000000 1.000000 1.000000
v 0.750000 0.312374 0.168489 1.000000 1.000000 1.000000 1.000000
v 0.124314 0.312374 0.168489 0.039216 1.000000 1.000000 1.000000
v 1.032436 0.305722 0.200000 1.000000 1.000000 1.000000 1.000000
v 0.750000 0.305722 0.200000 1.000000 1.000000 1.000000 1.000000
v 0.124314 0.312374 0.193348 0.070588 1.000000 1.000000 1.000000
v 0.113055 0.317037 0.168489 0.035294 1.000000 1.000000 1.000000
v 1.401428 0.277703 0.200000 0.686275 1.000000 1.000000 1.000000
v 0.113055 0.317037 0.193348 0.090196 1.000000 1.000000 1.000000
v 0.078270 0.351823 0.168489 0.352941 1.000000 1.000000 1.000000
v 0.121835 0.305722 0.200000 0.050980 1.000000 1.000000 1.000000
v 0.750000 0.277703 0.200000 1.000000 1.000000 1.000000 1.000000
v 0.110104 0.310581 0.200000 0.035294 1.000000 1.000000 1.000000
v 0.078270 0.351823 0.193348 0.352941 1.000000 1.000000 1.000000
v 0.073606 0.363081 0.168489 0.431373 1.000000 1.000000 1.000000
v 0.098571 0.277703 0.200000 0.000000 1.000000 1.000000 1.000000
v 0.071814 0.348871 0.200000 0.333333 1.000000 1.000000 1.000000
v 0.073606 0.363081 0.193348 0.458824 1.000000 1.000000 1.000000
v 0.073606 1.102015 0.168489 1.000000 1.000000 1.000000 1.000000
v 0.066954 0.360603 0.200000 0.372549 1.000000 1.000000 1.000000
v 0.040780 0.313717 0.200000 0.000000 1.000000 1.000000 1.000000
v 0.066954 1.102015 0.200000 1.000000 1.000000 1.000000 1.000000
v 0.073606 1.102015 0.193348 1.000000 1.000000 1.000000 1.000000
v 0.073606 1.894149 0.168489 0.631373 1.000000 1.000000 1.000000
v 0.040780 1.102015 0.200000 1.000000 1.000000 1.000000 1.000000
v 0.073606 1.894149 0.193348 0.631373 1.000000 1.000000 1.000000
v 0.073606 2.647851 0.168489 0.250980 1.000000 1.000000 1.000000
v 0.066954 1.894149 0.200000 0.631373 1.000000 1.000000 1.000000
v 0.073606 2.647851 0.193348 0.360784 1.000000 1.000000 1.000000
v 0.075153 2.658850 0.168489 0.219608 1.000000 1.000000 1.000000
v 0.066954 2.648931 0.200000 0.337255 1.000000 1.000000 1.000000
v 0.075153 2.658850 0.193348 0.286275 1.000000 1.000000 1.000000
v 0.080117 2.667385 0.193348 0.329412 1.000000 1.000000 1.000000
v 0.080117 2.667385 0.168489 0.243137 1.000000 1.000000 1.000000
v 0.088718 2.672198 0.168489 0.243137 1.000000 1.000000 1.000000
v 0.068832 2.662283 0.200000 0.286275 1.000000 1.000000 1.000000
v 0.040780 1.894149 0.200000 0.631373 1.000000 1.000000 1.000000
v 0.040780 2.686283 0.200000 0.152941 1.000000 1.000000 1.000000
v 0.074859 2.672644 0.200000 0.309804 1.000000 1.000000 1.000000
v 0.085424 2.677718 0.200000 0.278431 1.000000 1.000000 1.000000
v 0.088988 2.672198 0.193361 0.298039 1.000000 1.000000 1.000000
v 0.099651 2.673896 0.168489 0.215686 1.000000 1.000000 1.000000
v 0.098571 2.680548 0.200000 0.329412 1.000000 1.000000 1.000000
v 0.099651 2.673896 0.193348 0.301961 1.000000 1.000000 1.000000
v 0.098571 2.722296 0.200000 0.050980 1.000000 1.000000 1.000000
v 0.126904 2.680548 0.200000 0.517647 1.000000 1.000000 1.000000
v 0.132858 2.673896 0.193111 0.494118 1.000000 1.000000 1.000000
v 0.130644 2.685749 0.200000 0.592157 1.000000 1.000000 1.000000
v 0.137598 2.679197 0.197510 0.592157 1.000000 1.000000 1.000000
v 0.141448 2.673896 0.171007 0.458824 1.000000 1.000000 1.000000
v 0.224088 2.673896 0.171007 0.933333 1.000000 1.000000 1.000000
v 0.144878 2.679104 0.177638 0.600000 1.000000 1.000000 1.000000
v 0.750000 2.673896 0.168489 1.000000 1.000000 1.000000 1.000000
v 0.144878 2.713624 0.186023 0.537255 1.000000 1.000000 1.000000
v 0.220657 2.679104 0.177638 1.000000 1.000000 1.000000 1.000000
v 0.137386 2.716368 0.198185 0.458824 1.000000 1.000000 1.000000
v 0.130644 2.722296 0.200000 0.376471 1.000000 1.000000 1.000000
v 0.232391 2.673896 0.193584 0.941177 1.000000 1.000000 1.000000
v 0.220657 2.713624 0.186023 1.000000 1.000000 1.000000 1.000000
v 0.227937 2.679197 0.197510 1.000000 1.000000 1.000000 1.000000
v 0.750000 2.673896 0.193348 1.000000 1.000000 1.000000 1.000000
v 0.237773 2.680548 0.200000 1.000000 1.000000 1.000000 1.000000
v 0.228149 2.716368 0.198185 1.000000 1.000000 1.000000 1.000000
v 0.234892 2.685749 0.200000 1.000000 1.000000 1.000000 1.000000
v 0.750000 2.680548 0.200000 1.000000 1.000000 1.000000 1.000000
v 0.234892 2.722296 0.200000 0.960784 1.000000 1.000000 1.000000
v 0.750000 2.687878 0.200000 1.000000 1.000000 1.000000 1.000000
v 0.915617 2.680548 0.200000 1.000000 1.000000 1.000000 1.000000
v 0.921880 2.673896 0.193584 1.000000 1.000000 1.000000 1.000000
v 0.930184 2.673896 0.171007 1.000000 1.000000 1.000000 1.000000
v 0.926334 2.679197 0.197510 1.000000 1.000000 1.000000 1.000000
v 0.933614 2.679104 0.177638 1.000000 1.000000 1.000000 1.000000
v 1.012824 2.673896 0.171007 1.000000 1.000000 1.000000 1.000000
v 1.009393 2.679104 0.177638 1.000000 1.000000 1.000000 1.000000
v 1.021413 2.673896 0.193111 1.000000 1.000000 1.000000 1.000000
v 1.054621 2.673896 0.193348 1.000000 1.000000 1.000000 1.000000
v 1.026772 2.680548 0.200000 1.000000 1.000000 1.000000 1.000000
v 1.016673 2.679197 0.197510 1.000000 1.000000 1.000000 1.000000
v 1.023628 2.685393 0.200000 1.000000 1.000000 1.000000 1.000000
v 1.016885 2.716368 0.198185 1.000000 1.000000 1.000000 1.000000
v 1.009393 2.713624 0.186023 1.000000 1.000000 1.000000 1.000000
v 0.933614 2.713624 0.186023 1.000000 1.000000 1.000000 1.000000
v 1.008355 2.724921 0.198451 1.000000 1.000000 1.000000 1.000000
v 1.003041 2.721126 0.189544 1.000000 1.000000 1.000000 1.000000
v 0.940515 2.721126 0.189544 1.000000 1.000000 1.000000 1.000000
v 0.934707 2.724921 0.198451 1.000000 1.000000 1.000000 1.000000
v 0.926122 2.716368 0.198185 1.000000 1.000000 1.000000 1.000000
v 0.928918 2.731206 0.200000 1.000000 1.000000 1.000000 1.000000
v 0.919380 2.685749 0.200000 1.000000 1.000000 1.000000 1.000000
v 0.919380 2.722296 0.200000 1.000000 1.000000 1.000000 1.000000
v 0.750000 2.731206 0.200000 1.000000 1.000000 1.000000 1.000000
v 0.225353 2.731206 0.200000 0.941177 1.000000 1.000000 1.000000
v 0.101802 2.878813 0.200000 0.000000 1.000000 1.000000 1.000000
v 0.219564 2.724921 0.198451 0.976471 1.000000 1.000000 1.000000
v 0.140182 2.731206 0.200000 0.423529 1.000000 1.000000 1.000000
v 0.101802 2.731206 0.200000 0.000000 1.000000 1.000000 1.000000
v 0.213757 2.721126 0.189544 1.000000 1.000000 1.000000 1.000000
v 0.145917 2.724921 0.198451 0.501961 1.000000 1.000000 1.000000
v 0.151231 2.721126 0.189544 0.572549 1.000000 1.000000 1.000000
v 0.094008 2.730560 0.197051 0.000000 1.000000 1.000000 1.000000
v 0.074825 2.728524 0.180109 0.000000 1.000000 1.000000 1.000000
v 0.087975 2.722311 0.196144 0.000000 1.000000 1.000000 1.000000
v 0.072011 2.720160 0.182045 0.000000 1.000000 1.000000 1.000000
v 0.050307 2.699150 0.196144 0.125490 1.000000 1.000000 1.000000
v 0.062873 2.719450 0.177729 0.000000 1.000000 1.000000 1.000000
v 0.034999 2.694625 0.196535 0.094118 1.000000 1.000000 1.000000
v 0.038990 2.719537 0.180107 0.000000 1.000000 1.000000 1.000000
v 0.032827 2.686013 0.197241 0.152941 1.000000 1.000000 1.000000
v 0.015334 2.693996 0.178637 0.125490 1.000000 1.000000 1.000000
v 0.010869 2.686013 0.179919 0.137255 1.000000 1.000000 1.000000
v 0.010869 1.894059 0.179919 0.631373 1.000000 1.000000 1.000000
v 0.032827 1.894059 0.197241 0.631373 1.000000 1.000000 1.000000
v 0.032827 1.102105 0.197241 1.000000 1.000000 1.000000 1.000000
v 0.010869 1.102105 0.179919 1.000000 1.000000 1.000000 1.000000
v 0.007371 1.894059 0.172705 0.631373 1.000000 1.000000 1.000000
v 0.007371 1.894059 0.155092 1.000000 1.000000 1.000000 1.000000
v 0.007371 1.102105 0.172705 1.000000 1.000000 1.000000 1.000000
v 0.007371 1.102105 0.155092 1.000000 1.000000 1.000000 1.000000
v 0.010869 0.313987 0.179919 0.121569 1.000000 1.000000 1.000000
v 0.007371 0.313987 0.172705 0.152941 1.000000 1.000000 1.000000
v 0.007371 0.313987 0.155091 1.000000 1.000000 1.000000 1.000000
v 0.010407 0.306271 0.155091 1.000000 1.000000 1.000000 1.000000
v 0.032827 0.313987 0.197240 0.000000 1.000000 1.000000 1.000000
v 0.015334 0.306004 0.178636 0.000000 1.000000 1.000000 1.000000
v 0.010407 0.306271 0.172705 0.109804 1.000000 1.000000 1.000000
v 0.034352 0.280547 0.172705 0.000000 1.000000 1.000000 1.000000
v 0.034352 0.280547 0.155091 1.000000 1.000000 1.000000 1.000000
v 0.034999 0.305375 0.196535 0.000000 1.000000 1.000000 1.000000
v 0.038990 0.280462 0.180107 0.000000 1.000000 1.000000 1.000000
v 0.037387 0.272831 0.172705 0.000000 1.000000 1.000000 1.000000
v 0.037387 0.272831 0.155091 1.000000 1.000000 1.000000 1.000000
v 0.037387 0.133017 0.155091 0.000000 1.000000 1.000000 1.000000
v 0.041842 0.272272 0.177160 0.000000 1.000000 1.000000 1.000000
v 0.037387 0.133017 0.172705 0.000000 1.000000 1.000000 1.000000
v 0.033251 0.126908 0.155091 0.000000 1.000000 1.000000 1.000000
v 0.041842 0.133575 0.177160 0.000000 1.000000 1.000000 1.000000
v 0.033251 0.126908 0.172705 0.000000 1.000000 1.000000 1.000000
v 0.011508 0.118216 0.155091 0.133333 1.000000 1.000000 1.000000
v 0.062873 0.280550 0.177729 0.000000 1.000000 1.000000 1.000000
v 0.011508 0.118216 0.172705 0.062745 1.000000 1.000000 1.000000
v 0.050307 0.300850 0.196144 0.000000 1.000000 1.000000 1.000000
v 0.072011 0.279840 0.182045 0.000000 1.000000 1.000000 1.000000
v 0.087975 0.277689 0.196144 0.000000 1.000000 1.000000 1.000000
v 0.067032 0.271972 0.177160 0.000000 1.000000 1.000000 1.000000
v 0.074825 0.271476 0.180109 0.000000 1.000000 1.000000 1.000000
v 0.094008 0.269440 0.197051 0.000000 1.000000 1.000000 1.000000
v 0.067032 0.134314 0.177160 0.000000 1.000000 1.000000 1.000000
v 0.074825 0.135454 0.180109 0.000000 1.000000 1.000000 1.000000
v 0.101802 0.268794 0.200000 0.000000 1.000000 1.000000 1.000000
v 0.094008 0.123684 0.197051 0.000000 1.000000 1.000000 1.000000
v 0.071499 0.127478 0.182535 0.000000 1.000000 1.000000 1.000000
v 0.101802 0.121187 0.200000 0.000000 1.000000 1.000000 1.000000
v 0.087139 0.119249 0.196347 0.000000 1.000000 1.000000 1.000000
v 0.097354 0.112210 0.200000 0.000000 1.000000 1.000000 1.000000
v 0.061309 0.126778 0.180252 0.000000 1.000000 1.000000 1.000000
v 0.055930 0.119147 0.196347 0.000000 1.000000 1.000000 1.000000
v 0.037953 0.126340 0.180991 0.000000 1.000000 1.000000 1.000000
v 0.044726 0.119237 0.195251 0.000000 1.000000 1.000000 1.000000
v 0.046477 0.112209 0.200000 0.000000 1.000000 1.000000 1.000000
v 0.020346 0.118022 0.180055 0.003922 1.000000 1.000000 1.000000
v 0.037429 0.112210 0.196218 0.000000 1.000000 1.000000 1.000000
v 0.035495 0.099140 0.200000 0.000000 1.000000 1.000000 1.000000
v 0.010286 0.112409 0.180596 0.098039 1.000000 1.000000 1.000000
v 0.007371 0.112108 0.172705 0.141176 1.000000 1.000000 1.000000
v 0.007371 0.112108 0.155091 0.215686 1.000000 1.000000 1.000000
v 0.007371 0.099140 0.155091 1.000000 1.000000 1.000000 1.000000
v 0.027834 0.099140 0.196906 0.149020 1.000000 1.000000 1.000000
v 0.010577 0.099140 0.180253 0.231373 1.000000 1.000000 1.000000
v 0.007371 0.099140 0.172705 0.262745 1.000000 1.000000 1.000000
v 0.007371 0.054410 0.155091 1.000000 1.000000 1.000000 1.000000
v 0.027938 0.061814 0.197005 0.419608 1.000000 1.000000 1.000000
v 0.007371 0.054410 0.172705 0.729412 1.000000 1.000000 1.000000
v 0.048513 0.013553 0.155091 1.000000 1.000000 1.000000 1.000000
v 0.062161 -0.000000 0.172705 1.000000 1.000000 1.000000 1.000000
v 0.010475 0.055527 0.180154 0.600000 1.000000 1.000000 1.000000
v 0.063021 0.003057 0.180285 0.627451 1.000000 1.000000 1.000000
v 0.750000 -0.000000 0.172705 1.000000 1.000000 1.000000 1.000000
v 0.067584 0.019284 0.196875 0.517647 1.000000 1.000000 1.000000
v 0.035496 0.062932 0.200000 0.407843 1.000000 1.000000 1.000000
v 0.750000 0.003057 0.180285 0.541176 1.000000 1.000000 1.000000
v 0.070397 0.026795 0.200000 0.443137 1.000000 1.000000 1.000000
v 1.436979 0.003057 0.180285 0.600000 1.000000 1.000000 1.000000
v 1.437839 -0.000000 0.172705 1.000000 1.000000 1.000000 1.000000
v 0.750000 0.019284 0.196875 0.474510 1.000000 1.000000 1.000000
v 1.432416 0.019284 0.196875 0.458824 1.000000 1.000000 1.000000
v 1.489525 0.055527 0.180154 0.713726 1.000000 1.000000 1.000000
v 1.492629 0.054410 0.172705 1.000000 1.000000 1.000000 1.000000
v 1.451487 0.013553 0.155091 1.000000 1.000000 1.000000 1.000000
v 1.492629 0.054410 0.155091 1.000000 1.000000 1.000000 1.000000
v 1.492629 0.099140 0.172705 1.000000 1.000000 1.000000 1.000000
v 1.492629 0.099140 0.155091 1.000000 1.000000 1.000000 1.000000
v 1.489423 0.099140 0.180253 0.760784 1.000000 1.000000 1.000000
v 1.492629 0.112108 0.172705 0.784314 1.000000 1.000000 1.000000
v 1.492629 0.112108 0.155091 1.000000 1.000000 1.000000 1.000000
v 1.488492 0.118216 0.155091 0.454902 1.000000 1.000000 1.000000
v 1.472062 0.061814 0.197005 0.631373 1.000000 1.000000 1.000000
v 1.489714 0.112409 0.180596 0.705882 1.000000 1.000000 1.000000
v 1.488492 0.118216 0.172705 0.611765 1.000000 1.000000 1.000000
v 1.472165 0.099140 0.196906 0.545098 1.000000 1.000000 1.000000
v 1.464504 0.062932 0.200000 0.486275 1.000000 1.000000 1.000000
v 1.429603 0.026795 0.200000 0.388235 1.000000 1.000000 1.000000
v 1.464505 0.099140 0.200000 0.482353 1.000000 1.000000 1.000000
v 0.750000 0.026795 0.200000 0.443137 1.000000 1.000000 1.000000
v 1.398198 0.121187 0.200000 0.000000 1.000000 1.000000 1.000000
v 1.398198 0.268794 0.200000 0.619608 1.000000 1.000000 1.000000
v 1.402646 0.112210 0.200000 0.000000 1.000000 1.000000 1.000000
v 1.405992 0.123684 0.197051 0.000000 1.000000 1.000000 1.000000
v 1.405992 0.269440 0.197051 0.686275 1.000000 1.000000 1.000000
v 1.453523 0.112209 0.200000 0.345098 1.000000 1.000000 1.000000
v 1.412861 0.119249 0.196347 0.054902 1.000000 1.000000 1.000000
v 1.425174 0.135454 0.180109 0.176471 1.000000 1.000000 1.000000
v 1.462571 0.112210 0.196218 0.545098 1.000000 1.000000 1.000000
v 1.444070 0.119147 0.196347 0.321569 1.000000 1.000000 1.000000
v 1.479654 0.118022 0.180055 0.647059 1.000000 1.000000 1.000000
v 1.455274 0.119237 0.195251 0.376471 1.000000 1.000000 1.000000
v 1.466749 0.126908 0.172705 0.427451 1.000000 1.000000 1.000000
v 1.466749 0.126908 0.155091 0.301961 1.000000 1.000000 1.000000
v 1.462047 0.126340 0.180991 0.478431 1.000000 1.000000 1.000000
v 1.438691 0.126778 0.180252 0.250980 1.000000 1.000000 1.000000
v 1.428501 0.127478 0.182535 0.243137 1.000000 1.000000 1.000000
v 1.458158 0.133575 0.177160 0.466667 1.000000 1.000000 1.000000
v 1.432968 0.134314 0.177160 0.290196 1.000000 1.000000 1.000000
v 1.462613 0.133017 0.172705 0.505882 1.000000 1.000000 1.000000
v 1.462613 0.133017 0.155091 1.000000 1.000000 1.000000 1.000000
v 1.462613 0.272831 0.172705 0.917647 1.000000 1.000000 1.000000
v 1.462613 0.272831 0.155091 1.000000 1.000000 1.000000 1.000000
v 1.465648 0.280547 0.155091 1.000000 1.000000 1.000000 1.000000
v 1.458158 0.272272 0.177160 0.901961 1.000000 1.000000 1.000000
v 1.465648 0.280547 0.172705 0.960784 1.000000 1.000000 1.000000
v 1.489593 0.306271 0.155091 1.000000 1.000000 1.000000 1.000000
v 1.432968 0.271972 0.177160 0.792157 1.000000 1.000000 1.000000
v 1.489593 0.306271 0.172705 0.992157 1.000000 1.000000 1.000000
v 1.425174 0.271476 0.180109 0.752941 1.000000 1.000000 1.000000
v 1.492629 0.313987 0.172705 0.992157 1.000000 1.000000 1.000000
v 1.492629 0.313987 0.155091 1.000000 1.000000 1.000000 1.000000
v 1.492629 1.102105 0.155092 1.000000 1.000000 1.000000 1.000000
v 1.412025 0.277689 0.196144 0.756863 1.000000 1.000000 1.000000
v 1.427989 0.279840 0.182045 0.815686 1.000000 1.000000 1.000000
v 1.449693 0.300850 0.196144 0.929412 1.000000 1.000000 1.000000
v 1.437127 0.280550 0.177729 0.850980 1.000000 1.000000 1.000000
v 1.465001 0.305375 0.196535 0.972549 1.000000 1.000000 1.000000
v 1.461010 0.280462 0.180107 0.917647 1.000000 1.000000 1.000000
v 1.467173 0.313987 0.197240 0.972549 1.000000 1.000000 1.000000
v 1.484666 0.306004 0.178636 0.992157 1.000000 1.000000 1.000000
v 1.467173 1.102105 0.197241 0.011765 1.000000 1.000000 1.000000
v 1.489131 0.313987 0.179919 0.992157 1.000000 1.000000 1.000000
v 1.492629 1.102105 0.172705 1.000000 1.000000 1.000000 1.000000
v 1.492629 1.894059 0.155092 1.000000 1.000000 1.000000 1.000000
v 1.489131 1.102105 0.179919 0.168627 1.000000 1.000000 1.000000
v 1.467173 1.894059 0.197241 0.388235 1.000000 1.000000 1.000000
v 1.492629 1.894059 0.172705 1.000000 1.000000 1.000000 1.000000
v 1.492629 2.686013 0.155092 1.000000 1.000000 1.000000 1.000000
v 1.489131 1.894059 0.179919 0.576471 1.000000 1.000000 1.000000
v 1.492629 2.686013 0.172705 0.019608 1.000000 1.000000 1.000000
v 1.489593 2.693729 0.155092 1.000000 1.000000 1.000000 1.000000
v 1.489131 2.686013 0.179919 0.000000 1.000000 1.000000 1.000000
v 1.489593 2.693729 0.172705 0.000000 1.000000 1.000000 1.000000
v 1.465648 2.719453 0.172705 0.000000 1.000000 1.000000 1.000000
v 1.465648 2.719453 0.155092 1.000000 1.000000 1.000000 1.000000
v 1.462613 2.727169 0.172705 0.000000 1.000000 1.000000 1.000000
v 1.462613 2.727169 0.155092 1.000000 1.000000 1.000000 1.000000
v 1.462613 2.866983 0.172705 0.000000 1.000000 1.000000 1.000000
v 1.462613 2.866983 0.155092 1.000000 1.000000 1.000000 1.000000
v 0.004917 0.018553 0.157150 0.843137 1.000000 1.000000 1.000000
v 0.051313 0.018553 0.157147 0.580392 1.000000 1.000000 1.000000
v 0.004917 0.013636 0.152234 0.878431 1.000000 1.000000 1.000000
v 0.056205 0.013636 0.152231 0.580392 1.000000 1.000000 1.000000
v 0.004917 0.013636 0.047766 0.776471 1.000000 1.000000 1.000000
v 0.056205 0.013636 0.047769 0.631373 1.000000 1.000000 1.000000
v 0.051313 0.018553 0.042852 0.631373 1.000000 1.000000 1.000000
v 0.004917 0.018553 0.042850 0.768628 1.000000 1.000000 1.000000
v 0.019153 2.731516 0.065927 0.592157 1.000000 1.000000 1.000000
v -0.015489 2.749640 0.065926 1.000000 1.000000 1.000000 1.000000
v -0.015885 2.745927 0.069400 0.364706 1.000000 1.000000 1.000000
v 0.019158 2.727593 0.069401 0.000000 1.000000 1.000000 1.000000
v -0.015885 2.745927 0.091594 0.160784 1.000000 1.000000 1.000000
v 0.019158 2.727593 0.091594 0.000000 1.000000 1.000000 1.000000
v 0.019153 2.731516 0.095069 0.000000 1.000000 1.000000 1.000000
v -0.015489 2.749640 0.095069 0.180392 1.000000 1.000000 1.000000
v 0.019012 0.160012 0.065929 0.552941 1.000000 1.000000 1.000000
v -0.015469 0.160012 0.065929 0.756863 1.000000 1.000000 1.000000
v 0.019008 0.156519 0.069423 0.552941 1.000000 1.000000 1.000000
v -0.015469 0.156519 0.069423 0.749020 1.000000 1.000000 1.000000
v 0.019008 0.156519 0.091576 0.215686 1.000000 1.000000 1.000000
v -0.015469 0.156519 0.091577 0.607843 1.000000 1.000000 1.000000
v -0.015469 0.160012 0.095071 0.584314 1.000000 1.000000 1.000000
v 0.019012 0.160012 0.095070 0.188235 1.000000 1.000000 1.000000
v -0.015469 0.254183 0.065926 0.941177 1.000000 1.000000 1.000000
v 0.019153 0.272296 0.065927 0.509804 1.000000 1.000000 1.000000
v -0.015867 0.257918 0.069420 0.474510 1.000000 1.000000 1.000000
v 0.019158 0.276242 0.069421 0.000000 1.000000 1.000000 1.000000
v -0.015867 0.257918 0.091574 0.388235 1.000000 1.000000 1.000000
v 0.019158 0.276242 0.091574 0.000000 1.000000 1.000000 1.000000
v 0.019153 0.272296 0.095068 0.113725 1.000000 1.000000 1.000000
v -0.015469 0.254183 0.095068 0.388235 1.000000 1.000000 1.000000
v 1.495083 0.018553 0.042849 0.607843 1.000000 1.000000 1.000000
v 1.448687 0.018553 0.042852 0.301961 1.000000 1.000000 1.000000
v 1.495083 0.013636 0.047766 0.635294 1.000000 1.000000 1.000000
v 1.443795 0.013636 0.047769 0.301961 1.000000 1.000000 1.000000
v 1.495083 0.013636 0.152234 0.992157 1.000000 1.000000 1.000000
v 1.443795 0.013636 0.152231 0.552941 1.000000 1.000000 1.000000
v 1.448687 0.018553 0.157147 0.552941 1.000000 1.000000 1.000000
v 1.495083 0.018553 0.157150 0.992157 1.000000 1.000000 1.000000
v 1.480847 2.731516 0.134073 0.023529 1.000000 1.000000 1.000000
v 1.515489 2.749640 0.134074 0.313726 1.000000 1.000000 1.000000
v 1.515885 2.745927 0.130600 0.282353 1.000000 1.000000 1.000000
v 1.480842 2.727593 0.130598 0.003922 1.000000 1.000000 1.000000
v 1.515885 2.745927 0.108406 0.298039 1.000000 1.000000 1.000000
v 1.480842 2.727593 0.108406 0.235294 1.000000 1.000000 1.000000
v 1.480847 2.731516 0.104931 1.000000 1.000000 1.000000 1.000000
v 1.515489 2.749640 0.104931 1.000000 1.000000 1.000000 1.000000
v 1.515469 0.254183 0.134074 1.000000 1.000000 1.000000 1.000000
v 1.480847 0.272296 0.134072 0.972549 1.000000 1.000000 1.000000
v 1.515867 0.257918 0.130580 1.000000 1.000000 1.000000 1.000000
v 1.480842 0.276242 0.130579 0.984314 1.000000 1.000000 1.000000
v 1.515867 0.257918 0.108425 0.992157 1.000000 1.000000 1.000000
v 1.480842 0.276242 0.108425 0.831373 1.000000 1.000000 1.000000
v 1.480847 0.272296 0.104931 0.839216 1.000000 1.000000 1.000000
v 1.515469 0.254183 0.104931 0.976471 1.000000 1.000000 1.000000
v 1.068066 2.496034 0.100000 1.000000 1.000000 1.000000 1.000000
v 1.068028 0.564328 0.100000 1.000000 1.000000 1.000000 1.000000
v 1.063442 0.566698 0.095951 1.000000 1.000000 1.000000 1.000000
v 1.063443 2.493873 0.095949 1.000000 1.000000 1.000000 1.000000
v 1.045451 0.587292 0.094931 1.000000 1.000000 1.000000 1.000000
v 1.045451 2.475835 0.094931 1.000000 1.000000 1.000000 1.000000
v 1.033848 2.465950 0.094931 1.000000 1.000000 1.000000 1.000000
v 1.033848 0.596816 0.094931 1.000000 1.000000 1.000000 1.000000
v 1.031398 0.597694 0.092481 1.000000 1.000000 1.000000 1.000000
v 1.031398 2.465072 0.092481 1.000000 1.000000 1.000000 1.000000
v 0.004917 2.990199 0.152234 0.705882 1.000000 1.000000 1.000000
v 0.051313 2.985283 0.157147 0.505882 1.000000 1.000000 1.000000
v 0.006174 2.985283 0.157150 0.705882 1.000000 1.000000 1.000000
v 0.056205 2.990199 0.152231 0.505882 1.000000 1.000000 1.000000
v 0.004917 2.990199 0.047766 0.525490 1.000000 1.000000 1.000000
v 0.056205 2.990199 0.047769 0.298039 1.000000 1.000000 1.000000
v 0.051313 2.985283 0.042853 0.298039 1.000000 1.000000 1.000000
v 0.006174 2.985283 0.042850 0.478431 1.000000 1.000000 1.000000
v 0.019008 2.847317 0.069403 0.243137 1.000000 1.000000 1.000000
v -0.015489 2.843843 0.065929 0.552941 1.000000 1.000000 1.000000
v 0.019012 2.843843 0.065929 0.262745 1.000000 1.000000 1.000000
v -0.015489 2.847317 0.069403 0.521569 1.000000 1.000000 1.000000
v 0.019008 2.847317 0.091596 0.000000 1.000000 1.000000 1.000000
v -0.015489 2.847317 0.091597 0.188235 1.000000 1.000000 1.000000
v -0.015489 2.843843 0.095071 0.176471 1.000000 1.000000 1.000000
v 0.019012 2.843843 0.095070 0.000000 1.000000 1.000000 1.000000
v 1.495083 2.990199 0.047766 0.349020 1.000000 1.000000 1.000000
v 1.448687 2.985283 0.042853 0.000000 1.000000 1.000000 1.000000
v 1.493826 2.985283 0.042850 0.298039 1.000000 1.000000 1.000000
v 1.443795 2.990199 0.047769 0.000000 1.000000 1.000000 1.000000
v 1.495083 2.990199 0.152234 0.545098 1.000000 1.000000 1.000000
v 1.443795 2.990199 0.152231 0.521569 1.000000 1.000000 1.000000
v 1.448687 2.985283 0.157147 0.521569 1.000000 1.000000 1.000000
v 1.493826 2.985283 0.157150 0.537255 1.000000 1.000000 1.000000
v 1.480992 2.847317 0.130597 0.000000 1.000000 1.000000 1.000000
v 1.515489 2.843843 0.134071 0.129412 1.000000 1.000000 1.000000
v 1.480988 2.843843 0.134071 0.000000 1.000000 1.000000 1.000000
v 1.515489 2.847317 0.130597 0.129412 1.000000 1.000000 1.000000
v 1.480992 2.847317 0.108404 0.921569 1.000000 1.000000 1.000000
v 1.515489 2.847317 0.108403 1.000000 1.000000 1.000000 1.000000
v 1.515489 2.843843 0.104929 1.000000 1.000000 1.000000 1.000000
v 1.480988 2.843843 0.104930 0.882353 1.000000 1.000000 1.000000
v 1.515469 0.160012 0.134071 0.913726 1.000000 1.000000 1.000000
v 1.480992 0.156519 0.130577 0.725490 1.000000 1.000000 1.000000
v 1.480988 0.160012 0.134071 0.745098 1.000000 1.000000 1.000000
v 1.515469 0.156519 0.130577 0.913726 1.000000 1.000000 1.000000
v 1.480992 0.156519 0.108424 0.317647 1.000000 1.000000 1.000000
v 1.515469 0.156519 0.108423 0.776471 1.000000 1.000000 1.000000
v 1.515469 0.160012 0.104929 0.776471 1.000000 1.000000 1.000000
v 1.480988 0.160012 0.104930 0.329412 1.000000 1.000000 1.000000
v 1.068066 2.496034 0.100000 1.000000 1.000000 1.000000 1.000000
v 1.063442 0.566698 0.104049 1.000000 1.000000 1.000000 1.000000
v 1.068028 0.564328 0.100000 1.000000 1.000000 1.000000 1.000000
v 1.063443 2.493873 0.104051 1.000000 1.000000 1.000000 1.000000
v 1.045451 0.587292 0.105069 1.000000 1.000000 1.000000 1.000000
v 1.045451 2.475835 0.105069 1.000000 1.000000 1.000000 1.000000
v 1.033848 2.465950 0.105069 1.000000 1.000000 1.000000 1.000000
v 1.033848 0.596816 0.105069 1.000000 1.000000 1.000000 1.000000
v 1.031398 0.597694 0.107519 1.000000 1.000000 1.000000 1.000000
v 1.031398 2.465072 0.107519 1.000000 1.000000 1.000000 1.000000
v 0.019012 2.843843 0.095070 0.000000 1.000000 1.000000 1.000000
v 0.019153 2.731516 0.095069 0.000000 1.000000 1.000000 1.000000
v -0.015489 2.749640 0.095069 0.180392 1.000000 1.000000 1.000000
v -0.015489 2.843843 0.095071 0.176471 1.000000 1.000000 1.000000
v -0.018963 2.751011 0.091594 0.180392 1.000000 1.000000 1.000000
v -0.015885 2.745927 0.091594 0.160784 1.000000 1.000000 1.000000
v -0.018963 2.843843 0.091597 0.192157 1.000000 1.000000 1.000000
v -0.015489 2.847317 0.091597 0.188235 1.000000 1.000000 1.000000
v -0.015489 2.847317 0.069403 0.521569 1.000000 1.000000 1.000000
v -0.018963 2.843843 0.069403 0.745098 1.000000 1.000000 1.000000
v -0.015489 2.843843 0.065929 0.552941 1.000000 1.000000 1.000000
v -0.018963 2.751011 0.069400 0.388235 1.000000 1.000000 1.000000
v -0.015885 2.745927 0.069400 0.364706 1.000000 1.000000 1.000000
v -0.015489 2.749640 0.065926 1.000000 1.000000 1.000000 1.000000
v 0.019012 2.843843 0.065929 0.262745 1.000000 1.000000 1.000000
v 0.019153 2.731516 0.065927 0.592157 1.000000 1.000000 1.000000
v 0.019153 0.272296 0.095068 0.113725 1.000000 1.000000 1.000000
v 0.019012 0.160012 0.095070 0.188235 1.000000 1.000000 1.000000
v -0.015469 0.254183 0.095068 0.388235 1.000000 1.000000 1.000000
v -0.015469 0.160012 0.095071 0.584314 1.000000 1.000000 1.000000
v -0.018963 0.252804 0.091574 0.427451 1.000000 1.000000 1.000000
v -0.015867 0.257918 0.091574 0.388235 1.000000 1.000000 1.000000
v -0.018963 0.160012 0.091577 0.662745 1.000000 1.000000 1.000000
v -0.015469 0.156519 0.091577 0.607843 1.000000 1.000000 1.000000
v -0.015469 0.156519 0.069423 0.749020 1.000000 1.000000 1.000000
v -0.018963 0.160012 0.069423 0.776471 1.000000 1.000000 1.000000
v -0.015469 0.160012 0.065929 0.756863 1.000000 1.000000 1.000000
v -0.018963 0.252804 0.069420 0.533333 1.000000 1.000000 1.000000
v -0.015867 0.257918 0.069420 0.474510 1.000000 1.000000 1.000000
v -0.015469 0.254183 0.065926 0.941177 1.000000 1.000000 1.000000
v 0.019012 0.160012 0.065929 0.552941 1.000000 1.000000 1.000000
v 0.019153 0.272296 0.065927 0.509804 1.000000 1.000000 1.000000
v 1.480988 2.843843 0.104930 0.882353 1.000000 1.000000 1.000000
v 1.480847 2.731516 0.104931 1.000000 1.000000 1.000000 1.000000
v 1.515489 2.749640 0.104931 1.000000 1.000000 1.000000 1.000000
v 1.515489 2.843843 0.104929 1.000000 1.000000 1.000000 1.000000
v 1.518963 2.751011 0.108406 1.000000 1.000000 1.000000 1.000000
v 1.515885 2.745927 0.108406 0.298039 1.000000 1.000000 1.000000
v 1.518963 2.843843 0.108403 1.000000 1.000000 1.000000 1.000000
v 1.515489 2.847317 0.108403 1.000000 1.000000 1.000000 1.000000
v 1.515489 2.847317 0.130597 0.129412 1.000000 1.000000 1.000000
v 1.518963 2.843843 0.130597 0.129412 1.000000 1.000000 1.000000
v 1.515489 2.843843 0.134071 0.129412 1.000000 1.000000 1.000000
v 1.518963 2.751011 0.130600 0.313726 1.000000 1.000000 1.000000
v 1.515885 2.745927 0.130600 0.282353 1.000000 1.000000 1.000000
v 1.515489 2.749640 0.134074 0.313726 1.000000 1.000000 1.000000
v 1.480988 2.843843 0.134071 0.000000 1.000000 1.000000 1.000000
v 1.480847 2.731516 0.134073 0.023529 1.000000 1.000000 1.000000
v 1.480847 0.272296 0.104931 0.839216 1.000000 1.000000 1.000000
v 1.480988 0.160012 0.104930 0.329412 1.000000 1.000000 1.000000
v 1.515469 0.254183 0.104931 0.976471 1.000000 1.000000 1.000000
v 1.515469 0.160012 0.104929 0.776471 1.000000 1.000000 1.000000
v 1.518963 0.252804 0.108425 0.976471 1.000000 1.000000 1.000000
v 1.515867 0.257918 0.108425 0.992157 1.000000 1.000000 1.000000
v 1.518963 0.160012 0.108423 0.815686 1.000000 1.000000 1.000000
v 1.515469 0.156519 0.108423 0.776471 1.000000 1.000000 1.000000
v 1.515469 0.156519 0.130577 0.913726 1.000000 1.000000 1.000000
v 1.518963 0.160012 0.130577 0.913726 1.000000 1.000000 1.000000
v 1.515469 0.160012 0.134071 0.913726 1.000000 1.000000 1.000000
v 1.518963 0.252804 0.130580 1.000000 1.000000 1.000000 1.000000
v 1.515867 0.257918 0.130580 1.000000 1.000000 1.000000 1.000000
v 1.515469 0.254183 0.134074 1.000000 1.000000 1.000000 1.000000
v 1.480988 0.160012 0.134071 0.745098 1.000000 1.000000 1.000000
v 1.480847 0.272296 0.134072 0.972549 1.000000 1.000000 1.000000
v 1.068069 2.630003 0.100000 1.000000 1.000000 1.000000 1.000000
v 1.068066 2.496034 0.100000 1.000000 1.000000 1.000000 1.000000
v 1.063173 2.629209 0.096403 1.000000 1.000000 1.000000 1.000000
v 1.063443 2.493873 0.095949 1.000000 1.000000 1.000000 1.000000
v 1.061215 2.497521 0.092481 1.000000 1.000000 1.000000 1.000000
v 1.061215 2.628891 0.092481 1.000000 1.000000 1.000000 1.000000
v 1.061215 2.628891 0.071326 1.000000 1.000000 1.000000 1.000000
v 1.059215 2.493655 0.092481 1.000000 1.000000 1.000000 1.000000
v 1.045451 2.475835 0.094931 1.000000 1.000000 1.000000 1.000000
v 1.061215 2.497521 0.071326 1.000000 1.000000 1.000000 1.000000
v 1.062701 2.629446 0.067146 1.000000 1.000000 1.000000 1.000000
v 1.059215 2.493655 0.072517 1.000000 1.000000 1.000000 1.000000
v 1.063004 2.493753 0.067202 1.000000 1.000000 1.000000 1.000000
v 1.070055 2.637038 0.057813 1.000000 1.000000 1.000000 1.000000
v 1.044683 2.478232 0.082214 1.000000 1.000000 1.000000 1.000000
v 1.044963 2.475807 0.079596 1.000000 1.000000 1.000000 1.000000
v 1.044222 2.477966 0.092481 1.000000 1.000000 1.000000 1.000000
v 1.033625 2.468543 0.086416 1.000000 1.000000 1.000000 1.000000
v 1.033625 2.468543 0.092481 1.000000 1.000000 1.000000 1.000000
v 1.033848 2.465950 0.094931 1.000000 1.000000 1.000000 1.000000
v 1.031398 2.465072 0.092481 1.000000 1.000000 1.000000 1.000000
v 1.031398 2.465072 0.086832 1.000000 1.000000 1.000000 1.000000
v 1.031398 0.597694 0.092481 1.000000 1.000000 1.000000 1.000000
v 1.033798 2.465936 0.083888 1.000000 1.000000 1.000000 1.000000
v 1.031398 0.597694 0.086832 1.000000 1.000000 1.000000 1.000000
v 1.033625 0.594223 0.092481 1.000000 1.000000 1.000000 1.000000
v 1.033848 0.596816 0.094931 1.000000 1.000000 1.000000 1.000000
v 1.045451 0.587292 0.094931 1.000000 1.000000 1.000000 1.000000
v 1.033798 0.596829 0.083888 1.000000 1.000000 1.000000 1.000000
v 1.044222 0.585160 0.092481 1.000000 1.000000 1.000000 1.000000
v 1.033625 0.594223 0.086416 1.000000 1.000000 1.000000 1.000000
v 1.044963 0.587319 0.079596 1.000000 1.000000 1.000000 1.000000
v 1.044683 0.584895 0.082214 1.000000 1.000000 1.000000 1.000000
v 1.059215 0.566916 0.092481 1.000000 1.000000 1.000000 1.000000
v 1.063442 0.566698 0.095951 1.000000 1.000000 1.000000 1.000000
v 1.059215 0.566916 0.072517 1.000000 1.000000 1.000000 1.000000
v 1.063007 0.566818 0.067205 1.000000 1.000000 1.000000 1.000000
v 1.061215 0.563050 0.092481 1.000000 1.000000 1.000000 1.000000
v 1.061215 0.563050 0.071325 1.000000 1.000000 1.000000 1.000000
v 1.070147 0.376456 0.057813 0.090196 1.000000 1.000000 1.000000
v 1.075592 2.642522 0.044983 1.000000 1.000000 1.000000 1.000000
v 1.062378 0.399418 0.067740 0.356863 1.000000 1.000000 1.000000
v 1.075675 0.367535 0.044983 0.090196 1.000000 1.000000 1.000000
v 1.076629 2.644283 0.030665 1.000000 1.000000 1.000000 1.000000
v 1.058048 0.387715 0.067819 0.176471 1.000000 1.000000 1.000000
v 1.076668 0.364647 0.030651 0.047059 1.000000 1.000000 1.000000
v 1.079324 2.644839 0.028245 1.000000 1.000000 1.000000 1.000000
v 1.066879 0.365934 0.057813 0.062745 1.000000 1.000000 1.000000
v 1.083159 0.362282 0.028245 0.050980 1.000000 1.000000 1.000000
v 1.083041 2.647159 0.028245 1.000000 1.000000 1.000000 1.000000
v 1.079324 0.363892 0.028245 0.074510 1.000000 1.000000 1.000000
v 1.078214 0.351042 0.028245 0.000000 1.000000 1.000000 1.000000
v 1.071463 0.356972 0.044983 0.000000 1.000000 1.000000 1.000000
v 1.072073 0.353797 0.030594 0.000000 1.000000 1.000000 1.000000
v 1.074403 0.351930 0.028245 0.000000 1.000000 1.000000 1.000000
v 1.042640 0.320312 0.028245 0.000000 1.000000 1.000000 1.000000
v 1.042619 0.314678 0.028245 0.000000 1.000000 1.000000 1.000000
v 1.040686 0.323666 0.030210 0.000000 1.000000 1.000000 1.000000
v 1.031112 0.310089 0.028245 0.000000 1.000000 1.000000 1.000000
v 1.030994 0.315265 0.028245 0.000000 1.000000 1.000000 1.000000
v 1.030141 0.319336 0.030081 0.000000 1.000000 1.000000 1.000000
v 1.037976 0.335302 0.044983 0.000000 1.000000 1.000000 1.000000
v 1.027144 0.332851 0.044983 0.000000 1.000000 1.000000 1.000000
v 1.025363 0.345792 0.057813 0.000000 1.000000 1.000000 1.000000
v 1.036240 0.347829 0.057813 0.000000 1.000000 1.000000 1.000000
v 1.023644 0.367193 0.067842 0.000000 1.000000 1.000000 1.000000
v 1.035084 0.371943 0.067883 0.082353 1.000000 1.000000 1.000000
v 1.034143 0.373934 0.071325 0.113725 1.000000 1.000000 1.000000
v 1.023239 0.369417 0.071325 0.000000 1.000000 1.000000 1.000000
v 1.056698 0.389359 0.071325 0.207843 1.000000 1.000000 1.000000
v 1.034143 0.373934 0.092481 0.192157 1.000000 1.000000 1.000000
v 1.023239 0.369417 0.092481 0.043137 1.000000 1.000000 1.000000
v 1.023630 0.367450 0.096392 0.423529 1.000000 1.000000 1.000000
v 1.061215 0.400262 0.071325 0.360784 1.000000 1.000000 1.000000
v 1.061215 0.400262 0.092481 0.403922 1.000000 1.000000 1.000000
v 1.056698 0.389359 0.092481 0.262745 1.000000 1.000000 1.000000
v 1.063178 0.399872 0.096397 0.835294 1.000000 1.000000 1.000000
v 1.068028 0.564328 0.100000 1.000000 1.000000 1.000000 1.000000
v 1.068025 0.398908 0.100000 1.000000 1.000000 1.000000 1.000000
v 1.058283 0.388072 0.096409 0.741176 1.000000 1.000000 1.000000
v 1.062089 0.384983 0.100000 1.000000 1.000000 1.000000 1.000000
v 1.037449 0.367828 0.100000 1.000000 1.000000 1.000000 1.000000
v 1.024594 0.362607 0.100000 1.000000 1.000000 1.000000 1.000000
v 1.035085 0.372194 0.096390 0.600000 1.000000 1.000000 1.000000
v 1.063173 2.629209 0.103597 1.000000 1.000000 1.000000 1.000000
v 1.068066 2.496034 0.100000 1.000000 1.000000 1.000000 1.000000
v 1.068069 2.630003 0.100000 1.000000 1.000000 1.000000 1.000000
v 1.063443 2.493873 0.104051 1.000000 1.000000 1.000000 1.000000
v 1.061215 2.497521 0.107519 1.000000 1.000000 1.000000 1.000000
v 1.061215 2.628891 0.107519 1.000000 1.000000 1.000000 1.000000
v 1.059215 2.493655 0.107519 1.000000 1.000000 1.000000 1.000000
v 1.045451 2.475835 0.105069 1.000000 1.000000 1.000000 1.000000
v 1.061215 2.497521 0.128674 1.000000 1.000000 1.000000 1.000000
v 1.061215 2.628891 0.128674 1.000000 1.000000 1.000000 1.000000
v 1.062701 2.629446 0.132854 1.000000 1.000000 1.000000 1.000000
v 1.059215 2.493655 0.127483 1.000000 1.000000 1.000000 1.000000
v 1.063004 2.493753 0.132798 1.000000 1.000000 1.000000 1.000000
v 1.070055 2.637038 0.142187 1.000000 1.000000 1.000000 1.000000
v 1.044683 2.478232 0.117786 1.000000 1.000000 1.000000 1.000000
v 1.044963 2.475807 0.120404 1.000000 1.000000 1.000000 1.000000
v 1.044222 2.477966 0.107519 1.000000 1.000000 1.000000 1.000000
v 1.033625 2.468543 0.113584 1.000000 1.000000 1.000000 1.000000
v 1.033625 2.468543 0.107519 1.000000 1.000000 1.000000 1.000000
v 1.033848 2.465950 0.105069 1.000000 1.000000 1.000000 1.000000
v 1.031398 2.465072 0.107519 1.000000 1.000000 1.000000 1.000000
v 1.031398 2.465072 0.113168 1.000000 1.000000 1.000000 1.000000
v 1.033798 2.465936 0.116112 1.000000 1.000000 1.000000 1.000000
v 1.031398 0.597694 0.113168 1.000000 1.000000 1.000000 1.000000
v 1.031398 0.597694 0.107519 1.000000 1.000000 1.000000 1.000000
v 1.044963 0.587319 0.120404 1.000000 1.000000 1.000000 1.000000
v 1.033798 0.596829 0.116112 1.000000 1.000000 1.000000 1.000000
v 1.033625 0.594223 0.107519 1.000000 1.000000 1.000000 1.000000
v 1.033848 0.596816 0.105069 1.000000 1.000000 1.000000 1.000000
v 1.045451 0.587292 0.105069 1.000000 1.000000 1.000000 1.000000
v 1.033625 0.594223 0.113584 1.000000 1.000000 1.000000 1.000000
v 1.044222 0.585160 0.107519 1.000000 1.000000 1.000000 1.000000
v 1.059215 0.566916 0.107519 1.000000 1.000000 1.000000 1.000000
v 1.044683 0.584895 0.117786 1.000000 1.000000 1.000000 1.000000
v 1.063442 0.566698 0.104049 1.000000 1.000000 1.000000 1.000000
v 1.059215 0.566916 0.127482 1.000000 1.000000 1.000000 1.000000
v 1.063007 0.566818 0.132795 1.000000 1.000000 1.000000 1.000000
v 1.061215 0.563050 0.107519 1.000000 1.000000 1.000000 1.000000
v 1.061215 0.563050 0.128674 1.000000 1.000000 1.000000 1.000000
v 1.070147 0.376456 0.142187 0.827451 1.000000 1.000000 1.000000
v 1.075592 2.642522 0.155017 1.000000 1.000000 1.000000 1.000000
v 1.062378 0.399418 0.132260 0.482353 1.000000 1.000000 1.000000
v 1.061215 0.400262 0.128674 0.482353 1.000000 1.000000 1.000000
v 1.063178 0.399872 0.103603 0.439216 1.000000 1.000000 1.000000
v 1.068028 0.564328 0.100000 1.000000 1.000000 1.000000 1.000000
v 1.068025 0.398908 0.100000 1.000000 1.000000 1.000000 1.000000
v 1.061215 0.400262 0.107519 0.454902 1.000000 1.000000 1.000000
v 1.058283 0.388072 0.103591 0.274510 1.000000 1.000000 1.000000
v 1.062089 0.384983 0.100000 1.000000 1.000000 1.000000 1.000000
v 1.037449 0.367828 0.100000 1.000000 1.000000 1.000000 1.000000
v 1.056698 0.389359 0.107519 0.313726 1.000000 1.000000 1.000000
v 1.035085 0.372194 0.103610 0.231373 1.000000 1.000000 1.000000
v 1.024594 0.362607 0.100000 1.000000 1.000000 1.000000 1.000000
v 1.023630 0.367450 0.103608 0.137255 1.000000 1.000000 1.000000
v 1.034143 0.373934 0.107519 0.243137 1.000000 1.000000 1.000000
v 1.023239 0.369417 0.107519 0.188235 1.000000 1.000000 1.000000
v 1.056698 0.389359 0.128674 0.415686 1.000000 1.000000 1.000000
v 1.034143 0.373934 0.128674 0.403922 1.000000 1.000000 1.000000
v 1.023239 0.369417 0.128674 0.541176 1.000000 1.000000 1.000000
v 1.023644 0.367193 0.132158 1.000000 1.000000 1.000000 1.000000
v 1.058048 0.387715 0.132181 0.827451 1.000000 1.000000 1.000000
v 1.035084 0.371943 0.132116 0.639216 1.000000 1.000000 1.000000
v 1.066879 0.365934 0.142187 0.803922 1.000000 1.000000 1.000000
v 1.036240 0.347829 0.142187 1.000000 1.000000 1.000000 1.000000
v 1.025363 0.345792 0.142187 1.000000 1.000000 1.000000 1.000000
v 1.037976 0.335302 0.155017 1.000000 1.000000 1.000000 1.000000
v 1.027144 0.332851 0.155017 1.000000 1.000000 1.000000 1.000000
v 1.030141 0.319336 0.169919 1.000000 1.000000 1.000000 1.000000
v 1.075675 0.367535 0.155017 0.909804 1.000000 1.000000 1.000000
v 1.076639 2.644232 0.169329 1.000000 1.000000 1.000000 1.000000
v 1.071463 0.356972 0.155017 0.831373 1.000000 1.000000 1.000000
v 1.076659 0.364596 0.169357 0.976471 1.000000 1.000000 1.000000
v 1.079324 2.644839 0.171755 1.000000 1.000000 1.000000 1.000000
v 1.040686 0.323666 0.169790 0.592157 1.000000 1.000000 1.000000
v 1.072073 0.353797 0.169406 0.976471 1.000000 1.000000 1.000000
v 1.079324 0.363892 0.171755 1.000000 1.000000 1.000000 1.000000
v 1.083041 2.647159 0.171755 1.000000 1.000000 1.000000 1.000000
v 1.083159 0.362282 0.171755 1.000000 1.000000 1.000000 1.000000
v 1.078214 0.351042 0.171755 1.000000 1.000000 1.000000 1.000000
v 1.074403 0.351930 0.171755 1.000000 1.000000 1.000000 1.000000
v 1.042640 0.320312 0.171755 1.000000 1.000000 1.000000 1.000000
v 1.042619 0.314678 0.171755 1.000000 1.000000 1.000000 1.000000
v 1.030994 0.315265 0.171755 1.000000 1.000000 1.000000 1.000000
v 1.031112 0.310089 0.171755 1.000000 1.000000 1.000000 1.000000
v 0.086659 0.398908 0.100000 0.643137 1.000000 1.000000 1.000000
v 0.096401 0.388072 0.096409 0.380392 1.000000 1.000000 1.000000
v 0.092595 0.384983 0.100000 0.631373 1.000000 1.000000 1.000000
v 0.091506 0.399872 0.096396 0.450980 1.000000 1.000000 1.000000
v 0.086615 2.630003 0.100000 0.415686 1.000000 1.000000 1.000000
v 0.097986 0.389359 0.092481 0.533333 1.000000 1.000000 1.000000
v 0.091512 2.629208 0.096404 0.435294 1.000000 1.000000 1.000000
v 0.093470 0.400262 0.092481 0.517647 1.000000 1.000000 1.000000
v 0.093470 2.628891 0.092481 0.121569 1.000000 1.000000 1.000000
v 0.093470 2.628891 0.071326 0.192157 1.000000 1.000000 1.000000
v 0.093470 0.400262 0.071325 0.827451 1.000000 1.000000 1.000000
v 0.097986 0.389359 0.071325 0.823529 1.000000 1.000000 1.000000
v 0.091981 2.629445 0.067147 0.678431 1.000000 1.000000 1.000000
v 0.092310 0.399415 0.067742 0.874510 1.000000 1.000000 1.000000
v 0.096636 0.387715 0.067819 0.941177 1.000000 1.000000 1.000000
v 0.084629 2.637038 0.057813 0.635294 1.000000 1.000000 1.000000
v 0.084537 0.376456 0.057813 0.815686 1.000000 1.000000 1.000000
v 0.087805 0.365934 0.057813 0.772549 1.000000 1.000000 1.000000
v 0.079092 2.642522 0.044983 0.635294 1.000000 1.000000 1.000000
v 0.079009 0.367535 0.044983 0.741176 1.000000 1.000000 1.000000
v 0.083222 0.356972 0.044983 0.721569 1.000000 1.000000 1.000000
v 0.078044 2.644233 0.030671 0.674510 1.000000 1.000000 1.000000
v 0.078026 0.364596 0.030643 0.776471 1.000000 1.000000 1.000000
v 0.082611 0.353797 0.030594 0.745098 1.000000 1.000000 1.000000
v 0.075360 2.644839 0.028245 0.690196 1.000000 1.000000 1.000000
v 0.075360 0.363892 0.028245 0.725490 1.000000 1.000000 1.000000
v 0.080281 0.351930 0.028245 0.709804 1.000000 1.000000 1.000000
v 0.076470 0.351042 0.028245 0.643137 1.000000 1.000000 1.000000
v 0.071525 0.362282 0.028245 0.678431 1.000000 1.000000 1.000000
v 0.071643 2.647159 0.028245 0.701961 1.000000 1.000000 1.000000
v 0.086659 0.398908 0.100000 0.643137 1.000000 1.000000 1.000000
v 0.092595 0.384983 0.100000 0.631373 1.000000 1.000000 1.000000
v 0.096401 0.388072 0.103591 0.831373 1.000000 1.000000 1.000000
v 0.091506 0.399872 0.103604 0.819608 1.000000 1.000000 1.000000
v 0.086615 2.630003 0.100000 0.415686 1.000000 1.000000 1.000000
v 0.097986 0.389359 0.107519 0.443137 1.000000 1.000000 1.000000
v 0.091512 2.629208 0.103596 0.745098 1.000000 1.000000 1.000000
v 0.093470 0.400262 0.107519 0.462745 1.000000 1.000000 1.000000
v 0.093470 2.628891 0.107519 0.180392 1.000000 1.000000 1.000000
v 0.093470 2.628891 0.128674 0.156863 1.000000 1.000000 1.000000
v 0.093470 0.400262 0.128674 0.607843 1.000000 1.000000 1.000000
v 0.097986 0.389359 0.128674 0.458824 1.000000 1.000000 1.000000
v 0.091981 2.629445 0.132853 0.368627 1.000000 1.000000 1.000000
v 0.092310 0.399415 0.132258 0.580392 1.000000 1.000000 1.000000
v 0.096636 0.387715 0.132181 0.568627 1.000000 1.000000 1.000000
v 0.084629 2.637038 0.142187 0.388235 1.000000 1.000000 1.000000
v 0.084537 0.376456 0.142187 0.513726 1.000000 1.000000 1.000000
v 0.087805 0.365934 0.142187 0.435294 1.000000 1.000000 1.000000
v 0.079092 2.642522 0.155017 0.364706 1.000000 1.000000 1.000000
v 0.079009 0.367535 0.155017 0.407843 1.000000 1.000000 1.000000
v 0.083222 0.356972 0.155017 0.352941 1.000000 1.000000 1.000000
v 0.078053 2.644283 0.169334 0.337255 1.000000 1.000000 1.000000
v 0.078017 0.364648 0.169349 0.407843 1.000000 1.000000 1.000000
v 0.082611 0.353797 0.169406 0.352941 1.000000 1.000000 1.000000
v 0.075360 2.644839 0.171755 0.337255 1.000000 1.000000 1.000000
v 0.075360 0.363892 0.171755 0.407843 1.000000 1.000000 1.000000
v 0.080281 0.351930 0.171755 0.352941 1.000000 1.000000 1.000000
v 0.076470 0.351042 0.171755 0.352941 1.000000 1.000000 1.000000
v 0.071525 0.362282 0.171755 0.431373 1.000000 1.000000 1.000000
v 0.071643 2.647159 0.171755 0.317647 1.000000 1.000000 1.000000
v 1.023630 0.367450 0.103608 0.137255 1.000000 1.000000 1.000000
v 0.130090 0.362607 0.100000 0.980392 1.000000 1.000000 1.000000
v 1.024594 0.362607 0.100000 1.000000 1.000000 1.000000 1.000000
v 0.131054 0.367450 0.103608 0.952941 1.000000 1.000000 1.000000
v 1.023239 0.369417 0.107519 0.188235 1.000000 1.000000 1.000000
v 0.117235 0.367828 0.100000 0.850980 1.000000 1.000000 1.000000
v 0.096401 0.388072 0.103591 0.831373 1.000000 1.000000 1.000000
v 0.092595 0.384983 0.100000 0.631373 1.000000 1.000000 1.000000
v 0.119599 0.372194 0.103610 0.882353 1.000000 1.000000 1.000000
v 0.097986 0.389359 0.107519 0.443137 1.000000 1.000000 1.000000
v 0.120542 0.373934 0.107519 0.549020 1.000000 1.000000 1.000000
v 0.131445 0.369417 0.107519 0.556863 1.000000 1.000000 1.000000
v 1.023239 0.369417 0.128674 0.541176 1.000000 1.000000 1.000000
v 0.120542 0.373934 0.128674 0.549020 1.000000 1.000000 1.000000
v 0.097986 0.389359 0.128674 0.458824 1.000000 1.000000 1.000000
v 0.131445 0.369417 0.128674 0.564706 1.000000 1.000000 1.000000
v 1.023644 0.367193 0.132158 1.000000 1.000000 1.000000 1.000000
v 0.119601 0.371943 0.132116 0.533333 1.000000 1.000000 1.000000
v 0.096636 0.387715 0.132181 0.568627 1.000000 1.000000 1.000000
v 0.087805 0.365934 0.142187 0.435294 1.000000 1.000000 1.000000
v 0.131040 0.367193 0.132158 0.564706 1.000000 1.000000 1.000000
v 1.025363 0.345792 0.142187 1.000000 1.000000 1.000000 1.000000
v 0.118445 0.347829 0.142187 0.380392 1.000000 1.000000 1.000000
v 0.129321 0.345792 0.142187 0.380392 1.000000 1.000000 1.000000
v 0.116708 0.335302 0.155017 0.247059 1.000000 1.000000 1.000000
v 0.083222 0.356972 0.155017 0.352941 1.000000 1.000000 1.000000
v 0.127540 0.332851 0.155017 0.247059 1.000000 1.000000 1.000000
v 1.027144 0.332851 0.155017 1.000000 1.000000 1.000000 1.000000
v 0.113998 0.323666 0.169790 0.113725 1.000000 1.000000 1.000000
v 0.082611 0.353797 0.169406 0.352941 1.000000 1.000000 1.000000
v 0.080281 0.351930 0.171755 0.352941 1.000000 1.000000 1.000000
v 0.124543 0.319336 0.169919 0.113725 1.000000 1.000000 1.000000
v 1.030141 0.319336 0.169919 1.000000 1.000000 1.000000 1.000000
v 1.030994 0.315265 0.171755 1.000000 1.000000 1.000000 1.000000
v 0.112044 0.320312 0.171755 0.086275 1.000000 1.000000 1.000000
v 0.076470 0.351042 0.171755 0.352941 1.000000 1.000000 1.000000
v 0.112065 0.314678 0.171755 0.007843 1.000000 1.000000 1.000000
v 0.123690 0.315265 0.171755 0.094118 1.000000 1.000000 1.000000
v 0.123572 0.310089 0.171755 0.015686 1.000000 1.000000 1.000000
v 1.031112 0.310089 0.171755 1.000000 1.000000 1.000000 1.000000
v 0.010541 0.059531 0.157147 0.576471 1.000000 1.000000 1.000000
v 0.051313 0.018553 0.157147 0.580392 1.000000 1.000000 1.000000
v 0.004917 0.018553 0.157150 0.843137 1.000000 1.000000 1.000000
v 0.004917 0.116871 0.157143 0.207843 1.000000 1.000000 1.000000
v 0.012666 0.111011 0.157143 0.168627 1.000000 1.000000 1.000000
v 0.000000 0.018553 0.152234 0.878431 1.000000 1.000000 1.000000
v 0.004917 0.013636 0.152234 0.878431 1.000000 1.000000 1.000000
v 0.007358 0.136670 0.157142 0.101961 1.000000 1.000000 1.000000
v 0.000000 0.018553 0.047766 0.776471 1.000000 1.000000 1.000000
v 0.004917 0.013636 0.047766 0.776471 1.000000 1.000000 1.000000
v 0.000000 0.136670 0.152225 0.211765 1.000000 1.000000 1.000000
v 0.004917 0.018553 0.042850 0.768628 1.000000 1.000000 1.000000
v 0.051313 0.018553 0.042852 0.631373 1.000000 1.000000 1.000000
v 0.010541 0.059531 0.042853 0.572549 1.000000 1.000000 1.000000
v 0.004917 0.116871 0.042857 0.470588 1.000000 1.000000 1.000000
v 0.012666 0.111011 0.042857 0.454902 1.000000 1.000000 1.000000
v 0.000000 0.136670 0.047774 0.537255 1.000000 1.000000 1.000000
v 0.007358 0.136670 0.042858 0.533333 1.000000 1.000000 1.000000
v 0.004917 0.141587 0.047775 0.439216 1.000000 1.000000 1.000000
v 0.004917 0.141587 0.152225 0.113725 1.000000 1.000000 1.000000
v 0.013944 0.141587 0.152224 0.000000 1.000000 1.000000 1.000000
v 0.013944 0.141587 0.047776 0.333333 1.000000 1.000000 1.000000
v 0.017896 0.136670 0.042859 0.462745 1.000000 1.000000 1.000000
v 0.038989 0.131149 0.042860 0.356863 1.000000 1.000000 1.000000
v 0.017896 0.136670 0.157141 0.000000 1.000000 1.000000 1.000000
v 0.038989 0.131149 0.157140 0.000000 1.000000 1.000000 1.000000
v 0.018861 0.146504 0.152223 0.000000 1.000000 1.000000 1.000000
v 0.023777 0.144891 0.157140 0.000000 1.000000 1.000000 1.000000
v 0.023777 0.257355 0.157132 0.000000 1.000000 1.000000 1.000000
v 0.040321 0.278883 0.157127 0.000000 1.000000 1.000000 1.000000
v 0.018861 0.254626 0.152216 0.000000 1.000000 1.000000 1.000000
v 0.018861 0.146504 0.047776 0.333333 1.000000 1.000000 1.000000
v 0.015867 0.263443 0.152216 0.000000 1.000000 1.000000 1.000000
v 0.023777 0.144891 0.042860 0.482353 1.000000 1.000000 1.000000
v 0.018861 0.254626 0.047784 0.490196 1.000000 1.000000 1.000000
v 0.023777 0.257355 0.042868 0.427451 1.000000 1.000000 1.000000
v 0.040321 0.278883 0.042873 0.392157 1.000000 1.000000 1.000000
v 0.015867 0.263443 0.047784 0.564706 1.000000 1.000000 1.000000
v 0.019521 0.266757 0.042868 0.486275 1.000000 1.000000 1.000000
v 0.005757 0.284692 0.042870 0.721569 1.000000 1.000000 1.000000
v 0.014747 0.314215 0.042874 0.674510 1.000000 1.000000 1.000000
v 0.002993 0.280216 0.047785 0.756863 1.000000 1.000000 1.000000
v 0.004917 0.305326 0.042871 0.780392 1.000000 1.000000 1.000000
v 0.002993 0.280216 0.152214 0.000000 1.000000 1.000000 1.000000
v 0.004917 2.698509 0.042871 0.843137 1.000000 1.000000 1.000000
v 0.014747 2.689620 0.042874 0.815686 1.000000 1.000000 1.000000
v 0.000000 0.289033 0.047786 0.780392 1.000000 1.000000 1.000000
v 0.005757 2.719144 0.042870 0.784314 1.000000 1.000000 1.000000
v 0.040321 2.724952 0.042873 0.509804 1.000000 1.000000 1.000000
v 0.000000 2.714802 0.047786 0.858824 1.000000 1.000000 1.000000
v 0.000000 0.289033 0.152214 0.054902 1.000000 1.000000 1.000000
v 0.000000 2.714802 0.152214 0.070588 1.000000 1.000000 1.000000
v 0.002993 2.723619 0.047786 0.784314 1.000000 1.000000 1.000000
v 0.019521 2.737079 0.042869 0.623529 1.000000 1.000000 1.000000
v 0.023777 2.746480 0.042868 0.564706 1.000000 1.000000 1.000000
v 0.038989 2.870460 0.042860 0.019608 1.000000 1.000000 1.000000
v 0.015867 2.740392 0.047784 0.658824 1.000000 1.000000 1.000000
v 0.023777 2.858944 0.042860 0.082353 1.000000 1.000000 1.000000
v 0.018861 2.749209 0.047784 0.658824 1.000000 1.000000 1.000000
v 0.017896 2.867165 0.042859 0.141176 1.000000 1.000000 1.000000
v 0.014857 2.885268 0.042858 0.180392 1.000000 1.000000 1.000000
v 0.018861 2.857332 0.047776 0.000000 1.000000 1.000000 1.000000
v 0.018861 2.749209 0.152216 0.000000 1.000000 1.000000 1.000000
v 0.015867 2.740392 0.152216 0.000000 1.000000 1.000000 1.000000
v 0.002993 2.723619 0.152214 0.000000 1.000000 1.000000 1.000000
v 0.019521 2.737079 0.157131 0.000000 1.000000 1.000000 1.000000
v 0.005757 2.719144 0.157130 0.000000 1.000000 1.000000 1.000000
v 0.023777 2.746480 0.157132 0.000000 1.000000 1.000000 1.000000
v 0.040321 2.724952 0.157127 0.000000 1.000000 1.000000 1.000000
v 0.014747 2.689620 0.157126 0.156863 1.000000 1.000000 1.000000
v 0.038989 2.870460 0.157140 0.000000 1.000000 1.000000 1.000000
v 0.004917 2.698509 0.157129 0.105882 1.000000 1.000000 1.000000
v 0.014747 0.314215 0.157126 0.211765 1.000000 1.000000 1.000000
v 0.004917 0.305326 0.157129 0.109804 1.000000 1.000000 1.000000
v 0.005757 0.284692 0.157130 0.000000 1.000000 1.000000 1.000000
v 0.019521 0.266757 0.157131 0.000000 1.000000 1.000000 1.000000
v 0.023777 2.858944 0.157140 0.000000 1.000000 1.000000 1.000000
v 0.017896 2.867165 0.157141 0.000000 1.000000 1.000000 1.000000
v 0.018861 2.857332 0.152224 0.000000 1.000000 1.000000 1.000000
v 0.012666 2.892824 0.157143 0.000000 1.000000 1.000000 1.000000
v 0.013944 2.862248 0.152224 0.000000 1.000000 1.000000 1.000000
v 0.007358 2.867165 0.157142 0.000000 1.000000 1.000000 1.000000
v 0.004917 2.886964 0.157143 0.000000 1.000000 1.000000 1.000000
v 0.012573 2.935454 0.157146 0.200000 1.000000 1.000000 1.000000
v 0.013944 2.862248 0.047776 0.000000 1.000000 1.000000 1.000000
v 0.006174 2.985283 0.157150 0.705882 1.000000 1.000000 1.000000
v 0.051313 2.985283 0.157147 0.505882 1.000000 1.000000 1.000000
v 0.007358 2.867165 0.042858 0.274510 1.000000 1.000000 1.000000
v 0.004917 2.946827 0.157147 0.360784 1.000000 1.000000 1.000000
v 0.000000 2.985283 0.152234 0.705882 1.000000 1.000000 1.000000
v 0.004917 2.990199 0.152234 0.705882 1.000000 1.000000 1.000000
v 0.000000 2.867165 0.152225 0.000000 1.000000 1.000000 1.000000
v 0.000000 2.985283 0.047766 0.525490 1.000000 1.000000 1.000000
v 0.004917 2.990199 0.047766 0.525490 1.000000 1.000000 1.000000
v 0.006174 2.985283 0.042850 0.478431 1.000000 1.000000 1.000000
v 0.004917 2.862248 0.152225 0.000000 1.000000 1.000000 1.000000
v 0.000000 2.867165 0.047775 0.000000 1.000000 1.000000 1.000000
v 0.004917 2.862248 0.047775 0.000000 1.000000 1.000000 1.000000
v 0.004917 2.946827 0.042853 0.466667 1.000000 1.000000 1.000000
v 0.004917 2.886964 0.042857 0.247059 1.000000 1.000000 1.000000
v 0.014639 2.948423 0.042853 0.380392 1.000000 1.000000 1.000000
v 0.051313 2.985283 0.042853 0.298039 1.000000 1.000000 1.000000
v 1.489459 0.059531 0.042853 0.364706 1.000000 1.000000 1.000000
v 1.448687 0.018553 0.042852 0.301961 1.000000 1.000000 1.000000
v 1.495083 0.018553 0.042849 0.607843 1.000000 1.000000 1.000000
v 1.495083 0.116871 0.042857 0.235294 1.000000 1.000000 1.000000
v 1.487334 0.111011 0.042857 0.184314 1.000000 1.000000 1.000000
v 1.500000 0.018553 0.047766 0.639216 1.000000 1.000000 1.000000
v 1.495083 0.013636 0.047766 0.635294 1.000000 1.000000 1.000000
v 1.492642 0.136670 0.042858 0.239216 1.000000 1.000000 1.000000
v 1.500000 0.018553 0.152234 0.992157 1.000000 1.000000 1.000000
v 1.495083 0.013636 0.152234 0.992157 1.000000 1.000000 1.000000
v 1.495083 0.018553 0.157150 0.992157 1.000000 1.000000 1.000000
v 1.500000 0.136670 0.047774 0.290196 1.000000 1.000000 1.000000
v 1.448687 0.018553 0.157147 0.552941 1.000000 1.000000 1.000000
v 1.489459 0.059531 0.157147 0.713726 1.000000 1.000000 1.000000
v 1.495083 0.116871 0.157143 0.807843 1.000000 1.000000 1.000000
v 1.487334 0.111011 0.157143 0.670588 1.000000 1.000000 1.000000
v 1.500000 0.136670 0.152225 0.823529 1.000000 1.000000 1.000000
v 1.492642 0.136670 0.157141 0.764706 1.000000 1.000000 1.000000
v 1.495083 0.141587 0.047775 0.274510 1.000000 1.000000 1.000000
v 1.495083 0.141587 0.152225 0.572549 1.000000 1.000000 1.000000
v 1.486056 0.141587 0.047776 0.082353 1.000000 1.000000 1.000000
v 1.486056 0.141587 0.152224 0.486275 1.000000 1.000000 1.000000
v 1.482104 0.136670 0.157141 0.701961 1.000000 1.000000 1.000000
v 1.461011 0.131083 0.157140 0.486275 1.000000 1.000000 1.000000
v 1.481139 0.146504 0.152223 0.701961 1.000000 1.000000 1.000000
v 1.476223 0.144891 0.157139 0.678431 1.000000 1.000000 1.000000
v 1.476223 0.257355 0.157132 0.945098 1.000000 1.000000 1.000000
v 1.459679 0.278883 0.157126 0.917647 1.000000 1.000000 1.000000
v 1.481139 0.254626 0.152216 0.945098 1.000000 1.000000 1.000000
v 1.481139 0.146504 0.047776 0.047059 1.000000 1.000000 1.000000
v 1.482104 0.136670 0.042859 0.047059 1.000000 1.000000 1.000000
v 1.461011 0.131083 0.042860 0.000000 1.000000 1.000000 1.000000
v 1.476223 0.144891 0.042860 0.000000 1.000000 1.000000 1.000000
v 1.481139 0.254626 0.047783 0.662745 1.000000 1.000000 1.000000
v 1.476223 0.257355 0.042868 0.592157 1.000000 1.000000 1.000000
v 1.459679 0.278883 0.042873 0.509804 1.000000 1.000000 1.000000
v 1.484133 0.263443 0.047784 0.682353 1.000000 1.000000 1.000000
v 1.480479 0.266757 0.042868 0.611765 1.000000 1.000000 1.000000
v 1.494243 0.284692 0.042870 0.733333 1.000000 1.000000 1.000000
v 1.485253 0.314215 0.042874 0.396078 1.000000 1.000000 1.000000
v 1.497007 0.280216 0.047785 0.752941 1.000000 1.000000 1.000000
v 1.484133 0.263443 0.152215 0.972549 1.000000 1.000000 1.000000
v 1.497007 0.280216 0.152214 0.992157 1.000000 1.000000 1.000000
v 1.480479 0.266757 0.157131 0.960784 1.000000 1.000000 1.000000
v 1.494243 0.284692 0.157130 0.992157 1.000000 1.000000 1.000000
v 1.485253 0.314215 0.157126 0.992157 1.000000 1.000000 1.000000
v 1.500000 0.289033 0.152214 0.992157 1.000000 1.000000 1.000000
v 1.495083 0.305326 0.157129 0.992157 1.000000 1.000000 1.000000
v 1.495083 2.698509 0.157129 0.133333 1.000000 1.000000 1.000000
v 1.485253 2.689620 0.157126 0.000000 1.000000 1.000000 1.000000
v 1.500000 0.289033 0.047786 0.741176 1.000000 1.000000 1.000000
v 1.500000 2.714802 0.152214 0.294118 1.000000 1.000000 1.000000
v 1.494243 2.719144 0.157130 0.235294 1.000000 1.000000 1.000000
v 1.459679 2.724952 0.157127 0.000000 1.000000 1.000000 1.000000
v 1.495083 0.305326 0.042871 0.545098 1.000000 1.000000 1.000000
v 1.495083 2.698509 0.042871 1.000000 1.000000 1.000000 1.000000
v 1.485253 2.689620 0.042874 1.000000 1.000000 1.000000 1.000000
v 1.500000 2.714802 0.047786 1.000000 1.000000 1.000000 1.000000
v 1.494243 2.719144 0.042870 1.000000 1.000000 1.000000 1.000000
v 1.459679 2.724952 0.042873 1.000000 1.000000 1.000000 1.000000
v 1.497007 2.723619 0.152214 0.286275 1.000000 1.000000 1.000000
v 1.497007 2.723619 0.047785 1.000000 1.000000 1.000000 1.000000
v 1.480479 2.737079 0.042868 1.000000 1.000000 1.000000 1.000000
v 1.476223 2.746480 0.042868 1.000000 1.000000 1.000000 1.000000
v 1.461011 2.870460 0.042860 0.000000 1.000000 1.000000 1.000000
v 1.484133 2.740392 0.047784 1.000000 1.000000 1.000000 1.000000
v 1.476223 2.858944 0.042860 0.192157 1.000000 1.000000 1.000000
v 1.480479 2.737079 0.157131 0.000000 1.000000 1.000000 1.000000
v 1.484133 2.740392 0.152216 0.058824 1.000000 1.000000 1.000000
v 1.476223 2.746480 0.157132 0.015686 1.000000 1.000000 1.000000
v 1.461011 2.870460 0.157140 0.000000 1.000000 1.000000 1.000000
v 1.481139 2.749209 0.152216 0.035294 1.000000 1.000000 1.000000
v 1.481139 2.749209 0.047784 1.000000 1.000000 1.000000 1.000000
v 1.476223 2.858944 0.157139 0.000000 1.000000 1.000000 1.000000
v 1.481139 2.857332 0.047776 0.000000 1.000000 1.000000 1.000000
v 1.481139 2.857332 0.152223 0.000000 1.000000 1.000000 1.000000
v 1.482104 2.867165 0.157141 0.000000 1.000000 1.000000 1.000000
v 1.485143 2.885268 0.157142 0.027451 1.000000 1.000000 1.000000
v 1.482104 2.867165 0.042859 0.192157 1.000000 1.000000 1.000000
v 1.487334 2.892824 0.042857 0.137255 1.000000 1.000000 1.000000
v 1.486056 2.862248 0.047776 0.000000 1.000000 1.000000 1.000000
v 1.486056 2.862248 0.152224 0.003922 1.000000 1.000000 1.000000
v 1.492642 2.867165 0.042858 0.301961 1.000000 1.000000 1.000000
v 1.492642 2.867165 0.157142 0.003922 1.000000 1.000000 1.000000
v 1.495083 2.862248 0.152225 0.003922 1.000000 1.000000 1.000000
v 1.495083 2.862248 0.047775 0.000000 1.000000 1.000000 1.000000
v 1.495083 2.886964 0.157143 0.027451 1.000000 1.000000 1.000000
v 1.485361 2.948423 0.157147 0.243137 1.000000 1.000000 1.000000
v 1.500000 2.867165 0.152225 0.011765 1.000000 1.000000 1.000000
v 1.500000 2.867165 0.047774 0.000000 1.000000 1.000000 1.000000
v 1.495083 2.946827 0.157147 0.243137 1.000000 1.000000 1.000000
v 1.448687 2.985283 0.157147 0.521569 1.000000 1.000000 1.000000
v 1.493826 2.985283 0.157150 0.537255 1.000000 1.000000 1.000000
v 1.500000 2.985283 0.152234 0.494118 1.000000 1.000000 1.000000
v 1.495083 2.990199 0.152234 0.545098 1.000000 1.000000 1.000000
v 1.495083 2.990199 0.047766 0.349020 1.000000 1.000000 1.000000
v 1.500000 2.985283 0.047766 0.388235 1.000000 1.000000 1.000000
v 1.493826 2.985283 0.042850 0.298039 1.000000 1.000000 1.000000
v 1.495083 2.946827 0.042852 0.176471 1.000000 1.000000 1.000000
v 1.495083 2.886964 0.042857 0.211765 1.000000 1.000000 1.000000
v 1.487427 2.935454 0.042854 0.019608 1.000000 1.000000 1.000000
v 1.448687 2.985283 0.042853 0.000000 1.000000 1.000000 1.000000
v 1.030994 0.315265 0.028245 0.000000 1.000000 1.000000 1.000000
v 0.123572 0.310089 0.028245 0.901961 1.000000 1.000000 1.000000
v 1.031112 0.310089 0.028245 0.000000 1.000000 1.000000 1.000000
v 0.123690 0.315265 0.028245 0.901961 1.000000 1.000000 1.000000
v 0.112065 0.314678 0.028245 0.835294 1.000000 1.000000 1.000000
v 0.124543 0.319336 0.030081 0.937255 1.000000 1.000000 1.000000
v 1.030141 0.319336 0.030081 0.000000 1.000000 1.000000 1.000000
v 0.112044 0.320312 0.028245 0.862745 1.000000 1.000000 1.000000
v 0.076470 0.351042 0.028245 0.643137 1.000000 1.000000 1.000000
v 0.080281 0.351930 0.028245 0.709804 1.000000 1.000000 1.000000
v 0.113998 0.323666 0.030210 0.807843 1.000000 1.000000 1.000000
v 0.082611 0.353797 0.030594 0.745098 1.000000 1.000000 1.000000
v 0.083222 0.356972 0.044983 0.721569 1.000000 1.000000 1.000000
v 0.116708 0.335302 0.044983 0.898039 1.000000 1.000000 1.000000
v 0.087805 0.365934 0.057813 0.772549 1.000000 1.000000 1.000000
v 0.127540 0.332851 0.044983 0.937255 1.000000 1.000000 1.000000
v 1.027144 0.332851 0.044983 0.000000 1.000000 1.000000 1.000000
v 1.025363 0.345792 0.057813 0.000000 1.000000 1.000000 1.000000
v 0.129321 0.345792 0.057813 0.980392 1.000000 1.000000 1.000000
v 0.118445 0.347829 0.057813 0.894118 1.000000 1.000000 1.000000
v 0.131040 0.367193 0.067842 1.000000 1.000000 1.000000 1.000000
v 1.023644 0.367193 0.067842 0.000000 1.000000 1.000000 1.000000
v 1.023239 0.369417 0.071325 0.000000 1.000000 1.000000 1.000000
v 0.119601 0.371943 0.067883 0.960784 1.000000 1.000000 1.000000
v 0.096636 0.387715 0.067819 0.941177 1.000000 1.000000 1.000000
v 0.097986 0.389359 0.071325 0.823529 1.000000 1.000000 1.000000
v 0.131445 0.369417 0.071325 0.952941 1.000000 1.000000 1.000000
v 1.023239 0.369417 0.092481 0.043137 1.000000 1.000000 1.000000
v 0.120542 0.373934 0.071325 0.835294 1.000000 1.000000 1.000000
v 0.120542 0.373934 0.092481 0.603922 1.000000 1.000000 1.000000
v 0.097986 0.389359 0.092481 0.533333 1.000000 1.000000 1.000000
v 0.131445 0.369417 0.092481 0.662745 1.000000 1.000000 1.000000
v 1.023630 0.367450 0.096392 0.423529 1.000000 1.000000 1.000000
v 0.119599 0.372194 0.096390 0.164706 1.000000 1.000000 1.000000
v 0.096401 0.388072 0.096409 0.380392 1.000000 1.000000 1.000000
v 0.131054 0.367450 0.096392 0.639216 1.000000 1.000000 1.000000
v 0.117235 0.367828 0.100000 0.850980 1.000000 1.000000 1.000000
v 0.092595 0.384983 0.100000 0.631373 1.000000 1.000000 1.000000
v 0.130090 0.362607 0.100000 0.980392 1.000000 1.000000 1.000000
v 1.024594 0.362607 0.100000 1.000000 1.000000 1.000000 1.000000
v 0.219153 2.696219 0.018367 1.000000 1.000000 1.000000 1.000000
v 0.221797 2.690978 0.015985 0.215686 1.000000 1.000000 1.000000
v 0.221797 2.690978 0.017833 1.000000 1.000000 1.000000 1.000000
v 0.219153 2.696219 0.014195 0.196078 1.000000 1.000000 1.000000
v 0.212313 2.701459 0.019033 1.000000 1.000000 1.000000 1.000000
v 0.147064 2.696219 0.014195 0.380392 1.000000 1.000000 1.000000
v 0.212313 2.701459 0.012127 0.156863 1.000000 1.000000 1.000000
v 0.153903 2.701459 0.012127 0.313726 1.000000 1.000000 1.000000
v 0.153903 2.701459 0.019033 1.000000 1.000000 1.000000 1.000000
v 0.147064 2.696219 0.018367 1.000000 1.000000 1.000000 1.000000
v 0.144419 2.690978 0.015985 0.478431 1.000000 1.000000 1.000000
v 0.144419 2.690978 0.017833 1.000000 1.000000 1.000000 1.000000
v 0.225353 2.676627 0.021915 0.274510 1.000000 1.000000 1.000000
v 0.137245 2.676627 0.021915 0.501961 1.000000 1.000000 1.000000
v 0.136029 2.672248 0.028245 0.501961 1.000000 1.000000 1.000000
v 0.136259 2.674519 0.028245 0.501961 1.000000 1.000000 1.000000
v 0.234783 2.669798 0.028245 0.360784 1.000000 1.000000 1.000000
v 0.228190 2.674519 0.028245 0.282353 1.000000 1.000000 1.000000
v 0.926286 2.674519 0.028245 1.000000 1.000000 1.000000 1.000000
v 0.100940 2.672248 0.028245 0.509804 1.000000 1.000000 1.000000
v 0.099513 2.674771 0.028245 0.501961 1.000000 1.000000 1.000000
v 0.136038 2.669336 0.030651 0.517647 1.000000 1.000000 1.000000
v 0.090531 2.670227 0.028245 0.517647 1.000000 1.000000 1.000000
v 0.087798 2.673153 0.028245 0.509804 1.000000 1.000000 1.000000
v 0.101689 2.669304 0.030561 0.517647 1.000000 1.000000 1.000000
v 0.092198 2.667480 0.030596 0.541176 1.000000 1.000000 1.000000
v 0.082445 2.664922 0.028245 0.541176 1.000000 1.000000 1.000000
v 0.078687 2.667874 0.028245 0.596078 1.000000 1.000000 1.000000
v 0.073508 2.658471 0.028245 0.678431 1.000000 1.000000 1.000000
v 0.084792 2.662676 0.030644 0.568627 1.000000 1.000000 1.000000
v 0.077345 2.655722 0.028245 0.666667 1.000000 1.000000 1.000000
v 0.071643 2.647159 0.028245 0.701961 1.000000 1.000000 1.000000
v 0.075360 2.644839 0.028245 0.690196 1.000000 1.000000 1.000000
v 0.079977 2.654238 0.030666 0.643137 1.000000 1.000000 1.000000
v 0.078044 2.644233 0.030671 0.674510 1.000000 1.000000 1.000000
v 0.087231 2.660412 0.044983 0.352941 1.000000 1.000000 1.000000
v 0.081660 2.652349 0.044956 0.376471 1.000000 1.000000 1.000000
v 0.079092 2.642522 0.044983 0.635294 1.000000 1.000000 1.000000
v 0.095509 2.665028 0.045134 0.447059 1.000000 1.000000 1.000000
v 0.090973 2.654871 0.057813 0.611765 1.000000 1.000000 1.000000
v 0.086328 2.646853 0.057813 0.611765 1.000000 1.000000 1.000000
v 0.084629 2.637038 0.057813 0.635294 1.000000 1.000000 1.000000
v 0.100788 2.659916 0.057813 0.125490 1.000000 1.000000 1.000000
v 0.093674 2.640590 0.067111 0.619608 1.000000 1.000000 1.000000
v 0.091981 2.629445 0.067147 0.678431 1.000000 1.000000 1.000000
v 0.098627 2.649841 0.067048 0.101961 1.000000 1.000000 1.000000
v 0.095203 2.639772 0.071326 0.133333 1.000000 1.000000 1.000000
v 0.093470 2.628891 0.071326 0.192157 1.000000 1.000000 1.000000
v 0.100114 2.648825 0.071326 0.101961 1.000000 1.000000 1.000000
v 0.095203 2.639772 0.092481 0.090196 1.000000 1.000000 1.000000
v 0.093470 2.628891 0.092481 0.121569 1.000000 1.000000 1.000000
v 0.091512 2.629208 0.096404 0.435294 1.000000 1.000000 1.000000
v 0.093369 2.640744 0.096447 0.396078 1.000000 1.000000 1.000000
v 0.086615 2.630003 0.100000 0.415686 1.000000 1.000000 1.000000
v 0.089026 2.642925 0.100000 0.392157 1.000000 1.000000 1.000000
v 0.100114 2.648825 0.092481 0.058824 1.000000 1.000000 1.000000
v 0.098595 2.650345 0.096477 0.396078 1.000000 1.000000 1.000000
v 0.095204 2.653735 0.100000 0.345098 1.000000 1.000000 1.000000
v 0.105614 2.660106 0.100000 0.384314 1.000000 1.000000 1.000000
v 0.107832 2.655737 0.096445 0.439216 1.000000 1.000000 1.000000
v 0.118937 2.662324 0.100000 0.458824 1.000000 1.000000 1.000000
v 0.108824 2.653892 0.092481 0.074510 1.000000 1.000000 1.000000
v 0.119731 2.657430 0.096401 0.470588 1.000000 1.000000 1.000000
v 1.034953 2.657430 0.096401 1.000000 1.000000 1.000000 1.000000
v 1.035747 2.662324 0.100000 1.000000 1.000000 1.000000 1.000000
v 0.120049 2.655470 0.092481 0.105882 1.000000 1.000000 1.000000
v 0.108824 2.653892 0.071326 0.141176 1.000000 1.000000 1.000000
v 0.107744 2.655045 0.066969 0.098039 1.000000 1.000000 1.000000
v 0.120049 2.655470 0.071326 0.160784 1.000000 1.000000 1.000000
v 0.113300 2.661138 0.057813 0.176471 1.000000 1.000000 1.000000
v 0.119513 2.656596 0.066908 0.200000 1.000000 1.000000 1.000000
v 0.106363 2.666522 0.044983 0.470588 1.000000 1.000000 1.000000
v 1.041384 2.661138 0.057813 1.000000 1.000000 1.000000 1.000000
v 0.919901 2.669798 0.028245 1.000000 1.000000 1.000000 1.000000
v 0.929331 2.676627 0.021915 1.000000 1.000000 1.000000 1.000000
v 1.048321 2.666522 0.044983 1.000000 1.000000 1.000000 1.000000
v 1.035172 2.656596 0.066908 1.000000 1.000000 1.000000 1.000000
v 1.052875 2.669320 0.030580 1.000000 1.000000 1.000000 1.000000
v 1.034635 2.655470 0.071326 1.000000 1.000000 1.000000 1.000000
v 1.018655 2.672248 0.028245 1.000000 1.000000 1.000000 1.000000
v 1.034635 2.655470 0.092481 1.000000 1.000000 1.000000 1.000000
v 1.045860 2.653892 0.071326 1.000000 1.000000 1.000000 1.000000
v 1.045860 2.653892 0.092481 1.000000 1.000000 1.000000 1.000000
v 1.046940 2.655045 0.066969 1.000000 1.000000 1.000000 1.000000
v 1.054570 2.648825 0.071326 1.000000 1.000000 1.000000 1.000000
v 1.046852 2.655737 0.096446 1.000000 1.000000 1.000000 1.000000
v 1.049070 2.660106 0.100000 1.000000 1.000000 1.000000 1.000000
v 1.054570 2.648825 0.092481 1.000000 1.000000 1.000000 1.000000
v 1.056089 2.650345 0.096477 1.000000 1.000000 1.000000 1.000000
v 1.059480 2.653735 0.100000 1.000000 1.000000 1.000000 1.000000
v 1.065658 2.642925 0.100000 1.000000 1.000000 1.000000 1.000000
v 1.061312 2.640744 0.096453 1.000000 1.000000 1.000000 1.000000
v 1.068069 2.630003 0.100000 1.000000 1.000000 1.000000 1.000000
v 1.063173 2.629209 0.096403 1.000000 1.000000 1.000000 1.000000
v 1.059481 2.639772 0.092481 1.000000 1.000000 1.000000 1.000000
v 1.061215 2.628891 0.092481 1.000000 1.000000 1.000000 1.000000
v 1.059481 2.639772 0.071326 1.000000 1.000000 1.000000 1.000000
v 1.061215 2.628891 0.071326 1.000000 1.000000 1.000000 1.000000
v 1.062701 2.629446 0.067146 1.000000 1.000000 1.000000 1.000000
v 1.061005 2.640590 0.067110 1.000000 1.000000 1.000000 1.000000
v 1.070055 2.637038 0.057813 1.000000 1.000000 1.000000 1.000000
v 1.056057 2.649841 0.067048 1.000000 1.000000 1.000000 1.000000
v 1.068158 2.647067 0.058116 1.000000 1.000000 1.000000 1.000000
v 1.075592 2.642522 0.044983 1.000000 1.000000 1.000000 1.000000
v 1.053897 2.659916 0.057813 1.000000 1.000000 1.000000 1.000000
v 1.063711 2.654871 0.057813 1.000000 1.000000 1.000000 1.000000
v 1.073025 2.652349 0.044954 1.000000 1.000000 1.000000 1.000000
v 1.076629 2.644283 0.030665 1.000000 1.000000 1.000000 1.000000
v 1.059174 2.665024 0.045143 1.000000 1.000000 1.000000 1.000000
v 1.067454 2.660412 0.044983 1.000000 1.000000 1.000000 1.000000
v 1.074714 2.654288 0.030591 1.000000 1.000000 1.000000 1.000000
v 1.079324 2.644839 0.028245 1.000000 1.000000 1.000000 1.000000
v 1.062614 2.667208 0.030963 1.000000 1.000000 1.000000 1.000000
v 1.069892 2.662676 0.030644 1.000000 1.000000 1.000000 1.000000
v 1.077339 2.655722 0.028245 1.000000 1.000000 1.000000 1.000000
v 1.083041 2.647159 0.028245 1.000000 1.000000 1.000000 1.000000
v 1.081176 2.658471 0.028245 1.000000 1.000000 1.000000 1.000000
v 1.072239 2.664922 0.028245 1.000000 1.000000 1.000000 1.000000
v 1.075997 2.667874 0.028245 1.000000 1.000000 1.000000 1.000000
v 1.066886 2.673153 0.028245 1.000000 1.000000 1.000000 1.000000
v 1.064153 2.670227 0.028245 1.000000 1.000000 1.000000 1.000000
v 1.055171 2.674771 0.028245 1.000000 1.000000 1.000000 1.000000
v 1.053744 2.672248 0.028245 1.000000 1.000000 1.000000 1.000000
v 1.018426 2.674519 0.028245 1.000000 1.000000 1.000000 1.000000
v 1.017439 2.676627 0.021915 1.000000 1.000000 1.000000 1.000000
v 1.010265 2.690978 0.015985 1.000000 1.000000 1.000000 1.000000
v 0.932887 2.690978 0.015985 1.000000 1.000000 1.000000 1.000000
v 1.007621 2.696219 0.018367 1.000000 1.000000 1.000000 1.000000
v 1.010265 2.690978 0.017833 1.000000 1.000000 1.000000 1.000000
v 0.935531 2.696219 0.018367 1.000000 1.000000 1.000000 1.000000
v 0.932887 2.690978 0.017833 1.000000 1.000000 1.000000 1.000000
v 1.007621 2.696219 0.014195 1.000000 1.000000 1.000000 1.000000
v 1.000781 2.701459 0.019033 1.000000 1.000000 1.000000 1.000000
v 0.935531 2.696219 0.014195 1.000000 1.000000 1.000000 1.000000
v 0.942371 2.701459 0.019033 1.000000 1.000000 1.000000 1.000000
v 1.000781 2.701459 0.012127 1.000000 1.000000 1.000000 1.000000
v 0.942371 2.701459 0.012127 1.000000 1.000000 1.000000 1.000000
v 0.219153 2.696219 0.181633 1.000000 1.000000 1.000000 1.000000
v 0.221797 2.690978 0.182167 1.000000 1.000000 1.000000 1.000000
v 0.221797 2.690978 0.184015 1.000000 1.000000 1.000000 1.000000
v 0.219153 2.696219 0.185805 1.000000 1.000000 1.000000 1.000000
v 0.212313 2.701459 0.180967 1.000000 1.000000 1.000000 1.000000
v 0.147064 2.696219 0.185805 0.580392 1.000000 1.000000 1.000000
v 0.212313 2.701459 0.187873 1.000000 1.000000 1.000000 1.000000
v 0.153903 2.701459 0.187873 0.647059 1.000000 1.000000 1.000000
v 0.153903 2.701459 0.180967 1.000000 1.000000 1.000000 1.000000
v 0.147064 2.696219 0.181633 1.000000 1.000000 1.000000 1.000000
v 0.144419 2.690978 0.184015 0.580392 1.000000 1.000000 1.000000
v 0.144419 2.690978 0.182167 1.000000 1.000000 1.000000 1.000000
v 0.225353 2.676627 0.178085 1.000000 1.000000 1.000000 1.000000
v 0.137245 2.676627 0.178085 0.592157 1.000000 1.000000 1.000000
v 0.136068 2.671747 0.172489 0.560784 1.000000 1.000000 1.000000
v 0.136259 2.674519 0.171755 0.572549 1.000000 1.000000 1.000000
v 0.233875 2.670363 0.172022 1.000000 1.000000 1.000000 1.000000
v 0.228190 2.674519 0.171755 1.000000 1.000000 1.000000 1.000000
v 0.926286 2.674519 0.171755 1.000000 1.000000 1.000000 1.000000
v 0.100940 2.672248 0.171755 0.329412 1.000000 1.000000 1.000000
v 0.099513 2.674771 0.171755 0.309804 1.000000 1.000000 1.000000
v 0.920809 2.670363 0.172022 1.000000 1.000000 1.000000 1.000000
v 0.929331 2.676627 0.178085 1.000000 1.000000 1.000000 1.000000
v 0.234783 2.669311 0.169354 1.000000 1.000000 1.000000 1.000000
v 0.101809 2.669320 0.169420 0.341176 1.000000 1.000000 1.000000
v 0.090532 2.670251 0.171718 0.309804 1.000000 1.000000 1.000000
v 0.087798 2.673153 0.171755 0.309804 1.000000 1.000000 1.000000
v 0.092051 2.667319 0.169062 0.329412 1.000000 1.000000 1.000000
v 0.082445 2.664922 0.171755 0.325490 1.000000 1.000000 1.000000
v 0.078687 2.667874 0.171755 0.309804 1.000000 1.000000 1.000000
v 0.073508 2.658471 0.171755 0.286275 1.000000 1.000000 1.000000
v 0.084792 2.662676 0.169356 0.364706 1.000000 1.000000 1.000000
v 0.077347 2.655718 0.171762 0.286275 1.000000 1.000000 1.000000
v 0.071643 2.647159 0.171755 0.317647 1.000000 1.000000 1.000000
v 0.075360 2.644839 0.171755 0.337255 1.000000 1.000000 1.000000
v 0.079980 2.654271 0.169404 0.286275 1.000000 1.000000 1.000000
v 0.078053 2.644283 0.169334 0.337255 1.000000 1.000000 1.000000
v 0.087231 2.660412 0.155017 0.278431 1.000000 1.000000 1.000000
v 0.081659 2.652349 0.155046 0.286275 1.000000 1.000000 1.000000
v 0.079092 2.642522 0.155017 0.364706 1.000000 1.000000 1.000000
v 0.095510 2.665024 0.154857 0.329412 1.000000 1.000000 1.000000
v 0.090973 2.654871 0.142187 0.286275 1.000000 1.000000 1.000000
v 0.086328 2.646853 0.142187 0.317647 1.000000 1.000000 1.000000
v 0.084629 2.637038 0.142187 0.388235 1.000000 1.000000 1.000000
v 0.106363 2.666522 0.155017 0.341176 1.000000 1.000000 1.000000
v 0.093674 2.640590 0.132889 0.388235 1.000000 1.000000 1.000000
v 0.091981 2.629445 0.132853 0.368627 1.000000 1.000000 1.000000
v 0.098627 2.649841 0.132952 0.341176 1.000000 1.000000 1.000000
v 0.100788 2.659916 0.142187 0.364706 1.000000 1.000000 1.000000
v 0.095203 2.639772 0.128674 0.137255 1.000000 1.000000 1.000000
v 0.093470 2.628891 0.128674 0.156863 1.000000 1.000000 1.000000
v 0.093470 2.628891 0.107519 0.180392 1.000000 1.000000 1.000000
v 0.100114 2.648825 0.128674 0.070588 1.000000 1.000000 1.000000
v 0.095203 2.639772 0.107519 0.090196 1.000000 1.000000 1.000000
v 0.091512 2.629208 0.103596 0.745098 1.000000 1.000000 1.000000
v 0.107744 2.655045 0.133031 0.388235 1.000000 1.000000 1.000000
v 0.093369 2.640744 0.103553 0.701961 1.000000 1.000000 1.000000
v 0.086615 2.630003 0.100000 0.415686 1.000000 1.000000 1.000000
v 0.089026 2.642925 0.100000 0.392157 1.000000 1.000000 1.000000
v 0.113300 2.661138 0.142187 0.392157 1.000000 1.000000 1.000000
v 0.098595 2.650345 0.103523 0.662745 1.000000 1.000000 1.000000
v 0.095204 2.653735 0.100000 0.345098 1.000000 1.000000 1.000000
v 0.105614 2.660106 0.100000 0.384314 1.000000 1.000000 1.000000
v 0.100114 2.648825 0.107519 0.066667 1.000000 1.000000 1.000000
v 0.107832 2.655737 0.103554 0.101961 1.000000 1.000000 1.000000
v 0.118937 2.662324 0.100000 0.458824 1.000000 1.000000 1.000000
v 0.108824 2.653892 0.128674 0.121569 1.000000 1.000000 1.000000
v 0.108824 2.653892 0.107519 0.101961 1.000000 1.000000 1.000000
v 0.119731 2.657430 0.103599 0.090196 1.000000 1.000000 1.000000
v 1.035747 2.662324 0.100000 1.000000 1.000000 1.000000 1.000000
v 0.119513 2.656596 0.133092 0.443137 1.000000 1.000000 1.000000
v 0.120049 2.655470 0.128674 0.129412 1.000000 1.000000 1.000000
v 0.120049 2.655470 0.107519 0.101961 1.000000 1.000000 1.000000
v 1.034953 2.657430 0.103599 1.000000 1.000000 1.000000 1.000000
v 1.046852 2.655737 0.103554 1.000000 1.000000 1.000000 1.000000
v 1.049070 2.660106 0.100000 1.000000 1.000000 1.000000 1.000000
v 1.034635 2.655470 0.107519 1.000000 1.000000 1.000000 1.000000
v 1.056089 2.650345 0.103523 1.000000 1.000000 1.000000 1.000000
v 1.059480 2.653735 0.100000 1.000000 1.000000 1.000000 1.000000
v 1.065658 2.642925 0.100000 1.000000 1.000000 1.000000 1.000000
v 1.045860 2.653892 0.107519 1.000000 1.000000 1.000000 1.000000
v 1.061312 2.640744 0.103547 1.000000 1.000000 1.000000 1.000000
v 1.068069 2.630003 0.100000 1.000000 1.000000 1.000000 1.000000
v 1.063173 2.629209 0.103597 1.000000 1.000000 1.000000 1.000000
v 1.054570 2.648825 0.107519 1.000000 1.000000 1.000000 1.000000
v 1.059481 2.639772 0.107519 1.000000 1.000000 1.000000 1.000000
v 1.061215 2.628891 0.107519 1.000000 1.000000 1.000000 1.000000
v 1.061215 2.628891 0.128674 1.000000 1.000000 1.000000 1.000000
v 1.059481 2.639772 0.128674 1.000000 1.000000 1.000000 1.000000
v 1.062701 2.629446 0.132854 1.000000 1.000000 1.000000 1.000000
v 1.054570 2.648825 0.128674 1.000000 1.000000 1.000000 1.000000
v 1.061005 2.640590 0.132890 1.000000 1.000000 1.000000 1.000000
v 1.070055 2.637038 0.142187 1.000000 1.000000 1.000000 1.000000
v 1.045860 2.653892 0.128674 1.000000 1.000000 1.000000 1.000000
v 1.068158 2.647067 0.141884 1.000000 1.000000 1.000000 1.000000
v 1.075592 2.642522 0.155017 1.000000 1.000000 1.000000 1.000000
v 1.056057 2.649841 0.132952 1.000000 1.000000 1.000000 1.000000
v 1.073025 2.652349 0.155046 1.000000 1.000000 1.000000 1.000000
v 1.076639 2.644232 0.169329 1.000000 1.000000 1.000000 1.000000
v 1.063711 2.654871 0.142187 1.000000 1.000000 1.000000 1.000000
v 1.046940 2.655045 0.133031 1.000000 1.000000 1.000000 1.000000
v 1.053897 2.659916 0.142187 1.000000 1.000000 1.000000 1.000000
v 1.074711 2.654245 0.169400 1.000000 1.000000 1.000000 1.000000
v 1.079324 2.644839 0.171755 1.000000 1.000000 1.000000 1.000000
v 1.067454 2.660412 0.155017 1.000000 1.000000 1.000000 1.000000
v 1.077337 2.655718 0.171762 1.000000 1.000000 1.000000 1.000000
v 1.083041 2.647159 0.171755 1.000000 1.000000 1.000000 1.000000
v 1.081176 2.658471 0.171755 1.000000 1.000000 1.000000 1.000000
v 1.069892 2.662676 0.169356 1.000000 1.000000 1.000000 1.000000
v 1.072239 2.664922 0.171755 1.000000 1.000000 1.000000 1.000000
v 1.075997 2.667874 0.171755 1.000000 1.000000 1.000000 1.000000
v 1.066886 2.673153 0.171755 1.000000 1.000000 1.000000 1.000000
v 1.064152 2.670251 0.171718 1.000000 1.000000 1.000000 1.000000
v 1.055171 2.674771 0.171755 1.000000 1.000000 1.000000 1.000000
v 1.062685 2.667299 0.169070 1.000000 1.000000 1.000000 1.000000
v 1.053744 2.672248 0.171755 1.000000 1.000000 1.000000 1.000000
v 1.018426 2.674519 0.171755 1.000000 1.000000 1.000000 1.000000
v 1.059174 2.665024 0.154857 1.000000 1.000000 1.000000 1.000000
v 1.052996 2.669304 0.169439 1.000000 1.000000 1.000000 1.000000
v 1.018616 2.671747 0.172489 1.000000 1.000000 1.000000 1.000000
v 1.017439 2.676627 0.178085 1.000000 1.000000 1.000000 1.000000
v 1.048321 2.666522 0.155017 1.000000 1.000000 1.000000 1.000000
v 0.919901 2.669311 0.169354 1.000000 1.000000 1.000000 1.000000
v 1.010265 2.690978 0.184015 1.000000 1.000000 1.000000 1.000000
v 0.932887 2.690978 0.184015 1.000000 1.000000 1.000000 1.000000
v 1.041384 2.661138 0.142187 1.000000 1.000000 1.000000 1.000000
v 1.035172 2.656596 0.133092 1.000000 1.000000 1.000000 1.000000
v 1.034635 2.655470 0.128674 1.000000 1.000000 1.000000 1.000000
v 1.007621 2.696219 0.181633 1.000000 1.000000 1.000000 1.000000
v 1.010265 2.690978 0.182167 1.000000 1.000000 1.000000 1.000000
v 1.007621 2.696219 0.185805 1.000000 1.000000 1.000000 1.000000
v 1.000781 2.701459 0.180967 1.000000 1.000000 1.000000 1.000000
v 0.935531 2.696219 0.181633 1.000000 1.000000 1.000000 1.000000
v 0.932887 2.690978 0.182167 1.000000 1.000000 1.000000 1.000000
v 1.000781 2.701459 0.187873 1.000000 1.000000 1.000000 1.000000
v 0.935531 2.696219 0.185805 1.000000 1.000000 1.000000 1.000000
v 0.942371 2.701459 0.180967 1.000000 1.000000 1.000000 1.000000
v 0.942371 2.701459 0.187873 1.000000 1.000000 1.000000 1.000000
v 0.043509 0.270757 0.023220 0.333333 1.000000 1.000000 1.000000
v 0.049357 0.275701 0.021268 0.188235 1.000000 1.000000 1.000000
v 0.048452 0.275701 0.023220 0.188235 1.000000 1.000000 1.000000
v 0.055205 0.277510 0.023220 0.168627 1.000000 1.000000 1.000000
v 0.045076 0.270757 0.019839 0.333333 1.000000 1.000000 1.000000
v 0.042069 0.265387 0.023220 0.270588 1.000000 1.000000 1.000000
v 0.051829 0.275701 0.019839 0.294118 1.000000 1.000000 1.000000
v 0.043829 0.265387 0.019423 0.305882 1.000000 1.000000 1.000000
v 0.042069 0.147443 0.023220 1.000000 1.000000 1.000000 1.000000
v 0.049357 0.270757 0.017365 0.278431 1.000000 1.000000 1.000000
v 0.048637 0.265387 0.016644 0.313726 1.000000 1.000000 1.000000
v 0.043829 0.147443 0.019423 0.258824 1.000000 1.000000 1.000000
v 0.055205 0.270757 0.016459 0.278431 1.000000 1.000000 1.000000
v 0.048637 0.147443 0.016644 0.231373 1.000000 1.000000 1.000000
v 0.045076 0.142072 0.019839 0.266667 1.000000 1.000000 1.000000
v 0.043509 0.142072 0.023220 1.000000 1.000000 1.000000 1.000000
v 0.055205 0.265387 0.015627 0.254902 1.000000 1.000000 1.000000
v 0.049357 0.137129 0.021268 0.298039 1.000000 1.000000 1.000000
v 0.048452 0.137129 0.023220 1.000000 1.000000 1.000000 1.000000
v 0.055205 0.135319 0.023220 1.000000 1.000000 1.000000 1.000000
v 0.049357 0.142072 0.017365 0.258824 1.000000 1.000000 1.000000
v 0.051829 0.137129 0.019839 0.258824 1.000000 1.000000 1.000000
v 0.055205 0.147443 0.015627 0.215686 1.000000 1.000000 1.000000
v 0.055205 0.142072 0.016459 0.231373 1.000000 1.000000 1.000000
v 0.055205 0.137129 0.019316 0.258824 1.000000 1.000000 1.000000
v 0.058582 0.137129 0.019839 0.258824 1.000000 1.000000 1.000000
v 0.061053 0.137129 0.021268 0.258824 1.000000 1.000000 1.000000
v 0.061958 0.137129 0.023220 0.231373 1.000000 1.000000 1.000000
v 0.061053 0.142072 0.017365 0.215686 1.000000 1.000000 1.000000
v 0.065335 0.142072 0.019839 0.215686 1.000000 1.000000 1.000000
v 0.066902 0.142072 0.023220 0.215686 1.000000 1.000000 1.000000
v 0.068341 0.147443 0.023220 0.192157 1.000000 1.000000 1.000000
v 0.061773 0.147443 0.016644 0.192157 1.000000 1.000000 1.000000
v 0.066581 0.147443 0.019423 0.192157 1.000000 1.000000 1.000000
v 0.066581 0.265387 0.019424 0.149020 1.000000 1.000000 1.000000
v 0.068341 0.265387 0.023220 0.149020 1.000000 1.000000 1.000000
v 0.061773 0.265387 0.016644 0.235294 1.000000 1.000000 1.000000
v 0.065335 0.270757 0.019839 0.176471 1.000000 1.000000 1.000000
v 0.066902 0.270757 0.023220 0.149020 1.000000 1.000000 1.000000
v 0.061958 0.275701 0.023220 0.086275 1.000000 1.000000 1.000000
v 0.061053 0.270757 0.017365 0.250980 1.000000 1.000000 1.000000
v 0.061053 0.275701 0.021268 0.113725 1.000000 1.000000 1.000000
v 0.058582 0.275701 0.019839 0.278431 1.000000 1.000000 1.000000
v 0.055205 0.275701 0.019316 0.278431 1.000000 1.000000 1.000000
v 0.043509 2.733078 0.176780 0.000000 1.000000 1.000000 1.000000
v 0.049357 2.728134 0.178732 0.000000 1.000000 1.000000 1.000000
v 0.048452 2.728134 0.176780 0.000000 1.000000 1.000000 1.000000
v 0.055205 2.726325 0.176780 0.000000 1.000000 1.000000 1.000000
v 0.045076 2.733078 0.180161 0.000000 1.000000 1.000000 1.000000
v 0.042069 2.738448 0.176780 0.000000 1.000000 1.000000 1.000000
v 0.051829 2.728134 0.180161 0.000000 1.000000 1.000000 1.000000
v 0.043829 2.738448 0.180576 0.000000 1.000000 1.000000 1.000000
v 0.042069 2.856392 0.176780 0.000000 1.000000 1.000000 1.000000
v 0.049357 2.733078 0.182635 0.000000 1.000000 1.000000 1.000000
v 0.048637 2.738448 0.183356 0.000000 1.000000 1.000000 1.000000
v 0.043829 2.856392 0.180577 0.000000 1.000000 1.000000 1.000000
v 0.048637 2.856392 0.183356 0.000000 1.000000 1.000000 1.000000
v 0.045076 2.861763 0.180161 0.000000 1.000000 1.000000 1.000000
v 0.043509 2.861763 0.176780 0.000000 1.000000 1.000000 1.000000
v 0.055205 2.856392 0.184373 0.000000 1.000000 1.000000 1.000000
v 0.049357 2.866707 0.178732 0.000000 1.000000 1.000000 1.000000
v 0.048452 2.866707 0.176780 1.000000 1.000000 1.000000 1.000000
v 0.049357 2.861763 0.182635 0.000000 1.000000 1.000000 1.000000
v 0.055205 2.868516 0.176780 1.000000 1.000000 1.000000 1.000000
v 0.051829 2.866707 0.180161 0.000000 1.000000 1.000000 1.000000
v 0.055205 2.861763 0.183541 0.000000 1.000000 1.000000 1.000000
v 0.055205 2.866707 0.180684 0.000000 1.000000 1.000000 1.000000
v 0.058582 2.866707 0.180161 0.000000 1.000000 1.000000 1.000000
v 0.061053 2.866707 0.178732 0.000000 1.000000 1.000000 1.000000
v 0.061958 2.866707 0.176780 1.000000 1.000000 1.000000 1.000000
v 0.061053 2.861763 0.182635 0.000000 1.000000 1.000000 1.000000
v 0.065335 2.861763 0.180161 0.000000 1.000000 1.000000 1.000000
v 0.066902 2.861763 0.176780 0.000000 1.000000 1.000000 1.000000
v 0.068341 2.856392 0.176780 0.000000 1.000000 1.000000 1.000000
v 0.061773 2.856392 0.183356 0.000000 1.000000 1.000000 1.000000
v 0.066581 2.856392 0.180576 0.000000 1.000000 1.000000 1.000000
v 0.066581 2.738448 0.180576 0.000000 1.000000 1.000000 1.000000
v 0.068341 2.738448 0.176780 0.000000 1.000000 1.000000 1.000000
v 0.061773 2.738448 0.183356 0.000000 1.000000 1.000000 1.000000
v 0.055205 2.738448 0.184373 0.000000 1.000000 1.000000 1.000000
v 0.065335 2.733078 0.180161 0.000000 1.000000 1.000000 1.000000
v 0.066902 2.733078 0.176780 0.000000 1.000000 1.000000 1.000000
v 0.061958 2.728134 0.176780 0.000000 1.000000 1.000000 1.000000
v 0.061053 2.733078 0.182635 0.000000 1.000000 1.000000 1.000000
v 0.055205 2.733078 0.183541 0.000000 1.000000 1.000000 1.000000
v 0.061053 2.728134 0.178732 0.000000 1.000000 1.000000 1.000000
v 0.058582 2.728134 0.180161 0.000000 1.000000 1.000000 1.000000
v 0.055205 2.728134 0.180684 0.000000 1.000000 1.000000 1.000000
v 0.049357 0.275701 0.178732 0.000000 1.000000 1.000000 1.000000
v 0.043509 0.270757 0.176780 0.000000 1.000000 1.000000 1.000000
v 0.048452 0.275701 0.176780 0.000000 1.000000 1.000000 1.000000
v 0.055205 0.277510 0.176780 0.000000 1.000000 1.000000 1.000000
v 0.045076 0.270757 0.180160 0.000000 1.000000 1.000000 1.000000
v 0.042069 0.265387 0.176780 0.000000 1.000000 1.000000 1.000000
v 0.051829 0.275701 0.180160 0.000000 1.000000 1.000000 1.000000
v 0.043829 0.265387 0.180576 0.000000 1.000000 1.000000 1.000000
v 0.049357 0.270757 0.182635 0.000000 1.000000 1.000000 1.000000
v 0.043829 0.147443 0.180576 0.000000 1.000000 1.000000 1.000000
v 0.042069 0.147443 0.176780 0.000000 1.000000 1.000000 1.000000
v 0.048637 0.265387 0.183355 0.000000 1.000000 1.000000 1.000000
v 0.048637 0.147443 0.183356 0.000000 1.000000 1.000000 1.000000
v 0.045076 0.142072 0.180160 0.000000 1.000000 1.000000 1.000000
v 0.043509 0.142072 0.176780 0.000000 1.000000 1.000000 1.000000
v 0.055205 0.147443 0.184373 0.000000 1.000000 1.000000 1.000000
v 0.049357 0.137129 0.178732 0.000000 1.000000 1.000000 1.000000
v 0.048452 0.137129 0.176780 0.000000 1.000000 1.000000 1.000000
v 0.049357 0.142072 0.182635 0.000000 1.000000 1.000000 1.000000
v 0.055205 0.135319 0.176780 0.000000 1.000000 1.000000 1.000000
v 0.051829 0.137129 0.180160 0.000000 1.000000 1.000000 1.000000
v 0.055205 0.142072 0.183541 0.000000 1.000000 1.000000 1.000000
v 0.055205 0.137129 0.180683 0.000000 1.000000 1.000000 1.000000
v 0.058582 0.137129 0.180160 0.000000 1.000000 1.000000 1.000000
v 0.061053 0.137129 0.178732 0.000000 1.000000 1.000000 1.000000
v 0.061958 0.137129 0.176780 0.000000 1.000000 1.000000 1.000000
v 0.061053 0.142072 0.182635 0.000000 1.000000 1.000000 1.000000
v 0.065335 0.142072 0.180160 0.000000 1.000000 1.000000 1.000000
v 0.066902 0.142072 0.176780 0.000000 1.000000 1.000000 1.000000
v 0.068341 0.147443 0.176780 0.000000 1.000000 1.000000 1.000000
v 0.061773 0.147443 0.183355 0.000000 1.000000 1.000000 1.000000
v 0.066581 0.147443 0.180576 0.000000 1.000000 1.000000 1.000000
v 0.066581 0.265387 0.180576 0.000000 1.000000 1.000000 1.000000
v 0.068341 0.265387 0.176780 0.000000 1.000000 1.000000 1.000000
v 0.061773 0.265387 0.183355 0.000000 1.000000 1.000000 1.000000
v 0.055205 0.265387 0.184373 0.000000 1.000000 1.000000 1.000000
v 0.065335 0.270757 0.180160 0.000000 1.000000 1.000000 1.000000
v 0.066902 0.270757 0.176780 0.000000 1.000000 1.000000 1.000000
v 0.061958 0.275701 0.176780 0.000000 1.000000 1.000000 1.000000
v 0.061053 0.270757 0.182635 0.000000 1.000000 1.000000 1.000000
v 0.061053 0.275701 0.178732 0.000000 1.000000 1.000000 1.000000
v 0.055205 0.270757 0.183541 0.000000 1.000000 1.000000 1.000000
v 0.058582 0.275701 0.180160 0.000000 1.000000 1.000000 1.000000
v 0.055205 0.275701 0.180683 0.000000 1.000000 1.000000 1.000000
v 0.043509 2.861705 0.023220 0.000000 1.000000 1.000000 1.000000
v 0.049357 2.866648 0.021268 0.000000 1.000000 1.000000 1.000000
v 0.048452 2.866648 0.023220 0.000000 1.000000 1.000000 1.000000
v 0.055205 2.868458 0.023220 0.000000 1.000000 1.000000 1.000000
v 0.045076 2.861705 0.019840 0.000000 1.000000 1.000000 1.000000
v 0.042069 2.856334 0.023220 0.000000 1.000000 1.000000 1.000000
v 0.051829 2.866648 0.019840 0.000000 1.000000 1.000000 1.000000
v 0.043829 2.856334 0.019424 0.000000 1.000000 1.000000 1.000000
v 0.042069 2.738390 0.023220 0.501961 1.000000 1.000000 1.000000
v 0.049357 2.861705 0.017365 0.000000 1.000000 1.000000 1.000000
v 0.048637 2.856334 0.016644 0.000000 1.000000 1.000000 1.000000
v 0.043829 2.738390 0.019424 0.501961 1.000000 1.000000 1.000000
v 0.055205 2.861705 0.016459 0.000000 1.000000 1.000000 1.000000
v 0.048637 2.738390 0.016644 0.494118 1.000000 1.000000 1.000000
v 0.045076 2.733019 0.019839 0.207843 1.000000 1.000000 1.000000
v 0.043509 2.733019 0.023220 0.113725 1.000000 1.000000 1.000000
v 0.055205 2.856334 0.015627 0.000000 1.000000 1.000000 1.000000
v 0.049357 2.728076 0.021268 0.274510 1.000000 1.000000 1.000000
v 0.048452 2.728076 0.023220 0.133333 1.000000 1.000000 1.000000
v 0.055205 2.726266 0.023220 0.180392 1.000000 1.000000 1.000000
v 0.049357 2.733019 0.017365 0.478431 1.000000 1.000000 1.000000
v 0.051829 2.728076 0.019839 0.274510 1.000000 1.000000 1.000000
v 0.055205 2.738390 0.015627 0.478431 1.000000 1.000000 1.000000
v 0.055205 2.733019 0.016459 0.478431 1.000000 1.000000 1.000000
v 0.055205 2.728076 0.019317 0.274510 1.000000 1.000000 1.000000
v 0.058582 2.728076 0.019840 0.274510 1.000000 1.000000 1.000000
v 0.061053 2.728076 0.021268 0.254902 1.000000 1.000000 1.000000
v 0.061958 2.728076 0.023220 0.113725 1.000000 1.000000 1.000000
v 0.061053 2.733019 0.017365 0.478431 1.000000 1.000000 1.000000
v 0.065335 2.733019 0.019840 0.180392 1.000000 1.000000 1.000000
v 0.066902 2.733019 0.023220 0.039216 1.000000 1.000000 1.000000
v 0.068341 2.738390 0.023220 0.305882 1.000000 1.000000 1.000000
v 0.061773 2.738390 0.016644 0.396078 1.000000 1.000000 1.000000
v 0.066581 2.738390 0.019424 0.305882 1.000000 1.000000 1.000000
v 0.066581 2.856334 0.019424 0.000000 1.000000 1.000000 1.000000
v 0.068341 2.856334 0.023220 0.000000 1.000000 1.000000 1.000000
v 0.061773 2.856334 0.016644 0.000000 1.000000 1.000000 1.000000
v 0.065335 2.861705 0.019840 0.000000 1.000000 1.000000 1.000000
v 0.066902 2.861705 0.023220 0.000000 1.000000 1.000000 1.000000
v 0.061958 2.866648 0.023220 0.000000 1.000000 1.000000 1.000000
v 0.061053 2.861705 0.017365 0.000000 1.000000 1.000000 1.000000
v 0.061053 2.866648 0.021268 0.000000 1.000000 1.000000 1.000000
v 0.058582 2.866648 0.019840 0.000000 1.000000 1.000000 1.000000
v 0.055205 2.866648 0.019317 0.000000 1.000000 1.000000 1.000000
v 1.456491 0.270757 0.176780 0.901961 1.000000 1.000000 1.000000
v 1.450643 0.275701 0.178731 0.901961 1.000000 1.000000 1.000000
v 1.451548 0.275701 0.176780 0.901961 1.000000 1.000000 1.000000
v 1.444795 0.277510 0.176780 0.890196 1.000000 1.000000 1.000000
v 1.454924 0.270757 0.180160 0.901961 1.000000 1.000000 1.000000
v 1.457931 0.265387 0.176780 0.886275 1.000000 1.000000 1.000000
v 1.448171 0.275701 0.180160 0.890196 1.000000 1.000000 1.000000
v 1.456171 0.265387 0.180576 0.886275 1.000000 1.000000 1.000000
v 1.450643 0.270757 0.182635 0.901961 1.000000 1.000000 1.000000
v 1.456171 0.147443 0.180576 0.509804 1.000000 1.000000 1.000000
v 1.457931 0.147443 0.176780 1.000000 1.000000 1.000000 1.000000
v 1.451363 0.265387 0.183355 0.878431 1.000000 1.000000 1.000000
v 1.451363 0.147443 0.183355 0.474510 1.000000 1.000000 1.000000
v 1.454924 0.142072 0.180160 0.486275 1.000000 1.000000 1.000000
v 1.456491 0.142072 0.176780 1.000000 1.000000 1.000000 1.000000
v 1.450643 0.137129 0.178732 0.415686 1.000000 1.000000 1.000000
v 1.451548 0.137129 0.176780 1.000000 1.000000 1.000000 1.000000
v 1.444795 0.135319 0.176780 0.352941 1.000000 1.000000 1.000000
v 1.450643 0.142072 0.182635 0.447059 1.000000 1.000000 1.000000
v 1.444795 0.147443 0.184373 0.447059 1.000000 1.000000 1.000000
v 1.448171 0.137129 0.180160 0.376471 1.000000 1.000000 1.000000
v 1.444795 0.142072 0.183541 0.376471 1.000000 1.000000 1.000000
v 1.444795 0.137129 0.180683 0.352941 1.000000 1.000000 1.000000
v 1.441418 0.137129 0.180160 0.337255 1.000000 1.000000 1.000000
v 1.438946 0.137129 0.178732 0.321569 1.000000 1.000000 1.000000
v 1.438042 0.137129 0.176780 0.321569 1.000000 1.000000 1.000000
v 1.438946 0.142072 0.182635 0.352941 1.000000 1.000000 1.000000
v 1.434665 0.142072 0.180160 0.317647 1.000000 1.000000 1.000000
v 1.433098 0.142072 0.176780 0.317647 1.000000 1.000000 1.000000
v 1.431659 0.147443 0.176780 0.211765 1.000000 1.000000 1.000000
v 1.438227 0.147443 0.183355 0.349020 1.000000 1.000000 1.000000
v 1.433419 0.147443 0.180576 0.274510 1.000000 1.000000 1.000000
v 1.433419 0.265387 0.180576 0.776471 1.000000 1.000000 1.000000
v 1.431659 0.265387 0.176780 0.776471 1.000000 1.000000 1.000000
v 1.438227 0.265387 0.183355 0.807843 1.000000 1.000000 1.000000
v 1.444795 0.265387 0.184373 0.835294 1.000000 1.000000 1.000000
v 1.434665 0.270757 0.180160 0.823529 1.000000 1.000000 1.000000
v 1.433098 0.270757 0.176780 0.792157 1.000000 1.000000 1.000000
v 1.438042 0.275701 0.176780 0.850980 1.000000 1.000000 1.000000
v 1.438946 0.270757 0.182635 0.827451 1.000000 1.000000 1.000000
v 1.438946 0.275701 0.178731 0.850980 1.000000 1.000000 1.000000
v 1.444795 0.270757 0.183541 0.835294 1.000000 1.000000 1.000000
v 1.441418 0.275701 0.180160 0.858824 1.000000 1.000000 1.000000
v 1.444795 0.275701 0.180683 0.890196 1.000000 1.000000 1.000000
v 1.456491 2.733078 0.023220 1.000000 1.000000 1.000000 1.000000
v 1.450643 2.728134 0.021268 0.807843 1.000000 1.000000 1.000000
v 1.451548 2.728134 0.023220 0.807843 1.000000 1.000000 1.000000
v 1.444795 2.726325 0.023220 0.870588 1.000000 1.000000 1.000000
v 1.454924 2.733078 0.019839 0.968628 1.000000 1.000000 1.000000
v 1.457931 2.738448 0.023220 1.000000 1.000000 1.000000 1.000000
v 1.448171 2.728134 0.019839 0.807843 1.000000 1.000000 1.000000
v 1.456171 2.738448 0.019423 0.952941 1.000000 1.000000 1.000000
v 1.457931 2.856392 0.023220 0.454902 1.000000 1.000000 1.000000
v 1.450643 2.733078 0.017365 0.952941 1.000000 1.000000 1.000000
v 1.451363 2.738448 0.016644 0.933333 1.000000 1.000000 1.000000
v 1.456171 2.856392 0.019423 0.000000 1.000000 1.000000 1.000000
v 1.451363 2.856392 0.016644 0.000000 1.000000 1.000000 1.000000
v 1.454924 2.861763 0.019839 0.000000 1.000000 1.000000 1.000000
v 1.456491 2.861763 0.023220 0.372549 1.000000 1.000000 1.000000
v 1.444795 2.856392 0.015627 0.000000 1.000000 1.000000 1.000000
v 1.450643 2.866707 0.021268 0.000000 1.000000 1.000000 1.000000
v 1.451548 2.866707 0.023220 0.309804 1.000000 1.000000 1.000000
v 1.450643 2.861763 0.017365 0.000000 1.000000 1.000000 1.000000
v 1.444795 2.868516 0.023220 0.000000 1.000000 1.000000 1.000000
v 1.448171 2.866707 0.019839 0.000000 1.000000 1.000000 1.000000
v 1.444795 2.861763 0.016459 0.000000 1.000000 1.000000 1.000000
v 1.444795 2.866707 0.019316 0.000000 1.000000 1.000000 1.000000
v 1.441418 2.866707 0.019839 0.000000 1.000000 1.000000 1.000000
v 1.438946 2.866707 0.021268 0.000000 1.000000 1.000000 1.000000
v 1.438042 2.866707 0.023220 0.278431 1.000000 1.000000 1.000000
v 1.438946 2.861763 0.017365 0.000000 1.000000 1.000000 1.000000
v 1.434665 2.861763 0.019839 0.000000 1.000000 1.000000 1.000000
v 1.433098 2.861763 0.023220 0.223529 1.000000 1.000000 1.000000
v 1.431659 2.856392 0.023220 0.000000 1.000000 1.000000 1.000000
v 1.438227 2.856392 0.016644 0.000000 1.000000 1.000000 1.000000
v 1.433419 2.856392 0.019423 0.000000 1.000000 1.000000 1.000000
v 1.433419 2.738448 0.019424 0.745098 1.000000 1.000000 1.000000
v 1.431659 2.738448 0.023220 0.682353 1.000000 1.000000 1.000000
v 1.438227 2.738448 0.016644 0.913726 1.000000 1.000000 1.000000
v 1.444795 2.738448 0.015627 0.933333 1.000000 1.000000 1.000000
v 1.434665 2.733078 0.019839 0.898039 1.000000 1.000000 1.000000
v 1.433098 2.733078 0.023220 0.772549 1.000000 1.000000 1.000000
v 1.438042 2.728134 0.023220 0.741176 1.000000 1.000000 1.000000
v 1.438946 2.733078 0.017365 0.933333 1.000000 1.000000 1.000000
v 1.438946 2.728134 0.021268 0.917647 1.000000 1.000000 1.000000
v 1.444795 2.733078 0.016459 0.933333 1.000000 1.000000 1.000000
v 1.441418 2.728134 0.019839 0.917647 1.000000 1.000000 1.000000
v 1.444795 2.728134 0.019316 0.901961 1.000000 1.000000 1.000000
v 1.450643 0.275701 0.021268 0.247059 1.000000 1.000000 1.000000
v 1.456491 0.270757 0.023220 0.321569 1.000000 1.000000 1.000000
v 1.451548 0.275701 0.023220 0.274510 1.000000 1.000000 1.000000
v 1.444795 0.277510 0.023220 0.243137 1.000000 1.000000 1.000000
v 1.454924 0.270757 0.019839 0.258824 1.000000 1.000000 1.000000
v 1.457931 0.265387 0.023220 1.000000 1.000000 1.000000 1.000000
v 1.448171 0.275701 0.019839 0.247059 1.000000 1.000000 1.000000
v 1.456171 0.265387 0.019423 0.298039 1.000000 1.000000 1.000000
v 1.457931 0.147443 0.023220 1.000000 1.000000 1.000000 1.000000
v 1.450643 0.270757 0.017365 0.250980 1.000000 1.000000 1.000000
v 1.451363 0.265387 0.016644 0.243137 1.000000 1.000000 1.000000
v 1.456171 0.147443 0.019423 0.000000 1.000000 1.000000 1.000000
v 1.444795 0.270757 0.016459 0.172549 1.000000 1.000000 1.000000
v 1.454924 0.142072 0.019839 0.000000 1.000000 1.000000 1.000000
v 1.456491 0.142072 0.023220 1.000000 1.000000 1.000000 1.000000
v 1.451363 0.147443 0.016644 0.000000 1.000000 1.000000 1.000000
v 1.450643 0.137129 0.021268 0.000000 1.000000 1.000000 1.000000
v 1.451548 0.137129 0.023220 1.000000 1.000000 1.000000 1.000000
v 1.444795 0.135319 0.023220 1.000000 1.000000 1.000000 1.000000
v 1.450643 0.142072 0.017365 0.000000 1.000000 1.000000 1.000000
v 1.444795 0.147443 0.015627 0.000000 1.000000 1.000000 1.000000
v 1.448171 0.137129 0.019839 0.000000 1.000000 1.000000 1.000000
v 1.444795 0.142072 0.016459 0.000000 1.000000 1.000000 1.000000
v 1.444795 0.137129 0.019316 0.000000 1.000000 1.000000 1.000000
v 1.441418 0.137129 0.019839 0.000000 1.000000 1.000000 1.000000
v 1.438946 0.137129 0.021268 0.000000 1.000000 1.000000 1.000000
v 1.438042 0.137129 0.023220 0.000000 1.000000 1.000000 1.000000
v 1.438946 0.142072 0.017365 0.000000 1.000000 1.000000 1.000000
v 1.434665 0.142072 0.019839 0.000000 1.000000 1.000000 1.000000
v 1.433098 0.142072 0.023220 0.000000 1.000000 1.000000 1.000000
v 1.431659 0.147443 0.023220 0.000000 1.000000 1.000000 1.000000
v 1.438227 0.147443 0.016644 0.000000 1.000000 1.000000 1.000000
v 1.433419 0.147443 0.019423 0.000000 1.000000 1.000000 1.000000
v 1.433419 0.265387 0.019423 0.168627 1.000000 1.000000 1.000000
v 1.431659 0.265387 0.023220 0.152941 1.000000 1.000000 1.000000
v 1.438227 0.265387 0.016644 0.180392 1.000000 1.000000 1.000000
v 1.444795 0.265387 0.015627 0.207843 1.000000 1.000000 1.000000
v 1.434665 0.270757 0.019839 0.117647 1.000000 1.000000 1.000000
v 1.433098 0.270757 0.023220 0.105882 1.000000 1.000000 1.000000
v 1.438042 0.275701 0.023220 0.133333 1.000000 1.000000 1.000000
v 1.438946 0.270757 0.017365 0.133333 1.000000 1.000000 1.000000
v 1.438946 0.275701 0.021268 0.133333 1.000000 1.000000 1.000000
v 1.441418 0.275701 0.019839 0.152941 1.000000 1.000000 1.000000
v 1.444795 0.275701 0.019316 0.215686 1.000000 1.000000 1.000000
v 1.456491 2.861705 0.176780 1.000000 1.000000 1.000000 1.000000
v 1.450643 2.866648 0.178732 0.000000 1.000000 1.000000 1.000000
v 1.451548 2.866648 0.176780 1.000000 1.000000 1.000000 1.000000
v 1.444795 2.868458 0.176780 1.000000 1.000000 1.000000 1.000000
v 1.454924 2.861705 0.180160 0.000000 1.000000 1.000000 1.000000
v 1.457931 2.856334 0.176780 1.000000 1.000000 1.000000 1.000000
v 1.448171 2.866648 0.180160 0.000000 1.000000 1.000000 1.000000
v 1.456171 2.856334 0.180576 0.000000 1.000000 1.000000 1.000000
v 1.457931 2.738390 0.176780 0.000000 1.000000 1.000000 1.000000
v 1.450643 2.861705 0.182635 0.000000 1.000000 1.000000 1.000000
v 1.451363 2.856334 0.183355 0.000000 1.000000 1.000000 1.000000
v 1.456171 2.738390 0.180576 0.000000 1.000000 1.000000 1.000000
v 1.444795 2.861705 0.183541 0.000000 1.000000 1.000000 1.000000
v 1.451363 2.738390 0.183356 0.000000 1.000000 1.000000 1.000000
v 1.454924 2.733019 0.180160 0.000000 1.000000 1.000000 1.000000
v 1.456491 2.733019 0.176780 0.000000 1.000000 1.000000 1.000000
v 1.444795 2.856334 0.184373 0.000000 1.000000 1.000000 1.000000
v 1.450643 2.728076 0.178732 0.000000 1.000000 1.000000 1.000000
v 1.451548 2.728076 0.176780 0.000000 1.000000 1.000000 1.000000
v 1.444795 2.726266 0.176780 0.000000 1.000000 1.000000 1.000000
v 1.450643 2.733019 0.182635 0.000000 1.000000 1.000000 1.000000
v 1.448171 2.728076 0.180160 0.000000 1.000000 1.000000 1.000000
v 1.444795 2.738390 0.184373 0.000000 1.000000 1.000000 1.000000
v 1.444795 2.733019 0.183541 0.000000 1.000000 1.000000 1.000000
v 1.444795 2.728076 0.180683 0.000000 1.000000 1.000000 1.000000
v 1.441418 2.728076 0.180160 0.000000 1.000000 1.000000 1.000000
v 1.438946 2.728076 0.178732 0.000000 1.000000 1.000000 1.000000
v 1.438042 2.728076 0.176780 0.000000 1.000000 1.000000 1.000000
v 1.438946 2.733019 0.182635 0.000000 1.000000 1.000000 1.000000
v 1.434665 2.733019 0.180160 0.000000 1.000000 1.000000 1.000000
v 1.433098 2.733019 0.176780 0.000000 1.000000 1.000000 1.000000
v 1.431659 2.738390 0.176780 0.000000 1.000000 1.000000 1.000000
v 1.438227 2.738390 0.183355 0.000000 1.000000 1.000000 1.000000
v 1.433419 2.738390 0.180576 0.000000 1.000000 1.000000 1.000000
v 1.433419 2.856334 0.180576 0.000000 1.000000 1.000000 1.000000
v 1.431659 2.856334 0.176780 0.000000 1.000000 1.000000 1.000000
v 1.438227 2.856334 0.183355 0.000000 1.000000 1.000000 1.000000
v 1.434665 2.861705 0.180160 0.000000 1.000000 1.000000 1.000000
v 1.433098 2.861705 0.176780 0.000000 1.000000 1.000000 1.000000
v 1.438042 2.866648 0.176780 0.000000 1.000000 1.000000 1.000000
v 1.438946 2.861705 0.182635 0.000000 1.000000 1.000000 1.000000
v 1.438946 2.866648 0.178732 0.000000 1.000000 1.000000 1.000000
v 1.441418 2.866648 0.180160 0.000000 1.000000 1.000000 1.000000
v 1.444795 2.866648 0.180683 0.000000 1.000000 1.000000 1.000000
v 1.069427 0.360147 0.099988 0.054902 1.000000 1.000000 1.000000
v 1.069427 2.663768 0.099988 1.000000 1.000000 1.000000 1.000000
v 0.086112 2.663768 0.099988 0.658824 1.000000 1.000000 1.000000
v 0.086112 0.360147 0.099988 0.666667 1.000000 1.000000 1.000000
v 1.069427 2.663768 0.100826 1.000000 1.000000 1.000000 1.000000
v 1.069427 0.360147 0.100826 0.274510 1.000000 1.000000 1.000000
v 0.086112 2.663768 0.100826 0.345098 1.000000 1.000000 1.000000
v 0.086112 0.360147 0.100827 0.831373 1.000000 1.000000 1.000000
vt -0.153076 -0.013672
vt -0.141235 0.057617
vt -0.142456 -0.002930
vt -0.152954 0.061035
vt -0.124451 0.086426
vt -0.117737 0.082520
vt -0.121155 0.108887
vt -0.112549 0.107910
vt -0.113159 0.116699
vt -0.126831 0.088379
vt -0.121521 0.115234
vt -0.125000 0.109375
vt -0.123108 0.118652
vt -0.115234 0.122070
vt -0.125000 0.115723
vt -0.130493 0.128418
vt -0.122253 0.131836
vt -0.128540 0.120117
vt -0.136475 0.111328
vt -0.132324 0.132324
vt -0.123413 0.133789
vt -0.123291 0.202637
vt -0.137207 0.093750
vt -0.132080 0.203613
vt -0.157227 0.074219
vt -0.136353 0.132812
vt -0.130371 0.208496
vt -0.122070 0.205566
vt -0.113647 0.221680
vt -0.135742 0.126953
vt -0.121887 0.224609
vt -0.111633 0.227539
vt -0.142822 0.120605
vt -0.120178 0.228516
vt -0.111023 0.625732
vt -0.140259 0.117676
vt -0.147461 0.130371
vt -0.145142 0.118164
vt -0.148438 0.122070
vt -0.140137 0.112305
vt -0.153442 0.130859
vt -0.164062 0.125488
vt -0.170288 0.121094
vt -0.149536 0.133789
vt -0.154175 0.134766
vt -0.167480 0.127930
vt -0.135498 0.203125
vt -0.148560 0.202148
vt -0.135132 0.208984
vt -0.146729 0.206055
vt -0.153198 0.202148
vt -0.125854 0.224121
vt -0.152344 0.205566
vt -0.166870 0.201660
vt -0.163574 0.206543
vt -0.146118 0.221191
vt -0.138916 0.225098
vt -0.169922 0.206543
vt -0.142212 0.228516
vt -0.138184 0.229004
vt -0.124146 0.229004
vt -0.136963 0.626221
vt -0.123413 0.626221
vt -0.119751 0.625977
vt -0.110840 1.023468
vt -0.119507 1.023392
vt -0.111023 1.421631
vt -0.123169 1.023346
vt -0.136719 1.023499
vt -0.123169 1.420410
vt -0.136719 1.420654
vt -0.140625 1.023788
vt -0.119568 1.420654
vt -0.124573 1.425049
vt -0.120850 1.424805
vt -0.112671 1.427490
vt -0.129150 1.440918
vt -0.120850 1.443604
vt -0.122253 1.446777
vt -0.137329 1.424805
vt -0.133667 1.440430
vt -0.130859 1.445801
vt -0.134033 1.446289
vt -0.131714 1.516602
vt -0.122681 1.515137
vt -0.121704 1.517090
vt -0.144897 1.443848
vt -0.130005 1.520508
vt -0.114746 1.526855
vt -0.135864 1.516602
vt -0.122620 1.530273
vt -0.112671 1.532227
vt -0.135376 1.521973
vt -0.128052 1.528809
vt -0.121094 1.533203
vt -0.147095 1.519043
vt -0.120728 1.540039
vt -0.112122 1.541016
vt -0.124573 1.533203
vt -0.124573 1.539062
vt -0.124207 1.562012
vt -0.117493 1.566406
vt -0.141113 1.590820
vt -0.126587 1.560547
vt -0.152832 1.587402
vt -0.142334 1.651855
vt -0.153076 1.662598
vt -0.136963 1.555176
vt -0.154175 1.584961
vt -0.135986 1.537598
vt -0.157227 1.574707
vt -0.140503 1.554199
vt -0.139771 1.531738
vt -0.139893 1.537109
vt -0.142334 1.528809
vt -0.144653 1.531250
vt -0.148071 1.527344
vt -0.153198 1.518555
vt -0.163574 1.524902
vt -0.169922 1.529297
vt -0.149170 1.515625
vt -0.153931 1.515625
vt -0.146606 1.447510
vt -0.167114 1.522461
vt -0.150879 1.448242
vt -0.150146 1.444336
vt -0.144287 1.428955
vt -0.160889 1.444580
vt -0.164062 1.449463
vt -0.166626 1.445312
vt -0.140259 1.421631
vt -0.168945 1.450439
vt -0.171875 1.524902
vt -0.183472 1.447754
vt -0.189453 1.451904
vt -0.498291 1.570801
vt -0.233398 1.453613
vt -0.158325 1.571289
vt -0.498291 1.574219
vt -0.498291 1.584473
vt -0.838379 1.570801
vt -0.498291 1.587402
vt -0.152222 1.658203
vt -0.498291 1.659180
vt -0.844238 1.658203
vt -0.498291 1.659180
vt -0.843750 1.587402
vt -0.854004 1.651855
vt -0.843750 1.662598
vt -0.855469 1.590820
vt -0.842285 1.584473
vt -0.839355 1.574219
vt -0.869629 1.560059
vt -0.872070 1.562012
vt -0.878906 1.565918
vt -0.884277 1.540527
vt -0.875488 1.539551
vt -0.883789 1.531738
vt -0.859375 1.554688
vt -0.875488 1.533203
vt -0.871582 1.539062
vt -0.873535 1.529785
vt -0.881836 1.526367
vt -0.871582 1.532715
vt -0.860352 1.537109
vt -0.855957 1.553711
vt -0.856445 1.536133
vt -0.856445 1.530762
vt -0.868164 1.528320
vt -0.866211 1.520020
vt -0.874512 1.516602
vt -0.854004 1.527832
vt -0.864746 1.516113
vt -0.873535 1.514648
vt -0.873535 1.446289
vt -0.860840 1.521484
vt -0.860352 1.516113
vt -0.864746 1.445312
vt -0.849121 1.518066
vt -0.861328 1.445557
vt -0.866699 1.440430
vt -0.875000 1.443115
vt -0.883301 1.427002
vt -0.847168 1.514648
vt -0.875000 1.424316
vt -0.885254 1.421387
vt -0.861816 1.439941
vt -0.876465 1.420166
vt -0.871582 1.424561
vt -0.876465 1.022980
vt -0.885254 1.023071
vt -0.873047 1.419922
vt -0.876465 0.625488
vt -0.885254 0.625488
vt -0.873047 1.022858
vt -0.859375 1.419922
vt -0.875977 0.228516
vt -0.884766 0.227051
vt -0.872559 0.625732
vt -0.859375 1.022858
vt -0.874512 0.224121
vt -0.882812 0.221191
vt -0.872070 0.228516
vt -0.865723 0.208008
vt -0.874512 0.205566
vt -0.870605 0.224121
vt -0.873047 0.202148
vt -0.859375 0.625488
vt -0.858398 0.228516
vt -0.855957 1.022903
vt -0.855469 0.625244
vt -0.857422 0.224609
vt -0.854492 0.227539
vt -0.861328 0.208496
vt -0.849609 0.206055
vt -0.860840 0.203125
vt -0.864258 0.203125
vt -0.850098 0.220703
vt -0.864258 0.132324
vt -0.873047 0.133789
vt -0.874512 0.131836
vt -0.860352 0.132324
vt -0.866211 0.128418
vt -0.881348 0.121582
vt -0.847168 0.133789
vt -0.873535 0.118652
vt -0.883789 0.116699
vt -0.860840 0.126953
vt -0.875000 0.115234
vt -0.868164 0.120117
vt -0.871582 0.115234
vt -0.875488 0.108887
vt -0.884277 0.107910
vt -0.878906 0.082520
vt -0.871582 0.109375
vt -0.872070 0.086426
vt -0.855469 0.057617
vt -0.843750 -0.013672
vt -0.854492 -0.002930
vt -0.843750 0.061035
vt -0.869629 0.088379
vt -0.842285 0.063965
vt -0.859375 0.093750
vt -0.498291 0.061035
vt -0.844238 -0.009766
vt -0.498291 -0.010742
vt -0.152344 -0.009766
vt -0.154297 0.063965
vt -0.498291 0.063965
vt -0.839355 0.074219
vt -0.498291 0.074707
vt -0.158325 0.077637
vt -0.838379 0.077637
vt -0.140625 0.094727
vt -0.498291 0.078613
vt -0.855957 0.094727
vt -0.172363 0.126465
vt -0.860352 0.111328
vt -0.171997 0.201172
vt -0.498047 0.204590
vt -0.856445 0.117676
vt -0.856445 0.112305
vt -0.854004 0.120605
vt -0.851562 0.118164
vt -0.826172 0.121582
vt -0.849121 0.130371
vt -0.848145 0.122070
vt -0.832520 0.125488
vt -0.843262 0.130859
vt -0.842285 0.134766
vt -0.829102 0.128418
vt -0.824219 0.126953
vt -0.824219 0.201660
vt -0.829102 0.201660
vt -0.825684 0.207520
vt -0.847656 0.202148
vt -0.842773 0.202148
vt -0.843750 0.205566
vt -0.832520 0.206543
vt -0.666016 0.244629
vt -0.668457 0.251465
vt -0.646973 0.223633
vt -0.669434 0.625488
vt -0.640137 0.220215
vt -0.644531 0.227539
vt -0.662109 0.246582
vt -0.664551 0.252930
vt -0.669922 1.022766
vt -0.665039 0.625732
vt -0.652832 0.255371
vt -0.651855 0.252930
vt -0.652832 0.625732
vt -0.637695 0.237305
vt -0.665527 1.022415
vt -0.653320 1.022202
vt -0.638672 0.224609
vt -0.635742 0.235840
vt -0.666016 1.400146
vt -0.653809 1.397949
vt -0.653809 1.400146
vt -0.669922 1.401367
vt -0.664551 1.405762
vt -0.662109 1.409912
vt -0.653320 1.400879
vt -0.651855 1.400635
vt -0.668945 1.408203
vt -0.855469 1.420898
vt -0.665527 1.413574
vt -0.657715 1.411865
vt -0.647949 1.397949
vt -0.660156 1.416748
vt -0.827148 1.441650
vt -0.858398 1.424072
vt -0.851562 1.427979
vt -0.850586 1.442871
vt -0.845215 1.443115
vt -0.848633 1.446533
vt -0.833984 1.442139
vt -0.844238 1.446777
vt -0.842773 1.513672
vt -0.830566 1.446777
vt -0.843262 1.517578
vt -0.829102 1.520020
vt -0.848145 1.526367
vt -0.832520 1.522949
vt -0.851562 1.530273
vt -0.826172 1.526855
vt -0.824219 1.521484
vt -0.825684 1.447021
vt -0.631836 1.446289
vt -0.637695 1.440186
vt -0.653809 1.418213
vt -0.652344 1.412354
vt -0.638672 1.421631
vt -0.639648 1.419434
vt -0.636719 1.414795
vt -0.635742 1.417969
vt -0.634277 1.437012
vt -0.628418 1.405029
vt -0.627441 1.413330
vt -0.587891 1.411621
vt -0.498535 1.422119
vt -0.628418 1.432861
vt -0.590332 1.417969
vt -0.629395 1.442139
vt -0.591797 1.436768
vt -0.625977 1.437744
vt -0.594727 1.440918
vt -0.591797 1.445557
vt -0.588379 1.449219
vt -0.586426 1.441650
vt -0.497314 1.451172
vt -0.583008 1.445557
vt -0.583496 1.423828
vt -0.582031 1.427979
vt -0.497803 1.432617
vt -0.582520 1.421875
vt -0.580078 1.426270
vt -0.498291 1.430176
vt -0.498047 1.431885
vt -0.241821 1.432373
vt -0.239014 1.450684
vt -0.240112 1.433594
vt -0.239990 1.428711
vt -0.238770 1.429932
vt -0.235718 1.447021
vt -0.231445 1.424316
vt -0.230225 1.450439
vt -0.230347 1.442383
vt -0.234131 1.419434
vt -0.173462 1.414795
vt -0.193970 1.423340
vt -0.192993 1.418701
vt -0.184570 1.425537
vt -0.168579 1.423340
vt -0.193237 1.441162
vt -0.164062 1.419678
vt -0.172729 1.411133
vt -0.185181 1.427490
vt -0.180908 1.428955
vt -0.166992 1.426514
vt -0.182495 1.430664
vt -0.187256 1.445068
vt -0.161377 1.422363
vt -0.192505 1.448975
vt -0.195801 1.444824
vt -0.227051 1.446045
vt -0.157104 1.417236
vt -0.160889 1.414551
vt -0.171509 1.408447
vt -0.170654 1.405273
vt -0.154541 1.410645
vt -0.158936 1.408936
vt -0.153564 1.403076
vt -0.158081 1.402344
vt -0.170288 1.401123
vt -0.170532 1.023880
vt -0.153564 1.023956
vt -0.158081 1.023941
vt -0.170898 0.626953
vt -0.158447 0.626709
vt -0.170776 0.256348
vt -0.140869 0.626221
vt -0.153809 0.626221
vt -0.159180 0.253906
vt -0.171997 0.253418
vt -0.155151 0.251953
vt -0.161865 0.247070
vt -0.185425 0.236816
vt -0.158081 0.245117
vt -0.176147 0.223145
vt -0.178101 0.227539
vt -0.182495 0.220215
vt -0.184326 0.224121
vt -0.187134 0.235840
vt -0.498047 0.218750
vt -0.498047 0.223633
vt -0.498047 0.236328
vt 1.050781 1.532715
vt 1.074219 1.557129
vt 1.057617 1.528320
vt 1.085938 1.553711
vt 1.053711 1.506348
vt 1.044922 1.507324
vt 1.045898 1.498779
vt 1.059570 1.526855
vt 1.087891 1.551270
vt 1.431641 1.553711
vt 1.054688 1.500000
vt 1.431641 1.550781
vt 1.055664 1.496826
vt 1.047852 1.493652
vt 1.057617 1.505859
vt 1.057617 1.499756
vt 1.063477 1.487305
vt 1.054688 1.483643
vt 1.061523 1.495361
vt 1.069336 1.504395
vt 1.064453 1.483154
vt 1.055664 1.481934
vt 1.055664 1.413330
vt 1.070312 1.521973
vt 1.064453 1.412354
vt 1.054688 1.410400
vt 1.090820 1.541016
vt 1.062500 1.407471
vt 1.045898 1.394043
vt 1.067383 1.412598
vt 1.053711 1.391357
vt 1.069336 1.483398
vt 1.052734 1.387207
vt 1.043945 1.388184
vt 1.068359 1.488770
vt 1.080078 1.485840
vt 1.076172 1.495361
vt 1.073242 1.498291
vt 1.082031 1.482178
vt 1.073242 1.503418
vt 1.086914 1.485352
vt 1.078125 1.497803
vt 1.081055 1.494141
vt 1.096680 1.491699
vt 1.103516 1.496094
vt 1.074219 1.520996
vt 1.086914 1.482178
vt 1.091797 1.537598
vt 1.080078 1.414062
vt 1.431641 1.540527
vt 1.431641 1.537109
vt 1.773438 1.541016
vt 1.100586 1.489258
vt 1.771484 1.537598
vt 1.776367 1.550781
vt 1.777344 1.553223
vt 1.790039 1.520508
vt 1.803711 1.526367
vt 1.792969 1.521484
vt 1.805664 1.528320
vt 1.789062 1.557129
vt 1.812500 1.532227
vt 1.809570 1.506348
vt 1.818359 1.507324
vt 1.817383 1.498535
vt 1.805664 1.505371
vt 1.808594 1.499756
vt 1.807617 1.496338
vt 1.815430 1.493408
vt 1.805664 1.499512
vt 1.793945 1.503906
vt 1.799805 1.487061
vt 1.808594 1.483398
vt 1.801758 1.495117
vt 1.790039 1.497803
vt 1.790039 1.502930
vt 1.787109 1.494629
vt 1.785156 1.496826
vt 1.794922 1.488281
vt 1.759766 1.493896
vt 1.782227 1.493164
vt 1.783203 1.485107
vt 1.793945 1.482666
vt 1.766602 1.489990
vt 1.777344 1.484375
vt 1.781250 1.481445
vt 1.776367 1.480713
vt 1.762695 1.487305
vt 1.757812 1.488525
vt 1.763672 1.413574
vt 1.758789 1.413818
vt 1.565430 1.413330
vt 1.777344 1.413574
vt 1.782227 1.413330
vt 1.767578 1.408936
vt 1.778320 1.409668
vt 1.794922 1.412109
vt 1.784180 1.409424
vt 1.785156 1.394775
vt 1.760742 1.408447
vt 1.791992 1.390869
vt 1.571289 1.407471
vt 1.795898 1.406494
vt 1.789062 1.387695
vt 1.804688 1.391357
vt 1.599609 1.380615
vt 1.792969 1.386719
vt 1.593750 1.384277
vt 1.602539 1.375244
vt 1.595703 1.376953
vt 1.587891 1.385498
vt 1.591797 1.379150
vt 1.585938 1.367676
vt 1.586914 1.367920
vt 1.582031 1.365234
vt 1.598633 1.372803
vt 1.587891 1.367188
vt 1.603516 1.368164
vt 1.599609 1.366943
vt 1.587891 1.364990
vt 1.790039 0.989594
vt 1.603516 0.989494
vt 1.599609 0.989182
vt 1.586914 0.988983
vt 1.598633 0.592285
vt 1.585938 0.592529
vt 1.603516 0.592041
vt 1.598633 0.219727
vt 1.586914 0.222168
vt 1.584961 0.219727
vt 1.789062 0.591797
vt 1.602539 0.217773
vt 1.595703 0.212891
vt 1.578125 0.194336
vt 1.571289 0.203613
vt 1.599609 0.210938
vt 1.788086 0.194336
vt 1.572266 0.190918
vt 1.569336 0.202637
vt 1.580078 0.190430
vt 1.431641 0.189941
vt 1.431641 0.202637
vt 1.120117 0.202148
vt 1.574219 0.187012
vt 1.431641 0.185059
vt 1.117188 0.190918
vt 1.119141 0.203125
vt 1.759766 0.173828
vt 1.111328 0.193848
vt 1.105469 0.219727
vt 1.116211 0.186523
vt 1.431641 0.170898
vt 1.109375 0.189453
vt 1.094727 0.213379
vt 1.103516 0.222656
vt 1.103516 0.172852
vt 1.091797 0.211426
vt 1.092773 0.220215
vt 1.103516 0.593262
vt 1.088867 0.218262
vt 1.075195 0.194824
vt 1.086914 0.592773
vt 1.091797 0.593018
vt 1.103516 0.990242
vt 1.074219 0.592529
vt 1.090820 0.990311
vt 1.103516 1.367432
vt 1.086914 0.990349
vt 1.090820 1.368652
vt 1.103516 1.371582
vt 1.086914 1.369385
vt 1.091797 1.375244
vt 1.093750 1.380859
vt 1.104492 1.374512
vt 1.106445 1.377197
vt 1.087891 1.376953
vt 1.074219 0.990211
vt 1.073242 1.387939
vt 1.089844 1.383545
vt 1.094727 1.388428
vt 1.097656 1.385742
vt 1.106445 1.381104
vt 1.100586 1.392334
vt 1.101562 1.389404
vt 1.099609 1.411865
vt 1.114258 1.395020
vt 1.118164 1.391846
vt 1.116211 1.396973
vt 1.118164 1.393799
vt 1.125977 1.385010
vt 1.167969 1.385742
vt 1.126953 1.389648
vt 1.431641 1.388428
vt 1.126953 1.407471
vt 1.165039 1.390625
vt 1.121094 1.411377
vt 1.117188 1.414307
vt 1.173828 1.395020
vt 1.164062 1.408691
vt 1.171875 1.396240
vt 1.431641 1.396484
vt 1.174805 1.398682
vt 1.168945 1.413330
vt 1.173828 1.399902
vt 1.431641 1.398438
vt 1.172852 1.416992
vt 1.431641 1.399170
vt 1.513672 1.393066
vt 1.516602 1.388672
vt 1.521484 1.378662
vt 1.517578 1.390625
vt 1.524414 1.384766
vt 1.561523 1.372314
vt 1.561523 1.380371
vt 1.570312 1.382080
vt 1.585938 1.379639
vt 1.573242 1.386719
vt 1.569336 1.385254
vt 1.572266 1.388916
vt 1.568359 1.404297
vt 1.562500 1.400146
vt 1.525391 1.403809
vt 1.562500 1.409424
vt 1.559570 1.404785
vt 1.528320 1.407715
vt 1.525391 1.412598
vt 1.519531 1.408691
vt 1.522461 1.416260
vt 1.515625 1.394775
vt 1.516602 1.412354
vt 1.431641 1.417969
vt 1.166992 1.419922
vt 1.105469 1.491699
vt 1.164062 1.416748
vt 1.123047 1.418457
vt 1.102539 1.416992
vt 1.160156 1.412354
vt 1.125977 1.415527
vt 1.128906 1.411377
vt 1.097656 1.416016
vt 1.083984 1.414795
vt 1.093750 1.411133
vt 1.083984 1.410889
vt 1.077148 1.395508
vt 1.078125 1.410156
vt 1.070312 1.391357
vt 1.067383 1.406982
vt 1.070312 1.387207
vt 1.057617 1.391846
vt 1.056641 1.386963
vt 1.056641 0.989845
vt 1.070312 0.989975
vt 1.070312 0.592529
vt 1.056641 0.592529
vt 1.052734 0.989906
vt 1.043945 0.989983
vt 1.052734 0.592285
vt 1.043945 0.592285
vt 1.057617 0.195312
vt 1.053711 0.194824
vt 1.044922 0.193848
vt 1.046875 0.187988
vt 1.071289 0.195312
vt 1.059570 0.190430
vt 1.054688 0.190918
vt 1.063477 0.174805
vt 1.055664 0.171875
vt 1.072266 0.191406
vt 1.068359 0.175293
vt 1.065430 0.169922
vt 1.056641 0.168945
vt 1.056641 0.100098
vt 1.069336 0.169434
vt 1.065430 0.098633
vt 1.055664 0.098145
vt 1.069336 0.099121
vt 1.064453 0.094727
vt 1.048828 0.088379
vt 1.080078 0.172363
vt 1.056641 0.084961
vt 1.079102 0.187500
vt 1.085938 0.171875
vt 1.096680 0.172852
vt 1.082031 0.168457
vt 1.086914 0.168457
vt 1.100586 0.167969
vt 1.083008 0.100586
vt 1.087891 0.101074
vt 1.105469 0.167480
vt 1.100586 0.094238
vt 1.086914 0.097168
vt 1.105469 0.092773
vt 1.097656 0.091797
vt 1.103516 0.087891
vt 1.081055 0.096680
vt 1.082031 0.088379
vt 1.069336 0.093262
vt 1.076172 0.086914
vt 1.078125 0.084473
vt 1.061523 0.086426
vt 1.073242 0.083984
vt 1.073242 0.078613
vt 1.058594 0.082031
vt 1.054688 0.082031
vt 1.046875 0.083008
vt 1.045898 0.074219
vt 1.069336 0.077637
vt 1.058594 0.076172
vt 1.054688 0.075195
vt 1.050781 0.048828
vt 1.070312 0.060059
vt 1.057617 0.053223
vt 1.074219 0.024414
vt 1.085938 0.027832
vt 1.060547 0.054688
vt 1.087891 0.030273
vt 1.431641 0.027832
vt 1.090820 0.040527
vt 1.074219 0.061035
vt 1.431641 0.030762
vt 1.091797 0.043945
vt 1.776367 0.030273
vt 1.777344 0.027832
vt 1.431641 0.041504
vt 1.773438 0.040527
vt 1.803711 0.054688
vt 1.805664 0.053223
vt 1.789062 0.024414
vt 1.812500 0.048828
vt 1.809570 0.075195
vt 1.818359 0.074219
vt 1.805664 0.076172
vt 1.808594 0.082031
vt 1.817383 0.083008
vt 1.815430 0.088379
vt 1.792969 0.060059
vt 1.805664 0.082031
vt 1.807617 0.084961
vt 1.793945 0.077637
vt 1.790039 0.061035
vt 1.771484 0.043945
vt 1.790039 0.078613
vt 1.431641 0.045410
vt 1.757812 0.093262
vt 1.757812 0.167969
vt 1.759766 0.087891
vt 1.762695 0.094727
vt 1.762695 0.168457
vt 1.785156 0.084473
vt 1.766602 0.091797
vt 1.776367 0.101074
vt 1.790039 0.083984
vt 1.782227 0.088379
vt 1.801758 0.086426
vt 1.787109 0.086914
vt 1.799805 0.094727
vt 1.807617 0.098145
vt 1.793945 0.093262
vt 1.782227 0.096680
vt 1.776367 0.097656
vt 1.793945 0.098633
vt 1.780273 0.100098
vt 1.797852 0.098633
vt 1.806641 0.100098
vt 1.797852 0.169922
vt 1.806641 0.168945
vt 1.807617 0.171875
vt 1.793945 0.169434
vt 1.799805 0.174805
vt 1.816406 0.187988
vt 1.781250 0.168457
vt 1.807617 0.190918
vt 1.776367 0.168457
vt 1.809570 0.194824
vt 1.818359 0.193848
vt 1.818359 0.592041
vt 1.765625 0.172852
vt 1.777344 0.171875
vt 1.784180 0.187012
vt 1.783203 0.172363
vt 1.791016 0.190918
vt 1.794922 0.175293
vt 1.791992 0.194824
vt 1.803711 0.190430
vt 1.792969 0.592041
vt 1.805664 0.195312
vt 1.810547 0.592041
vt 1.819336 0.989716
vt 1.806641 0.592285
vt 1.792969 0.989525
vt 1.810547 0.989624
vt 1.818359 1.387939
vt 1.806641 0.989502
vt 1.810547 1.386963
vt 1.816406 1.393799
vt 1.806641 1.386719
vt 1.808594 1.391113
vt 1.799805 1.407227
vt 1.808594 1.409912
vt 1.797852 1.411865
vt 1.807617 1.412842
vt 1.797852 1.482910
vt 1.806641 1.481445
vt 0.741699 0.572998
vt 0.741699 0.549805
vt 0.745117 0.572998
vt 0.745117 0.547363
vt 0.797852 0.572998
vt 0.797852 0.547363
vt 0.801270 0.549805
vt 0.801270 0.572998
vt 0.701660 0.510498
vt 0.701660 0.530029
vt 0.699219 0.529297
vt 0.699219 0.509521
vt 0.687988 0.529297
vt 0.687988 0.509521
vt 0.685547 0.510498
vt 0.685547 0.530029
vt 0.764648 0.589111
vt 0.764648 0.606445
vt 0.762207 0.589111
vt 0.762207 0.606445
vt 0.750977 0.589111
vt 0.750977 0.606445
vt 0.748535 0.606445
vt 0.748535 0.589111
vt 0.719238 0.687500
vt 0.719238 0.707031
vt 0.716797 0.688232
vt 0.716797 0.708008
vt 0.706055 0.688232
vt 0.706055 0.708008
vt 0.703613 0.707031
vt 0.703613 0.687500
vt 0.313232 0.572998
vt 0.313232 0.549805
vt 0.316650 0.572998
vt 0.316650 0.547363
vt 0.369141 0.572998
vt 0.369141 0.547363
vt 0.372559 0.549805
vt 0.372559 0.572998
vt 0.272949 0.510498
vt 0.272705 0.530029
vt 0.270264 0.529297
vt 0.270508 0.509521
vt 0.259277 0.529297
vt 0.259277 0.509521
vt 0.256836 0.510498
vt 0.256836 0.530029
vt 0.290771 0.687500
vt 0.290771 0.707031
vt 0.288330 0.688232
vt 0.288330 0.708008
vt 0.277344 0.688232
vt 0.277344 0.708008
vt 0.274658 0.707031
vt 0.274658 0.687500
vt 0.195435 1.009773
vt 0.195557 0.035645
vt 0.198608 0.036621
vt 0.198608 1.008682
vt 0.207642 0.047363
vt 0.207642 0.999608
vt 0.213501 0.994633
vt 0.213501 0.052246
vt 0.215210 0.052246
vt 0.215210 0.994190
vt 0.731934 0.694824
vt 0.728027 0.718018
vt 0.728027 0.695557
vt 0.731445 0.720703
vt 0.784180 0.695312
vt 0.784180 0.720947
vt 0.787598 0.718506
vt 0.787598 0.696045
vt 0.695312 0.657959
vt 0.697754 0.640625
vt 0.697754 0.657959
vt 0.695312 0.640625
vt 0.684082 0.657959
vt 0.684082 0.640625
vt 0.681641 0.640625
vt 0.681641 0.657959
vt 0.303223 0.694824
vt 0.299561 0.718018
vt 0.299561 0.695557
vt 0.302979 0.720703
vt 0.355469 0.695312
vt 0.355469 0.720947
vt 0.358887 0.718506
vt 0.358887 0.696045
vt 0.266357 0.657959
vt 0.269043 0.640625
vt 0.268799 0.657959
vt 0.266602 0.640625
vt 0.255371 0.657959
vt 0.255371 0.640625
vt 0.252930 0.640625
vt 0.252930 0.657959
vt 0.335938 0.606445
vt 0.333496 0.589111
vt 0.335938 0.589111
vt 0.333496 0.606445
vt 0.322510 0.589111
vt 0.322510 0.606445
vt 0.319824 0.606445
vt 0.319824 0.589111
vt 0.154663 1.047638
vt 0.151611 0.074707
vt 0.154785 0.073730
vt 0.151611 1.046539
vt 0.142578 0.084961
vt 0.142456 1.037476
vt 0.136597 1.032501
vt 0.136597 0.089844
vt 0.134888 0.090332
vt 0.134888 1.032043
vt 1.007812 0.822510
vt 1.007812 0.766113
vt 1.025391 0.775146
vt 1.025391 0.822510
vt 1.027344 0.775879
vt 1.027344 0.773071
vt 1.027344 0.822266
vt 1.027344 0.824585
vt 1.039062 0.824585
vt 1.039062 0.822266
vt 1.041016 0.822510
vt 1.039062 0.775879
vt 1.039062 0.773071
vt 1.041016 0.775146
vt 1.058594 0.822510
vt 1.058594 0.766113
vt 0.895020 0.811401
vt 0.895020 0.755127
vt 0.912109 0.802490
vt 0.912598 0.755005
vt 0.914551 0.801636
vt 0.914551 0.804565
vt 0.914551 0.755249
vt 0.914551 0.752930
vt 0.925781 0.752930
vt 0.925781 0.755249
vt 0.927734 0.755005
vt 0.925781 0.801636
vt 0.925781 0.804565
vt 0.927734 0.802490
vt 0.945312 0.755127
vt 0.945312 0.811401
vt 0.579590 0.822510
vt 0.579590 0.766113
vt 0.597168 0.775146
vt 0.597168 0.822510
vt 0.599121 0.775879
vt 0.599121 0.773071
vt 0.599121 0.822266
vt 0.599121 0.824585
vt 0.610352 0.824585
vt 0.610352 0.822266
vt 0.612305 0.822510
vt 0.610352 0.775879
vt 0.610352 0.773071
vt 0.612305 0.775146
vt 0.629883 0.822510
vt 0.629883 0.766113
vt 0.466309 0.811401
vt 0.466553 0.755127
vt 0.483643 0.802490
vt 0.483643 0.755005
vt 0.486084 0.801636
vt 0.485840 0.804565
vt 0.486084 0.755249
vt 0.485840 0.752930
vt 0.497314 0.752930
vt 0.496826 0.755249
vt 0.499268 0.755005
vt 0.497070 0.801636
vt 0.497314 0.804565
vt 0.499268 0.802490
vt 0.516602 0.755127
vt 0.516602 0.811401
vt 0.329834 1.101318
vt 0.329834 1.033997
vt 0.332764 1.100586
vt 0.332764 1.033203
vt 0.334961 1.033569
vt 0.334717 1.099365
vt 0.345215 1.097900
vt 0.334473 1.031952
vt 0.327393 1.023209
vt 0.345215 1.031433
vt 0.347168 1.097229
vt 0.343506 1.028793
vt 0.346924 1.028702
vt 0.353271 1.100647
vt 0.334229 1.020935
vt 0.335205 1.019608
vt 0.329102 1.022812
vt 0.327881 1.016159
vt 0.324951 1.017197
vt 0.323242 1.017151
vt 0.323975 1.015144
vt 0.326904 1.014549
vt 0.323975 0.074219
vt 0.328857 1.014839
vt 0.326904 0.074707
vt 0.324707 0.072266
vt 0.322998 0.072266
vt 0.326660 0.066406
vt 0.328613 0.073730
vt 0.328369 0.066406
vt 0.327637 0.072754
vt 0.334717 0.068848
vt 0.333496 0.067871
vt 0.333008 0.055664
vt 0.331055 0.055176
vt 0.342529 0.058105
vt 0.346191 0.057617
vt 0.333008 0.053711
vt 0.343750 0.055176
vt 0.353516 -0.037109
vt 0.361328 1.103638
vt 0.345459 -0.027344
vt 0.361572 -0.041016
vt 0.368896 1.104736
vt 0.344971 -0.035156
vt 0.369141 -0.042969
vt 0.370850 1.105225
vt 0.354980 -0.042969
vt 0.373047 -0.042969
vt 0.372559 1.106506
vt 0.371094 -0.042969
vt 0.372559 -0.048828
vt 0.362061 -0.045898
vt 0.368896 -0.048828
vt 0.370850 -0.048828
vt 0.365967 -0.071289
vt 0.367676 -0.073242
vt 0.364014 -0.070312
vt 0.364502 -0.079102
vt 0.362793 -0.077148
vt 0.361328 -0.075195
vt 0.355957 -0.065430
vt 0.352783 -0.069336
vt 0.345703 -0.063477
vt 0.349121 -0.059570
vt 0.338379 -0.054688
vt 0.341064 -0.048828
vt 0.339355 -0.047852
vt 0.337891 -0.053711
vt 0.342773 -0.034180
vt 0.329102 -0.046875
vt 0.328125 -0.052734
vt 0.326416 -0.053711
vt 0.343506 -0.027344
vt 0.333008 -0.027344
vt 0.332031 -0.033203
vt 0.330811 -0.027344
vt 0.327881 0.054688
vt 0.328125 -0.027344
vt 0.329834 -0.033203
vt 0.326904 -0.033203
vt 0.323730 -0.046875
vt 0.323242 -0.053711
vt 0.326904 -0.046875
vt 0.072693 1.114685
vt 0.075684 1.048187
vt 0.075684 1.115417
vt 0.072632 1.047333
vt 0.070435 1.047760
vt 0.070557 1.113403
vt 0.070923 1.046082
vt 0.077087 1.036865
vt 0.060120 1.045654
vt 0.060059 1.111938
vt 0.057922 1.111145
vt 0.061493 1.043060
vt 0.058044 1.042694
vt 0.051758 1.114258
vt 0.070374 1.034851
vt 0.069214 1.033447
vt 0.075317 1.036560
vt 0.076294 1.029877
vt 0.079102 1.030777
vt 0.080872 1.030594
vt 0.079956 1.028778
vt 0.077209 1.028305
vt 0.075317 1.028610
vt 0.077148 0.089844
vt 0.079956 0.089355
vt 0.069519 0.083984
vt 0.075317 0.089355
vt 0.079224 0.087402
vt 0.081055 0.087891
vt 0.077515 0.081543
vt 0.076355 0.088379
vt 0.075745 0.081543
vt 0.072144 0.070801
vt 0.070740 0.083008
vt 0.074219 0.070312
vt 0.062439 0.072754
vt 0.058746 0.072754
vt 0.072083 0.068848
vt 0.061401 0.069824
vt 0.051544 -0.022461
vt 0.043945 1.117126
vt 0.059631 -0.012695
vt 0.061615 -0.012695
vt 0.074280 -0.012695
vt 0.077209 0.069824
vt 0.077209 -0.011719
vt 0.072266 -0.012695
vt 0.075378 -0.018555
vt 0.078308 -0.018555
vt 0.081482 -0.032227
vt 0.073181 -0.018555
vt 0.078430 -0.032227
vt 0.081848 -0.039062
vt 0.078918 -0.038086
vt 0.076172 -0.032227
vt 0.077026 -0.038086
vt 0.062500 -0.019531
vt 0.065796 -0.033203
vt 0.067383 -0.039062
vt 0.066711 -0.040039
vt 0.060364 -0.019531
vt 0.064270 -0.034180
vt 0.050262 -0.027344
vt 0.056030 -0.043945
vt 0.059387 -0.048828
vt 0.049072 -0.049805
vt 0.052277 -0.054688
vt 0.043793 -0.060547
vt 0.043640 -0.025391
vt 0.036438 1.118164
vt 0.043243 -0.031250
vt 0.036224 -0.027344
vt 0.034576 1.118652
vt 0.041077 -0.054688
vt 0.036438 -0.033203
vt 0.034332 -0.027344
vt 0.032684 1.119934
vt 0.032288 -0.028320
vt 0.032654 -0.033203
vt 0.034546 -0.034180
vt 0.039032 -0.055664
vt 0.037384 -0.058594
vt 0.042114 -0.061523
vt 0.040558 -0.063477
vt 0.862305 1.024307
vt 0.866211 1.030380
vt 0.863281 1.031616
vt 0.865234 1.024002
vt 0.862305 -0.094727
vt 0.868164 1.029678
vt 0.865234 -0.093750
vt 0.867676 1.023697
vt 0.867676 -0.093750
vt 0.878906 -0.094727
vt 0.878906 1.023193
vt 0.878906 1.029053
vt 0.881836 -0.095703
vt 0.881348 1.023254
vt 0.880371 1.029556
vt 0.888184 -0.099609
vt 0.888672 1.034027
vt 0.888184 1.039551
vt 0.895996 -0.103516
vt 0.895996 1.037720
vt 0.895996 1.043304
vt 0.903320 -0.104492
vt 0.903809 1.038757
vt 0.903320 1.044647
vt 0.905273 -0.105469
vt 0.905762 1.038696
vt 0.905273 1.045166
vt 0.907227 1.044952
vt 0.907715 1.039062
vt 0.907227 -0.106445
vt 0.822266 0.984451
vt 0.820801 0.991768
vt 0.817871 0.990425
vt 0.819336 0.984085
vt 0.822266 -0.133789
vt 0.815918 0.989685
vt 0.818848 -0.133789
vt 0.816406 0.983688
vt 0.816406 -0.133789
vt 0.805176 -0.134766
vt 0.805664 0.983002
vt 0.805664 0.988846
vt 0.802246 -0.135742
vt 0.802734 0.982941
vt 0.803711 0.989311
vt 0.795410 -0.139648
vt 0.795410 0.993462
vt 0.794922 0.998988
vt 0.787598 -0.143555
vt 0.787598 0.996914
vt 0.787109 1.002493
vt 0.779785 -0.145508
vt 0.779785 0.997738
vt 0.779785 1.003611
vt 0.777832 -0.146484
vt 0.777832 0.997602
vt 0.777344 1.004059
vt 0.775391 1.003790
vt 0.775391 0.997925
vt 0.775879 -0.147461
vt 0.738770 0.955811
vt 0.741699 0.508057
vt 0.741699 0.956482
vt 0.738770 0.507812
vt 0.736328 0.955261
vt 0.742188 0.501709
vt 0.740723 0.487793
vt 0.743652 0.487305
vt 0.739258 0.501709
vt 0.738770 0.488281
vt 0.737305 0.501709
vt 0.736816 0.507568
vt 0.726074 0.955109
vt 0.727051 0.500977
vt 0.729492 0.487305
vt 0.726074 0.507324
vt 0.724609 0.955658
vt 0.725098 0.500488
vt 0.729004 0.486816
vt 0.717285 0.485352
vt 0.724609 0.507324
vt 0.712891 0.957336
vt 0.712891 0.502197
vt 0.712891 0.507812
vt 0.704102 0.502197
vt 0.709961 0.482910
vt 0.704102 0.507812
vt 0.704102 0.959137
vt 0.695312 0.501465
vt 0.703125 0.480957
vt 0.701172 0.479980
vt 0.694336 0.507080
vt 0.694336 0.961426
vt 0.692383 0.962402
vt 0.693359 0.500977
vt 0.700195 0.478516
vt 0.690918 0.501709
vt 0.692383 0.507080
vt 0.689941 0.507568
vt 0.689941 0.962708
vt 0.452393 0.057617
vt 0.431885 0.036621
vt 0.455078 0.036621
vt 0.455078 0.085938
vt 0.451172 0.083984
vt 0.458496 0.036621
vt 0.458008 0.033203
vt 0.457031 0.095703
vt 0.510254 0.036621
vt 0.510742 0.033203
vt 0.458984 0.095215
vt 0.513672 0.036621
vt 0.537109 0.036621
vt 0.516602 0.057617
vt 0.513672 0.085938
vt 0.517578 0.083984
vt 0.509766 0.095215
vt 0.511719 0.095703
vt 0.509766 0.097656
vt 0.458984 0.097656
vt 0.457764 0.101074
vt 0.510742 0.101074
vt 0.515137 0.099121
vt 0.525391 0.099121
vt 0.453613 0.099121
vt 0.443359 0.099609
vt 0.457520 0.104980
vt 0.452393 0.104004
vt 0.453125 0.160645
vt 0.443115 0.170898
vt 0.457764 0.159668
vt 0.511230 0.104980
vt 0.458008 0.164551
vt 0.516113 0.104004
vt 0.511230 0.159668
vt 0.515625 0.160645
vt 0.525391 0.170898
vt 0.510742 0.164551
vt 0.514648 0.166016
vt 0.512207 0.177246
vt 0.519043 0.190918
vt 0.510254 0.175293
vt 0.513672 0.187500
vt 0.458740 0.175293
vt 0.513672 1.388184
vt 0.519043 1.384521
vt 0.510254 0.179199
vt 0.512207 1.398438
vt 0.525879 1.405029
vt 0.510254 1.396240
vt 0.458740 0.179199
vt 0.458740 1.396240
vt 0.510254 1.400391
vt 0.514648 1.409424
vt 0.515625 1.414795
vt 0.525391 1.476318
vt 0.510742 1.410889
vt 0.516113 1.471436
vt 0.511230 1.416016
vt 0.515137 1.476562
vt 0.517578 1.487793
vt 0.511230 1.470703
vt 0.457764 1.416016
vt 0.458008 1.410889
vt 0.458740 1.400391
vt 0.454346 1.409424
vt 0.456787 1.398438
vt 0.453369 1.414795
vt 0.443359 1.404785
vt 0.449707 1.384521
vt 0.443359 1.476318
vt 0.455078 1.388184
vt 0.449707 0.190918
vt 0.455078 0.187500
vt 0.456787 0.177246
vt 0.454346 0.166016
vt 0.452637 1.471436
vt 0.453613 1.476562
vt 0.457520 1.470703
vt 0.451172 1.491455
vt 0.457764 1.474365
vt 0.456787 1.479736
vt 0.455078 1.489502
vt 0.451416 1.513672
vt 0.510742 1.474365
vt 0.454834 1.539062
vt 0.432129 1.539062
vt 0.511719 1.479736
vt 0.455322 1.519531
vt 0.458496 1.539062
vt 0.457520 1.541992
vt 0.458740 1.480469
vt 0.510254 1.539062
vt 0.511230 1.541992
vt 0.513672 1.539062
vt 0.458740 1.478027
vt 0.509766 1.480469
vt 0.509766 1.478027
vt 0.513184 1.519531
vt 0.513184 1.489746
vt 0.518066 1.520020
vt 0.536133 1.538574
vt 0.023727 0.057617
vt 0.003239 0.036621
vt 0.026535 0.036621
vt 0.026474 0.085938
vt 0.022461 0.083984
vt 0.029816 0.036621
vt 0.029251 0.033203
vt 0.028275 0.095703
vt 0.081787 0.036621
vt 0.082336 0.033203
vt 0.085083 0.036621
vt 0.030258 0.095215
vt 0.108398 0.036621
vt 0.087891 0.057617
vt 0.085144 0.085938
vt 0.089172 0.083984
vt 0.081360 0.095215
vt 0.083313 0.095703
vt 0.030243 0.097656
vt 0.081360 0.097656
vt 0.029221 0.101074
vt 0.082397 0.101074
vt 0.086670 0.099121
vt 0.096985 0.099121
vt 0.082764 0.104980
vt 0.087769 0.104004
vt 0.087036 0.160645
vt 0.097046 0.170898
vt 0.082520 0.159668
vt 0.028839 0.104980
vt 0.024933 0.099121
vt 0.014641 0.099609
vt 0.023865 0.104004
vt 0.029144 0.159668
vt 0.024582 0.160645
vt 0.014580 0.170898
vt 0.029434 0.164551
vt 0.025726 0.166016
vt 0.028122 0.177246
vt 0.021103 0.190918
vt 0.030106 0.175293
vt 0.082214 0.164551
vt 0.081543 0.175293
vt 0.085938 0.166016
vt 0.083557 0.177246
vt 0.090576 0.190918
vt 0.081665 0.179199
vt 0.085266 0.187500
vt 0.085327 1.388184
vt 0.090637 1.384521
vt 0.030029 0.179199
vt 0.081665 1.396240
vt 0.083557 1.398438
vt 0.097107 1.405029
vt 0.026398 0.187500
vt 0.026398 1.388184
vt 0.021103 1.384521
vt 0.030029 1.396240
vt 0.028137 1.398438
vt 0.014610 1.404785
vt 0.081543 1.400391
vt 0.030136 1.400391
vt 0.025757 1.409424
vt 0.024612 1.414795
vt 0.014656 1.476318
vt 0.029449 1.410889
vt 0.023895 1.471436
vt 0.085938 1.409424
vt 0.082214 1.410889
vt 0.087097 1.414795
vt 0.097046 1.476318
vt 0.082520 1.416016
vt 0.029175 1.416016
vt 0.087830 1.471436
vt 0.028870 1.470703
vt 0.082825 1.470703
vt 0.086731 1.476562
vt 0.089050 1.487793
vt 0.024933 1.476562
vt 0.022461 1.491455
vt 0.029236 1.474365
vt 0.082458 1.474365
vt 0.028275 1.479736
vt 0.083374 1.479736
vt 0.081360 1.478027
vt 0.030212 1.478027
vt 0.084595 1.489746
vt 0.089478 1.520020
vt 0.081177 1.480469
vt 0.030182 1.480469
vt 0.084595 1.519531
vt 0.107849 1.538574
vt 0.085205 1.539062
vt 0.081543 1.539062
vt 0.082458 1.541992
vt 0.028854 1.541992
vt 0.029785 1.539062
vt 0.026154 1.539062
vt 0.026642 1.519531
vt 0.026474 1.489502
vt 0.022766 1.513672
vt 0.003502 1.539062
vt 1.022461 0.939697
vt 1.025391 0.485352
vt 1.025391 0.939972
vt 1.022461 0.484863
vt 1.024414 0.479492
vt 1.020508 0.484863
vt 1.020508 0.938751
vt 1.021484 0.478516
vt 1.014648 0.456055
vt 1.013672 0.458008
vt 1.019531 0.479492
vt 1.011719 0.458984
vt 1.004883 0.460938
vt 1.010742 0.479980
vt 0.997559 0.462891
vt 1.010742 0.485840
vt 1.010742 0.936523
vt 1.001953 0.934814
vt 1.001953 0.485840
vt 1.001953 0.480469
vt 0.990234 0.485352
vt 0.990234 0.933167
vt 0.988281 0.932617
vt 0.989258 0.478516
vt 0.985352 0.464844
vt 0.984863 0.465332
vt 0.987793 0.485352
vt 0.977539 0.932739
vt 0.987305 0.479004
vt 0.977051 0.479492
vt 0.975098 0.466309
vt 0.977539 0.485840
vt 0.975586 0.933289
vt 0.974609 0.479492
vt 0.973145 0.465820
vt 0.975098 0.485840
vt 0.971680 0.479980
vt 0.970215 0.464844
vt 0.972168 0.485840
vt 0.972168 0.933960
vt 0.612305 0.798462
vt 0.608887 0.797241
vt 0.609863 0.796509
vt 0.610840 0.799561
vt 0.615723 0.802856
vt 0.609863 0.835449
vt 0.612305 0.803467
vt 0.611816 0.832275
vt 0.614746 0.833496
vt 0.610840 0.837158
vt 0.607422 0.836182
vt 0.607422 0.837402
vt 0.602051 0.793823
vt 0.600586 0.838257
vt 0.597168 0.837646
vt 0.597656 0.838013
vt 0.598145 0.787598
vt 0.601074 0.790039
vt 0.601074 0.439941
vt 0.598145 0.855347
vt 0.599609 0.855957
vt 0.595703 0.837402
vt 0.597656 0.860352
vt 0.599121 0.861206
vt 0.596191 0.854980
vt 0.595703 0.859741
vt 0.597168 0.865356
vt 0.599121 0.866455
vt 0.596191 0.870972
vt 0.594727 0.864380
vt 0.594238 0.869995
vt 0.593262 0.875488
vt 0.591309 0.874634
vt 0.592773 0.868896
vt 0.590332 0.873413
vt 0.587891 0.861816
vt 0.585938 0.866089
vt 0.583496 0.870483
vt 0.588379 0.856812
vt 0.581543 0.859741
vt 0.579102 0.863892
vt 0.577148 0.868042
vt 0.581543 0.854004
vt 0.573242 0.861938
vt 0.571289 0.867065
vt 0.575684 0.856812
vt 0.571777 0.861450
vt 0.570801 0.866699
vt 0.573242 0.856201
vt 0.562012 0.860840
vt 0.561523 0.866211
vt 0.560059 0.867065
vt 0.560059 0.861450
vt 0.557129 0.867920
vt 0.557129 0.861816
vt 0.562012 0.855591
vt 0.560059 0.855835
vt 0.557129 0.855835
vt 0.557617 0.850220
vt 0.560547 0.850220
vt 0.558105 0.844482
vt 0.562500 0.850098
vt 0.561035 0.844604
vt 0.561035 0.385254
vt 0.558105 0.385254
vt 0.562988 0.844604
vt 0.573242 0.850586
vt 0.575684 0.850952
vt 0.573730 0.844971
vt 0.581543 0.848145
vt 0.576172 0.845215
vt 0.588867 0.851807
vt 0.581543 0.381836
vt 0.598145 0.441895
vt 0.602539 0.436035
vt 0.588867 0.377930
vt 0.576172 0.384766
vt 0.595215 0.375000
vt 0.573730 0.384766
vt 0.596191 0.392090
vt 0.562988 0.385254
vt 0.573242 0.379395
vt 0.562500 0.379395
vt 0.575684 0.378906
vt 0.572754 0.373535
vt 0.560547 0.379395
vt 0.557617 0.379395
vt 0.562012 0.374023
vt 0.559570 0.374023
vt 0.556641 0.374023
vt 0.556641 0.367676
vt 0.559570 0.368164
vt 0.557129 0.361816
vt 0.559570 0.362793
vt 0.561523 0.368652
vt 0.561523 0.363281
vt 0.571777 0.368164
vt 0.570801 0.363281
vt 0.571289 0.362793
vt 0.573242 0.367676
vt 0.576660 0.361816
vt 0.575195 0.373047
vt 0.579102 0.365723
vt 0.583496 0.359375
vt 0.581543 0.375977
vt 0.581055 0.370117
vt 0.585449 0.363770
vt 0.589844 0.356445
vt 0.588379 0.373047
vt 0.587891 0.368164
vt 0.592285 0.360840
vt 0.591309 0.354980
vt 0.594727 0.370117
vt 0.594727 0.365234
vt 0.593750 0.359863
vt 0.593262 0.354492
vt 0.596191 0.358887
vt 0.596680 0.364258
vt 0.598633 0.363281
vt 0.598633 0.368652
vt 0.596680 0.369629
vt 0.598145 0.374023
vt 0.597168 0.374512
vt 0.596680 0.391602
vt 0.599609 0.391602
vt 0.606445 0.393066
vt 0.609375 0.432129
vt 0.609863 0.392090
vt 0.606445 0.392090
vt 0.612793 0.430664
vt 0.610352 0.432617
vt 0.608887 0.394043
vt 0.613770 0.395996
vt 0.611328 0.429688
vt 0.615723 0.426270
vt 0.611328 0.396973
vt 0.612793 0.425781
vt 0.430664 0.711670
vt 0.433350 0.709961
vt 0.434326 0.710449
vt 0.432373 0.712891
vt 0.427734 0.716064
vt 0.434082 0.748779
vt 0.430664 0.716797
vt 0.431885 0.745605
vt 0.428955 0.746826
vt 0.432861 0.750488
vt 0.436523 0.749512
vt 0.436279 0.750610
vt 0.441162 0.707031
vt 0.443115 0.751343
vt 0.446533 0.750732
vt 0.445801 0.751221
vt 0.444824 0.701416
vt 0.442139 0.703369
vt 0.442139 0.353516
vt 0.445801 0.768433
vt 0.444336 0.768921
vt 0.444824 0.354980
vt 0.441162 0.349609
vt 0.446533 0.700684
vt 0.447510 0.767822
vt 0.445801 0.773438
vt 0.444092 0.774170
vt 0.447754 0.772705
vt 0.446045 0.778442
vt 0.443848 0.779419
vt 0.446533 0.784058
vt 0.447998 0.777466
vt 0.448730 0.783081
vt 0.449219 0.788574
vt 0.451172 0.787720
vt 0.450195 0.781982
vt 0.452637 0.786499
vt 0.454834 0.775024
vt 0.457031 0.779419
vt 0.459229 0.783813
vt 0.454590 0.770020
vt 0.461670 0.773071
vt 0.463623 0.777222
vt 0.465820 0.781372
vt 0.454346 0.764893
vt 0.469482 0.775269
vt 0.471680 0.780396
vt 0.467529 0.770264
vt 0.461426 0.767212
vt 0.470947 0.774780
vt 0.471924 0.780151
vt 0.481445 0.779663
vt 0.469971 0.769531
vt 0.480957 0.774292
vt 0.482910 0.780396
vt 0.467041 0.764404
vt 0.483154 0.774780
vt 0.485840 0.781372
vt 0.485840 0.775269
vt 0.461426 0.761353
vt 0.483154 0.769165
vt 0.486084 0.769287
vt 0.485352 0.763550
vt 0.480713 0.768921
vt 0.482422 0.763672
vt 0.484863 0.757935
vt 0.469482 0.763916
vt 0.480225 0.763550
vt 0.481934 0.758057
vt 0.484863 0.298828
vt 0.466797 0.758545
vt 0.469238 0.758301
vt 0.479736 0.758057
vt 0.481689 0.298340
vt 0.482422 0.292969
vt 0.485352 0.292969
vt 0.479736 0.298340
vt 0.482910 0.287598
vt 0.485840 0.287109
vt 0.485596 0.281250
vt 0.479980 0.292969
vt 0.482910 0.281738
vt 0.485596 0.275391
vt 0.482666 0.276367
vt 0.480469 0.287598
vt 0.480957 0.282227
vt 0.481201 0.276855
vt 0.471924 0.276367
vt 0.470703 0.281738
vt 0.471436 0.276367
vt 0.469727 0.287109
vt 0.469238 0.281250
vt 0.465576 0.275391
vt 0.469238 0.292480
vt 0.463379 0.279297
vt 0.458984 0.272949
vt 0.467285 0.286133
vt 0.456787 0.277344
vt 0.452393 0.270020
vt 0.461426 0.283691
vt 0.466797 0.291992
vt 0.461182 0.289062
vt 0.449951 0.274414
vt 0.450928 0.268555
vt 0.454590 0.281738
vt 0.448486 0.273438
vt 0.448975 0.268066
vt 0.446289 0.272461
vt 0.447754 0.279297
vt 0.445801 0.278320
vt 0.443604 0.277344
vt 0.443848 0.282227
vt 0.445557 0.283203
vt 0.444092 0.287598
vt 0.447510 0.283691
vt 0.445312 0.288086
vt 0.445557 0.305176
vt 0.454346 0.286621
vt 0.447266 0.288574
vt 0.446289 0.305664
vt 0.442871 0.305176
vt 0.454102 0.291504
vt 0.446289 0.355957
vt 0.436279 0.307129
vt 0.434082 0.346191
vt 0.461182 0.294922
vt 0.466553 0.297852
vt 0.468994 0.298340
vt 0.432617 0.306152
vt 0.436035 0.306152
vt 0.433594 0.307617
vt 0.428711 0.310059
vt 0.430420 0.344727
vt 0.433105 0.346680
vt 0.431641 0.311035
vt 0.432129 0.343750
vt 0.427490 0.340332
vt 0.430420 0.339844
vt 0.938965 0.636475
vt 0.942871 0.638428
vt 0.941895 0.639160
vt 0.945801 0.640137
vt 0.940430 0.635742
vt 0.937500 0.633301
vt 0.943848 0.638184
vt 0.939941 0.633057
vt 0.937500 0.573486
vt 0.942871 0.635498
vt 0.942383 0.633057
vt 0.939941 0.573730
vt 0.945801 0.635498
vt 0.942383 0.573730
vt 0.940430 0.571045
vt 0.938965 0.570312
vt 0.945801 0.633057
vt 0.942871 0.568359
vt 0.941895 0.567627
vt 0.945801 0.566650
vt 0.942871 0.571289
vt 0.943848 0.568604
vt 0.945801 0.573975
vt 0.945801 0.571533
vt 0.945801 0.568848
vt 0.947266 0.568604
vt 0.948730 0.568359
vt 0.949219 0.567627
vt 0.948730 0.571289
vt 0.950684 0.571045
vt 0.952637 0.570312
vt 0.953613 0.573486
vt 0.948730 0.573730
vt 0.951660 0.573730
vt 0.951660 0.633057
vt 0.953613 0.633301
vt 0.948730 0.633057
vt 0.950684 0.635742
vt 0.952637 0.636475
vt 0.949219 0.639160
vt 0.948730 0.635498
vt 0.948730 0.638428
vt 0.947266 0.638184
vt 0.945801 0.638184
vt 1.004883 0.569092
vt 1.000977 0.567139
vt 1.001953 0.566650
vt 0.998535 0.565674
vt 1.002930 0.569824
vt 1.005859 0.572266
vt 1.000000 0.567627
vt 1.003906 0.572510
vt 1.005859 0.632324
vt 1.000977 0.570068
vt 1.000977 0.572754
vt 1.003906 0.632080
vt 1.000977 0.631836
vt 1.002930 0.634766
vt 1.004883 0.635254
vt 0.998535 0.631836
vt 1.000977 0.637451
vt 1.001953 0.637939
vt 1.000977 0.634277
vt 0.998535 0.638916
vt 1.000000 0.636963
vt 0.998535 0.634277
vt 0.998535 0.636963
vt 0.996582 0.636963
vt 0.995605 0.637451
vt 0.994629 0.637939
vt 0.995605 0.634277
vt 0.993164 0.634766
vt 0.991699 0.635254
vt 0.990723 0.632324
vt 0.995117 0.631836
vt 0.992676 0.632080
vt 0.992676 0.572510
vt 0.990723 0.572266
vt 0.995117 0.572754
vt 0.998535 0.572754
vt 0.993164 0.569824
vt 0.991699 0.569092
vt 0.994629 0.566650
vt 0.995605 0.570068
vt 0.998535 0.570312
vt 0.995605 0.567139
vt 0.996582 0.567627
vt 0.998535 0.567627
vt 1.083008 0.634033
vt 1.086914 0.631836
vt 1.083984 0.634521
vt 1.080078 0.635498
vt 1.084961 0.631348
vt 1.087891 0.628906
vt 1.081055 0.633545
vt 1.085938 0.628662
vt 1.083008 0.630859
vt 1.085938 0.569092
vt 1.087891 0.568848
vt 1.083008 0.628418
vt 1.083008 0.569336
vt 1.084961 0.566406
vt 1.086914 0.565674
vt 1.080078 0.569336
vt 1.083008 0.563721
vt 1.083984 0.563232
vt 1.083008 0.566650
vt 1.080078 0.562256
vt 1.081055 0.564209
vt 1.080078 0.566895
vt 1.080078 0.564209
vt 1.078125 0.564209
vt 1.077148 0.563721
vt 1.076172 0.563232
vt 1.077148 0.566650
vt 1.074219 0.566406
vt 1.073242 0.565674
vt 1.072266 0.568848
vt 1.076172 0.569336
vt 1.074219 0.569092
vt 1.074219 0.628662
vt 1.072266 0.628906
vt 1.076172 0.628418
vt 1.080078 0.628418
vt 1.074219 0.631348
vt 1.073242 0.631836
vt 1.076172 0.634521
vt 1.077148 0.630859
vt 1.077148 0.634033
vt 1.080078 0.630859
vt 1.078125 0.633545
vt 1.080078 0.633545
vt 1.045898 0.630371
vt 1.049805 0.632324
vt 1.048828 0.632812
vt 1.052734 0.633789
vt 1.047852 0.629639
vt 1.044922 0.627197
vt 1.051758 0.631836
vt 1.046875 0.626953
vt 1.044922 0.567139
vt 1.049805 0.629150
vt 1.049805 0.626709
vt 1.046875 0.567383
vt 1.052734 0.629150
vt 1.049805 0.567627
vt 1.047852 0.564697
vt 1.045898 0.563965
vt 1.052734 0.626709
vt 1.049805 0.562012
vt 1.048828 0.561523
vt 1.052734 0.560547
vt 1.049805 0.565186
vt 1.051758 0.562500
vt 1.052734 0.567627
vt 1.052734 0.565186
vt 1.052734 0.562500
vt 1.054688 0.562500
vt 1.055664 0.562012
vt 1.056641 0.561523
vt 1.055664 0.565186
vt 1.058594 0.564697
vt 1.059570 0.563965
vt 1.060547 0.567139
vt 1.056641 0.567627
vt 1.058594 0.567383
vt 1.058594 0.626953
vt 1.060547 0.627197
vt 1.056641 0.626709
vt 1.058594 0.629639
vt 1.059570 0.630371
vt 1.056641 0.632812
vt 1.055664 0.629150
vt 1.055664 0.632324
vt 1.054688 0.631836
vt 1.052734 0.631836
vt 0.510254 0.636475
vt 0.514160 0.638428
vt 0.513184 0.639160
vt 0.517090 0.640137
vt 0.511719 0.635742
vt 0.508789 0.633301
vt 0.515137 0.638184
vt 0.511230 0.633057
vt 0.514160 0.635498
vt 0.511230 0.573730
vt 0.508789 0.573486
vt 0.513672 0.633057
vt 0.513672 0.573730
vt 0.511719 0.571045
vt 0.510254 0.570312
vt 0.514160 0.568359
vt 0.513184 0.567627
vt 0.517090 0.566650
vt 0.514160 0.571289
vt 0.517090 0.573975
vt 0.515137 0.568604
vt 0.517090 0.571533
vt 0.517090 0.568848
vt 0.518555 0.568604
vt 0.520020 0.568359
vt 0.520508 0.567627
vt 0.519531 0.571289
vt 0.521973 0.571045
vt 0.523926 0.570312
vt 0.524902 0.573486
vt 0.520020 0.573730
vt 0.522949 0.573730
vt 0.522949 0.633057
vt 0.524902 0.633301
vt 0.520020 0.633057
vt 0.517090 0.633057
vt 0.521973 0.635742
vt 0.523926 0.636475
vt 0.520508 0.639160
vt 0.519531 0.635498
vt 0.520020 0.638428
vt 0.517090 0.635498
vt 0.518555 0.638184
vt 0.517090 0.638184
vt 0.576660 0.569092
vt 0.572754 0.567139
vt 0.573242 0.566650
vt 0.569824 0.565674
vt 0.574707 0.569824
vt 0.577637 0.572266
vt 0.571289 0.567627
vt 0.575684 0.572510
vt 0.577637 0.632324
vt 0.572754 0.570068
vt 0.572754 0.572754
vt 0.575684 0.632080
vt 0.572754 0.631836
vt 0.574707 0.634766
vt 0.576660 0.635254
vt 0.569824 0.631836
vt 0.572754 0.637451
vt 0.573242 0.637939
vt 0.572754 0.634277
vt 0.569824 0.638916
vt 0.571289 0.636963
vt 0.569824 0.634277
vt 0.569824 0.636963
vt 0.567871 0.636963
vt 0.566895 0.637451
vt 0.565918 0.637939
vt 0.566895 0.634277
vt 0.564453 0.634766
vt 0.562988 0.635254
vt 0.561523 0.632324
vt 0.566406 0.631836
vt 0.563965 0.632080
vt 0.563965 0.572510
vt 0.561523 0.572266
vt 0.566406 0.572754
vt 0.569824 0.572754
vt 0.564453 0.569824
vt 0.562988 0.569092
vt 0.565918 0.566650
vt 0.566895 0.570068
vt 0.566895 0.567139
vt 0.569824 0.570312
vt 0.567871 0.567627
vt 0.569824 0.567627
vt 0.654297 0.634033
vt 0.658203 0.631836
vt 0.655273 0.634521
vt 0.651367 0.635498
vt 0.656250 0.631348
vt 0.659180 0.628906
vt 0.652832 0.633545
vt 0.657227 0.628662
vt 0.659180 0.568848
vt 0.654297 0.630859
vt 0.654297 0.628418
vt 0.657227 0.569092
vt 0.651367 0.630859
vt 0.656250 0.566406
vt 0.658203 0.565674
vt 0.654297 0.569336
vt 0.654297 0.563721
vt 0.655273 0.563232
vt 0.651367 0.562256
vt 0.654297 0.566650
vt 0.651367 0.569336
vt 0.652832 0.564209
vt 0.651367 0.566895
vt 0.651367 0.564209
vt 0.649902 0.564209
vt 0.648438 0.563721
vt 0.647461 0.563232
vt 0.648438 0.566650
vt 0.645996 0.566406
vt 0.644531 0.565674
vt 0.643555 0.568848
vt 0.647949 0.569336
vt 0.645508 0.569092
vt 0.645508 0.628662
vt 0.643555 0.628906
vt 0.647949 0.628418
vt 0.651367 0.628418
vt 0.645996 0.631348
vt 0.644531 0.631836
vt 0.647461 0.634521
vt 0.648438 0.630859
vt 0.648438 0.634033
vt 0.649902 0.633545
vt 0.651367 0.633545
vt 0.617676 0.630371
vt 0.621582 0.632324
vt 0.620605 0.632812
vt 0.624512 0.633789
vt 0.619141 0.629639
vt 0.616699 0.627197
vt 0.623047 0.631836
vt 0.618652 0.626953
vt 0.616699 0.567139
vt 0.621582 0.629150
vt 0.621094 0.626709
vt 0.618652 0.567383
vt 0.624512 0.629150
vt 0.621094 0.567627
vt 0.619141 0.564697
vt 0.617676 0.563965
vt 0.624512 0.626709
vt 0.621582 0.562012
vt 0.620605 0.561523
vt 0.624512 0.560547
vt 0.621582 0.565186
vt 0.623047 0.562500
vt 0.624512 0.567627
vt 0.624512 0.565186
vt 0.624512 0.562500
vt 0.625977 0.562500
vt 0.627441 0.562012
vt 0.628418 0.561523
vt 0.627441 0.565186
vt 0.629883 0.564697
vt 0.631348 0.563965
vt 0.632324 0.567139
vt 0.627930 0.567627
vt 0.630371 0.567383
vt 0.630371 0.626953
vt 0.632324 0.627197
vt 0.627930 0.626709
vt 0.629883 0.629639
vt 0.631348 0.630371
vt 0.628418 0.632812
vt 0.627441 0.629150
vt 0.627441 0.632324
vt 0.625977 0.631836
vt 0.624512 0.631836
vt 0.989746 0.016602
vt 0.989746 0.975433
vt 0.580078 0.975433
vt 0.580078 0.016602
vt 0.989746 0.975433
vt 0.989746 0.016602
vt 0.580078 0.975433
vt 0.580078 0.016602
vt1 0.020233 0.383301
vt1 0.052338 0.388672
vt1 0.025085 0.388184
vt1 0.053955 0.383301
vt1 0.065369 0.395996
vt1 0.063599 0.399414
vt1 0.075378 0.397461
vt1 0.074951 0.401367
vt1 0.078918 0.401367
vt1 0.066223 0.395020
vt1 0.078369 0.397461
vt1 0.075745 0.395996
vt1 0.079895 0.396973
vt1 0.081299 0.400391
vt1 0.078430 0.395996
vt1 0.084290 0.393555
vt1 0.085815 0.397461
vt1 0.080566 0.394531
vt1 0.076477 0.391113
vt1 0.086243 0.392578
vt1 0.086853 0.396484
vt1 0.117615 0.396484
vt1 0.068542 0.390625
vt1 0.117981 0.392578
vt1 0.059814 0.381836
vt1 0.086243 0.391113
vt1 0.120239 0.393555
vt1 0.119080 0.396973
vt1 0.126465 0.400391
vt1 0.083740 0.391113
vt1 0.127563 0.396973
vt1 0.128906 0.401367
vt1 0.080750 0.388184
vt1 0.129395 0.397461
vt1 0.306885 0.401367
vt1 0.079285 0.389160
vt1 0.085144 0.385742
vt1 0.079651 0.387207
vt1 0.081360 0.385742
vt1 0.076904 0.389160
vt1 0.085449 0.383301
vt1 0.082886 0.378418
vt1 0.081055 0.375977
vt1 0.086792 0.385254
vt1 0.087036 0.382812
vt1 0.084106 0.376953
vt1 0.117859 0.391113
vt1 0.117371 0.385254
vt1 0.120422 0.391113
vt1 0.119080 0.386230
vt1 0.117188 0.383301
vt1 0.127441 0.395020
vt1 0.118896 0.383789
vt1 0.116943 0.376953
vt1 0.119080 0.378418
vt1 0.125854 0.386230
vt1 0.127563 0.389160
vt1 0.119080 0.375488
vt1 0.129272 0.387695
vt1 0.129517 0.389648
vt1 0.129517 0.395508
vt1 0.306885 0.389648
vt1 0.306885 0.395996
vt1 0.306885 0.397461
vt1 0.484375 0.401855
vt1 0.484375 0.397949
vt1 0.662109 0.401367
vt1 0.484375 0.395996
vt1 0.484375 0.390137
vt1 0.661621 0.395996
vt1 0.661621 0.390137
vt1 0.484619 0.388184
vt1 0.661621 0.397949
vt1 0.664062 0.395508
vt1 0.663574 0.397461
vt1 0.664551 0.400879
vt1 0.670898 0.394043
vt1 0.672363 0.397461
vt1 0.673828 0.396973
vt1 0.663574 0.390137
vt1 0.670898 0.391602
vt1 0.673340 0.393066
vt1 0.673340 0.391602
vt1 0.705078 0.393066
vt1 0.704590 0.396973
vt1 0.705566 0.397461
vt1 0.672363 0.386719
vt1 0.707031 0.393555
vt1 0.709961 0.400391
vt1 0.705078 0.391113
vt1 0.711426 0.396973
vt1 0.712402 0.401367
vt1 0.707520 0.391113
vt1 0.710938 0.394531
vt1 0.712891 0.397461
vt1 0.706055 0.385742
vt1 0.715820 0.397461
vt1 0.716309 0.401367
vt1 0.712891 0.395996
vt1 0.715332 0.395996
vt1 0.726074 0.395996
vt1 0.727539 0.398926
vt1 0.738770 0.388184
vt1 0.725098 0.394531
vt1 0.737305 0.382812
vt1 0.766113 0.387695
vt1 0.770996 0.382812
vt1 0.722656 0.390137
vt1 0.735840 0.382324
vt1 0.714844 0.390625
vt1 0.731445 0.381348
vt1 0.722168 0.388672
vt1 0.711914 0.389160
vt1 0.714355 0.389160
vt1 0.710449 0.388184
vt1 0.711426 0.386719
vt1 0.709961 0.385254
vt1 0.706055 0.383301
vt1 0.708496 0.378418
vt1 0.710449 0.375488
vt1 0.704590 0.385254
vt1 0.704590 0.382812
vt1 0.673828 0.386230
vt1 0.707520 0.376953
vt1 0.674316 0.383789
vt1 0.672363 0.384277
vt1 0.665527 0.386719
vt1 0.672363 0.379395
vt1 0.674805 0.377930
vt1 0.672852 0.376953
vt1 0.662109 0.388672
vt1 0.674805 0.375977
vt1 0.708496 0.375000
vt1 0.673340 0.369141
vt1 0.675293 0.366699
vt1 0.729492 0.228516
vt1 0.675781 0.347168
vt1 0.729980 0.380859
vt1 0.730957 0.228516
vt1 0.735840 0.228516
vt1 0.729492 0.076172
vt1 0.737305 0.228516
vt1 0.769043 0.383301
vt1 0.769043 0.228516
vt1 0.768555 0.073242
vt1 0.769043 0.228516
vt1 0.736816 0.073730
vt1 0.765625 0.068848
vt1 0.770996 0.073730
vt1 0.738281 0.068359
vt1 0.735840 0.074219
vt1 0.730957 0.075684
vt1 0.724121 0.062500
vt1 0.725098 0.061523
vt1 0.726562 0.058594
vt1 0.715332 0.056152
vt1 0.714844 0.060059
vt1 0.711426 0.056152
vt1 0.721680 0.067383
vt1 0.711914 0.060059
vt1 0.714355 0.061523
vt1 0.710449 0.060547
vt1 0.708984 0.057129
vt1 0.711914 0.061523
vt1 0.713867 0.066895
vt1 0.721191 0.068848
vt1 0.713379 0.068359
vt1 0.710938 0.068359
vt1 0.709473 0.062988
vt1 0.705566 0.063965
vt1 0.704102 0.060059
vt1 0.708984 0.069336
vt1 0.703613 0.064941
vt1 0.703125 0.060547
vt1 0.672363 0.060547
vt1 0.706055 0.066406
vt1 0.703613 0.066406
vt1 0.671875 0.064453
vt1 0.704590 0.071777
vt1 0.671875 0.066406
vt1 0.669922 0.063965
vt1 0.670898 0.060059
vt1 0.663574 0.056641
vt1 0.703125 0.072266
vt1 0.662598 0.060059
vt1 0.661133 0.055664
vt1 0.669434 0.065918
vt1 0.660645 0.059570
vt1 0.662598 0.062012
vt1 0.483398 0.059570
vt1 0.483398 0.055664
vt1 0.660645 0.061035
vt1 0.305908 0.059570
vt1 0.305908 0.055664
vt1 0.483154 0.061035
vt1 0.660645 0.067383
vt1 0.128418 0.059570
vt1 0.128052 0.055664
vt1 0.305908 0.061035
vt1 0.483154 0.066895
vt1 0.126709 0.060059
vt1 0.125610 0.056641
vt1 0.128540 0.061523
vt1 0.119507 0.063965
vt1 0.118347 0.060059
vt1 0.126587 0.062012
vt1 0.116943 0.060547
vt1 0.305664 0.066895
vt1 0.128418 0.067383
vt1 0.483154 0.068848
vt1 0.305420 0.068848
vt1 0.126587 0.067871
vt1 0.127808 0.069336
vt1 0.119751 0.065918
vt1 0.118347 0.071289
vt1 0.117249 0.065918
vt1 0.117432 0.064453
vt1 0.124756 0.070801
vt1 0.085815 0.065918
vt1 0.086365 0.061523
vt1 0.085632 0.061035
vt1 0.085754 0.067383
vt1 0.083984 0.064941
vt1 0.081360 0.058105
vt1 0.086365 0.073242
vt1 0.079834 0.061523
vt1 0.079041 0.057129
vt1 0.083374 0.066895
vt1 0.078430 0.060547
vt1 0.080383 0.063965
vt1 0.078430 0.062012
vt1 0.075439 0.060547
vt1 0.075073 0.056641
vt1 0.063721 0.058594
vt1 0.075745 0.062012
vt1 0.065491 0.061523
vt1 0.052399 0.068848
vt1 0.020233 0.074219
vt1 0.025131 0.069336
vt1 0.053955 0.074219
vt1 0.066284 0.062988
vt1 0.055176 0.074707
vt1 0.068542 0.067383
vt1 0.053894 0.229004
vt1 0.022171 0.073730
vt1 0.021790 0.229004
vt1 0.022156 0.383789
vt1 0.055206 0.382812
vt1 0.055267 0.229004
vt1 0.059784 0.076172
vt1 0.060394 0.229004
vt1 0.061340 0.381348
vt1 0.061279 0.076660
vt1 0.068970 0.389160
vt1 0.062500 0.229004
vt1 0.068909 0.068848
vt1 0.083435 0.375000
vt1 0.076416 0.067383
vt1 0.116699 0.375000
vt1 0.118591 0.229004
vt1 0.079163 0.068848
vt1 0.076782 0.068848
vt1 0.080566 0.070312
vt1 0.079407 0.071289
vt1 0.080627 0.082031
vt1 0.084778 0.072266
vt1 0.081055 0.072754
vt1 0.082458 0.079590
vt1 0.085022 0.074707
vt1 0.086548 0.075195
vt1 0.083618 0.081055
vt1 0.082947 0.083008
vt1 0.116150 0.082520
vt1 0.116394 0.080078
vt1 0.118469 0.082031
vt1 0.116760 0.071777
vt1 0.116577 0.074219
vt1 0.118164 0.073730
vt1 0.118469 0.079102
vt1 0.135254 0.153320
vt1 0.138184 0.152344
vt1 0.126221 0.162109
vt1 0.305176 0.151855
vt1 0.124878 0.165039
vt1 0.127930 0.163086
vt1 0.136108 0.155273
vt1 0.138916 0.154297
vt1 0.482666 0.151855
vt1 0.305176 0.153809
vt1 0.140015 0.159180
vt1 0.139038 0.159668
vt1 0.305176 0.159668
vt1 0.132324 0.166016
vt1 0.482422 0.153809
vt1 0.482178 0.159180
vt1 0.126709 0.166016
vt1 0.131958 0.166992
vt1 0.650879 0.153809
vt1 0.649414 0.158691
vt1 0.649902 0.159180
vt1 0.651367 0.152344
vt1 0.652832 0.154785
vt1 0.654785 0.155762
vt1 0.650879 0.159668
vt1 0.650879 0.161133
vt1 0.654297 0.153320
vt1 0.661133 0.068848
vt1 0.656738 0.154297
vt1 0.655762 0.158203
vt1 0.650879 0.162598
vt1 0.657715 0.156738
vt1 0.670410 0.081543
vt1 0.662598 0.067871
vt1 0.664062 0.070801
vt1 0.670898 0.071289
vt1 0.670898 0.073730
vt1 0.672363 0.071777
vt1 0.670410 0.078613
vt1 0.672852 0.074219
vt1 0.702637 0.074707
vt1 0.672852 0.080078
vt1 0.704590 0.074219
vt1 0.705566 0.080566
vt1 0.708496 0.072266
vt1 0.707031 0.079102
vt1 0.710449 0.070801
vt1 0.708984 0.082031
vt1 0.706055 0.082520
vt1 0.672852 0.082520
vt1 0.672363 0.168945
vt1 0.669434 0.166504
vt1 0.659180 0.159180
vt1 0.656738 0.160156
vt1 0.661621 0.166016
vt1 0.659668 0.164551
vt1 0.658203 0.166992
vt1 0.659668 0.167480
vt1 0.667969 0.167969
vt1 0.654297 0.170898
vt1 0.657715 0.171387
vt1 0.657227 0.188965
vt1 0.656250 0.229004
vt1 0.666016 0.170898
vt1 0.660156 0.187988
vt1 0.670410 0.170410
vt1 0.668457 0.187012
vt1 0.668457 0.171875
vt1 0.669922 0.185547
vt1 0.672363 0.187012
vt1 0.674316 0.188477
vt1 0.670898 0.189453
vt1 0.675781 0.229492
vt1 0.672852 0.190918
vt1 0.662598 0.190918
vt1 0.665039 0.191895
vt1 0.666016 0.229492
vt1 0.661621 0.191406
vt1 0.664062 0.193359
vt1 0.663086 0.229004
vt1 0.664551 0.229492
vt1 0.665527 0.342285
vt1 0.674316 0.344727
vt1 0.666992 0.343750
vt1 0.664062 0.344238
vt1 0.665039 0.344727
vt1 0.672852 0.346191
vt1 0.662109 0.348145
vt1 0.674316 0.348633
vt1 0.670410 0.348633
vt1 0.659668 0.346680
vt1 0.657227 0.373535
vt1 0.661621 0.364746
vt1 0.659180 0.365234
vt1 0.662598 0.368652
vt1 0.661621 0.375977
vt1 0.669922 0.365234
vt1 0.659668 0.377441
vt1 0.656250 0.374512
vt1 0.663574 0.368652
vt1 0.664062 0.371094
vt1 0.663086 0.376465
vt1 0.665527 0.369629
vt1 0.671875 0.367676
vt1 0.661133 0.378906
vt1 0.673828 0.365234
vt1 0.671875 0.363770
vt1 0.672363 0.350098
vt1 0.659668 0.381348
vt1 0.658203 0.379395
vt1 0.655273 0.375000
vt1 0.653809 0.375488
vt1 0.656738 0.381836
vt1 0.655762 0.380371
vt1 0.653809 0.382812
vt1 0.653320 0.380859
vt1 0.652344 0.375488
vt1 0.484375 0.375000
vt1 0.484619 0.382324
vt1 0.484375 0.380371
vt1 0.307129 0.374512
vt1 0.306885 0.380371
vt1 0.141479 0.374512
vt1 0.306885 0.388184
vt1 0.306885 0.382324
vt1 0.140381 0.379883
vt1 0.140137 0.374023
vt1 0.139648 0.381836
vt1 0.137329 0.378906
vt1 0.132446 0.368652
vt1 0.136475 0.380371
vt1 0.126465 0.372559
vt1 0.128296 0.372070
vt1 0.125122 0.370117
vt1 0.126953 0.369141
vt1 0.132080 0.367676
vt1 0.124878 0.228516
vt1 0.126709 0.228516
vt1 0.132202 0.228516
vt1 0.061188 0.775879
vt1 0.049744 0.765625
vt1 0.062988 0.772827
vt1 0.051270 0.760376
vt1 0.072937 0.774414
vt1 0.072510 0.778320
vt1 0.076416 0.778076
vt1 0.063782 0.771729
vt1 0.052399 0.759766
vt1 0.051147 0.605713
vt1 0.075989 0.774292
vt1 0.052429 0.605713
vt1 0.077515 0.773682
vt1 0.078796 0.777222
vt1 0.073303 0.772705
vt1 0.076111 0.772827
vt1 0.081909 0.770508
vt1 0.083435 0.774292
vt1 0.078186 0.771240
vt1 0.074036 0.767578
vt1 0.083862 0.769775
vt1 0.084412 0.773804
vt1 0.115173 0.773926
vt1 0.066040 0.767090
vt1 0.115601 0.770020
vt1 0.116638 0.774536
vt1 0.057037 0.758423
vt1 0.117798 0.770752
vt1 0.124084 0.777954
vt1 0.115417 0.768677
vt1 0.125122 0.774292
vt1 0.083801 0.767944
vt1 0.127075 0.774902
vt1 0.126587 0.778687
vt1 0.081360 0.768066
vt1 0.082642 0.762817
vt1 0.078308 0.764893
vt1 0.076843 0.765991
vt1 0.084290 0.761963
vt1 0.074402 0.765869
vt1 0.082886 0.760132
vt1 0.077148 0.763794
vt1 0.078857 0.762329
vt1 0.080139 0.755371
vt1 0.078186 0.752563
vt1 0.066467 0.765625
vt1 0.084412 0.759766
vt1 0.058624 0.757812
vt1 0.114807 0.762939
vt1 0.057037 0.605713
vt1 0.058350 0.605713
vt1 0.056976 0.453125
vt1 0.081299 0.753906
vt1 0.058533 0.453613
vt1 0.052368 0.451660
vt1 0.051239 0.451172
vt1 0.066345 0.445801
vt1 0.063538 0.439453
vt1 0.065857 0.444336
vt1 0.062683 0.438477
vt1 0.049622 0.445801
vt1 0.060913 0.435547
vt1 0.072632 0.437012
vt1 0.072205 0.433105
vt1 0.076111 0.433105
vt1 0.073059 0.438477
vt1 0.075684 0.437012
vt1 0.077209 0.437500
vt1 0.078491 0.434082
vt1 0.075745 0.438477
vt1 0.073853 0.443848
vt1 0.081604 0.440918
vt1 0.083069 0.437012
vt1 0.077881 0.439941
vt1 0.076660 0.445312
vt1 0.074341 0.445312
vt1 0.078125 0.446777
vt1 0.077087 0.447754
vt1 0.081055 0.443359
vt1 0.078430 0.458984
vt1 0.078796 0.449219
vt1 0.082520 0.448730
vt1 0.083557 0.443359
vt1 0.080322 0.456055
vt1 0.082825 0.451172
vt1 0.084229 0.449707
vt1 0.084473 0.451660
vt1 0.081543 0.457520
vt1 0.080872 0.459961
vt1 0.114502 0.457031
vt1 0.114380 0.458984
vt1 0.114868 0.545654
vt1 0.114563 0.451172
vt1 0.114746 0.448730
vt1 0.116638 0.455566
vt1 0.116333 0.450684
vt1 0.115173 0.442871
vt1 0.116455 0.448242
vt1 0.123169 0.447754
vt1 0.116882 0.458496
vt1 0.124878 0.444824
vt1 0.117676 0.543213
vt1 0.117737 0.442871
vt1 0.126343 0.445801
vt1 0.124695 0.438965
vt1 0.130371 0.531006
vt1 0.126831 0.444336
vt1 0.129150 0.533447
vt1 0.132935 0.530029
vt1 0.132080 0.532715
vt1 0.128052 0.536133
vt1 0.131226 0.534912
vt1 0.136108 0.537842
vt1 0.136108 0.536377
vt1 0.135986 0.539062
vt1 0.134155 0.531494
vt1 0.136963 0.535889
vt1 0.135620 0.528809
vt1 0.136230 0.530518
vt1 0.137817 0.535400
vt1 0.304443 0.445801
vt1 0.304688 0.528809
vt1 0.304932 0.530762
vt1 0.305176 0.536133
vt1 0.482178 0.531006
vt1 0.482178 0.536377
vt1 0.482178 0.529053
vt1 0.648438 0.531250
vt1 0.647461 0.536377
vt1 0.648438 0.536865
vt1 0.482178 0.445801
vt1 0.649414 0.529297
vt1 0.651367 0.532227
vt1 0.659668 0.540039
vt1 0.655762 0.543213
vt1 0.652344 0.530518
vt1 0.659668 0.446289
vt1 0.661133 0.542725
vt1 0.656250 0.543945
vt1 0.661621 0.539062
vt1 0.661621 0.605713
vt1 0.655762 0.605713
vt1 0.656250 0.744873
vt1 0.663086 0.541992
vt1 0.663574 0.605713
vt1 0.661621 0.746094
vt1 0.656250 0.745605
vt1 0.669434 0.458984
vt1 0.660156 0.748779
vt1 0.648926 0.751465
vt1 0.663574 0.747070
vt1 0.669434 0.605713
vt1 0.662109 0.749756
vt1 0.651367 0.756104
vt1 0.647461 0.751953
vt1 0.669922 0.752563
vt1 0.652344 0.757690
vt1 0.648438 0.757202
vt1 0.481934 0.751953
vt1 0.649414 0.759033
vt1 0.659668 0.764893
vt1 0.482178 0.759521
vt1 0.481934 0.757568
vt1 0.304688 0.752197
vt1 0.482178 0.765259
vt1 0.304443 0.757690
vt1 0.136475 0.752563
vt1 0.304443 0.759644
vt1 0.135498 0.757935
vt1 0.135010 0.752319
vt1 0.135010 0.759766
vt1 0.133057 0.757202
vt1 0.130615 0.756470
vt1 0.133423 0.751953
vt1 0.132324 0.751343
vt1 0.132080 0.759033
vt1 0.304443 0.765381
vt1 0.126587 0.765625
vt1 0.129150 0.758179
vt1 0.127441 0.755737
vt1 0.128906 0.754639
vt1 0.131226 0.750610
vt1 0.125732 0.753296
vt1 0.127197 0.752808
vt1 0.116089 0.753784
vt1 0.124634 0.748291
vt1 0.125854 0.745850
vt1 0.122986 0.746826
vt1 0.124878 0.745605
vt1 0.129272 0.742188
vt1 0.128662 0.723877
vt1 0.126709 0.741699
vt1 0.129883 0.606689
vt1 0.118591 0.741943
vt1 0.125977 0.724854
vt1 0.116821 0.744629
vt1 0.115417 0.746338
vt1 0.124451 0.721436
vt1 0.117737 0.725342
vt1 0.123535 0.721680
vt1 0.124939 0.606201
vt1 0.122864 0.719238
vt1 0.115662 0.723145
vt1 0.121460 0.720703
vt1 0.123230 0.605957
vt1 0.113953 0.721680
vt1 0.121643 0.605957
vt1 0.123657 0.570312
vt1 0.125610 0.568115
vt1 0.130005 0.565918
vt1 0.124634 0.567871
vt1 0.127319 0.564697
vt1 0.132812 0.547852
vt1 0.129517 0.548096
vt1 0.128784 0.543945
vt1 0.130249 0.536865
vt1 0.127197 0.541260
vt1 0.127563 0.544189
vt1 0.125488 0.542725
vt1 0.119141 0.544922
vt1 0.120911 0.547363
vt1 0.118958 0.563965
vt1 0.116760 0.547119
vt1 0.118835 0.548584
vt1 0.117249 0.562500
vt1 0.115051 0.563721
vt1 0.116699 0.566162
vt1 0.113342 0.565186
vt1 0.122375 0.568848
vt1 0.114746 0.567627
vt1 0.112000 0.605957
vt1 0.112488 0.724121
vt1 0.080322 0.751709
vt1 0.114014 0.725586
vt1 0.113342 0.743652
vt1 0.113770 0.752930
vt1 0.116089 0.727051
vt1 0.114868 0.742432
vt1 0.116760 0.740967
vt1 0.114136 0.755005
vt1 0.114502 0.760986
vt1 0.116272 0.756470
vt1 0.116272 0.761353
vt1 0.123230 0.763916
vt1 0.116577 0.763672
vt1 0.125000 0.766968
vt1 0.118042 0.768799
vt1 0.126953 0.767212
vt1 0.125000 0.772705
vt1 0.127075 0.773315
vt1 0.304688 0.773193
vt1 0.304443 0.767212
vt1 0.482178 0.766968
vt1 0.482178 0.773193
vt1 0.304443 0.774902
vt1 0.304443 0.778809
vt1 0.482178 0.774780
vt1 0.482178 0.778687
vt1 0.659668 0.772949
vt1 0.659668 0.774658
vt1 0.660156 0.778442
vt1 0.662598 0.777588
vt1 0.659668 0.766602
vt1 0.661621 0.772217
vt1 0.661621 0.773926
vt1 0.668945 0.770264
vt1 0.669922 0.774048
vt1 0.661621 0.766357
vt1 0.668457 0.768188
vt1 0.670898 0.769653
vt1 0.671387 0.773560
vt1 0.702148 0.773560
vt1 0.670898 0.768066
vt1 0.702637 0.769531
vt1 0.703125 0.774048
vt1 0.702637 0.767700
vt1 0.704590 0.770386
vt1 0.707520 0.777222
vt1 0.669922 0.763062
vt1 0.708984 0.773682
vt1 0.663086 0.763184
vt1 0.669922 0.760498
vt1 0.669922 0.755493
vt1 0.671387 0.762207
vt1 0.671875 0.760132
vt1 0.671875 0.754150
vt1 0.702148 0.761841
vt1 0.701660 0.759766
vt1 0.672363 0.751831
vt1 0.704590 0.753784
vt1 0.703613 0.760132
vt1 0.705566 0.751587
vt1 0.706055 0.755371
vt1 0.708008 0.752563
vt1 0.703613 0.762695
vt1 0.707520 0.762329
vt1 0.705078 0.767944
vt1 0.708008 0.764893
vt1 0.708984 0.763794
vt1 0.708496 0.771240
vt1 0.709473 0.765991
vt1 0.711914 0.765991
vt1 0.710449 0.772827
vt1 0.710449 0.774414
vt1 0.709961 0.778198
vt1 0.713867 0.778442
vt1 0.712402 0.767700
vt1 0.712891 0.772827
vt1 0.713379 0.774536
vt1 0.725098 0.776001
vt1 0.720215 0.767334
vt1 0.723145 0.773071
vt1 0.735840 0.765259
vt1 0.734375 0.760010
vt1 0.722656 0.771973
vt1 0.732910 0.759521
vt1 0.734375 0.605469
vt1 0.728516 0.758179
vt1 0.719727 0.765747
vt1 0.732910 0.605469
vt1 0.727051 0.757690
vt1 0.732910 0.451660
vt1 0.733887 0.451172
vt1 0.728027 0.605713
vt1 0.728516 0.453125
vt1 0.722168 0.439453
vt1 0.722656 0.437988
vt1 0.735840 0.445801
vt1 0.724609 0.435059
vt1 0.712891 0.436523
vt1 0.713379 0.433105
vt1 0.712402 0.438477
vt1 0.709961 0.437012
vt1 0.709473 0.433105
vt1 0.707031 0.434082
vt1 0.719727 0.443848
vt1 0.709961 0.438477
vt1 0.708496 0.437500
vt1 0.711914 0.443848
vt1 0.719238 0.445312
vt1 0.727051 0.453613
vt1 0.711426 0.445312
vt1 0.725586 0.605713
vt1 0.705078 0.459473
vt1 0.671875 0.459473
vt1 0.707520 0.458984
vt1 0.704102 0.457520
vt1 0.671387 0.457520
vt1 0.708496 0.447754
vt1 0.705566 0.456055
vt1 0.701172 0.451660
vt1 0.708984 0.445312
vt1 0.707031 0.449219
vt1 0.708008 0.439941
vt1 0.707520 0.446289
vt1 0.704102 0.440918
vt1 0.702637 0.437500
vt1 0.704590 0.443359
vt1 0.703125 0.448730
vt1 0.703125 0.451172
vt1 0.702148 0.443359
vt1 0.701660 0.449707
vt1 0.702148 0.441895
vt1 0.701660 0.437988
vt1 0.670410 0.441895
vt1 0.670898 0.437988
vt1 0.669434 0.437500
vt1 0.670898 0.443359
vt1 0.668457 0.440918
vt1 0.662109 0.433594
vt1 0.671387 0.449219
vt1 0.661133 0.437500
vt1 0.671387 0.451172
vt1 0.659180 0.436523
vt1 0.659668 0.433105
vt1 0.481934 0.432617
vt1 0.669434 0.456055
vt1 0.669922 0.450684
vt1 0.663086 0.448242
vt1 0.669434 0.448242
vt1 0.661133 0.444824
vt1 0.667969 0.443359
vt1 0.659180 0.444824
vt1 0.661133 0.438965
vt1 0.481934 0.444336
vt1 0.659180 0.438477
vt1 0.481934 0.436523
vt1 0.304199 0.432617
vt1 0.481934 0.437988
vt1 0.304443 0.443848
vt1 0.304199 0.436523
vt1 0.126221 0.432617
vt1 0.304199 0.437988
vt1 0.126709 0.436523
vt1 0.123657 0.433594
vt1 0.126831 0.437988
vt1 0.124817 0.437012
vt1 0.117493 0.440918
vt1 0.116272 0.437012
vt1 0.115295 0.441406
vt1 0.114868 0.437500
vt1 0.083557 0.441895
vt1 0.084106 0.437500
vt1 0.950195 0.899536
vt1 0.950195 0.909973
vt1 0.948730 0.899536
vt1 0.948730 0.911072
vt1 0.925293 0.899536
vt1 0.925293 0.911072
vt1 0.923828 0.909973
vt1 0.923828 0.899536
vt1 0.898926 0.859619
vt1 0.898438 0.868408
vt1 0.897461 0.868042
vt1 0.897461 0.859253
vt1 0.892578 0.868042
vt1 0.892578 0.859253
vt1 0.891602 0.859619
vt1 0.891602 0.868408
vt1 0.878418 0.721191
vt1 0.870605 0.721191
vt1 0.878418 0.720215
vt1 0.870605 0.720215
vt1 0.878418 0.715088
vt1 0.870605 0.715088
vt1 0.870605 0.714111
vt1 0.878418 0.714111
vt1 0.979492 0.864258
vt1 0.970703 0.864258
vt1 0.979004 0.863159
vt1 0.970215 0.863159
vt1 0.979004 0.858276
vt1 0.970215 0.858276
vt1 0.970703 0.857178
vt1 0.979492 0.857178
vt1 0.905273 0.825073
vt1 0.905273 0.814697
vt1 0.907227 0.825073
vt1 0.907227 0.813599
vt1 0.930664 0.825073
vt1 0.930664 0.813599
vt1 0.932129 0.814697
vt1 0.932129 0.825073
vt1 0.937012 0.856079
vt1 0.937012 0.864868
vt1 0.935547 0.864502
vt1 0.935547 0.855591
vt1 0.930664 0.864502
vt1 0.930664 0.855591
vt1 0.929688 0.856079
vt1 0.929688 0.864746
vt1 0.828613 0.804688
vt1 0.819824 0.804688
vt1 0.828125 0.803589
vt1 0.819336 0.803589
vt1 0.828125 0.798584
vt1 0.819336 0.798584
vt1 0.819824 0.797485
vt1 0.828613 0.797485
vt1 0.045197 0.893616
vt1 0.478027 0.893677
vt1 0.477539 0.895081
vt1 0.045685 0.895020
vt1 0.472900 0.899109
vt1 0.049713 0.899109
vt1 0.051941 0.901733
vt1 0.470703 0.901733
vt1 0.470459 0.902527
vt1 0.052124 0.902527
vt1 0.853027 0.869385
vt1 0.854492 0.859009
vt1 0.854492 0.869141
vt1 0.853027 0.857910
vt1 0.829590 0.869263
vt1 0.829590 0.857788
vt1 0.828125 0.858887
vt1 0.828125 0.869019
vt1 0.807129 0.964569
vt1 0.799805 0.963440
vt1 0.807129 0.963470
vt1 0.799805 0.964569
vt1 0.807129 0.969543
vt1 0.799805 0.969528
vt1 0.799805 0.970642
vt1 0.807129 0.970657
vt1 0.894531 0.650146
vt1 0.895996 0.639893
vt1 0.895996 0.649902
vt1 0.894531 0.638672
vt1 0.871094 0.649902
vt1 0.871094 0.638428
vt1 0.869629 0.639648
vt1 0.869629 0.649658
vt1 0.872070 0.801025
vt1 0.864258 0.799927
vt1 0.872070 0.799927
vt1 0.864258 0.801025
vt1 0.872070 0.806030
vt1 0.864258 0.806030
vt1 0.864258 0.807129
vt1 0.872070 0.807129
vt1 0.880859 0.684570
vt1 0.879395 0.676758
vt1 0.880859 0.676758
vt1 0.879883 0.684570
vt1 0.874512 0.676758
vt1 0.874512 0.684570
vt1 0.873535 0.684570
vt1 0.873535 0.676758
vt1 0.478027 0.918457
vt1 0.045715 0.919800
vt1 0.045197 0.918396
vt1 0.477539 0.919800
vt1 0.050323 0.923889
vt1 0.473389 0.923889
vt1 0.471191 0.926453
vt1 0.052460 0.926453
vt1 0.052643 0.927246
vt1 0.471191 0.927246
vt1 0.855957 0.911011
vt1 0.881348 0.911011
vt1 0.877441 0.918762
vt1 0.855957 0.918762
vt1 0.876953 0.919800
vt1 0.878418 0.919678
vt1 0.856445 0.919800
vt1 0.854980 0.919678
vt1 0.854980 0.924866
vt1 0.856445 0.924683
vt1 0.855957 0.925720
vt1 0.876953 0.924744
vt1 0.878418 0.924866
vt1 0.877441 0.925781
vt1 0.855957 0.933472
vt1 0.881348 0.933533
vt1 0.948730 0.951263
vt1 0.948730 0.976486
vt1 0.940918 0.955292
vt1 0.940918 0.976532
vt1 0.939941 0.955658
vt1 0.940430 0.954376
vt1 0.939941 0.976410
vt1 0.940430 0.977463
vt1 0.935059 0.977463
vt1 0.935059 0.976410
vt1 0.934082 0.976532
vt1 0.935059 0.955658
vt1 0.935059 0.954376
vt1 0.934082 0.955292
vt1 0.926270 0.976486
vt1 0.926270 0.951263
vt1 0.773926 0.821411
vt1 0.748535 0.821533
vt1 0.752441 0.813721
vt1 0.773926 0.813721
vt1 0.752930 0.812622
vt1 0.751465 0.812744
vt1 0.773926 0.812622
vt1 0.774902 0.812744
vt1 0.774902 0.807617
vt1 0.773926 0.807739
vt1 0.773926 0.806763
vt1 0.752930 0.807739
vt1 0.751465 0.807617
vt1 0.752441 0.806763
vt1 0.773926 0.798950
vt1 0.748535 0.798950
vt1 0.920410 0.759277
vt1 0.920410 0.784424
vt1 0.912598 0.763184
vt1 0.912598 0.784424
vt1 0.911621 0.763550
vt1 0.911621 0.762329
vt1 0.911621 0.784302
vt1 0.911621 0.785400
vt1 0.906250 0.785400
vt1 0.906738 0.784302
vt1 0.905762 0.784424
vt1 0.906738 0.763550
vt1 0.906250 0.762329
vt1 0.905762 0.763184
vt1 0.897949 0.784424
vt1 0.897949 0.759277
vt1 0.898926 0.609619
vt1 0.898926 0.579590
vt1 0.900391 0.609375
vt1 0.900391 0.579346
vt1 0.901367 0.579346
vt1 0.901367 0.608887
vt1 0.905762 0.608154
vt1 0.900879 0.578613
vt1 0.897949 0.574707
vt1 0.905762 0.578369
vt1 0.906738 0.607910
vt1 0.905273 0.577393
vt1 0.906738 0.577148
vt1 0.909668 0.609375
vt1 0.900879 0.573730
vt1 0.901367 0.573242
vt1 0.898438 0.574707
vt1 0.897949 0.571777
vt1 0.896973 0.572021
vt1 0.895996 0.572021
vt1 0.896484 0.571289
vt1 0.897461 0.571045
vt1 0.896484 0.151367
vt1 0.898438 0.571045
vt1 0.897461 0.151855
vt1 0.896484 0.150391
vt1 0.895996 0.150879
vt1 0.897461 0.147949
vt1 0.898438 0.151367
vt1 0.898438 0.147949
vt1 0.897949 0.150879
vt1 0.901367 0.148926
vt1 0.900391 0.148438
vt1 0.900391 0.143066
vt1 0.899414 0.143066
vt1 0.904785 0.144043
vt1 0.906250 0.144043
vt1 0.900391 0.142578
vt1 0.905273 0.143066
vt1 0.909668 0.101562
vt1 0.913086 0.610596
vt1 0.905762 0.105957
vt1 0.913086 0.100098
vt1 0.916504 0.611084
vt1 0.905762 0.102539
vt1 0.916504 0.099121
vt1 0.916992 0.611328
vt1 0.910156 0.099121
vt1 0.917969 0.099121
vt1 0.917969 0.612061
vt1 0.917480 0.099121
vt1 0.917969 0.096680
vt1 0.913086 0.097656
vt1 0.916504 0.096680
vt1 0.916992 0.096191
vt1 0.915039 0.086426
vt1 0.916016 0.085449
vt1 0.914062 0.086914
vt1 0.914551 0.083008
vt1 0.913574 0.083984
vt1 0.913086 0.084961
vt1 0.910645 0.089355
vt1 0.909180 0.087402
vt1 0.906250 0.089844
vt1 0.907715 0.091797
vt1 0.902832 0.093750
vt1 0.903809 0.096680
vt1 0.903320 0.096680
vt1 0.902344 0.094238
vt1 0.904785 0.103027
vt1 0.898438 0.097168
vt1 0.898438 0.094727
vt1 0.897461 0.094727
vt1 0.905273 0.105957
vt1 0.900391 0.105957
vt1 0.899902 0.103516
vt1 0.899414 0.105957
vt1 0.897949 0.143066
vt1 0.897949 0.105957
vt1 0.898926 0.103516
vt1 0.897461 0.103516
vt1 0.896484 0.097168
vt1 0.895996 0.094238
vt1 0.897461 0.097168
vt1 0.860840 0.085938
vt1 0.859375 0.115723
vt1 0.859375 0.085449
vt1 0.860840 0.115723
vt1 0.861816 0.115723
vt1 0.861816 0.086426
vt1 0.861328 0.116211
vt1 0.858398 0.120117
vt1 0.866211 0.116699
vt1 0.866211 0.086914
vt1 0.867188 0.087402
vt1 0.865723 0.117676
vt1 0.867188 0.117676
vt1 0.870117 0.085938
vt1 0.861328 0.121094
vt1 0.861816 0.122070
vt1 0.859375 0.120605
vt1 0.858398 0.123535
vt1 0.857422 0.123047
vt1 0.856445 0.123047
vt1 0.856934 0.124023
vt1 0.857910 0.124023
vt1 0.858887 0.124023
vt1 0.857910 0.543457
vt1 0.856934 0.543701
vt1 0.861816 0.545898
vt1 0.858887 0.543701
vt1 0.856934 0.544434
vt1 0.856445 0.544434
vt1 0.857910 0.547119
vt1 0.858398 0.544189
vt1 0.858887 0.547119
vt1 0.860840 0.551758
vt1 0.860840 0.546631
vt1 0.859863 0.552002
vt1 0.865234 0.550781
vt1 0.866699 0.551025
vt1 0.860840 0.552734
vt1 0.865723 0.552246
vt1 0.870117 0.593506
vt1 0.873535 0.084473
vt1 0.866211 0.589111
vt1 0.865723 0.589111
vt1 0.859863 0.589111
vt1 0.858398 0.552246
vt1 0.858398 0.588867
vt1 0.860840 0.589111
vt1 0.859375 0.591797
vt1 0.857910 0.591553
vt1 0.856934 0.597656
vt1 0.860352 0.591797
vt1 0.857910 0.597900
vt1 0.856445 0.600830
vt1 0.857910 0.600586
vt1 0.858887 0.597656
vt1 0.858887 0.600342
vt1 0.865234 0.592041
vt1 0.863770 0.598389
vt1 0.862793 0.600830
vt1 0.863281 0.601074
vt1 0.866211 0.592285
vt1 0.864258 0.598633
vt1 0.870605 0.595947
vt1 0.868164 0.603271
vt1 0.866699 0.605225
vt1 0.871094 0.605713
vt1 0.869629 0.607910
vt1 0.873535 0.610352
vt1 0.873535 0.595215
vt1 0.876953 0.083984
vt1 0.873535 0.597412
vt1 0.876953 0.595703
vt1 0.877441 0.083496
vt1 0.874512 0.608154
vt1 0.876953 0.598633
vt1 0.877930 0.595947
vt1 0.878418 0.083008
vt1 0.878906 0.595947
vt1 0.878418 0.598633
vt1 0.877441 0.598633
vt1 0.875488 0.608643
vt1 0.876465 0.609619
vt1 0.874023 0.611084
vt1 0.875000 0.612061
vt1 0.945312 0.593750
vt1 0.946777 0.596680
vt1 0.945312 0.596680
vt1 0.946777 0.593750
vt1 0.945312 0.110352
vt1 0.947754 0.596680
vt1 0.946777 0.110840
vt1 0.947754 0.593750
vt1 0.947754 0.110840
vt1 0.952148 0.110352
vt1 0.952148 0.593506
vt1 0.952148 0.596436
vt1 0.953613 0.109375
vt1 0.953125 0.593018
vt1 0.953125 0.596436
vt1 0.956543 0.106445
vt1 0.956543 0.596191
vt1 0.958008 0.598145
vt1 0.959961 0.104004
vt1 0.959961 0.596680
vt1 0.961426 0.598389
vt1 0.962891 0.102539
vt1 0.962891 0.596191
vt1 0.964355 0.597900
vt1 0.963867 0.102051
vt1 0.962891 0.595947
vt1 0.965332 0.597412
vt1 0.965820 0.596436
vt1 0.963379 0.595703
vt1 0.964355 0.101074
vt1 0.540039 0.956207
vt1 0.542969 0.956116
vt1 0.542969 0.957489
vt1 0.540039 0.957550
vt1 0.032104 0.956207
vt1 0.542969 0.958527
vt1 0.032318 0.957611
vt1 0.540039 0.958466
vt1 0.032379 0.958710
vt1 0.032043 0.963623
vt1 0.540039 0.963226
vt1 0.542969 0.963348
vt1 0.031082 0.964722
vt1 0.539551 0.964081
vt1 0.542969 0.964233
vt1 0.027954 0.967499
vt1 0.542969 0.968201
vt1 0.544922 0.969482
vt1 0.025269 0.970795
vt1 0.542969 0.971680
vt1 0.544922 0.972916
vt1 0.023819 0.974182
vt1 0.542969 0.974594
vt1 0.544434 0.976227
vt1 0.023056 0.974960
vt1 0.542480 0.974930
vt1 0.543945 0.977203
vt1 0.543457 0.977753
vt1 0.542480 0.975540
vt1 0.022293 0.975693
vt1 0.756348 0.957397
vt1 0.552734 0.956024
vt1 0.756348 0.956024
vt1 0.552734 0.957397
vt1 0.755859 0.958405
vt1 0.549805 0.956146
vt1 0.542969 0.957489
vt1 0.542969 0.956116
vt1 0.549805 0.957550
vt1 0.542969 0.958527
vt1 0.549805 0.958527
vt1 0.552734 0.958405
vt1 0.756348 0.963196
vt1 0.549805 0.963348
vt1 0.542969 0.963348
vt1 0.553223 0.963196
vt1 0.757324 0.964111
vt1 0.550293 0.964294
vt1 0.542969 0.964233
vt1 0.544922 0.969482
vt1 0.553711 0.964172
vt1 0.758789 0.969452
vt1 0.552734 0.969833
vt1 0.554688 0.969482
vt1 0.553223 0.973999
vt1 0.544922 0.972916
vt1 0.555664 0.973663
vt1 0.760254 0.973648
vt1 0.553711 0.978439
vt1 0.544434 0.976227
vt1 0.543945 0.977203
vt1 0.555664 0.978287
vt1 0.762207 0.978256
vt1 0.762695 0.979263
vt1 0.553711 0.979568
vt1 0.543457 0.977753
vt1 0.554199 0.980728
vt1 0.556152 0.979263
vt1 0.556641 0.980362
vt1 0.763184 0.980438
vt1 0.794434 0.092285
vt1 0.785156 0.083008
vt1 0.795898 0.083008
vt1 0.795898 0.105469
vt1 0.793945 0.104492
vt1 0.797363 0.083008
vt1 0.796875 0.081543
vt1 0.796387 0.109863
vt1 0.820312 0.083008
vt1 0.820801 0.081543
vt1 0.797363 0.109375
vt1 0.821777 0.083008
vt1 0.832520 0.083008
vt1 0.823242 0.092285
vt1 0.821777 0.105469
vt1 0.823730 0.104492
vt1 0.820312 0.109375
vt1 0.821289 0.109863
vt1 0.820312 0.110352
vt1 0.797363 0.110352
vt1 0.796875 0.111816
vt1 0.820801 0.111816
vt1 0.822754 0.110840
vt1 0.827148 0.111328
vt1 0.794922 0.110840
vt1 0.790527 0.111328
vt1 0.796875 0.113770
vt1 0.794434 0.113281
vt1 0.794922 0.138672
vt1 0.790527 0.143066
vt1 0.796875 0.138184
vt1 0.820801 0.113770
vt1 0.796875 0.140625
vt1 0.823242 0.113281
vt1 0.820801 0.138184
vt1 0.822754 0.138672
vt1 0.827148 0.143066
vt1 0.820801 0.140625
vt1 0.822266 0.141113
vt1 0.821289 0.145996
vt1 0.824219 0.152344
vt1 0.820312 0.145020
vt1 0.822266 0.150391
vt1 0.797363 0.145020
vt1 0.822266 0.688477
vt1 0.824219 0.686768
vt1 0.820312 0.146973
vt1 0.821289 0.692871
vt1 0.827148 0.695801
vt1 0.820312 0.691895
vt1 0.797363 0.146973
vt1 0.797363 0.691895
vt1 0.820312 0.693848
vt1 0.822266 0.697754
vt1 0.822754 0.700195
vt1 0.827148 0.727783
vt1 0.820801 0.698486
vt1 0.823242 0.725586
vt1 0.820801 0.700928
vt1 0.822754 0.728027
vt1 0.823730 0.732910
vt1 0.820801 0.725342
vt1 0.796875 0.700928
vt1 0.797363 0.698486
vt1 0.797363 0.693848
vt1 0.795410 0.697754
vt1 0.796387 0.692871
vt1 0.794922 0.700195
vt1 0.790527 0.695801
vt1 0.793457 0.686768
vt1 0.790527 0.727783
vt1 0.795898 0.688477
vt1 0.793457 0.152344
vt1 0.795898 0.150391
vt1 0.796387 0.145996
vt1 0.795410 0.141113
vt1 0.794434 0.725586
vt1 0.794922 0.728027
vt1 0.796875 0.725342
vt1 0.793945 0.734619
vt1 0.796875 0.727051
vt1 0.796387 0.729248
vt1 0.795898 0.733887
vt1 0.793945 0.744629
vt1 0.820801 0.727051
vt1 0.795410 0.755859
vt1 0.785645 0.755859
vt1 0.821289 0.729248
vt1 0.795898 0.747314
vt1 0.797363 0.755859
vt1 0.796875 0.757202
vt1 0.797363 0.729736
vt1 0.820312 0.755859
vt1 0.820801 0.757202
vt1 0.822266 0.755859
vt1 0.797363 0.728516
vt1 0.820312 0.729736
vt1 0.820312 0.728516
vt1 0.821777 0.747314
vt1 0.821777 0.733887
vt1 0.823730 0.747559
vt1 0.832031 0.755737
vt1 0.038025 0.863892
vt1 0.028839 0.873047
vt1 0.028732 0.862671
vt1 0.050781 0.862671
vt1 0.049957 0.864380
vt1 0.028702 0.861084
vt1 0.027283 0.861328
vt1 0.055237 0.861816
vt1 0.028702 0.837891
vt1 0.027283 0.837646
vt1 0.028732 0.836426
vt1 0.054901 0.860962
vt1 0.028839 0.825928
vt1 0.038025 0.835083
vt1 0.050781 0.836304
vt1 0.049957 0.834595
vt1 0.054901 0.838013
vt1 0.055237 0.837158
vt1 0.056000 0.860962
vt1 0.056000 0.838013
vt1 0.057556 0.861450
vt1 0.057556 0.837524
vt1 0.056610 0.835693
vt1 0.056763 0.831055
vt1 0.059204 0.837402
vt1 0.058929 0.835205
vt1 0.084229 0.835449
vt1 0.088623 0.831055
vt1 0.083679 0.837524
vt1 0.059204 0.861572
vt1 0.056610 0.863281
vt1 0.056763 0.867920
vt1 0.058929 0.863770
vt1 0.083679 0.861450
vt1 0.084229 0.863525
vt1 0.088623 0.867920
vt1 0.085938 0.861328
vt1 0.086609 0.862915
vt1 0.091553 0.861938
vt1 0.097778 0.864990
vt1 0.090637 0.860962
vt1 0.085938 0.837646
vt1 0.090637 0.838013
vt1 0.086609 0.836060
vt1 0.091553 0.837036
vt1 0.097778 0.833984
vt1 0.092529 0.837891
vt1 0.096069 0.836304
vt1 0.632812 0.836304
vt1 0.630859 0.833862
vt1 0.092529 0.861084
vt1 0.636230 0.837891
vt1 0.637207 0.837036
vt1 0.640137 0.831055
vt1 0.096069 0.862671
vt1 0.632812 0.862671
vt1 0.630859 0.864990
vt1 0.636230 0.861084
vt1 0.637207 0.861938
vt1 0.640137 0.867920
vt1 0.638184 0.838013
vt1 0.638184 0.860962
vt1 0.642090 0.862915
vt1 0.644531 0.863525
vt1 0.671875 0.867920
vt1 0.643066 0.861328
vt1 0.669922 0.863770
vt1 0.642090 0.835938
vt1 0.643066 0.837646
vt1 0.644531 0.835449
vt1 0.672363 0.831055
vt1 0.645020 0.837524
vt1 0.645020 0.861450
vt1 0.669922 0.835205
vt1 0.669434 0.861572
vt1 0.669434 0.837402
vt1 0.672363 0.835693
vt1 0.677246 0.834595
vt1 0.672363 0.863281
vt1 0.678711 0.864380
vt1 0.671387 0.861450
vt1 0.671387 0.837524
vt1 0.673828 0.861816
vt1 0.673828 0.837158
vt1 0.672852 0.838013
vt1 0.672852 0.860962
vt1 0.678223 0.836548
vt1 0.691895 0.834473
vt1 0.673828 0.838135
vt1 0.673828 0.860962
vt1 0.691406 0.836548
vt1 0.700195 0.826172
vt1 0.700195 0.836304
vt1 0.700195 0.838013
vt1 0.701660 0.837524
vt1 0.701660 0.861572
vt1 0.700195 0.861206
vt1 0.700195 0.862793
vt1 0.691406 0.862549
vt1 0.678223 0.862671
vt1 0.688965 0.864258
vt1 0.700195 0.872925
vt1 0.967285 0.805298
vt1 0.968262 0.609131
vt1 0.968750 0.805542
vt1 0.967285 0.608887
vt1 0.968750 0.606934
vt1 0.966309 0.608643
vt1 0.966309 0.804565
vt1 0.967773 0.606445
vt1 0.965820 0.596436
vt1 0.965332 0.597412
vt1 0.966797 0.606445
vt1 0.964355 0.597900
vt1 0.961426 0.598389
vt1 0.962402 0.606445
vt1 0.958008 0.598145
vt1 0.961914 0.608398
vt1 0.961914 0.803101
vt1 0.958008 0.801636
vt1 0.958008 0.607666
vt1 0.958496 0.605469
vt1 0.953125 0.606445
vt1 0.953125 0.800171
vt1 0.952148 0.799316
vt1 0.953125 0.603271
vt1 0.953125 0.596436
vt1 0.952148 0.596436
vt1 0.952148 0.605957
vt1 0.947754 0.799072
vt1 0.952148 0.603027
vt1 0.947754 0.602783
vt1 0.947754 0.596680
vt1 0.947754 0.605713
vt1 0.946777 0.799072
vt1 0.946777 0.602783
vt1 0.946777 0.596680
vt1 0.946777 0.605713
vt1 0.945312 0.602783
vt1 0.945312 0.596680
vt1 0.945312 0.605713
vt1 0.945312 0.799316
vt1 0.529297 0.907349
vt1 0.530273 0.905762
vt1 0.530273 0.906128
vt1 0.528809 0.906616
vt1 0.527344 0.908691
vt1 0.512695 0.906067
vt1 0.527344 0.907410
vt1 0.514160 0.907043
vt1 0.513672 0.908264
vt1 0.512207 0.906555
vt1 0.512695 0.904968
vt1 0.512207 0.905029
vt1 0.531738 0.902649
vt1 0.511719 0.901978
vt1 0.511719 0.900452
vt1 0.511719 0.900696
vt1 0.534180 0.900818
vt1 0.533203 0.902283
vt1 0.689941 0.902344
vt1 0.503906 0.900879
vt1 0.503906 0.901489
vt1 0.512207 0.899841
vt1 0.501953 0.900635
vt1 0.501465 0.901428
vt1 0.504395 0.900024
vt1 0.501953 0.899780
vt1 0.499756 0.900391
vt1 0.499268 0.901367
vt1 0.497070 0.900085
vt1 0.500000 0.899475
vt1 0.497559 0.899170
vt1 0.495117 0.898804
vt1 0.495605 0.897949
vt1 0.498047 0.898438
vt1 0.496094 0.897400
vt1 0.500977 0.896423
vt1 0.499268 0.895447
vt1 0.497314 0.894470
vt1 0.503418 0.896606
vt1 0.501953 0.893433
vt1 0.500000 0.892456
vt1 0.498535 0.891479
vt1 0.504883 0.893494
vt1 0.500977 0.889832
vt1 0.499023 0.888916
vt1 0.503418 0.890808
vt1 0.501465 0.889160
vt1 0.499023 0.888733
vt1 0.503906 0.889648
vt1 0.501465 0.884644
vt1 0.499268 0.884521
vt1 0.499023 0.883789
vt1 0.501465 0.883789
vt1 0.498535 0.882507
vt1 0.500977 0.882507
vt1 0.503906 0.884827
vt1 0.503906 0.883789
vt1 0.503906 0.882446
vt1 0.506348 0.882690
vt1 0.506348 0.884033
vt1 0.508789 0.882935
vt1 0.506348 0.885071
vt1 0.508789 0.884277
vt1 0.714355 0.884277
vt1 0.714355 0.882935
vt1 0.508789 0.885254
vt1 0.506348 0.889832
vt1 0.505859 0.890930
vt1 0.508789 0.890015
vt1 0.507324 0.893555
vt1 0.508789 0.891113
vt1 0.505859 0.896729
vt1 0.715820 0.893494
vt1 0.688965 0.900940
vt1 0.691895 0.902832
vt1 0.717773 0.896667
vt1 0.714844 0.891052
vt1 0.719238 0.899536
vt1 0.714355 0.889954
vt1 0.711426 0.900024
vt1 0.714355 0.885193
vt1 0.717285 0.889771
vt1 0.716797 0.885010
vt1 0.717285 0.890869
vt1 0.719727 0.889587
vt1 0.716797 0.883972
vt1 0.716797 0.882690
vt1 0.719238 0.884766
vt1 0.719238 0.883667
vt1 0.719727 0.882385
vt1 0.722168 0.882446
vt1 0.722168 0.883728
vt1 0.725098 0.882446
vt1 0.724609 0.883728
vt1 0.721680 0.884583
vt1 0.724121 0.884460
vt1 0.722168 0.889099
vt1 0.724121 0.888611
vt1 0.724609 0.888794
vt1 0.722168 0.889771
vt1 0.725098 0.891357
vt1 0.719727 0.890686
vt1 0.723145 0.892334
vt1 0.726074 0.894348
vt1 0.718750 0.893372
vt1 0.721191 0.893311
vt1 0.724121 0.895325
vt1 0.727539 0.897278
vt1 0.719727 0.896484
vt1 0.722168 0.896301
vt1 0.725098 0.898315
vt1 0.728027 0.897827
vt1 0.721191 0.899414
vt1 0.723145 0.899353
vt1 0.725586 0.899048
vt1 0.728027 0.898682
vt1 0.726074 0.899963
vt1 0.723633 0.900208
vt1 0.724121 0.901245
vt1 0.721680 0.901123
vt1 0.721680 0.900330
vt1 0.719727 0.901001
vt1 0.719238 0.900391
vt1 0.711426 0.900330
vt1 0.711426 0.901550
vt1 0.710938 0.904602
vt1 0.693359 0.906006
vt1 0.711426 0.906189
vt1 0.711426 0.904663
vt1 0.693848 0.907593
vt1 0.693359 0.906372
vt1 0.710449 0.905762
vt1 0.709473 0.908020
vt1 0.694336 0.906860
vt1 0.695801 0.908875
vt1 0.708984 0.906738
vt1 0.696289 0.907532
vt1 0.601562 0.915527
vt1 0.602539 0.916748
vt1 0.602051 0.917114
vt1 0.601074 0.916260
vt1 0.599609 0.914185
vt1 0.584961 0.916931
vt1 0.599609 0.915527
vt1 0.586426 0.916016
vt1 0.585938 0.914734
vt1 0.584473 0.916504
vt1 0.584961 0.918091
vt1 0.584473 0.918030
vt1 0.603516 0.920227
vt1 0.583984 0.921082
vt1 0.583984 0.922546
vt1 0.583984 0.922302
vt1 0.606445 0.921875
vt1 0.605469 0.920593
vt1 0.762207 0.920593
vt1 0.576172 0.922180
vt1 0.576172 0.921631
vt1 0.761230 0.921814
vt1 0.763672 0.920105
vt1 0.606445 0.922546
vt1 0.576660 0.923035
vt1 0.574219 0.922302
vt1 0.573730 0.921448
vt1 0.574219 0.923157
vt1 0.571777 0.922363
vt1 0.571289 0.921326
vt1 0.569336 0.922607
vt1 0.572266 0.923279
vt1 0.569824 0.923523
vt1 0.567383 0.923828
vt1 0.567383 0.924683
vt1 0.570312 0.924255
vt1 0.568359 0.925293
vt1 0.573242 0.926331
vt1 0.571289 0.927307
vt1 0.569336 0.928223
vt1 0.575684 0.926208
vt1 0.574219 0.929321
vt1 0.572266 0.930298
vt1 0.570312 0.931213
vt1 0.577637 0.926086
vt1 0.573242 0.932861
vt1 0.570801 0.933838
vt1 0.575684 0.931946
vt1 0.576660 0.929260
vt1 0.573242 0.933533
vt1 0.570801 0.934021
vt1 0.571289 0.938202
vt1 0.575684 0.933044
vt1 0.573730 0.938049
vt1 0.570801 0.938904
vt1 0.578125 0.931824
vt1 0.573242 0.938934
vt1 0.570312 0.940155
vt1 0.573242 0.940216
vt1 0.579590 0.929260
vt1 0.575684 0.938965
vt1 0.575684 0.940277
vt1 0.578613 0.939972
vt1 0.576172 0.937897
vt1 0.578613 0.938660
vt1 0.581055 0.939697
vt1 0.578125 0.932922
vt1 0.578613 0.937683
vt1 0.581055 0.938385
vt1 0.786621 0.939697
vt1 0.580566 0.931641
vt1 0.580566 0.932739
vt1 0.581055 0.937500
vt1 0.786621 0.938354
vt1 0.789062 0.938599
vt1 0.789062 0.939941
vt1 0.786621 0.937439
vt1 0.791504 0.938873
vt1 0.791504 0.940155
vt1 0.794434 0.940125
vt1 0.789062 0.937592
vt1 0.793945 0.938843
vt1 0.796875 0.940063
vt1 0.796387 0.938812
vt1 0.791504 0.937805
vt1 0.793945 0.937958
vt1 0.796387 0.938080
vt1 0.796387 0.933899
vt1 0.793945 0.933472
vt1 0.796387 0.933716
vt1 0.791504 0.932983
vt1 0.794434 0.932800
vt1 0.796875 0.931152
vt1 0.789062 0.932800
vt1 0.794922 0.930176
vt1 0.797852 0.928101
vt1 0.791992 0.931885
vt1 0.795898 0.927185
vt1 0.799316 0.925171
vt1 0.793457 0.929199
vt1 0.789551 0.931702
vt1 0.790527 0.929199
vt1 0.797363 0.924194
vt1 0.799805 0.924622
vt1 0.793945 0.926208
vt1 0.797852 0.923401
vt1 0.800293 0.923706
vt1 0.798340 0.922485
vt1 0.795410 0.923157
vt1 0.795410 0.922241
vt1 0.795898 0.921265
vt1 0.793945 0.921326
vt1 0.793457 0.922180
vt1 0.791504 0.921448
vt1 0.792969 0.923035
vt1 0.791016 0.922058
vt1 0.783691 0.922180
vt1 0.791992 0.926086
vt1 0.791016 0.922913
vt1 0.783203 0.922485
vt1 0.783691 0.920959
vt1 0.789551 0.925964
vt1 0.760742 0.922485
vt1 0.782715 0.917969
vt1 0.765137 0.916992
vt1 0.788086 0.929138
vt1 0.786621 0.931580
vt1 0.786621 0.932617
vt1 0.783203 0.916382
vt1 0.783203 0.917908
vt1 0.782227 0.916870
vt1 0.781250 0.914612
vt1 0.765625 0.915405
vt1 0.765137 0.916626
vt1 0.780762 0.915894
vt1 0.766113 0.916138
vt1 0.767578 0.914062
vt1 0.768066 0.915405
vt1 0.152832 0.361328
vt1 0.154541 0.362305
vt1 0.154175 0.362305
vt1 0.155884 0.362793
vt1 0.153564 0.360840
vt1 0.152344 0.359863
vt1 0.155151 0.361816
vt1 0.153198 0.359863
vt1 0.152344 0.333008
vt1 0.154541 0.360840
vt1 0.154419 0.359863
vt1 0.153198 0.333008
vt1 0.155884 0.360840
vt1 0.154419 0.333008
vt1 0.153564 0.332031
vt1 0.152832 0.331543
vt1 0.155884 0.359863
vt1 0.154541 0.330566
vt1 0.154175 0.330566
vt1 0.155884 0.330078
vt1 0.154541 0.332031
vt1 0.155151 0.330566
vt1 0.155884 0.333008
vt1 0.155884 0.332031
vt1 0.155884 0.331055
vt1 0.156616 0.330566
vt1 0.157227 0.330566
vt1 0.157593 0.330566
vt1 0.157104 0.332031
vt1 0.158203 0.332031
vt1 0.158936 0.331543
vt1 0.159424 0.333008
vt1 0.157349 0.333008
vt1 0.158447 0.333008
vt1 0.158447 0.359863
vt1 0.159424 0.359863
vt1 0.157349 0.359863
vt1 0.158203 0.360840
vt1 0.158936 0.361328
vt1 0.157593 0.362305
vt1 0.157104 0.360840
vt1 0.157227 0.362305
vt1 0.156616 0.361816
vt1 0.155884 0.361816
vt1 0.159180 0.180176
vt1 0.157471 0.179688
vt1 0.157837 0.179199
vt1 0.156128 0.178711
vt1 0.158447 0.180664
vt1 0.159668 0.181641
vt1 0.156860 0.179688
vt1 0.158813 0.182129
vt1 0.159668 0.208496
vt1 0.157471 0.180664
vt1 0.157593 0.182129
vt1 0.158813 0.208496
vt1 0.157593 0.208496
vt1 0.158447 0.209961
vt1 0.159180 0.209961
vt1 0.156128 0.208496
vt1 0.157471 0.210938
vt1 0.157837 0.211426
vt1 0.157471 0.209473
vt1 0.156128 0.211914
vt1 0.156860 0.210938
vt1 0.156128 0.209473
vt1 0.156128 0.210938
vt1 0.155396 0.210938
vt1 0.154785 0.210938
vt1 0.154419 0.211426
vt1 0.154907 0.209473
vt1 0.153809 0.209961
vt1 0.153076 0.209961
vt1 0.152588 0.208496
vt1 0.154663 0.208496
vt1 0.153442 0.208496
vt1 0.153442 0.182129
vt1 0.152588 0.181641
vt1 0.154663 0.182129
vt1 0.156128 0.182129
vt1 0.153809 0.180664
vt1 0.153076 0.180176
vt1 0.154419 0.179199
vt1 0.154907 0.180664
vt1 0.156128 0.180664
vt1 0.154785 0.179688
vt1 0.155396 0.179688
vt1 0.156128 0.179688
vt1 0.157349 0.313477
vt1 0.159058 0.312500
vt1 0.157715 0.313477
vt1 0.156006 0.313965
vt1 0.158325 0.312012
vt1 0.159546 0.311035
vt1 0.156738 0.312988
vt1 0.158691 0.311035
vt1 0.157349 0.312012
vt1 0.158691 0.284180
vt1 0.159546 0.284180
vt1 0.157471 0.311035
vt1 0.157471 0.284180
vt1 0.158325 0.283203
vt1 0.159058 0.282715
vt1 0.156006 0.284180
vt1 0.157349 0.281738
vt1 0.157715 0.281738
vt1 0.157349 0.283203
vt1 0.156006 0.281250
vt1 0.156738 0.282227
vt1 0.156006 0.283203
vt1 0.156006 0.282227
vt1 0.155273 0.282227
vt1 0.154663 0.281738
vt1 0.154297 0.281738
vt1 0.154785 0.283203
vt1 0.153687 0.283203
vt1 0.152954 0.282715
vt1 0.152466 0.284180
vt1 0.154541 0.284180
vt1 0.153442 0.284180
vt1 0.153442 0.311035
vt1 0.152466 0.311035
vt1 0.154541 0.311035
vt1 0.156006 0.311035
vt1 0.153687 0.312012
vt1 0.152954 0.312500
vt1 0.154297 0.313477
vt1 0.154785 0.312012
vt1 0.154663 0.313477
vt1 0.156006 0.312012
vt1 0.155273 0.312988
vt1 0.156006 0.312988
vt1 0.958008 0.062500
vt1 0.959961 0.063477
vt1 0.959473 0.063477
vt1 0.961426 0.063965
vt1 0.958984 0.062012
vt1 0.957520 0.061035
vt1 0.960449 0.063477
vt1 0.958496 0.061035
vt1 0.957520 0.034180
vt1 0.959961 0.062012
vt1 0.959961 0.061035
vt1 0.958496 0.034180
vt1 0.961426 0.062012
vt1 0.959961 0.034180
vt1 0.958984 0.033203
vt1 0.958008 0.032715
vt1 0.961426 0.061035
vt1 0.959961 0.031738
vt1 0.959473 0.031738
vt1 0.961426 0.031250
vt1 0.959961 0.033203
vt1 0.960449 0.032227
vt1 0.961426 0.034668
vt1 0.961426 0.033203
vt1 0.961426 0.032227
vt1 0.961914 0.032227
vt1 0.962402 0.031738
vt1 0.962891 0.031738
vt1 0.962402 0.033203
vt1 0.963379 0.033203
vt1 0.964355 0.032715
vt1 0.964844 0.034180
vt1 0.962891 0.034180
vt1 0.963867 0.034180
vt1 0.963867 0.061035
vt1 0.964844 0.061035
vt1 0.962891 0.061035
vt1 0.963379 0.062012
vt1 0.964355 0.062500
vt1 0.962891 0.063477
vt1 0.962402 0.062012
vt1 0.962402 0.063477
vt1 0.961914 0.063477
vt1 0.961426 0.062988
vt1 0.759277 0.862793
vt1 0.758301 0.864502
vt1 0.757812 0.864136
vt1 0.757324 0.865845
vt1 0.759277 0.863525
vt1 0.760742 0.862305
vt1 0.758301 0.865112
vt1 0.760742 0.863159
vt1 0.759766 0.864624
vt1 0.787109 0.863159
vt1 0.787109 0.862305
vt1 0.760742 0.864380
vt1 0.787109 0.864380
vt1 0.788574 0.863525
vt1 0.788574 0.862793
vt1 0.789551 0.864502
vt1 0.790039 0.864136
vt1 0.790527 0.865845
vt1 0.788086 0.864624
vt1 0.787109 0.865845
vt1 0.789551 0.865112
vt1 0.788086 0.865845
vt1 0.789551 0.865845
vt1 0.789551 0.866577
vt1 0.789551 0.867188
vt1 0.790039 0.867554
vt1 0.788086 0.867065
vt1 0.788574 0.868164
vt1 0.788574 0.868896
vt1 0.787109 0.869385
vt1 0.787109 0.867310
vt1 0.787109 0.868530
vt1 0.760742 0.868530
vt1 0.760742 0.869385
vt1 0.760742 0.867310
vt1 0.760742 0.865845
vt1 0.759277 0.868164
vt1 0.759277 0.868896
vt1 0.757812 0.867554
vt1 0.759766 0.867065
vt1 0.758301 0.867188
vt1 0.759766 0.865845
vt1 0.758301 0.866577
vt1 0.758301 0.865845
vt1 0.151978 0.261719
vt1 0.153564 0.262695
vt1 0.153320 0.262695
vt1 0.154907 0.263184
vt1 0.152710 0.261230
vt1 0.151367 0.260254
vt1 0.154175 0.262695
vt1 0.152344 0.260254
vt1 0.151367 0.233398
vt1 0.153687 0.261230
vt1 0.153564 0.260254
vt1 0.152344 0.233398
vt1 0.153564 0.233887
vt1 0.152710 0.232422
vt1 0.151978 0.231934
vt1 0.154907 0.233887
vt1 0.153564 0.230957
vt1 0.153320 0.230957
vt1 0.153687 0.232422
vt1 0.154907 0.230469
vt1 0.154175 0.231445
vt1 0.154907 0.232422
vt1 0.154907 0.231445
vt1 0.155640 0.231445
vt1 0.156250 0.230957
vt1 0.156616 0.230957
vt1 0.156250 0.232422
vt1 0.157227 0.232422
vt1 0.157959 0.231934
vt1 0.158447 0.233398
vt1 0.156372 0.233887
vt1 0.157593 0.233398
vt1 0.157593 0.260254
vt1 0.158447 0.260254
vt1 0.156372 0.260254
vt1 0.154907 0.260254
vt1 0.157227 0.261230
vt1 0.157959 0.261719
vt1 0.156616 0.262695
vt1 0.156250 0.261230
vt1 0.156250 0.262695
vt1 0.154907 0.261230
vt1 0.155640 0.262695
vt1 0.154907 0.262207
vt1 0.159790 0.603760
vt1 0.161499 0.602783
vt1 0.160156 0.604004
vt1 0.158447 0.604492
vt1 0.160767 0.602539
vt1 0.161987 0.601562
vt1 0.159180 0.603516
vt1 0.161133 0.601318
vt1 0.161987 0.574707
vt1 0.159668 0.602295
vt1 0.159912 0.601318
vt1 0.161133 0.574707
vt1 0.158447 0.602295
vt1 0.160767 0.573486
vt1 0.161499 0.573242
vt1 0.159912 0.574707
vt1 0.159790 0.572266
vt1 0.160156 0.572021
vt1 0.158447 0.571533
vt1 0.159668 0.573730
vt1 0.158447 0.574707
vt1 0.159180 0.572510
vt1 0.158447 0.573730
vt1 0.158447 0.572510
vt1 0.157715 0.572510
vt1 0.157104 0.572266
vt1 0.156738 0.572021
vt1 0.157227 0.573730
vt1 0.156128 0.573486
vt1 0.155396 0.573242
vt1 0.154907 0.574707
vt1 0.156982 0.574707
vt1 0.155762 0.574707
vt1 0.155762 0.601318
vt1 0.154907 0.601562
vt1 0.156982 0.601318
vt1 0.158447 0.601318
vt1 0.156128 0.602539
vt1 0.155396 0.602783
vt1 0.156738 0.604004
vt1 0.157227 0.602295
vt1 0.157104 0.603760
vt1 0.157715 0.603516
vt1 0.158447 0.603516
vt1 0.886230 0.966064
vt1 0.886719 0.964386
vt1 0.887207 0.964722
vt1 0.887695 0.963043
vt1 0.885742 0.965332
vt1 0.884766 0.966583
vt1 0.886719 0.963776
vt1 0.884277 0.965698
vt1 0.857910 0.966583
vt1 0.885742 0.964325
vt1 0.884277 0.964478
vt1 0.857910 0.965698
vt1 0.885742 0.963043
vt1 0.857910 0.964478
vt1 0.856445 0.965332
vt1 0.856445 0.966064
vt1 0.884277 0.963043
vt1 0.855469 0.964386
vt1 0.854980 0.964722
vt1 0.854980 0.963043
vt1 0.856934 0.964325
vt1 0.855469 0.963776
vt1 0.857910 0.963043
vt1 0.856934 0.963043
vt1 0.855469 0.963043
vt1 0.855469 0.962311
vt1 0.855469 0.961700
vt1 0.854980 0.961365
vt1 0.856934 0.961792
vt1 0.856445 0.960754
vt1 0.856445 0.960022
vt1 0.857910 0.959503
vt1 0.857910 0.961609
vt1 0.857910 0.960388
vt1 0.884277 0.960388
vt1 0.884766 0.959503
vt1 0.884277 0.961609
vt1 0.885742 0.960754
vt1 0.886230 0.960022
vt1 0.887207 0.961365
vt1 0.885742 0.961792
vt1 0.886719 0.961700
vt1 0.886719 0.962311
vt1 0.886719 0.963043
vt1 0.634277 0.741699
vt1 0.181763 0.741699
vt1 0.181763 0.548096
vt1 0.634277 0.548096
vt1 0.181763 0.362793
vt1 0.634277 0.362793
vt1 0.181763 0.169434
vt1 0.634277 0.169434
vn 0.000000 -1.000000 0.000000
vn -0.700787 -0.708661 0.000000
vn -0.700787 -0.708661 0.000000
vn 0.000000 -1.000000 0.000000
vn -0.881890 -0.448819 -0.125984
vn -0.897638 -0.433071 0.000000
vn -0.992126 -0.000000 -0.125984
vn -1.000000 0.000000 0.000000
vn -0.976378 0.212598 -0.000000
vn -0.692913 -0.346457 -0.629921
vn -0.976378 0.196850 -0.110236
vn -0.763780 -0.007874 -0.637795
vn -0.496063 0.858268 -0.125984
vn -0.496063 0.866142 -0.000000
vn -0.653543 0.322835 -0.685039
vn -0.496063 0.858268 -0.125984
vn -0.496063 0.866142 -0.000000
vn -0.401575 0.763779 -0.503937
vn -0.590551 0.102362 -0.803149
vn -0.984252 0.039370 -0.188976
vn -1.000000 0.000000 0.000000
vn -1.000000 0.000000 0.000000
vn -0.566929 -0.267717 -0.779527
vn -0.984252 -0.023622 -0.188976
vn -0.047244 -0.653543 -0.755905
vn -0.157480 0.031496 -0.984252
vn -0.771654 -0.622047 -0.157480
vn -0.732283 -0.685039 0.000000
vn -0.732283 -0.685039 0.000000
vn -0.244094 0.787401 -0.559055
vn -0.771654 -0.622047 -0.125984
vn -1.000000 0.000000 0.000000
vn -0.188976 0.787401 -0.590551
vn -0.992126 -0.000000 -0.141732
vn -1.000000 0.000000 0.000000
vn -0.456693 0.377953 -0.803150
vn -0.062992 0.748031 -0.661417
vn 0.000000 0.007874 -1.000000
vn -0.023622 0.740157 -0.677165
vn 0.000000 -0.000000 -1.000000
vn -0.173228 0.763779 -0.629921
vn -0.110236 0.551181 -0.826772
vn 0.000000 -0.000000 -1.000000
vn 0.000000 -0.000000 -1.000000
vn -0.661417 -0.000000 -0.748031
vn -0.551181 0.023622 -0.834646
vn -0.149606 -0.023622 -0.992126
vn -0.086614 -0.007874 -0.992126
vn -0.228346 -0.559055 -0.795275
vn -0.110236 -0.519685 -0.842520
vn -0.590551 -0.023622 -0.811023
vn -0.590551 -0.511811 -0.629921
vn -0.480315 -0.700787 -0.527559
vn -0.590551 -0.015748 -0.803149
vn -0.456693 -0.551181 -0.700787
vn -0.283465 -0.606299 -0.740157
vn -0.401575 -0.496063 -0.763779
vn 0.000000 -0.000000 -1.000000
vn -0.007874 -0.000000 -1.000000
vn -0.622047 -0.000000 -0.787401
vn -0.692913 -0.007874 -0.716535
vn -0.622047 -0.000000 -0.787401
vn -0.692913 -0.000000 -0.716535
vn -0.992126 -0.000000 -0.141732
vn -1.000000 0.000000 0.000000
vn -0.992126 -0.000000 -0.141732
vn -1.000000 0.000000 0.000000
vn -0.692913 -0.000000 -0.716535
vn -0.622047 -0.000000 -0.787401
vn -0.692913 0.007874 -0.716535
vn -0.622047 -0.000000 -0.787401
vn 0.000000 -0.000000 -1.000000
vn -0.992126 -0.000000 -0.141732
vn -0.590551 0.511811 -0.629921
vn -0.771654 0.622047 -0.125984
vn -0.732283 0.685039 -0.000000
vn -0.771654 0.622047 -0.157480
vn -0.732283 0.685039 -0.000000
vn -1.000000 0.000000 0.000000
vn -0.401575 0.496063 -0.763779
vn -0.228346 0.559055 -0.795276
vn -0.984252 0.023622 -0.188976
vn -0.149606 0.023622 -0.992126
vn -0.984252 -0.039370 -0.188976
vn -1.000000 0.000000 0.000000
vn -0.496063 -0.866142 0.000000
vn -0.110236 0.519685 -0.842520
vn -0.496063 -0.858268 -0.125984
vn -0.496063 -0.866142 0.000000
vn -0.157480 -0.031496 -0.984252
vn -0.496063 -0.858268 -0.125984
vn -0.976378 -0.212598 0.000000
vn -0.244094 -0.787401 -0.559055
vn -0.401575 -0.763779 -0.503937
vn -0.976378 -0.196850 -0.110236
vn -0.062992 -0.748031 -0.661417
vn -0.992126 -0.000000 -0.125984
vn -1.000000 0.000000 0.000000
vn -0.653543 -0.322835 -0.685039
vn -0.763780 0.007874 -0.637795
vn -0.881890 0.448819 -0.125984
vn -0.897638 0.433071 -0.000000
vn -0.700787 0.708661 -0.000000
vn -0.692913 0.346457 -0.629921
vn 0.000000 1.000000 -0.000000
vn -0.700787 0.708661 -0.000000
vn 0.000000 1.000000 -0.000000
vn -0.566929 0.267716 -0.779527
vn -0.055118 0.787401 -0.614173
vn -0.590551 -0.102362 -0.803149
vn -0.047244 0.653543 -0.755905
vn 0.000000 -0.000000 -1.000000
vn -0.456693 -0.377953 -0.803149
vn 0.000000 -0.000000 -1.000000
vn -0.188976 -0.787401 -0.590551
vn -0.039370 -0.118110 -0.992126
vn -0.023622 -0.740157 -0.677165
vn -0.173228 -0.763779 -0.629921
vn -0.110236 -0.551181 -0.826771
vn 0.000000 -0.000000 -1.000000
vn 0.000000 -0.000000 -1.000000
vn -0.661417 -0.000000 -0.748031
vn -0.086614 0.007874 -0.992126
vn -0.551181 -0.023622 -0.834646
vn -0.590551 0.023622 -0.811023
vn -0.480315 0.700787 -0.527559
vn -0.283465 0.606299 -0.740157
vn -0.456693 0.551181 -0.700787
vn -0.590551 0.015748 -0.803149
vn 0.000000 -0.000000 -1.000000
vn 0.000000 -0.000000 -1.000000
vn 0.000000 -0.000000 -1.000000
vn 0.000000 -0.000000 -1.000000
vn 0.000000 -0.000000 -1.000000
vn 0.000000 -0.000000 -1.000000
vn 0.000000 -0.000000 -1.000000
vn 0.000000 -0.000000 -1.000000
vn 0.000000 -0.000000 -1.000000
vn 0.000000 0.637795 -0.771653
vn 0.000000 0.779527 -0.622047
vn 0.000000 -0.000000 -1.000000
vn 0.000000 1.000000 -0.000000
vn 0.000000 1.000000 -0.000000
vn 0.000000 1.000000 -0.000000
vn 0.000000 1.000000 -0.000000
vn 0.000000 1.000000 -0.000000
vn 0.000000 1.000000 -0.000000
vn 0.700787 0.708661 -0.000000
vn 0.000000 1.000000 -0.000000
vn 0.700787 0.708661 -0.000000
vn 0.055118 0.787401 -0.614173
vn 0.047244 0.653543 -0.755905
vn 0.692913 0.346457 -0.629921
vn 0.881890 0.448819 -0.125984
vn 0.897638 0.433071 -0.000000
vn 1.000000 0.000000 0.000000
vn 0.992126 -0.000000 -0.125984
vn 0.976378 -0.212598 0.000000
vn 0.566929 0.267716 -0.779527
vn 0.976378 -0.196850 -0.110236
vn 0.763780 0.007874 -0.637795
vn 0.496063 -0.858268 -0.125984
vn 0.496063 -0.866142 0.000000
vn 0.653543 -0.322835 -0.685039
vn 0.590551 -0.102362 -0.803149
vn 0.000000 -0.000000 -1.000000
vn 0.000000 -0.000000 -1.000000
vn 0.456693 -0.377953 -0.803149
vn 0.401575 -0.763779 -0.503937
vn 0.496063 -0.858268 -0.125984
vn 0.496063 -0.866142 0.000000
vn 0.188976 -0.787401 -0.590551
vn 0.984252 -0.039370 -0.188976
vn 1.000000 0.000000 0.000000
vn 1.000000 0.000000 0.000000
vn 0.244094 -0.787401 -0.559055
vn 0.157480 -0.031496 -0.984252
vn 0.984252 0.023622 -0.188976
vn 0.062992 -0.748031 -0.661417
vn 0.149606 0.023622 -0.992126
vn 0.771654 0.622047 -0.157480
vn 0.732283 0.685039 -0.000000
vn 0.732283 0.685039 -0.000000
vn 0.000000 -0.000000 -1.000000
vn 0.771654 0.622047 -0.125984
vn 1.000000 0.000000 0.000000
vn 0.228346 0.559055 -0.795276
vn 0.992126 -0.000000 -0.141732
vn 0.590551 0.511811 -0.629921
vn 0.992126 -0.000000 -0.141732
vn 1.000000 0.000000 0.000000
vn 0.692913 0.007874 -0.716535
vn 0.992126 -0.000000 -0.141732
vn 1.000000 0.000000 0.000000
vn 0.692913 -0.000000 -0.716535
vn 0.622047 -0.000000 -0.787401
vn 0.992126 -0.000000 -0.141732
vn 1.000000 0.000000 0.000000
vn 0.692913 -0.000000 -0.716535
vn 0.622047 -0.000000 -0.787401
vn 0.771654 -0.622047 -0.125984
vn 0.732283 -0.685039 0.000000
vn 0.692913 -0.007874 -0.716535
vn 0.771654 -0.622047 -0.157480
vn 0.732283 -0.685039 0.000000
vn 0.590551 -0.511811 -0.629921
vn 1.000000 0.000000 0.000000
vn 0.622047 -0.000000 -0.787401
vn 0.622047 -0.000000 -0.787401
vn 0.000000 -0.000000 -1.000000
vn 0.000000 -0.000000 -1.000000
vn 0.401575 -0.496063 -0.763779
vn 0.000000 -0.000000 -1.000000
vn 0.228346 -0.559055 -0.795275
vn 0.110236 -0.519685 -0.842520
vn 0.149606 -0.023622 -0.992126
vn 0.984252 -0.023622 -0.188976
vn 0.283465 -0.606299 -0.740157
vn 0.984252 0.039370 -0.188976
vn 1.000000 0.000000 0.000000
vn 0.496063 0.866142 -0.000000
vn 0.157480 0.031496 -0.984252
vn 0.496063 0.858268 -0.125984
vn 0.496063 0.866142 -0.000000
vn 0.000000 -0.000000 -1.000000
vn 0.496063 0.858268 -0.125984
vn 0.976378 0.212598 -0.000000
vn 0.244094 0.787401 -0.559055
vn 0.976378 0.196850 -0.110236
vn 0.401575 0.763779 -0.503937
vn 0.653543 0.322835 -0.685039
vn 0.992126 -0.000000 -0.125984
vn 1.000000 0.000000 0.000000
vn 0.897638 -0.433071 0.000000
vn 0.763780 -0.007874 -0.637795
vn 0.881890 -0.448819 -0.125984
vn 0.700787 -0.708661 0.000000
vn 0.000000 -1.000000 0.000000
vn 0.700787 -0.708661 0.000000
vn 0.000000 -1.000000 0.000000
vn 0.692913 -0.346457 -0.629921
vn 0.055118 -0.787401 -0.614173
vn 0.566929 -0.267717 -0.779527
vn 0.000000 -1.000000 0.000000
vn 0.000000 -1.000000 0.000000
vn 0.000000 -1.000000 0.000000
vn 0.000000 -1.000000 0.000000
vn -0.055118 -0.787401 -0.614173
vn 0.000000 -0.779527 -0.622047
vn 0.047244 -0.653543 -0.755905
vn 0.000000 -0.637795 -0.771653
vn 0.000000 -0.000000 -1.000000
vn 0.000000 -0.000000 -1.000000
vn 0.000000 -0.000000 -1.000000
vn 0.000000 -0.000000 -1.000000
vn 0.000000 -0.000000 -1.000000
vn 0.000000 -0.000000 -1.000000
vn 0.590551 0.102362 -0.803149
vn 0.000000 -0.000000 -1.000000
vn 0.000000 -0.000000 -1.000000
vn 0.456693 0.377953 -0.803150
vn 0.000000 -0.000000 -1.000000
vn 0.188976 0.787401 -0.590551
vn 0.039370 0.118110 -0.992126
vn 0.000000 -0.000000 -1.000000
vn 0.062992 0.748031 -0.661417
vn 0.023622 0.740157 -0.677165
vn 0.110236 0.551181 -0.826772
vn 0.173228 0.763779 -0.629921
vn 0.661417 -0.000000 -0.748031
vn 0.551181 0.023622 -0.834646
vn 0.000000 -0.000000 -1.000000
vn 0.000000 -0.000000 -1.000000
vn 0.590551 -0.015748 -0.803149
vn 0.000000 -0.000000 -1.000000
vn 0.086614 -0.007874 -0.992126
vn 0.590551 -0.023622 -0.811023
vn 0.480315 -0.700787 -0.527559
vn 0.456693 -0.551181 -0.700787
vn 0.000000 -0.000000 -1.000000
vn 0.000000 -0.000000 -1.000000
vn 0.000000 -0.000000 -1.000000
vn 0.000000 -0.000000 -1.000000
vn 0.000000 -0.000000 -1.000000
vn -0.629921 0.732283 -0.244095
vn -0.740157 0.637795 -0.228346
vn -0.976378 0.007874 -0.228346
vn 0.000000 -0.000000 -1.000000
vn -0.976378 -0.000000 -0.204724
vn -1.000000 0.000000 0.000000
vn -0.708661 0.708661 -0.000000
vn -1.000000 0.000000 0.000000
vn -0.708661 0.708661 -0.000000
vn -0.976378 -0.000000 -0.204724
vn -1.000000 0.000000 0.000000
vn -0.015748 0.968504 -0.236221
vn 0.000000 1.000000 -0.000000
vn -0.976378 -0.000000 -0.220472
vn -1.000000 0.000000 0.000000
vn -0.944882 -0.314961 0.000000
vn 0.000000 -0.000000 -1.000000
vn -0.921260 -0.299213 -0.244094
vn -0.669291 -0.692913 -0.275590
vn -0.700787 -0.716535 0.000000
vn -0.314961 -0.944882 0.000000
vn 0.000000 -0.000000 -1.000000
vn 0.000000 -0.000000 -1.000000
vn 0.000000 -0.000000 -1.000000
vn -0.299213 -0.921260 -0.244094
vn 0.000000 -1.000000 0.000000
vn 0.000000 -0.000000 -1.000000
vn 0.000000 -0.000000 -1.000000
vn 0.401575 0.496063 -0.763779
vn 0.283465 0.606299 -0.740157
vn 0.110236 0.519685 -0.842520
vn 0.480315 0.700787 -0.527559
vn 0.086614 0.007874 -0.992126
vn 0.456693 0.551181 -0.700787
vn 0.590551 0.023622 -0.811023
vn 0.661417 -0.000000 -0.748031
vn 0.590551 0.015748 -0.803149
vn 0.173228 -0.763779 -0.629921
vn 0.551181 -0.023622 -0.834646
vn 0.023622 -0.740157 -0.677165
vn 0.110236 -0.551181 -0.826771
vn 0.039370 -0.118110 -0.992126
vn 0.000000 -0.000000 -1.000000
vn 0.000000 -0.000000 -1.000000
vn 0.000000 -0.000000 -1.000000
vn 0.000000 -0.000000 -1.000000
vn 0.000000 -0.000000 -1.000000
vn 0.000000 -0.000000 -1.000000
vn -0.039370 -0.976378 -0.204724
vn 0.000000 -0.000000 -1.000000
vn 0.000000 -0.000000 -1.000000
vn -0.086614 -0.984252 -0.157480
vn -0.826772 -0.204724 -0.527559
vn -0.598425 -0.110236 -0.795275
vn -0.039370 -0.976378 -0.204724
vn -0.196850 -0.401575 -0.897638
vn 0.000000 -1.000000 0.000000
vn 0.000000 -1.000000 0.000000
vn -0.204724 -0.251969 -0.944882
vn 0.196850 -0.393701 -0.897638
vn -0.078740 -0.543307 -0.834646
vn 0.204724 -0.251969 -0.944882
vn -0.039370 -0.732283 -0.677165
vn 0.031496 -0.732283 -0.685039
vn 0.070866 -0.535433 -0.842520
vn 0.000000 -0.000000 -1.000000
vn 0.598425 -0.110236 -0.795275
vn 0.000000 -0.000000 -1.000000
vn 0.000000 -0.000000 -1.000000
vn 0.826772 -0.196850 -0.527559
vn 0.000000 -0.000000 -1.000000
vn 0.000000 -0.000000 -1.000000
vn 0.023622 -0.992126 -0.133858
vn 0.000000 -0.000000 -1.000000
vn 0.000000 -0.976378 -0.204724
vn 0.000000 -0.000000 -1.000000
vn 0.000000 -0.000000 -1.000000
vn 0.000000 -0.000000 -1.000000
vn 0.000000 -0.000000 -1.000000
vn -0.007874 -0.992126 -0.141732
vn -0.826772 -0.196850 -0.527559
vn -0.598425 -0.110236 -0.795275
vn -0.196850 -0.393701 -0.897638
vn -0.070866 -0.535433 -0.842520
vn -0.204724 -0.251969 -0.944882
vn 0.000000 -1.000000 0.000000
vn 0.000000 -1.000000 0.000000
vn 0.196850 -0.401575 -0.897638
vn 0.039370 -0.976378 -0.204724
vn 0.086614 -0.984252 -0.157480
vn 0.039370 -0.976378 -0.204724
vn 0.204724 -0.251969 -0.944882
vn 0.307087 -0.929134 -0.228346
vn 0.314961 -0.944882 0.000000
vn 0.818898 -0.212598 -0.527559
vn 0.000000 -0.000000 -1.000000
vn 0.000000 -0.000000 -1.000000
vn 0.000000 -0.000000 -1.000000
vn 0.598425 -0.110236 -0.795275
vn 0.000000 -0.000000 -1.000000
vn 0.078740 -0.543307 -0.834646
vn 0.039370 -0.732283 -0.677165
vn -0.031496 -0.732283 -0.685039
vn 0.000000 -0.000000 -1.000000
vn 0.669291 -0.692913 -0.259842
vn 0.700787 -0.716535 0.000000
vn 0.944882 -0.314961 0.000000
vn 0.000000 -0.000000 -1.000000
vn 0.921260 -0.299213 -0.244094
vn 0.007874 -0.000000 -1.000000
vn 0.976378 -0.000000 -0.220472
vn 1.000000 0.000000 0.000000
vn 1.000000 0.000000 0.000000
vn 0.000000 -0.000000 -1.000000
vn 0.976378 -0.000000 -0.204724
vn 1.000000 0.000000 0.000000
vn 0.976378 -0.000000 -0.204724
vn 1.000000 0.000000 0.000000
vn 0.000000 -0.000000 -1.000000
vn -0.007874 -0.000000 -1.000000
vn 0.976378 0.007874 -0.228346
vn 0.708661 0.708661 -0.000000
vn 0.000000 -0.000000 -1.000000
vn 0.740157 0.637795 -0.228346
vn 0.708661 0.708661 -0.000000
vn 0.000000 -0.000000 -1.000000
vn 0.000000 -0.000000 -1.000000
vn 0.629921 0.732283 -0.244095
vn 0.000000 -0.000000 -1.000000
vn 0.007874 0.976378 -0.228347
vn 0.000000 1.000000 -0.000000
vn 0.000000 0.007874 -1.000000
vn 0.000000 0.976378 -0.204724
vn 0.000000 1.000000 -0.000000
vn -0.897638 0.433071 -0.000000
vn -0.700787 0.708661 -0.000000
vn -0.881890 0.448819 0.125984
vn 0.000000 1.000000 -0.000000
vn -0.992126 0.000000 0.125984
vn -1.000000 0.000000 0.000000
vn -0.976378 -0.212598 0.000000
vn -0.692913 0.346457 0.629921
vn -0.055118 0.787401 0.614173
vn 0.000000 1.000000 -0.000000
vn -0.976378 -0.196850 0.110236
vn 0.000000 0.779527 0.622047
vn -0.496063 -0.858268 0.125984
vn -0.496063 -0.866142 0.000000
vn -0.763780 0.007874 0.637795
vn -0.653543 -0.322835 0.685039
vn -0.496063 -0.858268 0.125984
vn -0.496063 -0.866142 0.000000
vn -0.401575 -0.763779 0.503937
vn -0.590551 -0.102362 0.803149
vn -0.984252 -0.039370 0.188976
vn -1.000000 0.000000 0.000000
vn -1.000000 0.000000 0.000000
vn -0.566929 0.267717 0.779527
vn -0.984252 0.023622 0.188976
vn -0.732283 0.685039 -0.000000
vn -0.047244 0.653543 0.755905
vn -0.771654 0.622047 0.157480
vn -0.732283 0.685039 -0.000000
vn -0.149606 0.023622 0.992126
vn -0.771654 0.622047 0.125984
vn -0.157480 -0.031496 0.984252
vn -0.992126 0.000000 0.141732
vn -1.000000 0.000000 0.000000
vn -0.244094 -0.787401 0.559055
vn -0.062992 -0.748031 0.661417
vn -0.188976 -0.787401 0.590551
vn -0.456693 -0.377953 0.803150
vn 0.000000 0.000000 1.000000
vn 0.000000 0.000000 1.000000
vn -0.173228 -0.763779 0.629921
vn -0.039370 -0.118110 0.992126
vn -0.023622 -0.740157 0.677165
vn -0.110236 -0.551181 0.826772
vn 0.000000 0.000000 1.000000
vn 0.000000 0.000000 1.000000
vn -0.661417 0.000000 0.748031
vn 0.000000 0.000000 1.000000
vn -0.086614 0.007874 0.992126
vn 0.000000 0.637795 0.771653
vn 0.000000 0.000000 1.000000
vn 0.047244 0.653543 0.755905
vn -0.551181 -0.023622 0.834646
vn 0.000000 0.000000 1.000000
vn 0.055118 0.787401 0.614173
vn 0.000000 1.000000 -0.000000
vn 0.000000 0.000000 1.000000
vn 0.692913 0.346457 0.629921
vn 0.566929 0.267717 0.779527
vn 0.881890 0.448819 0.125984
vn 0.700787 0.708661 -0.000000
vn 0.897638 0.433071 -0.000000
vn 0.992126 0.000000 0.125984
vn 1.000000 0.000000 0.000000
vn 0.976378 -0.212598 0.000000
vn 0.763780 0.007874 0.637795
vn 0.976378 -0.196850 0.110236
vn 0.496063 -0.858268 0.125984
vn 0.496063 -0.866142 0.000000
vn 0.653543 -0.322835 0.685039
vn 0.590551 -0.102362 0.803149
vn 0.496063 -0.858268 0.125984
vn 0.496063 -0.866142 0.000000
vn 0.401575 -0.763779 0.503937
vn 0.456693 -0.377953 0.803150
vn 0.000000 0.000000 1.000000
vn 0.188976 -0.787401 0.590551
vn 0.039370 -0.118110 0.992126
vn 0.244094 -0.787401 0.559055
vn 0.000000 0.000000 1.000000
vn 0.023622 -0.740157 0.677165
vn 0.062992 -0.748031 0.661417
vn 0.157480 -0.031496 0.984252
vn 0.110236 -0.551181 0.826772
vn 0.173228 -0.763779 0.629921
vn 0.000000 0.000000 1.000000
vn 0.661417 0.000000 0.748031
vn 0.551181 -0.023622 0.834646
vn 0.000000 0.000000 1.000000
vn 0.590551 0.015748 0.803149
vn 0.000000 0.000000 1.000000
vn 0.000000 0.000000 1.000000
vn 0.590551 0.023622 0.811023
vn 0.086614 0.007874 0.992126
vn 0.456693 0.551181 0.700787
vn 0.480315 0.700787 0.527559
vn 0.149606 0.023622 0.992126
vn 0.110236 0.519685 0.842520
vn 0.283465 0.606299 0.740157
vn 0.000000 0.000000 1.000000
vn 0.401575 0.496063 0.763779
vn 0.000000 0.000000 1.000000
vn 0.228346 0.559055 0.795275
vn 0.000000 0.000000 1.000000
vn 0.590551 0.511811 0.629921
vn 0.000000 0.000000 1.000000
vn 0.622047 0.000000 0.787401
vn 0.000000 0.000000 1.000000
vn 0.000000 0.000000 1.000000
vn -0.669291 -0.685039 0.275591
vn 0.000000 -0.007874 1.000000
vn -0.299213 -0.921260 0.251969
vn -0.314961 -0.944882 0.000000
vn -0.700787 -0.716535 0.000000
vn 0.000000 -1.000000 0.000000
vn -0.921260 -0.299213 0.244094
vn -0.944882 -0.314961 0.000000
vn 0.000000 0.000000 1.000000
vn -0.976378 0.000000 0.220472
vn -1.000000 0.000000 0.000000
vn 0.000000 0.000000 1.000000
vn 0.000000 0.000000 1.000000
vn -0.976378 0.000000 0.204724
vn -1.000000 0.000000 0.000000
vn -0.976378 0.000000 0.204724
vn -1.000000 0.000000 0.000000
vn 0.000000 0.000000 1.000000
vn -0.976378 0.007874 0.228346
vn -1.000000 0.000000 0.000000
vn -0.708661 0.708661 -0.000000
vn 0.000000 0.000000 1.000000
vn 0.000000 0.000000 1.000000
vn -0.740157 0.637795 0.228346
vn -0.629921 0.732283 0.244094
vn -0.708661 0.708661 -0.000000
vn 0.000000 0.000000 1.000000
vn 0.000000 0.000000 1.000000
vn -0.015748 0.968504 0.236220
vn 0.000000 1.000000 -0.000000
vn 0.000000 0.000000 1.000000
vn 0.000000 0.976378 0.204724
vn 0.000000 1.000000 -0.000000
vn 0.000000 1.000000 -0.000000
vn 0.000000 0.000000 1.000000
vn 0.000000 0.031496 1.000000
vn 0.007874 0.976378 0.228346
vn 0.708661 0.708661 -0.000000
vn 0.000000 0.000000 1.000000
vn 0.629921 0.732283 0.244094
vn 0.708661 0.708661 -0.000000
vn 0.000000 0.015748 1.000000
vn 0.000000 0.000000 1.000000
vn 0.007874 0.007874 1.000000
vn 0.740157 0.637795 0.228346
vn 1.000000 0.000000 0.000000
vn 0.000000 0.000000 1.000000
vn 0.015748 0.015748 1.000000
vn 0.976378 0.007874 0.228346
vn 1.000000 0.000000 0.000000
vn 0.031496 0.000000 1.000000
vn -0.015748 -0.007874 1.000000
vn -0.007874 0.000000 1.000000
vn 0.976378 0.000000 0.204724
vn 1.000000 0.000000 0.000000
vn 0.000000 0.000000 1.000000
vn 0.976378 0.000000 0.204724
vn 1.000000 0.000000 0.000000
vn 0.007874 0.000000 1.000000
vn 0.976378 0.000000 0.220472
vn 0.944882 -0.314961 0.000000
vn -0.047244 0.000000 1.000000
vn 0.921260 -0.299213 0.244094
vn 0.669291 -0.692913 0.259843
vn 0.700787 -0.716535 0.000000
vn 0.314961 -0.944882 0.000000
vn 0.000000 -0.007874 1.000000
vn 0.000000 0.000000 1.000000
vn 0.007874 0.007874 1.000000
vn -0.023622 -0.023622 1.000000
vn 0.000000 0.000000 1.000000
vn 0.307087 -0.921260 0.228347
vn 0.000000 -1.000000 0.000000
vn 0.000000 -0.015748 1.000000
vn 0.039370 -0.976378 0.204724
vn 0.000000 0.000000 1.000000
vn 0.000000 -0.015748 1.000000
vn 0.086614 -0.984252 0.157480
vn 0.000000 0.000000 1.000000
vn 0.818898 -0.212598 0.527559
vn 0.039370 -0.976378 0.204724
vn 0.000000 -1.000000 0.000000
vn 0.196850 -0.401575 0.897638
vn 0.000000 -1.000000 0.000000
vn 0.204724 -0.251968 0.944882
vn -0.196850 -0.393701 0.897638
vn 0.598425 -0.110236 0.795275
vn 0.000000 0.000000 1.000000
vn -0.007874 -0.992126 0.141732
vn -0.204724 -0.251968 0.944882
vn -0.826772 -0.196850 0.527559
vn 0.000000 -0.976378 0.204724
vn 0.000000 -0.015748 1.000000
vn -0.598425 -0.110236 0.795275
vn 0.000000 0.000000 1.000000
vn 0.000000 -0.007874 1.000000
vn 0.000000 0.000000 1.000000
vn 0.000000 0.000000 1.000000
vn 0.000000 -0.015748 1.000000
vn 0.023622 -0.992126 0.133858
vn 0.000000 -1.000000 0.000000
vn 0.826772 -0.196850 0.527559
vn 0.196850 -0.393701 0.897638
vn -0.039370 -0.976378 0.204724
vn -0.196850 -0.401575 0.897638
vn -0.086614 -0.984252 0.157480
vn -0.039370 -0.976378 0.204724
vn 0.000000 -0.015748 1.000000
vn -0.826772 -0.204724 0.527559
vn 0.000000 0.000000 1.000000
vn -0.598425 -0.110236 0.795275
vn -0.204724 -0.251968 0.944882
vn 0.204724 -0.251968 0.944882
vn -0.078740 -0.543307 0.834646
vn -0.039370 -0.732283 0.677165
vn 0.031496 -0.732283 0.685039
vn 0.070866 -0.535433 0.842520
vn 0.598425 -0.110236 0.795275
vn 0.000000 0.000000 1.000000
vn 0.000000 0.000000 1.000000
vn 0.000000 0.000000 1.000000
vn 0.000000 0.000000 1.000000
vn 0.000000 0.000000 1.000000
vn 0.000000 0.000000 1.000000
vn -0.070866 -0.535433 0.842520
vn 0.000000 0.000000 1.000000
vn 0.000000 0.000000 1.000000
vn -0.031496 -0.732283 0.685039
vn 0.078740 -0.543307 0.834646
vn 0.039370 -0.732283 0.677165
vn -0.590551 0.015748 0.803149
vn -0.590551 0.023622 0.811023
vn -0.456693 0.551181 0.700787
vn -0.480315 0.700787 0.527559
vn -0.283465 0.606299 0.740157
vn -0.110236 0.519685 0.842520
vn -0.401575 0.496063 0.763779
vn -0.228346 0.559055 0.795275
vn -0.622047 0.000000 0.787401
vn -0.590551 0.511811 0.629921
vn -0.692913 0.007874 0.716535
vn -0.692913 0.000000 0.716535
vn -0.622047 0.000000 0.787401
vn -0.622047 0.000000 0.787401
vn -0.692913 0.000000 0.716535
vn -0.992126 0.000000 0.141732
vn -1.000000 0.000000 0.000000
vn -0.992126 0.000000 0.141732
vn -1.000000 0.000000 0.000000
vn -0.692913 -0.007874 0.716535
vn -0.992126 0.000000 0.141732
vn -1.000000 0.000000 0.000000
vn -0.732283 -0.685039 0.000000
vn -0.622047 0.000000 0.787401
vn -0.590551 -0.511811 0.629921
vn -0.771654 -0.622047 0.125984
vn -0.771654 -0.622047 0.157480
vn -0.732283 -0.685039 0.000000
vn -0.401575 -0.496063 0.763779
vn -0.228346 -0.559055 0.795276
vn -0.984252 -0.023622 0.188976
vn -1.000000 0.000000 0.000000
vn -1.000000 0.000000 0.000000
vn -0.149606 -0.023622 0.992126
vn -0.984252 0.039370 0.188976
vn -0.496063 0.866142 -0.000000
vn -0.157480 0.031496 0.984252
vn -0.496063 0.858268 0.125984
vn -0.496063 0.866142 -0.000000
vn -0.110236 -0.519685 0.842520
vn -0.496063 0.858268 0.125984
vn -0.283465 -0.606299 0.740157
vn -0.480315 -0.700787 0.527559
vn -0.456693 -0.551181 0.700787
vn -0.086614 -0.007874 0.992126
vn -0.590551 -0.023622 0.811023
vn -0.590551 -0.015748 0.803149
vn 0.000000 0.000000 1.000000
vn -0.661417 0.000000 0.748031
vn 0.000000 0.000000 1.000000
vn -0.551181 0.023622 0.834646
vn -0.173228 0.763779 0.629921
vn 0.000000 0.000000 1.000000
vn -0.110236 0.551181 0.826771
vn 0.000000 0.000000 1.000000
vn -0.062992 0.748031 0.661417
vn -0.023622 0.740157 0.677165
vn -0.244094 0.787401 0.559055
vn -0.188976 0.787401 0.590551
vn -0.039370 0.118110 0.992126
vn -0.401575 0.763779 0.503937
vn -0.456693 0.377953 0.803149
vn 0.000000 0.000000 1.000000
vn -0.653543 0.322835 0.685039
vn -0.976378 0.196850 0.110236
vn -0.976378 0.212598 -0.000000
vn -1.000000 0.000000 0.000000
vn -0.590551 0.102362 0.803149
vn -0.763780 -0.007874 0.637795
vn -0.992126 0.000000 0.125984
vn -0.897638 -0.433071 0.000000
vn -0.566929 -0.267716 0.779527
vn -0.881890 -0.448819 0.125984
vn -0.700787 -0.708661 0.000000
vn 0.000000 -1.000000 0.000000
vn -0.692913 -0.346457 0.629921
vn -0.055118 -0.787401 0.614173
vn 0.000000 -1.000000 0.000000
vn -0.047244 -0.653543 0.755905
vn 0.000000 0.000000 1.000000
vn 0.000000 -0.779527 0.622047
vn 0.000000 0.000000 1.000000
vn 0.055118 -0.787401 0.614173
vn 0.000000 -1.000000 0.000000
vn 0.000000 -0.637795 0.771653
vn 0.047244 -0.653543 0.755905
vn 0.692913 -0.346457 0.629921
vn 0.881890 -0.448819 0.125984
vn 0.700787 -0.708661 0.000000
vn 0.897638 -0.433071 0.000000
vn 0.992126 0.000000 0.125984
vn 1.000000 0.000000 0.000000
vn 0.763780 -0.007874 0.637795
vn 0.976378 0.196850 0.110236
vn 0.976378 0.212598 -0.000000
vn 0.496063 0.866142 -0.000000
vn 0.566929 -0.267716 0.779527
vn 0.653543 0.322835 0.685039
vn 0.496063 0.858268 0.125984
vn 0.590551 0.102362 0.803149
vn 0.000000 0.000000 1.000000
vn 0.000000 0.000000 1.000000
vn 0.000000 0.000000 1.000000
vn 0.000000 0.000000 1.000000
vn 0.000000 0.000000 1.000000
vn 0.000000 0.000000 1.000000
vn 0.000000 0.000000 1.000000
vn 0.551181 0.023622 0.834646
vn 0.590551 -0.015748 0.803149
vn 0.039370 0.118110 0.992126
vn 0.110236 0.551181 0.826771
vn 0.661417 0.000000 0.748031
vn 0.456693 0.377953 0.803149
vn 0.023622 0.740157 0.677165
vn 0.401575 0.763779 0.503937
vn 0.188976 0.787401 0.590551
vn 0.496063 0.858268 0.125984
vn 0.496063 0.866142 -0.000000
vn 0.244094 0.787401 0.559055
vn 0.062992 0.748031 0.661417
vn 0.173228 0.763779 0.629921
vn 0.157480 0.031496 0.984252
vn 0.000000 0.000000 1.000000
vn 0.984252 0.039370 0.188976
vn 1.000000 0.000000 0.000000
vn 0.984252 -0.023622 0.188976
vn 1.000000 0.000000 0.000000
vn 0.732283 -0.685039 0.000000
vn 0.149606 -0.023622 0.992126
vn 0.771654 -0.622047 0.157480
vn 0.732283 -0.685039 0.000000
vn 0.086614 -0.007874 0.992126
vn 0.771654 -0.622047 0.125984
vn 0.590551 -0.023622 0.811023
vn 0.992126 0.000000 0.141732
vn 1.000000 0.000000 0.000000
vn 1.000000 0.000000 0.000000
vn 0.456693 -0.551181 0.700787
vn 0.480315 -0.700787 0.527559
vn 0.283465 -0.606299 0.740157
vn 0.110236 -0.519685 0.842520
vn 0.401575 -0.496063 0.763779
vn 0.228346 -0.559055 0.795276
vn 0.622047 0.000000 0.787401
vn 0.590551 -0.511811 0.629921
vn 0.622047 0.000000 0.787401
vn 0.692913 -0.007874 0.716535
vn 0.992126 0.000000 0.141732
vn 1.000000 0.000000 0.000000
vn 0.692913 0.000000 0.716535
vn 0.622047 0.000000 0.787401
vn 0.992126 0.000000 0.141732
vn 1.000000 0.000000 0.000000
vn 0.692913 0.000000 0.716535
vn 0.992126 0.000000 0.141732
vn 0.732283 0.685039 -0.000000
vn 0.692913 0.007874 0.716535
vn 0.771654 0.622047 0.125984
vn 0.771654 0.622047 0.157480
vn 0.732283 0.685039 -0.000000
vn 0.984252 0.023622 0.188976
vn 1.000000 0.000000 0.000000
vn 0.984252 -0.039370 0.188976
vn 1.000000 0.000000 0.000000
vn -0.196850 -0.094488 0.976378
vn 0.000000 -0.259842 0.968504
vn -0.086614 -0.992126 0.039370
vn 0.000000 -1.000000 0.000000
vn -0.086614 -0.992126 -0.039370
vn 0.000000 -1.000000 0.000000
vn 0.000000 -0.259843 -0.968504
vn -0.196850 -0.094488 -0.976378
vn 0.000000 -0.000000 -1.000000
vn 0.000000 -0.000000 -1.000000
vn -0.511811 -0.842520 -0.141732
vn -0.464567 -0.881890 -0.110236
vn -0.511811 -0.842520 0.141732
vn -0.464567 -0.881890 0.110236
vn 0.000000 0.000000 1.000000
vn 0.000000 0.000000 1.000000
vn 0.000000 -0.000000 -1.000000
vn -0.086614 -0.031496 -0.992126
vn 0.000000 -0.992126 -0.133858
vn -0.086614 -0.984252 -0.133858
vn 0.000000 -0.992126 0.133858
vn -0.086614 -0.984252 0.133858
vn -0.086614 -0.031496 0.992126
vn 0.000000 0.000000 1.000000
vn 0.000000 -0.000000 -1.000000
vn 0.000000 -0.000000 -1.000000
vn -0.511811 0.842520 -0.141732
vn -0.464567 0.881890 -0.110236
vn -0.511811 0.842520 0.141732
vn -0.464567 0.881890 0.110236
vn 0.000000 0.000000 1.000000
vn 0.000000 0.000000 1.000000
vn 0.196850 -0.094488 -0.976378
vn 0.000000 -0.259843 -0.968504
vn 0.086614 -0.992126 -0.039370
vn 0.000000 -1.000000 0.000000
vn 0.086614 -0.992126 0.039370
vn 0.000000 -1.000000 0.000000
vn 0.000000 -0.259842 0.968504
vn 0.196850 -0.094488 0.976378
vn 0.000000 0.000000 1.000000
vn 0.000000 0.000000 1.000000
vn 0.511811 -0.842520 0.141732
vn 0.464567 -0.881890 0.110236
vn 0.511811 -0.842520 -0.141732
vn 0.464567 -0.881890 -0.110236
vn 0.000000 -0.000000 -1.000000
vn 0.000000 -0.000000 -1.000000
vn 0.000000 0.000000 1.000000
vn 0.000000 0.000000 1.000000
vn 0.511811 0.842520 0.141732
vn 0.464567 0.881890 0.110236
vn 0.511811 0.842520 -0.141732
vn 0.464567 0.881890 -0.110236
vn 0.000000 -0.000000 -1.000000
vn 0.000000 -0.000000 -1.000000
vn -1.000000 0.000000 0.000000
vn -1.000000 0.000000 0.000000
vn -0.291339 0.000000 0.960630
vn -0.291339 0.000000 0.960630
vn 0.000000 0.000000 1.000000
vn 0.000000 0.000000 1.000000
vn 0.000000 0.000000 1.000000
vn 0.000000 0.000000 1.000000
vn -0.944882 0.000000 0.314961
vn -0.944882 0.000000 0.314961
vn -0.086614 0.992126 0.039370
vn 0.000000 0.204724 0.976378
vn -0.078740 0.102362 0.992126
vn 0.000000 1.000000 -0.000000
vn -0.086614 0.992126 -0.039370
vn 0.000000 1.000000 -0.000000
vn 0.000000 0.283464 -0.960630
vn -0.102362 0.133858 -0.984252
vn 0.000000 0.992126 -0.133858
vn -0.086614 0.031496 -0.992126
vn 0.000000 -0.000000 -1.000000
vn -0.086614 0.984252 -0.133858
vn 0.000000 0.992126 0.133858
vn -0.086614 0.984252 0.133858
vn -0.086614 0.031496 0.992126
vn 0.000000 0.000000 1.000000
vn 0.086614 0.992126 -0.039370
vn 0.000000 0.204724 -0.976378
vn 0.078740 0.102362 -0.992126
vn 0.000000 1.000000 -0.000000
vn 0.086614 0.992126 0.039370
vn 0.000000 1.000000 -0.000000
vn 0.000000 0.283465 0.960630
vn 0.102362 0.133858 0.984252
vn 0.000000 0.992126 0.133858
vn 0.086614 0.031496 0.992126
vn 0.000000 0.000000 1.000000
vn 0.086614 0.984252 0.133858
vn 0.000000 0.992126 -0.133858
vn 0.086614 0.984252 -0.133858
vn 0.086614 0.031496 -0.992126
vn 0.000000 -0.000000 -1.000000
vn 0.086614 -0.031496 0.992126
vn 0.000000 -0.992126 0.133858
vn 0.000000 0.000000 1.000000
vn 0.086614 -0.984252 0.133858
vn 0.000000 -0.992126 -0.133858
vn 0.086614 -0.984252 -0.133858
vn 0.086614 -0.031496 -0.992126
vn 0.000000 -0.000000 -1.000000
vn -1.000000 0.000000 0.000000
vn -0.291339 -0.000000 -0.952756
vn -1.000000 0.000000 0.000000
vn -0.283465 -0.000000 -0.960630
vn 0.000000 -0.000000 -1.000000
vn 0.000000 -0.000000 -1.000000
vn 0.000000 -0.000000 -1.000000
vn 0.000000 -0.000000 -1.000000
vn -0.944882 -0.000000 -0.314961
vn -0.944882 -0.000000 -0.314961
vn 0.000000 0.000000 1.000000
vn 0.000000 0.000000 1.000000
vn 0.000000 0.000000 1.000000
vn -0.086614 0.031496 0.992126
vn -0.984252 -0.031496 0.149606
vn -0.511811 -0.842520 0.141732
vn -0.992126 0.031496 0.133858
vn -0.086614 0.984252 0.133858
vn -0.086614 0.984252 -0.133858
vn -0.992126 0.031496 -0.133858
vn -0.086614 0.031496 -0.992126
vn -0.984252 -0.031496 -0.149606
vn -0.511811 -0.842520 -0.141732
vn 0.000000 -0.000000 -1.000000
vn 0.000000 -0.000000 -1.000000
vn 0.000000 -0.000000 -1.000000
vn 0.000000 0.000000 1.000000
vn 0.000000 0.000000 1.000000
vn 0.000000 0.000000 1.000000
vn -0.086614 -0.031496 0.992126
vn -0.984252 0.031496 0.149606
vn -0.511811 0.842520 0.141732
vn -0.992126 -0.031496 0.133858
vn -0.086614 -0.984252 0.133858
vn -0.086614 -0.984252 -0.133858
vn -0.992126 -0.031496 -0.133858
vn -0.086614 -0.031496 -0.992126
vn -0.984252 0.031496 -0.149606
vn -0.511811 0.842520 -0.141732
vn 0.000000 -0.000000 -1.000000
vn 0.000000 -0.000000 -1.000000
vn 0.000000 -0.000000 -1.000000
vn 0.000000 -0.000000 -1.000000
vn 0.000000 -0.000000 -1.000000
vn 0.000000 -0.000000 -1.000000
vn 0.086614 0.031496 -0.992126
vn 0.984252 -0.031496 -0.149606
vn 0.511811 -0.842520 -0.141732
vn 0.992126 0.031496 -0.133858
vn 0.086614 0.984252 -0.133858
vn 0.086614 0.984252 0.133858
vn 0.992126 0.031496 0.133858
vn 0.086614 0.031496 0.992126
vn 0.984252 -0.031496 0.149606
vn 0.511811 -0.842520 0.141732
vn 0.000000 0.000000 1.000000
vn 0.000000 0.000000 1.000000
vn 0.000000 0.000000 1.000000
vn 0.000000 -0.000000 -1.000000
vn 0.000000 -0.000000 -1.000000
vn 0.000000 -0.000000 -1.000000
vn 0.086614 -0.031496 -0.992126
vn 0.984252 0.031496 -0.149606
vn 0.511811 0.842520 -0.141732
vn 0.992126 -0.031496 -0.133858
vn 0.086614 -0.984252 -0.133858
vn 0.086614 -0.984252 0.133858
vn 0.992126 -0.031496 0.133858
vn 0.086614 -0.031496 0.992126
vn 0.984252 0.031496 0.149606
vn 0.511811 0.842520 0.141732
vn 0.000000 0.000000 1.000000
vn 0.000000 0.000000 1.000000
vn 0.000000 0.000000 1.000000
vn -1.000000 -0.015748 0.000000
vn -1.000000 0.000000 0.000000
vn -0.724409 -0.007874 0.685039
vn -0.291339 0.000000 0.960630
vn -0.992126 0.015748 0.125984
vn -1.000000 0.000000 0.000000
vn -1.000000 0.000000 0.000000
vn -0.629921 0.755905 0.165354
vn 0.000000 0.000000 1.000000
vn -0.992126 0.007874 -0.094488
vn -0.787402 -0.000000 -0.622047
vn -0.685039 0.708661 -0.157480
vn -0.677165 -0.000000 -0.732283
vn -0.921260 -0.000000 -0.393701
vn -0.559055 0.818897 -0.133858
vn -0.472441 -0.000000 -0.881890
vn -0.496063 0.842520 0.196850
vn -0.496063 0.834646 -0.228347
vn -0.464567 0.834646 0.291338
vn 0.000000 0.000000 1.000000
vn -0.944882 0.000000 0.314961
vn -0.960630 -0.000000 -0.291339
vn -0.944882 0.000000 0.314961
vn -0.204724 -0.000000 -0.976378
vn -0.960630 -0.000000 -0.291339
vn -0.464567 -0.834646 0.291339
vn 0.000000 0.000000 1.000000
vn 0.000000 0.000000 1.000000
vn -0.204724 -0.000000 -0.976378
vn -0.496063 -0.842520 0.196850
vn -0.496063 -0.834646 -0.228346
vn -0.472441 -0.000000 -0.881890
vn -0.559055 -0.818897 -0.133858
vn -0.629921 -0.755905 0.165354
vn -0.291339 0.000000 0.960630
vn -0.685039 -0.708661 -0.157480
vn -0.692913 -0.000000 -0.724409
vn -0.992126 -0.007874 0.125984
vn -0.992126 -0.007874 -0.094488
vn -0.921260 -0.000000 -0.393701
vn -0.976378 -0.000000 -0.204724
vn -0.787402 -0.000000 -0.614173
vn -0.984252 -0.000000 -0.188976
vn -0.968504 -0.000000 -0.236220
vn -0.377953 0.330709 -0.866142
vn -0.968504 -0.000000 -0.244094
vn -0.283465 -0.000000 -0.960630
vn -0.393701 0.456693 -0.795276
vn 0.000000 -0.000000 -1.000000
vn 0.000000 -0.000000 -1.000000
vn -0.283465 -0.000000 -0.960630
vn 0.000000 -0.000000 -1.000000
vn -0.582677 0.692913 -0.425197
vn -0.614173 0.669291 -0.417323
vn -0.212598 0.188976 -0.960630
vn -0.110236 0.133858 -0.984252
vn 0.000000 -0.000000 -1.000000
vn -0.440945 0.574803 -0.685039
vn 0.000000 -0.000000 -1.000000
vn 0.000000 0.181102 -0.984252
vn 0.000000 0.677165 -0.732283
vn -0.401575 0.629921 -0.669291
vn 0.000000 0.700787 -0.708661
vn 0.000000 0.559055 -0.826772
vn -0.275591 0.535433 -0.803150
vn 0.000000 0.425197 -0.905512
vn -0.149606 0.377953 -0.913386
vn -0.511811 0.858268 -0.094488
vn -0.007874 0.992126 -0.094488
vn -0.700787 0.708661 -0.086614
vn -0.511811 0.858268 0.078740
vn 0.000000 1.000000 -0.000000
vn -0.007874 0.732283 0.685039
vn -1.000000 0.000000 0.000000
vn -1.000000 0.000000 0.000000
vn -0.692913 0.716535 0.086614
vn -0.724409 0.023622 0.685039
vn -1.000000 0.000000 0.000000
vn -1.000000 0.031496 -0.000000
vn -0.503937 0.503937 0.700787
vn -0.716535 0.700787 -0.000000
vn -0.511811 0.858268 -0.000000
vn -0.007874 1.000000 -0.000000
vn -0.370079 0.622047 0.685039
vn -0.724409 -0.007874 -0.685039
vn -1.000000 0.000000 0.000000
vn -1.000000 -0.015748 0.000000
vn -0.283465 -0.000000 -0.960630
vn -0.992126 0.015748 -0.125984
vn -1.000000 0.000000 0.000000
vn -0.629921 0.755905 -0.165354
vn 0.000000 -0.000000 -1.000000
vn -0.992126 0.007874 0.094488
vn -1.000000 0.000000 0.000000
vn -0.787402 0.000000 0.622047
vn -0.685039 0.708661 0.157480
vn -0.677165 0.000000 0.732283
vn -0.921260 0.000000 0.393701
vn -0.559055 0.818897 0.133858
vn -0.472441 0.000000 0.881890
vn -0.496063 0.842520 -0.196850
vn -0.496063 0.834646 0.228346
vn -0.464567 0.834646 -0.291339
vn 0.000000 -0.000000 -1.000000
vn -0.944882 -0.000000 -0.314961
vn -0.960630 0.000000 0.291339
vn -0.204724 0.000000 0.976378
vn -0.960630 0.000000 0.291339
vn -0.944882 -0.000000 -0.314961
vn -0.472441 0.000000 0.881890
vn -0.204724 0.000000 0.976378
vn -0.464567 -0.834646 -0.291338
vn 0.000000 -0.000000 -1.000000
vn 0.000000 -0.000000 -1.000000
vn -0.496063 -0.834646 0.228347
vn -0.496063 -0.842520 -0.196850
vn -0.629921 -0.755905 -0.165354
vn -0.559055 -0.818897 0.133858
vn -0.291339 -0.000000 -0.952756
vn -0.685039 -0.708661 0.157480
vn -0.685039 0.000000 0.724409
vn -0.992126 -0.007874 -0.125984
vn -0.992126 -0.007874 0.094488
vn -0.921260 0.000000 0.393701
vn -0.976378 0.000000 0.204724
vn -0.787402 0.000000 0.614173
vn -1.000000 0.000000 0.000000
vn -0.724409 0.023622 -0.685039
vn -1.000000 0.000000 0.000000
vn -1.000000 0.031496 -0.000000
vn -1.000000 0.000000 0.000000
vn -0.503937 0.503937 -0.700787
vn -0.716535 0.700787 -0.000000
vn -0.511811 0.858268 -0.000000
vn -0.692913 0.716535 -0.086614
vn -0.370079 0.622047 -0.685039
vn -0.007874 1.000000 -0.000000
vn -0.007874 0.732283 -0.685039
vn -0.511811 0.858268 -0.078740
vn 0.000000 1.000000 -0.000000
vn -0.700787 0.708661 0.086614
vn -0.511811 0.858268 0.094488
vn -0.007874 0.992126 0.094488
vn 0.000000 0.425197 0.905512
vn -0.377953 0.330709 0.866142
vn -0.149606 0.377953 0.913386
vn -0.393701 0.456693 0.795275
vn -0.275591 0.535433 0.803149
vn 0.000000 0.559055 0.826771
vn -0.401575 0.629921 0.669291
vn 0.000000 0.700787 0.708661
vn 0.000000 0.677165 0.732283
vn -0.984252 0.000000 0.188976
vn -0.968504 0.000000 0.244094
vn -0.582677 0.692913 0.425197
vn -0.968504 0.000000 0.244094
vn -0.283465 0.000000 0.960630
vn -0.440945 0.574803 0.685039
vn -0.614173 0.669291 0.417323
vn -0.283465 0.000000 0.960630
vn 0.000000 0.000000 1.000000
vn 0.000000 0.000000 1.000000
vn 0.000000 0.000000 1.000000
vn -0.212598 0.188976 0.960630
vn -0.110236 0.133858 0.984252
vn 0.000000 0.000000 1.000000
vn 0.000000 0.181102 0.984252
vn 0.000000 0.000000 1.000000
vn 1.000000 0.000000 0.000000
vn 0.503937 0.503937 0.700787
vn 0.716535 0.700787 -0.000000
vn 0.732283 0.000000 0.685039
vn 1.000000 0.000000 0.000000
vn 0.692913 0.716535 0.086614
vn 0.732283 0.000000 0.685039
vn 1.000000 0.000000 0.000000
vn 1.000000 0.000000 0.000000
vn 1.000000 0.000000 0.000000
vn 1.000000 0.000000 0.000000
vn 0.700787 0.708661 -0.086614
vn 0.787402 -0.000000 -0.622047
vn 0.787402 -0.000000 -0.614173
vn 0.377953 0.330709 -0.866142
vn 0.921260 -0.000000 -0.393701
vn 0.921260 -0.000000 -0.393701
vn 0.393701 0.456693 -0.795276
vn 0.976378 -0.000000 -0.204724
vn 0.984252 -0.000000 -0.188976
vn 0.582677 0.692913 -0.425197
vn 0.968504 -0.000000 -0.244094
vn 0.968504 -0.000000 -0.244094
vn 0.614173 0.669291 -0.417323
vn 0.283465 -0.000000 -0.960630
vn 0.283465 -0.000000 -0.960630
vn 0.212598 0.188976 -0.960630
vn 0.000000 -0.000000 -1.000000
vn 0.000000 -0.000000 -1.000000
vn 0.000000 -0.000000 -1.000000
vn 1.000000 0.000000 0.000000
vn 0.716535 0.700787 -0.000000
vn 0.503937 0.503937 -0.700787
vn 0.732283 -0.000000 -0.685039
vn 1.000000 0.000000 0.000000
vn 0.692913 0.716535 -0.086614
vn 0.732283 -0.000000 -0.685039
vn 1.000000 0.000000 0.000000
vn 1.000000 0.000000 0.000000
vn 1.000000 0.000000 0.000000
vn 1.000000 0.000000 0.000000
vn 0.700787 0.708661 0.086614
vn 0.787402 0.000000 0.622047
vn 0.787402 0.000000 0.614173
vn 0.377953 0.330709 0.866142
vn 0.921260 0.000000 0.393701
vn 0.921260 0.000000 0.393701
vn 0.393701 0.456693 0.795275
vn 0.976378 0.000000 0.204724
vn 0.984252 0.000000 0.188976
vn 0.582677 0.692913 0.425197
vn 0.968504 0.000000 0.236220
vn 0.968504 0.000000 0.244094
vn 0.614173 0.669291 0.417323
vn 0.283465 0.000000 0.960630
vn 0.283465 0.000000 0.960630
vn 0.212598 0.188976 0.960630
vn 0.000000 0.000000 1.000000
vn 0.000000 0.000000 1.000000
vn 0.000000 0.000000 1.000000
vn -0.007874 0.732283 -0.685039
vn 0.007874 1.000000 -0.000000
vn -0.007874 1.000000 -0.000000
vn 0.007874 0.732283 -0.685039
vn 0.000000 1.000000 -0.000000
vn 0.511811 0.858268 -0.000000
vn 0.503937 0.503937 -0.700787
vn 0.716535 0.700787 -0.000000
vn 0.370079 0.622047 -0.685039
vn 0.692913 0.716535 -0.086614
vn 0.511811 0.858268 -0.078740
vn 0.000000 1.000000 -0.000000
vn -0.007874 0.992126 0.094488
vn 0.511811 0.858268 0.094488
vn 0.700787 0.708661 0.086614
vn 0.007874 0.992126 0.094488
vn 0.000000 0.425197 0.905512
vn 0.149606 0.377953 0.913386
vn 0.377953 0.330709 0.866142
vn 0.393701 0.456693 0.795275
vn 0.000000 0.425197 0.905512
vn 0.000000 0.559055 0.826771
vn 0.275591 0.535433 0.803149
vn 0.000000 0.559055 0.826771
vn 0.401575 0.629921 0.669291
vn 0.582677 0.692913 0.425197
vn 0.000000 0.700787 0.708661
vn 0.000000 0.700787 0.708661
vn 0.440945 0.574803 0.685039
vn 0.614173 0.669291 0.417323
vn 0.212598 0.188976 0.960630
vn 0.000000 0.677165 0.732283
vn 0.000000 0.677165 0.732283
vn 0.000000 0.181102 0.984252
vn 0.110236 0.133858 0.984252
vn 0.000000 0.000000 1.000000
vn 0.000000 0.000000 1.000000
vn 0.000000 0.181102 0.984252
vn 0.000000 0.000000 1.000000
vn 0.000000 0.000000 1.000000
vn 0.000000 0.000000 1.000000
vn 0.000000 -0.259842 0.968504
vn -0.196850 -0.094488 0.976378
vn -0.551181 0.070866 0.826772
vn 0.000000 0.000000 1.000000
vn -1.000000 0.000000 0.000000
vn -0.086614 -0.992126 0.039370
vn -0.204724 0.165354 0.960630
vn -1.000000 0.000000 0.000000
vn -0.086614 -0.992126 -0.039370
vn -1.000000 0.000000 0.000000
vn -0.196850 -0.094488 -0.976378
vn 0.000000 -0.259843 -0.968504
vn 0.000000 -0.000000 -1.000000
vn -0.551181 0.070866 -0.826772
vn 0.000000 -0.000000 -1.000000
vn -1.000000 0.000000 0.000000
vn -0.204724 0.165354 -0.960630
vn -0.330709 0.944882 -0.039370
vn -0.330709 0.944882 0.039370
vn -0.330709 0.944882 0.070866
vn -0.330709 0.944882 -0.070866
vn 0.000000 -0.000000 -1.000000
vn 0.000000 -0.000000 -1.000000
vn 0.000000 0.000000 1.000000
vn 0.000000 0.000000 1.000000
vn -1.000000 0.000000 0.000000
vn -0.157480 0.007874 0.984252
vn -0.110236 -0.007874 0.992126
vn 0.000000 0.000000 1.000000
vn -1.000000 0.000000 0.000000
vn -1.000000 0.000000 0.000000
vn -0.850394 -0.527559 0.047244
vn -0.157480 0.007874 -0.984252
vn -1.000000 0.000000 0.000000
vn -0.110236 -0.007874 -0.992126
vn 0.000000 -0.000000 -1.000000
vn -0.850394 -0.527559 -0.047244
vn -0.125984 -0.086614 -0.992126
vn -0.118110 -0.047244 -0.992126
vn 0.000000 -0.000000 -1.000000
vn -0.850394 -0.527559 -0.047244
vn -0.527559 -0.000000 -0.850394
vn -0.850394 -0.527559 0.047244
vn -0.527559 -0.000000 -0.850394
vn 0.000000 -0.000000 -1.000000
vn -1.000000 0.000000 0.000000
vn -0.118110 0.047244 -0.992126
vn 0.000000 -0.000000 -1.000000
vn -1.000000 0.000000 0.000000
vn -1.000000 0.000000 0.000000
vn -1.000000 0.000000 0.000000
vn -0.850394 0.527559 -0.047244
vn -0.125984 0.086614 -0.992126
vn -0.110236 0.007874 -0.992126
vn 0.000000 -0.000000 -1.000000
vn -0.850394 0.527559 -0.047244
vn -0.157480 -0.007874 -0.984252
vn -1.000000 0.000000 0.000000
vn 0.000000 -0.000000 -1.000000
vn 0.000000 -0.000000 -1.000000
vn -1.000000 0.000000 0.000000
vn -1.000000 0.000000 0.000000
vn -0.850394 0.527559 0.047244
vn -0.850394 0.527559 0.047244
vn -0.125984 0.086614 0.992126
vn -0.118110 0.047244 0.992126
vn -0.110236 0.007874 0.992126
vn 0.000000 0.000000 1.000000
vn 0.000000 0.000000 1.000000
vn 0.000000 0.000000 1.000000
vn -0.527559 0.000000 0.850394
vn 0.000000 0.000000 1.000000
vn -0.527559 0.000000 0.850394
vn -0.118110 -0.047244 0.992126
vn -0.125984 -0.086614 0.992126
vn -0.157480 -0.007874 0.984252
vn 0.000000 0.000000 1.000000
vn -1.000000 0.000000 0.000000
vn 0.000000 0.000000 1.000000
vn -0.330709 -0.944882 0.070866
vn -0.204724 -0.165354 0.960630
vn -0.488189 0.000000 0.874016
vn 0.000000 0.000000 1.000000
vn -0.330709 -0.944882 -0.070866
vn -0.078740 0.102362 0.992126
vn 0.000000 0.204724 0.976378
vn -0.236220 -0.188976 -0.952756
vn -0.527559 0.000000 0.850394
vn -1.000000 0.000000 0.000000
vn -0.086614 0.992126 0.039370
vn -1.000000 0.000000 0.000000
vn -1.000000 0.000000 0.000000
vn -0.086614 0.992126 -0.039370
vn -0.102362 0.133858 -0.984252
vn -0.330709 -0.944882 0.039370
vn -1.000000 0.000000 0.000000
vn -0.330709 -0.944882 -0.039370
vn -0.464567 -0.000000 -0.889764
vn -0.370079 -0.000000 -0.929134
vn 0.000000 -0.000000 -1.000000
vn 0.000000 0.283464 -0.960630
vn 0.000000 -0.000000 -1.000000
vn 0.000000 -0.259843 -0.968504
vn 0.196850 -0.094488 -0.976378
vn 0.551181 0.070866 -0.826772
vn 0.000000 -0.000000 -1.000000
vn 1.000000 0.000000 0.000000
vn 0.086614 -0.992126 -0.039370
vn 0.204724 0.165354 -0.960630
vn 1.000000 0.000000 0.000000
vn 0.086614 -0.992126 0.039370
vn 0.196850 -0.094488 0.976378
vn 1.000000 0.000000 0.000000
vn 0.000000 -0.259842 0.968504
vn 0.000000 0.000000 1.000000
vn 0.551181 0.070866 0.826772
vn 0.000000 0.000000 1.000000
vn 1.000000 0.000000 0.000000
vn 0.204724 0.165354 0.960630
vn 0.330709 0.944882 -0.039370
vn 0.330709 0.944882 0.039370
vn 0.330709 0.944882 -0.070866
vn 0.330709 0.944882 0.070866
vn 0.000000 0.000000 1.000000
vn 0.000000 0.000000 1.000000
vn 1.000000 0.000000 0.000000
vn 0.157480 0.007874 0.984252
vn 0.110236 -0.007874 0.992126
vn 0.000000 0.000000 1.000000
vn 1.000000 0.000000 0.000000
vn 1.000000 0.000000 0.000000
vn 0.000000 -0.000000 -1.000000
vn 0.000000 -0.000000 -1.000000
vn 0.157480 0.007874 -0.984252
vn 1.000000 0.000000 0.000000
vn 0.110236 -0.007874 -0.992126
vn 0.000000 -0.000000 -1.000000
vn 0.850394 -0.527559 -0.047244
vn 0.125984 -0.086614 -0.992126
vn 0.118110 -0.047244 -0.992126
vn 0.000000 -0.000000 -1.000000
vn 0.850394 -0.527559 -0.047244
vn 0.850394 -0.527559 0.047244
vn 0.850394 -0.527559 0.047244
vn 0.125984 -0.086614 0.992126
vn 0.118110 -0.047244 0.992126
vn 0.000000 0.000000 1.000000
vn 1.000000 0.000000 0.000000
vn 0.527559 0.000000 0.850394
vn 0.527559 0.000000 0.850394
vn 0.000000 0.000000 1.000000
vn 1.000000 0.000000 0.000000
vn 1.000000 0.000000 0.000000
vn 0.118110 0.047244 0.992126
vn 0.000000 0.000000 1.000000
vn 0.527559 -0.000000 -0.850394
vn 0.527559 -0.000000 -0.850394
vn 0.000000 -0.000000 -1.000000
vn 1.000000 0.000000 0.000000
vn 0.118110 0.047244 -0.992126
vn 0.000000 -0.000000 -1.000000
vn 0.850394 0.527559 0.047244
vn 0.850394 0.527559 -0.047244
vn 0.125984 0.086614 -0.992126
vn 0.110236 0.007874 -0.992126
vn 0.000000 -0.000000 -1.000000
vn 0.850394 0.527559 -0.047244
vn 0.157480 -0.007874 -0.984252
vn 0.125984 0.086614 0.992126
vn 0.850394 0.527559 0.047244
vn 0.110236 0.007874 0.992126
vn 0.000000 0.000000 1.000000
vn 1.000000 0.000000 0.000000
vn 1.000000 0.000000 0.000000
vn 0.157480 -0.007874 0.984252
vn 1.000000 0.000000 0.000000
vn 1.000000 0.000000 0.000000
vn 0.000000 0.000000 1.000000
vn 0.000000 0.000000 1.000000
vn 0.000000 -0.000000 -1.000000
vn 0.000000 -0.000000 -1.000000
vn 0.330709 -0.944882 -0.070866
vn 0.330709 -0.944882 0.070866
vn 0.204724 -0.165354 -0.960630
vn 0.236220 -0.188976 0.952756
vn 0.330709 -0.944882 0.039370
vn 0.330709 -0.944882 -0.039370
vn 0.370079 0.000000 0.929134
vn 0.000000 0.000000 1.000000
vn 1.000000 0.000000 0.000000
vn 1.000000 0.000000 0.000000
vn 0.464567 0.000000 0.889764
vn 0.000000 0.283465 0.960630
vn 0.102362 0.133858 0.984252
vn 1.000000 0.000000 0.000000
vn 0.086614 0.992126 0.039370
vn 0.086614 0.992126 -0.039370
vn 1.000000 0.000000 0.000000
vn 0.078740 0.102362 -0.992126
vn 0.527559 -0.000000 -0.850394
vn 0.488189 -0.000000 -0.874016
vn 0.000000 -0.000000 -1.000000
vn 0.000000 0.204724 -0.976378
vn 0.000000 0.181102 -0.984252
vn 0.000000 -0.000000 -1.000000
vn 0.000000 -0.000000 -1.000000
vn 0.000000 0.181102 -0.984252
vn 0.000000 -0.000000 -1.000000
vn 0.000000 0.677165 -0.732283
vn 0.000000 0.677165 -0.732283
vn 0.110236 0.133858 -0.984252
vn 0.000000 -0.000000 -1.000000
vn 0.212598 0.188976 -0.960630
vn 0.440945 0.574803 -0.685039
vn 0.614173 0.669291 -0.417323
vn 0.582677 0.692913 -0.425197
vn 0.401575 0.629921 -0.669291
vn 0.393701 0.456693 -0.795276
vn 0.000000 0.700787 -0.708661
vn 0.000000 0.700787 -0.708661
vn 0.000000 0.559055 -0.826772
vn 0.000000 0.559055 -0.826772
vn 0.275591 0.535433 -0.803150
vn 0.000000 0.425197 -0.905512
vn 0.000000 0.425197 -0.905512
vn -0.007874 0.992126 -0.094488
vn 0.149606 0.377953 -0.913386
vn 0.377953 0.330709 -0.866142
vn 0.700787 0.708661 -0.086614
vn 0.007874 0.992126 -0.094488
vn 0.000000 1.000000 -0.000000
vn 0.511811 0.858268 -0.094488
vn 0.511811 0.858268 0.078740
vn 0.692913 0.716535 0.086614
vn 0.000000 1.000000 -0.000000
vn -0.007874 0.732283 0.685039
vn 0.370079 0.622047 0.685039
vn 0.503937 0.503937 0.700787
vn 0.007874 0.732283 0.685039
vn 0.511811 0.858268 -0.000000
vn 0.716535 0.700787 -0.000000
vn 0.007874 1.000000 -0.000000
vn -0.007874 1.000000 -0.000000
vn 0.724409 0.685039 -0.000000
vn 0.000000 -0.385827 -0.921260
vn 0.889764 0.448819 -0.000000
vn 0.078740 -0.259843 -0.960630
vn 0.000000 1.000000 -0.000000
vn -0.070866 -0.267717 -0.960630
vn 0.055118 0.472441 -0.881890
vn -0.047244 0.338583 -0.937008
vn 0.000000 1.000000 -0.000000
vn -0.724409 0.685039 -0.000000
vn 0.000000 -0.385827 -0.921260
vn -0.889764 0.448819 -0.000000
vn -0.007874 -0.566929 -0.826771
vn 0.000000 -0.598425 -0.803149
vn -0.015748 -0.637795 -0.771653
vn -0.220472 0.023622 -0.976378
vn 0.000000 -0.937008 -0.354331
vn 0.000000 -0.000000 -1.000000
vn 0.000000 -0.000000 -1.000000
vn 0.015748 -0.330709 -0.944882
vn 0.000000 -0.000000 -1.000000
vn 0.000000 -0.952756 -0.299212
vn 0.102362 -0.259843 -0.960630
vn 0.000000 -0.000000 -1.000000
vn 0.047244 -0.937008 -0.354331
vn 0.338583 -0.866142 -0.377953
vn 0.181102 -0.165354 -0.968504
vn 0.000000 -0.000000 -1.000000
vn 0.000000 -0.000000 -1.000000
vn 0.677165 -0.622047 -0.393701
vn 0.251969 -0.094488 -0.960630
vn 0.000000 -0.000000 -1.000000
vn 0.283465 -0.000000 -0.960630
vn 0.881890 -0.338583 -0.330709
vn 0.968504 -0.000000 -0.244094
vn 0.645669 -0.685039 -0.338583
vn 0.874016 -0.385827 -0.291339
vn 0.976378 -0.000000 -0.204724
vn 0.291339 -0.889764 -0.346457
vn 0.559055 -0.598425 -0.574803
vn 0.771654 -0.283465 -0.566929
vn 0.921260 -0.000000 -0.393701
vn 0.244094 -0.818898 -0.519685
vn 0.748031 -0.236221 -0.622047
vn 0.787402 -0.000000 -0.622047
vn 0.543307 -0.559055 -0.629921
vn 0.944882 -0.314961 -0.070866
vn 1.000000 0.000000 0.000000
vn 0.716535 -0.692913 -0.070866
vn 0.944882 -0.314961 0.086614
vn 1.000000 0.000000 0.000000
vn 0.732283 0.000000 0.685039
vn 0.685039 -0.228346 0.692913
vn 1.000000 0.000000 0.000000
vn 0.944882 -0.338583 0.000000
vn 0.716535 -0.692913 0.094488
vn 0.511811 -0.488189 0.708661
vn 0.716535 -0.692913 0.000000
vn 0.338583 -0.937008 0.000000
vn 0.228346 -0.677165 0.700787
vn 0.000000 -1.000000 0.000000
vn 0.314961 -0.944882 0.086614
vn 0.000000 -0.732283 0.685039
vn 0.000000 -0.732283 0.685039
vn 0.000000 -1.000000 0.000000
vn 0.000000 -1.000000 0.000000
vn 0.314961 -0.944882 -0.055118
vn 0.228346 -0.826772 -0.503937
vn 0.000000 -1.000000 0.000000
vn 0.000000 -0.921260 -0.385827
vn 0.000000 -0.897638 -0.448819
vn 0.000000 -0.921260 -0.385827
vn 0.000000 -0.921260 -0.385827
vn 0.000000 -0.913386 -0.401575
vn 0.007874 -0.566929 -0.826771
vn 0.000000 -0.921260 -0.385827
vn 0.000000 -0.897638 -0.448819
vn 0.000000 -0.984252 -0.188976
vn 0.000000 -1.000000 0.000000
vn 0.000000 -0.622047 -0.779527
vn 0.000000 -1.000000 0.000000
vn -0.314961 -0.944882 -0.055118
vn -0.314961 -0.944882 0.086614
vn -0.228346 -0.826772 -0.503937
vn -0.716535 -0.692913 -0.070866
vn -0.228346 -0.677165 0.700787
vn -0.338583 -0.937008 0.000000
vn -0.716535 -0.692913 0.094488
vn -0.511811 -0.488189 0.708661
vn -0.716535 -0.692913 0.000000
vn -0.944882 -0.338583 0.000000
vn -0.685039 -0.228346 0.692913
vn -1.000000 -0.015748 0.000000
vn -0.724409 -0.007874 0.685039
vn -0.944882 -0.314961 0.086614
vn -1.000000 0.000000 0.000000
vn -0.944882 -0.314961 -0.070866
vn -1.000000 0.000000 0.000000
vn -0.787402 -0.000000 -0.622047
vn -0.740157 -0.228346 -0.629921
vn -0.921260 -0.000000 -0.393701
vn -0.535433 -0.566929 -0.629921
vn -0.771654 -0.283465 -0.566929
vn -0.976378 -0.000000 -0.204724
vn -0.244094 -0.818898 -0.519685
vn -0.559055 -0.598425 -0.566929
vn -0.874016 -0.385827 -0.291339
vn -0.968504 -0.000000 -0.236220
vn -0.291339 -0.889764 -0.338583
vn -0.645669 -0.685039 -0.338583
vn -0.881890 -0.338583 -0.330709
vn -0.283465 -0.000000 -0.960630
vn -0.346457 -0.866142 -0.370079
vn -0.677165 -0.622047 -0.393701
vn -0.244094 -0.086614 -0.968504
vn 0.000000 -0.000000 -1.000000
vn 0.000000 -0.000000 -1.000000
vn -0.181102 -0.165354 -0.968504
vn 0.000000 -0.000000 -1.000000
vn 0.000000 -0.000000 -1.000000
vn -0.118110 -0.283465 -0.952756
vn 0.000000 -0.000000 -1.000000
vn -0.015748 -0.338583 -0.937008
vn 0.220472 0.023622 -0.976378
vn 0.000000 -0.598425 -0.803149
vn 0.000000 -0.385827 -0.921260
vn 0.000000 -0.385827 -0.921260
vn 0.724409 0.685039 -0.000000
vn 0.889764 0.448819 -0.000000
vn -0.724409 0.685039 -0.000000
vn -0.889764 0.448819 -0.000000
vn 0.070866 -0.267717 -0.960630
vn 0.000000 1.000000 -0.000000
vn -0.078740 -0.259843 -0.960630
vn 0.000000 1.000000 -0.000000
vn 0.047244 0.338583 -0.937008
vn -0.055118 0.472441 -0.881890
vn 0.724409 0.685039 -0.000000
vn 0.889764 0.448819 -0.000000
vn 0.000000 -0.385827 0.921260
vn 0.078740 -0.259842 0.960630
vn 0.000000 1.000000 -0.000000
vn -0.070866 -0.267716 0.960630
vn 0.055118 0.472441 0.881890
vn -0.047244 0.338583 0.937008
vn 0.000000 1.000000 -0.000000
vn -0.724409 0.685039 -0.000000
vn 0.000000 -0.385827 0.921260
vn -0.889764 0.448819 -0.000000
vn 0.000000 -0.559055 0.826772
vn 0.000000 -0.551181 0.834646
vn -0.007874 -0.700787 0.716535
vn -0.212598 0.251969 0.944882
vn 0.000000 -0.299212 0.952756
vn 0.000000 0.062992 1.000000
vn 0.000000 0.062992 1.000000
vn 0.007874 -0.330709 0.944882
vn 0.000000 0.000000 1.000000
vn 0.000000 -0.307086 0.952756
vn 0.000000 -0.559055 0.826772
vn 0.000000 -0.984252 0.188976
vn 0.000000 -0.984252 0.188976
vn 0.118110 -0.283464 0.952756
vn 0.000000 -0.007874 1.000000
vn 0.346457 -0.866142 0.370079
vn 0.181102 -0.165354 0.968504
vn 0.000000 0.000000 1.000000
vn 0.000000 0.000000 1.000000
vn 0.677165 -0.622047 0.393701
vn 0.244094 -0.086614 0.968504
vn 0.000000 0.000000 1.000000
vn 0.283465 0.000000 0.960630
vn 0.881890 -0.338583 0.330709
vn 0.968504 0.000000 0.236220
vn 0.645669 -0.685039 0.338583
vn 0.874016 -0.385827 0.291339
vn 0.976378 0.000000 0.204724
vn 0.291339 -0.889764 0.346457
vn 0.566929 -0.598425 0.574803
vn 0.771654 -0.283464 0.566929
vn 0.921260 0.000000 0.393701
vn 0.000000 -0.921260 0.385827
vn 0.748031 -0.236220 0.622047
vn 0.787402 0.000000 0.622047
vn 0.543307 -0.559055 0.629921
vn 0.244094 -0.818897 0.519685
vn 0.944882 -0.314961 0.070866
vn 1.000000 0.000000 0.000000
vn 1.000000 0.000000 0.000000
vn 0.716535 -0.692913 0.070866
vn 0.944882 -0.314961 -0.086614
vn 0.732283 -0.000000 -0.685039
vn 0.228346 -0.826771 0.503937
vn 0.685039 -0.228347 -0.692913
vn 1.000000 0.000000 0.000000
vn 0.944882 -0.338583 0.000000
vn 0.000000 -0.921260 0.385827
vn 0.511811 -0.488189 -0.708661
vn 0.716535 -0.692913 0.000000
vn 0.338583 -0.937008 0.000000
vn 0.716535 -0.692913 -0.094488
vn 0.228346 -0.677165 -0.700787
vn 0.000000 -1.000000 0.000000
vn 0.314961 -0.944882 0.055118
vn 0.314961 -0.944882 -0.086614
vn 0.000000 -0.732283 -0.685039
vn 0.000000 -1.000000 0.000000
vn 0.000000 -0.897638 0.448819
vn 0.000000 -1.000000 0.000000
vn 0.000000 -1.000000 0.000000
vn 0.000000 -0.732283 -0.685039
vn -0.228346 -0.677165 -0.700787
vn -0.338583 -0.937008 0.000000
vn 0.000000 -1.000000 0.000000
vn -0.511811 -0.488189 -0.708661
vn -0.716535 -0.692913 0.000000
vn -0.944882 -0.338583 0.000000
vn -0.314961 -0.944882 -0.086614
vn -0.685039 -0.228347 -0.692913
vn -1.000000 -0.015748 0.000000
vn -0.724409 -0.007874 -0.685039
vn -0.716535 -0.692913 -0.094488
vn -0.944882 -0.314961 -0.086614
vn -1.000000 0.000000 0.000000
vn -1.000000 0.000000 0.000000
vn -0.944882 -0.314961 0.070866
vn -0.787402 0.000000 0.622047
vn -0.716535 -0.692913 0.070866
vn -0.740157 -0.228346 0.629921
vn -0.921260 0.000000 0.393701
vn -0.314961 -0.944882 0.055118
vn -0.771654 -0.283464 0.566929
vn -0.976378 0.000000 0.204724
vn -0.535433 -0.566929 0.629921
vn -0.874016 -0.385827 0.291339
vn -0.968504 0.000000 0.244094
vn -0.559055 -0.598425 0.566929
vn -0.228346 -0.826771 0.503937
vn -0.244094 -0.818897 0.519685
vn -0.881890 -0.338583 0.330709
vn -0.283465 0.000000 0.960630
vn -0.645669 -0.685039 0.338583
vn -0.244094 -0.094488 0.968504
vn 0.000000 0.000000 1.000000
vn 0.000000 0.000000 1.000000
vn -0.685039 -0.614173 0.393701
vn -0.181102 -0.165354 0.968504
vn 0.000000 0.000000 1.000000
vn -0.007874 -0.007874 1.000000
vn -0.118110 -0.283464 0.952756
vn 0.000000 0.000000 1.000000
vn -0.346457 -0.866142 0.370079
vn 0.000000 -0.330709 0.944882
vn 0.212598 0.251969 0.944882
vn -0.291339 -0.889764 0.346457
vn 0.000000 -0.984252 0.188976
vn 0.007874 -0.700787 0.716535
vn 0.000000 -0.551181 0.834646
vn 0.000000 -0.921260 0.385827
vn 0.000000 -0.984252 0.188976
vn 0.000000 -0.385827 0.921260
vn 0.000000 -0.385827 0.921260
vn 0.000000 -0.921260 0.385827
vn 0.000000 -0.897638 0.448819
vn 0.000000 -1.000000 0.000000
vn 0.724409 0.685039 -0.000000
vn 0.889764 0.448819 -0.000000
vn 0.070866 -0.267716 0.960630
vn 0.000000 1.000000 -0.000000
vn -0.724409 0.685039 -0.000000
vn -0.889764 0.448819 -0.000000
vn 0.047244 0.338583 0.937008
vn -0.078740 -0.259842 0.960630
vn 0.000000 1.000000 -0.000000
vn -0.055118 0.472441 0.881890
vn -0.811024 0.448819 -0.377953
vn -0.433071 0.771653 -0.472441
vn -0.551181 0.795275 -0.259843
vn 0.000000 0.944882 -0.330709
vn -0.645669 0.425197 -0.637795
vn -0.905512 -0.000000 -0.417323
vn -0.204724 0.692913 -0.685039
vn -0.708661 0.007874 -0.708661
vn -0.905512 -0.000000 -0.417323
vn -0.299213 0.346457 -0.889764
vn -0.314961 0.007874 -0.944882
vn -0.708661 -0.007874 -0.708661
vn 0.000000 0.314960 -0.944882
vn -0.314961 -0.007874 -0.944882
vn -0.645669 -0.425197 -0.637795
vn -0.811024 -0.448819 -0.377953
vn 0.000000 0.007874 -1.000000
vn -0.433071 -0.771653 -0.472441
vn -0.551181 -0.795276 -0.259842
vn 0.000000 -0.944882 -0.330709
vn -0.299213 -0.346457 -0.889764
vn -0.204724 -0.692913 -0.685039
vn 0.000000 -0.007874 -1.000000
vn 0.000000 -0.314961 -0.944882
vn 0.000000 -0.692913 -0.724409
vn 0.204724 -0.692913 -0.685039
vn 0.433071 -0.771653 -0.472441
vn 0.551181 -0.795276 -0.259842
vn 0.299213 -0.346457 -0.889764
vn 0.645669 -0.425197 -0.637795
vn 0.811024 -0.448819 -0.377953
vn 0.905512 -0.000000 -0.417323
vn 0.314961 -0.007874 -0.944882
vn 0.708661 -0.007874 -0.708661
vn 0.708661 0.007874 -0.708661
vn 0.905512 -0.000000 -0.417323
vn 0.314961 0.007874 -0.944882
vn 0.645669 0.425197 -0.637795
vn 0.811024 0.448819 -0.377953
vn 0.551181 0.795275 -0.259843
vn 0.299213 0.346457 -0.889764
vn 0.433071 0.771653 -0.472441
vn 0.204724 0.692913 -0.685039
vn 0.000000 0.692913 -0.724409
vn -0.811024 -0.448819 0.377953
vn -0.433071 -0.771653 0.472441
vn -0.551181 -0.795275 0.259843
vn 0.000000 -0.944882 0.330709
vn -0.645669 -0.425197 0.637795
vn -0.905512 0.000000 0.417323
vn -0.204724 -0.692913 0.685039
vn -0.708661 -0.007874 0.708661
vn -0.905512 0.000000 0.417323
vn -0.299213 -0.346457 0.889764
vn -0.314961 -0.007874 0.944882
vn -0.708661 0.007874 0.708661
vn -0.314961 0.007874 0.944882
vn -0.645669 0.425197 0.637795
vn -0.811024 0.448819 0.377953
vn 0.000000 0.007874 1.000000
vn -0.433071 0.771653 0.472441
vn -0.551181 0.795276 0.259842
vn -0.299213 0.346457 0.889764
vn 0.000000 0.944882 0.330709
vn -0.204724 0.692913 0.685039
vn 0.000000 0.314961 0.944882
vn 0.000000 0.692913 0.724409
vn 0.204724 0.692913 0.685039
vn 0.433071 0.771653 0.472441
vn 0.551181 0.795276 0.259842
vn 0.299213 0.346457 0.889764
vn 0.645669 0.425197 0.637795
vn 0.811024 0.448819 0.377953
vn 0.905512 0.000000 0.417323
vn 0.314961 0.007874 0.944882
vn 0.708661 0.007874 0.708661
vn 0.708661 -0.007874 0.708661
vn 0.905512 0.000000 0.417323
vn 0.314961 -0.007874 0.944882
vn 0.000000 -0.007874 1.000000
vn 0.645669 -0.425197 0.637795
vn 0.811024 -0.448819 0.377953
vn 0.551181 -0.795275 0.259843
vn 0.299213 -0.346457 0.889764
vn 0.000000 -0.314960 0.944882
vn 0.433071 -0.771653 0.472441
vn 0.204724 -0.692913 0.685039
vn 0.000000 -0.692913 0.724409
vn -0.433071 0.771653 0.472441
vn -0.811024 0.448819 0.377953
vn -0.551181 0.795276 0.259842
vn 0.000000 0.944882 0.330709
vn -0.645669 0.425197 0.637795
vn -0.905512 0.000000 0.417323
vn -0.204724 0.692913 0.685039
vn -0.708661 0.007874 0.708661
vn -0.299213 0.346457 0.889764
vn -0.708661 -0.007874 0.708661
vn -0.905512 0.000000 0.417323
vn -0.314961 0.007874 0.944882
vn -0.314961 -0.007874 0.944882
vn -0.645669 -0.425197 0.637795
vn -0.811024 -0.448819 0.377953
vn 0.000000 -0.007874 1.000000
vn -0.433071 -0.771653 0.472441
vn -0.551181 -0.795275 0.259843
vn -0.299213 -0.346457 0.889764
vn 0.000000 -0.944882 0.330709
vn -0.204724 -0.692913 0.685039
vn 0.000000 -0.314960 0.944882
vn 0.000000 -0.692913 0.724409
vn 0.204724 -0.692913 0.685039
vn 0.433071 -0.771653 0.472441
vn 0.551181 -0.795275 0.259843
vn 0.299213 -0.346457 0.889764
vn 0.645669 -0.425197 0.637795
vn 0.811024 -0.448819 0.377953
vn 0.905512 0.000000 0.417323
vn 0.314961 -0.007874 0.944882
vn 0.708661 -0.007874 0.708661
vn 0.708661 0.007874 0.708661
vn 0.905512 0.000000 0.417323
vn 0.314961 0.007874 0.944882
vn 0.000000 0.007874 1.000000
vn 0.645669 0.425197 0.637795
vn 0.811024 0.448819 0.377953
vn 0.551181 0.795276 0.259842
vn 0.299213 0.346457 0.889764
vn 0.433071 0.771653 0.472441
vn 0.000000 0.314961 0.944882
vn 0.204724 0.692913 0.685039
vn 0.000000 0.692913 0.724409
vn -0.811024 0.448819 -0.377953
vn -0.433071 0.771653 -0.472441
vn -0.551181 0.795275 -0.259843
vn 0.000000 0.944882 -0.330709
vn -0.645669 0.425197 -0.637795
vn -0.905512 -0.000000 -0.417323
vn -0.204724 0.692913 -0.685039
vn -0.708661 0.007874 -0.708661
vn -0.905512 -0.000000 -0.417323
vn -0.299213 0.346457 -0.889764
vn -0.314961 0.007874 -0.944882
vn -0.708661 -0.007874 -0.708661
vn 0.000000 0.314960 -0.944882
vn -0.314961 -0.007874 -0.944882
vn -0.645669 -0.425197 -0.637795
vn -0.811024 -0.448819 -0.377953
vn 0.000000 0.007874 -1.000000
vn -0.433071 -0.771653 -0.472441
vn -0.551181 -0.795276 -0.259842
vn 0.000000 -0.944882 -0.330709
vn -0.299213 -0.346457 -0.889764
vn -0.204724 -0.692913 -0.685039
vn 0.000000 -0.007874 -1.000000
vn 0.000000 -0.314961 -0.944882
vn 0.000000 -0.692913 -0.724409
vn 0.204724 -0.692913 -0.685039
vn 0.433071 -0.771653 -0.472441
vn 0.551181 -0.795276 -0.259842
vn 0.299213 -0.346457 -0.889764
vn 0.645669 -0.425197 -0.637795
vn 0.811024 -0.448819 -0.377953
vn 0.905512 -0.000000 -0.417323
vn 0.314961 -0.007874 -0.944882
vn 0.708661 -0.007874 -0.708661
vn 0.708661 0.007874 -0.708661
vn 0.905512 -0.000000 -0.417323
vn 0.314961 0.007874 -0.944882
vn 0.645669 0.425197 -0.637795
vn 0.811024 0.448819 -0.377953
vn 0.551181 0.795275 -0.259843
vn 0.299213 0.346457 -0.889764
vn 0.433071 0.771653 -0.472441
vn 0.204724 0.692913 -0.685039
vn 0.000000 0.692913 -0.724409
vn 0.811024 0.448819 0.377953
vn 0.433071 0.771653 0.472441
vn 0.551181 0.795276 0.259842
vn 0.000000 0.944882 0.330709
vn 0.645669 0.425197 0.637795
vn 0.905512 0.000000 0.417323
vn 0.204724 0.692913 0.685039
vn 0.708661 0.007874 0.708661
vn 0.299213 0.346457 0.889764
vn 0.708661 -0.007874 0.708661
vn 0.905512 0.000000 0.417323
vn 0.314961 0.007874 0.944882
vn 0.314961 -0.007874 0.944882
vn 0.645669 -0.425197 0.637795
vn 0.811024 -0.448819 0.377953
vn 0.433071 -0.771653 0.472441
vn 0.551181 -0.795275 0.259843
vn 0.000000 -0.944882 0.330709
vn 0.299213 -0.346457 0.889764
vn 0.000000 -0.007874 1.000000
vn 0.204724 -0.692913 0.685039
vn 0.000000 -0.314960 0.944882
vn 0.000000 -0.692913 0.724409
vn -0.204724 -0.692913 0.685039
vn -0.433071 -0.771653 0.472441
vn -0.551181 -0.795275 0.259843
vn -0.299213 -0.346457 0.889764
vn -0.645669 -0.425197 0.637795
vn -0.811024 -0.448819 0.377953
vn -0.905512 0.000000 0.417323
vn -0.314961 -0.007874 0.944882
vn -0.708661 -0.007874 0.708661
vn -0.708661 0.007874 0.708661
vn -0.905512 0.000000 0.417323
vn -0.314961 0.007874 0.944882
vn 0.000000 0.007874 1.000000
vn -0.645669 0.425197 0.637795
vn -0.811024 0.448819 0.377953
vn -0.551181 0.795276 0.259842
vn -0.299213 0.346457 0.889764
vn -0.433071 0.771653 0.472441
vn 0.000000 0.314961 0.944882
vn -0.204724 0.692913 0.685039
vn 0.000000 0.692913 0.724409
vn 0.811024 -0.448819 -0.377953
vn 0.433071 -0.771653 -0.472441
vn 0.551181 -0.795276 -0.259842
vn 0.000000 -0.944882 -0.330709
vn 0.645669 -0.425197 -0.637795
vn 0.905512 -0.000000 -0.417323
vn 0.204724 -0.692913 -0.685039
vn 0.708661 -0.007874 -0.708661
vn 0.905512 -0.000000 -0.417323
vn 0.299213 -0.346457 -0.889764
vn 0.314961 -0.007874 -0.944882
vn 0.708661 0.007874 -0.708661
vn 0.314961 0.007874 -0.944882
vn 0.645669 0.425197 -0.637795
vn 0.811024 0.448819 -0.377953
vn 0.000000 0.007874 -1.000000
vn 0.433071 0.771653 -0.472441
vn 0.551181 0.795275 -0.259843
vn 0.299213 0.346457 -0.889764
vn 0.000000 0.944882 -0.330709
vn 0.204724 0.692913 -0.685039
vn 0.000000 0.314960 -0.944882
vn 0.000000 0.692913 -0.724409
vn -0.204724 0.692913 -0.685039
vn -0.433071 0.771653 -0.472441
vn -0.551181 0.795275 -0.259843
vn -0.299213 0.346457 -0.889764
vn -0.645669 0.425197 -0.637795
vn -0.811024 0.448819 -0.377953
vn -0.905512 -0.000000 -0.417323
vn -0.314961 0.007874 -0.944882
vn -0.708661 0.007874 -0.708661
vn -0.708661 -0.007874 -0.708661
vn -0.905512 -0.000000 -0.417323
vn -0.314961 -0.007874 -0.944882
vn 0.000000 -0.007874 -1.000000
vn -0.645669 -0.425197 -0.637795
vn -0.811024 -0.448819 -0.377953
vn -0.551181 -0.795276 -0.259842
vn -0.299213 -0.346457 -0.889764
vn -0.433071 -0.771653 -0.472441
vn 0.000000 -0.314961 -0.944882
vn -0.204724 -0.692913 -0.685039
vn 0.000000 -0.692913 -0.724409
vn 0.433071 0.771653 -0.472441
vn 0.811024 0.448819 -0.377953
vn 0.551181 0.795275 -0.259843
vn 0.000000 0.944882 -0.330709
vn 0.645669 0.425197 -0.637795
vn 0.905512 -0.000000 -0.417323
vn 0.204724 0.692913 -0.685039
vn 0.708661 0.007874 -0.708661
vn 0.905512 -0.000000 -0.417323
vn 0.299213 0.346457 -0.889764
vn 0.314961 0.007874 -0.944882
vn 0.708661 -0.007874 -0.708661
vn 0.000000 0.314960 -0.944882
vn 0.645669 -0.425197 -0.637795
vn 0.811024 -0.448819 -0.377953
vn 0.314961 -0.007874 -0.944882
vn 0.433071 -0.771653 -0.472441
vn 0.551181 -0.795276 -0.259842
vn 0.000000 -0.944882 -0.330709
vn 0.299213 -0.346457 -0.889764
vn 0.000000 -0.007874 -1.000000
vn 0.204724 -0.692913 -0.685039
vn 0.000000 -0.314961 -0.944882
vn 0.000000 -0.692913 -0.724409
vn -0.204724 -0.692913 -0.685039
vn -0.433071 -0.771653 -0.472441
vn -0.551181 -0.795276 -0.259842
vn -0.299213 -0.346457 -0.889764
vn -0.645669 -0.425197 -0.637795
vn -0.811024 -0.448819 -0.377953
vn -0.905512 -0.000000 -0.417323
vn -0.314961 -0.007874 -0.944882
vn -0.708661 -0.007874 -0.708661
vn -0.708661 0.007874 -0.708661
vn -0.905512 -0.000000 -0.417323
vn -0.314961 0.007874 -0.944882
vn 0.000000 0.007874 -1.000000
vn -0.645669 0.425197 -0.637795
vn -0.811024 0.448819 -0.377953
vn -0.551181 0.795275 -0.259843
vn -0.299213 0.346457 -0.889764
vn -0.433071 0.771653 -0.472441
vn -0.204724 0.692913 -0.685039
vn 0.000000 0.692913 -0.724409
vn 0.811024 0.448819 0.377953
vn 0.433071 0.771653 0.472441
vn 0.551181 0.795276 0.259842
vn 0.000000 0.944882 0.330709
vn 0.645669 0.425197 0.637795
vn 0.905512 0.000000 0.417323
vn 0.204724 0.692913 0.685039
vn 0.708661 0.007874 0.708661
vn 0.905512 0.000000 0.417323
vn 0.299213 0.346457 0.889764
vn 0.314961 0.007874 0.944882
vn 0.708661 -0.007874 0.708661
vn 0.000000 0.314961 0.944882
vn 0.314961 -0.007874 0.944882
vn 0.645669 -0.425197 0.637795
vn 0.811024 -0.448819 0.377953
vn 0.000000 0.007874 1.000000
vn 0.433071 -0.771653 0.472441
vn 0.551181 -0.795275 0.259843
vn 0.000000 -0.944882 0.330709
vn 0.299213 -0.346457 0.889764
vn 0.204724 -0.692913 0.685039
vn 0.000000 -0.007874 1.000000
vn 0.000000 -0.314960 0.944882
vn 0.000000 -0.692913 0.724409
vn -0.204724 -0.692913 0.685039
vn -0.433071 -0.771653 0.472441
vn -0.551181 -0.795275 0.259843
vn -0.299213 -0.346457 0.889764
vn -0.645669 -0.425197 0.637795
vn -0.811024 -0.448819 0.377953
vn -0.905512 0.000000 0.417323
vn -0.314961 -0.007874 0.944882
vn -0.708661 -0.007874 0.708661
vn -0.708661 0.007874 0.708661
vn -0.905512 0.000000 0.417323
vn -0.314961 0.007874 0.944882
vn -0.645669 0.425197 0.637795
vn -0.811024 0.448819 0.377953
vn -0.551181 0.795276 0.259842
vn -0.299213 0.346457 0.889764
vn -0.433071 0.771653 0.472441
vn -0.204724 0.692913 0.685039
vn 0.000000 0.692913 0.724409
vn 0.000000 -0.000000 -1.000000
vn 0.000000 -0.000000 -1.000000
vn 0.000000 -0.000000 -1.000000
vn 0.000000 -0.000000 -1.000000
vn 0.000000 0.000000 1.000000
vn 0.000000 0.000000 1.000000
vn 0.000000 0.000000 1.000000
vn 0.000000 0.000000 1.000000
tan 0.228346 0.000000 0.976378 1.000000
tan 0.362701 -0.358671 0.860128 1.000000
tan 0.072540 -0.071734 0.993304 1.000000
tan 0.385827 0.000000 0.921260 1.000000
tan 0.341125 -0.804513 0.478207 1.000000
tan 0.398971 -0.826957 0.382603 1.000000
tan -0.016864 -0.992374 0.132804 1.000000
tan 0.000000 -1.000000 0.086614 1.000000
tan -0.210924 -0.968690 -0.104966 1.000000
tan 0.107880 -0.915122 0.384649 1.000000
tan -0.188356 -0.982578 -0.086304 1.000000
tan -0.099510 -0.979106 0.131254 1.000000
tan -0.796268 -0.508463 -0.328601 1.000000
tan -0.825222 -0.472627 -0.310001 1.000000
tan -0.328415 -0.932172 -0.125984 1.000000
tan -0.724533 -0.490173 -0.486453 1.000000
tan -0.818402 -0.468721 -0.334367 1.000000
tan -0.568913 -0.639345 -0.515655 1.000000
tan -0.206708 -0.979478 0.027156 1.000000
tan -0.011346 -0.990452 -0.147250 1.000000
tan 0.000000 -0.984252 -0.181102 1.000000
tan 0.000000 -0.976378 0.196850 1.000000
tan 0.016554 -0.946370 0.312977 1.000000
tan 0.009672 -0.996714 0.074214 1.000000
tan 0.119660 -0.755161 0.645421 1.000000
tan -0.043710 -0.993552 -0.024800 1.000000
tan 0.542067 -0.765453 0.367413 1.000000
tan 0.641887 -0.686155 0.357493 1.000000
tan 0.658069 -0.703453 0.273607 1.000000
tan -0.424019 -0.607787 -0.670903 1.000000
tan 0.560047 -0.760741 0.325873 1.000000
tan 0.000000 -0.984252 0.157480 1.000000
tan -0.395251 -0.610453 -0.687457 1.000000
tan -0.013392 -0.996590 0.093744 1.000000
tan 0.000000 -1.000000 0.015748 1.000000
tan -0.297229 -0.914874 -0.261516 1.000000
tan -0.215636 -0.658689 -0.724409 1.000000
tan -0.212660 -0.976378 -0.007688 1.000000
tan -0.297477 -0.650753 -0.700911 1.000000
tan -0.188976 -0.984252 0.000000 1.000000
tan -0.248372 -0.651993 -0.722239 1.000000
tan -0.175770 -0.828074 -0.528613 1.000000
tan -0.031496 -1.000000 0.000000 1.000000
tan -0.047244 -1.000000 0.000000 1.000000
tan 0.029450 -0.997024 -0.026040 1.000000
tan 0.000124 -1.000434 -0.028396 1.000000
tan 0.050406 -0.998884 0.016182 1.000000
tan 0.039742 -0.991816 0.004402 1.000000
tan 0.304545 -0.813565 0.484469 1.000000
tan 0.177816 -0.843450 0.496993 1.000000
tan -0.024366 -1.000124 0.046872 1.000000
tan 0.364561 -0.865522 0.361461 1.000000
tan 0.336351 -0.703949 0.628867 1.000000
tan -0.015996 -0.993800 0.031248 1.000000
tan 0.228098 -0.831608 0.505425 1.000000
tan 0.252465 -0.794841 0.554405 1.000000
tan 0.256309 -0.860438 0.424081 1.000000
tan 0.023622 -1.000000 0.000000 1.000000
tan 0.118110 -0.992188 -0.000930 1.000000
tan 0.031000 -1.006944 -0.024490 1.000000
tan -0.034038 -0.993552 0.043834 1.000000
tan -0.006200 -1.006944 0.004898 1.000000
tan -0.022568 -0.993552 0.021824 1.000000
tan -0.004464 -1.004402 0.031248 1.000000
tan 0.000000 -1.000000 -0.007874 1.000000
tan 0.001116 -1.004402 -0.007812 1.000000
tan 0.000000 -0.992126 -0.141732 1.000000
tan 0.000000 -0.993552 0.000000 1.000000
tan -0.024800 -1.006944 0.019592 1.000000
tan 0.005828 -0.993552 -0.016554 1.000000
tan -0.068200 -0.995846 0.053878 1.000000
tan -0.039370 -1.000000 0.000000 1.000000
tan 0.010044 -0.996590 -0.070308 1.000000
tan -0.388431 -0.860252 -0.334801 1.000000
tan -0.567921 -0.763841 -0.292950 1.000000
tan -0.663463 -0.709219 -0.257052 1.000000
tan -0.549445 -0.769049 -0.345465 1.000000
tan -0.641887 -0.686155 -0.346333 1.000000
tan 0.000000 -0.984252 -0.196850 1.000000
tan -0.294191 -0.860748 -0.404365 1.000000
tan -0.332135 -0.810899 -0.474673 1.000000
tan -0.015810 -1.004464 -0.043214 1.000000
tan -0.089466 -0.998884 -0.010292 1.000000
tan 0.005394 -0.990452 0.178250 1.000000
tan 0.000000 -0.984252 0.196850 1.000000
tan 0.811582 -0.464815 0.345093 1.000000
tan -0.233988 -0.840288 -0.487693 1.000000
tan 0.716783 -0.487259 0.497117 1.000000
tan 0.818402 -0.468721 0.316821 1.000000
tan 0.004960 -0.993552 0.031000 1.000000
tan 0.788518 -0.505549 0.339265 1.000000
tan 0.210924 -0.968690 0.104966 1.000000
tan 0.396615 -0.606423 0.680947 1.000000
tan 0.558931 -0.640151 0.524831 1.000000
tan 0.188356 -0.982578 0.086304 1.000000
tan 0.165354 -0.661417 0.732283 1.000000
tan 0.013888 -0.992374 -0.109368 1.000000
tan 0.000000 -0.992126 -0.125984 1.000000
tan 0.323021 -0.937566 0.133672 1.000000
tan 0.089466 -0.984128 -0.119288 1.000000
tan -0.355695 -0.823362 -0.443363 1.000000
tan -0.395561 -0.819890 -0.400149 1.000000
tan -0.373861 -0.369707 -0.849030 1.000000
tan -0.115568 -0.920578 -0.379193 1.000000
tan -0.385827 -0.000000 -0.921260 1.000000
tan -0.133920 -0.132432 -0.976626 1.000000
tan -0.236220 -0.000000 -0.968504 1.000000
tan -0.030938 -0.950834 -0.304048 1.000000
tan -0.252340 -0.607415 -0.756091 1.000000
tan 0.175088 -0.985802 -0.003100 1.000000
tan -0.124806 -0.755533 -0.645421 1.000000
tan 0.062992 -1.000000 0.000000 1.000000
tan 0.247008 -0.920330 0.292641 1.000000
tan 0.125984 -0.992126 0.000000 1.000000
tan 0.341001 -0.616963 0.713497 1.000000
tan 0.163680 -0.978982 0.110050 1.000000
tan 0.235848 -0.660301 0.713497 1.000000
tan 0.165540 -0.651001 0.743816 1.000000
tan 0.119350 -0.831111 0.538161 1.000000
tan -0.023622 -1.000000 0.000000 1.000000
tan -0.031496 -1.000000 0.000000 1.000000
tan -0.100130 -0.985926 0.088536 1.000000
tan -0.117862 -0.991816 0.002418 1.000000
tan -0.118606 -0.989522 0.106330 1.000000
tan -0.052266 -1.000124 0.008928 1.000000
tan -0.402691 -0.710025 -0.576539 1.000000
tan -0.333561 -0.784921 -0.515221 1.000000
tan -0.319177 -0.834708 -0.448509 1.000000
tan -0.085188 -0.993800 0.043152 1.000000
tan -0.165354 -0.984252 0.000000 1.000000
tan -0.188976 -0.984252 0.000000 1.000000
tan -0.133858 -0.992126 0.000000 1.000000
tan -0.125984 -0.992126 0.000000 1.000000
tan -0.070866 -1.000000 0.000000 1.000000
tan -0.039370 -1.000000 0.000000 1.000000
tan 0.007874 -1.000000 0.000000 1.000000
tan -0.055118 -1.000000 0.000000 1.000000
tan -0.015748 -1.000000 0.000000 1.000000
tan 0.000000 -0.771653 -0.637795 1.000000
tan 0.000000 -0.622047 -0.779527 1.000000
tan 0.015748 -1.000000 0.000000 1.000000
tan 0.000000 -0.000000 -1.000000 1.000000
tan 0.000000 -0.000000 -1.000000 1.000000
tan 0.000000 -0.000000 -1.000000 1.000000
tan 0.000000 -0.000000 -1.000000 1.000000
tan 0.000000 -0.000000 -1.000000 1.000000
tan 0.385827 -0.000000 -0.921260 1.000000
tan 0.139500 -0.137950 -0.976626 1.000000
tan 0.236220 -0.000000 -0.968504 1.000000
tan 0.373861 -0.369707 -0.843450 1.000000
tan 0.252340 -0.607415 -0.756091 1.000000
tan 0.119660 -0.755161 -0.645421 1.000000
tan 0.107880 -0.915122 -0.384649 1.000000
tan 0.351169 -0.816418 -0.450307 1.000000
tan 0.395561 -0.819890 -0.400149 1.000000
tan 0.000000 -0.992126 -0.125984 1.000000
tan -0.014880 -0.992374 -0.117180 1.000000
tan -0.210924 -0.968690 0.104966 1.000000
tan 0.016554 -0.946370 -0.312976 1.000000
tan -0.188356 -0.982578 0.086304 1.000000
tan -0.099510 -0.979106 -0.131254 1.000000
tan -0.796268 -0.508463 0.328601 1.000000
tan -0.825222 -0.472627 0.316821 1.000000
tan -0.328415 -0.932172 0.125984 1.000000
tan -0.213032 -0.979478 -0.031806 1.000000
tan -0.078740 -1.000000 0.000000 1.000000
tan -0.196850 -0.984252 0.000000 1.000000
tan -0.303553 -0.914874 0.257921 1.000000
tan -0.568913 -0.639345 0.515655 1.000000
tan -0.724533 -0.490173 0.486453 1.000000
tan -0.818402 -0.468721 0.334367 1.000000
tan -0.406101 -0.611941 0.685969 1.000000
tan -0.009858 -0.990452 0.155000 1.000000
tan 0.000000 -0.984252 0.188976 1.000000
tan 0.000000 -0.976378 -0.196850 1.000000
tan -0.417819 -0.605865 0.670903 1.000000
tan -0.043710 -0.993552 0.024800 1.000000
tan 0.009672 -0.996714 -0.074214 1.000000
tan -0.220844 -0.658689 0.723913 1.000000
tan 0.050406 -0.998884 -0.016182 1.000000
tan 0.543307 -0.764213 -0.356439 1.000000
tan 0.641887 -0.686155 -0.357493 1.000000
tan 0.663463 -0.709219 -0.268212 1.000000
tan -0.055118 -1.000000 0.000000 1.000000
tan 0.566929 -0.764833 -0.303924 1.000000
tan 0.000000 -0.992126 -0.149606 1.000000
tan 0.308947 -0.815364 -0.484469 1.000000
tan -0.011160 -0.996590 -0.078120 1.000000
tan 0.378511 -0.865212 -0.348131 1.000000
tan -0.003348 -1.004402 -0.023436 1.000000
tan 0.000000 -1.000000 -0.007874 1.000000
tan -0.017112 -0.993552 -0.027466 1.000000
tan 0.003348 -1.004402 0.023436 1.000000
tan 0.000000 -1.000000 0.015748 1.000000
tan -0.011284 -0.993552 -0.010912 1.000000
tan 0.062000 -0.995846 0.048980 1.000000
tan 0.012276 -0.996590 0.085932 1.000000
tan 0.000000 -0.984252 0.157480 1.000000
tan 0.011284 -0.993552 0.010912 1.000000
tan 0.000000 -1.006944 0.000000 1.000000
tan -0.565937 -0.765825 0.314899 1.000000
tan -0.658069 -0.703453 0.268213 1.000000
tan 0.022754 -0.993552 0.032922 1.000000
tan -0.542067 -0.765453 0.367413 1.000000
tan -0.641887 -0.686155 0.357493 1.000000
tan -0.374481 -0.860562 0.348131 1.000000
tan 0.000000 -0.976378 0.196850 1.000000
tan -0.024800 -1.006944 -0.019592 1.000000
tan -0.062000 -0.995846 -0.048980 1.000000
tan 0.000000 -1.000000 0.000000 1.000000
tan -0.023622 -1.000000 0.000000 1.000000
tan -0.278257 -0.863600 0.414595 1.000000
tan -0.133858 -0.992126 0.000000 1.000000
tan -0.308947 -0.815363 0.484469 1.000000
tan -0.167090 -0.842582 0.497861 1.000000
tan -0.050406 -0.998884 0.016182 1.000000
tan -0.009672 -0.996714 0.074214 1.000000
tan -0.241862 -0.792609 0.556637 1.000000
tan 0.011346 -0.990452 -0.147250 1.000000
tan 0.000000 -0.984252 -0.188976 1.000000
tan 0.811582 -0.464815 -0.345093 1.000000
tan 0.051460 -0.993552 -0.023560 1.000000
tan 0.724533 -0.490173 -0.486453 1.000000
tan 0.818402 -0.468721 -0.316821 1.000000
tan 0.062992 -1.000000 0.000000 1.000000
tan 0.795276 -0.509455 -0.339265 1.000000
tan 0.210924 -0.968690 -0.104966 1.000000
tan 0.424019 -0.607787 -0.670903 1.000000
tan 0.188356 -0.982578 -0.086304 1.000000
tan 0.568913 -0.639345 -0.515655 1.000000
tan 0.328415 -0.932172 -0.125984 1.000000
tan 0.016864 -0.992374 0.132804 1.000000
tan 0.000000 -1.000000 0.086614 1.000000
tan -0.398971 -0.826957 0.382603 1.000000
tan 0.099510 -0.979106 0.131254 1.000000
tan -0.341125 -0.804513 0.478207 1.000000
tan -0.362701 -0.358671 0.860128 1.000000
tan -0.228346 0.000000 0.976378 1.000000
tan -0.072540 -0.071734 0.993304 1.000000
tan -0.385827 0.000000 0.921260 1.000000
tan -0.102920 -0.915122 0.390105 1.000000
tan -0.241304 -0.606981 0.756525 1.000000
tan -0.016554 -0.946370 0.312977 1.000000
tan 0.000000 0.000000 1.000000 1.000000
tan 0.000000 0.000000 1.000000 1.000000
tan 0.000000 0.000000 1.000000 1.000000
tan 0.000000 0.000000 1.000000 1.000000
tan 0.241304 -0.606981 0.756525 1.000000
tan 0.000000 -0.622047 0.779527 1.000000
tan -0.119660 -0.755161 0.645421 1.000000
tan 0.000000 -0.771653 0.637795 1.000000
tan 0.015748 -1.000000 0.000000 1.000000
tan -0.015748 -1.000000 0.000000 1.000000
tan -0.078740 -1.000000 0.000000 1.000000
tan 0.000000 -1.000000 0.000000 1.000000
tan 0.078740 -1.000000 0.000000 1.000000
tan 0.000000 -1.000000 0.000000 1.000000
tan 0.213032 -0.979478 0.031806 1.000000
tan 0.000000 -1.000000 0.000000 1.000000
tan 0.000000 -1.000000 0.000000 1.000000
tan 0.303553 -0.914874 -0.257920 1.000000
tan 0.188976 -0.984252 0.000000 1.000000
tan 0.406101 -0.611941 -0.685969 1.000000
tan 0.250543 -0.963668 -0.104780 1.000000
tan 0.039370 -1.000000 0.000000 1.000000
tan 0.226734 -0.653977 -0.718023 1.000000
tan 0.308637 -0.650939 -0.700725 1.000000
tan 0.182280 -0.828074 -0.527745 1.000000
tan 0.259347 -0.653357 -0.720875 1.000000
tan -0.011780 -0.997024 -0.010416 1.000000
tan 0.013020 -1.000434 -0.019716 1.000000
tan 0.007874 -1.000000 0.000000 1.000000
tan 0.015748 -1.000000 0.000000 1.000000
tan 0.041292 -0.993800 0.049848 1.000000
tan 0.023622 -1.000000 0.000000 1.000000
tan -0.024118 -0.991816 0.005766 1.000000
tan 0.049910 -1.000124 0.065472 1.000000
tan -0.307335 -0.696757 0.645731 1.000000
tan -0.187488 -0.831855 0.532085 1.000000
tan 0.023622 -1.000000 0.000000 1.000000
tan 0.031496 -1.000000 0.000000 1.000000
tan -0.015748 -1.000000 0.000000 1.000000
tan 0.031496 -1.000000 0.000000 1.000000
tan -0.023622 -1.000000 0.000000 1.000000
tan -0.376713 -0.567053 -0.728997 1.000000
tan -0.428483 -0.703267 -0.575423 1.000000
tan 0.024800 -0.990080 -0.140182 1.000000
tan -0.055118 -1.000000 0.000000 1.000000
tan 0.006448 -0.995226 -0.030752 1.000000
tan 0.000000 -0.913386 -0.417323 1.000000
tan -0.513361 -0.513361 -0.691921 1.000000
tan 0.000000 -1.000000 -0.015748 1.000000
tan -0.385021 -0.385021 -0.837002 1.000000
tan -0.011284 -0.995226 0.053816 1.000000
tan 0.000000 -1.000000 0.015748 1.000000
tan -0.182838 -0.235353 -0.952756 1.000000
tan -0.118110 -0.000000 -0.992126 1.000000
tan -0.046872 -0.977122 0.207577 1.000000
tan 0.000000 -0.960630 0.291339 1.000000
tan 0.223200 -0.669601 0.701841 1.000000
tan -0.078740 -1.000000 0.000000 1.000000
tan 0.178870 -0.889764 0.415587 1.000000
tan 0.269143 -0.570401 0.780520 1.000000
tan 0.033852 -0.033108 0.998884 1.000000
tan -0.215760 0.071920 0.967202 1.000000
tan -0.078740 -1.000000 0.000000 1.000000
tan 0.125984 -0.992126 0.000000 1.000000
tan -0.062992 -1.000000 0.000000 1.000000
tan 0.117924 -0.289540 0.948230 1.000000
tan -0.070866 0.000000 1.000000 1.000000
tan -0.031496 -1.000000 0.000000 1.000000
tan -0.023622 -1.000000 0.000000 1.000000
tan 0.278257 -0.863600 -0.414595 1.000000
tan 0.252465 -0.794841 -0.554405 1.000000
tan 0.171182 -0.843450 -0.497861 1.000000
tan 0.321161 -0.700539 -0.638167 1.000000
tan 0.031930 -0.991816 -0.005084 1.000000
tan 0.202864 -0.829934 -0.520553 1.000000
tan -0.037138 -1.000124 -0.056172 1.000000
tan 0.017670 -0.997024 0.015624 1.000000
tan -0.034968 -0.993800 -0.045198 1.000000
tan -0.253333 -0.651993 0.720875 1.000000
tan -0.039308 -1.000434 0.002356 1.000000
tan -0.308637 -0.650939 0.700725 1.000000
tan -0.182280 -0.828074 0.527745 1.000000
tan -0.250543 -0.963668 0.104780 1.000000
tan -0.039370 -1.000000 0.000000 1.000000
tan -0.031496 -1.000000 0.000000 1.000000
tan -0.015748 -1.000000 0.000000 1.000000
tan 0.023622 -1.000000 0.000000 1.000000
tan 0.015748 -1.000000 0.000000 1.000000
tan 0.031496 -1.000000 0.000000 1.000000
tan 0.064356 -0.207514 0.977308 1.000000
tan -0.047244 -1.000000 0.000000 1.000000
tan 0.031496 -1.000000 0.000000 1.000000
tan 0.305041 -0.176080 0.932730 1.000000
tan -0.039556 -0.911030 0.415525 1.000000
tan -0.061876 -0.982702 0.182776 1.000000
tan 0.192200 -0.209250 0.961002 1.000000
tan 0.040548 -0.913634 0.399839 1.000000
tan -0.023622 0.000000 1.000000 1.000000
tan 0.070866 0.000000 1.000000 1.000000
tan -0.056544 -0.961250 0.268585 1.000000
tan 0.161572 -0.891066 0.426251 1.000000
tan 0.073036 -0.836754 0.537789 1.000000
tan 0.226672 -0.927646 0.296485 1.000000
tan 0.112716 -0.676173 0.724657 1.000000
tan 0.071610 -0.684047 0.734515 1.000000
tan 0.066960 -0.837560 0.537913 1.000000
tan 0.078740 -1.000000 0.000000 1.000000
tan 0.210242 -0.934094 0.287681 1.000000
tan 0.015748 -1.000000 0.000000 1.000000
tan 0.102362 -0.992126 0.000000 1.000000
tan 0.202058 -0.773079 0.605121 1.000000
tan 0.204724 -0.976378 0.000000 1.000000
tan 0.086614 -0.992126 0.000000 1.000000
tan -0.012462 -0.134230 0.992684 1.000000
tan 0.149606 -0.992126 0.000000 1.000000
tan 0.072416 -0.204724 0.976378 1.000000
tan 0.118110 -0.992126 0.000000 1.000000
tan -0.157480 -0.984252 0.000000 1.000000
tan -0.094488 -0.992126 0.000000 1.000000
tan -0.196850 -0.984252 0.000000 1.000000
tan -0.104904 -0.139810 0.984500 1.000000
tan -0.297477 -0.643995 0.706491 1.000000
tan -0.217372 -0.929382 0.292393 1.000000
tan -0.161572 -0.891066 0.426251 1.000000
tan -0.056110 -0.838118 0.537355 1.000000
tan -0.202368 -0.929258 0.291649 1.000000
tan 0.062992 0.000000 1.000000 1.000000
tan -0.472441 0.000000 0.881890 1.000000
tan 0.032550 -0.916052 0.416951 1.000000
tan -0.127472 -0.208382 0.969310 1.000000
tan -0.208320 -0.172856 0.965776 1.000000
tan -0.434125 -0.200818 0.874264 1.000000
tan 0.097712 -0.958026 0.276645 1.000000
tan -0.644057 -0.379441 0.677785 1.000000
tan -0.699361 -0.233120 0.669601 1.000000
tan 0.093620 -0.862360 0.492839 1.000000
tan -0.094488 -0.992126 0.000000 1.000000
tan -0.299213 -0.952756 0.000000 1.000000
tan -0.007874 -1.000000 0.000000 1.000000
tan 0.061876 -0.982702 0.182776 1.000000
tan -0.275591 -0.960630 0.000000 1.000000
tan -0.044764 -0.835514 0.539649 1.000000
tan -0.046128 -0.679645 0.732283 1.000000
tan -0.038130 -0.684791 0.733772 1.000000
tan -0.196850 -0.984252 0.000000 1.000000
tan -0.531279 -0.691611 0.475851 1.000000
tan -0.558559 -0.546283 0.619443 1.000000
tan -0.295121 -0.885362 0.347201 1.000000
tan -0.133858 -0.992126 0.000000 1.000000
tan -0.248124 -0.943518 0.220101 1.000000
tan -0.015748 -1.000062 -0.000124 1.000000
tan 0.019096 -0.994234 0.084568 1.000000
tan 0.000000 -0.992126 0.118110 1.000000
tan 0.000000 -1.000000 0.007874 1.000000
tan -0.007874 -1.000000 0.000000 1.000000
tan 0.000000 -0.995226 0.000000 1.000000
tan 0.000000 -1.000000 -0.023622 1.000000
tan -0.011284 -0.995226 -0.053816 1.000000
tan 0.000000 -0.960630 -0.283464 1.000000
tan -0.007874 -1.000000 0.000000 1.000000
tan -0.055118 -1.000062 0.000434 1.000000
tan -0.037448 -0.982392 -0.193998 1.000000
tan 0.619381 -0.619381 -0.491041 1.000000
tan -0.015748 -1.000000 0.000000 1.000000
tan 0.428483 -0.701469 -0.570401 1.000000
tan 0.390601 -0.390601 -0.837002 1.000000
tan 0.047244 -1.000000 0.000000 1.000000
tan 0.039370 -1.000000 0.000000 1.000000
tan 0.376713 -0.567053 -0.728997 1.000000
tan 0.031496 -1.000000 0.000000 1.000000
tan 0.176328 -0.226115 -0.960754 1.000000
tan 0.102362 -0.000000 -0.992126 1.000000
tan 0.000000 -1.000000 -0.007874 1.000000
tan 0.000000 -0.204724 -0.976378 1.000000
tan 0.000000 -0.000000 -1.000000 1.000000
tan -0.398971 -0.826957 0.382603 1.000000
tan -0.390601 -0.386261 0.832352 1.000000
tan -0.345651 -0.810465 0.467729 1.000000
tan -0.503937 0.000000 0.866142 1.000000
tan 0.015872 -0.992374 0.124992 1.000000
tan 0.000000 -1.000000 0.086614 1.000000
tan 0.210924 -0.968690 -0.104966 1.000000
tan -0.115568 -0.920578 0.379193 1.000000
tan -0.252340 -0.607415 0.756091 1.000000
tan 0.000000 0.000000 1.000000 1.000000
tan 0.187488 -0.982578 -0.093992 1.000000
tan 0.000000 -0.622047 0.779527 1.000000
tan 0.788518 -0.505549 -0.339265 1.000000
tan 0.818402 -0.468721 -0.316821 1.000000
tan 0.089466 -0.984128 0.119288 1.000000
tan 0.317627 -0.937566 -0.138818 1.000000
tan 0.716783 -0.487259 -0.497117 1.000000
tan 0.811582 -0.464815 -0.351913 1.000000
tan 0.558931 -0.640151 -0.524831 1.000000
tan 0.168764 -0.985802 -0.001550 1.000000
tan 0.005394 -0.990452 -0.178250 1.000000
tan 0.000000 -0.976378 -0.196850 1.000000
tan 0.000000 -0.992126 0.118110 1.000000
tan -0.024800 -0.950834 0.308513 1.000000
tan -0.008184 -0.996714 0.081964 1.000000
tan -0.663463 -0.709219 0.251287 1.000000
tan -0.124806 -0.755533 0.645421 1.000000
tan -0.537169 -0.759377 0.367413 1.000000
tan -0.668857 -0.714985 0.228967 1.000000
tan -0.089466 -0.998884 0.010292 1.000000
tan -0.559055 -0.760741 0.331949 1.000000
tan 0.012710 -0.993552 -0.029760 1.000000
tan 0.014508 -0.996590 0.101556 1.000000
tan 0.000000 -0.992126 0.102362 1.000000
tan 0.396615 -0.606423 -0.680947 1.000000
tan 0.165354 -0.661417 -0.732283 1.000000
tan 0.341001 -0.616963 -0.713497 1.000000
tan 0.247008 -0.920330 -0.292640 1.000000
tan -0.031496 -1.000000 0.000000 1.000000
tan 0.125984 -0.992126 0.000000 1.000000
tan 0.165540 -0.651001 -0.743815 1.000000
tan 0.163680 -0.978982 -0.110050 1.000000
tan 0.235848 -0.660301 -0.713497 1.000000
tan 0.119350 -0.831112 -0.538161 1.000000
tan -0.023622 -1.000000 0.000000 1.000000
tan 0.070866 -1.000000 0.000000 1.000000
tan -0.100130 -0.985926 -0.088536 1.000000
tan -0.015748 -1.000000 0.000000 1.000000
tan -0.117862 -0.991816 -0.002418 1.000000
tan 0.000000 -0.771653 0.637795 1.000000
tan 0.007874 -1.000000 0.000000 1.000000
tan 0.119660 -0.755161 0.645421 1.000000
tan -0.118606 -0.989522 -0.106330 1.000000
tan 0.015748 -1.000000 0.000000 1.000000
tan 0.252340 -0.607415 0.756091 1.000000
tan 0.503937 0.000000 0.866142 1.000000
tan -0.078740 -1.000000 0.000000 1.000000
tan 0.107880 -0.915122 0.384649 1.000000
tan 0.016554 -0.946370 0.312977 1.000000
tan 0.341125 -0.803521 0.474673 1.000000
tan 0.396181 -0.391779 0.826834 1.000000
tan 0.398971 -0.826957 0.382603 1.000000
tan -0.016864 -0.992374 0.132804 1.000000
tan 0.000000 -1.000000 0.086614 1.000000
tan -0.210924 -0.968690 -0.104966 1.000000
tan -0.094488 -0.979106 0.125240 1.000000
tan -0.188356 -0.982578 -0.086304 1.000000
tan -0.788518 -0.505549 -0.339265 1.000000
tan -0.818402 -0.468721 -0.316821 1.000000
tan -0.328415 -0.937566 -0.128526 1.000000
tan -0.206708 -0.979478 0.027156 1.000000
tan -0.717775 -0.486267 -0.486453 1.000000
tan -0.811582 -0.464815 -0.345093 1.000000
tan -0.568913 -0.639345 -0.515655 1.000000
tan -0.297229 -0.914874 -0.261516 1.000000
tan -0.188976 -0.984252 0.000000 1.000000
tan -0.401451 -0.611941 -0.687457 1.000000
tan -0.242730 -0.963668 -0.105090 1.000000
tan -0.413417 -0.605865 -0.672825 1.000000
tan -0.039370 -1.000000 0.000000 1.000000
tan -0.302809 -0.650753 -0.700725 1.000000
tan -0.215636 -0.658689 -0.724409 1.000000
tan -0.043710 -0.993552 -0.024800 1.000000
tan -0.175770 -0.828074 -0.528613 1.000000
tan -0.248372 -0.651993 -0.722239 1.000000
tan -0.047244 -1.000000 0.000000 1.000000
tan 0.023560 -0.997024 -0.020832 1.000000
tan -0.026164 -1.000434 -0.011036 1.000000
tan -0.023622 -1.000000 0.000000 1.000000
tan -0.028644 -0.993800 0.040548 1.000000
tan -0.015748 -1.000000 0.000000 1.000000
tan 0.023622 -1.000000 0.000000 1.000000
tan -0.030752 -1.000124 0.051522 1.000000
tan 0.039742 -0.991816 0.004402 1.000000
tan 0.202864 -0.829933 0.520553 1.000000
tan 0.326679 -0.700167 0.632649 1.000000
tan 0.058218 -0.998884 0.015004 1.000000
tan 0.177816 -0.843450 0.496993 1.000000
tan 0.252465 -0.789013 0.549631 1.000000
tan -0.015748 -1.000000 0.000000 1.000000
tan 0.278257 -0.863600 0.414595 1.000000
tan 0.015748 -1.000000 0.000000 1.000000
tan 0.308947 -0.815363 0.484469 1.000000
tan 0.133858 -0.992126 0.000000 1.000000
tan 0.378511 -0.865212 0.348131 1.000000
tan -0.055118 -1.000000 0.000000 1.000000
tan 0.068200 -0.995846 -0.053878 1.000000
tan -0.023622 -1.000000 0.000000 1.000000
tan -0.062992 -1.000000 0.000000 1.000000
tan 0.279807 -0.578771 -0.759129 1.000000
tan 0.039370 -1.000000 -0.007874 1.000000
tan 0.125116 -0.299337 -0.945874 1.000000
tan -0.200880 0.066960 -0.974642 1.000000
tan 0.141050 -0.137950 -0.982206 1.000000
tan -0.070866 -0.000000 -1.000000 1.000000
tan 0.158348 -0.869924 -0.468721 1.000000
tan 0.220720 -0.662161 -0.711761 1.000000
tan -0.070866 -1.000000 0.000000 1.000000
tan -0.045136 -0.977122 -0.199888 1.000000
tan 0.000000 -0.960630 -0.267716 1.000000
tan 0.000000 -1.000000 0.000000 1.000000
tan -0.047244 -1.000000 0.000000 1.000000
tan -0.009672 -0.995226 -0.046128 1.000000
tan 0.000000 -1.000000 -0.015748 1.000000
tan 0.006448 -0.995226 0.030752 1.000000
tan 0.000000 -1.000000 0.015748 1.000000
tan 0.031496 -1.000000 0.000000 1.000000
tan 0.035650 -0.982392 0.186310 1.000000
tan 0.000000 -0.952756 0.307087 1.000000
tan -0.608221 -0.608221 0.524521 1.000000
tan -0.023622 -1.000000 0.000000 1.000000
tan 0.031496 -1.000000 0.000000 1.000000
tan -0.437101 -0.707297 0.558745 1.000000
tan -0.382479 -0.572013 0.728997 1.000000
tan -0.351541 -0.351541 0.870482 1.000000
tan 0.023622 -1.000000 0.000000 1.000000
tan -0.133858 -0.992126 0.000000 1.000000
tan -0.182838 -0.235352 0.952756 1.000000
tan -0.118110 0.000000 0.992126 1.000000
tan -0.015748 -1.000000 0.000000 1.000000
tan 0.000000 -0.204724 0.976378 1.000000
tan 0.000000 0.000000 1.000000 1.000000
tan 0.102362 0.000000 0.992126 1.000000
tan -0.023622 -1.000000 0.000000 1.000000
tan 0.000000 -1.000000 0.031496 1.000000
tan 0.176328 -0.226114 0.960754 1.000000
tan 0.351541 -0.351541 0.870482 1.000000
tan 0.023622 -1.000000 0.000000 1.000000
tan 0.369025 -0.562093 0.733957 1.000000
tan 0.535681 -0.535681 0.658441 1.000000
tan 0.023622 -1.000000 0.015748 1.000000
tan 0.000000 -1.000000 0.000000 1.000000
tan 0.039432 -1.000062 0.007564 1.000000
tan 0.450741 -0.715357 0.537045 1.000000
tan 0.000000 -0.921260 0.393701 1.000000
tan 0.015748 -1.000000 0.000000 1.000000
tan 0.055366 -1.000248 0.014880 1.000000
tan -0.024800 -0.990080 0.140182 1.000000
tan 0.000000 -1.000000 0.023622 1.000000
tan -0.007874 -1.000992 0.000248 1.000000
tan 0.126108 -0.992374 -0.005828 1.000000
tan -0.055118 -1.000062 -0.000434 1.000000
tan -0.011284 -0.995226 0.053816 1.000000
tan 0.000000 -1.000000 -0.007874 1.000000
tan 0.000000 -1.000000 0.000000 1.000000
tan 0.001612 -0.995226 -0.007688 1.000000
tan 0.000000 -0.992126 -0.118110 1.000000
tan 0.000000 -1.000062 0.000000 1.000000
tan 0.020832 -0.994234 -0.092256 1.000000
tan -0.295121 -0.885362 -0.354641 1.000000
tan -0.007874 -1.002232 -0.000372 1.000000
tan -0.241924 -0.936264 -0.234608 1.000000
tan -0.523777 -0.690433 -0.492033 1.000000
tan -0.552917 -0.540765 -0.641763 1.000000
tan -0.699361 -0.233121 -0.669601 1.000000
tan -0.125984 -0.992126 -0.007812 1.000000
tan -0.031496 -1.000000 0.000000 1.000000
tan -0.181040 -0.984314 0.009176 1.000000
tan -0.180730 -0.984624 -0.027528 1.000000
tan -0.251969 -0.968504 0.000000 1.000000
tan -0.631223 -0.377023 -0.672205 1.000000
tan -0.488189 -0.000000 -0.874016 1.000000
tan -0.291463 -0.952756 -0.015004 1.000000
tan -0.449501 -0.199826 -0.866576 1.000000
tan -0.165354 -0.984252 0.000000 1.000000
tan -0.125984 -0.992126 -0.015624 1.000000
tan -0.232810 -0.173662 -0.957344 1.000000
tan -0.039370 -1.000000 0.000000 1.000000
tan 0.073656 -0.879410 -0.468721 1.000000
tan -0.127472 -0.208382 -0.969310 1.000000
tan 0.062992 -0.000000 -1.000000 1.000000
tan 0.025482 -0.916052 -0.415401 1.000000
tan 0.062992 -0.000000 -1.000000 1.000000
tan 0.097712 -0.958026 -0.276644 1.000000
tan -0.161572 -0.891066 -0.426251 1.000000
tan 0.074400 -0.982702 -0.192200 1.000000
tan -0.062992 -1.000000 0.000000 1.000000
tan -0.104904 -0.139810 -0.984500 1.000000
tan -0.209808 -0.929258 -0.293260 1.000000
tan -0.297477 -0.643995 -0.706491 1.000000
tan 0.064728 -0.204724 -0.976378 1.000000
tan -0.157480 -0.984252 -0.015500 1.000000
tan -0.217372 -0.929382 -0.292392 1.000000
tan -0.196850 -0.984252 0.000000 1.000000
tan 0.102362 -0.992126 -0.007812 1.000000
tan -0.094488 -0.992126 0.000000 1.000000
tan 0.078740 -1.000000 0.000000 1.000000
tan 0.141732 -0.992126 -0.015624 1.000000
tan -0.012462 -0.134230 -0.992684 1.000000
tan -0.023622 -0.000000 -1.000000 1.000000
tan 0.197904 -0.773080 -0.598611 1.000000
tan 0.151404 -0.892616 -0.424701 1.000000
tan 0.184512 -0.208941 -0.961002 1.000000
tan 0.033480 -0.920702 -0.404551 1.000000
tan 0.305041 -0.176080 -0.932730 1.000000
tan 0.072044 -0.207824 -0.977308 1.000000
tan 0.031496 -1.000000 -0.015748 1.000000
tan -0.039556 -0.911030 -0.415525 1.000000
tan -0.047244 -1.000000 0.000000 1.000000
tan -0.061876 -0.982702 -0.182776 1.000000
tan -0.056544 -0.961250 -0.268584 1.000000
tan 0.226672 -0.927646 -0.296484 1.000000
tan 0.073036 -0.836754 -0.537789 1.000000
tan 0.101618 -0.675863 -0.724967 1.000000
tan 0.065844 -0.684295 -0.734515 1.000000
tan 0.056110 -0.838118 -0.537355 1.000000
tan 0.210242 -0.940356 -0.288548 1.000000
tan 0.070866 -1.000000 0.000000 1.000000
tan 0.196850 -0.976378 0.000000 1.000000
tan 0.102362 -0.992126 0.000000 1.000000
tan 0.015748 -1.000000 0.000000 1.000000
tan -0.055118 -1.000000 0.000000 1.000000
tan -0.118110 -0.992126 0.000000 1.000000
tan -0.056110 -0.838118 -0.537355 1.000000
tan -0.039370 -1.000000 0.000000 1.000000
tan -0.133858 -0.992126 0.000000 1.000000
tan -0.038130 -0.684791 -0.733771 1.000000
tan -0.044764 -0.835514 -0.539649 1.000000
tan -0.040362 -0.679335 -0.732283 1.000000
tan -0.085188 -0.993800 -0.043152 1.000000
tan -0.058652 -1.000124 -0.013578 1.000000
tan -0.324695 -0.834707 0.444913 1.000000
tan -0.408209 -0.713807 0.576539 1.000000
tan -0.333561 -0.784921 0.515221 1.000000
tan -0.233988 -0.840288 0.487693 1.000000
tan -0.294191 -0.860748 0.404365 1.000000
tan -0.325873 -0.810899 0.476471 1.000000
tan -0.068200 -0.995846 -0.053878 1.000000
tan -0.388431 -0.860252 0.334801 1.000000
tan 0.011470 -0.993552 0.022010 1.000000
tan 0.000000 -0.993552 0.000000 1.000000
tan -0.024800 -1.006944 -0.019592 1.000000
tan 0.000000 -1.006944 0.000000 1.000000
tan -0.022568 -0.993552 -0.021824 1.000000
tan 0.002232 -1.004402 0.015624 1.000000
tan 0.000000 -1.000000 0.007874 1.000000
tan -0.004464 -1.004402 -0.031248 1.000000
tan 0.000000 -1.000000 -0.015748 1.000000
tan -0.028396 -0.993552 -0.038378 1.000000
tan -0.017856 -0.996590 -0.124992 1.000000
tan 0.000000 -0.992126 -0.110236 1.000000
tan 0.663463 -0.709219 -0.240126 1.000000
tan 0.031000 -1.006944 0.024490 1.000000
tan 0.364561 -0.865522 -0.361461 1.000000
tan 0.546283 -0.750573 -0.359973 1.000000
tan 0.534689 -0.760617 -0.384463 1.000000
tan 0.663463 -0.709219 -0.257052 1.000000
tan 0.262323 -0.860438 -0.420919 1.000000
tan 0.304545 -0.813565 -0.484469 1.000000
tan 0.003720 -0.996714 -0.105214 1.000000
tan 0.000000 -0.992126 -0.133858 1.000000
tan 0.000000 -0.984252 0.173228 1.000000
tan 0.050406 -0.998884 -0.016182 1.000000
tan -0.009858 -0.990452 0.155000 1.000000
tan -0.811582 -0.464815 0.345093 1.000000
tan -0.043710 -0.993552 0.024800 1.000000
tan -0.724533 -0.490173 0.486453 1.000000
tan -0.832042 -0.476533 0.281729 1.000000
tan 0.177816 -0.843450 -0.496993 1.000000
tan -0.772026 -0.502697 0.384773 1.000000
tan 0.252465 -0.794841 -0.554405 1.000000
tan 0.336351 -0.703949 -0.628867 1.000000
tan 0.222580 -0.831608 -0.509021 1.000000
tan 0.039742 -0.991816 -0.004402 1.000000
tan -0.024366 -1.000124 -0.046872 1.000000
tan -0.015996 -0.993800 -0.031248 1.000000
tan -0.047244 -1.000000 0.000000 1.000000
tan 0.029450 -0.997024 0.026040 1.000000
tan 0.000000 -1.000000 0.000000 1.000000
tan -0.006448 -1.000434 0.024056 1.000000
tan -0.248372 -0.651993 0.722239 1.000000
tan 0.000000 -1.000000 0.000000 1.000000
tan -0.175770 -0.828074 0.528613 1.000000
tan -0.031496 -1.000000 0.000000 1.000000
tan -0.215636 -0.658689 0.724409 1.000000
tan -0.297477 -0.650753 0.700911 1.000000
tan -0.417819 -0.605865 0.670903 1.000000
tan -0.395251 -0.610453 0.687457 1.000000
tan -0.234918 -0.963668 0.105400 1.000000
tan -0.568913 -0.639345 0.515655 1.000000
tan -0.297229 -0.914874 0.261517 1.000000
tan -0.181102 -0.984252 0.000000 1.000000
tan -0.328415 -0.932172 0.125984 1.000000
tan -0.188356 -0.982578 0.086304 1.000000
tan -0.210924 -0.968690 0.097278 1.000000
tan 0.000000 -1.000000 -0.039370 1.000000
tan -0.206708 -0.979478 -0.027156 1.000000
tan -0.099510 -0.979106 -0.131254 1.000000
tan -0.021824 -0.984562 -0.171864 1.000000
tan 0.398971 -0.826958 -0.382603 1.000000
tan 0.016554 -0.946370 -0.312976 1.000000
tan 0.341125 -0.804514 -0.478207 1.000000
tan 0.390601 -0.386261 -0.826834 1.000000
tan 0.496063 -0.000000 -0.866142 1.000000
tan 0.107880 -0.915122 -0.384649 1.000000
tan 0.241304 -0.606981 -0.756525 1.000000
tan 0.000000 -0.000000 -1.000000 1.000000
tan 0.119660 -0.755161 -0.645421 1.000000
tan -0.078740 -1.000000 0.000000 1.000000
tan 0.000000 -0.622047 -0.779527 1.000000
tan 0.015748 -1.000000 0.000000 1.000000
tan -0.241304 -0.606981 -0.756525 1.000000
tan -0.496063 -0.000000 -0.866142 1.000000
tan 0.000000 -0.771653 -0.637795 1.000000
tan -0.119660 -0.755161 -0.645421 1.000000
tan -0.107880 -0.915122 -0.384649 1.000000
tan -0.341125 -0.804514 -0.478207 1.000000
tan -0.390601 -0.386261 -0.826834 1.000000
tan -0.398971 -0.826958 -0.382603 1.000000
tan 0.021824 -0.984562 -0.171864 1.000000
tan 0.000000 -1.000000 -0.039370 1.000000
tan 0.099510 -0.979106 -0.131254 1.000000
tan 0.187488 -0.982578 0.093992 1.000000
tan 0.210924 -0.968690 0.097278 1.000000
tan 0.832042 -0.476533 0.281729 1.000000
tan -0.016554 -0.946370 -0.312976 1.000000
tan 0.328415 -0.937566 0.128526 1.000000
tan 0.772026 -0.502697 0.384773 1.000000
tan 0.213032 -0.979478 -0.031806 1.000000
tan 0.078740 -1.000000 0.000000 1.000000
tan -0.015748 -1.000000 0.000000 1.000000
tan 0.188976 -0.984252 0.000000 1.000000
tan 0.000000 -1.000000 0.000000 1.000000
tan 0.007874 -1.000000 0.000000 1.000000
tan 0.015748 -1.000000 0.000000 1.000000
tan 0.039370 -1.000000 0.000000 1.000000
tan 0.019592 -1.000434 0.015376 1.000000
tan 0.041292 -0.993800 -0.049848 1.000000
tan 0.242730 -0.963668 0.105090 1.000000
tan 0.182280 -0.828074 0.527745 1.000000
tan -0.017670 -0.997024 0.015624 1.000000
tan 0.303553 -0.914874 0.257921 1.000000
tan 0.308637 -0.650939 0.700725 1.000000
tan 0.568913 -0.639345 0.515655 1.000000
tan 0.401451 -0.611941 0.687457 1.000000
tan 0.717775 -0.486267 0.486453 1.000000
tan 0.811582 -0.464815 0.345093 1.000000
tan 0.424019 -0.607787 0.670903 1.000000
tan 0.220844 -0.658689 0.723913 1.000000
tan 0.259347 -0.653357 0.720875 1.000000
tan 0.051460 -0.993552 0.023560 1.000000
tan 0.062992 -1.000000 0.000000 1.000000
tan 0.009858 -0.990452 0.155000 1.000000
tan 0.000000 -0.984252 0.181102 1.000000
tan -0.005208 -0.996714 -0.097464 1.000000
tan 0.000000 -0.992126 -0.125984 1.000000
tan -0.663463 -0.709219 -0.251286 1.000000
tan -0.050406 -0.998884 -0.016182 1.000000
tan -0.535929 -0.760617 -0.378387 1.000000
tan -0.663463 -0.709219 -0.234732 1.000000
tan -0.024118 -0.991816 -0.005766 1.000000
tan -0.552173 -0.756649 -0.353897 1.000000
tan 0.043524 -1.000124 -0.060822 1.000000
tan 0.016740 -0.996590 -0.117180 1.000000
tan 0.000000 -0.992126 -0.110236 1.000000
tan 0.000000 -1.000000 -0.015748 1.000000
tan -0.181970 -0.831856 -0.535681 1.000000
tan -0.311489 -0.696757 -0.641949 1.000000
tan -0.241862 -0.792610 -0.556637 1.000000
tan -0.171182 -0.843450 -0.497861 1.000000
tan -0.278257 -0.863600 -0.414595 1.000000
tan -0.308947 -0.815364 -0.484469 1.000000
tan -0.068200 -0.995846 0.053878 1.000000
tan -0.374481 -0.860562 -0.348131 1.000000
tan -0.018600 -1.006944 0.014694 1.000000
tan 0.022754 -0.993552 -0.032922 1.000000
tan 0.003348 -1.004402 -0.023436 1.000000
tan 0.000000 -1.000000 0.007874 1.000000
tan 0.011284 -0.993552 -0.010912 1.000000
tan 0.006200 -1.006944 -0.004898 1.000000
tan -0.003348 -1.004402 0.023436 1.000000
tan 0.000000 -0.992126 0.102362 1.000000
tan -0.011284 -0.993552 0.010912 1.000000
tan -0.015624 -0.996590 0.109368 1.000000
tan 0.668857 -0.714985 0.234733 1.000000
tan -0.017112 -0.993552 0.027466 1.000000
tan 0.553165 -0.755657 0.342923 1.000000
tan 0.535929 -0.760617 0.378387 1.000000
tan 0.663463 -0.709219 0.257053 1.000000
tan 0.003720 -0.996714 0.105214 1.000000
tan 0.000000 -0.992126 0.118110 1.000000
tan -0.009858 -0.990452 -0.155000 1.000000
tan 0.000000 -0.984252 -0.196850 1.000000
tan 0.965218 -0.178560 0.177320 1.000000
tan 1.005518 0.000000 0.000000 1.000000
tan 0.993986 -0.085064 0.043152 1.000000
tan 1.000000 0.000000 0.000000 1.000000
tan 0.993986 -0.085064 -0.043152 1.000000
tan 1.000000 0.000000 0.000000 1.000000
tan 1.005518 0.000000 0.000000 1.000000
tan 0.965218 -0.178560 -0.177320 1.000000
tan 0.881890 -0.472441 0.000000 1.000000
tan 0.881890 -0.472441 0.000000 1.000000
tan 0.854858 -0.515593 -0.022072 1.000000
tan 0.885362 -0.466985 0.004712 1.000000
tan 0.855974 -0.514477 0.032736 1.000000
tan 0.885362 -0.466117 0.002232 1.000000
tan 0.889764 -0.456693 0.000000 1.000000
tan 0.889764 -0.456693 0.000000 1.000000
tan 1.000000 0.000000 0.000000 1.000000
tan 0.985554 -0.081530 -0.083452 1.000000
tan 1.002232 0.000000 0.000000 1.000000
tan 0.994420 -0.081716 -0.042594 1.000000
tan 1.002232 0.000000 0.000000 1.000000
tan 0.994420 -0.081716 0.042594 1.000000
tan 0.985554 -0.089342 0.083204 1.000000
tan 1.000000 0.000000 0.000000 1.000000
tan -0.889764 -0.464567 0.000000 1.000000
tan -0.889764 -0.464567 0.000000 1.000000
tan -0.855974 -0.514477 0.032736 1.000000
tan -0.885362 -0.466117 0.002232 1.000000
tan -0.855974 -0.514477 -0.032736 1.000000
tan -0.885362 -0.466117 -0.002232 1.000000
tan -0.889764 -0.464567 0.000000 1.000000
tan -0.889764 -0.464567 0.000000 1.000000
tan -0.965218 -0.178560 -0.177320 1.000000
tan -1.005518 0.000000 0.000000 1.000000
tan -0.993986 -0.085064 -0.043152 1.000000
tan -1.000000 0.000000 0.000000 1.000000
tan -0.993986 -0.085064 0.043152 1.000000
tan -1.000000 0.000000 0.000000 1.000000
tan -1.005518 0.000000 0.000000 1.000000
tan -0.965218 -0.178560 0.177320 1.000000
tan -0.881890 -0.472441 0.000000 1.000000
tan -0.881890 -0.472441 0.000000 1.000000
tan -0.854858 -0.515593 0.022072 1.000000
tan -0.885362 -0.466985 -0.004712 1.000000
tan -0.855974 -0.514477 -0.032736 1.000000
tan -0.885362 -0.466117 -0.002232 1.000000
tan -0.889764 -0.456693 0.000000 1.000000
tan -0.889764 -0.456693 0.000000 1.000000
tan 0.889764 -0.464567 0.000000 1.000000
tan 0.889764 -0.464567 0.000000 1.000000
tan 0.855974 -0.514477 -0.032736 1.000000
tan 0.885362 -0.466117 -0.002232 1.000000
tan 0.855974 -0.514477 0.032736 1.000000
tan 0.885362 -0.466117 0.002232 1.000000
tan 0.889764 -0.464567 0.000000 1.000000
tan 0.889764 -0.464567 0.000000 1.000000
tan 0.000000 -1.000000 0.000000 1.000000
tan 0.000000 -1.000000 0.000000 1.000000
tan 0.000000 -1.007688 0.000000 1.000000
tan 0.000000 -1.007688 0.000000 1.000000
tan 0.000000 -1.000000 0.000000 1.000000
tan 0.000000 -1.000000 0.000000 1.000000
tan 0.000000 -1.000000 0.000000 1.000000
tan 0.000000 -1.000000 0.000000 1.000000
tan 0.000000 -0.992002 0.000000 1.000000
tan 0.000000 -0.992002 0.000000 1.000000
tan -0.993676 -0.085374 -0.034658 1.000000
tan -0.995226 -0.007688 0.001612 1.000000
tan -0.995598 -0.078988 -0.070866 1.000000
tan -1.000000 0.000000 0.007874 1.000000
tan -0.993676 -0.085064 0.042470 1.000000
tan -1.000000 0.000000 0.007874 1.000000
tan -1.003162 0.007564 0.002232 1.000000
tan -0.987724 -0.084258 0.091264 1.000000
tan -1.002232 0.000000 0.000000 1.000000
tan -0.985554 -0.081530 0.083452 1.000000
tan -1.000000 0.000000 0.000000 1.000000
tan -0.994420 -0.081716 0.042594 1.000000
tan -1.002232 0.000000 0.000000 1.000000
tan -0.994420 -0.082770 -0.034844 1.000000
tan -0.985554 -0.089342 -0.083204 1.000000
tan -1.000000 0.000000 0.000000 1.000000
tan 0.993676 -0.085374 0.034658 1.000000
tan 0.995226 -0.007688 -0.001612 1.000000
tan 0.995598 -0.078988 0.070866 1.000000
tan 1.000000 -0.000000 -0.007874 1.000000
tan 0.993676 -0.085064 -0.042470 1.000000
tan 1.000000 -0.000000 -0.007874 1.000000
tan 1.003162 0.007564 -0.002232 1.000000
tan 0.987724 -0.084258 -0.091264 1.000000
tan 1.002232 0.000000 0.000000 1.000000
tan 0.985554 -0.081530 -0.083452 1.000000
tan 1.000000 0.000000 0.000000 1.000000
tan 0.994420 -0.081716 -0.042594 1.000000
tan 1.002232 0.000000 0.000000 1.000000
tan 0.994420 -0.082770 0.034844 1.000000
tan 0.985554 -0.089342 0.083204 1.000000
tan 1.000000 0.000000 0.000000 1.000000
tan -0.985554 -0.081530 0.083452 1.000000
tan -1.002232 0.000000 0.000000 1.000000
tan -1.000000 0.000000 0.000000 1.000000
tan -0.994420 -0.081716 0.042594 1.000000
tan -1.002232 0.000000 0.000000 1.000000
tan -0.994420 -0.081716 -0.042594 1.000000
tan -0.985554 -0.089342 -0.083204 1.000000
tan -1.000000 0.000000 0.000000 1.000000
tan 0.000000 -1.000000 0.000000 1.000000
tan 0.000000 -0.992622 0.000000 1.000000
tan 0.000000 -1.000000 0.000000 1.000000
tan 0.000000 -1.003162 0.000000 1.000000
tan 0.000000 -1.000000 0.000000 1.000000
tan 0.000000 -1.000000 0.000000 1.000000
tan 0.000000 -1.000000 0.000000 1.000000
tan 0.000000 -1.000000 0.000000 1.000000
tan 0.000000 -0.992002 0.000000 1.000000
tan 0.000000 -0.992002 0.000000 1.000000
tan 0.000000 -1.000000 0.000000 1.000000
tan -0.007874 -1.000000 0.000000 1.000000
tan 0.031496 -1.000000 0.000000 1.000000
tan -0.096720 -0.992498 0.023064 1.000000
tan 0.033604 -0.998884 0.010788 1.000000
tan 0.817100 -0.531403 -0.208258 1.000000
tan -0.036518 -1.002232 -0.034844 1.000000
tan -0.934900 -0.124372 0.309567 1.000000
tan -0.934900 -0.124372 -0.309567 1.000000
tan -0.037572 -1.002232 0.042656 1.000000
tan -0.096720 -0.992498 -0.023064 1.000000
tan 0.033604 -0.998884 -0.010788 1.000000
tan 0.817100 -0.531403 0.208258 1.000000
tan 0.031496 -1.000000 0.000000 1.000000
tan 0.000000 -1.000000 0.000000 1.000000
tan -0.007874 -1.000000 0.000000 1.000000
tan 0.007874 -1.000000 0.000000 1.000000
tan 0.000000 -1.000000 0.000000 1.000000
tan -0.031496 -1.000000 0.000000 1.000000
tan 0.096720 -0.992498 -0.023064 1.000000
tan -0.033604 -0.998884 -0.010788 1.000000
tan -0.817100 -0.531403 0.208258 1.000000
tan 0.037572 -1.002232 0.042656 1.000000
tan 0.934900 -0.124372 -0.309567 1.000000
tan 0.934900 -0.124372 0.309567 1.000000
tan 0.037572 -1.002232 -0.042656 1.000000
tan 0.096720 -0.992498 0.023064 1.000000
tan -0.033604 -0.998884 0.010788 1.000000
tan -0.817100 -0.531403 -0.208258 1.000000
tan -0.031496 -1.000000 0.000000 1.000000
tan 0.000000 -1.000000 0.000000 1.000000
tan 0.007874 -1.000000 0.000000 1.000000
tan 0.000000 -1.000000 0.000000 1.000000
tan 0.007874 -1.000000 0.000000 1.000000
tan -0.031496 -1.000000 0.000000 1.000000
tan 0.096720 -0.992498 -0.023064 1.000000
tan -0.033604 -0.998884 -0.010788 1.000000
tan -0.817100 -0.531403 0.208258 1.000000
tan 0.036518 -1.002232 0.034844 1.000000
tan 0.934900 -0.124372 -0.309567 1.000000
tan 0.934900 -0.124372 0.309567 1.000000
tan 0.037572 -1.002232 -0.042656 1.000000
tan 0.096720 -0.992498 0.023064 1.000000
tan -0.033604 -0.998884 0.010788 1.000000
tan -0.817100 -0.531403 -0.208258 1.000000
tan -0.031496 -1.000000 0.000000 1.000000
tan 0.000000 -1.000000 0.000000 1.000000
tan 0.007874 -1.000000 0.000000 1.000000
tan -0.007874 -1.000000 0.000000 1.000000
tan 0.000000 -1.000000 0.000000 1.000000
tan 0.031496 -1.000000 0.000000 1.000000
tan -0.096720 -0.992498 0.023064 1.000000
tan 0.033604 -0.998884 0.010788 1.000000
tan 0.817100 -0.531403 -0.208258 1.000000
tan -0.037572 -1.002232 -0.042656 1.000000
tan -0.934900 -0.124372 0.309567 1.000000
tan -0.934900 -0.124372 -0.309567 1.000000
tan -0.037572 -1.002232 0.042656 1.000000
tan -0.096720 -0.992498 -0.023064 1.000000
tan 0.033604 -0.998884 -0.010788 1.000000
tan 0.817100 -0.531403 0.208258 1.000000
tan 0.031496 -1.000000 0.000000 1.000000
tan 0.000000 -1.000000 0.000000 1.000000
tan -0.007874 -1.000000 0.000000 1.000000
tan 0.015500 -0.984252 -0.196850 1.000000
tan 0.000000 -0.992126 0.133858 1.000000
tan -0.183272 -0.960754 -0.204848 1.000000
tan -0.385765 -0.915308 -0.116994 1.000000
tan -0.070556 -0.896646 -0.443549 1.000000
tan 0.000000 -0.944882 -0.322834 1.000000
tan 0.000000 -0.960630 -0.283464 1.000000
tan -0.774506 -0.612437 -0.150784 1.000000
tan -0.976378 -0.204724 0.000000 1.000000
tan 0.013206 -0.969806 -0.219480 1.000000
tan 0.132246 -0.978548 -0.167400 1.000000
tan -0.629301 -0.688139 -0.359167 1.000000
tan 0.063426 -0.994792 -0.058652 1.000000
tan 0.000000 -1.003720 0.000000 1.000000
tan -0.692541 -0.549755 -0.470829 1.000000
tan 0.027776 -1.000930 -0.014880 1.000000
tan -0.831112 -0.404241 -0.364251 1.000000
tan -0.693595 -0.538719 -0.462335 1.000000
tan -0.877054 -0.385331 -0.294624 1.000000
tan -0.992126 -0.118110 0.000000 1.000000
tan -0.106640 -0.934962 -0.319920 1.000000
tan 0.050468 -0.990266 -0.166408 1.000000
tan 0.084320 -0.959762 0.252961 1.000000
tan 0.061504 -0.995226 -0.012896 1.000000
tan -0.013764 -1.000124 0.045384 1.000000
tan 0.883006 -0.426127 0.187240 1.000000
tan 0.968504 -0.236220 0.000000 1.000000
tan 0.905512 -0.425197 0.000000 1.000000
tan 0.099944 -0.995226 -0.020956 1.000000
tan 0.863600 -0.461033 0.203050 1.000000
tan 0.762354 -0.546593 0.341745 1.000000
tan 0.062496 -1.000930 -0.033480 1.000000
tan 0.740715 -0.564573 0.360283 1.000000
tan 0.753116 -0.649947 -0.102176 1.000000
tan 0.083204 -1.000124 0.025234 1.000000
tan 0.661541 -0.701035 0.276955 1.000000
tan -0.051336 -0.999442 0.049104 1.000000
tan 0.036394 -0.975758 0.225619 1.000000
tan -0.006386 -0.985430 0.149172 1.000000
tan -0.099200 -0.971604 0.232129 1.000000
tan -0.006448 -0.995226 0.030752 1.000000
tan -0.164424 -0.962738 0.210800 1.000000
tan -0.010416 -1.004464 0.054250 1.000000
tan -0.020460 -0.993800 0.083886 1.000000
tan -0.532333 -0.842210 -0.089280 1.000000
tan -0.019220 -0.997582 0.076260 1.000000
tan -0.083204 -0.995598 0.024552 1.000000
tan -0.556823 -0.808668 -0.188728 1.000000
tan -0.188976 -0.984252 0.000000 1.000000
tan -0.062992 -1.000000 0.000000 1.000000
tan -0.189100 -0.978238 0.055800 1.000000
tan -0.385827 -0.921260 0.000000 1.000000
tan -0.672577 -0.700105 -0.219232 1.000000
tan -0.615847 -0.738980 -0.278814 1.000000
tan -0.407589 -0.913324 -0.089466 1.000000
tan -0.533635 -0.839730 -0.054436 1.000000
tan -0.559055 -0.826772 0.000000 1.000000
tan -0.604129 -0.749767 -0.240250 1.000000
tan -0.582677 -0.811023 0.000000 1.000000
tan -0.593465 -0.790501 -0.145452 1.000000
tan -0.683613 -0.530473 -0.490545 1.000000
tan -0.652551 -0.710397 -0.277078 1.000000
tan -0.710273 -0.496621 -0.491103 1.000000
tan -0.656085 -0.624961 -0.422593 1.000000
tan -0.628185 -0.729369 -0.270692 1.000000
tan -0.757579 -0.591791 -0.277884 1.000000
tan -0.651745 -0.729059 -0.194928 1.000000
tan -0.835762 -0.520553 -0.201314 1.000000
tan -0.969806 -0.029946 -0.233616 1.000000
tan -0.695455 -0.702709 -0.122574 1.000000
tan -0.865088 -0.513051 -0.030814 1.000000
tan -1.000000 0.000000 0.062992 1.000000
tan -0.960878 -0.199702 0.202430 1.000000
tan 0.000000 -0.992126 0.118110 1.000000
tan 0.000000 -1.000000 -0.062992 1.000000
tan -0.715667 -0.693595 0.012586 1.000000
tan -0.146382 -0.977556 -0.121086 1.000000
tan 0.000000 -0.913386 -0.401575 1.000000
tan -0.028768 -0.913386 -0.401823 1.000000
tan -0.693719 -0.715791 0.015872 1.000000
tan -0.695269 -0.710893 -0.100440 1.000000
tan -0.851510 -0.507781 -0.144398 1.000000
tan -0.889764 -0.007006 0.448819 1.000000
tan -0.860562 -0.494637 -0.015748 1.000000
tan -0.183272 -0.960754 0.204848 1.000000
tan 0.000000 -0.992126 -0.110236 1.000000
tan 0.015500 -0.984252 0.196850 1.000000
tan -0.385765 -0.913262 0.113832 1.000000
tan -0.069564 -0.896646 0.435737 1.000000
tan 0.000000 -0.944882 0.322835 1.000000
tan -0.773204 -0.615041 0.133920 1.000000
tan -0.960630 -0.283465 0.000000 1.000000
tan 0.016988 -0.961994 0.258541 1.000000
tan 0.000000 -0.952756 0.307087 1.000000
tan 0.161634 -0.967450 0.204600 1.000000
tan -0.621241 -0.685225 0.381115 1.000000
tan 0.098022 -0.989026 0.090644 1.000000
tan 0.012400 -1.003720 0.029016 1.000000
tan -0.701097 -0.553103 0.455577 1.000000
tan 0.020832 -1.000930 0.011160 1.000000
tan -0.846364 -0.426809 0.306095 1.000000
tan -0.716908 -0.545043 0.434807 1.000000
tan -0.883316 -0.408705 0.237646 1.000000
tan -0.976378 -0.196850 0.000000 1.000000
tan -0.094240 -0.949842 0.282721 1.000000
tan 0.041292 -0.992560 0.136152 1.000000
tan 0.038440 -0.995226 0.008060 1.000000
tan -0.009176 -1.000124 -0.030256 1.000000
tan 0.076880 -0.967202 -0.230640 1.000000
tan 0.069440 -1.000930 0.037200 1.000000
tan 0.115320 -0.987538 0.024180 1.000000
tan 0.884990 -0.438961 -0.153636 1.000000
tan 0.960630 -0.283465 0.000000 1.000000
tan 0.881890 -0.480315 0.000000 1.000000
tan 0.772522 -0.546903 -0.320789 1.000000
tan 0.865584 -0.472689 -0.158162 1.000000
tan 0.753116 -0.651249 0.108128 1.000000
tan 0.748217 -0.566867 -0.342985 1.000000
tan 0.090024 -0.992622 -0.027528 1.000000
tan 0.654721 -0.696881 -0.287928 1.000000
tan -0.068448 -0.994048 -0.064728 1.000000
tan 0.034410 -0.975758 -0.209994 1.000000
tan -0.008680 -0.977618 -0.172608 1.000000
tan -0.102300 -0.968504 -0.239382 1.000000
tan -0.004836 -0.995226 -0.023064 1.000000
tan -0.178932 -0.957902 -0.229400 1.000000
tan 0.000000 -0.992126 -0.118110 1.000000
tan -0.146382 -0.977556 0.121086 1.000000
tan 0.000000 -0.929134 0.377953 1.000000
tan -0.028768 -0.913386 0.401823 1.000000
tan 0.000000 -1.000000 0.047244 1.000000
tan -0.693719 -0.715791 -0.015872 1.000000
tan -0.695269 -0.710893 0.100440 1.000000
tan -0.851510 -0.507781 0.144398 1.000000
tan -0.714985 -0.694277 -0.023684 1.000000
tan -0.860562 -0.494637 0.015748 1.000000
tan -0.897638 -0.007068 -0.448819 1.000000
tan -0.960878 -0.199702 -0.202430 1.000000
tan -0.858330 -0.508401 0.037572 1.000000
tan -1.000000 -0.000000 -0.062992 1.000000
tan -0.695455 -0.702709 0.122574 1.000000
tan -0.835762 -0.519809 0.194556 1.000000
tan -0.969806 -0.029946 0.233616 1.000000
tan -0.757579 -0.584661 0.274537 1.000000
tan -0.545973 -0.835390 0.080724 1.000000
tan -0.658937 -0.729059 0.193750 1.000000
tan -0.563085 -0.802405 0.182032 1.000000
tan -0.634509 -0.729369 0.268523 1.000000
tan -0.656085 -0.618451 0.418191 1.000000
tan -0.657821 -0.705127 0.268957 1.000000
tan -0.715853 -0.496621 0.491103 1.000000
tan -0.688945 -0.530473 0.490545 1.000000
tan -0.011904 -1.004464 -0.062000 1.000000
tan -0.019220 -0.995660 -0.076260 1.000000
tan -0.681381 -0.704693 0.214644 1.000000
tan -0.017298 -0.997582 -0.068634 1.000000
tan -0.083204 -0.993366 -0.024552 1.000000
tan -0.609523 -0.749767 0.236779 1.000000
tan -0.615847 -0.738979 0.278815 1.000000
tan -0.189100 -0.978238 -0.055800 1.000000
tan -0.062992 -1.000000 0.000000 1.000000
tan -0.188976 -0.984252 0.000000 1.000000
tan -0.393701 -0.921260 0.000000 1.000000
tan -0.415153 -0.905760 0.086304 1.000000
tan -0.541385 -0.839730 0.053568 1.000000
tan -0.566929 -0.826772 0.000000 1.000000
tan -0.593465 -0.790501 0.145452 1.000000
tan -0.590551 -0.803149 0.000000 1.000000
tan 0.000000 0.992126 0.110236 1.000000
tan -0.415215 0.851138 -0.313473 1.000000
tan -0.546283 0.558559 -0.630603 1.000000
tan -0.010788 1.005518 0.011532 1.000000
tan 0.000000 1.000000 -0.007874 1.000000
tan -0.692789 0.694277 -0.201252 1.000000
tan 0.026970 1.005518 -0.028830 1.000000
tan 0.000000 1.000000 -0.047244 1.000000
tan 0.000000 1.000000 -0.055118 1.000000
tan 0.000000 0.992126 -0.133858 1.000000
tan 0.000000 0.992126 -0.125984 1.000000
tan -0.704445 0.704817 0.067084 1.000000
tan -0.097960 0.995846 -0.124000 1.000000
tan -0.096720 0.986174 -0.124000 1.000000
tan -0.394941 0.901482 0.171864 1.000000
tan -0.037200 0.996466 -0.087048 1.000000
tan -0.055800 0.989212 -0.130572 1.000000
tan -0.499535 0.833777 0.231508 1.000000
tan -0.016120 0.995226 -0.076880 1.000000
tan -0.017856 0.996714 -0.093000 1.000000
tan -0.719077 0.687085 0.134292 1.000000
tan -0.044206 0.980408 -0.175398 1.000000
tan -0.042284 0.982330 -0.167772 1.000000
tan -0.642817 0.732221 0.228284 1.000000
tan -0.151280 0.985802 -0.044640 1.000000
tan -0.234484 0.970674 -0.069192 1.000000
tan -0.353153 0.934342 0.105648 1.000000
tan -0.299213 0.952756 -0.000000 1.000000
tan -0.212598 0.976378 -0.000000 1.000000
tan -0.094488 0.992126 -0.000000 1.000000
tan 0.000000 1.000000 -0.070866 1.000000
tan -0.535247 0.547275 0.652923 1.000000
tan -0.400211 0.852688 0.325377 1.000000
tan 0.010788 1.005518 0.011532 1.000000
tan 0.000000 1.000000 0.031496 1.000000
tan -0.685783 0.690185 0.223448 1.000000
tan 0.048546 0.999752 0.051894 1.000000
tan 0.000000 1.000000 0.078740 1.000000
tan 0.000000 0.992126 0.094488 1.000000
tan 0.000000 0.984252 0.181102 1.000000
tan 0.000000 0.984252 0.165354 1.000000
tan -0.706491 0.703453 -0.039370 1.000000
tan -0.127348 0.984748 0.161200 1.000000
tan -0.130572 0.979974 0.167400 1.000000
tan -0.424825 0.897638 -0.157356 1.000000
tan -0.052700 0.996466 0.123318 1.000000
tan -0.071300 0.986112 0.166842 1.000000
tan -0.528179 0.824354 -0.211917 1.000000
tan -0.022568 0.987538 0.107632 1.000000
tan -0.023808 0.996714 0.124000 1.000000
tan -0.725773 0.677041 -0.108748 1.000000
tan -0.053940 0.970922 0.221154 1.000000
tan -0.051894 0.974704 0.205902 1.000000
tan -0.657945 0.727199 -0.197966 1.000000
tan -0.181536 0.985802 0.053568 1.000000
tan -0.272305 0.960878 0.080352 1.000000
tan -0.390973 0.919214 -0.094302 1.000000
tan -0.338583 0.944882 -0.000000 1.000000
tan -0.236220 0.968504 -0.000000 1.000000
tan -0.118110 0.992126 -0.000000 1.000000
tan -0.994358 0.069812 0.086056 1.000000
tan -0.944882 0.007440 0.314961 1.000000
tan -0.992126 -0.007812 0.110236 1.000000
tan -0.983198 0.145886 0.144646 1.000000
tan -0.992126 0.000000 0.094488 1.000000
tan -0.858268 0.511811 -0.028334 1.000000
tan -0.772522 0.623535 -0.107136 1.000000
tan -0.689751 0.705251 -0.195362 1.000000
tan -0.865956 0.494637 -0.018662 1.000000
tan -0.719077 0.690185 -0.042904 1.000000
tan -0.863228 0.515531 0.008308 1.000000
tan -0.992126 0.000000 0.118110 1.000000
tan -0.993242 0.000372 -0.086676 1.000000
tan -0.858888 0.497055 0.137392 1.000000
tan -0.712505 0.685659 0.154876 1.000000
tan -0.993242 0.013020 -0.053940 1.000000
tan -0.990266 0.114080 -0.053568 1.000000
tan -0.971666 0.247070 0.056916 1.000000
tan -0.862918 0.462025 0.200136 1.000000
tan -0.905636 0.332879 0.257176 1.000000
tan -0.990266 0.121210 -0.056916 1.000000
tan -0.996094 0.071610 -0.048422 1.000000
tan -0.959142 0.246946 0.164486 1.000000
tan -0.996094 0.078120 -0.052824 1.000000
tan -0.910162 0.347821 0.218736 1.000000
tan -0.814806 0.474177 0.343853 1.000000
tan -0.993304 0.061380 -0.060698 1.000000
tan -0.993304 0.061380 -0.060698 1.000000
tan -0.890012 0.377581 0.256060 1.000000
tan -0.784674 0.476657 0.390353 1.000000
tan -0.938682 0.309071 0.146940 1.000000
tan -0.983694 0.126852 -0.117304 1.000000
tan -0.983694 0.126852 -0.117304 1.000000
tan -0.984624 0.162750 -0.029946 1.000000
tan -0.952136 0.297229 0.066216 1.000000
tan -0.937008 0.338583 -0.000000 1.000000
tan -0.952756 0.291339 -0.000000 1.000000
tan -0.976874 0.209250 -0.038502 1.000000
tan -0.984252 0.173228 -0.000000 1.000000
tan -1.000000 0.086614 -0.000000 1.000000
tan -0.070866 -1.000000 0.000000 1.000000
tan -0.007626 -0.968504 -0.259842 1.000000
tan 0.041664 -0.992064 -0.087606 1.000000
tan -0.227850 -0.967822 -0.068944 1.000000
tan -0.299213 -0.952756 0.000000 1.000000
tan 0.000000 -1.000000 -0.007874 1.000000
tan 0.922128 -0.095046 -0.366483 1.000000
tan -0.413603 -0.900366 0.066836 1.000000
tan 0.000000 -1.000000 0.007874 1.000000
tan 0.922128 -0.095046 0.366483 1.000000
tan 0.000000 -0.992126 -0.141732 1.000000
tan 0.041664 -0.992064 0.087606 1.000000
tan -0.007626 -0.968504 0.259843 1.000000
tan -0.070866 -1.000000 0.000000 1.000000
tan -0.221340 -0.967822 0.064604 1.000000
tan -0.299213 -0.952756 0.000000 1.000000
tan 0.000000 -0.992126 0.141732 1.000000
tan -0.413603 -0.900366 -0.066836 1.000000
tan -0.874512 -0.321533 -0.370885 1.000000
tan -0.874512 -0.321533 0.370885 1.000000
tan -0.842024 -0.327547 0.437845 1.000000
tan -0.842024 -0.327547 -0.437845 1.000000
tan -0.330709 -0.944882 0.000000 1.000000
tan -0.251969 -0.968504 0.000000 1.000000
tan -0.330709 -0.944882 0.000000 1.000000
tan -0.251969 -0.968504 0.000000 1.000000
tan 0.000000 -1.000000 -0.070866 1.000000
tan -0.194990 -0.978052 -0.023374 1.000000
tan 0.086800 -0.996466 0.001736 1.000000
tan 0.157480 -0.984252 0.000000 1.000000
tan 0.000000 -1.000000 0.031496 1.000000
tan 0.000000 -1.000000 0.062992 1.000000
tan 0.508401 -0.837002 -0.195300 1.000000
tan -0.194990 -0.978052 0.023374 1.000000
tan 0.000000 -1.000000 -0.031496 1.000000
tan 0.086800 -0.996466 -0.001736 1.000000
tan 0.157480 -0.984252 0.000000 1.000000
tan 0.508401 -0.837002 0.195300 1.000000
tan 0.191952 -0.986546 0.061752 1.000000
tan 0.154008 -0.990452 0.028830 1.000000
tan 0.157480 -0.984252 0.000000 1.000000
tan 0.513299 -0.843326 0.177754 1.000000
tan 0.093744 -0.997334 -0.058156 1.000000
tan 0.513299 -0.843326 -0.177754 1.000000
tan -0.093744 -0.994792 0.058156 1.000000
tan -0.165354 -0.984252 0.000000 1.000000
tan 0.000000 -1.000000 -0.015748 1.000000
tan -0.161820 -0.982640 -0.027528 1.000000
tan -0.165354 -0.984252 0.000000 1.000000
tan 0.000000 -1.000000 0.023622 1.000000
tan 0.000000 -1.000000 0.023622 1.000000
tan 0.000000 -1.000000 -0.023622 1.000000
tan -0.513299 -0.843326 -0.177754 1.000000
tan -0.191952 -0.986546 -0.061752 1.000000
tan -0.102424 -0.996466 0.003472 1.000000
tan 0.141732 -0.992126 0.000000 1.000000
tan -0.508401 -0.837002 -0.195300 1.000000
tan 0.117490 -0.993552 -0.010850 1.000000
tan 0.000000 -1.000000 0.039370 1.000000
tan 0.283465 -0.960630 0.000000 1.000000
tan 0.244094 -0.968504 0.000000 1.000000
tan 0.000000 -1.000000 -0.062992 1.000000
tan 0.000000 -1.000000 -0.031496 1.000000
tan -0.508401 -0.837002 0.195300 1.000000
tan -0.513299 -0.843326 0.177754 1.000000
tan -0.191952 -0.986546 0.061752 1.000000
tan -0.161820 -0.990452 0.027900 1.000000
tan -0.094612 -0.996466 -0.002604 1.000000
tan -0.165354 -0.984252 0.000000 1.000000
tan -0.157480 -0.984252 0.000000 1.000000
tan 0.149606 -0.992126 0.000000 1.000000
tan -0.093744 -0.990638 -0.058156 1.000000
tan 0.157480 -0.984252 0.000000 1.000000
tan 0.093744 -0.990638 0.058156 1.000000
tan 0.161820 -0.990452 -0.027900 1.000000
tan 0.191952 -0.986546 -0.061752 1.000000
tan 0.125240 -0.985802 0.012152 1.000000
tan 0.291339 -0.952756 0.000000 1.000000
tan 0.000000 -1.000000 0.070866 1.000000
tan 0.283465 -0.960630 0.000000 1.000000
tan 0.842024 -0.327547 -0.437845 1.000000
tan 0.413603 -0.900366 -0.066836 1.000000
tan 0.213342 -0.973898 0.119164 1.000000
tan 0.031496 -1.000000 0.000000 1.000000
tan 0.842024 -0.328105 0.445285 1.000000
tan -0.023684 -0.998326 0.101122 1.000000
tan 0.000000 -0.976378 0.204724 1.000000
tan 0.400149 -0.916548 0.082584 1.000000
tan 0.060264 -1.001488 0.037386 1.000000
tan 0.000000 -1.000000 0.031496 1.000000
tan -0.882448 -0.095046 0.453779 1.000000
tan 0.000000 -0.992126 0.149606 1.000000
tan 0.000000 -1.000000 -0.031496 1.000000
tan -0.882448 -0.095046 -0.453779 1.000000
tan -0.029202 -0.986980 -0.131192 1.000000
tan 0.874512 -0.321533 -0.370885 1.000000
tan 0.000000 -0.992126 -0.141732 1.000000
tan 0.874512 -0.321533 0.370885 1.000000
tan 0.056048 -1.000496 -0.029264 1.000000
tan 0.197532 -0.975386 -0.078678 1.000000
tan 0.031496 -1.000000 0.000000 1.000000
tan 0.000000 -0.960630 -0.283464 1.000000
tan 0.070866 -1.000000 0.000000 1.000000
tan 0.007626 -0.968504 0.259843 1.000000
tan -0.041664 -0.992064 0.087606 1.000000
tan 0.227850 -0.967822 0.068944 1.000000
tan 0.299213 -0.952756 0.000000 1.000000
tan 0.000000 -1.000000 0.007874 1.000000
tan -0.922128 -0.095046 0.366483 1.000000
tan 0.413603 -0.900366 -0.066836 1.000000
tan 0.000000 -1.000000 -0.007874 1.000000
tan -0.922128 -0.095046 -0.366483 1.000000
tan -0.041664 -0.992064 -0.087606 1.000000
tan 0.000000 -0.992126 0.141732 1.000000
tan 0.007626 -0.968504 -0.259842 1.000000
tan 0.070866 -1.000000 0.000000 1.000000
tan 0.221340 -0.967822 -0.064604 1.000000
tan 0.299213 -0.952756 0.000000 1.000000
tan 0.000000 -0.992126 -0.141732 1.000000
tan 0.413603 -0.900366 0.066836 1.000000
tan 0.874512 -0.321533 -0.370885 1.000000
tan 0.874512 -0.321533 0.370885 1.000000
tan 0.842024 -0.327547 -0.437845 1.000000
tan 0.842024 -0.327547 0.437845 1.000000
tan 0.330709 -0.944882 0.000000 1.000000
tan 0.259843 -0.968504 0.000000 1.000000
tan 0.000000 -1.000000 -0.062992 1.000000
tan 0.194990 -0.978052 -0.023374 1.000000
tan -0.086800 -0.996466 0.001736 1.000000
tan -0.157480 -0.984252 0.000000 1.000000
tan 0.000000 -1.000000 0.031496 1.000000
tan 0.000000 -1.000000 0.070866 1.000000
tan 0.338583 -0.944882 0.000000 1.000000
tan 0.259843 -0.968504 0.000000 1.000000
tan 0.194990 -0.978052 0.023374 1.000000
tan 0.000000 -1.000000 -0.031496 1.000000
tan -0.086800 -0.996466 -0.001736 1.000000
tan -0.157480 -0.984252 0.000000 1.000000
tan -0.508401 -0.837002 0.195300 1.000000
tan -0.191952 -0.986546 0.061752 1.000000
tan -0.161820 -0.990452 0.027900 1.000000
tan -0.157480 -0.984252 0.000000 1.000000
tan -0.513299 -0.843326 0.177754 1.000000
tan -0.508401 -0.837002 -0.195300 1.000000
tan -0.513299 -0.843326 -0.177754 1.000000
tan -0.191952 -0.986546 -0.061752 1.000000
tan -0.154008 -0.990452 -0.028830 1.000000
tan -0.157480 -0.984252 0.000000 1.000000
tan 0.000000 -1.000000 0.015748 1.000000
tan -0.093744 -0.997334 0.058156 1.000000
tan 0.093744 -0.994792 -0.058156 1.000000
tan 0.165354 -0.984252 0.000000 1.000000
tan 0.000000 -1.000000 -0.023622 1.000000
tan 0.000000 -1.000000 -0.023622 1.000000
tan 0.161820 -0.982640 0.027528 1.000000
tan 0.165354 -0.984252 0.000000 1.000000
tan -0.093744 -0.990638 -0.058156 1.000000
tan 0.093744 -0.990638 0.058156 1.000000
tan 0.157480 -0.984252 0.000000 1.000000
tan 0.000000 -1.000000 0.023622 1.000000
tan 0.161820 -0.990452 -0.027900 1.000000
tan 0.165354 -0.984252 0.000000 1.000000
tan 0.513299 -0.843326 0.177754 1.000000
tan 0.513299 -0.843326 -0.177754 1.000000
tan 0.191952 -0.986546 -0.061752 1.000000
tan 0.094612 -0.996466 0.002604 1.000000
tan -0.149606 -0.992126 0.000000 1.000000
tan 0.508401 -0.837002 -0.195300 1.000000
tan -0.125240 -0.985802 -0.012152 1.000000
tan 0.191952 -0.986546 0.061752 1.000000
tan 0.508401 -0.837002 0.195300 1.000000
tan 0.102424 -0.996466 -0.003472 1.000000
tan -0.141732 -0.992126 0.000000 1.000000
tan 0.000000 -1.000000 -0.039370 1.000000
tan 0.000000 -1.000000 0.031496 1.000000
tan -0.117490 -0.993552 0.010850 1.000000
tan 0.000000 -1.000000 -0.070866 1.000000
tan 0.000000 -1.000000 0.062992 1.000000
tan -0.283465 -0.960630 0.000000 1.000000
tan -0.244094 -0.968504 0.000000 1.000000
tan -0.291339 -0.952756 0.000000 1.000000
tan -0.283465 -0.960630 0.000000 1.000000
tan -0.842024 -0.327547 0.437845 1.000000
tan -0.842024 -0.328105 -0.445285 1.000000
tan -0.413603 -0.900366 0.066836 1.000000
tan -0.400149 -0.916548 -0.082584 1.000000
tan -0.874512 -0.321533 -0.370885 1.000000
tan -0.874512 -0.321533 0.370885 1.000000
tan -0.197532 -0.975386 0.078678 1.000000
tan -0.031496 -1.000000 0.000000 1.000000
tan 0.000000 -0.992126 0.141732 1.000000
tan 0.000000 -0.992126 -0.149606 1.000000
tan -0.056048 -1.000496 0.029264 1.000000
tan 0.000000 -0.960630 0.283465 1.000000
tan 0.029202 -0.986980 0.131192 1.000000
tan 0.000000 -1.000000 0.031496 1.000000
tan 0.882448 -0.095046 0.453779 1.000000
tan 0.882448 -0.095046 -0.453779 1.000000
tan 0.000000 -1.000000 -0.031496 1.000000
tan 0.023684 -0.998326 -0.101122 1.000000
tan -0.060264 -1.001488 -0.037386 1.000000
tan -0.213342 -0.973898 -0.119164 1.000000
tan -0.031496 -1.000000 0.000000 1.000000
tan 0.000000 -0.976378 -0.204724 1.000000
tan -0.986050 0.147250 0.027094 1.000000
tan -0.984252 0.165354 -0.000000 1.000000
tan -1.000000 0.078740 -0.000000 1.000000
tan -0.976874 0.201500 0.037076 1.000000
tan -0.960630 0.275591 -0.000000 1.000000
tan -0.983694 0.115320 0.106640 1.000000
tan -0.983694 0.121086 0.111972 1.000000
tan -0.958832 0.280861 -0.069192 1.000000
tan -0.944882 0.330709 -0.000000 1.000000
tan -0.946246 0.301507 -0.150102 1.000000
tan -0.890880 0.368715 -0.264059 1.000000
tan -0.787960 0.473371 -0.400459 1.000000
tan -0.809350 0.469589 -0.343853 1.000000
tan -0.915432 0.342551 -0.226858 1.000000
tan -0.905636 0.326617 -0.260773 1.000000
tan -0.993304 0.055800 0.055180 1.000000
tan -0.993304 0.055800 0.055180 1.000000
tan -0.996094 0.065100 0.044020 1.000000
tan -0.996094 0.078120 0.052824 1.000000
tan -0.959142 0.246946 -0.164486 1.000000
tan -0.990266 0.121210 0.056916 1.000000
tan -0.990266 0.114080 0.053568 1.000000
tan -0.993242 0.000372 0.086676 1.000000
tan -0.971666 0.239878 -0.059892 1.000000
tan -0.869738 0.462025 -0.203112 1.000000
tan -0.712505 0.685659 -0.154876 1.000000
tan -0.993242 0.012276 0.046128 1.000000
tan -0.992126 -0.000000 -0.094488 1.000000
tan -0.858888 0.496311 -0.144150 1.000000
tan -0.863848 0.515531 -0.004278 1.000000
tan -0.719077 0.690185 0.042904 1.000000
tan -0.992126 -0.000000 -0.110236 1.000000
tan -0.994358 0.069812 -0.086056 1.000000
tan -0.860562 0.494637 0.015748 1.000000
tan -0.767004 0.629053 0.099200 1.000000
tan -0.983198 0.151280 -0.150412 1.000000
tan -0.858268 0.511811 0.017546 1.000000
tan -0.689751 0.705251 0.189720 1.000000
tan -0.944882 0.007440 -0.322835 1.000000
tan -0.992126 -0.007812 -0.110236 1.000000
tan 0.571765 -0.604625 0.544113 1.000000
tan 0.969744 0.224874 -0.094178 1.000000
tan 0.318061 -0.630541 0.701841 1.000000
tan 0.854176 0.512121 -0.068510 1.000000
tan 0.976378 0.000000 0.196850 1.000000
tan 0.778474 -0.615413 0.114080 1.000000
tan 0.997210 0.029946 0.078368 1.000000
tan 0.920268 -0.340009 -0.169260 1.000000
tan 0.929134 -0.000000 -0.370079 1.000000
tan 0.307459 0.325128 -0.888462 1.000000
tan 0.934652 -0.319177 0.133672 1.000000
tan 0.063612 0.126108 -0.986112 1.000000
tan 0.987476 -0.154132 0.096286 1.000000
tan 0.963730 -0.215016 0.160208 1.000000
tan 0.967884 -0.210304 0.154070 1.000000
tan 0.557319 -0.820633 -0.145700 1.000000
tan 0.936140 0.125550 -0.332011 1.000000
tan 0.653543 0.755905 -0.000000 1.000000
tan 0.677165 -0.740157 0.000000 1.000000
tan 1.002170 0.057288 -0.003348 1.000000
tan 0.992126 0.125984 -0.000000 1.000000
tan 0.989770 -0.035340 0.112530 1.000000
tan 0.971728 0.240002 0.038626 1.000000
tan 0.944882 0.330709 -0.000000 1.000000
tan 0.998946 0.010416 0.105648 1.000000
tan 0.938186 0.271189 0.218984 1.000000
tan 0.913448 0.390725 0.104098 1.000000
tan 0.905512 0.425197 -0.000000 1.000000
tan 0.858268 0.511811 -0.000000 1.000000
tan 0.736189 0.555893 0.387935 1.000000
tan 0.836258 0.512989 0.168888 1.000000
tan 0.803150 0.598425 -0.000000 1.000000
tan 0.763966 0.606609 0.225432 1.000000
tan 0.469651 0.703081 0.532581 1.000000
tan 0.155682 0.768677 0.617707 1.000000
tan 0.764151 0.566495 0.311055 1.000000
tan 0.483353 0.747846 0.459669 1.000000
tan 0.117676 0.810342 0.561225 1.000000
tan 0.950648 0.243846 0.173166 1.000000
tan 0.814992 0.521793 0.249426 1.000000
tan 0.573625 0.697005 0.432265 1.000000
tan 0.263501 0.748899 0.616591 1.000000
tan 0.966458 0.240312 0.075268 1.000000
tan 0.524955 0.784797 0.333251 1.000000
tan 0.284085 0.894662 0.359601 1.000000
tan 0.804514 0.569409 0.188542 1.000000
tan 0.322835 0.931118 0.166160 1.000000
tan 0.000000 0.984252 0.157480 1.000000
tan 0.697501 0.708661 0.123380 1.000000
tan 0.323641 0.933412 -0.136400 1.000000
tan 0.000000 0.984252 -0.196850 1.000000
tan 0.285883 0.910472 -0.305599 1.000000
tan 0.485585 0.851138 -0.199578 1.000000
tan 0.000000 0.803149 -0.598425 1.000000
tan 0.309257 0.863042 -0.412549 1.000000
tan 0.696385 0.714613 -0.040424 1.000000
tan 0.730981 0.680761 -0.058962 1.000000
tan 0.692913 0.716535 -0.066588 1.000000
tan 0.914874 0.330585 0.218488 1.000000
tan 0.932172 0.367785 0.051646 1.000000
tan 0.944882 0.000000 0.314961 1.000000
tan 0.943580 0.317937 0.037200 1.000000
tan 0.994358 0.102486 0.109554 1.000000
tan 0.994358 -0.097092 -0.103788 1.000000
tan 0.944882 -0.000000 -0.322835 1.000000
tan 1.000000 0.000000 0.062992 1.000000
tan 0.948788 0.313659 0.044640 1.000000
tan 0.959576 0.243598 0.035154 1.000000
tan 1.000000 0.000000 0.007874 1.000000
tan 0.997582 0.000000 0.000000 1.000000
tan 1.007192 0.010602 -0.021204 1.000000
tan 0.997582 -0.033418 0.079794 1.000000
tan 0.997582 -0.003038 0.007254 1.000000
tan 0.946060 -0.129642 0.294873 1.000000
tan 0.983012 0.173600 -0.109678 1.000000
tan 0.997582 0.033418 -0.079794 1.000000
tan 1.007192 -0.014136 0.028272 1.000000
tan 0.996714 0.019344 -0.100750 1.000000
tan 1.000000 0.000000 0.000000 1.000000
tan 0.966396 0.190278 -0.151838 1.000000
tan 1.000000 -0.000000 -0.062992 1.000000
tan 0.948354 -0.314093 -0.034720 1.000000
tan 0.943580 -0.317255 -0.029760 1.000000
tan 0.959576 -0.247566 -0.028644 1.000000
tan 0.696943 -0.708661 -0.117738 1.000000
tan 0.932172 -0.367785 -0.051646 1.000000
tan 0.914874 -0.330585 -0.225866 1.000000
tan 0.696385 -0.714613 0.040424 1.000000
tan 0.736561 -0.680761 0.062992 1.000000
tan 0.692913 -0.716535 0.066588 1.000000
tan 0.309257 -0.863042 0.412549 1.000000
tan 0.485585 -0.851138 0.199578 1.000000
tan 0.012772 -0.811023 0.590675 1.000000
tan 0.296485 -0.905264 0.303119 1.000000
tan 0.323641 -0.933412 0.136400 1.000000
tan 0.000000 -0.984252 0.196850 1.000000
tan 0.322277 -0.931118 -0.158720 1.000000
tan 0.000000 -0.992126 -0.149606 1.000000
tan 0.279187 -0.894662 -0.353401 1.000000
tan 0.527063 -0.776613 -0.337777 1.000000
tan 0.266601 -0.738545 -0.623845 1.000000
tan 0.805506 -0.563457 -0.177568 1.000000
tan 0.573625 -0.697005 -0.432265 1.000000
tan 0.117676 -0.818030 -0.561225 1.000000
tan 0.966458 -0.244404 -0.068820 1.000000
tan 0.810466 -0.529481 -0.240312 1.000000
tan 0.481059 -0.747846 -0.452787 1.000000
tan 0.148800 -0.767251 -0.610081 1.000000
tan 0.947672 -0.247070 -0.166160 1.000000
tan 0.764151 -0.566495 -0.311055 1.000000
tan 0.469651 -0.705685 -0.529915 1.000000
tan 0.763966 -0.608841 -0.225432 1.000000
tan 0.934838 -0.270197 -0.242792 1.000000
tan 0.736189 -0.555893 -0.387935 1.000000
tan 0.841342 -0.522785 -0.165292 1.000000
tan 0.795276 -0.606299 0.000000 1.000000
tan 0.850394 -0.519685 0.000000 1.000000
tan 0.913448 -0.398351 -0.102796 1.000000
tan 0.897638 -0.440945 0.000000 1.000000
tan 0.937008 -0.354331 0.000000 1.000000
tan 0.972286 -0.238824 -0.049476 1.000000
tan 0.992126 -0.149606 0.000000 1.000000
tan 0.992622 -0.049600 0.001240 1.000000
tan 0.364375 0.927522 0.104718 1.000000
tan 0.959018 0.227664 -0.169632 1.000000
tan 0.934652 0.326431 -0.136710 1.000000
tan 0.969744 -0.224874 0.094178 1.000000
tan 0.285883 -0.302312 0.905264 1.000000
tan 0.053010 -0.105090 0.993118 1.000000
tan 0.582553 0.616033 -0.521917 1.000000
tan 0.328663 0.651559 -0.677289 1.000000
tan 0.778474 0.622977 -0.116188 1.000000
tan 0.921260 0.000000 0.401575 1.000000
tan 0.846612 -0.519685 0.071176 1.000000
tan 0.984252 -0.000000 -0.181102 1.000000
tan 0.910224 0.369893 0.179552 1.000000
tan 1.000930 -0.001736 -0.063488 1.000000
tan 0.577159 -0.610329 -0.538719 1.000000
tan 0.321595 -0.637547 -0.694835 1.000000
tan 0.969744 0.224874 0.094178 1.000000
tan 0.854176 0.519685 0.070556 1.000000
tan 0.984252 -0.000000 -0.196850 1.000000
tan 0.778474 -0.615413 -0.114080 1.000000
tan 0.997210 0.023002 -0.074648 1.000000
tan 0.920268 -0.347387 0.171926 1.000000
tan 0.929134 0.000000 0.377953 1.000000
tan 0.302065 0.319425 0.899560 1.000000
tan 0.934652 -0.326431 -0.136710 1.000000
tan 0.060078 0.119102 0.986112 1.000000
tan 0.978672 -0.162750 -0.110050 1.000000
tan 0.961126 -0.236592 -0.156240 1.000000
tan 0.954244 -0.225308 -0.209870 1.000000
tan 0.404241 -0.857462 0.319611 1.000000
tan 0.997272 -0.045012 -0.014136 1.000000
tan 0.688015 0.732283 -0.046128 1.000000
tan 0.711637 -0.708661 0.044640 1.000000
tan 1.002170 0.032364 0.002976 1.000000
tan 0.992126 0.133858 -0.000000 1.000000
tan 1.002046 0.045012 0.014508 1.000000
tan 0.978672 0.169260 0.114452 1.000000
tan 0.996714 -0.023808 -0.124000 1.000000
tan 0.996714 -0.017856 -0.093000 1.000000
tan 0.972286 0.238824 -0.049476 1.000000
tan 0.937070 0.354331 0.002790 1.000000
tan 0.934838 0.273111 -0.235972 1.000000
tan 0.905822 0.405977 -0.100068 1.000000
tan 0.889764 0.448819 -0.000000 1.000000
tan 0.850394 0.535433 -0.000000 1.000000
tan 0.737988 0.567425 -0.372807 1.000000
tan 0.833716 0.530411 -0.162688 1.000000
tan 0.787402 0.614173 -0.000000 1.000000
tan 0.756402 0.616405 -0.223200 1.000000
tan 0.467109 0.715233 -0.513361 1.000000
tan 0.146940 0.784363 -0.602455 1.000000
tan 0.766879 0.576911 -0.295183 1.000000
tan 0.481803 0.757021 -0.442867 1.000000
tan 0.116064 0.819641 -0.553537 1.000000
tan 0.954926 0.254324 -0.149854 1.000000
tan 0.810466 0.536983 -0.240312 1.000000
tan 0.569161 0.697005 -0.426189 1.000000
tan 0.260401 0.756153 -0.609337 1.000000
tan 0.997582 -0.024304 -0.058032 1.000000
tan 0.520057 0.789695 -0.325501 1.000000
tan 0.279187 0.894662 -0.353401 1.000000
tan 0.799554 0.574369 -0.179862 1.000000
tan 0.966458 0.248496 -0.062372 1.000000
tan 0.322277 0.931118 -0.158720 1.000000
tan 0.000000 0.984252 -0.157480 1.000000
tan 0.000000 0.984252 0.196850 1.000000
tan 0.697501 0.708661 -0.123380 1.000000
tan 0.323641 0.933412 0.136400 1.000000
tan 0.285883 0.910472 0.305598 1.000000
tan 0.959576 0.247566 -0.028644 1.000000
tan 0.485585 0.851138 0.199578 1.000000
tan 0.000000 0.803150 0.598425 1.000000
tan 0.309257 0.863042 0.412549 1.000000
tan 0.997582 0.006076 0.014508 1.000000
tan 0.730981 0.680761 0.058962 1.000000
tan 0.692913 0.716535 0.066588 1.000000
tan 0.914874 0.330585 -0.225866 1.000000
tan 0.696385 0.714613 0.040424 1.000000
tan 0.932172 0.367785 -0.051646 1.000000
tan 0.944882 -0.000000 -0.322835 1.000000
tan 0.948788 0.313659 -0.044640 1.000000
tan 0.943580 0.317255 -0.029760 1.000000
tan 0.994358 0.097092 -0.103788 1.000000
tan 0.952756 0.000000 0.314961 1.000000
tan 1.007192 0.014136 0.028272 1.000000
tan 1.000000 0.000000 0.000000 1.000000
tan 1.000000 -0.000000 -0.062992 1.000000
tan 0.994358 -0.097092 0.103788 1.000000
tan 0.932172 -0.367785 0.051646 1.000000
tan 0.914874 -0.330585 0.215822 1.000000
tan 1.000000 0.000000 0.062992 1.000000
tan 0.736561 -0.680761 -0.062992 1.000000
tan 0.692913 -0.716535 -0.077686 1.000000
tan 0.306591 -0.855602 -0.419989 1.000000
tan 0.943580 -0.317255 0.029760 1.000000
tan 0.491041 -0.851138 -0.204972 1.000000
tan 0.012772 -0.811024 -0.590675 1.000000
tan 0.296485 -0.905264 -0.303118 1.000000
tan 0.696385 -0.714613 -0.040424 1.000000
tan 0.323641 -0.933412 -0.136400 1.000000
tan 0.000000 -0.976378 -0.196850 1.000000
tan 0.000000 -0.984252 0.157480 1.000000
tan 0.322835 -0.931118 0.166160 1.000000
tan 0.284085 -0.894662 0.359601 1.000000
tan 0.697501 -0.708661 0.123380 1.000000
tan 0.527063 -0.776613 0.337777 1.000000
tan 0.266601 -0.738545 0.623845 1.000000
tan 0.948788 -0.313659 0.044640 1.000000
tan 0.569161 -0.697005 0.426189 1.000000
tan 0.116064 -0.827329 0.553537 1.000000
tan 0.805506 -0.563457 0.177568 1.000000
tan 0.479509 -0.757021 0.435985 1.000000
tan 0.151838 -0.785851 0.602455 1.000000
tan 0.806002 -0.533945 0.231198 1.000000
tan 0.959576 -0.247566 0.028644 1.000000
tan 0.966458 -0.248496 0.062372 1.000000
tan 0.469713 -0.712629 0.522971 1.000000
tan 0.756402 -0.616405 0.223200 1.000000
tan 0.761485 -0.571827 0.295183 1.000000
tan 0.835328 -0.530411 0.158782 1.000000
tan 0.795276 -0.614173 0.000000 1.000000
tan 0.850394 -0.527559 0.000000 1.000000
tan 0.726517 -0.568665 0.377023 1.000000
tan 0.905822 -0.405977 0.100068 1.000000
tan 0.897638 -0.448819 0.000000 1.000000
tan 0.937070 -0.354393 0.004588 1.000000
tan 0.972286 -0.238824 0.049476 1.000000
tan 0.992126 -0.133858 0.000000 1.000000
tan 0.934838 -0.273111 0.235972 1.000000
tan 1.002170 -0.029760 -0.010416 1.000000
tan 0.435985 0.840908 -0.322339 1.000000
tan 0.954926 -0.254324 0.149854 1.000000
tan 0.996714 0.017856 0.093000 1.000000
tan 0.954244 0.225308 0.209870 1.000000
tan 0.961126 0.230020 0.151900 1.000000
tan 0.997582 0.024304 0.058032 1.000000
tan 0.988964 0.026784 0.139500 1.000000
tan 0.934652 0.326431 0.136710 1.000000
tan 0.969744 -0.224874 -0.094178 1.000000
tan 0.997582 -0.006076 -0.014508 1.000000
tan 1.007192 -0.014136 -0.028272 1.000000
tan 1.000000 0.000000 0.007874 1.000000
tan 0.302065 -0.319425 -0.899560 1.000000
tan 0.060078 -0.119102 -0.986112 1.000000
tan 0.778474 0.615413 0.114080 1.000000
tan 0.929134 -0.000000 -0.377953 1.000000
tan 0.577159 0.610329 0.538719 1.000000
tan 0.321595 0.637547 0.694835 1.000000
tan 0.920268 0.347387 -0.171926 1.000000
tan 0.854176 -0.512121 -0.068510 1.000000
tan 0.984252 0.000000 0.196850 1.000000
tan 0.997210 -0.023002 0.074648 1.000000
tan -0.234360 -0.840970 -0.495753 1.000000
tan -0.230020 -0.600471 -0.769917 1.000000
tan -0.331701 -0.493583 -0.807055 1.000000
tan 0.000000 -0.330709 -0.944882 1.000000
tan -0.155682 -0.888896 -0.434993 1.000000
tan 0.062434 -0.986980 -0.135470 1.000000
tan -0.093372 -0.712381 -0.692665 1.000000
tan 0.055862 -0.993242 -0.066898 1.000000
tan -0.062434 -0.986980 0.135470 1.000000
tan -0.030876 -0.934900 -0.353649 1.000000
tan 0.034720 -0.992002 -0.019840 1.000000
tan -0.055862 -0.993242 0.066898 1.000000
tan 0.000000 -0.944882 -0.314960 1.000000
tan -0.034720 -0.992002 0.019840 1.000000
tan 0.155682 -0.888896 0.434993 1.000000
tan 0.234360 -0.840969 0.495753 1.000000
tan 0.000000 -1.000000 -0.007874 1.000000
tan 0.230020 -0.600471 0.769917 1.000000
tan 0.331701 -0.493583 0.807056 1.000000
tan 0.000000 -0.330709 0.944882 1.000000
tan 0.030876 -0.934900 0.353649 1.000000
tan 0.093372 -0.712381 0.692665 1.000000
tan 0.000000 -1.000000 0.007874 1.000000
tan 0.000000 -0.944882 0.314961 1.000000
tan 0.000000 -0.724409 0.692913 1.000000
tan -0.093372 -0.712381 0.692665 1.000000
tan -0.204352 -0.593961 0.782813 1.000000
tan -0.331701 -0.493583 0.807056 1.000000
tan -0.030876 -0.934900 0.353649 1.000000
tan -0.155682 -0.888896 0.434993 1.000000
tan -0.246822 -0.844379 0.473061 1.000000
tan 0.062434 -0.986980 0.135470 1.000000
tan 0.034720 -0.992002 0.019840 1.000000
tan 0.055862 -0.993242 0.066898 1.000000
tan -0.055862 -0.993242 -0.066898 1.000000
tan -0.062434 -0.986980 -0.135470 1.000000
tan -0.034720 -0.992002 -0.019840 1.000000
tan 0.155682 -0.888896 -0.434993 1.000000
tan 0.246822 -0.844380 -0.473061 1.000000
tan 0.331701 -0.493583 -0.807055 1.000000
tan 0.030876 -0.934900 -0.353649 1.000000
tan 0.204352 -0.593961 -0.782813 1.000000
tan 0.093372 -0.712381 -0.692665 1.000000
tan 0.000000 -0.724409 -0.692913 1.000000
tan 0.234360 -0.840970 -0.495753 1.000000
tan 0.230020 -0.600471 -0.769917 1.000000
tan 0.331701 -0.493583 -0.807055 1.000000
tan 0.000000 -0.330709 -0.944882 1.000000
tan 0.155682 -0.888896 -0.434993 1.000000
tan -0.062434 -0.986980 -0.135470 1.000000
tan 0.093372 -0.712381 -0.692665 1.000000
tan -0.055862 -0.993242 -0.066898 1.000000
tan 0.062434 -0.986980 0.135470 1.000000
tan 0.030876 -0.934900 -0.353649 1.000000
tan -0.034720 -0.992002 -0.019840 1.000000
tan 0.055862 -0.993242 0.066898 1.000000
tan 0.034720 -0.992002 0.019840 1.000000
tan -0.155682 -0.888896 0.434993 1.000000
tan -0.234360 -0.840969 0.495753 1.000000
tan 0.000000 -1.000000 0.007874 1.000000
tan -0.230020 -0.600471 0.769917 1.000000
tan -0.331701 -0.493583 0.807056 1.000000
tan -0.030876 -0.934900 0.353649 1.000000
tan 0.000000 -0.330709 0.944882 1.000000
tan -0.093372 -0.712381 0.692665 1.000000
tan 0.000000 -0.944882 0.314961 1.000000
tan 0.000000 -0.724409 0.692913 1.000000
tan 0.093372 -0.712381 0.692665 1.000000
tan 0.204352 -0.593961 0.782813 1.000000
tan 0.331701 -0.493583 0.807056 1.000000
tan 0.030876 -0.934900 0.353649 1.000000
tan 0.155682 -0.888896 0.434993 1.000000
tan 0.246822 -0.844379 0.473061 1.000000
tan -0.062434 -0.986980 0.135470 1.000000
tan -0.034720 -0.992002 0.019840 1.000000
tan -0.055862 -0.993242 0.066898 1.000000
tan 0.055862 -0.993242 -0.066898 1.000000
tan 0.062434 -0.986980 -0.135470 1.000000
tan 0.034720 -0.992002 -0.019840 1.000000
tan 0.000000 -1.000000 -0.007874 1.000000
tan -0.155682 -0.888896 -0.434993 1.000000
tan -0.246822 -0.844380 -0.473061 1.000000
tan -0.331701 -0.493583 -0.807055 1.000000
tan -0.030876 -0.934900 -0.353649 1.000000
tan 0.000000 -0.944882 -0.314960 1.000000
tan -0.204352 -0.593961 -0.782813 1.000000
tan -0.093372 -0.712381 -0.692665 1.000000
tan 0.000000 -0.724409 -0.692913 1.000000
tan -0.230020 -0.600471 0.769917 1.000000
tan -0.234360 -0.840969 0.495753 1.000000
tan -0.331701 -0.493583 0.807056 1.000000
tan 0.000000 -0.330709 0.944882 1.000000
tan -0.155682 -0.888896 0.434993 1.000000
tan 0.062434 -0.986980 0.135470 1.000000
tan -0.093372 -0.712381 0.692665 1.000000
tan 0.055862 -0.993242 0.066898 1.000000
tan -0.030876 -0.934900 0.353649 1.000000
tan -0.055862 -0.993242 -0.066898 1.000000
tan -0.062434 -0.986980 -0.135470 1.000000
tan 0.034720 -0.992002 0.019840 1.000000
tan -0.034720 -0.992002 -0.019840 1.000000
tan 0.155682 -0.888896 -0.434993 1.000000
tan 0.234360 -0.840970 -0.495753 1.000000
tan 0.000000 -1.000000 -0.007874 1.000000
tan 0.230020 -0.600471 -0.769917 1.000000
tan 0.331701 -0.493583 -0.807055 1.000000
tan 0.030876 -0.934900 -0.353649 1.000000
tan 0.000000 -0.330709 -0.944882 1.000000
tan 0.093372 -0.712381 -0.692665 1.000000
tan 0.000000 -0.944882 -0.314960 1.000000
tan 0.000000 -0.724409 -0.692913 1.000000
tan -0.093372 -0.712381 -0.692665 1.000000
tan -0.204352 -0.593961 -0.782813 1.000000
tan -0.331701 -0.493583 -0.807055 1.000000
tan -0.030876 -0.934900 -0.353649 1.000000
tan -0.155682 -0.888896 -0.434993 1.000000
tan -0.246822 -0.844380 -0.473061 1.000000
tan 0.062434 -0.986980 -0.135470 1.000000
tan 0.034720 -0.992002 -0.019840 1.000000
tan 0.055862 -0.993242 -0.066898 1.000000
tan -0.055862 -0.993242 0.066898 1.000000
tan -0.062434 -0.986980 0.135470 1.000000
tan -0.034720 -0.992002 0.019840 1.000000
tan 0.000000 -1.000000 0.007874 1.000000
tan 0.155682 -0.888896 0.434993 1.000000
tan 0.246822 -0.844379 0.473061 1.000000
tan 0.331701 -0.493583 0.807056 1.000000
tan 0.030876 -0.934900 0.353649 1.000000
tan 0.204352 -0.593961 0.782813 1.000000
tan 0.000000 -0.944882 0.314961 1.000000
tan 0.093372 -0.712381 0.692665 1.000000
tan 0.000000 -0.724409 0.692913 1.000000
tan -0.234360 -0.840970 -0.495753 1.000000
tan -0.230020 -0.600471 -0.769917 1.000000
tan -0.331701 -0.493583 -0.807055 1.000000
tan 0.000000 -0.330709 -0.944882 1.000000
tan -0.155682 -0.888896 -0.434993 1.000000
tan 0.062434 -0.986980 -0.135470 1.000000
tan -0.093372 -0.712381 -0.692665 1.000000
tan 0.055862 -0.993242 -0.066898 1.000000
tan -0.062434 -0.986980 0.135470 1.000000
tan -0.030876 -0.934900 -0.353649 1.000000
tan 0.034720 -0.992002 -0.019840 1.000000
tan -0.055862 -0.993242 0.066898 1.000000
tan 0.000000 -0.944882 -0.314960 1.000000
tan -0.034720 -0.992002 0.019840 1.000000
tan 0.155682 -0.888896 0.434993 1.000000
tan 0.234360 -0.840969 0.495753 1.000000
tan 0.000000 -1.000000 -0.007874 1.000000
tan 0.230020 -0.600471 0.769917 1.000000
tan 0.331701 -0.493583 0.807056 1.000000
tan 0.000000 -0.330709 0.944882 1.000000
tan 0.030876 -0.934900 0.353649 1.000000
tan 0.093372 -0.712381 0.692665 1.000000
tan 0.000000 -1.000000 0.007874 1.000000
tan 0.000000 -0.944882 0.314961 1.000000
tan 0.000000 -0.724409 0.692913 1.000000
tan -0.093372 -0.712381 0.692665 1.000000
tan -0.204352 -0.593961 0.782813 1.000000
tan -0.331701 -0.493583 0.807056 1.000000
tan -0.030876 -0.934900 0.353649 1.000000
tan -0.155682 -0.888896 0.434993 1.000000
tan -0.246822 -0.844379 0.473061 1.000000
tan 0.062434 -0.986980 0.135470 1.000000
tan 0.034720 -0.992002 0.019840 1.000000
tan 0.055862 -0.993242 0.066898 1.000000
tan -0.055862 -0.993242 -0.066898 1.000000
tan -0.062434 -0.986980 -0.135470 1.000000
tan -0.034720 -0.992002 -0.019840 1.000000
tan 0.155682 -0.888896 -0.434993 1.000000
tan 0.246822 -0.844380 -0.473061 1.000000
tan 0.331701 -0.493583 -0.807055 1.000000
tan 0.030876 -0.934900 -0.353649 1.000000
tan 0.204352 -0.593961 -0.782813 1.000000
tan 0.093372 -0.712381 -0.692665 1.000000
tan 0.000000 -0.724409 -0.692913 1.000000
tan 0.234360 -0.840969 0.495753 1.000000
tan 0.230020 -0.600471 0.769917 1.000000
tan 0.331701 -0.493583 0.807056 1.000000
tan 0.000000 -0.330709 0.944882 1.000000
tan 0.155682 -0.888896 0.434993 1.000000
tan -0.062434 -0.986980 0.135470 1.000000
tan 0.093372 -0.712381 0.692665 1.000000
tan -0.055862 -0.993242 0.066898 1.000000
tan 0.030876 -0.934900 0.353649 1.000000
tan 0.055862 -0.993242 -0.066898 1.000000
tan 0.062434 -0.986980 -0.135470 1.000000
tan -0.034720 -0.992002 0.019840 1.000000
tan 0.034720 -0.992002 -0.019840 1.000000
tan -0.155682 -0.888896 -0.434993 1.000000
tan -0.234360 -0.840970 -0.495753 1.000000
tan -0.230020 -0.600471 -0.769917 1.000000
tan -0.331701 -0.493583 -0.807055 1.000000
tan 0.000000 -0.330709 -0.944882 1.000000
tan -0.030876 -0.934900 -0.353649 1.000000
tan 0.000000 -1.000000 -0.007874 1.000000
tan -0.093372 -0.712381 -0.692665 1.000000
tan 0.000000 -0.944882 -0.314960 1.000000
tan 0.000000 -0.724409 -0.692913 1.000000
tan 0.093372 -0.712381 -0.692665 1.000000
tan 0.204352 -0.593961 -0.782813 1.000000
tan 0.331701 -0.493583 -0.807055 1.000000
tan 0.030876 -0.934900 -0.353649 1.000000
tan 0.155682 -0.888896 -0.434993 1.000000
tan 0.246822 -0.844380 -0.473061 1.000000
tan -0.062434 -0.986980 -0.135470 1.000000
tan -0.034720 -0.992002 -0.019840 1.000000
tan -0.055862 -0.993242 -0.066898 1.000000
tan 0.055862 -0.993242 0.066898 1.000000
tan 0.062434 -0.986980 0.135470 1.000000
tan 0.034720 -0.992002 0.019840 1.000000
tan 0.000000 -1.000000 0.007874 1.000000
tan -0.155682 -0.888896 0.434993 1.000000
tan -0.246822 -0.844379 0.473061 1.000000
tan -0.331701 -0.493583 0.807056 1.000000
tan -0.030876 -0.934900 0.353649 1.000000
tan -0.204352 -0.593961 0.782813 1.000000
tan 0.000000 -0.944882 0.314961 1.000000
tan -0.093372 -0.712381 0.692665 1.000000
tan 0.000000 -0.724409 0.692913 1.000000
tan -0.234360 -0.840969 0.495753 1.000000
tan -0.230020 -0.600471 0.769917 1.000000
tan -0.331701 -0.493583 0.807056 1.000000
tan 0.000000 -0.330709 0.944882 1.000000
tan -0.155682 -0.888896 0.434993 1.000000
tan 0.062434 -0.986980 0.135470 1.000000
tan -0.093372 -0.712381 0.692665 1.000000
tan 0.055862 -0.993242 0.066898 1.000000
tan -0.062434 -0.986980 -0.135470 1.000000
tan -0.030876 -0.934900 0.353649 1.000000
tan 0.034720 -0.992002 0.019840 1.000000
tan -0.055862 -0.993242 -0.066898 1.000000
tan -0.034720 -0.992002 -0.019840 1.000000
tan 0.155682 -0.888896 -0.434993 1.000000
tan 0.234360 -0.840970 -0.495753 1.000000
tan 0.000000 -1.000000 -0.007874 1.000000
tan 0.230020 -0.600471 -0.769917 1.000000
tan 0.331701 -0.493583 -0.807055 1.000000
tan 0.030876 -0.934900 -0.353649 1.000000
tan 0.000000 -0.330709 -0.944882 1.000000
tan 0.093372 -0.712381 -0.692665 1.000000
tan 0.000000 -0.944882 -0.314960 1.000000
tan 0.000000 -0.724409 -0.692913 1.000000
tan -0.093372 -0.712381 -0.692665 1.000000
tan -0.204352 -0.593961 -0.782813 1.000000
tan -0.331701 -0.493583 -0.807055 1.000000
tan -0.030876 -0.934900 -0.353649 1.000000
tan -0.155682 -0.888896 -0.434993 1.000000
tan -0.246822 -0.844380 -0.473061 1.000000
tan 0.062434 -0.986980 -0.135470 1.000000
tan 0.034720 -0.992002 -0.019840 1.000000
tan 0.055862 -0.993242 -0.066898 1.000000
tan -0.055862 -0.993242 0.066898 1.000000
tan -0.062434 -0.986980 0.135470 1.000000
tan -0.034720 -0.992002 0.019840 1.000000
tan 0.000000 -1.000000 0.007874 1.000000
tan 0.155682 -0.888896 0.434993 1.000000
tan 0.246822 -0.844379 0.473061 1.000000
tan 0.331701 -0.493583 0.807056 1.000000
tan 0.030876 -0.934900 0.353649 1.000000
tan 0.204352 -0.593961 0.782813 1.000000
tan 0.000000 -0.944882 0.314961 1.000000
tan 0.093372 -0.712381 0.692665 1.000000
tan 0.000000 -0.724409 0.692913 1.000000
tan 0.230020 -0.600471 -0.769917 1.000000
tan 0.234360 -0.840970 -0.495753 1.000000
tan 0.331701 -0.493583 -0.807055 1.000000
tan 0.000000 -0.330709 -0.944882 1.000000
tan 0.155682 -0.888896 -0.434993 1.000000
tan -0.062434 -0.986980 -0.135470 1.000000
tan 0.093372 -0.712381 -0.692665 1.000000
tan -0.055862 -0.993242 -0.066898 1.000000
tan 0.062434 -0.986980 0.135470 1.000000
tan 0.030876 -0.934900 -0.353649 1.000000
tan -0.034720 -0.992002 -0.019840 1.000000
tan 0.055862 -0.993242 0.066898 1.000000
tan 0.000000 -0.944882 -0.314960 1.000000
tan -0.155682 -0.888896 0.434993 1.000000
tan -0.234360 -0.840969 0.495753 1.000000
tan 0.034720 -0.992002 0.019840 1.000000
tan -0.230020 -0.600471 0.769917 1.000000
tan -0.331701 -0.493583 0.807056 1.000000
tan 0.000000 -0.330709 0.944882 1.000000
tan -0.030876 -0.934900 0.353649 1.000000
tan 0.000000 -1.000000 0.007874 1.000000
tan -0.093372 -0.712381 0.692665 1.000000
tan 0.000000 -0.944882 0.314961 1.000000
tan 0.000000 -0.724409 0.692913 1.000000
tan 0.093372 -0.712381 0.692665 1.000000
tan 0.204352 -0.593961 0.782813 1.000000
tan 0.331701 -0.493583 0.807056 1.000000
tan 0.030876 -0.934900 0.353649 1.000000
tan 0.155682 -0.888896 0.434993 1.000000
tan 0.246822 -0.844379 0.473061 1.000000
tan -0.062434 -0.986980 0.135470 1.000000
tan -0.034720 -0.992002 0.019840 1.000000
tan -0.055862 -0.993242 0.066898 1.000000
tan 0.055862 -0.993242 -0.066898 1.000000
tan 0.062434 -0.986980 -0.135470 1.000000
tan 0.034720 -0.992002 -0.019840 1.000000
tan 0.000000 -1.000000 -0.007874 1.000000
tan -0.155682 -0.888896 -0.434993 1.000000
tan -0.246822 -0.844380 -0.473061 1.000000
tan -0.331701 -0.493583 -0.807055 1.000000
tan -0.030876 -0.934900 -0.353649 1.000000
tan -0.204352 -0.593961 -0.782813 1.000000
tan -0.093372 -0.712381 -0.692665 1.000000
tan 0.000000 -0.724409 -0.692913 1.000000
tan 0.234360 -0.840969 0.495753 1.000000
tan 0.230020 -0.600471 0.769917 1.000000
tan 0.331701 -0.493583 0.807056 1.000000
tan 0.000000 -0.330709 0.944882 1.000000
tan 0.155682 -0.888896 0.434993 1.000000
tan -0.062434 -0.986980 0.135470 1.000000
tan 0.093372 -0.712381 0.692665 1.000000
tan -0.055862 -0.993242 0.066898 1.000000
tan 0.062434 -0.986980 -0.135470 1.000000
tan 0.030876 -0.934900 0.353649 1.000000
tan -0.034720 -0.992002 0.019840 1.000000
tan 0.055862 -0.993242 -0.066898 1.000000
tan 0.000000 -0.944882 0.314961 1.000000
tan 0.034720 -0.992002 -0.019840 1.000000
tan -0.155682 -0.888896 -0.434993 1.000000
tan -0.234360 -0.840970 -0.495753 1.000000
tan 0.000000 -1.000000 0.007874 1.000000
tan -0.230020 -0.600471 -0.769917 1.000000
tan -0.331701 -0.493583 -0.807055 1.000000
tan 0.000000 -0.330709 -0.944882 1.000000
tan -0.030876 -0.934900 -0.353649 1.000000
tan -0.093372 -0.712381 -0.692665 1.000000
tan 0.000000 -1.000000 -0.007874 1.000000
tan 0.000000 -0.944882 -0.314960 1.000000
tan 0.000000 -0.724409 -0.692913 1.000000
tan 0.093372 -0.712381 -0.692665 1.000000
tan 0.204352 -0.593961 -0.782813 1.000000
tan 0.331701 -0.493583 -0.807055 1.000000
tan 0.030876 -0.934900 -0.353649 1.000000
tan 0.155682 -0.888896 -0.434993 1.000000
tan 0.246822 -0.844380 -0.473061 1.000000
tan -0.062434 -0.986980 -0.135470 1.000000
tan -0.034720 -0.992002 -0.019840 1.000000
tan -0.055862 -0.993242 -0.066898 1.000000
tan 0.055862 -0.993242 0.066898 1.000000
tan 0.062434 -0.986980 0.135470 1.000000
tan 0.034720 -0.992002 0.019840 1.000000
tan -0.155682 -0.888896 0.434993 1.000000
tan -0.246822 -0.844379 0.473061 1.000000
tan -0.331701 -0.493583 0.807056 1.000000
tan -0.030876 -0.934900 0.353649 1.000000
tan -0.204352 -0.593961 0.782813 1.000000
tan -0.093372 -0.712381 0.692665 1.000000
tan 0.000000 -0.724409 0.692913 1.000000
tan 0.000000 -1.000000 0.000000 1.000000
tan 0.000000 -1.000000 0.000000 1.000000
tan 0.000000 -1.000000 0.000000 1.000000
tan 0.000000 -1.000000 0.000000 1.000000
tan 0.000000 -1.000000 0.000000 1.000000
tan 0.000000 -1.000000 0.000000 1.000000
tan 0.000000 -1.000000 0.000000 1.000000
tan 0.000000 -1.000000 0.000000 1.000000
f 3/3/3 2/2/2 1/1/1
f 2/2/2 4/4/4 1/1/1
f 2/2/2 5/5/5 4/4/4
f 5/5/5 2/2/2 6/6/6
f 5/5/5 6/6/6 7/7/7
f 8/8/8 7/7/7 6/6/6
f 7/7/7 8/8/8 9/9/9
f 5/5/5 10/10/10 4/4/4
f 5/5/5 7/7/7 10/10/10
f 7/7/7 9/9/9 11/11/11
f 12/12/12 10/10/10 7/7/7
f 7/7/7 11/11/11 12/12/12
f 11/11/11 9/9/9 13/13/13
f 9/9/9 14/14/14 13/13/13
f 15/15/15 12/12/12 11/11/11
f 13/13/13 15/15/15 11/11/11
f 13/13/13 14/14/14 16/16/16
f 17/17/17 16/16/16 14/14/14
f 13/13/13 18/18/18 15/15/15
f 18/18/18 13/13/13 16/16/16
f 12/12/12 15/15/15 19/19/19
f 16/16/16 17/17/17 20/20/20
f 17/17/17 21/21/21 20/20/20
f 20/20/20 21/21/21 22/22/22
f 19/19/19 23/23/23 12/12/12
f 23/23/23 10/10/10 12/12/12
f 22/22/22 24/24/24 20/20/20
f 23/23/23 25/25/25 10/10/10
f 26/26/26 20/20/20 24/24/24
f 20/20/20 26/26/26 16/16/16
f 24/24/24 22/22/22 27/27/27
f 22/22/22 28/28/28 27/27/27
f 27/27/27 28/28/28 29/29/29
f 30/30/30 16/16/16 26/26/26
f 16/16/16 30/30/30 18/18/18
f 27/27/27 29/29/29 31/31/31
f 29/29/29 32/32/32 31/31/31
f 30/30/30 33/33/33 18/18/18
f 34/34/34 31/31/31 32/32/32
f 32/32/32 35/35/35 34/34/34
f 36/36/36 18/18/18 33/33/33
f 18/18/18 36/36/36 15/15/15
f 19/19/19 15/15/15 36/36/36
f 30/30/30 37/37/37 33/33/33
f 30/30/30 26/26/26 37/37/37
f 38/38/38 36/36/36 33/33/33
f 39/39/39 33/33/33 37/37/37
f 33/33/33 39/39/39 38/38/38
f 40/40/40 19/19/19 36/36/36
f 36/36/36 38/38/38 40/40/40
f 37/37/37 41/41/41 39/39/39
f 39/39/39 42/42/42 38/38/38
f 42/42/42 39/39/39 41/41/41
f 40/40/40 38/38/38 43/43/43
f 42/42/42 43/43/43 38/38/38
f 41/41/41 37/37/37 44/44/44
f 37/37/37 26/26/26 44/44/44
f 41/41/41 45/45/45 42/42/42
f 41/41/41 44/44/44 45/45/45
f 42/42/42 46/46/46 43/43/43
f 42/42/42 45/45/45 46/46/46
f 44/44/44 26/26/26 47/47/47
f 24/24/24 47/47/47 26/26/26
f 24/24/24 27/27/27 47/47/47
f 44/44/44 48/48/48 45/45/45
f 47/47/47 48/48/48 44/44/44
f 49/49/49 47/47/47 27/27/27
f 50/50/50 48/48/48 47/47/47
f 47/47/47 49/49/49 50/50/50
f 51/51/51 45/45/45 48/48/48
f 52/52/52 49/49/49 27/27/27
f 52/52/52 27/27/27 31/31/31
f 31/31/31 34/34/34 52/52/52
f 53/53/53 51/51/51 48/48/48
f 48/48/48 50/50/50 53/53/53
f 54/54/54 45/45/45 51/51/51
f 46/46/46 45/45/45 54/54/54
f 51/51/51 53/53/53 55/55/55
f 54/54/54 51/51/51 55/55/55
f 50/50/50 56/56/56 53/53/53
f 55/55/55 53/53/53 56/56/56
f 50/50/50 49/49/49 57/57/57
f 56/56/56 50/50/50 57/57/57
f 57/57/57 49/49/49 52/52/52
f 55/55/55 56/56/56 58/58/58
f 58/58/58 54/54/54 55/55/55
f 56/56/56 57/57/57 59/59/59
f 56/56/56 59/59/59 58/58/58
f 60/60/60 57/57/57 52/52/52
f 59/59/59 57/57/57 60/60/60
f 52/52/52 61/61/61 60/60/60
f 61/61/61 52/52/52 34/34/34
f 60/60/60 61/61/61 62/62/62
f 61/61/61 34/34/34 63/63/63
f 62/62/62 61/61/61 63/63/63
f 63/63/63 34/34/34 64/64/64
f 64/64/64 34/34/34 35/35/35
f 35/35/35 65/65/65 64/64/64
f 66/66/66 64/64/64 65/65/65
f 65/65/65 67/67/67 66/66/66
f 63/63/63 64/64/64 68/68/68
f 68/68/68 64/64/64 66/66/66
f 69/69/69 63/63/63 68/68/68
f 62/62/62 63/63/63 69/69/69
f 68/68/68 66/66/66 70/70/70
f 69/69/69 68/68/68 71/71/71
f 71/71/71 68/68/68 70/70/70
f 69/69/69 72/72/72 62/62/62
f 69/69/69 71/71/71 72/72/72
f 70/70/70 66/66/66 73/73/73
f 73/73/73 66/66/66 67/67/67
f 70/70/70 73/73/73 74/74/74
f 74/74/74 71/71/71 70/70/70
f 73/73/73 67/67/67 75/75/75
f 75/75/75 74/74/74 73/73/73
f 76/76/76 75/75/75 67/67/67
f 75/75/75 76/76/76 77/77/77
f 74/74/74 75/75/75 77/77/77
f 76/76/76 78/78/78 77/77/77
f 79/79/79 77/77/77 78/78/78
f 71/71/71 74/74/74 80/80/80
f 77/77/77 81/81/81 74/74/74
f 74/74/74 81/81/81 80/80/80
f 77/77/77 79/79/79 82/82/82
f 81/81/81 77/77/77 83/83/83
f 82/82/82 83/83/83 77/77/77
f 82/82/82 79/79/79 84/84/84
f 82/82/82 84/84/84 83/83/83
f 84/84/84 79/79/79 85/85/85
f 85/85/85 86/86/86 84/84/84
f 83/83/83 87/87/87 81/81/81
f 81/81/81 87/87/87 80/80/80
f 88/88/88 84/84/84 86/86/86
f 86/86/86 89/89/89 88/88/88
f 90/90/90 83/83/83 84/84/84
f 84/84/84 88/88/88 90/90/90
f 91/91/91 88/88/88 89/89/89
f 92/92/92 91/91/91 89/89/89
f 93/93/93 90/90/90 88/88/88
f 94/94/94 88/88/88 91/91/91
f 88/88/88 94/94/94 93/93/93
f 91/91/91 92/92/92 95/95/95
f 90/90/90 93/93/93 96/96/96
f 95/95/95 92/92/92 97/97/97
f 92/92/92 98/98/98 97/97/97
f 91/91/91 95/95/95 99/99/99
f 99/99/99 94/94/94 91/91/91
f 100/100/100 95/95/95 97/97/97
f 99/99/99 95/95/95 100/100/100
f 97/97/97 98/98/98 101/101/101
f 101/101/101 98/98/98 102/102/102
f 101/101/101 102/102/102 103/103/103
f 104/104/104 97/97/97 101/101/101
f 100/100/100 97/97/97 104/104/104
f 103/103/103 105/105/105 101/101/101
f 101/101/101 105/105/105 104/104/104
f 103/103/103 106/106/106 105/105/105
f 107/107/107 105/105/105 106/106/106
f 108/108/108 100/100/100 104/104/104
f 109/109/109 104/104/104 105/105/105
f 110/110/110 100/100/100 108/108/108
f 110/110/110 99/99/99 100/100/100
f 108/108/108 104/104/104 111/111/111
f 109/109/109 111/111/111 104/104/104
f 112/112/112 110/110/110 108/108/108
f 112/112/112 108/108/108 111/111/111
f 113/113/113 99/99/99 110/110/110
f 94/94/94 99/99/99 113/113/113
f 114/114/114 110/110/110 112/112/112
f 114/114/114 113/113/113 110/110/110
f 115/115/115 94/94/94 113/113/113
f 115/115/115 93/93/93 94/94/94
f 115/115/115 96/96/96 93/93/93
f 116/116/116 115/115/115 113/113/113
f 113/113/113 114/114/114 116/116/116
f 117/117/117 96/96/96 115/115/115
f 116/116/116 117/117/117 115/115/115
f 96/96/96 117/117/117 118/118/118
f 117/117/117 116/116/116 119/119/119
f 117/117/117 119/119/119 118/118/118
f 116/116/116 114/114/114 120/120/120
f 119/119/119 116/116/116 120/120/120
f 121/121/121 96/96/96 118/118/118
f 121/121/121 90/90/90 96/96/96
f 121/121/121 83/83/83 90/90/90
f 118/118/118 119/119/119 122/122/122
f 118/118/118 122/122/122 121/121/121
f 123/123/123 83/83/83 121/121/121
f 121/121/121 122/122/122 123/123/123
f 87/87/87 83/83/83 123/123/123
f 119/119/119 124/124/124 122/122/122
f 120/120/120 124/124/124 119/119/119
f 125/125/125 123/123/123 122/122/122
f 126/126/126 87/87/87 123/123/123
f 126/126/126 123/123/123 125/125/125
f 87/87/87 126/126/126 127/127/127
f 127/127/127 80/80/80 87/87/87
f 126/126/126 125/125/125 128/128/128
f 126/126/126 128/128/128 127/127/127
f 129/129/129 125/125/125 122/122/122
f 128/128/128 125/125/125 129/129/129
f 122/122/122 124/124/124 129/129/129
f 128/128/128 130/130/130 127/127/127
f 128/128/128 129/129/129 130/130/130
f 131/131/131 80/80/80 127/127/127
f 127/127/127 130/130/130 131/131/131
f 71/71/71 80/80/80 131/131/131
f 131/131/131 72/72/72 71/71/71
f 129/129/129 124/124/124 132/132/132
f 132/132/132 130/130/130 129/129/129
f 133/133/133 132/132/132 124/124/124
f 120/120/120 133/133/133 124/124/124
f 132/132/132 134/134/134 130/130/130
f 135/135/135 132/132/132 133/133/133
f 134/134/134 132/132/132 135/135/135
f 136/136/136 133/133/133 120/120/120
f 120/120/120 114/114/114 136/136/136
f 114/114/114 112/112/112 136/136/136
f 135/135/135 133/133/133 137/137/137
f 136/136/136 137/137/137 133/133/133
f 112/112/112 138/138/138 136/136/136
f 111/111/111 138/138/138 112/112/112
f 138/138/138 111/111/111 139/139/139
f 136/136/136 138/138/138 139/139/139
f 139/139/139 111/111/111 140/140/140
f 111/111/111 109/109/109 140/140/140
f 139/139/139 141/141/141 136/136/136
f 140/140/140 109/109/109 142/142/142
f 109/109/109 105/105/105 142/142/142
f 105/105/105 143/143/143 142/142/142
f 144/144/144 142/142/142 143/143/143
f 142/142/142 146/146/146 145/145/145
f 147/147/147 142/142/142 145/145/145
f 149/149/149 148/148/148 147/147/147
f 150/150/150 147/147/147 148/148/148
f 142/142/142 151/151/151 140/140/140
f 151/151/151 142/142/142 147/147/147
f 152/152/152 140/140/140 151/151/151
f 140/140/140 152/152/152 139/139/139
f 141/141/141 139/139/139 152/152/152
f 151/151/151 147/147/147 153/153/153
f 152/152/152 151/151/151 153/153/153
f 147/147/147 150/150/150 154/154/154
f 154/154/154 153/153/153 147/147/147
f 155/155/155 154/154/154 150/150/150
f 155/155/155 156/156/156 154/154/154
f 157/157/157 154/154/154 156/156/156
f 153/153/153 154/154/154 157/157/157
f 156/156/156 158/158/158 157/157/157
f 153/153/153 159/159/159 152/152/152
f 160/160/160 157/157/157 158/158/158
f 157/157/157 161/161/161 153/153/153
f 160/160/160 161/161/161 157/157/157
f 159/159/159 153/153/153 161/161/161
f 162/162/162 160/160/160 158/158/158
f 163/163/163 162/162/162 158/158/158
f 160/160/160 164/164/164 161/161/161
f 160/160/160 162/162/162 164/164/164
f 161/161/161 165/165/165 159/159/159
f 164/164/164 165/165/165 161/161/161
f 166/166/166 152/152/152 159/159/159
f 159/159/159 165/165/165 166/166/166
f 141/141/141 152/152/152 166/166/166
f 141/141/141 166/166/166 136/136/136
f 167/167/167 166/166/166 165/165/165
f 167/167/167 136/136/136 166/166/166
f 164/164/164 168/168/168 165/165/165
f 167/167/167 165/165/165 168/168/168
f 164/164/164 162/162/162 169/169/169
f 169/169/169 168/168/168 164/164/164
f 162/162/162 163/163/163 170/170/170
f 162/162/162 170/170/170 169/169/169
f 171/171/171 170/170/170 163/163/163
f 168/168/168 169/169/169 172/172/172
f 173/173/173 170/170/170 171/171/171
f 174/174/174 173/173/173 171/171/171
f 174/174/174 175/175/175 173/173/173
f 170/170/170 176/176/176 169/169/169
f 176/176/176 172/172/172 169/169/169
f 173/173/173 177/177/177 170/170/170
f 176/176/176 170/170/170 177/177/177
f 178/178/178 173/173/173 175/175/175
f 177/177/177 179/179/179 176/176/176
f 179/179/179 172/172/172 176/176/176
f 177/177/177 173/173/173 180/180/180
f 178/178/178 180/180/180 173/173/173
f 178/178/178 175/175/175 181/181/181
f 178/178/178 181/181/181 180/180/180
f 182/182/182 181/181/181 175/175/175
f 182/182/182 183/183/183 181/181/181
f 177/177/177 180/180/180 184/184/184
f 179/179/179 177/177/177 184/184/184
f 185/185/185 181/181/181 183/183/183
f 183/183/183 186/186/186 185/185/185
f 187/187/187 180/180/180 181/181/181
f 188/188/188 185/185/185 186/186/186
f 185/185/185 189/189/189 181/181/181
f 185/185/185 188/188/188 189/189/189
f 181/181/181 189/189/189 187/187/187
f 188/188/188 186/186/186 190/190/190
f 191/191/191 190/190/190 186/186/186
f 192/192/192 189/189/189 188/188/188
f 188/188/188 190/190/190 192/192/192
f 190/190/190 191/191/191 193/193/193
f 194/194/194 193/193/193 191/191/191
f 195/195/195 192/192/192 190/190/190
f 190/190/190 193/193/193 195/195/195
f 192/192/192 196/196/196 189/189/189
f 192/192/192 195/195/195 196/196/196
f 193/193/193 194/194/194 197/197/197
f 198/198/198 197/197/197 194/194/194
f 199/199/199 195/195/195 193/193/193
f 199/199/199 193/193/193 197/197/197
f 200/200/200 195/195/195 199/199/199
f 200/200/200 196/196/196 195/195/195
f 197/197/197 198/198/198 201/201/201
f 202/202/202 201/201/201 198/198/198
f 197/197/197 203/203/203 199/199/199
f 202/202/202 204/204/204 201/201/201
f 205/205/205 204/204/204 202/202/202
f 201/201/201 206/206/206 197/197/197
f 203/203/203 197/197/197 206/206/206
f 201/201/201 204/204/204 206/206/206
f 205/205/205 207/207/207 204/204/204
f 208/208/208 199/199/199 203/203/203
f 199/199/199 208/208/208 200/200/200
f 206/206/206 209/209/209 203/203/203
f 203/203/203 209/209/209 208/208/208
f 210/210/210 200/200/200 208/208/208
f 200/200/200 210/210/210 196/196/196
f 211/211/211 208/208/208 209/209/209
f 208/208/208 211/211/211 210/210/210
f 212/212/212 209/209/209 206/206/206
f 209/209/209 213/213/213 211/211/211
f 212/212/212 213/213/213 209/209/209
f 212/212/212 206/206/206 214/214/214
f 214/214/214 206/206/206 204/204/204
f 214/214/214 215/215/215 212/212/212
f 214/214/214 204/204/204 216/216/216
f 214/214/214 216/216/216 215/215/215
f 217/217/217 216/216/216 204/204/204
f 217/217/217 204/204/204 207/207/207
f 218/218/218 212/212/212 215/215/215
f 212/212/212 218/218/218 213/213/213
f 207/207/207 219/219/219 217/217/217
f 220/220/220 219/219/219 207/207/207
f 221/221/221 219/219/219 220/220/220
f 219/219/219 222/222/222 217/217/217
f 216/216/216 217/217/217 222/222/222
f 219/219/219 221/221/221 223/223/223
f 219/219/219 223/223/223 222/222/222
f 221/221/221 224/224/224 223/223/223
f 222/222/222 225/225/225 216/216/216
f 226/226/226 223/223/223 224/224/224
f 224/224/224 227/227/227 226/226/226
f 228/228/228 222/222/222 223/223/223
f 229/229/229 226/226/226 227/227/227
f 230/230/230 223/223/223 226/226/226
f 228/228/228 223/223/223 230/230/230
f 229/229/229 231/231/231 226/226/226
f 230/230/230 226/226/226 231/231/231
f 229/229/229 227/227/227 232/232/232
f 233/233/233 232/232/232 227/227/227
f 233/233/233 234/234/234 232/232/232
f 235/235/235 231/231/231 229/229/229
f 232/232/232 235/235/235 229/229/229
f 236/236/236 232/232/232 234/234/234
f 234/234/234 237/237/237 236/236/236
f 239/239/239 238/238/238 237/237/237
f 237/237/237 238/238/238 240/240/240
f 237/237/237 240/240/240 236/236/236
f 236/236/236 241/241/241 232/232/232
f 236/236/236 240/240/240 241/241/241
f 232/232/232 241/241/241 235/235/235
f 242/242/242 241/241/241 240/240/240
f 241/241/241 243/243/243 235/235/235
f 240/240/240 244/244/244 242/242/242
f 240/240/240 245/245/245 244/244/244
f 246/246/246 244/244/244 245/245/245
f 246/246/246 247/247/247 244/244/244
f 247/247/247 4/4/4 244/244/244
f 4/4/4 248/248/248 244/244/244
f 248/248/248 4/4/4 10/10/10
f 248/248/248 10/10/10 25/25/25
f 249/249/249 244/244/244 248/248/248
f 248/248/248 25/25/25 249/249/249
f 244/244/244 249/249/249 242/242/242
f 250/250/250 241/241/241 242/242/242
f 250/250/250 242/242/242 249/249/249
f 241/241/241 250/250/250 243/243/243
f 251/251/251 249/249/249 25/25/25
f 249/249/249 251/251/251 250/250/250
f 25/25/25 252/252/252 251/251/251
f 253/253/253 250/250/250 251/251/251
f 25/25/25 254/254/254 252/252/252
f 254/254/254 25/25/25 23/23/23
f 254/254/254 23/23/23 19/19/19
f 19/19/19 40/40/40 254/254/254
f 255/255/255 251/251/251 252/252/252
f 255/255/255 252/252/252 254/254/254
f 40/40/40 255/255/255 254/254/254
f 251/251/251 255/255/255 253/253/253
f 43/43/43 255/255/255 40/40/40
f 253/253/253 256/256/256 250/250/250
f 256/256/256 253/253/253 255/255/255
f 256/256/256 243/243/243 250/250/250
f 43/43/43 257/257/257 255/255/255
f 46/46/46 257/257/257 43/43/43
f 243/243/243 256/256/256 258/258/258
f 235/235/235 243/243/243 258/258/258
f 235/235/235 258/258/258 231/231/231
f 46/46/46 259/259/259 257/257/257
f 259/259/259 46/46/46 54/54/54
f 259/259/259 54/54/54 58/58/58
f 259/259/259 260/260/260 257/257/257
f 259/259/259 58/58/58 260/260/260
f 255/255/255 257/257/257 260/260/260
f 258/258/258 261/261/261 231/231/231
f 230/230/230 231/231/231 261/261/261
f 262/262/262 258/258/258 256/256/256
f 258/258/258 262/262/262 261/261/261
f 262/262/262 256/256/256 255/255/255
f 261/261/261 263/263/263 230/230/230
f 228/228/228 230/230/230 263/263/263
f 261/261/261 262/262/262 264/264/264
f 261/261/261 264/264/264 263/263/263
f 265/265/265 262/262/262 255/255/255
f 264/264/264 262/262/262 265/265/265
f 228/228/228 263/263/263 266/266/266
f 222/222/222 228/228/228 266/266/266
f 266/266/266 225/225/225 222/222/222
f 263/263/263 264/264/264 267/267/267
f 263/263/263 267/267/267 266/266/266
f 267/267/267 264/264/264 268/268/268
f 268/268/268 264/264/264 265/265/265
f 269/269/269 266/266/266 267/267/267
f 267/267/267 268/268/268 269/269/269
f 266/266/266 269/269/269 225/225/225
f 270/270/270 269/269/269 268/268/268
f 225/225/225 269/269/269 270/270/270
f 271/271/271 268/268/268 265/265/265
f 268/268/268 271/271/271 270/270/270
f 272/272/272 265/265/265 255/255/255
f 272/272/272 271/271/271 265/265/265
f 260/260/260 272/272/272 255/255/255
f 271/271/271 272/272/272 273/273/273
f 272/272/272 260/260/260 273/273/273
f 273/273/273 274/274/274 271/271/271
f 270/270/270 271/271/271 274/274/274
f 260/260/260 275/275/275 273/273/273
f 274/274/274 273/273/273 275/275/275
f 225/225/225 270/270/270 276/276/276
f 276/276/276 216/216/216 225/225/225
f 276/276/276 215/215/215 216/216/216
f 277/277/277 270/270/270 274/274/274
f 277/277/277 276/276/276 270/270/270
f 276/276/276 278/278/278 215/215/215
f 277/277/277 278/278/278 276/276/276
f 278/278/278 218/218/218 215/215/215
f 279/279/279 277/277/277 274/274/274
f 277/277/277 279/279/279 278/278/278
f 278/278/278 279/279/279 218/218/218
f 274/274/274 275/275/275 279/279/279
f 279/279/279 275/275/275 218/218/218
f 218/218/218 275/275/275 213/213/213
f 275/275/275 280/280/280 213/213/213
f 213/213/213 280/280/280 281/281/281
f 213/213/213 281/281/281 211/211/211
f 282/282/282 280/280/280 275/275/275
f 211/211/211 281/281/281 283/283/283
f 275/275/275 284/284/284 282/282/282
f 284/284/284 275/275/275 260/260/260
f 285/285/285 280/280/280 282/282/282
f 282/282/282 284/284/284 285/285/285
f 280/280/280 286/286/286 281/281/281
f 286/286/286 280/280/280 285/285/285
f 287/287/287 283/283/283 281/281/281
f 287/287/287 281/281/281 286/286/286
f 211/211/211 283/283/283 288/288/288
f 288/288/288 210/210/210 211/211/211
f 283/283/283 287/287/287 289/289/289
f 283/283/283 289/289/289 288/288/288
f 286/286/286 290/290/290 287/287/287
f 287/287/287 290/290/290 289/289/289
f 290/290/290 286/286/286 291/291/291
f 292/292/292 289/289/289 290/290/290
f 291/291/291 286/286/286 293/293/293
f 285/285/285 293/293/293 286/286/286
f 289/289/289 292/292/292 294/294/294
f 288/288/288 289/289/289 294/294/294
f 295/295/295 294/294/294 292/292/292
f 285/285/285 296/296/296 293/293/293
f 296/296/296 285/285/285 284/284/284
f 293/293/293 296/296/296 297/297/297
f 294/294/294 295/295/295 298/298/298
f 294/294/294 298/298/298 288/288/288
f 298/298/298 295/295/295 299/299/299
f 299/299/299 300/300/300 298/298/298
f 301/301/301 288/288/288 298/298/298
f 288/288/288 301/301/301 210/210/210
f 302/302/302 298/298/298 300/300/300
f 301/301/301 298/298/298 302/302/302
f 302/302/302 300/300/300 303/303/303
f 300/300/300 304/304/304 303/303/303
f 304/304/304 305/305/305 303/303/303
f 306/306/306 301/301/301 302/302/302
f 303/303/303 306/306/306 302/302/302
f 307/307/307 210/210/210 301/301/301
f 301/301/301 306/306/306 307/307/307
f 307/307/307 196/196/196 210/210/210
f 308/308/308 306/306/306 303/303/303
f 306/306/306 308/308/308 307/307/307
f 303/303/303 305/305/305 309/309/309
f 305/305/305 310/310/310 309/309/309
f 303/303/303 311/311/311 308/308/308
f 309/309/309 311/311/311 303/303/303
f 312/312/312 307/307/307 308/308/308
f 308/308/308 311/311/311 312/312/312
f 313/313/313 196/196/196 307/307/307
f 196/196/196 313/313/313 189/189/189
f 313/313/313 187/187/187 189/189/189
f 307/307/307 314/314/314 313/313/313
f 314/314/314 307/307/307 312/312/312
f 187/187/187 313/313/313 315/315/315
f 314/314/314 315/315/315 313/313/313
f 187/187/187 315/315/315 180/180/180
f 315/315/315 314/314/314 316/316/316
f 315/315/315 317/317/317 180/180/180
f 315/315/315 316/316/316 317/317/317
f 317/317/317 184/184/184 180/180/180
f 318/318/318 316/316/316 314/314/314
f 318/318/318 314/314/314 312/312/312
f 317/317/317 316/316/316 319/319/319
f 319/319/319 316/316/316 318/318/318
f 184/184/184 317/317/317 320/320/320
f 319/319/319 320/320/320 317/317/317
f 318/318/318 321/321/321 319/319/319
f 319/319/319 321/321/321 320/320/320
f 321/321/321 318/318/318 312/312/312
f 320/320/320 322/322/322 184/184/184
f 184/184/184 322/322/322 179/179/179
f 320/320/320 321/321/321 323/323/323
f 322/322/322 324/324/324 179/179/179
f 324/324/324 172/172/172 179/179/179
f 320/320/320 325/325/325 322/322/322
f 325/325/325 324/324/324 322/322/322
f 323/323/323 325/325/325 320/320/320
f 324/324/324 326/326/326 172/172/172
f 324/324/324 325/325/325 326/326/326
f 172/172/172 326/326/326 168/168/168
f 326/326/326 167/167/167 168/168/168
f 325/325/325 327/327/327 326/326/326
f 326/326/326 327/327/327 167/167/167
f 323/323/323 327/327/327 325/325/325
f 327/327/327 136/136/136 167/167/167
f 328/328/328 327/327/327 323/323/323
f 327/327/327 328/328/328 136/136/136
f 321/321/321 329/329/329 323/323/323
f 323/323/323 329/329/329 328/328/328
f 321/321/321 312/312/312 329/329/329
f 329/329/329 330/330/330 328/328/328
f 328/328/328 330/330/330 136/136/136
f 312/312/312 331/331/331 329/329/329
f 331/331/331 330/330/330 329/329/329
f 311/311/311 331/331/331 312/312/312
f 332/332/332 331/331/331 311/311/311
f 309/309/309 332/332/332 311/311/311
f 309/309/309 333/333/333 332/332/332
f 333/333/333 309/309/309 310/310/310
f 334/334/334 331/331/331 332/332/332
f 332/332/332 333/333/333 335/335/335
f 334/334/334 332/332/332 335/335/335
f 336/336/336 335/335/335 333/333/333
f 333/333/333 310/310/310 336/336/336
f 337/337/337 334/334/334 335/335/335
f 337/337/337 335/335/335 336/336/336
f 338/338/338 331/331/331 334/334/334
f 334/334/334 337/337/337 338/338/338
f 331/331/331 338/338/338 330/330/330
f 339/339/339 336/336/336 310/310/310
f 336/336/336 340/340/340 337/337/337
f 340/340/340 336/336/336 339/339/339
f 339/339/339 310/310/310 341/341/341
f 339/339/339 341/341/341 340/340/340
f 342/342/342 341/341/341 310/310/310
f 340/340/340 343/343/343 337/337/337
f 338/338/338 337/337/337 343/343/343
f 341/341/341 344/344/344 340/340/340
f 345/345/345 338/338/338 343/343/343
f 345/345/345 330/330/330 338/338/338
f 343/343/343 340/340/340 346/346/346
f 344/344/344 346/346/346 340/340/340
f 347/347/347 345/345/345 343/343/343
f 347/347/347 343/343/343 348/348/348
f 347/347/347 348/348/348 345/345/345
f 348/348/348 343/343/343 346/346/346
f 349/349/349 345/345/345 348/348/348
f 349/349/349 348/348/348 346/346/346
f 345/345/345 349/349/349 330/330/330
f 349/349/349 350/350/350 330/330/330
f 350/350/350 136/136/136 330/330/330
f 349/349/349 346/346/346 351/351/351
f 349/349/349 351/351/351 350/350/350
f 352/352/352 136/136/136 350/350/350
f 352/352/352 137/137/137 136/136/136
f 353/353/353 350/350/350 351/351/351
f 350/350/350 353/353/353 352/352/352
f 346/346/346 354/354/354 351/351/351
f 344/344/344 354/354/354 346/346/346
f 351/351/351 355/355/355 353/353/353
f 354/354/354 355/355/355 351/351/351
f 356/356/356 352/352/352 353/353/353
f 355/355/355 356/356/356 353/353/353
f 354/354/354 344/344/344 357/357/357
f 344/344/344 341/341/341 357/357/357
f 357/357/357 341/341/341 342/342/342
f 358/358/358 355/355/355 354/354/354
f 354/354/354 357/357/357 358/358/358
f 358/358/358 356/356/356 355/355/355
f 358/358/358 357/357/357 359/359/359
f 342/342/342 359/359/359 357/357/357
f 356/356/356 358/358/358 360/360/360
f 359/359/359 360/360/360 358/358/358
f 360/360/360 361/361/361 356/356/356
f 360/360/360 359/359/359 361/361/361
f 352/352/352 356/356/356 362/362/362
f 352/352/352 362/362/362 137/137/137
f 361/361/361 363/363/363 356/356/356
f 363/363/363 362/362/362 356/356/356
f 364/364/364 361/361/361 359/359/359
f 342/342/342 364/364/364 359/359/359
f 365/365/365 363/363/363 361/361/361
f 365/365/365 361/361/361 364/364/364
f 366/366/366 362/362/362 363/363/363
f 363/363/363 365/365/365 366/366/366
f 362/362/362 366/366/366 137/137/137
f 364/364/364 367/367/367 365/365/365
f 368/368/368 137/137/137 366/366/366
f 368/368/368 135/135/135 137/137/137
f 369/369/369 366/366/366 365/365/365
f 369/369/369 368/368/368 366/366/366
f 365/365/365 367/367/367 369/369/369
f 364/364/364 342/342/342 370/370/370
f 367/367/367 364/364/364 370/370/370
f 342/342/342 371/371/371 370/370/370
f 367/367/367 370/370/370 372/372/372
f 367/367/367 372/372/372 369/369/369
f 373/373/373 370/370/370 371/371/371
f 372/372/372 370/370/370 373/373/373
f 373/373/373 371/371/371 374/374/374
f 372/372/372 373/373/373 374/374/374
f 374/374/374 371/371/371 375/375/375
f 376/376/376 369/369/369 372/372/372
f 377/377/377 375/375/375 371/371/371
f 371/371/371 378/378/378 377/377/377
f 379/379/379 372/372/372 374/374/374
f 376/376/376 372/372/372 379/379/379
f 380/380/380 374/374/374 375/375/375
f 379/379/379 374/374/374 380/380/380
f 375/375/375 381/381/381 380/380/380
f 375/375/375 377/377/377 381/381/381
f 380/380/380 382/382/382 379/379/379
f 381/381/381 382/382/382 380/380/380
f 379/379/379 382/382/382 383/383/383
f 376/376/376 379/379/379 383/383/383
f 134/134/134 382/382/382 381/381/381
f 383/383/383 382/382/382 134/134/134
f 381/381/381 130/130/130 134/134/134
f 134/134/134 135/135/135 383/383/383
f 384/384/384 130/130/130 381/381/381
f 377/377/377 384/384/384 381/381/381
f 384/384/384 131/131/131 130/130/130
f 385/385/385 383/383/383 135/135/135
f 385/385/385 376/376/376 383/383/383
f 385/385/385 135/135/135 368/368/368
f 386/386/386 376/376/376 385/385/385
f 387/387/387 385/385/385 368/368/368
f 386/386/386 385/385/385 387/387/387
f 376/376/376 386/386/386 387/387/387
f 387/387/387 368/368/368 369/369/369
f 369/369/369 376/376/376 387/387/387
f 388/388/388 131/131/131 384/384/384
f 384/384/384 377/377/377 389/389/389
f 384/384/384 389/389/389 388/388/388
f 389/389/389 377/377/377 378/378/378
f 378/378/378 390/390/390 389/389/389
f 390/390/390 391/391/391 389/389/389
f 388/388/388 392/392/392 131/131/131
f 392/392/392 388/388/388 389/389/389
f 393/393/393 389/389/389 391/391/391
f 392/392/392 389/389/389 393/393/393
f 392/392/392 394/394/394 131/131/131
f 392/392/392 393/393/393 394/394/394
f 394/394/394 72/72/72 131/131/131
f 395/395/395 393/393/393 391/391/391
f 395/395/395 394/394/394 393/393/393
f 396/396/396 395/395/395 391/391/391
f 396/396/396 397/397/397 395/395/395
f 398/398/398 72/72/72 394/394/394
f 394/394/394 395/395/395 398/398/398
f 399/399/399 395/395/395 397/397/397
f 399/399/399 398/398/398 395/395/395
f 397/397/397 400/400/400 399/399/399
f 401/401/401 399/399/399 400/400/400
f 398/398/398 399/399/399 401/401/401
f 400/400/400 402/402/402 401/401/401
f 72/72/72 398/398/398 403/403/403
f 403/403/403 62/62/62 72/72/72
f 403/403/403 60/60/60 62/62/62
f 59/59/59 60/60/60 403/403/403
f 401/401/401 404/404/404 398/398/398
f 404/404/404 403/403/403 398/398/398
f 405/405/405 401/401/401 402/402/402
f 404/404/404 401/401/401 405/405/405
f 402/402/402 406/406/406 405/405/405
f 404/404/404 407/407/407 403/403/403
f 405/405/405 407/407/407 404/404/404
f 407/407/407 59/59/59 403/403/403
f 408/408/408 405/405/405 406/406/406
f 405/405/405 408/408/408 407/407/407
f 406/406/406 409/409/409 408/408/408
f 410/410/410 59/59/59 407/407/407
f 410/410/410 407/407/407 408/408/408
f 59/59/59 410/410/410 411/411/411
f 410/410/410 408/408/408 411/411/411
f 411/411/411 58/58/58 59/59/59
f 412/412/412 408/408/408 409/409/409
f 412/412/412 411/411/411 408/408/408
f 413/413/413 58/58/58 411/411/411
f 413/413/413 411/411/411 412/412/412
f 413/413/413 260/260/260 58/58/58
f 414/414/414 412/412/412 409/409/409
f 413/413/413 412/412/412 414/414/414
f 409/409/409 415/415/415 414/414/414
f 260/260/260 413/413/413 416/416/416
f 413/413/413 414/414/414 416/416/416
f 260/260/260 416/416/416 284/284/284
f 296/296/296 284/284/284 416/416/416
f 415/415/415 417/417/417 414/414/414
f 417/417/417 416/416/416 414/414/414
f 416/416/416 417/417/417 296/296/296
f 417/417/417 415/415/415 418/418/418
f 296/296/296 417/417/417 297/297/297
f 417/417/417 418/418/418 297/297/297
f 421/421/421 420/420/420 419/419/419
f 420/420/420 421/421/421 422/422/422
f 421/421/421 419/419/419 423/423/423
f 424/424/424 423/423/423 419/419/419
f 424/424/424 425/425/425 423/423/423
f 421/421/421 426/426/426 422/422/422
f 426/426/426 421/421/421 423/423/423
f 427/427/427 422/422/422 426/426/426
f 422/422/422 427/427/427 428/428/428
f 429/429/429 423/423/423 425/425/425
f 430/430/430 428/428/428 427/427/427
f 429/429/429 425/425/425 431/431/431
f 432/432/432 431/431/431 425/425/425
f 429/429/429 433/433/433 423/423/423
f 423/423/423 433/433/433 426/426/426
f 431/431/431 434/434/434 429/429/429
f 429/429/429 434/434/434 433/433/433
f 431/431/431 432/432/432 435/435/435
f 436/436/436 435/435/435 432/432/432
f 431/431/431 437/437/437 434/434/434
f 437/437/437 431/431/431 435/435/435
f 434/434/434 438/438/438 433/433/433
f 439/439/439 435/435/435 436/436/436
f 440/440/440 439/439/439 436/436/436
f 440/440/440 441/441/441 439/439/439
f 433/433/433 438/438/438 442/442/442
f 442/442/442 426/426/426 433/433/433
f 443/443/443 439/439/439 441/441/441
f 441/441/441 444/444/444 443/443/443
f 426/426/426 442/442/442 445/445/445
f 445/445/445 427/427/427 426/426/426
f 427/427/427 445/445/445 430/430/430
f 446/446/446 443/443/443 444/444/444
f 444/444/444 447/447/447 446/446/446
f 443/443/443 448/448/448 439/439/439
f 443/443/443 446/446/446 448/448/448
f 449/449/449 446/446/446 447/447/447
f 450/450/450 439/439/439 448/448/448
f 439/439/439 450/450/450 435/435/435
f 451/451/451 449/449/449 447/447/447
f 452/452/452 451/451/451 447/447/447
f 453/453/453 435/435/435 450/450/450
f 435/435/435 453/453/453 437/437/437
f 450/450/450 454/454/454 453/453/453
f 453/453/453 455/455/455 437/437/437
f 453/453/453 454/454/454 455/455/455
f 456/456/456 437/437/437 455/455/455
f 437/437/437 456/456/456 434/434/434
f 434/434/434 456/456/456 438/438/438
f 454/454/454 450/450/450 457/457/457
f 450/450/450 448/448/448 457/457/457
f 458/458/458 438/438/438 456/456/456
f 457/457/457 459/459/459 454/454/454
f 455/455/455 460/460/460 456/456/456
f 460/460/460 458/458/458 456/456/456
f 461/461/461 455/455/455 454/454/454
f 461/461/461 460/460/460 455/455/455
f 454/454/454 459/459/459 461/461/461
f 461/461/461 462/462/462 460/460/460
f 462/462/462 461/461/461 459/459/459
f 460/460/460 463/463/463 458/458/458
f 462/462/462 463/463/463 460/460/460
f 458/458/458 464/464/464 438/438/438
f 442/442/442 438/438/438 464/464/464
f 464/464/464 445/445/445 442/442/442
f 465/465/465 462/462/462 459/459/459
f 465/465/465 459/459/459 457/457/457
f 466/466/466 445/445/445 464/464/464
f 457/457/457 467/467/467 465/465/465
f 467/467/467 457/457/457 448/448/448
f 466/466/466 468/468/468 445/445/445
f 468/468/468 430/430/430 445/445/445
f 469/469/469 466/466/466 464/464/464
f 458/458/458 469/469/469 464/464/464
f 468/468/468 466/466/466 469/469/469
f 463/463/463 469/469/469 458/458/458
f 430/430/430 468/468/468 470/470/470
f 471/471/471 463/463/463 462/462/462
f 471/471/471 462/462/462 465/465/465
f 472/472/472 470/470/470 468/468/468
f 469/469/469 472/472/472 468/468/468
f 470/470/470 473/473/473 430/430/430
f 428/428/428 430/430/430 473/473/473
f 474/474/474 428/428/428 473/473/473
f 470/470/470 472/472/472 475/475/475
f 475/475/475 472/472/472 469/469/469
f 473/473/473 470/470/470 476/476/476
f 473/473/473 476/476/476 474/474/474
f 475/475/475 477/477/477 470/470/470
f 477/477/477 476/476/476 470/470/470
f 478/478/478 474/474/474 476/476/476
f 474/474/474 478/478/478 479/479/479
f 480/480/480 479/479/479 478/478/478
f 478/478/478 481/481/481 480/480/480
f 476/476/476 481/481/481 478/478/478
f 482/482/482 480/480/480 481/481/481
f 483/483/483 482/482/482 481/481/481
f 484/484/484 481/481/481 476/476/476
f 477/477/477 484/484/484 476/476/476
f 485/485/485 483/483/483 481/481/481
f 484/484/484 485/485/485 481/481/481
f 486/486/486 483/483/483 485/485/485
f 483/483/483 486/486/486 487/487/487
f 488/488/488 485/485/485 484/484/484
f 485/485/485 488/488/488 486/486/486
f 489/489/489 484/484/484 477/477/477
f 489/489/489 488/488/488 484/484/484
f 475/475/475 489/489/489 477/477/477
f 486/486/486 490/490/490 487/487/487
f 491/491/491 487/487/487 490/490/490
f 492/492/492 486/486/486 488/488/488
f 492/492/492 490/490/490 486/486/486
f 493/493/493 488/488/488 489/489/489
f 492/492/492 488/488/488 493/493/493
f 494/494/494 489/489/489 475/475/475
f 494/494/494 493/493/493 489/489/489
f 494/494/494 475/475/475 469/469/469
f 495/495/495 492/492/492 493/493/493
f 493/493/493 494/494/494 496/496/496
f 496/496/496 495/495/495 493/493/493
f 497/497/497 492/492/492 495/495/495
f 497/497/497 490/490/490 492/492/492
f 496/496/496 494/494/494 498/498/498
f 498/498/498 494/494/494 469/469/469
f 496/496/496 499/499/499 495/495/495
f 497/497/497 495/495/495 500/500/500
f 495/495/495 499/499/499 500/500/500
f 497/497/497 501/501/501 490/490/490
f 501/501/501 497/497/497 500/500/500
f 499/499/499 496/496/496 502/502/502
f 502/502/502 496/496/496 498/498/498
f 503/503/503 500/500/500 499/499/499
f 499/499/499 502/502/502 503/503/503
f 504/504/504 500/500/500 503/503/503
f 504/504/504 501/501/501 500/500/500
f 503/503/503 502/502/502 505/505/505
f 503/503/503 505/505/505 504/504/504
f 498/498/498 506/506/506 502/502/502
f 502/502/502 506/506/506 505/505/505
f 498/498/498 507/507/507 506/506/506
f 507/507/507 498/498/498 469/469/469
f 505/505/505 506/506/506 508/508/508
f 507/507/507 509/509/509 506/506/506
f 508/508/508 506/506/506 509/509/509
f 510/510/510 509/509/509 507/507/507
f 510/510/510 507/507/507 469/469/469
f 508/508/508 511/511/511 505/505/505
f 504/504/504 505/505/505 512/512/512
f 511/511/511 512/512/512 505/505/505
f 513/513/513 511/511/511 508/508/508
f 514/514/514 512/512/512 511/511/511
f 514/514/514 511/511/511 513/513/513
f 512/512/512 515/515/515 504/504/504
f 504/504/504 515/515/515 501/501/501
f 514/514/514 516/516/516 512/512/512
f 516/516/516 515/515/515 512/512/512
f 514/514/514 513/513/513 517/517/517
f 514/514/514 517/517/517 516/516/516
f 513/513/513 508/508/508 518/518/518
f 513/513/513 518/518/518 517/517/517
f 509/509/509 518/518/518 508/508/508
f 517/517/517 519/519/519 516/516/516
f 509/509/509 520/520/520 518/518/518
f 520/520/520 509/509/509 510/510/510
f 521/521/521 516/516/516 519/519/519
f 515/515/515 516/516/516 521/521/521
f 522/522/522 519/519/519 517/517/517
f 517/517/517 518/518/518 522/522/522
f 523/523/523 521/521/521 519/519/519
f 518/518/518 524/524/524 522/522/522
f 525/525/525 523/523/523 519/519/519
f 525/525/525 519/519/519 522/522/522
f 524/524/524 518/518/518 526/526/526
f 526/526/526 518/518/518 520/520/520
f 524/524/524 527/527/527 522/522/522
f 526/526/526 528/528/528 524/524/524
f 527/527/527 524/524/524 528/528/528
f 529/529/529 526/526/526 520/520/520
f 526/526/526 530/530/530 528/528/528
f 530/530/530 526/526/526 529/529/529
f 530/530/530 531/531/531 528/528/528
f 532/532/532 528/528/528 531/531/531
f 531/531/531 530/530/530 533/533/533
f 534/534/534 528/528/528 532/532/532
f 527/527/527 528/528/528 534/534/534
f 535/535/535 534/534/534 532/532/532
f 527/527/527 534/534/534 536/536/536
f 527/527/527 536/536/536 522/522/522
f 537/537/537 534/534/534 535/535/535
f 537/537/537 536/536/536 534/534/534
f 538/538/538 537/537/537 535/535/535
f 536/536/536 539/539/539 522/522/522
f 522/522/522 539/539/539 525/525/525
f 536/536/536 537/537/537 540/540/540
f 540/540/540 539/539/539 536/536/536
f 537/537/537 538/538/538 541/541/541
f 541/541/541 540/540/540 537/537/537
f 542/542/542 541/541/541 538/538/538
f 542/542/542 543/543/543 541/541/541
f 540/540/540 541/541/541 543/543/543
f 544/544/544 543/543/543 542/542/542
f 543/543/543 545/545/545 540/540/540
f 544/544/544 546/546/546 543/543/543
f 545/545/545 543/543/543 546/546/546
f 547/547/547 546/546/546 544/544/544
f 547/547/547 548/548/548 546/546/546
f 545/545/545 549/549/549 540/540/540
f 539/539/539 540/540/540 549/549/549
f 546/546/546 550/550/550 545/545/545
f 545/545/545 550/550/550 549/549/549
f 551/551/551 546/546/546 548/548/548
f 546/546/546 551/551/551 550/550/550
f 548/548/548 552/552/552 551/551/551
f 548/548/548 553/553/553 552/552/552
f 554/554/554 550/550/550 551/551/551
f 551/551/551 552/552/552 554/554/554
f 555/555/555 549/549/549 550/550/550
f 554/554/554 555/555/555 550/550/550
f 552/552/552 553/553/553 556/556/556
f 557/557/557 556/556/556 553/553/553
f 552/552/552 558/558/558 554/554/554
f 556/556/556 557/557/557 559/559/559
f 560/560/560 559/559/559 557/557/557
f 560/560/560 561/561/561 559/559/559
f 562/562/562 552/552/552 556/556/556
f 562/562/562 558/558/558 552/552/552
f 563/563/563 556/556/556 559/559/559
f 556/556/556 563/563/563 562/562/562
f 561/561/561 564/564/564 559/559/559
f 559/559/559 564/564/564 563/563/563
f 561/561/561 565/565/565 564/564/564
f 562/562/562 566/566/566 558/558/558
f 558/558/558 566/566/566 554/554/554
f 555/555/555 554/554/554 566/566/566
f 564/564/564 565/565/565 567/567/567
f 565/565/565 568/568/568 567/567/567
f 569/569/569 563/563/563 564/564/564
f 564/564/564 567/567/567 569/569/569
f 563/563/563 570/570/570 562/562/562
f 570/570/570 563/563/563 569/569/569
f 562/562/562 570/570/570 566/566/566
f 571/571/571 569/569/569 567/567/567
f 567/567/567 568/568/568 572/572/572
f 567/567/567 572/572/572 571/571/571
f 573/573/573 572/572/572 568/568/568
f 574/574/574 569/569/569 571/571/571
f 574/574/574 570/570/570 569/569/569
f 575/575/575 571/571/571 572/572/572
f 572/572/572 573/573/573 576/576/576
f 573/573/573 577/577/577 576/576/576
f 575/575/575 572/572/572 578/578/578
f 576/576/576 578/578/578 572/572/572
f 575/575/575 579/579/579 571/571/571
f 579/579/579 575/575/575 578/578/578
f 571/571/571 579/579/579 574/574/574
f 576/576/576 580/580/580 578/578/578
f 581/581/581 576/576/576 577/577/577
f 581/581/581 580/580/580 576/576/576
f 577/577/577 582/582/582 581/581/581
f 583/583/583 578/578/578 580/580/580
f 578/578/578 583/583/583 579/579/579
f 584/584/584 581/581/581 582/582/582
f 582/582/582 585/585/585 584/584/584
f 580/580/580 581/581/581 586/586/586
f 586/586/586 581/581/581 584/584/584
f 583/583/583 580/580/580 586/586/586
f 587/587/587 584/584/584 585/585/585
f 584/584/584 587/587/587 586/586/586
f 585/585/585 588/588/588 587/587/587
f 589/589/589 586/586/586 587/587/587
f 590/590/590 587/587/587 588/588/588
f 589/589/589 587/587/587 590/590/590
f 590/590/590 588/588/588 591/591/591
f 588/588/588 592/592/592 591/591/591
f 593/593/593 591/591/591 592/592/592
f 594/594/594 589/589/589 590/590/590
f 591/591/591 594/594/594 590/590/590
f 586/586/586 589/589/589 595/595/595
f 586/586/586 595/595/595 583/583/583
f 589/589/589 594/594/594 596/596/596
f 589/589/589 596/596/596 595/595/595
f 597/597/597 594/594/594 591/591/591
f 594/594/594 597/597/597 596/596/596
f 591/591/591 598/598/598 597/597/597
f 598/598/598 596/596/596 597/597/597
f 599/599/599 591/591/591 593/593/593
f 599/599/599 598/598/598 591/591/591
f 593/593/593 600/600/600 599/599/599
f 598/598/598 599/599/599 601/601/601
f 602/602/602 599/599/599 600/600/600
f 602/602/602 601/601/601 599/599/599
f 598/598/598 601/601/601 603/603/603
f 598/598/598 603/603/603 596/596/596
f 602/602/602 604/604/604 601/601/601
f 605/605/605 602/602/602 600/600/600
f 604/604/604 602/602/602 605/605/605
f 601/601/601 604/604/604 606/606/606
f 601/601/601 606/606/606 603/603/603
f 607/607/607 604/604/604 605/605/605
f 607/607/607 606/606/606 604/604/604
f 605/605/605 600/600/600 608/608/608
f 608/608/608 600/600/600 609/609/609
f 608/608/608 610/610/610 605/605/605
f 610/610/610 608/608/608 609/609/609
f 607/607/607 605/605/605 610/610/610
f 611/611/611 609/609/609 600/600/600
f 610/610/610 612/612/612 607/607/607
f 613/613/613 610/610/610 609/609/609
f 606/606/606 607/607/607 614/614/614
f 614/614/614 607/607/607 612/612/612
f 614/614/614 615/615/615 606/606/606
f 606/606/606 615/615/615 603/603/603
f 613/613/613 609/609/609 616/616/616
f 609/609/609 611/611/611 616/616/616
f 613/613/613 617/617/617 610/610/610
f 612/612/612 610/610/610 617/617/617
f 616/616/616 618/618/618 613/613/613
f 613/613/613 618/618/618 617/617/617
f 619/619/619 616/616/616 611/611/611
f 618/618/618 616/616/616 620/620/620
f 620/620/620 616/616/616 619/619/619
f 617/617/617 618/618/618 621/621/621
f 620/620/620 622/622/622 618/618/618
f 618/618/618 622/622/622 621/621/621
f 619/619/619 623/623/623 620/620/620
f 621/621/621 622/622/622 624/624/624
f 620/620/620 625/625/625 622/622/622
f 625/625/625 620/620/620 623/623/623
f 622/622/622 625/625/625 624/624/624
f 623/623/623 619/619/619 626/626/626
f 623/623/623 626/626/626 625/625/625
f 619/619/619 611/611/611 627/627/627
f 627/627/627 626/626/626 619/619/619
f 628/628/628 627/627/627 611/611/611
f 611/611/611 533/533/533 628/628/628
f 629/629/629 626/626/626 627/627/627
f 628/628/628 630/630/630 627/627/627
f 629/629/629 627/627/627 630/630/630
f 631/631/631 628/628/628 533/533/533
f 630/630/630 628/628/628 632/632/632
f 632/632/632 628/628/628 631/631/631
f 633/633/633 631/631/631 533/533/533
f 632/632/632 631/631/631 633/633/633
f 634/634/634 633/633/633 533/533/533
f 634/634/634 533/533/533 530/530/530
f 634/634/634 530/530/530 529/529/529
f 635/635/635 633/633/633 634/634/634
f 529/529/529 635/635/635 634/634/634
f 636/636/636 633/633/633 635/635/635
f 633/633/633 636/636/636 632/632/632
f 635/635/635 529/529/529 637/637/637
f 635/635/635 637/637/637 636/636/636
f 529/529/529 520/520/520 637/637/637
f 638/638/638 637/637/637 520/520/520
f 636/636/636 637/637/637 638/638/638
f 520/520/520 510/510/510 638/638/638
f 639/639/639 632/632/632 636/636/636
f 639/639/639 636/636/636 638/638/638
f 630/630/630 632/632/632 640/640/640
f 639/639/639 640/640/640 632/632/632
f 629/629/629 630/630/630 640/640/640
f 639/639/639 638/638/638 641/641/641
f 641/641/641 638/638/638 510/510/510
f 639/639/639 641/641/641 642/642/642
f 639/639/639 642/642/642 643/643/643
f 642/642/642 641/641/641 643/643/643
f 640/640/640 639/639/639 643/643/643
f 644/644/644 643/643/643 641/641/641
f 640/640/640 643/643/643 644/644/644
f 641/641/641 510/510/510 644/644/644
f 644/644/644 645/645/645 640/640/640
f 640/640/640 645/645/645 629/629/629
f 644/644/644 510/510/510 646/646/646
f 644/644/644 646/646/646 645/645/645
f 646/646/646 510/510/510 469/469/469
f 647/647/647 629/629/629 645/645/645
f 629/629/629 647/647/647 626/626/626
f 626/626/626 647/647/647 625/625/625
f 645/645/645 648/648/648 647/647/647
f 648/648/648 625/625/625 647/647/647
f 648/648/648 645/645/645 646/646/646
f 625/625/625 648/648/648 649/649/649
f 648/648/648 646/646/646 649/649/649
f 649/649/649 646/646/646 469/469/469
f 649/649/649 624/624/624 625/625/625
f 649/649/649 650/650/650 624/624/624
f 469/469/469 650/650/650 649/649/649
f 624/624/624 650/650/650 621/621/621
f 650/650/650 469/469/469 651/651/651
f 463/463/463 651/651/651 469/469/469
f 651/651/651 463/463/463 471/471/471
f 652/652/652 621/621/621 650/650/650
f 621/621/621 652/652/652 617/617/617
f 653/653/653 650/650/650 651/651/651
f 652/652/652 650/650/650 653/653/653
f 471/471/471 654/654/654 651/651/651
f 654/654/654 653/653/653 651/651/651
f 655/655/655 617/617/617 652/652/652
f 655/655/655 612/612/612 617/617/617
f 655/655/655 652/652/652 656/656/656
f 656/656/656 652/652/652 653/653/653
f 657/657/657 612/612/612 655/655/655
f 657/657/657 655/655/655 656/656/656
f 656/656/656 612/612/612 657/657/657
f 614/614/614 612/612/612 656/656/656
f 656/656/656 653/653/653 614/614/614
f 615/615/615 614/614/614 653/653/653
f 615/615/615 653/653/653 654/654/654
f 603/603/603 615/615/615 654/654/654
f 658/658/658 654/654/654 471/471/471
f 658/658/658 603/603/603 654/654/654
f 465/465/465 658/658/658 471/471/471
f 659/659/659 658/658/658 465/465/465
f 659/659/659 465/465/465 467/467/467
f 658/658/658 660/660/660 603/603/603
f 660/660/660 658/658/658 659/659/659
f 467/467/467 661/661/661 659/659/659
f 659/659/659 661/661/661 660/660/660
f 660/660/660 662/662/662 603/603/603
f 660/660/660 661/661/661 662/662/662
f 662/662/662 596/596/596 603/603/603
f 663/663/663 661/661/661 467/467/467
f 663/663/663 662/662/662 661/661/661
f 663/663/663 467/467/467 448/448/448
f 596/596/596 662/662/662 664/664/664
f 662/662/662 663/663/663 664/664/664
f 665/665/665 663/663/663 448/448/448
f 665/665/665 664/664/664 663/663/663
f 665/665/665 448/448/448 446/446/446
f 664/664/664 666/666/666 596/596/596
f 446/446/446 667/667/667 665/665/665
f 664/664/664 665/665/665 667/667/667
f 666/666/666 664/664/664 667/667/667
f 449/449/449 667/667/667 446/446/446
f 596/596/596 666/666/666 595/595/595
f 449/449/449 451/451/451 667/667/667
f 668/668/668 666/666/666 667/667/667
f 668/668/668 667/667/667 451/451/451
f 668/668/668 669/669/669 666/666/666
f 668/668/668 451/451/451 669/669/669
f 670/670/670 595/595/595 666/666/666
f 670/670/670 666/666/666 669/669/669
f 595/595/595 670/670/670 671/671/671
f 671/671/671 583/583/583 595/595/595
f 670/670/670 669/669/669 672/672/672
f 672/672/672 671/671/671 670/670/670
f 673/673/673 669/669/669 451/451/451
f 669/669/669 673/673/673 672/672/672
f 451/451/451 452/452/452 673/673/673
f 674/674/674 673/673/673 452/452/452
f 673/673/673 674/674/674 675/675/675
f 675/675/675 672/672/672 673/673/673
f 676/676/676 675/675/675 674/674/674
f 672/672/672 675/675/675 677/677/677
f 671/671/671 672/672/672 677/677/677
f 675/675/675 676/676/676 678/678/678
f 678/678/678 677/677/677 675/675/675
f 679/679/679 678/678/678 676/676/676
f 680/680/680 678/678/678 679/679/679
f 677/677/677 681/681/681 671/671/671
f 583/583/583 671/671/671 681/681/681
f 681/681/681 579/579/579 583/583/583
f 677/677/677 678/678/678 682/682/682
f 682/682/682 681/681/681 677/677/677
f 678/678/678 680/680/680 683/683/683
f 683/683/683 682/682/682 678/678/678
f 683/683/683 680/680/680 684/684/684
f 683/683/683 684/684/684 682/682/682
f 685/685/685 684/684/684 680/680/680
f 686/686/686 681/681/681 682/682/682
f 686/686/686 579/579/579 681/681/681
f 687/687/687 682/682/682 684/684/684
f 686/686/686 682/682/682 687/687/687
f 684/684/684 685/685/685 688/688/688
f 689/689/689 688/688/688 685/685/685
f 689/689/689 690/690/690 688/688/688
f 687/687/687 684/684/684 691/691/691
f 688/688/688 691/691/691 684/684/684
f 692/692/692 688/688/688 690/690/690
f 693/693/693 692/692/692 690/690/690
f 692/692/692 694/694/694 688/688/688
f 691/691/691 688/688/688 694/694/694
f 692/692/692 693/693/693 695/695/695
f 692/692/692 695/695/695 694/694/694
f 693/693/693 696/696/696 695/695/695
f 687/687/687 691/691/691 697/697/697
f 687/687/687 697/697/697 686/686/686
f 698/698/698 695/695/695 696/696/696
f 699/699/699 686/686/686 697/697/697
f 686/686/686 699/699/699 579/579/579
f 699/699/699 574/574/574 579/579/579
f 697/697/697 700/700/700 699/699/699
f 701/701/701 574/574/574 699/699/699
f 700/700/700 701/701/701 699/699/699
f 702/702/702 700/700/700 697/697/697
f 702/702/702 697/697/697 691/691/691
f 703/703/703 701/701/701 700/700/700
f 703/703/703 700/700/700 702/702/702
f 704/704/704 574/574/574 701/701/701
f 701/701/701 703/703/703 704/704/704
f 702/702/702 691/691/691 705/705/705
f 694/694/694 705/705/705 691/691/691
f 703/703/703 702/702/702 706/706/706
f 705/705/705 706/706/706 702/702/702
f 703/703/703 706/706/706 704/704/704
f 704/704/704 707/707/707 574/574/574
f 570/570/570 574/574/574 707/707/707
f 706/706/706 708/708/708 704/704/704
f 707/707/707 704/704/704 708/708/708
f 705/705/705 709/709/709 706/706/706
f 708/708/708 710/710/710 707/707/707
f 710/710/710 570/570/570 707/707/707
f 711/711/711 708/708/708 706/706/706
f 706/706/706 709/709/709 711/711/711
f 710/710/710 708/708/708 712/712/712
f 708/708/708 711/711/711 712/712/712
f 713/713/713 709/709/709 705/705/705
f 713/713/713 705/705/705 694/694/694
f 714/714/714 711/711/711 709/709/709
f 713/713/713 714/714/714 709/709/709
f 694/694/694 715/715/715 713/713/713
f 715/715/715 694/694/694 695/695/695
f 714/714/714 713/713/713 716/716/716
f 716/716/716 713/713/713 715/715/715
f 714/714/714 717/717/717 711/711/711
f 716/716/716 717/717/717 714/714/714
f 711/711/711 717/717/717 712/712/712
f 695/695/695 718/718/718 715/715/715
f 716/716/716 715/715/715 718/718/718
f 718/718/718 695/695/695 698/698/698
f 719/719/719 717/717/717 716/716/716
f 719/719/719 716/716/716 718/718/718
f 717/717/717 720/720/720 712/712/712
f 719/719/719 720/720/720 717/717/717
f 721/721/721 718/718/718 698/698/698
f 718/718/718 721/721/721 719/719/719
f 698/698/698 722/722/722 721/721/721
f 698/698/698 696/696/696 722/722/722
f 723/723/723 722/722/722 696/696/696
f 723/723/723 724/724/724 722/722/722
f 725/725/725 719/719/719 721/721/721
f 725/725/725 720/720/720 719/719/719
f 726/726/726 721/721/721 722/722/722
f 726/726/726 725/725/725 721/721/721
f 727/727/727 722/722/722 724/724/724
f 727/727/727 726/726/726 722/722/722
f 724/724/724 728/728/728 727/727/727
f 726/726/726 729/729/729 725/725/725
f 730/730/730 727/727/727 728/728/728
f 730/730/730 728/728/728 731/731/731
f 731/731/731 732/732/732 730/730/730
f 727/727/727 733/733/733 726/726/726
f 730/730/730 733/733/733 727/727/727
f 730/730/730 732/732/732 733/733/733
f 733/733/733 729/729/729 726/726/726
f 734/734/734 733/733/733 732/732/732
f 734/734/734 732/732/732 735/735/735
f 733/733/733 736/736/736 729/729/729
f 736/736/736 733/733/733 734/734/734
f 729/729/729 737/737/737 725/725/725
f 737/737/737 729/729/729 736/736/736
f 720/720/720 725/725/725 737/737/737
f 734/734/734 738/738/738 736/736/736
f 738/738/738 734/734/734 735/735/735
f 739/739/739 737/737/737 736/736/736
f 735/735/735 740/740/740 738/738/738
f 740/740/740 735/735/735 741/741/741
f 742/742/742 736/736/736 738/738/738
f 739/739/739 736/736/736 742/742/742
f 743/743/743 738/738/738 740/740/740
f 738/738/738 743/743/743 742/742/742
f 740/740/740 741/741/741 744/744/744
f 740/740/740 744/744/744 743/743/743
f 745/745/745 744/744/744 741/741/741
f 741/741/741 746/746/746 745/745/745
f 747/747/747 745/745/745 746/746/746
f 745/745/745 747/747/747 748/748/748
f 745/745/745 748/748/748 744/744/744
f 749/749/749 748/748/748 747/747/747
f 750/750/750 744/744/744 748/748/748
f 748/748/748 749/749/749 751/751/751
f 748/748/748 751/751/751 750/750/750
f 752/752/752 751/751/751 749/749/749
f 752/752/752 753/753/753 751/751/751
f 754/754/754 744/744/744 750/750/750
f 754/754/754 743/743/743 744/744/744
f 755/755/755 750/750/750 751/751/751
f 756/756/756 751/751/751 753/753/753
f 751/751/751 756/756/756 755/755/755
f 757/757/757 754/754/754 750/750/750
f 750/750/750 755/755/755 757/757/757
f 758/758/758 743/743/743 754/754/754
f 758/758/758 754/754/754 757/757/757
f 743/743/743 758/758/758 759/759/759
f 743/743/743 759/759/759 742/742/742
f 757/757/757 760/760/760 758/758/758
f 761/761/761 742/742/742 759/759/759
f 759/759/759 758/758/758 761/761/761
f 760/760/760 761/761/761 758/758/758
f 742/742/742 761/761/761 739/739/739
f 737/737/737 739/739/739 761/761/761
f 720/720/720 737/737/737 761/761/761
f 712/712/712 720/720/720 761/761/761
f 761/761/761 710/710/710 712/712/712
f 570/570/570 710/710/710 761/761/761
f 761/761/761 762/762/762 570/570/570
f 763/763/763 570/570/570 762/762/762
f 763/763/763 566/566/566 570/570/570
f 764/764/764 762/762/762 761/761/761
f 764/764/764 761/761/761 760/760/760
f 765/765/765 763/763/763 762/762/762
f 765/765/765 762/762/762 764/764/764
f 763/763/763 766/766/766 566/566/566
f 763/763/763 765/765/765 766/766/766
f 760/760/760 767/767/767 764/764/764
f 768/768/768 765/765/765 764/764/764
f 768/768/768 764/764/764 767/767/767
f 765/765/765 769/769/769 766/766/766
f 768/768/768 769/769/769 765/765/765
f 770/770/770 767/767/767 760/760/760
f 760/760/760 757/757/757 770/770/770
f 757/757/757 755/755/755 770/770/770
f 771/771/771 768/768/768 767/767/767
f 772/772/772 770/770/770 755/755/755
f 755/755/755 756/756/756 772/772/772
f 767/767/767 770/770/770 773/773/773
f 770/770/770 772/772/772 773/773/773
f 773/773/773 771/771/771 767/767/767
f 756/756/756 774/774/774 772/772/772
f 756/756/756 753/753/753 774/774/774
f 775/775/775 774/774/774 753/753/753
f 776/776/776 773/773/773 772/772/772
f 774/774/774 776/776/776 772/772/772
f 771/771/771 773/773/773 777/777/777
f 777/777/777 773/773/773 776/776/776
f 768/768/768 771/771/771 778/778/778
f 778/778/778 771/771/771 777/777/777
f 778/778/778 769/769/769 768/768/768
f 776/776/776 779/779/779 777/777/777
f 776/776/776 774/774/774 779/779/779
f 778/778/778 777/777/777 780/780/780
f 777/777/777 779/779/779 780/780/780
f 778/778/778 780/780/780 769/769/769
f 781/781/781 779/779/779 774/774/774
f 774/774/774 775/775/775 781/781/781
f 775/775/775 782/782/782 781/781/781
f 781/781/781 782/782/782 783/783/783
f 779/779/779 781/781/781 783/783/783
f 784/784/784 783/783/783 782/782/782
f 784/784/784 785/785/785 783/783/783
f 783/783/783 786/786/786 779/779/779
f 780/780/780 779/779/779 786/786/786
f 787/787/787 783/783/783 785/785/785
f 783/783/783 787/787/787 786/786/786
f 787/787/787 785/785/785 788/788/788
f 786/786/786 789/789/789 780/780/780
f 780/780/780 789/789/789 769/769/769
f 787/787/787 788/788/788 790/790/790
f 791/791/791 769/769/769 789/789/789
f 766/766/766 769/769/769 791/791/791
f 790/790/790 788/788/788 792/792/792
f 793/793/793 792/792/792 788/788/788
f 793/793/793 794/794/794 792/792/792
f 766/766/766 791/791/791 795/795/795
f 566/566/566 766/766/766 795/795/795
f 791/791/791 796/796/796 795/795/795
f 796/796/796 791/791/791 789/789/789
f 795/795/795 797/797/797 566/566/566
f 795/795/795 796/796/796 797/797/797
f 797/797/797 555/555/555 566/566/566
f 789/789/789 798/798/798 796/796/796
f 798/798/798 797/797/797 796/796/796
f 798/798/798 789/789/789 786/786/786
f 797/797/797 799/799/799 555/555/555
f 797/797/797 798/798/798 799/799/799
f 786/786/786 800/800/800 798/798/798
f 798/798/798 800/800/800 799/799/799
f 800/800/800 786/786/786 787/787/787
f 555/555/555 799/799/799 801/801/801
f 555/555/555 801/801/801 549/549/549
f 799/799/799 800/800/800 802/802/802
f 802/802/802 800/800/800 787/787/787
f 801/801/801 799/799/799 802/802/802
f 802/802/802 787/787/787 790/790/790
f 790/790/790 792/792/792 802/802/802
f 549/549/549 801/801/801 803/803/803
f 549/549/549 803/803/803 539/539/539
f 802/802/802 804/804/804 801/801/801
f 804/804/804 802/802/802 792/792/792
f 801/801/801 804/804/804 803/803/803
f 792/792/792 805/805/805 804/804/804
f 805/805/805 792/792/792 794/794/794
f 794/794/794 806/806/806 805/805/805
f 803/803/803 804/804/804 807/807/807
f 807/807/807 804/804/804 805/805/805
f 808/808/808 539/539/539 803/803/803
f 803/803/803 807/807/807 808/808/808
f 808/808/808 525/525/525 539/539/539
f 809/809/809 805/805/805 806/806/806
f 805/805/805 809/809/809 807/807/807
f 806/806/806 810/810/810 809/809/809
f 808/808/808 807/807/807 811/811/811
f 811/811/811 807/807/807 809/809/809
f 808/808/808 811/811/811 525/525/525
f 812/812/812 809/809/809 810/810/810
f 809/809/809 812/812/812 811/811/811
f 810/810/810 813/813/813 812/812/812
f 525/525/525 811/811/811 814/814/814
f 814/814/814 811/811/811 812/812/812
f 523/523/523 525/525/525 814/814/814
f 814/814/814 812/812/812 523/523/523
f 815/815/815 812/812/812 813/813/813
f 815/815/815 523/523/523 812/812/812
f 815/815/815 813/813/813 816/816/816
f 523/523/523 815/815/815 816/816/816
f 816/816/816 521/521/521 523/523/523
f 813/813/813 817/817/817 816/816/816
f 521/521/521 816/816/816 515/515/515
f 816/816/816 817/817/817 818/818/818
f 818/818/818 515/515/515 816/816/816
f 819/819/819 818/818/818 817/817/817
f 818/818/818 820/820/820 515/515/515
f 818/818/818 819/819/819 820/820/820
f 501/501/501 515/515/515 820/820/820
f 820/820/820 819/819/819 821/821/821
f 820/820/820 490/490/490 501/501/501
f 821/821/821 491/491/491 820/820/820
f 490/490/490 820/820/820 491/491/491
f 824/824/824 823/823/823 822/822/822
f 823/823/823 824/824/824 825/825/825
f 825/825/825 824/824/824 826/826/826
f 826/826/826 827/827/827 825/825/825
f 827/827/827 826/826/826 828/828/828
f 826/826/826 829/829/829 828/828/828
f 832/832/832 831/831/831 830/830/830
f 830/830/830 833/833/833 832/832/832
f 832/832/832 833/833/833 834/834/834
f 835/835/835 834/834/834 833/833/833
f 836/836/836 834/834/834 835/835/835
f 834/834/834 836/836/836 837/837/837
f 840/840/840 839/839/839 838/838/838
f 839/839/839 840/840/840 841/841/841
f 840/840/840 842/842/842 841/841/841
f 843/843/843 841/841/841 842/842/842
f 843/843/843 842/842/842 844/844/844
f 845/845/845 844/844/844 842/842/842
f 848/848/848 847/847/847 846/846/846
f 849/849/849 847/847/847 848/848/848
f 848/848/848 850/850/850 849/849/849
f 851/851/851 849/849/849 850/850/850
f 852/852/852 851/851/851 850/850/850
f 853/853/853 852/852/852 850/850/850
f 856/856/856 855/855/855 854/854/854
f 855/855/855 856/856/856 857/857/857
f 856/856/856 858/858/858 857/857/857
f 859/859/859 857/857/857 858/858/858
f 859/859/859 858/858/858 860/860/860
f 858/858/858 861/861/861 860/860/860
f 864/864/864 863/863/863 862/862/862
f 862/862/862 865/865/865 864/864/864
f 864/864/864 865/865/865 866/866/866
f 867/867/867 866/866/866 865/865/865
f 868/868/868 866/866/866 867/867/867
f 866/866/866 868/868/868 869/869/869
f 872/872/872 871/871/871 870/870/870
f 873/873/873 871/871/871 872/872/872
f 872/872/872 874/874/874 873/873/873
f 875/875/875 873/873/873 874/874/874
f 876/876/876 875/875/875 874/874/874
f 877/877/877 876/876/876 874/874/874
f 880/880/880 879/879/879 878/878/878
f 881/881/881 880/880/880 878/878/878
f 882/882/882 880/880/880 881/881/881
f 883/883/883 882/882/882 881/881/881
f 884/884/884 882/882/882 883/883/883
f 885/885/885 882/882/882 884/884/884
f 886/886/886 885/885/885 884/884/884
f 884/884/884 887/887/887 886/886/886
f 890/890/890 889/889/889 888/888/888
f 889/889/889 891/891/891 888/888/888
f 888/888/888 891/891/891 892/892/892
f 893/893/893 892/892/892 891/891/891
f 894/894/894 892/892/892 893/893/893
f 895/895/895 892/892/892 894/894/894
f 898/898/898 897/897/897 896/896/896
f 899/899/899 896/896/896 897/897/897
f 896/896/896 899/899/899 900/900/900
f 901/901/901 900/900/900 899/899/899
f 901/901/901 902/902/902 900/900/900
f 903/903/903 900/900/900 902/902/902
f 906/906/906 905/905/905 904/904/904
f 905/905/905 907/907/907 904/904/904
f 904/904/904 907/907/907 908/908/908
f 909/909/909 908/908/908 907/907/907
f 910/910/910 908/908/908 909/909/909
f 911/911/911 908/908/908 910/910/910
f 914/914/914 913/913/913 912/912/912
f 915/915/915 912/912/912 913/913/913
f 912/912/912 915/915/915 916/916/916
f 917/917/917 916/916/916 915/915/915
f 918/918/918 916/916/916 917/917/917
f 916/916/916 918/918/918 919/919/919
f 922/922/922 921/921/921 920/920/920
f 923/923/923 920/920/920 921/921/921
f 921/921/921 924/924/924 923/923/923
f 925/925/925 923/923/923 924/924/924
f 925/925/925 924/924/924 926/926/926
f 927/927/927 926/926/926 924/924/924
f 930/930/930 929/929/929 928/928/928
f 931/931/931 928/928/928 929/929/929
f 929/929/929 932/932/932 931/931/931
f 933/933/933 931/931/931 932/932/932
f 933/933/933 932/932/932 934/934/934
f 935/935/935 934/934/934 932/932/932
f 935/935/935 936/936/936 934/934/934
f 937/937/937 934/934/934 936/936/936
f 940/940/940 939/939/939 938/938/938
f 941/941/941 940/940/940 938/938/938
f 942/942/942 940/940/940 941/941/941
f 942/942/942 943/943/943 940/940/940
f 941/941/941 944/944/944 942/942/942
f 941/941/941 945/945/945 944/944/944
f 945/945/945 946/946/946 944/944/944
f 947/947/947 944/944/944 946/946/946
f 944/944/944 947/947/947 942/942/942
f 948/948/948 947/947/947 946/946/946
f 942/942/942 949/949/949 943/943/943
f 949/949/949 942/942/942 947/947/947
f 948/948/948 949/949/949 947/947/947
f 950/950/950 943/943/943 949/949/949
f 950/950/950 949/949/949 951/951/951
f 949/949/949 948/948/948 951/951/951
f 952/952/952 951/951/951 948/948/948
f 953/953/953 951/951/951 952/952/952
f 956/956/956 955/955/955 954/954/954
f 957/957/957 955/955/955 956/956/956
f 958/958/958 957/957/957 956/956/956
f 959/959/959 958/958/958 956/956/956
f 960/960/960 957/957/957 958/958/958
f 957/957/957 960/960/960 961/961/961
f 961/961/961 960/960/960 962/962/962
f 962/962/962 960/960/960 963/963/963
f 963/963/963 960/960/960 958/958/958
f 964/964/964 962/962/962 963/963/963
f 959/959/959 965/965/965 958/958/958
f 958/958/958 965/965/965 963/963/963
f 963/963/963 965/965/965 964/964/964
f 965/965/965 959/959/959 966/966/966
f 965/965/965 966/966/966 967/967/967
f 967/967/967 964/964/964 965/965/965
f 968/968/968 964/964/964 967/967/967
f 967/967/967 969/969/969 968/968/968
f 972/972/972 971/971/971 970/970/970
f 973/973/973 972/972/972 970/970/970
f 974/974/974 972/972/972 973/973/973
f 974/974/974 975/975/975 972/972/972
f 973/973/973 976/976/976 974/974/974
f 973/973/973 977/977/977 976/976/976
f 977/977/977 978/978/978 976/976/976
f 979/979/979 976/976/976 978/978/978
f 976/976/976 979/979/979 974/974/974
f 980/980/980 979/979/979 978/978/978
f 974/974/974 981/981/981 975/975/975
f 981/981/981 974/974/974 979/979/979
f 980/980/980 981/981/981 979/979/979
f 982/982/982 975/975/975 981/981/981
f 982/982/982 981/981/981 983/983/983
f 981/981/981 980/980/980 983/983/983
f 984/984/984 983/983/983 980/980/980
f 985/985/985 983/983/983 984/984/984
f 988/988/988 987/987/987 986/986/986
f 989/989/989 987/987/987 988/988/988
f 990/990/990 989/989/989 988/988/988
f 991/991/991 990/990/990 988/988/988
f 992/992/992 989/989/989 990/990/990
f 989/989/989 992/992/992 993/993/993
f 992/992/992 994/994/994 993/993/993
f 995/995/995 994/994/994 992/992/992
f 995/995/995 992/992/992 990/990/990
f 996/996/996 994/994/994 995/995/995
f 991/991/991 997/997/997 990/990/990
f 990/990/990 997/997/997 995/995/995
f 995/995/995 997/997/997 996/996/996
f 997/997/997 991/991/991 998/998/998
f 997/997/997 998/998/998 999/999/999
f 999/999/999 996/996/996 997/997/997
f 1000/1000/1000 996/996/996 999/999/999
f 999/999/999 1001/1001/1001 1000/1000/1000
f 1004/1004/1004 1003/1003/1003 1002/1002/1002
f 1003/1003/1003 1004/1004/1004 1005/1005/1005
f 1006/1006/1006 1005/1005/1005 1004/1004/1004
f 1007/1007/1007 1006/1006/1006 1004/1004/1004
f 1007/1007/1007 1008/1008/1008 1006/1006/1006
f 1006/1006/1006 1009/1009/1009 1005/1005/1005
f 1009/1009/1009 1010/1010/1010 1005/1005/1005
f 1011/1011/1011 1006/1006/1006 1008/1008/1008
f 1008/1008/1008 1012/1012/1012 1011/1011/1011
f 1011/1011/1011 1013/1013/1013 1006/1006/1006
f 1009/1009/1009 1006/1006/1006 1013/1013/1013
f 1011/1011/1011 1012/1012/1012 1014/1014/1014
f 1014/1014/1014 1013/1013/1013 1011/1011/1011
f 1014/1014/1014 1012/1012/1012 1015/1015/1015
f 1016/1016/1016 1009/1009/1009 1013/1013/1013
f 1013/1013/1013 1014/1014/1014 1017/1017/1017
f 1016/1016/1016 1013/1013/1013 1017/1017/1017
f 1016/1016/1016 1018/1018/1018 1009/1009/1009
f 1010/1010/1010 1009/1009/1009 1018/1018/1018
f 1017/1017/1017 1019/1019/1019 1016/1016/1016
f 1016/1016/1016 1019/1019/1019 1018/1018/1018
f 1010/1010/1010 1018/1018/1018 1020/1020/1020
f 1019/1019/1019 1020/1020/1020 1018/1018/1018
f 1020/1020/1020 1021/1021/1021 1010/1010/1010
f 1022/1022/1022 1021/1021/1021 1020/1020/1020
f 1022/1022/1022 1020/1020/1020 1023/1023/1023
f 1019/1019/1019 1023/1023/1023 1020/1020/1020
f 1022/1022/1022 1023/1023/1023 1024/1024/1024
f 1023/1023/1023 1019/1019/1019 1025/1025/1025
f 1019/1019/1019 1017/1017/1017 1025/1025/1025
f 1026/1026/1026 1024/1024/1024 1023/1023/1023
f 1023/1023/1023 1025/1025/1025 1026/1026/1026
f 1026/1026/1026 1027/1027/1027 1024/1024/1024
f 1027/1027/1027 1028/1028/1028 1024/1024/1024
f 1027/1027/1027 1029/1029/1029 1028/1028/1028
f 1030/1030/1030 1026/1026/1026 1025/1025/1025
f 1029/1029/1029 1027/1027/1027 1031/1031/1031
f 1032/1032/1032 1027/1027/1027 1026/1026/1026
f 1026/1026/1026 1030/1030/1030 1032/1032/1032
f 1031/1031/1031 1027/1027/1027 1032/1032/1032
f 1030/1030/1030 1025/1025/1025 1033/1033/1033
f 1030/1030/1030 1033/1033/1033 1032/1032/1032
f 1017/1017/1017 1033/1033/1033 1025/1025/1025
f 1017/1017/1017 1014/1014/1014 1033/1033/1033
f 1031/1031/1031 1032/1032/1032 1034/1034/1034
f 1033/1033/1033 1034/1034/1034 1032/1032/1032
f 1031/1031/1031 1035/1035/1035 1029/1029/1029
f 1034/1034/1034 1035/1035/1035 1031/1031/1031
f 1035/1035/1035 1036/1036/1036 1029/1029/1029
f 1034/1034/1034 1033/1033/1033 1037/1037/1037
f 1034/1034/1034 1037/1037/1037 1035/1035/1035
f 1038/1038/1038 1033/1033/1033 1014/1014/1014
f 1037/1037/1037 1033/1033/1033 1038/1038/1038
f 1014/1014/1014 1015/1015/1015 1038/1038/1038
f 1039/1039/1039 1035/1035/1035 1037/1037/1037
f 1036/1036/1036 1035/1035/1035 1039/1039/1039
f 1040/1040/1040 1037/1037/1037 1038/1038/1038
f 1040/1040/1040 1039/1039/1039 1037/1037/1037
f 1041/1041/1041 1038/1038/1038 1015/1015/1015
f 1015/1015/1015 1042/1042/1042 1041/1041/1041
f 1040/1040/1040 1038/1038/1038 1043/1043/1043
f 1041/1041/1041 1043/1043/1043 1038/1038/1038
f 1044/1044/1044 1041/1041/1041 1042/1042/1042
f 1042/1042/1042 1045/1045/1045 1044/1044/1044
f 1046/1046/1046 1043/1043/1043 1041/1041/1041
f 1047/1047/1047 1044/1044/1044 1045/1045/1045
f 1045/1045/1045 1048/1048/1048 1047/1047/1047
f 1049/1049/1049 1041/1041/1041 1044/1044/1044
f 1041/1041/1041 1049/1049/1049 1046/1046/1046
f 1048/1048/1048 1051/1051/1051 1050/1050/1050
f 1052/1052/1052 1048/1048/1048 1050/1050/1050
f 1052/1052/1052 1047/1047/1047 1048/1048/1048
f 1052/1052/1052 1050/1050/1050 1053/1053/1053
f 1054/1054/1054 1044/1044/1044 1047/1047/1047
f 1054/1054/1054 1049/1049/1049 1044/1044/1044
f 1052/1052/1052 1055/1055/1055 1047/1047/1047
f 1055/1055/1055 1054/1054/1054 1047/1047/1047
f 1053/1053/1053 1056/1056/1056 1052/1052/1052
f 1055/1055/1055 1052/1052/1052 1056/1056/1056
f 1053/1053/1053 1057/1057/1057 1056/1056/1056
f 1057/1057/1057 1053/1053/1053 1058/1058/1058
f 1056/1056/1056 1059/1059/1059 1055/1055/1055
f 1055/1055/1055 1059/1059/1059 1054/1054/1054
f 1059/1059/1059 1056/1056/1056 1057/1057/1057
f 1061/1061/1061 1058/1058/1058 1060/1060/1060
f 1058/1058/1058 1061/1061/1061 1057/1057/1057
f 1062/1062/1062 1057/1057/1057 1061/1061/1061
f 1059/1059/1059 1057/1057/1057 1062/1062/1062
f 1063/1063/1063 1054/1054/1054 1059/1059/1059
f 1059/1059/1059 1062/1062/1062 1063/1063/1063
f 1054/1054/1054 1063/1063/1063 1049/1049/1049
f 1064/1064/1064 1063/1063/1063 1062/1062/1062
f 1063/1063/1063 1064/1064/1064 1065/1065/1065
f 1063/1063/1063 1065/1065/1065 1066/1066/1066
f 1066/1066/1066 1049/1049/1049 1063/1063/1063
f 1066/1066/1066 1065/1065/1065 1067/1067/1067
f 1049/1049/1049 1066/1066/1066 1068/1068/1068
f 1066/1066/1066 1067/1067/1067 1068/1068/1068
f 1046/1046/1046 1049/1049/1049 1068/1068/1068
f 1068/1068/1068 1067/1067/1067 1069/1069/1069
f 1070/1070/1070 1069/1069/1069 1067/1067/1067
f 1046/1046/1046 1068/1068/1068 1071/1071/1071
f 1069/1069/1069 1071/1071/1071 1068/1068/1068
f 1071/1071/1071 1043/1043/1043 1046/1046/1046
f 1069/1069/1069 1070/1070/1070 1072/1072/1072
f 1071/1071/1071 1069/1069/1069 1072/1072/1072
f 1073/1073/1073 1072/1072/1072 1070/1070/1070
f 1073/1073/1073 1074/1074/1074 1072/1072/1072
f 1043/1043/1043 1071/1071/1071 1075/1075/1075
f 1075/1075/1075 1040/1040/1040 1043/1043/1043
f 1075/1075/1075 1076/1076/1076 1040/1040/1040
f 1075/1075/1075 1071/1071/1071 1076/1076/1076
f 1039/1039/1039 1040/1040/1040 1076/1076/1076
f 1071/1071/1071 1072/1072/1072 1077/1077/1077
f 1077/1077/1077 1076/1076/1076 1071/1071/1071
f 1076/1076/1076 1078/1078/1078 1039/1039/1039
f 1076/1076/1076 1077/1077/1077 1078/1078/1078
f 1039/1039/1039 1078/1078/1078 1036/1036/1036
f 1079/1079/1079 1036/1036/1036 1078/1078/1078
f 1078/1078/1078 1080/1080/1080 1079/1079/1079
f 1078/1078/1078 1081/1081/1081 1080/1080/1080
f 1081/1081/1081 1078/1078/1078 1077/1077/1077
f 1081/1081/1081 1082/1082/1082 1080/1080/1080
f 1082/1082/1082 1081/1081/1081 1083/1083/1083
f 1084/1084/1084 1083/1083/1083 1074/1074/1074
f 1081/1081/1081 1077/1077/1077 1085/1085/1085
f 1083/1083/1083 1081/1081/1081 1085/1085/1085
f 1085/1085/1085 1074/1074/1074 1083/1083/1083
f 1072/1072/1072 1085/1085/1085 1077/1077/1077
f 1085/1085/1085 1072/1072/1072 1074/1074/1074
f 1088/1088/1088 1087/1087/1087 1086/1086/1086
f 1087/1087/1087 1089/1089/1089 1086/1086/1086
f 1089/1089/1089 1090/1090/1090 1086/1086/1086
f 1086/1086/1086 1090/1090/1090 1091/1091/1091
f 1089/1089/1089 1092/1092/1092 1090/1090/1090
f 1092/1092/1092 1089/1089/1089 1093/1093/1093
f 1090/1090/1090 1094/1094/1094 1091/1091/1091
f 1095/1095/1095 1091/1091/1091 1094/1094/1094
f 1096/1096/1096 1095/1095/1095 1094/1094/1094
f 1097/1097/1097 1094/1094/1094 1090/1090/1090
f 1092/1092/1092 1097/1097/1097 1090/1090/1090
f 1094/1094/1094 1098/1098/1098 1096/1096/1096
f 1094/1094/1094 1097/1097/1097 1098/1098/1098
f 1098/1098/1098 1099/1099/1099 1096/1096/1096
f 1097/1097/1097 1092/1092/1092 1100/1100/1100
f 1097/1097/1097 1101/1101/1101 1098/1098/1098
f 1100/1100/1100 1101/1101/1101 1097/1097/1097
f 1102/1102/1102 1100/1100/1100 1092/1092/1092
f 1093/1093/1093 1102/1102/1102 1092/1092/1092
f 1102/1102/1102 1103/1103/1103 1100/1100/1100
f 1101/1101/1101 1100/1100/1100 1103/1103/1103
f 1093/1093/1093 1104/1104/1104 1102/1102/1102
f 1102/1102/1102 1104/1104/1104 1103/1103/1103
f 1104/1104/1104 1093/1093/1093 1105/1105/1105
f 1106/1106/1106 1104/1104/1104 1105/1105/1105
f 1107/1107/1107 1103/1103/1103 1104/1104/1104
f 1106/1106/1106 1107/1107/1107 1104/1104/1104
f 1103/1103/1103 1108/1108/1108 1101/1101/1101
f 1108/1108/1108 1103/1103/1103 1107/1107/1107
f 1107/1107/1107 1106/1106/1106 1109/1109/1109
f 1108/1108/1108 1107/1107/1107 1109/1109/1109
f 1110/1110/1110 1109/1109/1109 1106/1106/1106
f 1108/1108/1108 1111/1111/1111 1101/1101/1101
f 1101/1101/1101 1111/1111/1111 1098/1098/1098
f 1109/1109/1109 1112/1112/1112 1108/1108/1108
f 1112/1112/1112 1111/1111/1111 1108/1108/1108
f 1113/1113/1113 1109/1109/1109 1110/1110/1110
f 1110/1110/1110 1114/1114/1114 1113/1113/1113
f 1113/1113/1113 1114/1114/1114 1115/1115/1115
f 1109/1109/1109 1116/1116/1116 1112/1112/1112
f 1113/1113/1113 1116/1116/1116 1109/1109/1109
f 1112/1112/1112 1116/1116/1116 1111/1111/1111
f 1117/1117/1117 1113/1113/1113 1115/1115/1115
f 1116/1116/1116 1113/1113/1113 1117/1117/1117
f 1117/1117/1117 1115/1115/1115 1118/1118/1118
f 1119/1119/1119 1116/1116/1116 1117/1117/1117
f 1117/1117/1117 1118/1118/1118 1119/1119/1119
f 1119/1119/1119 1111/1111/1111 1116/1116/1116
f 1118/1118/1118 1115/1115/1115 1120/1120/1120
f 1119/1119/1119 1121/1121/1121 1111/1111/1111
f 1121/1121/1121 1119/1119/1119 1118/1118/1118
f 1111/1111/1111 1122/1122/1122 1098/1098/1098
f 1121/1121/1121 1122/1122/1122 1111/1111/1111
f 1098/1098/1098 1122/1122/1122 1099/1099/1099
f 1123/1123/1123 1121/1121/1121 1118/1118/1118
f 1123/1123/1123 1118/1118/1118 1120/1120/1120
f 1122/1122/1122 1121/1121/1121 1124/1124/1124
f 1121/1121/1121 1123/1123/1123 1124/1124/1124
f 1125/1125/1125 1099/1099/1099 1122/1122/1122
f 1099/1099/1099 1125/1125/1125 1126/1126/1126
f 1124/1124/1124 1127/1127/1127 1122/1122/1122
f 1125/1125/1125 1122/1122/1122 1127/1127/1127
f 1123/1123/1123 1128/1128/1128 1124/1124/1124
f 1128/1128/1128 1127/1127/1127 1124/1124/1124
f 1123/1123/1123 1120/1120/1120 1129/1129/1129
f 1130/1130/1130 1129/1129/1129 1120/1120/1120
f 1131/1131/1131 1129/1129/1129 1130/1130/1130
f 1132/1132/1132 1128/1128/1128 1123/1123/1123
f 1129/1129/1129 1132/1132/1132 1123/1123/1123
f 1129/1129/1129 1131/1131/1131 1133/1133/1133
f 1134/1134/1134 1133/1133/1133 1131/1131/1131
f 1133/1133/1133 1134/1134/1134 1135/1135/1135
f 1129/1129/1129 1136/1136/1136 1132/1132/1132
f 1133/1133/1133 1136/1136/1136 1129/1129/1129
f 1132/1132/1132 1136/1136/1136 1128/1128/1128
f 1135/1135/1135 1137/1137/1137 1133/1133/1133
f 1133/1133/1133 1137/1137/1137 1136/1136/1136
f 1139/1139/1139 1135/1135/1135 1138/1138/1138
f 1137/1137/1137 1135/1135/1135 1139/1139/1139
f 1137/1137/1137 1139/1139/1139 1140/1140/1140
f 1137/1137/1137 1140/1140/1140 1136/1136/1136
f 1141/1141/1141 1140/1140/1140 1139/1139/1139
f 1142/1142/1142 1128/1128/1128 1136/1136/1136
f 1127/1127/1127 1128/1128/1128 1142/1142/1142
f 1140/1140/1140 1143/1143/1143 1136/1136/1136
f 1140/1140/1140 1141/1141/1141 1143/1143/1143
f 1142/1142/1142 1136/1136/1136 1143/1143/1143
f 1144/1144/1144 1143/1143/1143 1141/1141/1141
f 1144/1144/1144 1145/1145/1145 1143/1143/1143
f 1142/1142/1142 1146/1146/1146 1127/1127/1127
f 1127/1127/1127 1146/1146/1146 1125/1125/1125
f 1143/1143/1143 1147/1147/1147 1142/1142/1142
f 1146/1146/1146 1142/1142/1142 1147/1147/1147
f 1147/1147/1147 1143/1143/1143 1145/1145/1145
f 1125/1125/1125 1146/1146/1146 1148/1148/1148
f 1148/1148/1148 1146/1146/1146 1147/1147/1147
f 1145/1145/1145 1149/1149/1149 1147/1147/1147
f 1148/1148/1148 1147/1147/1147 1149/1149/1149
f 1150/1150/1150 1149/1149/1149 1145/1145/1145
f 1151/1151/1151 1149/1149/1149 1150/1150/1150
f 1149/1149/1149 1151/1151/1151 1148/1148/1148
f 1152/1152/1152 1151/1151/1151 1150/1150/1150
f 1152/1152/1152 1153/1153/1153 1151/1151/1151
f 1148/1148/1148 1154/1154/1154 1125/1125/1125
f 1154/1154/1154 1126/1126/1126 1125/1125/1125
f 1126/1126/1126 1154/1154/1154 1155/1155/1155
f 1156/1156/1156 1148/1148/1148 1151/1151/1151
f 1154/1154/1154 1148/1148/1148 1156/1156/1156
f 1157/1157/1157 1155/1155/1155 1154/1154/1154
f 1154/1154/1154 1156/1156/1156 1157/1157/1157
f 1155/1155/1155 1157/1157/1157 1158/1158/1158
f 1151/1151/1151 1159/1159/1159 1156/1156/1156
f 1159/1159/1159 1151/1151/1151 1153/1153/1153
f 1160/1160/1160 1157/1157/1157 1156/1156/1156
f 1160/1160/1160 1156/1156/1156 1159/1159/1159
f 1161/1161/1161 1158/1158/1158 1157/1157/1157
f 1157/1157/1157 1160/1160/1160 1161/1161/1161
f 1158/1158/1158 1163/1163/1163 1162/1162/1162
f 1161/1161/1161 1163/1163/1163 1158/1158/1158
f 1161/1161/1161 1164/1164/1164 1163/1163/1163
f 1160/1160/1160 1165/1165/1165 1161/1161/1161
f 1164/1164/1164 1161/1161/1161 1165/1165/1165
f 1160/1160/1160 1159/1159/1159 1165/1165/1165
f 1165/1165/1165 1166/1166/1166 1164/1164/1164
f 1166/1166/1166 1165/1165/1165 1159/1159/1159
f 1166/1166/1166 1159/1159/1159 1153/1153/1153
f 1167/1167/1167 1164/1164/1164 1166/1166/1166
f 1153/1153/1153 1168/1168/1168 1166/1166/1166
f 1167/1167/1167 1166/1166/1166 1168/1168/1168
f 1169/1169/1169 1167/1167/1167 1168/1168/1168
f 1172/1172/1172 1171/1171/1171 1170/1170/1170
f 1173/1173/1173 1170/1170/1170 1171/1171/1171
f 1170/1170/1170 1173/1173/1173 1174/1174/1174
f 1171/1171/1171 1175/1175/1175 1173/1173/1173
f 1176/1176/1176 1174/1174/1174 1173/1173/1173
f 1173/1173/1173 1177/1177/1177 1176/1176/1176
f 1173/1173/1173 1175/1175/1175 1177/1177/1177
f 1178/1178/1178 1176/1176/1176 1177/1177/1177
f 1178/1178/1178 1177/1177/1177 1179/1179/1179
f 1177/1177/1177 1175/1175/1175 1180/1180/1180
f 1180/1180/1180 1179/1179/1179 1177/1177/1177
f 1181/1181/1181 1180/1180/1180 1175/1175/1175
f 1179/1179/1179 1180/1180/1180 1182/1182/1182
f 1183/1183/1183 1180/1180/1180 1181/1181/1181
f 1183/1183/1183 1182/1182/1182 1180/1180/1180
f 1181/1181/1181 1184/1184/1184 1183/1183/1183
f 1182/1182/1182 1183/1183/1183 1185/1185/1185
f 1183/1183/1183 1184/1184/1184 1186/1186/1186
f 1183/1183/1183 1186/1186/1186 1185/1185/1185
f 1186/1186/1186 1184/1184/1184 1187/1187/1187
f 1185/1185/1185 1186/1186/1186 1188/1188/1188
f 1187/1187/1187 1189/1189/1189 1186/1186/1186
f 1189/1189/1189 1188/1188/1188 1186/1186/1186
f 1189/1189/1189 1187/1187/1187 1190/1190/1190
f 1188/1188/1188 1189/1189/1189 1191/1191/1191
f 1189/1189/1189 1190/1190/1190 1192/1192/1192
f 1192/1192/1192 1191/1191/1191 1189/1189/1189
f 1193/1193/1193 1192/1192/1192 1190/1190/1190
f 1191/1191/1191 1192/1192/1192 1194/1194/1194
f 1192/1192/1192 1193/1193/1193 1195/1195/1195
f 1195/1195/1195 1194/1194/1194 1192/1192/1192
f 1193/1193/1193 1196/1196/1196 1195/1195/1195
f 1197/1197/1197 1195/1195/1195 1196/1196/1196
f 1195/1195/1195 1197/1197/1197 1198/1198/1198
f 1195/1195/1195 1198/1198/1198 1194/1194/1194
f 1194/1194/1194 1198/1198/1198 1199/1199/1199
f 1202/1202/1202 1201/1201/1201 1200/1200/1200
f 1203/1203/1203 1202/1202/1202 1200/1200/1200
f 1200/1200/1200 1204/1204/1204 1203/1203/1203
f 1202/1202/1202 1203/1203/1203 1205/1205/1205
f 1206/1206/1206 1203/1203/1203 1204/1204/1204
f 1207/1207/1207 1203/1203/1203 1206/1206/1206
f 1207/1207/1207 1205/1205/1205 1203/1203/1203
f 1206/1206/1206 1208/1208/1208 1207/1207/1207
f 1208/1208/1208 1209/1209/1209 1207/1207/1207
f 1205/1205/1205 1207/1207/1207 1210/1210/1210
f 1210/1210/1210 1207/1207/1207 1209/1209/1209
f 1211/1211/1211 1205/1205/1205 1210/1210/1210
f 1209/1209/1209 1212/1212/1212 1210/1210/1210
f 1213/1213/1213 1211/1211/1211 1210/1210/1210
f 1213/1213/1213 1210/1210/1210 1212/1212/1212
f 1211/1211/1211 1213/1213/1213 1214/1214/1214
f 1212/1212/1212 1215/1215/1215 1213/1213/1213
f 1214/1214/1214 1213/1213/1213 1216/1216/1216
f 1213/1213/1213 1215/1215/1215 1216/1216/1216
f 1216/1216/1216 1217/1217/1217 1214/1214/1214
f 1215/1215/1215 1218/1218/1218 1216/1216/1216
f 1217/1217/1217 1216/1216/1216 1219/1219/1219
f 1219/1219/1219 1216/1216/1216 1218/1218/1218
f 1220/1220/1220 1217/1217/1217 1219/1219/1219
f 1218/1218/1218 1221/1221/1221 1219/1219/1219
f 1220/1220/1220 1219/1219/1219 1222/1222/1222
f 1222/1222/1222 1219/1219/1219 1221/1221/1221
f 1223/1223/1223 1220/1220/1220 1222/1222/1222
f 1221/1221/1221 1224/1224/1224 1222/1222/1222
f 1225/1225/1225 1223/1223/1223 1222/1222/1222
f 1225/1225/1225 1222/1222/1222 1224/1224/1224
f 1223/1223/1223 1225/1225/1225 1226/1226/1226
f 1227/1227/1227 1226/1226/1226 1225/1225/1225
f 1225/1225/1225 1228/1228/1228 1227/1227/1227
f 1225/1225/1225 1224/1224/1224 1228/1228/1228
f 1224/1224/1224 1229/1229/1229 1228/1228/1228
f 1232/1232/1232 1231/1231/1231 1230/1230/1230
f 1233/1233/1233 1230/1230/1230 1231/1231/1231
f 1230/1230/1230 1233/1233/1233 1234/1234/1234
f 1231/1231/1231 1235/1235/1235 1233/1233/1233
f 1237/1237/1237 1236/1236/1236 1235/1235/1235
f 1235/1235/1235 1236/1236/1236 1238/1238/1238
f 1238/1238/1238 1233/1233/1233 1235/1235/1235
f 1239/1239/1239 1238/1238/1238 1236/1236/1236
f 1238/1238/1238 1240/1240/1240 1233/1233/1233
f 1238/1238/1238 1239/1239/1239 1240/1240/1240
f 1233/1233/1233 1241/1241/1241 1234/1234/1234
f 1241/1241/1241 1233/1233/1233 1240/1240/1240
f 1234/1234/1234 1241/1241/1241 1242/1242/1242
f 1240/1240/1240 1239/1239/1239 1243/1243/1243
f 1241/1241/1241 1240/1240/1240 1243/1243/1243
f 1244/1244/1244 1243/1243/1243 1239/1239/1239
f 1241/1241/1241 1245/1245/1245 1242/1242/1242
f 1243/1243/1243 1245/1245/1245 1241/1241/1241
f 1242/1242/1242 1245/1245/1245 1246/1246/1246
f 1243/1243/1243 1244/1244/1244 1247/1247/1247
f 1248/1248/1248 1247/1247/1247 1244/1244/1244
f 1248/1248/1248 1249/1249/1249 1247/1247/1247
f 1245/1245/1245 1243/1243/1243 1250/1250/1250
f 1250/1250/1250 1246/1246/1246 1245/1245/1245
f 1247/1247/1247 1250/1250/1250 1243/1243/1243
f 1246/1246/1246 1250/1250/1250 1251/1251/1251
f 1249/1249/1249 1252/1252/1252 1247/1247/1247
f 1252/1252/1252 1250/1250/1250 1247/1247/1247
f 1253/1253/1253 1251/1251/1251 1250/1250/1250
f 1252/1252/1252 1253/1253/1253 1250/1250/1250
f 1252/1252/1252 1249/1249/1249 1254/1254/1254
f 1254/1254/1254 1253/1253/1253 1252/1252/1252
f 1255/1255/1255 1254/1254/1254 1249/1249/1249
f 1253/1253/1253 1256/1256/1256 1251/1251/1251
f 1254/1254/1254 1256/1256/1256 1253/1253/1253
f 1257/1257/1257 1251/1251/1251 1256/1256/1256
f 1254/1254/1254 1255/1255/1255 1258/1258/1258
f 1259/1259/1259 1258/1258/1258 1255/1255/1255
f 1260/1260/1260 1258/1258/1258 1259/1259/1259
f 1256/1256/1256 1254/1254/1254 1261/1261/1261
f 1261/1261/1261 1257/1257/1257 1256/1256/1256
f 1258/1258/1258 1261/1261/1261 1254/1254/1254
f 1257/1257/1257 1261/1261/1261 1262/1262/1262
f 1263/1263/1263 1262/1262/1262 1261/1261/1261
f 1258/1258/1258 1260/1260/1260 1264/1264/1264
f 1258/1258/1258 1264/1264/1264 1261/1261/1261
f 1265/1265/1265 1264/1264/1264 1260/1260/1260
f 1264/1264/1264 1265/1265/1265 1266/1266/1266
f 1261/1261/1261 1264/1264/1264 1267/1267/1267
f 1266/1266/1266 1267/1267/1267 1264/1264/1264
f 1267/1267/1267 1263/1263/1263 1261/1261/1261
f 1267/1267/1267 1266/1266/1266 1268/1268/1268
f 1267/1267/1267 1268/1268/1268 1263/1263/1263
f 1269/1269/1269 1263/1263/1263 1268/1268/1268
f 1272/1272/1272 1271/1271/1271 1270/1270/1270
f 1270/1270/1270 1273/1273/1273 1272/1272/1272
f 1273/1273/1273 1270/1270/1270 1274/1274/1274
f 1275/1275/1275 1272/1272/1272 1273/1273/1273
f 1276/1276/1276 1272/1272/1272 1275/1275/1275
f 1277/1277/1277 1273/1273/1273 1274/1274/1274
f 1275/1275/1275 1278/1278/1278 1276/1276/1276
f 1279/1279/1279 1276/1276/1276 1278/1278/1278
f 1273/1273/1273 1280/1280/1280 1275/1275/1275
f 1275/1275/1275 1280/1280/1280 1278/1278/1278
f 1277/1277/1277 1280/1280/1280 1273/1273/1273
f 1278/1278/1278 1281/1281/1281 1279/1279/1279
f 1283/1283/1283 1282/1282/1282 1281/1281/1281
f 1283/1283/1283 1281/1281/1281 1284/1284/1284
f 1281/1281/1281 1278/1278/1278 1284/1284/1284
f 1284/1284/1284 1285/1285/1285 1283/1283/1283
f 1284/1284/1284 1278/1278/1278 1286/1286/1286
f 1286/1286/1286 1278/1278/1278 1280/1280/1280
f 1287/1287/1287 1285/1285/1285 1284/1284/1284
f 1286/1286/1286 1287/1287/1287 1284/1284/1284
f 1286/1286/1286 1280/1280/1280 1288/1288/1288
f 1288/1288/1288 1287/1287/1287 1286/1286/1286
f 1289/1289/1289 1288/1288/1288 1280/1280/1280
f 1289/1289/1289 1280/1280/1280 1277/1277/1277
f 1290/1290/1290 1288/1288/1288 1289/1289/1289
f 1290/1290/1290 1289/1289/1289 1277/1277/1277
f 1287/1287/1287 1288/1288/1288 1291/1291/1291
f 1291/1291/1291 1288/1288/1288 1290/1290/1290
f 1292/1292/1292 1285/1285/1285 1287/1287/1287
f 1291/1291/1291 1292/1292/1292 1287/1287/1287
f 1292/1292/1292 1293/1293/1293 1285/1285/1285
f 1290/1290/1290 1277/1277/1277 1294/1294/1294
f 1277/1277/1277 1274/1274/1274 1294/1294/1294
f 1294/1294/1294 1274/1274/1274 1295/1295/1295
f 1290/1290/1290 1294/1294/1294 1296/1296/1296
f 1290/1290/1290 1296/1296/1296 1291/1291/1291
f 1295/1295/1295 1297/1297/1297 1294/1294/1294
f 1297/1297/1297 1296/1296/1296 1294/1294/1294
f 1297/1297/1297 1295/1295/1295 1298/1298/1298
f 1298/1298/1298 1295/1295/1295 1299/1299/1299
f 1296/1296/1296 1297/1297/1297 1300/1300/1300
f 1300/1300/1300 1297/1297/1297 1298/1298/1298
f 1301/1301/1301 1291/1291/1291 1296/1296/1296
f 1296/1296/1296 1300/1300/1300 1301/1301/1301
f 1291/1291/1291 1301/1301/1301 1292/1292/1292
f 1298/1298/1298 1302/1302/1302 1300/1300/1300
f 1301/1301/1301 1303/1303/1303 1292/1292/1292
f 1292/1292/1292 1303/1303/1303 1293/1293/1293
f 1304/1304/1304 1301/1301/1301 1300/1300/1300
f 1301/1301/1301 1304/1304/1304 1303/1303/1303
f 1300/1300/1300 1302/1302/1302 1304/1304/1304
f 1303/1303/1303 1305/1305/1305 1293/1293/1293
f 1305/1305/1305 1303/1303/1303 1304/1304/1304
f 1305/1305/1305 1306/1306/1306 1293/1293/1293
f 1305/1305/1305 1304/1304/1304 1307/1307/1307
f 1307/1307/1307 1304/1304/1304 1302/1302/1302
f 1305/1305/1305 1308/1308/1308 1306/1306/1306
f 1308/1308/1308 1305/1305/1305 1307/1307/1307
f 1306/1306/1306 1308/1308/1308 1309/1309/1309
f 1309/1309/1309 1310/1310/1310 1306/1306/1306
f 1308/1308/1308 1307/1307/1307 1311/1311/1311
f 1311/1311/1311 1309/1309/1309 1308/1308/1308
f 1307/1307/1307 1302/1302/1302 1311/1311/1311
f 1309/1309/1309 1312/1312/1312 1310/1310/1310
f 1313/1313/1313 1311/1311/1311 1302/1302/1302
f 1310/1310/1310 1312/1312/1312 1314/1314/1314
f 1315/1315/1315 1310/1310/1310 1314/1314/1314
f 1309/1309/1309 1316/1316/1316 1312/1312/1312
f 1312/1312/1312 1316/1316/1316 1314/1314/1314
f 1309/1309/1309 1311/1311/1311 1316/1316/1316
f 1315/1315/1315 1314/1314/1314 1317/1317/1317
f 1317/1317/1317 1318/1318/1318 1315/1315/1315
f 1319/1319/1319 1314/1314/1314 1316/1316/1316
f 1319/1319/1319 1317/1317/1317 1314/1314/1314
f 1311/1311/1311 1320/1320/1320 1316/1316/1316
f 1320/1320/1320 1311/1311/1311 1313/1313/1313
f 1319/1319/1319 1316/1316/1316 1321/1321/1321
f 1320/1320/1320 1321/1321/1321 1316/1316/1316
f 1322/1322/1322 1317/1317/1317 1319/1319/1319
f 1319/1319/1319 1321/1321/1321 1322/1322/1322
f 1323/1323/1323 1318/1318/1318 1317/1317/1317
f 1322/1322/1322 1323/1323/1323 1317/1317/1317
f 1318/1318/1318 1323/1323/1323 1324/1324/1324
f 1324/1324/1324 1325/1325/1325 1318/1318/1318
f 1323/1323/1323 1322/1322/1322 1326/1326/1326
f 1326/1326/1326 1324/1324/1324 1323/1323/1323
f 1325/1325/1325 1324/1324/1324 1327/1327/1327
f 1324/1324/1324 1326/1326/1326 1328/1328/1328
f 1328/1328/1328 1327/1327/1327 1324/1324/1324
f 1325/1325/1325 1327/1327/1327 1329/1329/1329
f 1330/1330/1330 1325/1325/1325 1329/1329/1329
f 1331/1331/1331 1327/1327/1327 1328/1328/1328
f 1327/1327/1327 1331/1331/1331 1329/1329/1329
f 1326/1326/1326 1332/1332/1332 1328/1328/1328
f 1328/1328/1328 1332/1332/1332 1331/1331/1331
f 1322/1322/1322 1333/1333/1333 1326/1326/1326
f 1332/1332/1332 1326/1326/1326 1333/1333/1333
f 1333/1333/1333 1322/1322/1322 1334/1334/1334
f 1334/1334/1334 1322/1322/1322 1321/1321/1321
f 1333/1333/1333 1334/1334/1334 1335/1335/1335
f 1334/1334/1334 1321/1321/1321 1336/1336/1336
f 1336/1336/1336 1335/1335/1335 1334/1334/1334
f 1333/1333/1333 1335/1335/1335 1337/1337/1337
f 1332/1332/1332 1333/1333/1333 1337/1337/1337
f 1335/1335/1335 1336/1336/1336 1338/1338/1338
f 1337/1337/1337 1335/1335/1335 1338/1338/1338
f 1339/1339/1339 1338/1338/1338 1336/1336/1336
f 1337/1337/1337 1338/1338/1338 1340/1340/1340
f 1336/1336/1336 1341/1341/1341 1339/1339/1339
f 1321/1321/1321 1341/1341/1341 1336/1336/1336
f 1339/1339/1339 1341/1341/1341 1342/1342/1342
f 1321/1321/1321 1320/1320/1320 1341/1341/1341
f 1343/1343/1343 1342/1342/1342 1341/1341/1341
f 1343/1343/1343 1341/1341/1341 1320/1320/1320
f 1342/1342/1342 1343/1343/1343 1344/1344/1344
f 1344/1344/1344 1343/1343/1343 1320/1320/1320
f 1299/1299/1299 1342/1342/1342 1344/1344/1344
f 1344/1344/1344 1320/1320/1320 1313/1313/1313
f 1299/1299/1299 1344/1344/1344 1345/1345/1345
f 1344/1344/1344 1313/1313/1313 1345/1345/1345
f 1299/1299/1299 1345/1345/1345 1298/1298/1298
f 1302/1302/1302 1345/1345/1345 1313/1313/1313
f 1302/1302/1302 1298/1298/1298 1345/1345/1345
f 1340/1340/1340 1346/1346/1346 1337/1337/1337
f 1332/1332/1332 1337/1337/1337 1346/1346/1346
f 1347/1347/1347 1346/1346/1346 1340/1340/1340
f 1346/1346/1346 1348/1348/1348 1332/1332/1332
f 1348/1348/1348 1346/1346/1346 1347/1347/1347
f 1332/1332/1332 1348/1348/1348 1331/1331/1331
f 1347/1347/1347 1340/1340/1340 1349/1349/1349
f 1350/1350/1350 1331/1331/1331 1348/1348/1348
f 1350/1350/1350 1348/1348/1348 1347/1347/1347
f 1351/1351/1351 1347/1347/1347 1349/1349/1349
f 1350/1350/1350 1347/1347/1347 1351/1351/1351
f 1351/1351/1351 1349/1349/1349 1352/1352/1352
f 1349/1349/1349 1353/1353/1353 1352/1352/1352
f 1331/1331/1331 1350/1350/1350 1354/1354/1354
f 1354/1354/1354 1329/1329/1329 1331/1331/1331
f 1353/1353/1353 1356/1356/1356 1355/1355/1355
f 1354/1354/1354 1357/1357/1357 1329/1329/1329
f 1329/1329/1329 1357/1357/1357 1330/1330/1330
f 1353/1353/1353 1355/1355/1355 1358/1358/1358
f 1353/1353/1353 1358/1358/1358 1352/1352/1352
f 1355/1355/1355 1359/1359/1359 1358/1358/1358
f 1360/1360/1360 1359/1359/1359 1355/1355/1355
f 1352/1352/1352 1358/1358/1358 1361/1361/1361
f 1359/1359/1359 1361/1361/1361 1358/1358/1358
f 1351/1351/1351 1352/1352/1352 1361/1361/1361
f 1360/1360/1360 1362/1362/1362 1359/1359/1359
f 1359/1359/1359 1362/1362/1362 1361/1361/1361
f 1363/1363/1363 1362/1362/1362 1360/1360/1360
f 1362/1362/1362 1363/1363/1363 1364/1364/1364
f 1361/1361/1361 1365/1365/1365 1351/1351/1351
f 1351/1351/1351 1365/1365/1365 1350/1350/1350
f 1366/1366/1366 1361/1361/1361 1362/1362/1362
f 1361/1361/1361 1366/1366/1366 1365/1365/1365
f 1365/1365/1365 1367/1367/1367 1350/1350/1350
f 1367/1367/1367 1365/1365/1365 1366/1366/1366
f 1354/1354/1354 1350/1350/1350 1367/1367/1367
f 1354/1354/1354 1367/1367/1367 1357/1357/1357
f 1367/1367/1367 1366/1366/1366 1357/1357/1357
f 1362/1362/1362 1368/1368/1368 1366/1366/1366
f 1364/1364/1364 1368/1368/1368 1362/1362/1362
f 1369/1369/1369 1357/1357/1357 1366/1366/1366
f 1369/1369/1369 1366/1366/1366 1368/1368/1368
f 1357/1357/1357 1369/1369/1369 1330/1330/1330
f 1330/1330/1330 1369/1369/1369 1370/1370/1370
f 1368/1368/1368 1370/1370/1370 1369/1369/1369
f 1364/1364/1364 1370/1370/1370 1368/1368/1368
f 1364/1364/1364 1371/1371/1371 1370/1370/1370
f 1374/1374/1374 1373/1373/1373 1372/1372/1372
f 1372/1372/1372 1375/1375/1375 1374/1374/1374
f 1375/1375/1375 1372/1372/1372 1376/1376/1376
f 1377/1377/1377 1374/1374/1374 1375/1375/1375
f 1378/1378/1378 1374/1374/1374 1377/1377/1377
f 1379/1379/1379 1375/1375/1375 1376/1376/1376
f 1377/1377/1377 1380/1380/1380 1378/1378/1378
f 1381/1381/1381 1378/1378/1378 1380/1380/1380
f 1380/1380/1380 1382/1382/1382 1381/1381/1381
f 1375/1375/1375 1383/1383/1383 1377/1377/1377
f 1379/1379/1379 1383/1383/1383 1375/1375/1375
f 1385/1385/1385 1384/1384/1384 1382/1382/1382
f 1385/1385/1385 1382/1382/1382 1386/1386/1386
f 1382/1382/1382 1380/1380/1380 1386/1386/1386
f 1386/1386/1386 1387/1387/1387 1385/1385/1385
f 1380/1380/1380 1377/1377/1377 1388/1388/1388
f 1386/1386/1386 1380/1380/1380 1388/1388/1388
f 1377/1377/1377 1383/1383/1383 1388/1388/1388
f 1389/1389/1389 1387/1387/1387 1386/1386/1386
f 1388/1388/1388 1389/1389/1389 1386/1386/1386
f 1383/1383/1383 1390/1390/1390 1388/1388/1388
f 1390/1390/1390 1383/1383/1383 1379/1379/1379
f 1391/1391/1391 1388/1388/1388 1390/1390/1390
f 1391/1391/1391 1389/1389/1389 1388/1388/1388
f 1379/1379/1379 1392/1392/1392 1390/1390/1390
f 1390/1390/1390 1392/1392/1392 1391/1391/1391
f 1391/1391/1391 1393/1393/1393 1389/1389/1389
f 1393/1393/1393 1391/1391/1391 1392/1392/1392
f 1394/1394/1394 1387/1387/1387 1389/1389/1389
f 1389/1389/1389 1393/1393/1393 1394/1394/1394
f 1394/1394/1394 1395/1395/1395 1387/1387/1387
f 1393/1393/1393 1396/1396/1396 1394/1394/1394
f 1393/1393/1393 1392/1392/1392 1396/1396/1396
f 1394/1394/1394 1397/1397/1397 1395/1395/1395
f 1396/1396/1396 1397/1397/1397 1394/1394/1394
f 1397/1397/1397 1398/1398/1398 1395/1395/1395
f 1398/1398/1398 1399/1399/1399 1395/1395/1395
f 1396/1396/1396 1400/1400/1400 1397/1397/1397
f 1398/1398/1398 1397/1397/1397 1400/1400/1400
f 1401/1401/1401 1396/1396/1396 1392/1392/1392
f 1396/1396/1396 1401/1401/1401 1400/1400/1400
f 1402/1402/1402 1392/1392/1392 1379/1379/1379
f 1392/1392/1392 1402/1402/1402 1401/1401/1401
f 1379/1379/1379 1376/1376/1376 1402/1402/1402
f 1402/1402/1402 1376/1376/1376 1403/1403/1403
f 1404/1404/1404 1401/1401/1401 1402/1402/1402
f 1403/1403/1403 1404/1404/1404 1402/1402/1402
f 1401/1401/1401 1404/1404/1404 1405/1405/1405
f 1405/1405/1405 1400/1400/1400 1401/1401/1401
f 1404/1404/1404 1403/1403/1403 1406/1406/1406
f 1405/1405/1405 1404/1404/1404 1406/1406/1406
f 1406/1406/1406 1403/1403/1403 1407/1407/1407
f 1405/1405/1405 1408/1408/1408 1400/1400/1400
f 1406/1406/1406 1408/1408/1408 1405/1405/1405
f 1407/1407/1407 1409/1409/1409 1406/1406/1406
f 1408/1408/1408 1406/1406/1406 1409/1409/1409
f 1407/1407/1407 1410/1410/1410 1409/1409/1409
f 1407/1407/1407 1411/1411/1411 1410/1410/1410
f 1408/1408/1408 1409/1409/1409 1412/1412/1412
f 1410/1410/1410 1412/1412/1412 1409/1409/1409
f 1413/1413/1413 1400/1400/1400 1408/1408/1408
f 1398/1398/1398 1400/1400/1400 1413/1413/1413
f 1413/1413/1413 1408/1408/1408 1414/1414/1414
f 1408/1408/1408 1412/1412/1412 1414/1414/1414
f 1415/1415/1415 1398/1398/1398 1413/1413/1413
f 1415/1415/1415 1413/1413/1413 1414/1414/1414
f 1398/1398/1398 1415/1415/1415 1399/1399/1399
f 1399/1399/1399 1415/1415/1415 1416/1416/1416
f 1414/1414/1414 1416/1416/1416 1415/1415/1415
f 1416/1416/1416 1417/1417/1417 1399/1399/1399
f 1414/1414/1414 1412/1412/1412 1418/1418/1418
f 1416/1416/1416 1414/1414/1414 1418/1418/1418
f 1416/1416/1416 1419/1419/1419 1417/1417/1417
f 1416/1416/1416 1418/1418/1418 1419/1419/1419
f 1417/1417/1417 1419/1419/1419 1420/1420/1420
f 1419/1419/1419 1418/1418/1418 1420/1420/1420
f 1421/1421/1421 1417/1417/1417 1420/1420/1420
f 1422/1422/1422 1418/1418/1418 1412/1412/1412
f 1410/1410/1410 1422/1422/1422 1412/1412/1412
f 1423/1423/1423 1420/1420/1420 1418/1418/1418
f 1418/1418/1418 1422/1422/1422 1423/1423/1423
f 1421/1421/1421 1420/1420/1420 1424/1424/1424
f 1423/1423/1423 1424/1424/1424 1420/1420/1420
f 1424/1424/1424 1425/1425/1425 1421/1421/1421
f 1410/1410/1410 1426/1426/1426 1422/1422/1422
f 1411/1411/1411 1426/1426/1426 1410/1410/1410
f 1426/1426/1426 1411/1411/1411 1427/1427/1427
f 1426/1426/1426 1427/1427/1427 1422/1422/1422
f 1428/1428/1428 1427/1427/1427 1411/1411/1411
f 1429/1429/1429 1422/1422/1422 1427/1427/1427
f 1429/1429/1429 1423/1423/1423 1422/1422/1422
f 1430/1430/1430 1427/1427/1427 1428/1428/1428
f 1429/1429/1429 1427/1427/1427 1430/1430/1430
f 1428/1428/1428 1431/1431/1431 1430/1430/1430
f 1423/1423/1423 1429/1429/1429 1432/1432/1432
f 1432/1432/1432 1424/1424/1424 1423/1423/1423
f 1433/1433/1433 1429/1429/1429 1430/1430/1430
f 1433/1433/1433 1432/1432/1432 1429/1429/1429
f 1434/1434/1434 1430/1430/1430 1431/1431/1431
f 1430/1430/1430 1434/1434/1434 1433/1433/1433
f 1435/1435/1435 1434/1434/1434 1431/1431/1431
f 1435/1435/1435 1431/1431/1431 1436/1436/1436
f 1437/1437/1437 1433/1433/1433 1434/1434/1434
f 1437/1437/1437 1434/1434/1434 1435/1435/1435
f 1437/1437/1437 1432/1432/1432 1433/1433/1433
f 1436/1436/1436 1438/1438/1438 1435/1435/1435
f 1432/1432/1432 1439/1439/1439 1424/1424/1424
f 1439/1439/1439 1425/1425/1425 1424/1424/1424
f 1439/1439/1439 1432/1432/1432 1440/1440/1440
f 1432/1432/1432 1437/1437/1437 1440/1440/1440
f 1425/1425/1425 1439/1439/1439 1441/1441/1441
f 1440/1440/1440 1441/1441/1441 1439/1439/1439
f 1441/1441/1441 1442/1442/1442 1425/1425/1425
f 1440/1440/1440 1437/1437/1437 1443/1443/1443
f 1441/1441/1441 1440/1440/1440 1443/1443/1443
f 1444/1444/1444 1437/1437/1437 1435/1435/1435
f 1444/1444/1444 1443/1443/1443 1437/1437/1437
f 1444/1444/1444 1435/1435/1435 1438/1438/1438
f 1443/1443/1443 1445/1445/1445 1441/1441/1441
f 1442/1442/1442 1441/1441/1441 1445/1445/1445
f 1444/1444/1444 1446/1446/1446 1443/1443/1443
f 1438/1438/1438 1446/1446/1446 1444/1444/1444
f 1447/1447/1447 1445/1445/1445 1443/1443/1443
f 1447/1447/1447 1443/1443/1443 1446/1446/1446
f 1442/1442/1442 1445/1445/1445 1448/1448/1448
f 1445/1445/1445 1447/1447/1447 1448/1448/1448
f 1449/1449/1449 1442/1442/1442 1448/1448/1448
f 1446/1446/1446 1438/1438/1438 1450/1450/1450
f 1450/1450/1450 1438/1438/1438 1436/1436/1436
f 1450/1450/1450 1436/1436/1436 1451/1451/1451
f 1452/1452/1452 1447/1447/1447 1446/1446/1446
f 1452/1452/1452 1446/1446/1446 1450/1450/1450
f 1453/1453/1453 1448/1448/1448 1447/1447/1447
f 1447/1447/1447 1452/1452/1452 1453/1453/1453
f 1454/1454/1454 1450/1450/1450 1451/1451/1451
f 1454/1454/1454 1452/1452/1452 1450/1450/1450
f 1448/1448/1448 1453/1453/1453 1455/1455/1455
f 1448/1448/1448 1455/1455/1455 1449/1449/1449
f 1456/1456/1456 1453/1453/1453 1452/1452/1452
f 1455/1455/1455 1453/1453/1453 1456/1456/1456
f 1457/1457/1457 1452/1452/1452 1454/1454/1454
f 1452/1452/1452 1457/1457/1457 1456/1456/1456
f 1455/1455/1455 1458/1458/1458 1449/1449/1449
f 1449/1449/1449 1458/1458/1458 1459/1459/1459
f 1456/1456/1456 1460/1460/1460 1455/1455/1455
f 1458/1458/1458 1455/1455/1455 1460/1460/1460
f 1457/1457/1457 1461/1461/1461 1456/1456/1456
f 1460/1460/1460 1456/1456/1456 1461/1461/1461
f 1461/1461/1461 1457/1457/1457 1454/1454/1454
f 1458/1458/1458 1460/1460/1460 1462/1462/1462
f 1462/1462/1462 1459/1459/1459 1458/1458/1458
f 1464/1464/1464 1463/1463/1463 1459/1459/1459
f 1464/1464/1464 1459/1459/1459 1462/1462/1462
f 1465/1465/1465 1462/1462/1462 1460/1460/1460
f 1464/1464/1464 1462/1462/1462 1465/1465/1465
f 1460/1460/1460 1461/1461/1461 1465/1465/1465
f 1465/1465/1465 1466/1466/1466 1464/1464/1464
f 1465/1465/1465 1467/1467/1467 1466/1466/1466
f 1468/1468/1468 1467/1467/1467 1465/1465/1465
f 1468/1468/1468 1465/1465/1465 1461/1461/1461
f 1467/1467/1467 1468/1468/1468 1469/1469/1469
f 1468/1468/1468 1461/1461/1461 1470/1470/1470
f 1469/1469/1469 1468/1468/1468 1470/1470/1470
f 1454/1454/1454 1471/1471/1471 1461/1461/1461
f 1471/1471/1471 1470/1470/1470 1461/1461/1461
f 1454/1454/1454 1451/1451/1451 1471/1471/1471
f 1451/1451/1451 1472/1472/1472 1471/1471/1471
f 1472/1472/1472 1470/1470/1470 1471/1471/1471
f 1472/1472/1472 1469/1469/1469 1470/1470/1470
f 1472/1472/1472 1473/1473/1473 1469/1469/1469
f 1476/1476/1476 1475/1475/1475 1474/1474/1474
f 1477/1477/1477 1474/1474/1474 1475/1475/1475
f 1475/1475/1475 1478/1478/1478 1477/1477/1477
f 1477/1477/1477 1479/1479/1479 1474/1474/1474
f 1480/1480/1480 1474/1474/1474 1479/1479/1479
f 1478/1478/1478 1481/1481/1481 1477/1477/1477
f 1479/1479/1479 1477/1477/1477 1481/1481/1481
f 1478/1478/1478 1482/1482/1482 1481/1481/1481
f 1483/1483/1483 1481/1481/1481 1482/1482/1482
f 1481/1481/1481 1483/1483/1483 1484/1484/1484
f 1481/1481/1481 1484/1484/1484 1479/1479/1479
f 1485/1485/1485 1484/1484/1484 1483/1483/1483
f 1485/1485/1485 1486/1486/1486 1484/1484/1484
f 1487/1487/1487 1484/1484/1484 1486/1486/1486
f 1484/1484/1484 1487/1487/1487 1479/1479/1479
f 1486/1486/1486 1488/1488/1488 1487/1487/1487
f 1479/1479/1479 1489/1489/1489 1480/1480/1480
f 1489/1489/1489 1479/1479/1479 1487/1487/1487
f 1490/1490/1490 1480/1480/1480 1489/1489/1489
f 1490/1490/1490 1489/1489/1489 1491/1491/1491
f 1489/1489/1489 1487/1487/1487 1492/1492/1492
f 1492/1492/1492 1491/1491/1491 1489/1489/1489
f 1493/1493/1493 1487/1487/1487 1488/1488/1488
f 1487/1487/1487 1493/1493/1493 1492/1492/1492
f 1492/1492/1492 1494/1494/1494 1491/1491/1491
f 1492/1492/1492 1493/1493/1493 1494/1494/1494
f 1495/1495/1495 1491/1491/1491 1494/1494/1494
f 1495/1495/1495 1494/1494/1494 1496/1496/1496
f 1488/1488/1488 1497/1497/1497 1493/1493/1493
f 1494/1494/1494 1493/1493/1493 1497/1497/1497
f 1488/1488/1488 1498/1498/1498 1497/1497/1497
f 1498/1498/1498 1499/1499/1499 1497/1497/1497
f 1494/1494/1494 1500/1500/1500 1496/1496/1496
f 1496/1496/1496 1500/1500/1500 1501/1501/1501
f 1497/1497/1497 1502/1502/1502 1494/1494/1494
f 1502/1502/1502 1497/1497/1497 1499/1499/1499
f 1500/1500/1500 1494/1494/1494 1502/1502/1502
f 1502/1502/1502 1499/1499/1499 1503/1503/1503
f 1502/1502/1502 1503/1503/1503 1500/1500/1500
f 1503/1503/1503 1499/1499/1499 1504/1504/1504
f 1505/1505/1505 1501/1501/1501 1500/1500/1500
f 1505/1505/1505 1500/1500/1500 1503/1503/1503
f 1501/1501/1501 1505/1505/1505 1506/1506/1506
f 1507/1507/1507 1503/1503/1503 1504/1504/1504
f 1504/1504/1504 1508/1508/1508 1507/1507/1507
f 1505/1505/1505 1503/1503/1503 1509/1509/1509
f 1507/1507/1507 1509/1509/1509 1503/1503/1503
f 1505/1505/1505 1509/1509/1509 1506/1506/1506
f 1510/1510/1510 1507/1507/1507 1508/1508/1508
f 1507/1507/1507 1510/1510/1510 1509/1509/1509
f 1508/1508/1508 1511/1511/1511 1510/1510/1510
f 1509/1509/1509 1510/1510/1510 1512/1512/1512
f 1509/1509/1509 1512/1512/1512 1506/1506/1506
f 1513/1513/1513 1506/1506/1506 1512/1512/1512
f 1516/1516/1516 1515/1515/1515 1514/1514/1514
f 1514/1514/1514 1515/1515/1515 1517/1517/1517
f 1514/1514/1514 1517/1517/1517 1518/1518/1518
f 1517/1517/1517 1515/1515/1515 1519/1519/1519
f 1520/1520/1520 1518/1518/1518 1517/1517/1517
f 1517/1517/1517 1519/1519/1519 1520/1520/1520
f 1520/1520/1520 1521/1521/1521 1518/1518/1518
f 1521/1521/1521 1520/1520/1520 1519/1519/1519
f 1521/1521/1521 1522/1522/1522 1518/1518/1518
f 1521/1521/1521 1519/1519/1519 1522/1522/1522
f 1519/1519/1519 1523/1523/1523 1522/1522/1522
f 1519/1519/1519 1515/1515/1515 1524/1524/1524
f 1519/1519/1519 1524/1524/1524 1523/1523/1523
f 1525/1525/1525 1523/1523/1523 1524/1524/1524
f 1515/1515/1515 1526/1526/1526 1524/1524/1524
f 1527/1527/1527 1524/1524/1524 1526/1526/1526
f 1528/1528/1528 1527/1527/1527 1526/1526/1526
f 1527/1527/1527 1528/1528/1528 1529/1529/1529
f 1526/1526/1526 1530/1530/1530 1528/1528/1528
f 1526/1526/1526 1531/1531/1531 1530/1530/1530
f 1531/1531/1531 1532/1532/1532 1530/1530/1530
f 1528/1528/1528 1533/1533/1533 1529/1529/1529
f 1533/1533/1533 1534/1534/1534 1529/1529/1529
f 1530/1530/1530 1535/1535/1535 1528/1528/1528
f 1533/1533/1533 1536/1536/1536 1534/1534/1534
f 1537/1537/1537 1534/1534/1534 1536/1536/1536
f 1538/1538/1538 1533/1533/1533 1528/1528/1528
f 1535/1535/1535 1538/1538/1538 1528/1528/1528
f 1539/1539/1539 1536/1536/1536 1533/1533/1533
f 1533/1533/1533 1538/1538/1538 1539/1539/1539
f 1536/1536/1536 1540/1540/1540 1537/1537/1537
f 1541/1541/1541 1537/1537/1537 1540/1540/1540
f 1540/1540/1540 1542/1542/1542 1541/1541/1541
f 1543/1543/1543 1540/1540/1540 1536/1536/1536
f 1536/1536/1536 1539/1539/1539 1543/1543/1543
f 1542/1542/1542 1540/1540/1540 1544/1544/1544
f 1543/1543/1543 1544/1544/1544 1540/1540/1540
f 1542/1542/1542 1544/1544/1544 1545/1545/1545
f 1546/1546/1546 1545/1545/1545 1544/1544/1544
f 1547/1547/1547 1546/1546/1546 1544/1544/1544
f 1544/1544/1544 1543/1543/1543 1547/1547/1547
f 1548/1548/1548 1546/1546/1546 1547/1547/1547
f 1539/1539/1539 1549/1549/1549 1543/1543/1543
f 1547/1547/1547 1543/1543/1543 1549/1549/1549
f 1548/1548/1548 1547/1547/1547 1550/1550/1550
f 1550/1550/1550 1547/1547/1547 1549/1549/1549
f 1551/1551/1551 1548/1548/1548 1550/1550/1550
f 1552/1552/1552 1549/1549/1549 1539/1539/1539
f 1538/1538/1538 1552/1552/1552 1539/1539/1539
f 1550/1550/1550 1549/1549/1549 1553/1553/1553
f 1552/1552/1552 1553/1553/1553 1549/1549/1549
f 1551/1551/1551 1550/1550/1550 1554/1554/1554
f 1554/1554/1554 1550/1550/1550 1553/1553/1553
f 1555/1555/1555 1551/1551/1551 1554/1554/1554
f 1556/1556/1556 1553/1553/1553 1552/1552/1552
f 1555/1555/1555 1554/1554/1554 1557/1557/1557
f 1558/1558/1558 1555/1555/1555 1557/1557/1557
f 1554/1554/1554 1553/1553/1553 1559/1559/1559
f 1554/1554/1554 1559/1559/1559 1557/1557/1557
f 1556/1556/1556 1559/1559/1559 1553/1553/1553
f 1560/1560/1560 1558/1558/1558 1557/1557/1557
f 1561/1561/1561 1558/1558/1558 1560/1560/1560
f 1562/1562/1562 1557/1557/1557 1559/1559/1559
f 1560/1560/1560 1557/1557/1557 1562/1562/1562
f 1561/1561/1561 1560/1560/1560 1563/1563/1563
f 1560/1560/1560 1562/1562/1562 1563/1563/1563
f 1564/1564/1564 1561/1561/1561 1563/1563/1563
f 1565/1565/1565 1564/1564/1564 1563/1563/1563
f 1563/1563/1563 1566/1566/1566 1565/1565/1565
f 1565/1565/1565 1566/1566/1566 1567/1567/1567
f 1568/1568/1568 1567/1567/1567 1566/1566/1566
f 1566/1566/1566 1563/1563/1563 1569/1569/1569
f 1569/1569/1569 1563/1563/1563 1562/1562/1562
f 1568/1568/1568 1566/1566/1566 1570/1570/1570
f 1569/1569/1569 1570/1570/1570 1566/1566/1566
f 1570/1570/1570 1571/1571/1571 1568/1568/1568
f 1570/1570/1570 1572/1572/1572 1571/1571/1571
f 1573/1573/1573 1572/1572/1572 1570/1570/1570
f 1569/1569/1569 1573/1573/1573 1570/1570/1570
f 1573/1573/1573 1574/1574/1574 1572/1572/1572
f 1573/1573/1573 1569/1569/1569 1575/1575/1575
f 1575/1575/1575 1569/1569/1569 1562/1562/1562
f 1573/1573/1573 1576/1576/1576 1574/1574/1574
f 1573/1573/1573 1575/1575/1575 1576/1576/1576
f 1576/1576/1576 1577/1577/1577 1574/1574/1574
f 1578/1578/1578 1574/1574/1574 1577/1577/1577
f 1579/1579/1579 1576/1576/1576 1575/1575/1575
f 1576/1576/1576 1579/1579/1579 1577/1577/1577
f 1562/1562/1562 1580/1580/1580 1575/1575/1575
f 1579/1579/1579 1575/1575/1575 1580/1580/1580
f 1580/1580/1580 1562/1562/1562 1581/1581/1581
f 1562/1562/1562 1559/1559/1559 1581/1581/1581
f 1556/1556/1556 1581/1581/1581 1559/1559/1559
f 1580/1580/1580 1582/1582/1582 1579/1579/1579
f 1581/1581/1581 1556/1556/1556 1583/1583/1583
f 1580/1580/1580 1581/1581/1581 1584/1584/1584
f 1583/1583/1583 1584/1584/1584 1581/1581/1581
f 1582/1582/1582 1580/1580/1580 1584/1584/1584
f 1583/1583/1583 1556/1556/1556 1585/1585/1585
f 1585/1585/1585 1556/1556/1556 1552/1552/1552
f 1585/1585/1585 1552/1552/1552 1538/1538/1538
f 1538/1538/1538 1535/1535/1535 1585/1585/1585
f 1585/1585/1585 1535/1535/1535 1530/1530/1530
f 1584/1584/1584 1583/1583/1583 1586/1586/1586
f 1583/1583/1583 1585/1585/1585 1586/1586/1586
f 1530/1530/1530 1587/1587/1587 1585/1585/1585
f 1587/1587/1587 1530/1530/1530 1532/1532/1532
f 1532/1532/1532 1588/1588/1588 1587/1587/1587
f 1586/1586/1586 1585/1585/1585 1589/1589/1589
f 1589/1589/1589 1585/1585/1585 1587/1587/1587
f 1590/1590/1590 1584/1584/1584 1586/1586/1586
f 1589/1589/1589 1587/1587/1587 1591/1591/1591
f 1590/1590/1590 1592/1592/1592 1584/1584/1584
f 1582/1582/1582 1584/1584/1584 1592/1592/1592
f 1587/1587/1587 1593/1593/1593 1591/1591/1591
f 1588/1588/1588 1593/1593/1593 1587/1587/1587
f 1592/1592/1592 1594/1594/1594 1582/1582/1582
f 1579/1579/1579 1582/1582/1582 1594/1594/1594
f 1594/1594/1594 1577/1577/1577 1579/1579/1579
f 1592/1592/1592 1595/1595/1595 1594/1594/1594
f 1590/1590/1590 1595/1595/1595 1592/1592/1592
f 1577/1577/1577 1594/1594/1594 1596/1596/1596
f 1596/1596/1596 1594/1594/1594 1595/1595/1595
f 1595/1595/1595 1590/1590/1590 1597/1597/1597
f 1597/1597/1597 1590/1590/1590 1586/1586/1586
f 1595/1595/1595 1598/1598/1598 1596/1596/1596
f 1595/1595/1595 1597/1597/1597 1598/1598/1598
f 1599/1599/1599 1577/1577/1577 1596/1596/1596
f 1577/1577/1577 1599/1599/1599 1578/1578/1578
f 1600/1600/1600 1578/1578/1578 1599/1599/1599
f 1599/1599/1599 1596/1596/1596 1601/1601/1601
f 1601/1601/1601 1596/1596/1596 1598/1598/1598
f 1599/1599/1599 1602/1602/1602 1600/1600/1600
f 1602/1602/1602 1599/1599/1599 1601/1601/1601
f 1603/1603/1603 1600/1600/1600 1602/1602/1602
f 1602/1602/1602 1604/1604/1604 1603/1603/1603
f 1604/1604/1604 1602/1602/1602 1605/1605/1605
f 1601/1601/1601 1605/1605/1605 1602/1602/1602
f 1604/1604/1604 1605/1605/1605 1606/1606/1606
f 1607/1607/1607 1606/1606/1606 1605/1605/1605
f 1608/1608/1608 1605/1605/1605 1601/1601/1601
f 1608/1608/1608 1607/1607/1607 1605/1605/1605
f 1608/1608/1608 1601/1601/1601 1598/1598/1598
f 1609/1609/1609 1607/1607/1607 1608/1608/1608
f 1609/1609/1609 1608/1608/1608 1610/1610/1610
f 1610/1610/1610 1608/1608/1608 1598/1598/1598
f 1611/1611/1611 1609/1609/1609 1610/1610/1610
f 1611/1611/1611 1610/1610/1610 1612/1612/1612
f 1613/1613/1613 1612/1612/1612 1610/1610/1610
f 1610/1610/1610 1598/1598/1598 1613/1613/1613
f 1614/1614/1614 1612/1612/1612 1613/1613/1613
f 1615/1615/1615 1613/1613/1613 1598/1598/1598
f 1615/1615/1615 1598/1598/1598 1597/1597/1597
f 1616/1616/1616 1614/1614/1614 1613/1613/1613
f 1616/1616/1616 1613/1613/1613 1615/1615/1615
f 1616/1616/1616 1617/1617/1617 1614/1614/1614
f 1597/1597/1597 1618/1618/1618 1615/1615/1615
f 1597/1597/1597 1586/1586/1586 1618/1618/1618
f 1618/1618/1618 1586/1586/1586 1589/1589/1589
f 1619/1619/1619 1616/1616/1616 1615/1615/1615
f 1615/1615/1615 1618/1618/1618 1619/1619/1619
f 1617/1617/1617 1616/1616/1616 1620/1620/1620
f 1619/1619/1619 1620/1620/1620 1616/1616/1616
f 1620/1620/1620 1621/1621/1621 1617/1617/1617
f 1589/1589/1589 1622/1622/1622 1618/1618/1618
f 1618/1618/1618 1622/1622/1622 1619/1619/1619
f 1622/1622/1622 1589/1589/1589 1591/1591/1591
f 1620/1620/1620 1619/1619/1619 1623/1623/1623
f 1623/1623/1623 1619/1619/1619 1622/1622/1622
f 1621/1621/1621 1620/1620/1620 1624/1624/1624
f 1623/1623/1623 1624/1624/1624 1620/1620/1620
f 1625/1625/1625 1621/1621/1621 1624/1624/1624
f 1622/1622/1622 1626/1626/1626 1623/1623/1623
f 1591/1591/1591 1626/1626/1626 1622/1622/1622
f 1624/1624/1624 1623/1623/1623 1627/1627/1627
f 1627/1627/1627 1623/1623/1623 1626/1626/1626
f 1624/1624/1624 1628/1628/1628 1625/1625/1625
f 1628/1628/1628 1624/1624/1624 1627/1627/1627
f 1629/1629/1629 1625/1625/1625 1628/1628/1628
f 1630/1630/1630 1629/1629/1629 1628/1628/1628
f 1630/1630/1630 1628/1628/1628 1631/1631/1631
f 1631/1631/1631 1628/1628/1628 1627/1627/1627
f 1632/1632/1632 1630/1630/1630 1631/1631/1631
f 1631/1631/1631 1633/1633/1633 1632/1632/1632
f 1627/1627/1627 1634/1634/1634 1631/1631/1631
f 1634/1634/1634 1633/1633/1633 1631/1631/1631
f 1626/1626/1626 1634/1634/1634 1627/1627/1627
f 1634/1634/1634 1635/1635/1635 1633/1633/1633
f 1626/1626/1626 1636/1636/1636 1634/1634/1634
f 1635/1635/1635 1634/1634/1634 1636/1636/1636
f 1636/1636/1636 1626/1626/1626 1591/1591/1591
f 1636/1636/1636 1637/1637/1637 1635/1635/1635
f 1636/1636/1636 1591/1591/1591 1593/1593/1593
f 1637/1637/1637 1636/1636/1636 1593/1593/1593
f 1593/1593/1593 1638/1638/1638 1637/1637/1637
f 1638/1638/1638 1593/1593/1593 1588/1588/1588
f 1639/1639/1639 1638/1638/1638 1588/1588/1588
f 1640/1640/1640 1639/1639/1639 1588/1588/1588
f 1642/1642/1642 1639/1639/1639 1641/1641/1641
f 1640/1640/1640 1644/1644/1644 1643/1643/1643
f 1641/1641/1641 1639/1639/1639 1645/1645/1645
f 1639/1639/1639 1640/1640/1640 1645/1645/1645
f 1641/1641/1641 1645/1645/1645 1646/1646/1646
f 1643/1643/1643 1647/1647/1647 1640/1640/1640
f 1640/1640/1640 1647/1647/1647 1645/1645/1645
f 1643/1643/1643 1648/1648/1648 1647/1647/1647
f 1649/1649/1649 1646/1646/1646 1645/1645/1645
f 1649/1649/1649 1648/1648/1648 1646/1646/1646
f 1647/1647/1647 1650/1650/1650 1645/1645/1645
f 1650/1650/1650 1647/1647/1647 1648/1648/1648
f 1649/1649/1649 1645/1645/1645 1650/1650/1650
f 1648/1648/1648 1649/1649/1649 1650/1650/1650
f 1653/1653/1653 1652/1652/1652 1651/1651/1651
f 1651/1651/1651 1654/1654/1654 1653/1653/1653
f 1651/1651/1651 1655/1655/1655 1654/1654/1654
f 1653/1653/1653 1654/1654/1654 1656/1656/1656
f 1655/1655/1655 1657/1657/1657 1654/1654/1654
f 1654/1654/1654 1657/1657/1657 1656/1656/1656
f 1657/1657/1657 1655/1655/1655 1658/1658/1658
f 1658/1658/1658 1656/1656/1656 1657/1657/1657
f 1659/1659/1659 1658/1658/1658 1655/1655/1655
f 1659/1659/1659 1656/1656/1656 1658/1658/1658
f 1659/1659/1659 1660/1660/1660 1656/1656/1656
f 1661/1661/1661 1653/1653/1653 1656/1656/1656
f 1660/1660/1660 1661/1661/1661 1656/1656/1656
f 1662/1662/1662 1661/1661/1661 1660/1660/1660
f 1653/1653/1653 1661/1661/1661 1663/1663/1663
f 1661/1661/1661 1664/1664/1664 1663/1663/1663
f 1665/1665/1665 1663/1663/1663 1664/1664/1664
f 1665/1665/1665 1664/1664/1664 1666/1666/1666
f 1663/1663/1663 1665/1665/1665 1667/1667/1667
f 1668/1668/1668 1663/1663/1663 1667/1667/1667
f 1667/1667/1667 1669/1669/1669 1668/1668/1668
f 1666/1666/1666 1670/1670/1670 1665/1665/1665
f 1670/1670/1670 1666/1666/1666 1671/1671/1671
f 1672/1672/1672 1669/1669/1669 1667/1667/1667
f 1673/1673/1673 1669/1669/1669 1672/1672/1672
f 1667/1667/1667 1665/1665/1665 1674/1674/1674
f 1667/1667/1667 1674/1674/1674 1672/1672/1672
f 1670/1670/1670 1675/1675/1675 1665/1665/1665
f 1665/1665/1665 1675/1675/1675 1674/1674/1674
f 1671/1671/1671 1676/1676/1676 1670/1670/1670
f 1676/1676/1676 1671/1671/1671 1677/1677/1677
f 1670/1670/1670 1678/1678/1678 1675/1675/1675
f 1678/1678/1678 1670/1670/1670 1676/1676/1676
f 1676/1676/1676 1677/1677/1677 1679/1679/1679
f 1679/1679/1679 1677/1677/1677 1680/1680/1680
f 1680/1680/1680 1681/1681/1681 1679/1679/1679
f 1682/1682/1682 1676/1676/1676 1679/1679/1679
f 1678/1678/1678 1676/1676/1676 1682/1682/1682
f 1681/1681/1681 1683/1683/1683 1679/1679/1679
f 1679/1679/1679 1683/1683/1683 1682/1682/1682
f 1681/1681/1681 1684/1684/1684 1683/1683/1683
f 1684/1684/1684 1685/1685/1685 1683/1683/1683
f 1686/1686/1686 1683/1683/1683 1685/1685/1685
f 1683/1683/1683 1686/1686/1686 1682/1682/1682
f 1685/1685/1685 1687/1687/1687 1686/1686/1686
f 1686/1686/1686 1688/1688/1688 1682/1682/1682
f 1678/1678/1678 1682/1682/1682 1688/1688/1688
f 1687/1687/1687 1689/1689/1689 1686/1686/1686
f 1688/1688/1688 1686/1686/1686 1689/1689/1689
f 1689/1689/1689 1687/1687/1687 1690/1690/1690
f 1688/1688/1688 1691/1691/1691 1678/1678/1678
f 1678/1678/1678 1691/1691/1691 1675/1675/1675
f 1689/1689/1689 1692/1692/1692 1688/1688/1688
f 1691/1691/1691 1688/1688/1688 1692/1692/1692
f 1690/1690/1690 1693/1693/1693 1689/1689/1689
f 1692/1692/1692 1689/1689/1689 1693/1693/1693
f 1693/1693/1693 1690/1690/1690 1694/1694/1694
f 1695/1695/1695 1675/1675/1675 1691/1691/1691
f 1695/1695/1695 1674/1674/1674 1675/1675/1675
f 1693/1693/1693 1694/1694/1694 1696/1696/1696
f 1694/1694/1694 1697/1697/1697 1696/1696/1696
f 1692/1692/1692 1693/1693/1693 1698/1698/1698
f 1693/1693/1693 1696/1696/1696 1698/1698/1698
f 1692/1692/1692 1699/1699/1699 1691/1691/1691
f 1699/1699/1699 1692/1692/1692 1698/1698/1698
f 1691/1691/1691 1699/1699/1699 1695/1695/1695
f 1696/1696/1696 1697/1697/1697 1700/1700/1700
f 1701/1701/1701 1700/1700/1700 1697/1697/1697
f 1701/1701/1701 1702/1702/1702 1700/1700/1700
f 1698/1698/1698 1696/1696/1696 1703/1703/1703
f 1700/1700/1700 1703/1703/1703 1696/1696/1696
f 1704/1704/1704 1700/1700/1700 1702/1702/1702
f 1700/1700/1700 1704/1704/1704 1703/1703/1703
f 1702/1702/1702 1705/1705/1705 1704/1704/1704
f 1703/1703/1703 1706/1706/1706 1698/1698/1698
f 1698/1698/1698 1706/1706/1706 1699/1699/1699
f 1704/1704/1704 1705/1705/1705 1707/1707/1707
f 1705/1705/1705 1708/1708/1708 1707/1707/1707
f 1709/1709/1709 1707/1707/1707 1708/1708/1708
f 1699/1699/1699 1706/1706/1706 1710/1710/1710
f 1695/1695/1695 1699/1699/1699 1710/1710/1710
f 1709/1709/1709 1711/1711/1711 1707/1707/1707
f 1711/1711/1711 1709/1709/1709 1712/1712/1712
f 1712/1712/1712 1713/1713/1713 1711/1711/1711
f 1704/1704/1704 1707/1707/1707 1714/1714/1714
f 1714/1714/1714 1707/1707/1707 1711/1711/1711
f 1704/1704/1704 1714/1714/1714 1703/1703/1703
f 1715/1715/1715 1711/1711/1711 1713/1713/1713
f 1714/1714/1714 1711/1711/1711 1715/1715/1715
f 1713/1713/1713 1716/1716/1716 1715/1715/1715
f 1703/1703/1703 1714/1714/1714 1717/1717/1717
f 1706/1706/1706 1703/1703/1703 1717/1717/1717
f 1715/1715/1715 1718/1718/1718 1714/1714/1714
f 1718/1718/1718 1717/1717/1717 1714/1714/1714
f 1719/1719/1719 1715/1715/1715 1716/1716/1716
f 1718/1718/1718 1715/1715/1715 1719/1719/1719
f 1719/1719/1719 1716/1716/1716 1720/1720/1720
f 1706/1706/1706 1717/1717/1717 1721/1721/1721
f 1710/1710/1710 1706/1706/1706 1721/1721/1721
f 1717/1717/1717 1718/1718/1718 1722/1722/1722
f 1722/1722/1722 1721/1721/1721 1717/1717/1717
f 1723/1723/1723 1718/1718/1718 1719/1719/1719
f 1723/1723/1723 1722/1722/1722 1718/1718/1718
f 1724/1724/1724 1719/1719/1719 1720/1720/1720
f 1719/1719/1719 1724/1724/1724 1723/1723/1723
f 1725/1725/1725 1724/1724/1724 1720/1720/1720
f 1725/1725/1725 1720/1720/1720 1726/1726/1726
f 1727/1727/1727 1723/1723/1723 1724/1724/1724
f 1725/1725/1725 1726/1726/1726 1728/1728/1728
f 1728/1728/1728 1726/1726/1726 1729/1729/1729
f 1728/1728/1728 1729/1729/1729 1730/1730/1730
f 1731/1731/1731 1724/1724/1724 1725/1725/1725
f 1724/1724/1724 1731/1731/1731 1727/1727/1727
f 1730/1730/1730 1732/1732/1732 1728/1728/1728
f 1730/1730/1730 1733/1733/1733 1732/1732/1732
f 1734/1734/1734 1732/1732/1732 1733/1733/1733
f 1728/1728/1728 1735/1735/1735 1725/1725/1725
f 1735/1735/1735 1728/1728/1728 1732/1732/1732
f 1731/1731/1731 1725/1725/1725 1735/1735/1735
f 1736/1736/1736 1732/1732/1732 1734/1734/1734
f 1732/1732/1732 1736/1736/1736 1735/1735/1735
f 1734/1734/1734 1737/1737/1737 1736/1736/1736
f 1737/1737/1737 1738/1738/1738 1736/1736/1736
f 1738/1738/1738 1739/1739/1739 1736/1736/1736
f 1736/1736/1736 1739/1739/1739 1735/1735/1735
f 1738/1738/1738 1740/1740/1740 1739/1739/1739
f 1739/1739/1739 1741/1741/1741 1735/1735/1735
f 1735/1735/1735 1741/1741/1741 1731/1731/1731
f 1739/1739/1739 1740/1740/1740 1742/1742/1742
f 1739/1739/1739 1742/1742/1742 1741/1741/1741
f 1740/1740/1740 1743/1743/1743 1742/1742/1742
f 1744/1744/1744 1731/1731/1731 1741/1741/1741
f 1743/1743/1743 1745/1745/1745 1742/1742/1742
f 1743/1743/1743 1746/1746/1746 1745/1745/1745
f 1741/1741/1741 1742/1742/1742 1747/1747/1747
f 1745/1745/1745 1747/1747/1747 1742/1742/1742
f 1746/1746/1746 1748/1748/1748 1745/1745/1745
f 1746/1746/1746 1749/1749/1749 1748/1748/1748
f 1745/1745/1745 1750/1750/1750 1747/1747/1747
f 1745/1745/1745 1748/1748/1748 1750/1750/1750
f 1741/1741/1741 1747/1747/1747 1751/1751/1751
f 1751/1751/1751 1744/1744/1744 1741/1741/1741
f 1750/1750/1750 1752/1752/1752 1747/1747/1747
f 1747/1747/1747 1752/1752/1752 1751/1751/1751
f 1749/1749/1749 1753/1753/1753 1748/1748/1748
f 1749/1749/1749 1754/1754/1754 1753/1753/1753
f 1748/1748/1748 1755/1755/1755 1750/1750/1750
f 1748/1748/1748 1753/1753/1753 1755/1755/1755
f 1753/1753/1753 1754/1754/1754 1756/1756/1756
f 1754/1754/1754 1757/1757/1757 1756/1756/1756
f 1758/1758/1758 1756/1756/1756 1757/1757/1757
f 1756/1756/1756 1759/1759/1759 1753/1753/1753
f 1753/1753/1753 1759/1759/1759 1755/1755/1755
f 1758/1758/1758 1760/1760/1760 1756/1756/1756
f 1759/1759/1759 1756/1756/1756 1760/1760/1760
f 1760/1760/1760 1758/1758/1758 1761/1761/1761
f 1761/1761/1761 1762/1762/1762 1760/1760/1760
f 1763/1763/1763 1760/1760/1760 1762/1762/1762
f 1759/1759/1759 1760/1760/1760 1763/1763/1763
f 1762/1762/1762 1764/1764/1764 1763/1763/1763
f 1755/1755/1755 1759/1759/1759 1765/1765/1765
f 1763/1763/1763 1765/1765/1765 1759/1759/1759
f 1766/1766/1766 1763/1763/1763 1764/1764/1764
f 1765/1765/1765 1763/1763/1763 1766/1766/1766
f 1766/1766/1766 1764/1764/1764 1767/1767/1767
f 1755/1755/1755 1765/1765/1765 1768/1768/1768
f 1750/1750/1750 1755/1755/1755 1768/1768/1768
f 1750/1750/1750 1768/1768/1768 1752/1752/1752
f 1766/1766/1766 1769/1769/1769 1765/1765/1765
f 1768/1768/1768 1765/1765/1765 1769/1769/1769
f 1770/1770/1770 1766/1766/1766 1767/1767/1767
f 1769/1769/1769 1766/1766/1766 1770/1770/1770
f 1771/1771/1771 1770/1770/1770 1767/1767/1767
f 1768/1768/1768 1769/1769/1769 1772/1772/1772
f 1752/1752/1752 1768/1768/1768 1772/1772/1772
f 1770/1770/1770 1773/1773/1773 1769/1769/1769
f 1769/1769/1769 1773/1773/1773 1772/1772/1772
f 1771/1771/1771 1673/1673/1673 1770/1770/1770
f 1771/1771/1771 1774/1774/1774 1673/1673/1673
f 1673/1673/1673 1672/1672/1672 1770/1770/1770
f 1672/1672/1672 1773/1773/1773 1770/1770/1770
f 1773/1773/1773 1672/1672/1672 1674/1674/1674
f 1773/1773/1773 1674/1674/1674 1772/1772/1772
f 1695/1695/1695 1772/1772/1772 1674/1674/1674
f 1775/1775/1775 1673/1673/1673 1774/1774/1774
f 1772/1772/1772 1695/1695/1695 1776/1776/1776
f 1752/1752/1752 1772/1772/1772 1776/1776/1776
f 1710/1710/1710 1776/1776/1776 1695/1695/1695
f 1752/1752/1752 1776/1776/1776 1751/1751/1751
f 1721/1721/1721 1776/1776/1776 1710/1710/1710
f 1751/1751/1751 1776/1776/1776 1777/1777/1777
f 1777/1777/1777 1776/1776/1776 1721/1721/1721
f 1744/1744/1744 1751/1751/1751 1777/1777/1777
f 1721/1721/1721 1722/1722/1722 1777/1777/1777
f 1777/1777/1777 1778/1778/1778 1744/1744/1744
f 1778/1778/1778 1777/1777/1777 1722/1722/1722
f 1744/1744/1744 1778/1778/1778 1731/1731/1731
f 1722/1722/1722 1723/1723/1723 1778/1778/1778
f 1727/1727/1727 1731/1731/1731 1778/1778/1778
f 1727/1727/1727 1778/1778/1778 1723/1723/1723
f 1780/1780/1780 1779/1779/1779 1774/1774/1774
f 1781/1781/1781 1774/1774/1774 1779/1779/1779
f 1781/1781/1781 1775/1775/1775 1774/1774/1774
f 1779/1779/1779 1782/1782/1782 1781/1781/1781
f 1784/1784/1784 1775/1775/1775 1783/1783/1783
f 1781/1781/1781 1782/1782/1782 1785/1785/1785
f 1783/1783/1783 1775/1775/1775 1786/1786/1786
f 1786/1786/1786 1775/1775/1775 1781/1781/1781
f 1782/1782/1782 1787/1787/1787 1785/1785/1785
f 1787/1787/1787 1783/1783/1783 1786/1786/1786
f 1785/1785/1785 1788/1788/1788 1781/1781/1781
f 1786/1786/1786 1781/1781/1781 1788/1788/1788
f 1787/1787/1787 1788/1788/1788 1785/1785/1785
f 1787/1787/1787 1786/1786/1786 1788/1788/1788
f 1791/1791/1791 1790/1790/1790 1789/1789/1789
f 1790/1790/1790 1791/1791/1791 1792/1792/1792
f 1793/1793/1793 1789/1789/1789 1790/1790/1790
f 1789/1789/1789 1793/1793/1793 1794/1794/1794
f 1795/1795/1795 1790/1790/1790 1792/1792/1792
f 1796/1796/1796 1794/1794/1794 1793/1793/1793
f 1794/1794/1794 1796/1796/1796 1797/1797/1797
f 1798/1798/1798 1793/1793/1793 1790/1790/1790
f 1790/1790/1790 1795/1795/1795 1798/1798/1798
f 1799/1799/1799 1796/1796/1796 1793/1793/1793
f 1799/1799/1799 1793/1793/1793 1798/1798/1798
f 1800/1800/1800 1797/1797/1797 1796/1796/1796
f 1801/1801/1801 1798/1798/1798 1795/1795/1795
f 1800/1800/1800 1796/1796/1796 1802/1802/1802
f 1799/1799/1799 1802/1802/1802 1796/1796/1796
f 1800/1800/1800 1803/1803/1803 1797/1797/1797
f 1802/1802/1802 1803/1803/1803 1800/1800/1800
f 1804/1804/1804 1797/1797/1797 1803/1803/1803
f 1805/1805/1805 1799/1799/1799 1798/1798/1798
f 1805/1805/1805 1798/1798/1798 1801/1801/1801
f 1803/1803/1803 1806/1806/1806 1804/1804/1804
f 1807/1807/1807 1804/1804/1804 1806/1806/1806
f 1807/1807/1807 1806/1806/1806 1808/1808/1808
f 1809/1809/1809 1806/1806/1806 1803/1803/1803
f 1809/1809/1809 1803/1803/1803 1802/1802/1802
f 1806/1806/1806 1810/1810/1810 1808/1808/1808
f 1810/1810/1810 1806/1806/1806 1809/1809/1809
f 1802/1802/1802 1799/1799/1799 1811/1811/1811
f 1811/1811/1811 1809/1809/1809 1802/1802/1802
f 1805/1805/1805 1811/1811/1811 1799/1799/1799
f 1812/1812/1812 1810/1810/1810 1809/1809/1809
f 1812/1812/1812 1809/1809/1809 1811/1811/1811
f 1810/1810/1810 1813/1813/1813 1808/1808/1808
f 1813/1813/1813 1810/1810/1810 1812/1812/1812
f 1813/1813/1813 1814/1814/1814 1808/1808/1808
f 1814/1814/1814 1813/1813/1813 1812/1812/1812
f 1814/1814/1814 1815/1815/1815 1808/1808/1808
f 1815/1815/1815 1816/1816/1816 1808/1808/1808
f 1814/1814/1814 1812/1812/1812 1817/1817/1817
f 1815/1815/1815 1814/1814/1814 1817/1817/1817
f 1817/1817/1817 1812/1812/1812 1811/1811/1811
f 1815/1815/1815 1818/1818/1818 1816/1816/1816
f 1817/1817/1817 1818/1818/1818 1815/1815/1815
f 1819/1819/1819 1816/1816/1816 1818/1818/1818
f 1819/1819/1819 1818/1818/1818 1820/1820/1820
f 1817/1817/1817 1811/1811/1811 1821/1821/1821
f 1818/1818/1818 1817/1817/1817 1821/1821/1821
f 1811/1811/1811 1805/1805/1805 1821/1821/1821
f 1822/1822/1822 1820/1820/1820 1818/1818/1818
f 1818/1818/1818 1821/1821/1821 1822/1822/1822
f 1822/1822/1822 1823/1823/1823 1820/1820/1820
f 1824/1824/1824 1820/1820/1820 1823/1823/1823
f 1821/1821/1821 1825/1825/1825 1822/1822/1822
f 1823/1823/1823 1822/1822/1822 1825/1825/1825
f 1825/1825/1825 1821/1821/1821 1805/1805/1805
f 1823/1823/1823 1826/1826/1826 1824/1824/1824
f 1823/1823/1823 1825/1825/1825 1826/1826/1826
f 1827/1827/1827 1824/1824/1824 1826/1826/1826
f 1826/1826/1826 1828/1828/1828 1827/1827/1827
f 1825/1825/1825 1805/1805/1805 1829/1829/1829
f 1826/1826/1826 1825/1825/1825 1829/1829/1829
f 1829/1829/1829 1805/1805/1805 1801/1801/1801
f 1826/1826/1826 1830/1830/1830 1828/1828/1828
f 1826/1826/1826 1829/1829/1829 1830/1830/1830
f 1828/1828/1828 1830/1830/1830 1792/1792/1792
f 1830/1830/1830 1829/1829/1829 1831/1831/1831
f 1830/1830/1830 1831/1831/1831 1792/1792/1792
f 1829/1829/1829 1801/1801/1801 1831/1831/1831
f 1831/1831/1831 1832/1832/1832 1792/1792/1792
f 1831/1831/1831 1801/1801/1801 1832/1832/1832
f 1832/1832/1832 1795/1795/1795 1792/1792/1792
f 1801/1801/1801 1795/1795/1795 1832/1832/1832
f 1835/1835/1835 1834/1834/1834 1833/1833/1833
f 1834/1834/1834 1835/1835/1835 1836/1836/1836
f 1837/1837/1837 1833/1833/1833 1834/1834/1834
f 1833/1833/1833 1837/1837/1837 1838/1838/1838
f 1839/1839/1839 1834/1834/1834 1836/1836/1836
f 1840/1840/1840 1838/1838/1838 1837/1837/1837
f 1838/1838/1838 1840/1840/1840 1841/1841/1841
f 1834/1834/1834 1842/1842/1842 1837/1837/1837
f 1839/1839/1839 1842/1842/1842 1834/1834/1834
f 1840/1840/1840 1837/1837/1837 1843/1843/1843
f 1842/1842/1842 1843/1843/1843 1837/1837/1837
f 1844/1844/1844 1841/1841/1841 1840/1840/1840
f 1840/1840/1840 1843/1843/1843 1845/1845/1845
f 1845/1845/1845 1844/1844/1844 1840/1840/1840
f 1844/1844/1844 1846/1846/1846 1841/1841/1841
f 1846/1846/1846 1844/1844/1844 1845/1845/1845
f 1847/1847/1847 1841/1841/1841 1846/1846/1846
f 1848/1848/1848 1845/1845/1845 1843/1843/1843
f 1846/1846/1846 1849/1849/1849 1847/1847/1847
f 1850/1850/1850 1847/1847/1847 1849/1849/1849
f 1845/1845/1845 1851/1851/1851 1846/1846/1846
f 1851/1851/1851 1849/1849/1849 1846/1846/1846
f 1845/1845/1845 1848/1848/1848 1851/1851/1851
f 1850/1850/1850 1849/1849/1849 1852/1852/1852
f 1849/1849/1849 1851/1851/1851 1853/1853/1853
f 1849/1849/1849 1853/1853/1853 1852/1852/1852
f 1853/1853/1853 1851/1851/1851 1854/1854/1854
f 1848/1848/1848 1854/1854/1854 1851/1851/1851
f 1853/1853/1853 1855/1855/1855 1852/1852/1852
f 1854/1854/1854 1855/1855/1855 1853/1853/1853
f 1855/1855/1855 1856/1856/1856 1852/1852/1852
f 1855/1855/1855 1854/1854/1854 1856/1856/1856
f 1856/1856/1856 1857/1857/1857 1852/1852/1852
f 1857/1857/1857 1858/1858/1858 1852/1852/1852
f 1859/1859/1859 1856/1856/1856 1854/1854/1854
f 1857/1857/1857 1856/1856/1856 1859/1859/1859
f 1854/1854/1854 1848/1848/1848 1859/1859/1859
f 1857/1857/1857 1860/1860/1860 1858/1858/1858
f 1860/1860/1860 1857/1857/1857 1859/1859/1859
f 1861/1861/1861 1858/1858/1858 1860/1860/1860
f 1861/1861/1861 1860/1860/1860 1862/1862/1862
f 1863/1863/1863 1859/1859/1859 1848/1848/1848
f 1859/1859/1859 1863/1863/1863 1860/1860/1860
f 1864/1864/1864 1862/1862/1862 1860/1860/1860
f 1864/1864/1864 1860/1860/1860 1863/1863/1863
f 1862/1862/1862 1864/1864/1864 1865/1865/1865
f 1865/1865/1865 1866/1866/1866 1862/1862/1862
f 1864/1864/1864 1863/1863/1863 1867/1867/1867
f 1867/1867/1867 1865/1865/1865 1864/1864/1864
f 1863/1863/1863 1848/1848/1848 1868/1868/1868
f 1868/1868/1868 1867/1867/1867 1863/1863/1863
f 1843/1843/1843 1868/1868/1868 1848/1848/1848
f 1843/1843/1843 1842/1842/1842 1868/1868/1868
f 1865/1865/1865 1869/1869/1869 1866/1866/1866
f 1869/1869/1869 1865/1865/1865 1867/1867/1867
f 1870/1870/1870 1866/1866/1866 1869/1869/1869
f 1869/1869/1869 1871/1871/1871 1870/1870/1870
f 1872/1872/1872 1867/1867/1867 1868/1868/1868
f 1872/1872/1872 1869/1869/1869 1867/1867/1867
f 1873/1873/1873 1868/1868/1868 1842/1842/1842
f 1873/1873/1873 1872/1872/1872 1868/1868/1868
f 1839/1839/1839 1873/1873/1873 1842/1842/1842
f 1869/1869/1869 1874/1874/1874 1871/1871/1871
f 1872/1872/1872 1874/1874/1874 1869/1869/1869
f 1871/1871/1871 1874/1874/1874 1836/1836/1836
f 1872/1872/1872 1875/1875/1875 1874/1874/1874
f 1874/1874/1874 1875/1875/1875 1836/1836/1836
f 1875/1875/1875 1872/1872/1872 1873/1873/1873
f 1876/1876/1876 1839/1839/1839 1836/1836/1836
f 1876/1876/1876 1873/1873/1873 1839/1839/1839
f 1875/1875/1875 1876/1876/1876 1836/1836/1836
f 1876/1876/1876 1875/1875/1875 1873/1873/1873
f 1879/1879/1879 1878/1878/1878 1877/1877/1877
f 1879/1879/1879 1877/1877/1877 1880/1880/1880
f 1881/1881/1881 1877/1877/1877 1878/1878/1878
f 1878/1878/1878 1882/1882/1882 1881/1881/1881
f 1877/1877/1877 1883/1883/1883 1880/1880/1880
f 1884/1884/1884 1881/1881/1881 1882/1882/1882
f 1877/1877/1877 1885/1885/1885 1883/1883/1883
f 1885/1885/1885 1877/1877/1877 1881/1881/1881
f 1882/1882/1882 1886/1886/1886 1884/1884/1884
f 1887/1887/1887 1886/1886/1886 1882/1882/1882
f 1881/1881/1881 1884/1884/1884 1888/1888/1888
f 1888/1888/1888 1885/1885/1885 1881/1881/1881
f 1886/1886/1886 1889/1889/1889 1884/1884/1884
f 1884/1884/1884 1889/1889/1889 1888/1888/1888
f 1886/1886/1886 1887/1887/1887 1890/1890/1890
f 1890/1890/1890 1889/1889/1889 1886/1886/1886
f 1891/1891/1891 1890/1890/1890 1887/1887/1887
f 1889/1889/1889 1892/1892/1892 1888/1888/1888
f 1890/1890/1890 1891/1891/1891 1893/1893/1893
f 1894/1894/1894 1893/1893/1893 1891/1891/1891
f 1890/1890/1890 1895/1895/1895 1889/1889/1889
f 1895/1895/1895 1890/1890/1890 1893/1893/1893
f 1895/1895/1895 1892/1892/1892 1889/1889/1889
f 1893/1893/1893 1894/1894/1894 1896/1896/1896
f 1893/1893/1893 1897/1897/1897 1895/1895/1895
f 1897/1897/1897 1893/1893/1893 1896/1896/1896
f 1897/1897/1897 1898/1898/1898 1895/1895/1895
f 1895/1895/1895 1898/1898/1898 1892/1892/1892
f 1899/1899/1899 1897/1897/1897 1896/1896/1896
f 1897/1897/1897 1899/1899/1899 1898/1898/1898
f 1900/1900/1900 1899/1899/1899 1896/1896/1896
f 1899/1899/1899 1900/1900/1900 1898/1898/1898
f 1901/1901/1901 1900/1900/1900 1896/1896/1896
f 1902/1902/1902 1901/1901/1901 1896/1896/1896
f 1900/1900/1900 1903/1903/1903 1898/1898/1898
f 1903/1903/1903 1900/1900/1900 1901/1901/1901
f 1898/1898/1898 1903/1903/1903 1892/1892/1892
f 1904/1904/1904 1901/1901/1901 1902/1902/1902
f 1903/1903/1903 1901/1901/1901 1904/1904/1904
f 1904/1904/1904 1902/1902/1902 1905/1905/1905
f 1905/1905/1905 1906/1906/1906 1904/1904/1904
f 1903/1903/1903 1907/1907/1907 1892/1892/1892
f 1903/1903/1903 1904/1904/1904 1907/1907/1907
f 1908/1908/1908 1904/1904/1904 1906/1906/1906
f 1904/1904/1904 1908/1908/1908 1907/1907/1907
f 1908/1908/1908 1906/1906/1906 1909/1909/1909
f 1909/1909/1909 1906/1906/1906 1910/1910/1910
f 1907/1907/1907 1908/1908/1908 1911/1911/1911
f 1911/1911/1911 1908/1908/1908 1909/1909/1909
f 1892/1892/1892 1907/1907/1907 1912/1912/1912
f 1912/1912/1912 1907/1907/1907 1911/1911/1911
f 1888/1888/1888 1892/1892/1892 1912/1912/1912
f 1888/1888/1888 1912/1912/1912 1885/1885/1885
f 1909/1909/1909 1910/1910/1910 1913/1913/1913
f 1911/1911/1911 1909/1909/1909 1913/1913/1913
f 1914/1914/1914 1913/1913/1913 1910/1910/1910
f 1913/1913/1913 1914/1914/1914 1915/1915/1915
f 1912/1912/1912 1911/1911/1911 1916/1916/1916
f 1911/1911/1911 1913/1913/1913 1916/1916/1916
f 1915/1915/1915 1917/1917/1917 1913/1913/1913
f 1916/1916/1916 1913/1913/1913 1917/1917/1917
f 1917/1917/1917 1915/1915/1915 1880/1880/1880
f 1912/1912/1912 1916/1916/1916 1918/1918/1918
f 1912/1912/1912 1918/1918/1918 1885/1885/1885
f 1883/1883/1883 1885/1885/1885 1918/1918/1918
f 1917/1917/1917 1919/1919/1919 1916/1916/1916
f 1918/1918/1918 1916/1916/1916 1919/1919/1919
f 1919/1919/1919 1917/1917/1917 1880/1880/1880
f 1918/1918/1918 1920/1920/1920 1883/1883/1883
f 1883/1883/1883 1920/1920/1920 1880/1880/1880
f 1918/1918/1918 1919/1919/1919 1920/1920/1920
f 1920/1920/1920 1919/1919/1919 1880/1880/1880
f 1923/1923/1923 1922/1922/1922 1921/1921/1921
f 1922/1922/1922 1923/1923/1923 1924/1924/1924
f 1925/1925/1925 1921/1921/1921 1922/1922/1922
f 1921/1921/1921 1925/1925/1925 1926/1926/1926
f 1927/1927/1927 1922/1922/1922 1924/1924/1924
f 1928/1928/1928 1926/1926/1926 1925/1925/1925
f 1926/1926/1926 1928/1928/1928 1929/1929/1929
f 1930/1930/1930 1925/1925/1925 1922/1922/1922
f 1922/1922/1922 1927/1927/1927 1930/1930/1930
f 1931/1931/1931 1928/1928/1928 1925/1925/1925
f 1931/1931/1931 1925/1925/1925 1930/1930/1930
f 1932/1932/1932 1929/1929/1929 1928/1928/1928
f 1933/1933/1933 1930/1930/1930 1927/1927/1927
f 1932/1932/1932 1928/1928/1928 1934/1934/1934
f 1931/1931/1931 1934/1934/1934 1928/1928/1928
f 1932/1932/1932 1935/1935/1935 1929/1929/1929
f 1934/1934/1934 1935/1935/1935 1932/1932/1932
f 1936/1936/1936 1929/1929/1929 1935/1935/1935
f 1937/1937/1937 1931/1931/1931 1930/1930/1930
f 1937/1937/1937 1930/1930/1930 1933/1933/1933
f 1935/1935/1935 1938/1938/1938 1936/1936/1936
f 1939/1939/1939 1936/1936/1936 1938/1938/1938
f 1939/1939/1939 1938/1938/1938 1940/1940/1940
f 1941/1941/1941 1938/1938/1938 1935/1935/1935
f 1941/1941/1941 1935/1935/1935 1934/1934/1934
f 1938/1938/1938 1942/1942/1942 1940/1940/1940
f 1942/1942/1942 1938/1938/1938 1941/1941/1941
f 1934/1934/1934 1931/1931/1931 1943/1943/1943
f 1943/1943/1943 1941/1941/1941 1934/1934/1934
f 1937/1937/1937 1943/1943/1943 1931/1931/1931
f 1944/1944/1944 1942/1942/1942 1941/1941/1941
f 1944/1944/1944 1941/1941/1941 1943/1943/1943
f 1942/1942/1942 1945/1945/1945 1940/1940/1940
f 1945/1945/1945 1942/1942/1942 1944/1944/1944
f 1945/1945/1945 1946/1946/1946 1940/1940/1940
f 1946/1946/1946 1945/1945/1945 1944/1944/1944
f 1946/1946/1946 1947/1947/1947 1940/1940/1940
f 1947/1947/1947 1948/1948/1948 1940/1940/1940
f 1946/1946/1946 1944/1944/1944 1949/1949/1949
f 1947/1947/1947 1946/1946/1946 1949/1949/1949
f 1949/1949/1949 1944/1944/1944 1943/1943/1943
f 1947/1947/1947 1950/1950/1950 1948/1948/1948
f 1949/1949/1949 1950/1950/1950 1947/1947/1947
f 1951/1951/1951 1948/1948/1948 1950/1950/1950
f 1951/1951/1951 1950/1950/1950 1952/1952/1952
f 1949/1949/1949 1943/1943/1943 1953/1953/1953
f 1950/1950/1950 1949/1949/1949 1953/1953/1953
f 1943/1943/1943 1937/1937/1937 1953/1953/1953
f 1954/1954/1954 1952/1952/1952 1950/1950/1950
f 1950/1950/1950 1953/1953/1953 1954/1954/1954
f 1954/1954/1954 1955/1955/1955 1952/1952/1952
f 1956/1956/1956 1952/1952/1952 1955/1955/1955
f 1953/1953/1953 1957/1957/1957 1954/1954/1954
f 1955/1955/1955 1954/1954/1954 1957/1957/1957
f 1957/1957/1957 1953/1953/1953 1937/1937/1937
f 1955/1955/1955 1958/1958/1958 1956/1956/1956
f 1955/1955/1955 1957/1957/1957 1958/1958/1958
f 1959/1959/1959 1956/1956/1956 1958/1958/1958
f 1958/1958/1958 1960/1960/1960 1959/1959/1959
f 1957/1957/1957 1937/1937/1937 1961/1961/1961
f 1958/1958/1958 1957/1957/1957 1961/1961/1961
f 1961/1961/1961 1937/1937/1937 1933/1933/1933
f 1958/1958/1958 1962/1962/1962 1960/1960/1960
f 1958/1958/1958 1961/1961/1961 1962/1962/1962
f 1960/1960/1960 1962/1962/1962 1924/1924/1924
f 1962/1962/1962 1961/1961/1961 1963/1963/1963
f 1962/1962/1962 1963/1963/1963 1924/1924/1924
f 1961/1961/1961 1933/1933/1933 1963/1963/1963
f 1963/1963/1963 1964/1964/1964 1924/1924/1924
f 1963/1963/1963 1933/1933/1933 1964/1964/1964
f 1964/1964/1964 1927/1927/1927 1924/1924/1924
f 1933/1933/1933 1927/1927/1927 1964/1964/1964
f 1967/1967/1967 1966/1966/1966 1965/1965/1965
f 1966/1966/1966 1967/1967/1967 1968/1968/1968
f 1969/1969/1969 1965/1965/1965 1966/1966/1966
f 1965/1965/1965 1969/1969/1969 1970/1970/1970
f 1971/1971/1971 1966/1966/1966 1968/1968/1968
f 1972/1972/1972 1970/1970/1970 1969/1969/1969
f 1973/1973/1973 1969/1969/1969 1966/1966/1966
f 1966/1966/1966 1971/1971/1971 1973/1973/1973
f 1972/1972/1972 1974/1974/1974 1970/1970/1970
f 1975/1975/1975 1970/1970/1970 1974/1974/1974
f 1976/1976/1976 1972/1972/1972 1969/1969/1969
f 1976/1976/1976 1969/1969/1969 1973/1973/1973
f 1974/1974/1974 1972/1972/1972 1977/1977/1977
f 1976/1976/1976 1977/1977/1977 1972/1972/1972
f 1974/1974/1974 1978/1978/1978 1975/1975/1975
f 1977/1977/1977 1978/1978/1978 1974/1974/1974
f 1979/1979/1979 1975/1975/1975 1978/1978/1978
f 1978/1978/1978 1980/1980/1980 1979/1979/1979
f 1981/1981/1981 1979/1979/1979 1980/1980/1980
f 1981/1981/1981 1980/1980/1980 1982/1982/1982
f 1983/1983/1983 1978/1978/1978 1977/1977/1977
f 1983/1983/1983 1980/1980/1980 1978/1978/1978
f 1977/1977/1977 1976/1976/1976 1984/1984/1984
f 1984/1984/1984 1983/1983/1983 1977/1977/1977
f 1985/1985/1985 1980/1980/1980 1983/1983/1983
f 1980/1980/1980 1985/1985/1985 1982/1982/1982
f 1986/1986/1986 1985/1985/1985 1983/1983/1983
f 1986/1986/1986 1983/1983/1983 1984/1984/1984
f 1985/1985/1985 1987/1987/1987 1982/1982/1982
f 1987/1987/1987 1985/1985/1985 1986/1986/1986
f 1987/1987/1987 1988/1988/1988 1982/1982/1982
f 1988/1988/1988 1987/1987/1987 1986/1986/1986
f 1988/1988/1988 1989/1989/1989 1982/1982/1982
f 1989/1989/1989 1990/1990/1990 1982/1982/1982
f 1988/1988/1988 1986/1986/1986 1991/1991/1991
f 1989/1989/1989 1988/1988/1988 1991/1991/1991
f 1991/1991/1991 1986/1986/1986 1984/1984/1984
f 1990/1990/1990 1989/1989/1989 1992/1992/1992
f 1991/1991/1991 1992/1992/1992 1989/1989/1989
f 1992/1992/1992 1993/1993/1993 1990/1990/1990
f 1993/1993/1993 1992/1992/1992 1994/1994/1994
f 1991/1991/1991 1984/1984/1984 1995/1995/1995
f 1992/1992/1992 1991/1991/1991 1995/1995/1995
f 1996/1996/1996 1994/1994/1994 1992/1992/1992
f 1992/1992/1992 1995/1995/1995 1996/1996/1996
f 1996/1996/1996 1997/1997/1997 1994/1994/1994
f 1998/1998/1998 1994/1994/1994 1997/1997/1997
f 1995/1995/1995 1999/1999/1999 1996/1996/1996
f 1997/1997/1997 1996/1996/1996 1999/1999/1999
f 1984/1984/1984 2000/2000/2000 1995/1995/1995
f 1999/1999/1999 1995/1995/1995 2000/2000/2000
f 2000/2000/2000 1984/1984/1984 1976/1976/1976
f 2000/2000/2000 1976/1976/1976 1973/1973/1973
f 1997/1997/1997 2001/2001/2001 1998/1998/1998
f 1997/1997/1997 1999/1999/1999 2001/2001/2001
f 2002/2002/2002 1998/1998/1998 2001/2001/2001
f 2002/2002/2002 2001/2001/2001 2003/2003/2003
f 1999/1999/1999 2000/2000/2000 2004/2004/2004
f 2001/2001/2001 1999/1999/1999 2004/2004/2004
f 2005/2005/2005 2003/2003/2003 2001/2001/2001
f 2001/2001/2001 2004/2004/2004 2005/2005/2005
f 2003/2003/2003 2005/2005/2005 1968/1968/1968
f 2004/2004/2004 2000/2000/2000 2006/2006/2006
f 2000/2000/2000 1973/1973/1973 2006/2006/2006
f 2006/2006/2006 1973/1973/1973 1971/1971/1971
f 2005/2005/2005 2004/2004/2004 2007/2007/2007
f 2004/2004/2004 2006/2006/2006 2007/2007/2007
f 2005/2005/2005 2007/2007/2007 1968/1968/1968
f 2006/2006/2006 1971/1971/1971 2008/2008/2008
f 2008/2008/2008 1971/1971/1971 1968/1968/1968
f 2007/2007/2007 2006/2006/2006 2008/2008/2008
f 2007/2007/2007 2008/2008/2008 1968/1968/1968
f 2011/2011/2011 2010/2010/2010 2009/2009/2009
f 2010/2010/2010 2011/2011/2011 2012/2012/2012
f 2013/2013/2013 2009/2009/2009 2010/2010/2010
f 2009/2009/2009 2013/2013/2013 2014/2014/2014
f 2015/2015/2015 2010/2010/2010 2012/2012/2012
f 2016/2016/2016 2014/2014/2014 2013/2013/2013
f 2014/2014/2014 2016/2016/2016 2017/2017/2017
f 2010/2010/2010 2018/2018/2018 2013/2013/2013
f 2015/2015/2015 2018/2018/2018 2010/2010/2010
f 2016/2016/2016 2013/2013/2013 2019/2019/2019
f 2018/2018/2018 2019/2019/2019 2013/2013/2013
f 2020/2020/2020 2017/2017/2017 2016/2016/2016
f 2016/2016/2016 2019/2019/2019 2021/2021/2021
f 2021/2021/2021 2020/2020/2020 2016/2016/2016
f 2020/2020/2020 2022/2022/2022 2017/2017/2017
f 2022/2022/2022 2020/2020/2020 2021/2021/2021
f 2023/2023/2023 2017/2017/2017 2022/2022/2022
f 2024/2024/2024 2021/2021/2021 2019/2019/2019
f 2022/2022/2022 2025/2025/2025 2023/2023/2023
f 2026/2026/2026 2023/2023/2023 2025/2025/2025
f 2021/2021/2021 2027/2027/2027 2022/2022/2022
f 2027/2027/2027 2025/2025/2025 2022/2022/2022
f 2021/2021/2021 2024/2024/2024 2027/2027/2027
f 2026/2026/2026 2025/2025/2025 2028/2028/2028
f 2025/2025/2025 2027/2027/2027 2029/2029/2029
f 2025/2025/2025 2029/2029/2029 2028/2028/2028
f 2029/2029/2029 2027/2027/2027 2030/2030/2030
f 2024/2024/2024 2030/2030/2030 2027/2027/2027
f 2029/2029/2029 2031/2031/2031 2028/2028/2028
f 2030/2030/2030 2031/2031/2031 2029/2029/2029
f 2031/2031/2031 2032/2032/2032 2028/2028/2028
f 2031/2031/2031 2030/2030/2030 2032/2032/2032
f 2032/2032/2032 2033/2033/2033 2028/2028/2028
f 2033/2033/2033 2034/2034/2034 2028/2028/2028
f 2035/2035/2035 2032/2032/2032 2030/2030/2030
f 2033/2033/2033 2032/2032/2032 2035/2035/2035
f 2030/2030/2030 2024/2024/2024 2035/2035/2035
f 2034/2034/2034 2033/2033/2033 2036/2036/2036
f 2036/2036/2036 2033/2033/2033 2035/2035/2035
f 2036/2036/2036 2037/2037/2037 2034/2034/2034
f 2037/2037/2037 2036/2036/2036 2038/2038/2038
f 2039/2039/2039 2035/2035/2035 2024/2024/2024
f 2035/2035/2035 2039/2039/2039 2036/2036/2036
f 2040/2040/2040 2038/2038/2038 2036/2036/2036
f 2040/2040/2040 2036/2036/2036 2039/2039/2039
f 2038/2038/2038 2040/2040/2040 2041/2041/2041
f 2041/2041/2041 2042/2042/2042 2038/2038/2038
f 2040/2040/2040 2039/2039/2039 2043/2043/2043
f 2043/2043/2043 2041/2041/2041 2040/2040/2040
f 2039/2039/2039 2024/2024/2024 2044/2044/2044
f 2044/2044/2044 2043/2043/2043 2039/2039/2039
f 2019/2019/2019 2044/2044/2044 2024/2024/2024
f 2019/2019/2019 2018/2018/2018 2044/2044/2044
f 2041/2041/2041 2045/2045/2045 2042/2042/2042
f 2045/2045/2045 2041/2041/2041 2043/2043/2043
f 2046/2046/2046 2042/2042/2042 2045/2045/2045
f 2046/2046/2046 2045/2045/2045 2047/2047/2047
f 2048/2048/2048 2043/2043/2043 2044/2044/2044
f 2048/2048/2048 2045/2045/2045 2043/2043/2043
f 2049/2049/2049 2047/2047/2047 2045/2045/2045
f 2048/2048/2048 2049/2049/2049 2045/2045/2045
f 2047/2047/2047 2049/2049/2049 2012/2012/2012
f 2050/2050/2050 2048/2048/2048 2044/2044/2044
f 2050/2050/2050 2044/2044/2044 2018/2018/2018
f 2015/2015/2015 2050/2050/2050 2018/2018/2018
f 2048/2048/2048 2051/2051/2051 2049/2049/2049
f 2051/2051/2051 2048/2048/2048 2050/2050/2050
f 2049/2049/2049 2051/2051/2051 2012/2012/2012
f 2052/2052/2052 2050/2050/2050 2015/2015/2015
f 2052/2052/2052 2015/2015/2015 2012/2012/2012
f 2052/2052/2052 2051/2051/2051 2050/2050/2050
f 2051/2051/2051 2052/2052/2052 2012/2012/2012
f 2055/2055/2055 2054/2054/2054 2053/2053/2053
f 2055/2055/2055 2053/2053/2053 2056/2056/2056
f 2057/2057/2057 2053/2053/2053 2054/2054/2054
f 2054/2054/2054 2058/2058/2058 2057/2057/2057
f 2053/2053/2053 2059/2059/2059 2056/2056/2056
f 2060/2060/2060 2057/2057/2057 2058/2058/2058
f 2058/2058/2058 2061/2061/2061 2060/2060/2060
f 2062/2062/2062 2053/2053/2053 2057/2057/2057
f 2053/2053/2053 2062/2062/2062 2059/2059/2059
f 2057/2057/2057 2060/2060/2060 2063/2063/2063
f 2063/2063/2063 2062/2062/2062 2057/2057/2057
f 2064/2064/2064 2060/2060/2060 2061/2061/2061
f 2059/2059/2059 2062/2062/2062 2065/2065/2065
f 2064/2064/2064 2061/2061/2061 2066/2066/2066
f 2067/2067/2067 2066/2066/2066 2061/2061/2061
f 2064/2064/2064 2068/2068/2068 2060/2060/2060
f 2066/2066/2066 2068/2068/2068 2064/2064/2064
f 2060/2060/2060 2068/2068/2068 2063/2063/2063
f 2066/2066/2066 2067/2067/2067 2069/2069/2069
f 2070/2070/2070 2069/2069/2069 2067/2067/2067
f 2069/2069/2069 2070/2070/2070 2071/2071/2071
f 2066/2066/2066 2072/2072/2072 2068/2068/2068
f 2072/2072/2072 2066/2066/2066 2069/2069/2069
f 2068/2068/2068 2073/2073/2073 2063/2063/2063
f 2072/2072/2072 2073/2073/2073 2068/2068/2068
f 2069/2069/2069 2074/2074/2074 2072/2072/2072
f 2074/2074/2074 2069/2069/2069 2071/2071/2071
f 2074/2074/2074 2075/2075/2075 2072/2072/2072
f 2072/2072/2072 2075/2075/2075 2073/2073/2073
f 2076/2076/2076 2074/2074/2074 2071/2071/2071
f 2074/2074/2074 2076/2076/2076 2075/2075/2075
f 2077/2077/2077 2076/2076/2076 2071/2071/2071
f 2076/2076/2076 2077/2077/2077 2075/2075/2075
f 2078/2078/2078 2077/2077/2077 2071/2071/2071
f 2079/2079/2079 2078/2078/2078 2071/2071/2071
f 2077/2077/2077 2080/2080/2080 2075/2075/2075
f 2080/2080/2080 2077/2077/2077 2078/2078/2078
f 2075/2075/2075 2080/2080/2080 2073/2073/2073
f 2078/2078/2078 2079/2079/2079 2081/2081/2081
f 2080/2080/2080 2078/2078/2078 2081/2081/2081
f 2082/2082/2082 2081/2081/2081 2079/2079/2079
f 2082/2082/2082 2083/2083/2083 2081/2081/2081
f 2080/2080/2080 2084/2084/2084 2073/2073/2073
f 2080/2080/2080 2081/2081/2081 2084/2084/2084
f 2085/2085/2085 2081/2081/2081 2083/2083/2083
f 2081/2081/2081 2085/2085/2085 2084/2084/2084
f 2085/2085/2085 2083/2083/2083 2086/2086/2086
f 2086/2086/2086 2083/2083/2083 2087/2087/2087
f 2084/2084/2084 2085/2085/2085 2088/2088/2088
f 2088/2088/2088 2085/2085/2085 2086/2086/2086
f 2073/2073/2073 2084/2084/2084 2089/2089/2089
f 2089/2089/2089 2084/2084/2084 2088/2088/2088
f 2063/2063/2063 2073/2073/2073 2089/2089/2089
f 2063/2063/2063 2089/2089/2089 2062/2062/2062
f 2089/2089/2089 2065/2065/2065 2062/2062/2062
f 2086/2086/2086 2087/2087/2087 2090/2090/2090
f 2088/2088/2088 2086/2086/2086 2090/2090/2090
f 2091/2091/2091 2090/2090/2090 2087/2087/2087
f 2092/2092/2092 2090/2090/2090 2091/2091/2091
f 2089/2089/2089 2088/2088/2088 2093/2093/2093
f 2088/2088/2088 2090/2090/2090 2093/2093/2093
f 2089/2089/2089 2093/2093/2093 2065/2065/2065
f 2094/2094/2094 2090/2090/2090 2092/2092/2092
f 2093/2093/2093 2090/2090/2090 2094/2094/2094
f 2094/2094/2094 2092/2092/2092 2056/2056/2056
f 2094/2094/2094 2095/2095/2095 2093/2093/2093
f 2095/2095/2095 2094/2094/2094 2056/2056/2056
f 2065/2065/2065 2093/2093/2093 2095/2095/2095
f 2096/2096/2096 2095/2095/2095 2056/2056/2056
f 2065/2065/2065 2095/2095/2095 2096/2096/2096
f 2059/2059/2059 2096/2096/2096 2056/2056/2056
f 2065/2065/2065 2096/2096/2096 2059/2059/2059
f 2099/2099/2099 2098/2098/2098 2097/2097/2097
f 2098/2098/2098 2099/2099/2099 2100/2100/2100
f 2101/2101/2101 2097/2097/2097 2098/2098/2098
f 2097/2097/2097 2101/2101/2101 2102/2102/2102
f 2103/2103/2103 2098/2098/2098 2100/2100/2100
f 2104/2104/2104 2102/2102/2102 2101/2101/2101
f 2102/2102/2102 2104/2104/2104 2105/2105/2105
f 2106/2106/2106 2101/2101/2101 2098/2098/2098
f 2098/2098/2098 2103/2103/2103 2106/2106/2106
f 2107/2107/2107 2104/2104/2104 2101/2101/2101
f 2107/2107/2107 2101/2101/2101 2106/2106/2106
f 2108/2108/2108 2105/2105/2105 2104/2104/2104
f 2109/2109/2109 2106/2106/2106 2103/2103/2103
f 2108/2108/2108 2104/2104/2104 2110/2110/2110
f 2107/2107/2107 2110/2110/2110 2104/2104/2104
f 2108/2108/2108 2111/2111/2111 2105/2105/2105
f 2110/2110/2110 2111/2111/2111 2108/2108/2108
f 2112/2112/2112 2105/2105/2105 2111/2111/2111
f 2113/2113/2113 2107/2107/2107 2106/2106/2106
f 2113/2113/2113 2106/2106/2106 2109/2109/2109
f 2111/2111/2111 2114/2114/2114 2112/2112/2112
f 2115/2115/2115 2112/2112/2112 2114/2114/2114
f 2115/2115/2115 2114/2114/2114 2116/2116/2116
f 2117/2117/2117 2114/2114/2114 2111/2111/2111
f 2117/2117/2117 2111/2111/2111 2110/2110/2110
f 2114/2114/2114 2118/2118/2118 2116/2116/2116
f 2118/2118/2118 2114/2114/2114 2117/2117/2117
f 2110/2110/2110 2107/2107/2107 2119/2119/2119
f 2119/2119/2119 2117/2117/2117 2110/2110/2110
f 2113/2113/2113 2119/2119/2119 2107/2107/2107
f 2120/2120/2120 2118/2118/2118 2117/2117/2117
f 2120/2120/2120 2117/2117/2117 2119/2119/2119
f 2118/2118/2118 2121/2121/2121 2116/2116/2116
f 2121/2121/2121 2118/2118/2118 2120/2120/2120
f 2121/2121/2121 2122/2122/2122 2116/2116/2116
f 2122/2122/2122 2121/2121/2121 2120/2120/2120
f 2122/2122/2122 2123/2123/2123 2116/2116/2116
f 2123/2123/2123 2124/2124/2124 2116/2116/2116
f 2122/2122/2122 2120/2120/2120 2125/2125/2125
f 2123/2123/2123 2122/2122/2122 2125/2125/2125
f 2125/2125/2125 2120/2120/2120 2119/2119/2119
f 2124/2124/2124 2123/2123/2123 2126/2126/2126
f 2125/2125/2125 2126/2126/2126 2123/2123/2123
f 2126/2126/2126 2127/2127/2127 2124/2124/2124
f 2127/2127/2127 2126/2126/2126 2128/2128/2128
f 2125/2125/2125 2119/2119/2119 2129/2129/2129
f 2126/2126/2126 2125/2125/2125 2129/2129/2129
f 2119/2119/2119 2113/2113/2113 2129/2129/2129
f 2130/2130/2130 2128/2128/2128 2126/2126/2126
f 2126/2126/2126 2129/2129/2129 2130/2130/2130
f 2130/2130/2130 2131/2131/2131 2128/2128/2128
f 2132/2132/2132 2128/2128/2128 2131/2131/2131
f 2129/2129/2129 2133/2133/2133 2130/2130/2130
f 2131/2131/2131 2130/2130/2130 2133/2133/2133
f 2133/2133/2133 2129/2129/2129 2113/2113/2113
f 2131/2131/2131 2134/2134/2134 2132/2132/2132
f 2131/2131/2131 2133/2133/2133 2134/2134/2134
f 2135/2135/2135 2132/2132/2132 2134/2134/2134
f 2135/2135/2135 2134/2134/2134 2136/2136/2136
f 2133/2133/2133 2113/2113/2113 2137/2137/2137
f 2134/2134/2134 2133/2133/2133 2137/2137/2137
f 2137/2137/2137 2113/2113/2113 2109/2109/2109
f 2138/2138/2138 2136/2136/2136 2134/2134/2134
f 2134/2134/2134 2137/2137/2137 2138/2138/2138
f 2136/2136/2136 2138/2138/2138 2100/2100/2100
f 2138/2138/2138 2137/2137/2137 2139/2139/2139
f 2138/2138/2138 2139/2139/2139 2100/2100/2100
f 2137/2137/2137 2109/2109/2109 2139/2139/2139
f 2139/2139/2139 2140/2140/2140 2100/2100/2100
f 2139/2139/2139 2109/2109/2109 2140/2140/2140
f 2140/2140/2140 2103/2103/2103 2100/2100/2100
f 2109/2109/2109 2103/2103/2103 2140/2140/2140
f 2143/2143/2143 2142/2142/2142 2141/2141/2141
f 2141/2141/2141 2144/2144/2144 2143/2143/2143
f 2147/2147/2147 2146/2146/2146 2145/2145/2145
f 2148/2148/2148 2146/2146/2146 2147/2147/2147
